Date,Open,High,Low,Close,Adj Close,Volume,Dividends,Stock Splits
2022-01-03 00:00:00-05:00,245.05999755859375,247.47000122070312,241.42999267578125,244.00999450683594,220.6224365234375,1397000,0.0,0.0
2022-01-04 00:00:00-05:00,243.17999267578125,247.0399932861328,243.17999267578125,245.14999389648438,221.6531982421875,2124400,0.0,0.0
2022-01-05 00:00:00-05:00,244.5800018310547,246.49000549316406,242.8300018310547,243.05999755859375,219.7635498046875,2181200,0.0,0.0
2022-01-06 00:00:00-05:00,242.4600067138672,244.69000244140625,240.6300048828125,241.38999938964844,218.25360107421875,1946500,0.0,0.0
2022-01-07 00:00:00-05:00,240.77999877929688,241.24000549316406,238.72999572753906,238.83999633789062,215.94798278808594,1462000,0.0,0.0
2022-01-10 00:00:00-05:00,236.33999633789062,237.9199981689453,231.92999267578125,232.88999938964844,210.5682830810547,1929300,0.0,0.0
2022-01-11 00:00:00-05:00,233.66000366210938,235.4199981689453,230.10000610351562,235.27999877929688,212.72918701171875,1293000,0.0,0.0
2022-01-12 00:00:00-05:00,235.1300048828125,236.1300048828125,233.2100067138672,234.6300048828125,212.1415252685547,1202500,0.0,0.0
2022-01-13 00:00:00-05:00,234.86000061035156,236.0500030517578,231.30999755859375,231.92999267578125,209.7003173828125,1110600,0.0,0.0
2022-01-14 00:00:00-05:00,229.94000244140625,231.33999633789062,226.92999267578125,228.75,206.82510375976562,1562900,0.0,0.0
2022-01-18 00:00:00-05:00,226.0,227.82000732421875,222.75999450683594,226.44000244140625,204.73646545410156,1939500,0.0,0.0
2022-01-19 00:00:00-05:00,227.63999938964844,229.4499969482422,224.72999572753906,224.8300018310547,203.2808074951172,1613900,0.0,0.0
2022-01-20 00:00:00-05:00,226.60000610351562,228.3800048828125,219.72999572753906,220.30999755859375,199.19407653808594,2051800,0.0,0.0
2022-01-21 00:00:00-05:00,220.57000732421875,221.72999572753906,216.8300018310547,217.1300048828125,196.31884765625,2164400,0.0,0.0
2022-01-24 00:00:00-05:00,215.8800048828125,219.3699951171875,211.02999877929688,218.24000549316406,197.32244873046875,2981600,0.0,0.0
2022-01-25 00:00:00-05:00,213.08999633789062,218.69000244140625,212.74000549316406,216.8800048828125,196.09280395507812,2487300,0.0,0.0
2022-01-26 00:00:00-05:00,205.49000549316406,208.27000427246094,196.5399932861328,197.4600067138672,178.53414916992188,5686900,0.0,0.0
2022-01-27 00:00:00-05:00,198.25,200.5800018310547,194.55999755859375,196.4199981689453,177.59381103515625,3526600,0.0,0.0
2022-01-28 00:00:00-05:00,196.94000244140625,199.2899932861328,192.69000244140625,199.27000427246094,180.17063903808594,2261800,0.0,0.0
2022-01-31 00:00:00-05:00,199.33999633789062,207.36000061035156,198.08999633789062,206.1699981689453,186.4093017578125,3113300,0.0,0.0
2022-02-01 00:00:00-05:00,206.47999572753906,207.25999450683594,202.5800018310547,205.55999755859375,185.85780334472656,2122700,0.0,0.0
2022-02-02 00:00:00-05:00,205.55999755859375,208.32000732421875,205.22000122070312,207.89999389648438,187.97349548339844,2149900,0.0,0.0
2022-02-03 00:00:00-05:00,204.3300018310547,207.64999389648438,203.86000061035156,205.1300048828125,185.46902465820312,1938000,0.0,0.0
2022-02-04 00:00:00-05:00,203.88999938964844,207.3300018310547,201.22999572753906,206.25,186.48167419433594,2016400,0.0,0.0
2022-02-07 00:00:00-05:00,206.88999938964844,207.97999572753906,205.24000549316406,205.97999572753906,186.237548828125,1581900,0.0,0.0
2022-02-08 00:00:00-05:00,204.7100067138672,208.89999389648438,204.0,208.41000366210938,188.4346160888672,1503800,0.0,0.0
2022-02-09 00:00:00-05:00,210.47000122070312,211.38999938964844,209.27000427246094,211.16000366210938,190.92103576660156,2078700,0.0,0.0
2022-02-10 00:00:00-05:00,207.25,208.30999755859375,204.17999267578125,205.5399932861328,185.83970642089844,2270600,0.0,0.0
2022-02-11 00:00:00-05:00,206.39999389648438,207.39999389648438,203.69000244140625,203.7899932861328,184.25743103027344,2678700,0.0,0.0
2022-02-14 00:00:00-05:00,204.3800048828125,204.6999969482422,199.69000244140625,201.97999572753906,182.6208953857422,1899600,0.0,0.0
2022-02-15 00:00:00-05:00,204.47999572753906,204.80999755859375,202.5500030517578,204.02000427246094,184.4654083251953,1412000,0.0,0.0
2022-02-16 00:00:00-05:00,203.41000366210938,205.22999572753906,201.33999633789062,204.24000549316406,184.664306640625,1833900,0.0,0.0
2022-02-17 00:00:00-05:00,202.91000366210938,203.72999572753906,199.99000549316406,200.4600067138672,181.24659729003906,1600700,0.0,0.0
2022-02-18 00:00:00-05:00,200.0500030517578,202.0800018310547,199.1999969482422,200.4499969482422,181.237548828125,2744400,0.0,0.0
2022-02-22 00:00:00-05:00,200.4499969482422,202.4499969482422,198.4499969482422,199.89999389648438,180.74026489257812,1690200,0.0,0.0
2022-02-23 00:00:00-05:00,200.99000549316406,202.0800018310547,195.8800048828125,196.2899932861328,177.47625732421875,1646700,0.0,0.0
2022-02-24 00:00:00-05:00,193.5,200.7100067138672,192.25999450683594,200.22000122070312,181.02957153320312,1965400,0.0,0.0
2022-02-25 00:00:00-05:00,201.02999877929688,204.5399932861328,199.82000732421875,204.36000061035156,184.77276611328125,1336400,0.0,0.0
2022-02-28 00:00:00-05:00,203.42999267578125,204.8699951171875,201.19000244140625,204.44000244140625,184.8451385498047,2234600,0.0,0.0
2022-03-01 00:00:00-05:00,203.5399932861328,204.5500030517578,201.14999389648438,202.30999755859375,182.9192657470703,1503200,0.0,0.0
2022-03-02 00:00:00-05:00,202.9499969482422,207.3300018310547,202.22000122070312,206.2899932861328,186.51779174804688,1674600,0.0,0.0
2022-03-03 00:00:00-05:00,208.86000061035156,209.61000061035156,203.97000122070312,204.6999969482422,185.08021545410156,2192200,0.0,0.0
2022-03-04 00:00:00-05:00,203.57000732421875,208.61000061035156,202.6199951171875,208.4600067138672,188.47982788085938,1492300,0.0,0.0
2022-03-07 00:00:00-05:00,207.72000122070312,211.8000030517578,206.47000122070312,208.38999938964844,188.41651916503906,2535500,0.0,0.0
2022-03-08 00:00:00-05:00,207.83999633789062,213.05999755859375,204.94000244140625,205.3800048828125,185.69503784179688,2326300,0.0,0.0
2022-03-09 00:00:00-05:00,210.3300018310547,211.13999938964844,206.07000732421875,209.6999969482422,189.60098266601562,1791600,0.0,0.0
2022-03-10 00:00:00-05:00,206.50999450683594,210.1199951171875,205.00999450683594,209.42999267578125,190.30062866210938,2399300,1.04,0.0
2022-03-11 00:00:00-05:00,210.6300048828125,212.35000610351562,206.6999969482422,207.27000427246094,188.33795166015625,1664800,0.0,0.0
2022-03-14 00:00:00-04:00,207.57000732421875,209.72000122070312,206.2100067138672,207.0,188.0925750732422,2064100,0.0,0.0
2022-03-15 00:00:00-04:00,210.0,212.8800048828125,208.6199951171875,212.30999755859375,192.91758728027344,2220200,0.0,0.0
2022-03-16 00:00:00-04:00,212.99000549316406,214.55999755859375,207.86000061035156,212.4600067138672,193.05386352539062,2086300,0.0,0.0
2022-03-17 00:00:00-04:00,211.72000122070312,214.0,211.35000610351562,213.9199981689453,194.38050842285156,1453700,0.0,0.0
2022-03-18 00:00:00-04:00,213.9199981689453,217.47000122070312,212.22999572753906,214.69000244140625,195.08018493652344,6168400,0.0,0.0
2022-03-21 00:00:00-04:00,214.25,215.27999877929688,210.36000061035156,212.52999877929688,193.11744689941406,2064500,0.0,0.0
2022-03-22 00:00:00-04:00,212.66000366210938,215.5500030517578,211.3699951171875,215.2100067138672,195.55270385742188,1893900,0.0,0.0
2022-03-23 00:00:00-04:00,215.77999877929688,215.7899932861328,212.47000122070312,212.57000732421875,193.15382385253906,1120200,0.0,0.0
2022-03-24 00:00:00-04:00,213.83999633789062,217.08999633789062,212.7100067138672,216.9499969482422,197.13375854492188,1153300,0.0,0.0
2022-03-25 00:00:00-04:00,217.7100067138672,219.07000732421875,216.52999877929688,219.0399932861328,199.03285217285156,1249800,0.0,0.0
2022-03-28 00:00:00-04:00,219.08999633789062,220.6699981689453,218.1199951171875,220.64999389648438,200.49583435058594,1202800,0.0,0.0
2022-03-29 00:00:00-04:00,222.86000061035156,225.44000244140625,222.0,224.9499969482422,204.40304565429688,1560800,0.0,0.0
2022-03-30 00:00:00-04:00,223.67999267578125,228.52000427246094,222.63999938964844,227.75999450683594,206.95639038085938,1628800,0.0,0.0
2022-03-31 00:00:00-04:00,229.17999267578125,232.07000732421875,227.52999877929688,227.5399932861328,206.7564697265625,3306800,0.0,0.0
2022-04-01 00:00:00-04:00,228.27000427246094,233.89999389648438,227.08999633789062,233.5,212.17208862304688,1934800,0.0,0.0
2022-04-04 00:00:00-04:00,233.75999450683594,236.1300048828125,233.3699951171875,235.17999267578125,213.69862365722656,1962700,0.0,0.0
2022-04-05 00:00:00-04:00,234.92999267578125,240.6300048828125,234.5500030517578,238.0,216.26104736328125,2519300,0.0,0.0
2022-04-06 00:00:00-04:00,235.69000244140625,239.0500030517578,235.3800048828125,237.7899932861328,216.0702362060547,2308600,0.0,0.0
2022-04-07 00:00:00-04:00,236.5800018310547,239.55999755859375,236.5500030517578,238.5,216.7153778076172,2141700,0.0,0.0
2022-04-08 00:00:00-04:00,238.3800048828125,239.67999267578125,236.77000427246094,237.7100067138672,215.99752807617188,1469300,0.0,0.0
2022-04-11 00:00:00-04:00,237.72999572753906,238.72000122070312,230.5800018310547,230.9600067138672,209.86410522460938,2087400,0.0,0.0
2022-04-12 00:00:00-04:00,234.25999450683594,234.92999267578125,230.60000610351562,231.05999755859375,209.9549560546875,1703600,0.0,0.0
2022-04-13 00:00:00-04:00,231.85000610351562,234.1699981689453,231.77999877929688,233.74000549316406,212.39016723632812,1566200,0.0,0.0
2022-04-14 00:00:00-04:00,233.74000549316406,234.6699981689453,228.6199951171875,229.1999969482422,208.26483154296875,2213600,0.0,0.0
2022-04-18 00:00:00-04:00,228.0,229.77999877929688,225.3000030517578,227.1999969482422,206.44749450683594,2253000,0.0,0.0
2022-04-19 00:00:00-04:00,227.1999969482422,230.4600067138672,225.38999938964844,229.60000610351562,208.62831115722656,2263300,0.0,0.0
2022-04-20 00:00:00-04:00,231.77000427246094,233.1199951171875,231.08999633789062,232.6199951171875,211.3724365234375,1545700,0.0,0.0
2022-04-21 00:00:00-04:00,233.3699951171875,235.25,229.57000732421875,230.17999267578125,209.1553192138672,1343100,0.0,0.0
2022-04-22 00:00:00-04:00,230.58999633789062,232.1999969482422,223.3000030517578,223.52000427246094,203.1036834716797,1622300,0.0,0.0
2022-04-25 00:00:00-04:00,223.1699981689453,227.41000366210938,221.7100067138672,227.05999755859375,206.32029724121094,1810300,0.0,0.0
2022-04-26 00:00:00-04:00,224.63999938964844,227.22000122070312,222.1699981689453,222.27999877929688,201.97689819335938,2175600,0.0,0.0
2022-04-27 00:00:00-04:00,225.0,232.77999877929688,223.47999572753906,228.0,207.17445373535156,2292300,0.0,0.0
2022-04-28 00:00:00-04:00,229.22000122070312,231.69000244140625,227.5800018310547,229.67999267578125,208.70101928710938,2248200,0.0,0.0
2022-04-29 00:00:00-04:00,228.67999267578125,229.16000366210938,217.47999572753906,218.17999267578125,198.25140380859375,2621400,0.0,0.0
2022-05-02 00:00:00-04:00,219.7899932861328,222.0399932861328,215.1300048828125,219.32000732421875,199.2873077392578,2283200,0.0,0.0
2022-05-03 00:00:00-04:00,219.97000122070312,222.9499969482422,219.1300048828125,221.5399932861328,201.30453491210938,1957300,0.0,0.0
2022-05-04 00:00:00-04:00,221.82000732421875,229.4199981689453,220.30999755859375,228.8800048828125,207.97409057617188,1631500,0.0,0.0
2022-05-05 00:00:00-04:00,228.2899932861328,228.2899932861328,216.14999389648438,218.55999755859375,198.5966796875,2103500,0.0,0.0
2022-05-06 00:00:00-04:00,217.1699981689453,218.1999969482422,213.91000366210938,216.94000244140625,197.12466430664062,1581600,0.0,0.0
2022-05-09 00:00:00-04:00,214.0399932861328,215.22999572753906,209.13999938964844,209.7899932861328,190.6277313232422,2602600,0.0,0.0
2022-05-10 00:00:00-04:00,212.6699981689453,214.8699951171875,209.35000610351562,212.33999633789062,192.94482421875,2527400,0.0,0.0
2022-05-11 00:00:00-04:00,210.63999938964844,214.02999877929688,207.77000427246094,208.52999877929688,189.48281860351562,2111100,0.0,0.0
2022-05-12 00:00:00-04:00,207.33999633789062,208.8699951171875,204.32000732421875,207.47999572753906,188.5287628173828,1912600,0.0,0.0
2022-05-13 00:00:00-04:00,209.27000427246094,209.97999572753906,206.8699951171875,208.7899932861328,189.71910095214844,2390800,0.0,0.0
2022-05-16 00:00:00-04:00,208.6199951171875,209.9199981689453,205.75999450683594,208.60000610351562,189.54644775390625,1941200,0.0,0.0
2022-05-17 00:00:00-04:00,211.8000030517578,215.5800018310547,210.86000061035156,214.9600067138672,195.32550048828125,1836500,0.0,0.0
2022-05-18 00:00:00-04:00,213.47999572753906,213.5800018310547,207.8000030517578,208.5,189.45556640625,1628800,0.0,0.0
2022-05-19 00:00:00-04:00,208.0800018310547,209.5500030517578,205.5399932861328,206.85000610351562,187.956298828125,1617900,0.0,0.0
2022-05-20 00:00:00-04:00,208.86000061035156,209.8699951171875,203.6300048828125,208.63999938964844,189.58282470703125,2651300,0.0,0.0
2022-05-23 00:00:00-04:00,211.2899932861328,213.08999633789062,209.72999572753906,212.9600067138672,193.50823974609375,1488200,0.0,0.0
2022-05-24 00:00:00-04:00,212.00999450683594,213.60000610351562,209.77999877929688,212.72999572753906,193.2992401123047,1863700,0.0,0.0
2022-05-25 00:00:00-04:00,212.17999267578125,214.6999969482422,211.33999633789062,213.89999389648438,194.36233520507812,1339500,0.0,0.0
2022-05-26 00:00:00-04:00,215.0,219.91000366210938,214.57000732421875,218.27999877929688,198.34228515625,1348300,0.0,0.0
2022-05-27 00:00:00-04:00,220.0,224.7100067138672,219.63999938964844,224.66000366210938,204.13954162597656,1464600,0.0,0.0
2022-05-31 00:00:00-04:00,224.16000366210938,225.22999572753906,221.32000732421875,222.94000244140625,202.57662963867188,3007200,0.0,0.0
2022-06-01 00:00:00-04:00,224.02999877929688,224.6999969482422,218.92999267578125,219.32000732421875,199.2873077392578,1398700,0.0,0.0
2022-06-02 00:00:00-04:00,219.6300048828125,223.8699951171875,217.57000732421875,223.7100067138672,203.27630615234375,1412200,0.0,0.0
2022-06-03 00:00:00-04:00,222.6699981689453,222.88999938964844,219.5,220.67999267578125,200.52304077148438,1445000,0.0,0.0
2022-06-06 00:00:00-04:00,222.49000549316406,224.22000122070312,219.10000610351562,219.50999450683594,199.45993041992188,1408700,0.0,0.0
2022-06-07 00:00:00-04:00,217.82000732421875,222.74000549316406,217.82000732421875,222.27999877929688,201.97689819335938,1081000,0.0,0.0
2022-06-08 00:00:00-04:00,220.8800048828125,221.80999755859375,218.5800018310547,219.99000549316406,199.89610290527344,1030700,0.0,0.0
2022-06-09 00:00:00-04:00,218.47999572753906,221.00999450683594,215.55999755859375,215.6999969482422,196.92893981933594,1080400,1.04,0.0
2022-06-10 00:00:00-04:00,212.9499969482422,214.22000122070312,210.4600067138672,211.6199951171875,193.20396423339844,1839000,0.0,0.0
2022-06-13 00:00:00-04:00,206.8800048828125,208.94000244140625,204.10000610351562,204.75999450683594,186.94094848632812,1796100,0.0,0.0
2022-06-14 00:00:00-04:00,205.52000427246094,205.52000427246094,201.99000549316406,204.1300048828125,186.3657989501953,1780400,0.0,0.0
2022-06-15 00:00:00-04:00,205.97999572753906,210.13999938964844,203.66000366210938,207.14999389648438,189.1229705810547,1784500,0.0,0.0
2022-06-16 00:00:00-04:00,203.5800018310547,205.17999267578125,198.5500030517578,199.94000244140625,182.54043579101562,1796000,0.0,0.0
2022-06-17 00:00:00-04:00,199.44000244140625,201.47999572753906,196.61000061035156,200.27999877929688,182.85081481933594,3328300,0.0,0.0
2022-06-21 00:00:00-04:00,203.42999267578125,207.42999267578125,202.91000366210938,206.83999633789062,188.8399658203125,1769300,0.0,0.0
2022-06-22 00:00:00-04:00,204.50999450683594,209.77999877929688,203.97999572753906,207.39999389648438,189.3511962890625,1505600,0.0,0.0
2022-06-23 00:00:00-04:00,209.50999450683594,211.1699981689453,208.19000244140625,210.5800018310547,192.25445556640625,1357600,0.0,0.0
2022-06-24 00:00:00-04:00,212.08999633789062,218.85000610351562,211.97000122070312,218.7899932861328,199.75001525878906,1912000,0.0,0.0
2022-06-27 00:00:00-04:00,218.27000427246094,220.5,215.97999572753906,218.30999755859375,199.31178283691406,1619000,0.0,0.0
2022-06-28 00:00:00-04:00,218.72000122070312,220.39999389648438,213.91000366210938,214.05999755859375,195.43162536621094,1412800,0.0,0.0
2022-06-29 00:00:00-04:00,214.1199951171875,215.72999572753906,210.1699981689453,212.19000244140625,193.72438049316406,1534700,0.0,0.0
2022-06-30 00:00:00-04:00,210.3300018310547,213.0500030517578,209.17999267578125,210.0399932861328,191.76144409179688,2227000,0.0,0.0
2022-07-01 00:00:00-04:00,209.94000244140625,213.52000427246094,209.10000610351562,213.22999572753906,194.67385864257812,1552900,0.0,0.0
2022-07-05 00:00:00-04:00,210.63999938964844,212.50999450683594,205.61000061035156,212.47999572753906,193.9891357421875,1455600,0.0,0.0
2022-07-06 00:00:00-04:00,213.97000122070312,218.85000610351562,213.3800048828125,217.25999450683594,198.3531494140625,1351300,0.0,0.0
2022-07-07 00:00:00-04:00,217.35000610351562,218.32000732421875,215.74000549316406,216.52000427246094,197.67755126953125,1710100,0.0,0.0
2022-07-08 00:00:00-04:00,215.10000610351562,217.85000610351562,214.7100067138672,217.27000427246094,198.36227416992188,1153300,0.0,0.0
2022-07-11 00:00:00-04:00,216.88999938964844,217.42999267578125,214.25,214.88999938964844,196.18939208984375,1136700,0.0,0.0
2022-07-12 00:00:00-04:00,215.75999450683594,217.25999450683594,211.3000030517578,212.2899932861328,193.81565856933594,1262500,0.0,0.0
2022-07-13 00:00:00-04:00,209.07000732421875,213.0500030517578,208.10000610351562,211.07000732421875,192.7018280029297,1079100,0.0,0.0
2022-07-14 00:00:00-04:00,208.61000061035156,211.7899932861328,206.8699951171875,211.1999969482422,192.8205108642578,954200,0.0,0.0
2022-07-15 00:00:00-04:00,213.33999633789062,215.02999877929688,212.97999572753906,214.1300048828125,195.4955596923828,1139500,0.0,0.0
2022-07-18 00:00:00-04:00,214.27999877929688,215.61000061035156,210.5,211.30999755859375,192.9209747314453,1237000,0.0,0.0
2022-07-19 00:00:00-04:00,214.25,219.38999938964844,213.22000122070312,218.9499969482422,199.89608764648438,1702600,0.0,0.0
2022-07-20 00:00:00-04:00,218.4600067138672,219.05999755859375,214.64999389648438,216.0500030517578,197.2484588623047,2229600,0.0,0.0
2022-07-21 00:00:00-04:00,215.74000549316406,218.3800048828125,214.72000122070312,218.08999633789062,199.11093139648438,2369000,0.0,0.0
2022-07-22 00:00:00-04:00,219.11000061035156,222.3699951171875,218.77000427246094,220.33999633789062,201.16510009765625,1647800,0.0,0.0
2022-07-25 00:00:00-04:00,221.0,221.22000122070312,216.85000610351562,218.3800048828125,199.37570190429688,872700,0.0,0.0
2022-07-26 00:00:00-04:00,218.14999389648438,220.0,216.36000061035156,217.91000366210938,198.9465789794922,1559500,0.0,0.0
2022-07-27 00:00:00-04:00,219.94000244140625,234.69000244140625,218.58999633789062,234.0399932861328,213.67291259765625,2880100,0.0,0.0
2022-07-28 00:00:00-04:00,235.0,240.27000427246094,233.02999877929688,239.47999572753906,218.6394805908203,1834700,0.0,0.0
2022-07-29 00:00:00-04:00,239.75999450683594,242.0399932861328,237.80999755859375,241.1199951171875,220.1367645263672,1815600,0.0,0.0
2022-08-01 00:00:00-04:00,240.11000061035156,242.50999450683594,239.55999755859375,241.32000732421875,220.31936645507812,1214400,0.0,0.0
2022-08-02 00:00:00-04:00,241.75999450683594,242.58999633789062,238.6999969482422,240.6199951171875,219.68028259277344,1127300,0.0,0.0
2022-08-03 00:00:00-04:00,241.22999572753906,245.57000732421875,240.05999755859375,244.32000732421875,223.05831909179688,1247800,0.0,0.0
2022-08-04 00:00:00-04:00,244.69000244140625,244.99000549316406,242.2899932861328,243.99000549316406,222.75701904296875,1195400,0.0,0.0
2022-08-05 00:00:00-04:00,241.0800018310547,247.44000244140625,241.0800018310547,247.1999969482422,225.68765258789062,1168800,0.0,0.0
2022-08-08 00:00:00-04:00,249.6199951171875,251.3800048828125,247.27000427246094,248.61000061035156,226.97496032714844,1094000,0.0,0.0
2022-08-09 00:00:00-04:00,248.74000549316406,251.57000732421875,247.36000061035156,249.8000030517578,228.06138610839844,1070400,0.0,0.0
2022-08-10 00:00:00-04:00,254.9499969482422,255.0,251.00999450683594,252.47000122070312,230.49903869628906,1608900,0.0,0.0
2022-08-11 00:00:00-04:00,252.64999389648438,253.3000030517578,249.97999572753906,250.22999572753906,228.45399475097656,1577400,0.0,0.0
2022-08-12 00:00:00-04:00,251.8000030517578,257.1600036621094,251.0,256.7799987792969,234.43394470214844,1258400,0.0,0.0
2022-08-15 00:00:00-04:00,255.47000122070312,259.9200134277344,255.0399932861328,259.7099914550781,237.1089630126953,1069000,0.0,0.0
2022-08-16 00:00:00-04:00,258.2300109863281,260.6499938964844,257.7200012207031,260.0400085449219,237.4102325439453,1100900,0.0,0.0
2022-08-17 00:00:00-04:00,258.4599914550781,261.5400085449219,257.92999267578125,260.69000244140625,238.003662109375,1186600,0.0,0.0
2022-08-18 00:00:00-04:00,260.3699951171875,261.5899963378906,259.54998779296875,260.94000244140625,238.23196411132812,1048900,0.0,0.0
2022-08-19 00:00:00-04:00,259.29998779296875,260.3500061035156,258.70001220703125,259.82000732421875,237.2094268798828,2210100,0.0,0.0
2022-08-22 00:00:00-04:00,259.0,259.0,255.4499969482422,256.3800048828125,234.06881713867188,1373400,0.0,0.0
2022-08-23 00:00:00-04:00,256.1499938964844,257.07000732421875,255.0,255.77000427246094,233.51187133789062,1052500,0.0,0.0
2022-08-24 00:00:00-04:00,256.19000244140625,257.3399963378906,255.25,256.1400146484375,233.8496856689453,864300,0.0,0.0
2022-08-25 00:00:00-04:00,256.67999267578125,258.3599853515625,255.75,258.2099914550781,235.7395477294922,942600,0.0,0.0
2022-08-26 00:00:00-04:00,258.5,258.7799987792969,250.1999969482422,250.47999572753906,228.68218994140625,1718800,0.0,0.0
2022-08-29 00:00:00-04:00,248.9600067138672,250.9199981689453,247.52999877929688,248.8800048828125,227.22145080566406,1177900,0.0,0.0
2022-08-30 00:00:00-04:00,248.77999877929688,248.89999389648438,244.1300048828125,245.58999633789062,224.21778869628906,1254400,0.0,0.0
2022-08-31 00:00:00-04:00,248.1699981689453,248.35000610351562,243.55999755859375,244.41000366210938,223.1404266357422,2088300,0.0,0.0
2022-09-01 00:00:00-04:00,243.08999633789062,246.10000610351562,242.1300048828125,245.9600067138672,224.55557250976562,1298200,0.0,0.0
2022-09-02 00:00:00-04:00,245.27999877929688,247.0,237.08999633789062,238.47999572753906,217.72647094726562,2449100,0.0,0.0
2022-09-06 00:00:00-04:00,238.38999938964844,240.42999267578125,236.72999572753906,238.13999938964844,217.4160919189453,2179500,0.0,0.0
2022-09-07 00:00:00-04:00,237.07000732421875,242.3000030517578,236.75999450683594,241.72000122070312,220.68455505371094,2055800,0.0,0.0
2022-09-08 00:00:00-04:00,236.69000244140625,242.07000732421875,235.77999877929688,241.94000244140625,221.8398895263672,1702700,1.04,0.0
2022-09-09 00:00:00-04:00,243.1699981689453,245.0800018310547,241.11000061035156,244.3000030517578,224.00379943847656,2076100,0.0,0.0
2022-09-12 00:00:00-04:00,245.0800018310547,245.75,243.30999755859375,243.9499969482422,223.68289184570312,1651200,0.0,0.0
2022-09-13 00:00:00-04:00,239.94000244140625,241.10000610351562,234.22000122070312,235.05999755859375,215.5314483642578,2602600,0.0,0.0
2022-09-14 00:00:00-04:00,236.0,236.7100067138672,232.63999938964844,234.47999572753906,214.99966430664062,2532200,0.0,0.0
2022-09-15 00:00:00-04:00,233.5500030517578,234.75999450683594,229.58999633789062,230.7100067138672,211.54281616210938,2096500,0.0,0.0
2022-09-16 00:00:00-04:00,229.9199981689453,234.27999877929688,228.24000549316406,233.63999938964844,214.2294464111328,2719700,0.0,0.0
2022-09-19 00:00:00-04:00,230.82000732421875,235.82000732421875,230.80999755859375,235.72000122070312,216.13661193847656,1471700,0.0,0.0
2022-09-20 00:00:00-04:00,234.47000122070312,234.69000244140625,231.6300048828125,233.5399932861328,214.1377410888672,1746600,0.0,0.0
2022-09-21 00:00:00-04:00,235.61000061035156,237.08999633789062,230.33999633789062,230.4199981689453,211.27691650390625,1430500,0.0,0.0
2022-09-22 00:00:00-04:00,229.85000610351562,232.49000549316406,228.85000610351562,230.47000122070312,211.32275390625,1628300,0.0,0.0
2022-09-23 00:00:00-04:00,230.24000549316406,230.8800048828125,227.69000244140625,230.27999877929688,211.1485595703125,1952500,0.0,0.0
2022-09-26 00:00:00-04:00,229.97000122070312,232.39999389648438,227.82000732421875,228.63999938964844,209.6448211669922,1686600,0.0,0.0
2022-09-27 00:00:00-04:00,230.41000366210938,231.9499969482422,225.52999877929688,227.6199951171875,208.70953369140625,1872700,0.0,0.0
2022-09-28 00:00:00-04:00,229.22999572753906,233.33999633789062,227.1300048828125,231.9499969482422,212.67984008789062,2337900,0.0,0.0
2022-09-29 00:00:00-04:00,230.80999755859375,230.8300018310547,225.3300018310547,227.75,208.82875061035156,2020500,0.0,0.0
2022-09-30 00:00:00-04:00,227.77000427246094,229.69000244140625,225.94000244140625,226.19000244140625,207.3983612060547,2875300,0.0,0.0
2022-10-03 00:00:00-04:00,228.35000610351562,233.47000122070312,227.69000244140625,232.25,212.9549102783203,1784200,0.0,0.0
2022-10-04 00:00:00-04:00,234.97000122070312,237.9600067138672,234.41000366210938,236.6199951171875,216.96185302734375,1941000,0.0,0.0
2022-10-05 00:00:00-04:00,235.42999267578125,241.1300048828125,234.0500030517578,239.0500030517578,219.18995666503906,1659100,0.0,0.0
2022-10-06 00:00:00-04:00,239.3800048828125,240.97000122070312,234.60000610351562,234.88999938964844,215.3756103515625,1497700,0.0,0.0
2022-10-07 00:00:00-04:00,231.9499969482422,232.72000122070312,225.91000366210938,227.1199951171875,208.25111389160156,2068400,0.0,0.0
2022-10-10 00:00:00-04:00,227.86000061035156,230.3000030517578,226.1699981689453,228.69000244140625,209.69065856933594,1081300,0.0,0.0
2022-10-11 00:00:00-04:00,228.17999267578125,228.69000244140625,225.11000061035156,226.27000427246094,207.47171020507812,1449600,0.0,0.0
2022-10-12 00:00:00-04:00,227.25999450683594,227.4199981689453,224.02000427246094,224.11000061035156,205.4911651611328,1215200,0.0,0.0
2022-10-13 00:00:00-04:00,219.5800018310547,231.30999755859375,218.8000030517578,229.89999389648438,210.80014038085938,1919300,0.0,0.0
2022-10-14 00:00:00-04:00,232.60000610351562,233.2100067138672,225.4199981689453,225.91000366210938,207.14163208007812,2166300,0.0,0.0
2022-10-17 00:00:00-04:00,230.3300018310547,233.55999755859375,229.8800048828125,233.0800018310547,213.71595764160156,2123100,0.0,0.0
2022-10-18 00:00:00-04:00,236.75,239.25999450683594,232.77000427246094,235.02000427246094,215.49478149414062,1619100,0.0,0.0
2022-10-19 00:00:00-04:00,231.24000549316406,234.19000244140625,230.22000122070312,233.24000549316406,213.8626708984375,1631000,0.0,0.0
2022-10-20 00:00:00-04:00,233.60000610351562,234.6999969482422,228.8800048828125,229.47999572753906,210.41502380371094,1314300,0.0,0.0
2022-10-21 00:00:00-04:00,228.94000244140625,233.1699981689453,227.4199981689453,232.74000549316406,213.40419006347656,2112100,0.0,0.0
2022-10-24 00:00:00-04:00,235.3000030517578,238.3800048828125,233.4499969482422,236.91000366210938,217.22776794433594,1731700,0.0,0.0
2022-10-25 00:00:00-04:00,235.32000732421875,238.39999389648438,235.32000732421875,237.75999450683594,218.0071258544922,2216200,0.0,0.0
2022-10-26 00:00:00-04:00,246.02999877929688,246.3000030517578,233.8800048828125,235.13999938964844,215.60482788085938,2942400,0.0,0.0
2022-10-27 00:00:00-04:00,235.3300018310547,238.25999450683594,233.7100067138672,234.97000122070312,215.4489288330078,1806100,0.0,0.0
2022-10-28 00:00:00-04:00,236.0500030517578,243.22000122070312,235.57000732421875,242.63999938964844,222.4817352294922,1589200,0.0,0.0
2022-10-31 00:00:00-04:00,240.58999633789062,242.38999938964844,239.4600067138672,241.6999969482422,221.61978149414062,1711400,0.0,0.0
2022-11-01 00:00:00-04:00,242.33999633789062,244.30999755859375,240.8800048828125,243.63999938964844,223.3986053466797,1522600,0.0,0.0
2022-11-02 00:00:00-04:00,243.63999938964844,247.75,237.33999633789062,237.44000244140625,217.71372985839844,1592400,0.0,0.0
2022-11-03 00:00:00-04:00,234.52999877929688,239.86000061035156,233.38999938964844,236.10000610351562,216.48504638671875,1987000,0.0,0.0
2022-11-04 00:00:00-04:00,238.82000732421875,239.5800018310547,232.0800018310547,236.86000061035156,217.18191528320312,1468600,0.0,0.0
2022-11-07 00:00:00-05:00,238.52000427246094,241.22999572753906,236.32000732421875,240.41000366210938,220.43699645996094,1250400,0.0,0.0
2022-11-08 00:00:00-05:00,240.94000244140625,248.4499969482422,240.1199951171875,245.0399932861328,224.68231201171875,1724200,0.0,0.0
2022-11-09 00:00:00-05:00,243.64999389648438,245.60000610351562,240.00999450683594,240.3800048828125,220.4094696044922,1242900,0.0,0.0
2022-11-10 00:00:00-05:00,251.17999267578125,255.6699981689453,247.5800018310547,254.8800048828125,233.70486450195312,2672800,0.0,0.0
2022-11-11 00:00:00-05:00,254.2100067138672,255.9600067138672,247.42999267578125,249.22999572753906,228.5242462158203,2126800,0.0,0.0
2022-11-14 00:00:00-05:00,248.99000549316406,252.75999450683594,248.36000061035156,250.0800018310547,229.30361938476562,1556600,0.0,0.0
2022-11-15 00:00:00-05:00,250.69000244140625,254.94000244140625,248.89999389648438,253.32000732421875,232.27442932128906,1517300,0.0,0.0
2022-11-16 00:00:00-05:00,254.64999389648438,256.7200012207031,253.0500030517578,253.6199951171875,232.54949951171875,1430800,0.0,0.0
2022-11-17 00:00:00-05:00,250.94000244140625,255.0,249.75,253.5500030517578,232.4853057861328,1116700,0.0,0.0
2022-11-18 00:00:00-05:00,256.3999938964844,257.82000732421875,253.82000732421875,256.0199890136719,234.75010681152344,1806600,0.0,0.0
2022-11-21 00:00:00-05:00,257.8999938964844,260.42999267578125,256.1499938964844,257.6000061035156,236.19882202148438,1243600,0.0,0.0
2022-11-22 00:00:00-05:00,259.8299865722656,262.5400085449219,258.05999755859375,261.9700012207031,240.20579528808594,1267400,0.0,0.0
2022-11-23 00:00:00-05:00,261.9599914550781,264.0,260.239990234375,262.5799865722656,240.76510620117188,1386300,0.0,0.0
2022-11-25 00:00:00-05:00,263.6000061035156,264.94000244140625,261.9599914550781,263.95001220703125,242.02130126953125,594700,0.0,0.0
2022-11-28 00:00:00-05:00,263.489990234375,264.3500061035156,257.6000061035156,258.3299865722656,236.8682098388672,1465700,0.0,0.0
2022-11-29 00:00:00-05:00,257.1499938964844,258.7099914550781,255.42999267578125,257.05999755859375,235.7036590576172,1131700,0.0,0.0
2022-11-30 00:00:00-05:00,257.0799865722656,264.95001220703125,254.63999938964844,264.1400146484375,242.19557189941406,4155500,0.0,0.0
2022-12-01 00:00:00-05:00,267.05999755859375,269.3999938964844,263.9100036621094,267.95001220703125,245.68899536132812,1449900,0.0,0.0
2022-12-02 00:00:00-05:00,263.1099853515625,270.8800048828125,263.1099853515625,269.8999938964844,247.47702026367188,1807000,0.0,0.0
2022-12-05 00:00:00-05:00,266.54998779296875,267.0,263.4599914550781,264.3900146484375,242.4248046875,1256000,0.0,0.0
2022-12-06 00:00:00-05:00,264.2799987792969,264.6700134277344,257.04998779296875,258.5299987792969,237.05157470703125,1371300,0.0,0.0
2022-12-07 00:00:00-05:00,259.2300109863281,259.80999755859375,257.3299865722656,259.2200012207031,237.68429565429688,1265500,0.0,0.0
2022-12-08 00:00:00-05:00,258.3699951171875,261.0199890136719,258.20001220703125,260.04998779296875,239.60069274902344,1197200,1.25,0.0
2022-12-09 00:00:00-05:00,260.1700134277344,260.3800048828125,256.95001220703125,257.20001220703125,236.97479248046875,1991400,0.0,0.0
2022-12-12 00:00:00-05:00,258.6600036621094,264.9800109863281,256.8699951171875,264.42999267578125,243.63626098632812,1277600,0.0,0.0
2022-12-13 00:00:00-05:00,273.8900146484375,274.9200134277344,261.1000061035156,262.20001220703125,241.5816650390625,2086100,0.0,0.0
2022-12-14 00:00:00-05:00,262.489990234375,265.4599914550781,258.67999267578125,260.0799865722656,239.6283721923828,1863100,0.0,0.0
2022-12-15 00:00:00-05:00,256.9599914550781,257.70001220703125,248.0800018310547,248.7899932861328,229.2261505126953,1843200,0.0,0.0
2022-12-16 00:00:00-05:00,246.25,247.9199981689453,244.44000244140625,247.0500030517578,227.62295532226562,4051700,0.0,0.0
2022-12-19 00:00:00-05:00,245.30999755859375,247.10000610351562,243.66000366210938,245.05999755859375,225.7894744873047,1810400,0.0,0.0
2022-12-20 00:00:00-05:00,244.8800048828125,245.30999755859375,241.63999938964844,243.91000366210938,224.7299041748047,1445900,0.0,0.0
2022-12-21 00:00:00-05:00,245.9199981689453,247.55999755859375,244.1300048828125,247.0399932861328,227.6137237548828,1341300,0.0,0.0
2022-12-22 00:00:00-05:00,244.47999572753906,244.7100067138672,236.74000549316406,239.16000366210938,220.35337829589844,2369700,0.0,0.0
2022-12-23 00:00:00-05:00,237.9199981689453,241.64999389648438,236.58999633789062,240.94000244140625,221.99346923828125,1049600,0.0,0.0
2022-12-27 00:00:00-05:00,241.3699951171875,242.19000244140625,239.33999633789062,241.02999877929688,222.0763702392578,926700,0.0,0.0
2022-12-28 00:00:00-05:00,241.35000610351562,242.74000549316406,237.72000122070312,237.85000610351562,219.1464385986328,1045300,0.0,0.0
2022-12-29 00:00:00-05:00,238.17999267578125,241.8300018310547,238.17999267578125,240.6199951171875,221.69859313964844,975200,0.0,0.0
2022-12-30 00:00:00-05:00,239.6999969482422,240.1999969482422,236.0500030517578,238.86000061035156,220.07701110839844,1042600,0.0,0.0
2023-01-03 00:00:00-05:00,240.7899932861328,241.50999450683594,235.27000427246094,237.66000366210938,218.97137451171875,1749800,0.0,0.0
2023-01-04 00:00:00-05:00,240.1699981689453,241.3699951171875,236.9199981689453,238.77999877929688,220.0032958984375,1368100,0.0,0.0
2023-01-05 00:00:00-05:00,237.5,238.05999755859375,232.17999267578125,233.6300048828125,215.25827026367188,1575000,0.0,0.0
2023-01-06 00:00:00-05:00,235.97999572753906,242.50999450683594,235.0500030517578,240.16000366210938,221.27476501464844,1771700,0.0,0.0
2023-01-09 00:00:00-05:00,241.1199951171875,243.52000427246094,239.27000427246094,239.50999450683594,220.67588806152344,1963500,0.0,0.0
2023-01-10 00:00:00-05:00,239.00999450683594,241.00999450683594,237.4600067138672,240.77999877929688,221.84603881835938,969400,0.0,0.0
2023-01-11 00:00:00-05:00,241.9600067138672,245.22000122070312,241.47999572753906,245.0500030517578,225.7802276611328,1364100,0.0,0.0
2023-01-12 00:00:00-05:00,244.36000061035156,245.92999267578125,242.5800018310547,244.25999450683594,225.05233764648438,1170000,0.0,0.0
2023-01-13 00:00:00-05:00,243.8000030517578,246.6699981689453,242.67999267578125,245.36000061035156,226.0658416748047,1712800,0.0,0.0
2023-01-17 00:00:00-05:00,243.7899932861328,244.35000610351562,236.13999938964844,236.77999877929688,218.16053771972656,2972800,0.0,0.0
2023-01-18 00:00:00-05:00,237.69000244140625,237.89999389648438,234.2100067138672,234.25,215.82949829101562,2095700,0.0,0.0
2023-01-19 00:00:00-05:00,232.8000030517578,234.92999267578125,232.1999969482422,233.32000732421875,214.97265625,1646100,0.0,0.0
2023-01-20 00:00:00-05:00,232.5,237.7100067138672,232.25999450683594,237.1699981689453,218.51991271972656,1715600,0.0,0.0
2023-01-23 00:00:00-05:00,236.47999572753906,241.86000061035156,235.44000244140625,240.9600067138672,222.01185607910156,1654700,0.0,0.0
2023-01-24 00:00:00-05:00,241.02000427246094,241.02000427246094,238.13999938964844,239.14999389648438,220.34420776367188,1425400,0.0,0.0
2023-01-25 00:00:00-05:00,234.25,234.25,223.66000366210938,228.00999450683594,210.08018493652344,3694900,0.0,0.0
2023-01-26 00:00:00-05:00,226.80999755859375,228.85000610351562,225.1199951171875,225.42999267578125,207.7030487060547,3021300,0.0,0.0
2023-01-27 00:00:00-05:00,224.5,225.8800048828125,220.2100067138672,220.8000030517578,203.43716430664062,4945200,0.0,0.0
2023-01-30 00:00:00-05:00,220.0500030517578,223.3000030517578,218.49000549316406,222.35000610351562,204.8653106689453,3594000,0.0,0.0
2023-01-31 00:00:00-05:00,223.72999572753906,226.52999877929688,222.99000549316406,225.80999755859375,208.05316162109375,2788700,0.0,0.0
2023-02-01 00:00:00-05:00,225.7100067138672,228.10000610351562,221.50999450683594,226.72999572753906,208.90084838867188,1981800,0.0,0.0
2023-02-02 00:00:00-05:00,226.86000061035156,229.14999389648438,224.57000732421875,228.99000549316406,210.9831085205078,2953500,0.0,0.0
2023-02-03 00:00:00-05:00,226.3300018310547,227.8699951171875,220.80999755859375,225.30999755859375,207.59251403808594,2328900,0.0,0.0
2023-02-06 00:00:00-05:00,223.6300048828125,226.02999877929688,222.8000030517578,223.47000122070312,205.89720153808594,1375800,0.0,0.0
2023-02-07 00:00:00-05:00,223.0500030517578,227.57000732421875,221.8800048828125,226.77000427246094,208.93768310546875,1995700,0.0,0.0
2023-02-08 00:00:00-05:00,224.85000610351562,226.9600067138672,222.99000549316406,223.97999572753906,206.36712646484375,1643600,0.0,0.0
2023-02-09 00:00:00-05:00,225.94000244140625,228.33999633789062,223.7899932861328,223.91000366210938,206.3026123046875,2699100,0.0,0.0
2023-02-10 00:00:00-05:00,223.02999877929688,226.74000549316406,223.02999877929688,225.82000732421875,208.0624237060547,2278200,0.0,0.0
2023-02-13 00:00:00-05:00,226.66000366210938,227.83999633789062,225.7100067138672,227.36000061035156,209.48129272460938,1720600,0.0,0.0
2023-02-14 00:00:00-05:00,226.8300018310547,227.36000061035156,223.1199951171875,224.58999633789062,206.9291534423828,1581400,0.0,0.0
2023-02-15 00:00:00-05:00,224.36000061035156,227.89999389648438,223.61000061035156,227.85000610351562,209.93276977539062,1732400,0.0,0.0
2023-02-16 00:00:00-05:00,226.0,228.82000732421875,225.02000427246094,227.47999572753906,209.5918731689453,1992900,0.0,0.0
2023-02-17 00:00:00-05:00,226.66000366210938,228.94000244140625,226.08999633789062,228.6999969482422,210.71592712402344,1659500,0.0,0.0
2023-02-21 00:00:00-05:00,226.69000244140625,228.33999633789062,223.66000366210938,224.67999267578125,207.01206970214844,1896900,0.0,0.0
2023-02-22 00:00:00-05:00,225.8000030517578,226.47999572753906,221.99000549316406,222.92999267578125,205.39967346191406,1690700,0.0,0.0
2023-02-23 00:00:00-05:00,223.91000366210938,224.0399932861328,220.36000061035156,222.77999877929688,205.261474609375,1435700,0.0,0.0
2023-02-24 00:00:00-05:00,219.69000244140625,222.02999877929688,219.69000244140625,221.5800018310547,204.15582275390625,1812800,0.0,0.0
2023-02-27 00:00:00-05:00,223.0,224.24000549316406,221.1699981689453,221.60000610351562,204.1742706298828,1254200,0.0,0.0
2023-02-28 00:00:00-05:00,220.91000366210938,222.27000427246094,219.39999389648438,219.82000732421875,202.5342254638672,2052400,0.0,0.0
2023-03-01 00:00:00-05:00,220.14999389648438,220.8800048828125,217.82000732421875,219.55999755859375,202.29469299316406,1387800,0.0,0.0
2023-03-02 00:00:00-05:00,219.82000732421875,223.25,219.35000610351562,222.5500030517578,205.04954528808594,2053100,0.0,0.0
2023-03-03 00:00:00-05:00,223.1199951171875,225.1300048828125,222.75,224.75,207.07652282714844,2013000,0.0,0.0
2023-03-06 00:00:00-05:00,224.77000427246094,226.42999267578125,224.41000366210938,225.52000427246094,207.78599548339844,2480600,0.0,0.0
2023-03-07 00:00:00-05:00,224.39999389648438,225.5800018310547,220.44000244140625,221.27999877929688,203.87937927246094,1923300,0.0,0.0
2023-03-08 00:00:00-05:00,221.83999633789062,222.66000366210938,220.24000549316406,221.97000122070312,204.51513671875,1294000,0.0,0.0
2023-03-09 00:00:00-05:00,221.74000549316406,222.3800048828125,218.80999755859375,218.97999572753906,202.90289306640625,1772600,1.25,0.0
2023-03-10 00:00:00-05:00,217.9499969482422,218.94000244140625,213.3300018310547,213.55999755859375,197.880859375,1652700,0.0,0.0
2023-03-13 00:00:00-04:00,212.82000732421875,217.50999450683594,212.27000427246094,213.5500030517578,197.87156677246094,2236200,0.0,0.0
2023-03-14 00:00:00-04:00,215.05999755859375,216.55999755859375,210.7100067138672,213.58999633789062,197.9086456298828,2478600,0.0,0.0
2023-03-15 00:00:00-04:00,212.07000732421875,213.30999755859375,210.0399932861328,213.25,197.5935821533203,2538000,0.0,0.0
2023-03-16 00:00:00-04:00,213.0399932861328,216.50999450683594,211.80999755859375,215.8000030517578,199.9563751220703,2193600,0.0,0.0
2023-03-17 00:00:00-04:00,216.3000030517578,217.02999877929688,212.5800018310547,213.22000122070312,197.5657501220703,8927500,0.0,0.0
2023-03-20 00:00:00-04:00,213.91000366210938,216.33999633789062,212.5800018310547,215.8699951171875,200.021240234375,2400300,0.0,0.0
2023-03-21 00:00:00-04:00,216.52000427246094,218.55999755859375,215.17999267578125,218.10000610351562,202.08750915527344,2230500,0.0,0.0
2023-03-22 00:00:00-04:00,218.5399932861328,219.16000366210938,213.13999938964844,213.25999450683594,197.60284423828125,1723100,0.0,0.0
2023-03-23 00:00:00-04:00,213.6999969482422,216.91000366210938,212.13999938964844,213.6199951171875,197.9364471435547,1893900,0.0,0.0
2023-03-24 00:00:00-04:00,213.9199981689453,214.49000549316406,211.41000366210938,214.1300048828125,198.40899658203125,1720500,0.0,0.0
2023-03-27 00:00:00-04:00,214.9499969482422,216.30999755859375,214.10000610351562,214.36000061035156,198.62208557128906,1627100,0.0,0.0
2023-03-28 00:00:00-04:00,214.5800018310547,215.9199981689453,212.85000610351562,214.14999389648438,198.42752075195312,1130100,0.0,0.0
2023-03-29 00:00:00-04:00,216.11000061035156,220.75,215.0,219.89999389648438,203.75535583496094,1724400,0.0,0.0
2023-03-30 00:00:00-04:00,220.57000732421875,221.8000030517578,218.74000549316406,219.49000549316406,203.37547302246094,1408600,0.0,0.0
2023-03-31 00:00:00-04:00,220.9199981689453,222.77000427246094,219.80999755859375,222.6300048828125,206.28492736816406,1782800,0.0,0.0
2023-04-03 00:00:00-04:00,218.5399932861328,219.0500030517578,215.13999938964844,216.80999755859375,200.8922119140625,2592000,0.0,0.0
2023-04-04 00:00:00-04:00,216.16000366210938,216.97000122070312,212.19000244140625,214.0399932861328,198.32559204101562,2384900,0.0,0.0
2023-04-05 00:00:00-04:00,213.41000366210938,214.55999755859375,211.32000732421875,213.1699981689453,197.5194549560547,2223900,0.0,0.0
2023-04-06 00:00:00-04:00,213.17999267578125,216.3699951171875,212.5800018310547,216.11000061035156,200.24359130859375,1966600,0.0,0.0
2023-04-10 00:00:00-04:00,214.11000061035156,214.75999450683594,213.02000427246094,214.22000122070312,198.49240112304688,1181400,0.0,0.0
2023-04-11 00:00:00-04:00,214.33999633789062,215.4600067138672,213.2899932861328,215.2100067138672,199.40968322753906,1370800,0.0,0.0
2023-04-12 00:00:00-04:00,215.8000030517578,217.1999969482422,214.88999938964844,215.61000061035156,199.7803192138672,1654700,0.0,0.0
2023-04-13 00:00:00-04:00,215.8699951171875,217.63999938964844,214.47999572753906,217.25,201.2999267578125,1293900,0.0,0.0
2023-04-14 00:00:00-04:00,216.22000122070312,218.0,213.7899932861328,215.6999969482422,199.86370849609375,1224100,0.0,0.0
2023-04-17 00:00:00-04:00,216.22999572753906,218.22999572753906,215.72999572753906,218.16000366210938,202.1431121826172,1648300,0.0,0.0
2023-04-18 00:00:00-04:00,218.67999267578125,219.47000122070312,216.6199951171875,217.32000732421875,201.3647918701172,932100,0.0,0.0
2023-04-19 00:00:00-04:00,216.92999267578125,218.1199951171875,216.6699981689453,217.0399932861328,201.10533142089844,863000,0.0,0.0
2023-04-20 00:00:00-04:00,215.74000549316406,216.57000732421875,214.36000061035156,215.6199951171875,199.7895965576172,1117800,0.0,0.0
2023-04-21 00:00:00-04:00,215.97999572753906,215.97999572753906,213.80999755859375,215.2100067138672,199.40968322753906,1093000,0.0,0.0
2023-04-24 00:00:00-04:00,215.8800048828125,216.7899932861328,214.7899932861328,215.47000122070312,199.650634765625,1332200,0.0,0.0
2023-04-25 00:00:00-04:00,214.8800048828125,214.8800048828125,211.63999938964844,211.69000244140625,196.1481475830078,2161700,0.0,0.0
2023-04-26 00:00:00-04:00,203.1300048828125,212.66000366210938,201.4600067138672,210.8300018310547,195.35128784179688,3217600,0.0,0.0
2023-04-27 00:00:00-04:00,211.99000549316406,216.9600067138672,211.39999389648438,216.16000366210938,200.2899627685547,2180900,0.0,0.0
2023-04-28 00:00:00-04:00,216.49000549316406,220.05999755859375,215.8000030517578,220.0,203.8480224609375,2427800,0.0,0.0
2023-05-01 00:00:00-04:00,219.22999572753906,222.5500030517578,218.85000610351562,221.1199951171875,204.88580322265625,1699700,0.0,0.0
2023-05-02 00:00:00-04:00,220.74000549316406,221.52999877929688,214.74000549316406,216.5399932861328,200.6420440673828,1775500,0.0,0.0
2023-05-03 00:00:00-04:00,218.0500030517578,219.61000061035156,215.9600067138672,215.97999572753906,200.12315368652344,1604900,0.0,0.0
2023-05-04 00:00:00-04:00,216.5399932861328,216.6699981689453,213.11000061035156,213.80999755859375,198.11245727539062,1241500,0.0,0.0
2023-05-05 00:00:00-04:00,215.14999389648438,217.5500030517578,213.94000244140625,215.47999572753906,199.65988159179688,1455100,0.0,0.0
2023-05-08 00:00:00-04:00,216.3699951171875,216.49000549316406,213.55999755859375,214.27000427246094,198.53871154785156,1001600,0.0,0.0
2023-05-09 00:00:00-04:00,213.92999267578125,214.25999450683594,212.14999389648438,213.66000366210938,197.97352600097656,1204400,0.0,0.0
2023-05-10 00:00:00-04:00,215.0399932861328,215.97999572753906,212.05999755859375,215.00999450683594,199.22434997558594,1007900,0.0,0.0
2023-05-11 00:00:00-04:00,213.75999450683594,214.52000427246094,209.13999938964844,209.80999755859375,194.40615844726562,1935100,0.0,0.0
2023-05-12 00:00:00-04:00,210.75999450683594,212.9499969482422,210.75,212.74000549316406,197.1210479736328,1257000,0.0,0.0
2023-05-15 00:00:00-04:00,212.24000549316406,214.57000732421875,212.0,214.38999938964844,198.64988708496094,893400,0.0,0.0
2023-05-16 00:00:00-04:00,213.50999450683594,213.8699951171875,211.88999938964844,212.33999633789062,196.75042724609375,1706800,0.0,0.0
2023-05-17 00:00:00-04:00,213.74000549316406,214.99000549316406,212.3699951171875,213.9600067138672,198.25148010253906,1257300,0.0,0.0
2023-05-18 00:00:00-04:00,213.3000030517578,215.7899932861328,213.00999450683594,215.42999267578125,199.61349487304688,1598100,0.0,0.0
2023-05-19 00:00:00-04:00,216.63999938964844,217.5399932861328,215.25999450683594,216.17999267578125,200.30845642089844,1504200,0.0,0.0
2023-05-22 00:00:00-04:00,216.86000061035156,217.39999389648438,215.2100067138672,216.52999877929688,200.63279724121094,1521600,0.0,0.0
2023-05-23 00:00:00-04:00,216.0,216.5,215.0399932861328,215.5500030517578,199.7247314453125,1942900,0.0,0.0
2023-05-24 00:00:00-04:00,215.72999572753906,215.99000549316406,213.91000366210938,214.0,198.28855895996094,1434100,0.0,0.0
2023-05-25 00:00:00-04:00,211.80999755859375,212.10000610351562,208.80999755859375,210.39999389648438,194.9528045654297,2066000,0.0,0.0
2023-05-26 00:00:00-04:00,211.41000366210938,212.9600067138672,209.9199981689453,212.47999572753906,196.880126953125,2143600,0.0,0.0
2023-05-30 00:00:00-04:00,212.66000366210938,213.0,207.72000122070312,210.1199951171875,194.69337463378906,1916600,0.0,0.0
2023-05-31 00:00:00-04:00,210.4499969482422,210.50999450683594,206.1699981689453,208.99000549316406,193.6463623046875,7408400,0.0,0.0
2023-06-01 00:00:00-04:00,210.38999938964844,212.1699981689453,208.66000366210938,211.80999755859375,196.25929260253906,1963200,0.0,0.0
2023-06-02 00:00:00-04:00,212.6999969482422,216.94000244140625,211.41000366210938,216.52000427246094,200.62351989746094,1449200,0.0,0.0
2023-06-05 00:00:00-04:00,217.0500030517578,217.27000427246094,215.61000061035156,216.24000549316406,200.36407470703125,1205400,0.0,0.0
2023-06-06 00:00:00-04:00,217.1999969482422,217.9600067138672,215.22999572753906,216.74000549316406,200.8273468017578,1252600,0.0,0.0
2023-06-07 00:00:00-04:00,216.25,216.6300048828125,214.72000122070312,216.47000122070312,200.57717895507812,1652500,0.0,0.0
2023-06-08 00:00:00-04:00,215.38999938964844,215.6999969482422,213.47999572753906,215.19000244140625,200.5492401123047,1338700,1.25,0.0
2023-06-09 00:00:00-04:00,214.3300018310547,215.67999267578125,213.47999572753906,215.22000122070312,200.57717895507812,1295900,0.0,0.0
2023-06-12 00:00:00-04:00,215.22999572753906,218.60000610351562,214.47999572753906,218.36000061035156,203.50357055664062,1348200,0.0,0.0
2023-06-13 00:00:00-04:00,218.92999267578125,220.61000061035156,218.5399932861328,220.49000549316406,205.48866271972656,1345100,0.0,0.0
2023-06-14 00:00:00-04:00,221.5,222.14999389648438,215.3000030517578,216.08999633789062,201.38800048828125,2116800,0.0,0.0
2023-06-15 00:00:00-04:00,216.30999755859375,221.55999755859375,215.60000610351562,220.97000122070312,205.93597412109375,1911100,0.0,0.0
2023-06-16 00:00:00-04:00,222.2899932861328,222.74000549316406,220.74000549316406,221.32000732421875,206.2621612548828,3337400,0.0,0.0
2023-06-20 00:00:00-04:00,221.47000122070312,222.27999877929688,219.89999389648438,220.27999877929688,205.29295349121094,1779400,0.0,0.0
2023-06-21 00:00:00-04:00,219.42999267578125,221.80999755859375,218.3300018310547,220.55999755859375,205.55386352539062,1602700,0.0,0.0
2023-06-22 00:00:00-04:00,220.14999389648438,222.27000427246094,218.8300018310547,220.39999389648438,205.40475463867188,1279700,0.0,0.0
2023-06-23 00:00:00-04:00,218.4499969482422,218.86000061035156,213.2100067138672,213.8300018310547,199.28176879882812,2189700,0.0,0.0
2023-06-26 00:00:00-04:00,212.9199981689453,216.3000030517578,212.82000732421875,215.5399932861328,200.8754119873047,1169600,0.0,0.0
2023-06-27 00:00:00-04:00,215.7100067138672,216.36000061035156,214.0500030517578,215.61000061035156,200.940673828125,1313300,0.0,0.0
2023-06-28 00:00:00-04:00,215.14999389648438,216.47999572753906,213.72999572753906,215.61000061035156,200.940673828125,1725600,0.0,0.0
2023-06-29 00:00:00-04:00,216.10000610351562,219.47999572753906,214.2899932861328,216.4600067138672,201.73284912109375,1539700,0.0,0.0
2023-06-30 00:00:00-04:00,217.52000427246094,220.5500030517578,217.47000122070312,219.7899932861328,204.8362579345703,1781800,0.0,0.0
2023-07-03 00:00:00-04:00,218.22000122070312,219.22999572753906,216.25,218.72999572753906,203.848388671875,848300,0.0,0.0
2023-07-05 00:00:00-04:00,218.11000061035156,220.1999969482422,217.22000122070312,219.6999969482422,204.75238037109375,1113000,0.0,0.0
2023-07-06 00:00:00-04:00,218.08999633789062,222.16000366210938,218.08999633789062,221.64999389648438,206.56968688964844,1889300,0.0,0.0
2023-07-07 00:00:00-04:00,219.82000732421875,221.35000610351562,218.52000427246094,218.74000549316406,203.85768127441406,1678400,0.0,0.0
2023-07-10 00:00:00-04:00,219.24000549316406,225.72999572753906,219.2100067138672,224.25999450683594,209.00213623046875,1788300,0.0,0.0
2023-07-11 00:00:00-04:00,224.83999633789062,226.63999938964844,223.6199951171875,226.3800048828125,210.9779052734375,1278200,0.0,0.0
2023-07-12 00:00:00-04:00,228.8800048828125,228.97000122070312,224.3699951171875,224.99000549316406,209.68247985839844,1368800,0.0,0.0
2023-07-13 00:00:00-04:00,225.24000549316406,227.61000061035156,224.61000061035156,227.16000366210938,211.704833984375,1192100,0.0,0.0
2023-07-14 00:00:00-04:00,227.1999969482422,229.7100067138672,226.6199951171875,229.47000122070312,213.85768127441406,1185500,0.0,0.0
2023-07-17 00:00:00-04:00,228.25999450683594,234.44000244140625,228.25999450683594,233.72000122070312,217.81849670410156,1700800,0.0,0.0
2023-07-18 00:00:00-04:00,233.38999938964844,237.08999633789062,233.0,235.89999389648438,219.8502197265625,1718400,0.0,0.0
2023-07-19 00:00:00-04:00,235.17999267578125,238.52999877929688,235.11000061035156,237.3300018310547,221.18287658691406,1818800,0.0,0.0
2023-07-20 00:00:00-04:00,236.47999572753906,238.3300018310547,235.2899932861328,237.0800018310547,220.94992065429688,1453900,0.0,0.0
2023-07-21 00:00:00-04:00,238.69000244140625,239.82000732421875,237.52999877929688,237.69000244140625,221.51840209960938,4661000,0.0,0.0
2023-07-24 00:00:00-04:00,237.3800048828125,239.61000061035156,236.97999572753906,239.5,223.2052459716797,1564600,0.0,0.0
2023-07-25 00:00:00-04:00,238.61000061035156,241.07000732421875,238.13999938964844,240.47999572753906,224.1185760498047,1936500,0.0,0.0
2023-07-26 00:00:00-04:00,244.0,256.1499938964844,244.0,253.4499969482422,236.20614624023438,3397900,0.0,0.0
2023-07-27 00:00:00-04:00,254.75,256.8399963378906,249.63999938964844,250.8800048828125,233.81100463867188,2677400,0.0,0.0
2023-07-28 00:00:00-04:00,254.07000732421875,254.99000549316406,249.55999755859375,250.61000061035156,233.55938720703125,1788600,0.0,0.0
2023-07-31 00:00:00-04:00,250.60000610351562,250.60000610351562,245.83999633789062,247.25999450683594,230.43728637695312,2052000,0.0,0.0
2023-08-01 00:00:00-04:00,247.25999450683594,248.77000427246094,245.02000427246094,248.32000732421875,231.42520141601562,1305500,0.0,0.0
2023-08-02 00:00:00-04:00,245.0500030517578,248.32000732421875,245.0500030517578,247.36000061035156,230.53048706054688,1809100,0.0,0.0
2023-08-03 00:00:00-04:00,247.9499969482422,248.80999755859375,246.11000061035156,248.0,231.12696838378906,1129000,0.0,0.0
2023-08-04 00:00:00-04:00,249.07000732421875,249.25999450683594,245.3699951171875,245.75999450683594,229.03933715820312,1237800,0.0,0.0
2023-08-07 00:00:00-04:00,246.88999938964844,251.02000427246094,246.3800048828125,250.82000732421875,233.755126953125,1266800,0.0,0.0
2023-08-08 00:00:00-04:00,249.49000549316406,250.6999969482422,247.25999450683594,248.33999633789062,231.44381713867188,1068600,0.0,0.0
2023-08-09 00:00:00-04:00,248.8000030517578,251.3000030517578,248.30999755859375,250.30999755859375,233.27980041503906,1145000,0.0,0.0
2023-08-10 00:00:00-04:00,251.6699981689453,254.1300048828125,249.77999877929688,250.55999755859375,233.51278686523438,1153700,0.0,0.0
2023-08-11 00:00:00-04:00,250.25999450683594,253.3699951171875,250.0800018310547,252.82000732421875,235.61904907226562,926400,0.0,0.0
2023-08-14 00:00:00-04:00,253.14999389648438,254.30999755859375,250.99000549316406,251.9600067138672,234.81753540039062,1113200,0.0,0.0
2023-08-15 00:00:00-04:00,250.77000427246094,252.22999572753906,250.1199951171875,250.97000122070312,233.89486694335938,1092800,0.0,0.0
2023-08-16 00:00:00-04:00,250.9199981689453,252.97999572753906,250.35000610351562,250.89999389648438,233.8296356201172,1275300,0.0,0.0
2023-08-17 00:00:00-04:00,252.42999267578125,252.83999633789062,249.44000244140625,250.27999877929688,233.2518310546875,1394500,0.0,0.0
2023-08-18 00:00:00-04:00,249.16000366210938,251.75999450683594,248.6300048828125,251.0500030517578,233.96946716308594,2044300,0.0,0.0
2023-08-21 00:00:00-04:00,250.3699951171875,252.33999633789062,249.91000366210938,251.11000061035156,234.02537536621094,1205300,0.0,0.0
2023-08-22 00:00:00-04:00,250.8800048828125,252.02999877929688,248.91000366210938,249.52999877929688,232.55284118652344,926100,0.0,0.0
2023-08-23 00:00:00-04:00,250.1300048828125,251.52000427246094,249.86000061035156,250.9199981689453,233.8482666015625,1027800,0.0,0.0
2023-08-24 00:00:00-04:00,251.8699951171875,253.6300048828125,249.67999267578125,249.8000030517578,232.80450439453125,1132600,0.0,0.0
2023-08-25 00:00:00-04:00,251.3699951171875,254.14999389648438,250.6300048828125,253.0500030517578,235.83335876464844,1039500,0.0,0.0
2023-08-28 00:00:00-04:00,254.89999389648438,255.77999877929688,253.33999633789062,254.38999938964844,237.0821990966797,813600,0.0,0.0
2023-08-29 00:00:00-04:00,253.8800048828125,255.60000610351562,252.94000244140625,254.35000610351562,237.04493713378906,1139600,0.0,0.0
2023-08-30 00:00:00-04:00,254.77999877929688,256.19000244140625,253.63999938964844,254.92999267578125,237.58546447753906,1587500,0.0,0.0
2023-08-31 00:00:00-04:00,255.85000610351562,256.42999267578125,254.0,254.61000061035156,237.28721618652344,2400100,0.0,0.0
2023-09-01 00:00:00-04:00,254.7899932861328,256.760009765625,254.0500030517578,255.75,238.34967041015625,1491300,0.0,0.0
2023-09-05 00:00:00-04:00,254.8800048828125,255.57000732421875,250.32000732421875,252.85000610351562,235.64700317382812,1616500,0.0,0.0
2023-09-06 00:00:00-04:00,252.5800018310547,252.6699981689453,249.89999389648438,251.0500030517578,233.96946716308594,1311000,0.0,0.0
2023-09-07 00:00:00-04:00,250.80999755859375,251.58999633789062,249.80999755859375,250.1199951171875,234.26914978027344,1021600,1.25,0.0
2023-09-08 00:00:00-04:00,251.27999877929688,251.38999938964844,248.86000061035156,249.3699951171875,233.56666564941406,1191000,0.0,0.0
2023-09-11 00:00:00-04:00,249.27999877929688,249.88999938964844,246.88999938964844,248.1999969482422,232.47084045410156,1297200,0.0,0.0
2023-09-12 00:00:00-04:00,247.0500030517578,248.67999267578125,246.89999389648438,248.02000427246094,232.30223083496094,1303300,0.0,0.0
2023-09-13 00:00:00-04:00,247.44000244140625,249.1300048828125,246.9499969482422,247.80999755859375,232.10557556152344,1364400,0.0,0.0
2023-09-14 00:00:00-04:00,248.42999267578125,248.74000549316406,246.35000610351562,248.2899932861328,232.5551300048828,1350200,0.0,0.0
2023-09-15 00:00:00-04:00,248.44000244140625,248.91000366210938,244.69000244140625,245.30999755859375,229.76400756835938,2898800,0.0,0.0
2023-09-18 00:00:00-04:00,246.16000366210938,248.13999938964844,245.6999969482422,247.27999877929688,231.60911560058594,1218500,0.0,0.0
2023-09-19 00:00:00-04:00,246.44000244140625,247.0500030517578,243.97000122070312,245.83999633789062,230.2604217529297,1030700,0.0,0.0
2023-09-20 00:00:00-04:00,247.2100067138672,247.2100067138672,243.8000030517578,243.8699951171875,228.4152374267578,1364700,0.0,0.0
2023-09-21 00:00:00-04:00,242.6300048828125,243.08999633789062,238.6199951171875,238.72000122070312,223.5915985107422,1260100,0.0,0.0
2023-09-22 00:00:00-04:00,237.6199951171875,240.92999267578125,237.6199951171875,239.35000610351562,224.1816864013672,1026200,0.0,0.0
2023-09-25 00:00:00-04:00,239.86000061035156,240.52999877929688,238.0399932861328,240.02000427246094,224.80923461914062,1077200,0.0,0.0
2023-09-26 00:00:00-04:00,238.7899932861328,239.30999755859375,236.1300048828125,237.24000549316406,222.2053985595703,1557700,0.0,0.0
2023-09-27 00:00:00-04:00,238.0,243.60000610351562,236.8300018310547,242.6300048828125,227.2538299560547,2256300,0.0,0.0
2023-09-28 00:00:00-04:00,242.2899932861328,244.39999389648438,241.86000061035156,243.30999755859375,227.89073181152344,1391000,0.0,0.0
2023-09-29 00:00:00-04:00,244.0,244.0,239.6300048828125,240.5800018310547,225.33370971679688,1337000,0.0,0.0
2023-10-02 00:00:00-04:00,240.5800018310547,240.9499969482422,238.0500030517578,239.3699951171875,224.2003936767578,1206400,0.0,0.0
2023-10-03 00:00:00-04:00,238.91000366210938,240.55999755859375,238.27999877929688,240.4199981689453,225.1838836669922,1216600,0.0,0.0
2023-10-04 00:00:00-04:00,241.2899932861328,244.35000610351562,239.8800048828125,243.97999572753906,228.5182647705078,1388600,0.0,0.0
2023-10-05 00:00:00-04:00,244.50999450683594,244.9199981689453,241.10000610351562,243.36000061035156,227.9375762939453,935300,0.0,0.0
2023-10-06 00:00:00-04:00,242.14999389648438,247.64999389648438,240.27999877929688,246.3800048828125,230.7661895751953,1574900,0.0,0.0
2023-10-09 00:00:00-04:00,245.77999877929688,250.4199981689453,245.3000030517578,250.17999267578125,234.32537841796875,1022800,0.0,0.0
2023-10-10 00:00:00-04:00,250.17999267578125,251.3000030517578,247.69000244140625,249.14999389648438,233.36061096191406,1648900,0.0,0.0
2023-10-11 00:00:00-04:00,249.66000366210938,249.9199981689453,247.4199981689453,249.4600067138672,233.6510009765625,1134400,0.0,0.0
2023-10-12 00:00:00-04:00,250.61000061035156,250.82000732421875,246.3000030517578,247.64999389648438,231.9556884765625,1400800,0.0,0.0
2023-10-13 00:00:00-04:00,248.5,249.5399932861328,245.33999633789062,247.5,231.81521606445312,1443800,0.0,0.0
2023-10-16 00:00:00-04:00,248.91000366210938,250.11000061035156,247.6699981689453,249.25999450683594,233.46365356445312,1037900,0.0,0.0
2023-10-17 00:00:00-04:00,250.39999389648438,250.41000366210938,248.0500030517578,249.3300018310547,233.5292510986328,1054600,0.0,0.0
2023-10-18 00:00:00-04:00,249.57000732421875,250.33999633789062,247.85000610351562,248.25999450683594,232.5270233154297,1074800,0.0,0.0
2023-10-19 00:00:00-04:00,248.0800018310547,249.5,245.63999938964844,246.0800018310547,230.48519897460938,1156800,0.0,0.0
2023-10-20 00:00:00-04:00,246.3000030517578,246.60000610351562,241.4499969482422,241.67999267578125,226.36404418945312,1562200,0.0,0.0
2023-10-23 00:00:00-04:00,241.67999267578125,243.6300048828125,240.82000732421875,241.16000366210938,225.876953125,1162400,0.0,0.0
2023-10-24 00:00:00-04:00,241.00999450683594,242.5800018310547,237.9199981689453,240.4499969482422,225.2119598388672,1562100,0.0,0.0
2023-10-25 00:00:00-04:00,229.64999389648438,230.05999755859375,217.0,218.3300018310547,204.49378967285156,4914400,0.0,0.0
2023-10-26 00:00:00-04:00,218.3000030517578,222.4600067138672,217.1199951171875,218.83999633789062,204.97145080566406,2603800,0.0,0.0
2023-10-27 00:00:00-04:00,218.3300018310547,218.5800018310547,213.89999389648438,214.83999633789062,201.22494506835938,2070000,0.0,0.0
2023-10-30 00:00:00-04:00,215.67999267578125,217.11000061035156,213.25999450683594,216.0800018310547,202.38636779785156,1704200,0.0,0.0
2023-10-31 00:00:00-04:00,216.6699981689453,218.9499969482422,215.25,218.22000122070312,204.3907470703125,2557200,0.0,0.0
2023-11-01 00:00:00-04:00,215.0,215.0,205.52999877929688,210.3699951171875,197.0382537841797,3416600,0.0,0.0
2023-11-02 00:00:00-04:00,211.6300048828125,218.75,211.52000427246094,218.55999755859375,204.70921325683594,2262700,0.0,0.0
2023-11-03 00:00:00-04:00,221.02999877929688,222.32000732421875,216.4199981689453,219.30999755859375,205.41168212890625,2455300,0.0,0.0
2023-11-06 00:00:00-05:00,219.42999267578125,220.9600067138672,218.6300048828125,220.5399932861328,206.56373596191406,1127100,0.0,0.0
2023-11-07 00:00:00-05:00,221.02000427246094,223.41000366210938,219.2100067138672,222.25,208.1653594970703,1668400,0.0,0.0
2023-11-08 00:00:00-05:00,224.05999755859375,226.47000122070312,223.27999877929688,225.47999572753906,211.190673828125,1389200,0.0,0.0
2023-11-09 00:00:00-05:00,226.42999267578125,227.11000061035156,225.3800048828125,226.52000427246094,212.16473388671875,1513200,0.0,0.0
2023-11-10 00:00:00-05:00,228.1199951171875,229.19000244140625,226.33999633789062,228.49000549316406,214.0099334716797,1429600,0.0,0.0
2023-11-13 00:00:00-05:00,227.4499969482422,227.52999877929688,226.08999633789062,226.35000610351562,212.0055389404297,1229200,0.0,0.0
2023-11-14 00:00:00-05:00,229.63999938964844,231.22000122070312,228.77999877929688,230.4199981689453,215.81759643554688,1297600,0.0,0.0
2023-11-15 00:00:00-05:00,230.44000244140625,232.47999572753906,230.1300048828125,230.4600067138672,215.85507202148438,1553600,0.0,0.0
2023-11-16 00:00:00-05:00,231.7100067138672,233.3000030517578,227.25,229.91000366210938,215.33995056152344,1588400,0.0,0.0
2023-11-17 00:00:00-05:00,230.9600067138672,230.9600067138672,228.0,229.38999938964844,214.85287475585938,1664600,0.0,0.0
2023-11-20 00:00:00-05:00,228.63999938964844,232.44000244140625,228.44000244140625,231.7100067138672,217.02587890625,1403700,0.0,0.0
2023-11-21 00:00:00-05:00,231.80999755859375,232.14999389648438,230.07000732421875,231.2100067138672,216.5575714111328,1715600,0.0,0.0
2023-11-22 00:00:00-05:00,232.6999969482422,233.75,229.8000030517578,231.14999389648438,216.50131225585938,1439200,0.0,0.0
2023-11-24 00:00:00-05:00,231.52000427246094,231.97999572753906,229.10000610351562,230.66000366210938,216.04241943359375,659800,0.0,0.0
2023-11-27 00:00:00-05:00,230.1999969482422,230.3699951171875,228.19000244140625,229.16000366210938,214.637451171875,1551600,0.0,0.0
2023-11-28 00:00:00-05:00,229.41000366210938,230.2899932861328,228.44000244140625,228.99000549316406,214.47824096679688,1162300,0.0,0.0
2023-11-29 00:00:00-05:00,229.83999633789062,231.05999755859375,228.83999633789062,229.16000366210938,214.637451171875,1291200,0.0,0.0
2023-11-30 00:00:00-05:00,229.5,230.0,227.47999572753906,229.9199981689453,215.3492889404297,4351800,0.0,0.0
2023-12-01 00:00:00-05:00,229.63999938964844,233.30999755859375,229.22999572753906,232.94000244140625,218.17791748046875,1647700,0.0,0.0
2023-12-04 00:00:00-05:00,231.39999389648438,233.2899932861328,231.1699981689453,232.5800018310547,217.84072875976562,2795100,0.0,0.0
2023-12-05 00:00:00-05:00,232.52999877929688,232.88999938964844,229.86000061035156,231.55999755859375,216.88536071777344,1665900,0.0,0.0
2023-12-06 00:00:00-05:00,232.19000244140625,232.99000549316406,230.22999572753906,232.35000610351562,217.62530517578125,1676900,0.0,0.0
2023-12-07 00:00:00-05:00,231.5,232.72000122070312,229.39999389648438,229.99000549316406,216.72067260742188,1758400,1.4,0.0
2023-12-08 00:00:00-05:00,229.19000244140625,232.58999633789062,228.27000427246094,229.27000427246094,216.04222106933594,1772400,0.0,0.0
2023-12-11 00:00:00-05:00,231.32000732421875,235.25999450683594,230.86000061035156,233.2899932861328,219.83030700683594,1981500,0.0,0.0
2023-12-12 00:00:00-05:00,235.0,236.69000244140625,233.16000366210938,236.67999267578125,223.0247039794922,1905100,0.0,0.0
2023-12-13 00:00:00-05:00,237.27000427246094,239.25999450683594,235.57000732421875,239.22000122070312,225.41815185546875,1579800,0.0,0.0
2023-12-14 00:00:00-05:00,240.19000244140625,240.22000122070312,235.2899932861328,235.97000122070312,222.35565185546875,2361000,0.0,0.0
2023-12-15 00:00:00-05:00,235.88999938964844,237.17999267578125,233.69000244140625,234.13999938964844,220.6312255859375,5260500,0.0,0.0
2023-12-18 00:00:00-05:00,236.33999633789062,236.47999572753906,233.99000549316406,234.85000610351562,221.30030822753906,1492600,0.0,0.0
2023-12-19 00:00:00-05:00,234.9600067138672,235.85000610351562,233.39999389648438,233.6999969482422,220.2166290283203,1394000,0.0,0.0
2023-12-20 00:00:00-05:00,233.50999450683594,235.4600067138672,232.00999450683594,232.22999572753906,218.8314208984375,1654400,0.0,0.0
2023-12-21 00:00:00-05:00,232.0,232.0,227.1199951171875,228.99000549316406,215.7783966064453,1744800,0.0,0.0
2023-12-22 00:00:00-05:00,228.99000549316406,231.6300048828125,228.5,230.97000122070312,217.6441192626953,1231900,0.0,0.0
2023-12-26 00:00:00-05:00,231.58999633789062,233.02000427246094,230.3800048828125,232.5399932861328,219.12355041503906,1028900,0.0,0.0
2023-12-27 00:00:00-05:00,231.88999938964844,232.75,230.9600067138672,231.61000061035156,218.24720764160156,925600,0.0,0.0
2023-12-28 00:00:00-05:00,232.1199951171875,233.3699951171875,231.3800048828125,232.49000549316406,219.07644653320312,1141000,0.0,0.0
2023-12-29 00:00:00-05:00,232.42999267578125,233.44000244140625,231.86000061035156,232.97000122070312,219.5287322998047,1020200,0.0,0.0
2024-01-02 00:00:00-05:00,233.3800048828125,233.85000610351562,231.88999938964844,233.4199981689453,219.95277404785156,1955400,0.0,0.0
2024-01-03 00:00:00-05:00,233.6300048828125,234.22000122070312,231.6699981689453,232.50999450683594,219.09530639648438,1831500,0.0,0.0
2024-01-04 00:00:00-05:00,233.99000549316406,235.35000610351562,233.41000366210938,233.66000366210938,220.178955078125,2145400,0.0,0.0
2024-01-05 00:00:00-05:00,232.63999938964844,235.42999267578125,232.4499969482422,235.2100067138672,221.63951110839844,1765400,0.0,0.0
2024-01-08 00:00:00-05:00,235.5500030517578,237.16000366210938,234.94000244140625,236.75999450683594,223.10008239746094,1678500,0.0,0.0
2024-01-09 00:00:00-05:00,235.0,236.99000549316406,234.72999572753906,235.22000122070312,221.64894104003906,1135000,0.0,0.0
2024-01-10 00:00:00-05:00,234.9600067138672,236.1199951171875,234.44000244140625,235.2899932861328,221.71490478515625,1218000,0.0,0.0
2024-01-11 00:00:00-05:00,235.35000610351562,235.8000030517578,232.35000610351562,235.33999633789062,221.76199340820312,1545200,0.0,0.0
2024-01-12 00:00:00-05:00,236.64999389648438,237.39999389648438,234.05999755859375,235.9499969482422,222.33680725097656,932200,0.0,0.0
2024-01-16 00:00:00-05:00,235.1300048828125,235.88999938964844,233.2899932861328,235.27999877929688,221.70547485351562,1288800,0.0,0.0
2024-01-17 00:00:00-05:00,236.13999938964844,237.25999450683594,234.4499969482422,235.38999938964844,221.80911254882812,1409300,0.0,0.0
2024-01-18 00:00:00-05:00,235.05999755859375,236.67999267578125,234.16000366210938,236.0800018310547,222.45932006835938,1182700,0.0,0.0
2024-01-19 00:00:00-05:00,236.6999969482422,239.22000122070312,234.63999938964844,238.24000549316406,224.4947052001953,1822100,0.0,0.0
2024-01-22 00:00:00-05:00,238.0800018310547,240.25999450683594,237.9199981689453,239.39999389648438,225.58778381347656,1761200,0.0,0.0
2024-01-23 00:00:00-05:00,239.39999389648438,240.5,238.42999267578125,240.36000061035156,226.49237060546875,1245100,0.0,0.0
2024-01-24 00:00:00-05:00,241.41000366210938,241.58999633789062,238.17999267578125,238.44000244140625,224.68312072753906,1744500,0.0,0.0
2024-01-25 00:00:00-05:00,239.24000549316406,240.75,236.25999450683594,236.72000122070312,223.06239318847656,1993300,0.0,0.0
2024-01-26 00:00:00-05:00,237.75999450683594,237.75999450683594,235.5,236.10000610351562,222.47817993164062,1677900,0.0,0.0
2024-01-29 00:00:00-05:00,234.44000244140625,237.7100067138672,234.3800048828125,237.7100067138672,223.99526977539062,2165100,0.0,0.0
2024-01-30 00:00:00-05:00,235.92999267578125,238.83999633789062,235.11000061035156,238.58999633789062,224.82449340820312,2024100,0.0,0.0
2024-01-31 00:00:00-05:00,246.41000366210938,251.22000122070312,244.0,245.77999877929688,231.5996856689453,4436100,0.0,0.0
2024-02-01 00:00:00-05:00,245.0,247.25,241.97000122070312,247.0800018310547,232.82464599609375,2008000,0.0,0.0
2024-02-02 00:00:00-05:00,247.5800018310547,249.8300018310547,246.72999572753906,248.80999755859375,234.45486450195312,2223000,0.0,0.0
2024-02-05 00:00:00-05:00,248.58999633789062,248.83999633789062,246.08999633789062,248.27999877929688,233.9554443359375,1733200,0.0,0.0
2024-02-06 00:00:00-05:00,249.39999389648438,251.8000030517578,248.52000427246094,250.80999755859375,236.33946228027344,1690500,0.0,0.0
2024-02-07 00:00:00-05:00,251.8300018310547,252.3699951171875,249.6999969482422,250.27000427246094,235.8306427001953,1460700,0.0,0.0
2024-02-08 00:00:00-05:00,249.99000549316406,251.19000244140625,248.39999389648438,251.0800018310547,236.59388732910156,1330900,0.0,0.0
2024-02-09 00:00:00-05:00,250.88999938964844,251.0,248.8699951171875,249.99000549316406,235.56678771972656,1243300,0.0,0.0
2024-02-12 00:00:00-05:00,249.75,250.77999877929688,249.39999389648438,250.07000732421875,235.64218139648438,1260500,0.0,0.0
2024-02-13 00:00:00-05:00,250.4499969482422,250.5,247.8699951171875,249.58999633789062,235.18983459472656,1827900,0.0,0.0
2024-02-14 00:00:00-05:00,250.10000610351562,251.25999450683594,249.05999755859375,250.89999389648438,236.42428588867188,1131500,0.0,0.0
2024-02-15 00:00:00-05:00,251.60000610351562,252.82000732421875,251.1300048828125,252.0500030517578,237.5079345703125,1387600,0.0,0.0
2024-02-16 00:00:00-05:00,251.75,254.36000061035156,250.63999938964844,252.97000122070312,238.37484741210938,2099100,0.0,0.0
2024-02-20 00:00:00-05:00,253.39999389648438,254.52000427246094,252.5399932861328,252.94000244140625,238.34657287597656,1439300,0.0,0.0
2024-02-21 00:00:00-05:00,253.55999755859375,254.02000427246094,251.52999877929688,253.9199981689453,239.27001953125,1146400,0.0,0.0
2024-02-22 00:00:00-05:00,254.07000732421875,255.75,253.50999450683594,254.75999450683594,240.0615692138672,1692900,0.0,0.0
2024-02-23 00:00:00-05:00,255.24000549316406,256.2099914550781,254.9600067138672,255.8699951171875,241.10751342773438,1306600,0.0,0.0
2024-02-26 00:00:00-05:00,256.57000732421875,256.57000732421875,253.47999572753906,253.5500030517578,238.92135620117188,1141300,0.0,0.0
2024-02-27 00:00:00-05:00,253.14999389648438,253.3000030517578,250.2100067138672,251.30999755859375,236.81060791015625,1241800,0.0,0.0
2024-02-28 00:00:00-05:00,250.55999755859375,251.91000366210938,250.14999389648438,251.55999755859375,237.04617309570312,1508100,0.0,0.0
2024-02-29 00:00:00-05:00,253.6999969482422,253.80999755859375,250.16000366210938,251.1300048828125,236.64102172851562,2796700,0.0,0.0
2024-03-01 00:00:00-05:00,249.42999267578125,250.17999267578125,248.3300018310547,249.69000244140625,235.28408813476562,2091000,0.0,0.0
2024-03-04 00:00:00-05:00,247.00999450683594,249.4199981689453,243.8000030517578,246.1999969482422,231.9954376220703,3661500,0.0,0.0
2024-03-05 00:00:00-05:00,246.35000610351562,246.66000366210938,242.5800018310547,244.0,229.92239379882812,2433300,0.0,0.0
2024-03-06 00:00:00-05:00,244.9600067138672,246.27999877929688,243.0800018310547,243.75999450683594,229.69619750976562,2163700,0.0,0.0
2024-03-07 00:00:00-05:00,243.75999450683594,245.97000122070312,243.25,244.25,231.4874267578125,2445400,1.4,0.0
2024-03-08 00:00:00-05:00,243.89999389648438,244.30999755859375,241.47999572753906,242.39999389648438,229.73411560058594,1815900,0.0,0.0
2024-03-11 00:00:00-04:00,243.22999572753906,244.52999877929688,241.6999969482422,244.08999633789062,231.3358154296875,1477100,0.0,0.0
2024-03-12 00:00:00-04:00,244.08999633789062,245.66000366210938,242.61000061035156,244.6699981689453,231.88551330566406,1978800,0.0,0.0
2024-03-13 00:00:00-04:00,244.6699981689453,245.25999450683594,243.07000732421875,244.2100067138672,231.4495391845703,1559000,0.0,0.0
2024-03-14 00:00:00-04:00,244.7100067138672,244.99000549316406,242.22999572753906,243.25,230.53970336914062,1867500,0.0,0.0
2024-03-15 00:00:00-04:00,242.97999572753906,243.8300018310547,238.8300018310547,242.08999633789062,229.4403076171875,11912100,0.0,0.0
2024-03-18 00:00:00-04:00,243.61000061035156,244.27999877929688,241.67999267578125,241.85000610351562,229.212890625,2001900,0.0,0.0
2024-03-19 00:00:00-04:00,242.57000732421875,244.32000732421875,241.2899932861328,244.1300048828125,231.3737335205078,1864200,0.0,0.0
2024-03-20 00:00:00-04:00,245.00999450683594,247.8699951171875,244.1199951171875,247.72000122070312,234.77615356445312,2105100,0.0,0.0
2024-03-21 00:00:00-04:00,248.47000122070312,250.52999877929688,247.4199981689453,248.9499969482422,235.94186401367188,1858000,0.0,0.0
2024-03-22 00:00:00-04:00,251.22999572753906,251.22999572753906,246.9600067138672,247.61000061035156,234.67189025878906,1612600,0.0,0.0
2024-03-25 00:00:00-04:00,247.4199981689453,247.75,244.0500030517578,244.1999969482422,231.4400634765625,1069600,0.0,0.0
2024-03-26 00:00:00-04:00,243.55999755859375,245.25,243.39999389648438,245.07000732421875,232.26461791992188,1072900,0.0,0.0
2024-03-27 00:00:00-04:00,246.9499969482422,249.42999267578125,246.8800048828125,248.3300018310547,235.35427856445312,1149200,0.0,0.0
2024-03-28 00:00:00-04:00,249.6300048828125,251.05999755859375,249.02999877929688,249.74000549316406,236.69061279296875,1302000,0.0,0.0
2024-04-01 00:00:00-04:00,250.3800048828125,250.61000061035156,245.02000427246094,245.30999755859375,232.49208068847656,1535500,0.0,0.0
2024-04-02 00:00:00-04:00,240.11000061035156,248.72999572753906,239.72000122070312,247.66000366210938,234.7192840576172,2297400,0.0,0.0
2024-04-03 00:00:00-04:00,247.82000732421875,248.41000366210938,244.74000549316406,245.1300048828125,232.3214874267578,2370100,0.0,0.0
2024-04-04 00:00:00-04:00,247.57000732421875,247.6199951171875,241.39999389648438,241.49000549316406,228.87168884277344,1690600,0.0,0.0
2024-04-05 00:00:00-04:00,241.9499969482422,245.9199981689453,241.27000427246094,244.85000610351562,232.05612182617188,1420100,0.0,0.0
2024-04-08 00:00:00-04:00,244.3699951171875,247.0,244.27000427246094,246.63999938964844,233.75257873535156,905600,0.0,0.0
2024-04-09 00:00:00-04:00,248.3000030517578,250.10000610351562,246.58999633789062,250.00999450683594,236.94647216796875,1158700,0.0,0.0
2024-04-10 00:00:00-04:00,248.33999633789062,248.7899932861328,244.3300018310547,245.7899932861328,232.94699096679688,1263200,0.0,0.0
2024-04-11 00:00:00-04:00,246.52999877929688,246.77000427246094,242.97000122070312,244.4199981689453,231.6485595703125,1099200,0.0,0.0
2024-04-12 00:00:00-04:00,242.92999267578125,244.1999969482422,242.19000244140625,243.85000610351562,231.10836791992188,1226400,0.0,0.0
2024-04-15 00:00:00-04:00,247.0800018310547,247.32000732421875,243.1199951171875,244.0800018310547,231.32635498046875,1383600,0.0,0.0
2024-04-16 00:00:00-04:00,245.00999450683594,245.52999877929688,243.42999267578125,244.2100067138672,231.4495391845703,1457700,0.0,0.0
2024-04-17 00:00:00-04:00,245.0800018310547,245.0800018310547,242.02999877929688,242.89999389648438,230.20799255371094,1126100,0.0,0.0
2024-04-18 00:00:00-04:00,244.5,245.0,241.6699981689453,241.99000549316406,229.3455352783203,1454200,0.0,0.0
2024-04-19 00:00:00-04:00,243.80999755859375,244.27999877929688,242.4499969482422,243.30999755859375,230.59657287597656,1638700,0.0,0.0
2024-04-22 00:00:00-04:00,245.10000610351562,247.5800018310547,243.9199981689453,246.30999755859375,233.43978881835938,1329000,0.0,0.0
2024-04-23 00:00:00-04:00,246.75999450683594,248.08999633789062,245.92999267578125,246.83999633789062,233.94210815429688,1661800,0.0,0.0
2024-04-24 00:00:00-04:00,244.63999938964844,246.86000061035156,244.32000732421875,246.61000061035156,233.72412109375,1455800,0.0,0.0
2024-04-25 00:00:00-04:00,249.57000732421875,250.3000030517578,244.41000366210938,246.33999633789062,233.46824645996094,1224500,0.0,0.0
2024-04-26 00:00:00-04:00,244.10000610351562,246.7100067138672,242.9600067138672,243.07000732421875,230.36911010742188,1555500,0.0,0.0
2024-04-29 00:00:00-04:00,244.0500030517578,244.9499969482422,243.17999267578125,243.9499969482422,231.203125,1153500,0.0,0.0
2024-04-30 00:00:00-04:00,244.19000244140625,244.49000549316406,241.80999755859375,241.88999938964844,229.25074768066406,1944900,0.0,0.0
2024-05-01 00:00:00-04:00,249.69000244140625,253.72000122070312,244.52000427246094,247.3300018310547,234.40652465820312,2782400,0.0,0.0
2024-05-02 00:00:00-04:00,246.00999450683594,246.9600067138672,241.02999877929688,242.02999877929688,229.38343811035156,1781100,0.0,0.0
2024-05-03 00:00:00-04:00,243.02000427246094,243.6699981689453,239.32000732421875,241.88999938964844,229.25074768066406,1491500,0.0,0.0
2024-05-06 00:00:00-04:00,242.27999877929688,243.6999969482422,241.10000610351562,242.74000549316406,230.0563507080078,1108800,0.0,0.0
2024-05-07 00:00:00-04:00,243.05999755859375,245.22999572753906,242.10000610351562,245.1199951171875,232.31198120117188,1202500,0.0,0.0
2024-05-08 00:00:00-04:00,245.0500030517578,245.0500030517578,241.17999267578125,242.94000244140625,230.24591064453125,1133500,0.0,0.0
2024-05-09 00:00:00-04:00,243.83999633789062,245.44000244140625,242.7899932861328,245.14999389648438,232.34042358398438,1020200,0.0,0.0
2024-05-10 00:00:00-04:00,245.47999572753906,247.2100067138672,245.05999755859375,246.86000061035156,233.96109008789062,757900,0.0,0.0
2024-05-13 00:00:00-04:00,247.5,249.82000732421875,246.77000427246094,247.8000030517578,234.85195922851562,950000,0.0,0.0
2024-05-14 00:00:00-04:00,249.0800018310547,249.4199981689453,244.5,245.5,232.67210388183594,1279000,0.0,0.0
2024-05-15 00:00:00-04:00,246.4600067138672,248.25,246.0,246.6199951171875,233.73361206054688,1053800,0.0,0.0
2024-05-16 00:00:00-04:00,246.36000061035156,250.27000427246094,246.02999877929688,250.05999755859375,236.99388122558594,1032000,0.0,0.0
2024-05-17 00:00:00-04:00,250.05999755859375,252.38999938964844,249.24000549316406,252.3300018310547,239.14527893066406,1291500,0.0,0.0
2024-05-20 00:00:00-04:00,252.44000244140625,252.66000366210938,250.58999633789062,251.77999877929688,238.62400817871094,772900,0.0,0.0
2024-05-21 00:00:00-04:00,253.0,253.0,251.10000610351562,252.13999938964844,238.9651641845703,917400,0.0,0.0
2024-05-22 00:00:00-04:00,252.3000030517578,254.63999938964844,251.7100067138672,254.02000427246094,240.7469482421875,1272800,0.0,0.0
2024-05-23 00:00:00-04:00,254.36000061035156,254.36000061035156,251.05999755859375,251.49000549316406,238.3491668701172,1096100,0.0,0.0
2024-05-24 00:00:00-04:00,251.60000610351562,252.99000549316406,248.33999633789062,248.89999389648438,235.89447021484375,973900,0.0,0.0
2024-05-28 00:00:00-04:00,248.3000030517578,248.4600067138672,241.91000366210938,243.3000030517578,230.5870819091797,1483500,0.0,0.0
2024-05-29 00:00:00-04:00,241.42999267578125,242.72999572753906,239.6199951171875,240.08999633789062,227.5447998046875,1565600,0.0,0.0
2024-05-30 00:00:00-04:00,240.6699981689453,241.7899932861328,239.52000427246094,240.91000366210938,228.3219451904297,1562200,0.0,0.0
2024-05-31 00:00:00-04:00,241.52000427246094,245.02000427246094,240.52000427246094,244.9199981689453,232.12246704101562,2721000,0.0,0.0
2024-06-03 00:00:00-04:00,244.1699981689453,245.52999877929688,242.0500030517578,244.02000427246094,231.26947021484375,1113300,0.0,0.0
2024-06-04 00:00:00-04:00,244.52000427246094,247.4600067138672,243.92999267578125,245.6699981689453,232.833251953125,911700,0.0,0.0
2024-06-05 00:00:00-04:00,245.13999938964844,246.91000366210938,243.36000061035156,245.77999877929688,232.9375,1298300,0.0,0.0
2024-06-06 00:00:00-04:00,246.30999755859375,249.5399932861328,246.22999572753906,247.97000122070312,235.0130615234375,1614300,0.0,0.0
2024-06-07 00:00:00-04:00,248.88999938964844,253.10000610351562,247.94000244140625,252.32000732421875,239.1357879638672,1650200,0.0,0.0
2024-06-10 00:00:00-04:00,251.27999877929688,252.19000244140625,243.69000244140625,246.8699951171875,233.97055053710938,2339700,0.0,0.0
2024-06-11 00:00:00-04:00,246.80999755859375,247.92999267578125,243.72000122070312,246.5800018310547,233.69570922851562,1478200,0.0,0.0
2024-06-12 00:00:00-04:00,245.9600067138672,246.91000366210938,244.0399932861328,246.1300048828125,233.26922607421875,1764500,0.0,0.0
2024-06-13 00:00:00-04:00,244.27000427246094,246.0399932861328,242.6199951171875,244.27000427246094,231.50640869140625,1368700,0.0,0.0
2024-06-14 00:00:00-04:00,242.97999572753906,243.64999389648438,240.92999267578125,242.6199951171875,231.26809692382812,1106900,1.4,0.0
2024-06-17 00:00:00-04:00,240.82000732421875,245.9600067138672,240.0399932861328,244.9600067138672,233.4986114501953,1347800,0.0,0.0
2024-06-18 00:00:00-04:00,245.13999938964844,245.5500030517578,243.50999450683594,244.41000366210938,232.974365234375,1004800,0.0,0.0
2024-06-20 00:00:00-04:00,244.75999450683594,246.91000366210938,243.91000366210938,246.05999755859375,234.54714965820312,1954200,0.0,0.0
2024-06-21 00:00:00-04:00,246.9199981689453,248.58999633789062,246.47999572753906,247.97000122070312,236.36778259277344,3022800,0.0,0.0
2024-06-24 00:00:00-04:00,248.25999450683594,250.75,247.1699981689453,249.1999969482422,237.54022216796875,1303100,0.0,0.0
2024-06-25 00:00:00-04:00,250.3800048828125,250.3800048828125,246.44000244140625,248.39999389648438,236.7776641845703,1408300,0.0,0.0
2024-06-26 00:00:00-04:00,246.61000061035156,247.67999267578125,237.2100067138672,238.02000427246094,226.88333129882812,3146300,0.0,0.0
2024-06-27 00:00:00-04:00,237.8699951171875,239.2899932861328,236.24000549316406,237.3000030517578,226.19703674316406,2066800,0.0,0.0
2024-06-28 00:00:00-04:00,238.25999450683594,241.13999938964844,237.47000122070312,238.69000244140625,227.52200317382812,2595000,0.0,0.0
2024-07-01 00:00:00-04:00,239.3000030517578,241.41000366210938,235.0800018310547,235.6699981689453,224.6432647705078,2124700,0.0,0.0
2024-07-02 00:00:00-04:00,236.60000610351562,236.8800048828125,234.0,236.6300048828125,225.55838012695312,1278100,0.0,0.0
2024-07-03 00:00:00-04:00,235.9499969482422,237.57000732421875,234.72999572753906,236.91000366210938,225.8252716064453,815700,0.0,0.0
2024-07-05 00:00:00-04:00,235.74000549316406,236.52000427246094,233.75,235.55999755859375,224.5384063720703,1847300,0.0,0.0
2024-07-08 00:00:00-04:00,235.47999572753906,236.42999267578125,233.02000427246094,233.44000244140625,222.51759338378906,1448800,0.0,0.0
2024-07-09 00:00:00-04:00,233.1199951171875,235.0,232.89999389648438,234.7100067138672,223.72821044921875,1458700,0.0,0.0
2024-07-10 00:00:00-04:00,233.85000610351562,234.41000366210938,231.27000427246094,234.14999389648438,223.19439697265625,1687000,0.0,0.0
2024-07-11 00:00:00-04:00,233.88999938964844,238.22000122070312,233.13999938964844,235.6300048828125,224.6051483154297,1882300,0.0,0.0
2024-07-12 00:00:00-04:00,236.27999877929688,239.47000122070312,235.99000549316406,238.02000427246094,226.88333129882812,1312700,0.0,0.0
2024-07-15 00:00:00-04:00,238.19000244140625,242.75999450683594,238.19000244140625,242.63999938964844,231.2871856689453,1268300,0.0,0.0
2024-07-16 00:00:00-04:00,243.08999633789062,246.57000732421875,242.75999450683594,245.82000732421875,234.31838989257812,1252800,0.0,0.0
2024-07-17 00:00:00-04:00,246.7899932861328,250.02999877929688,246.7899932861328,249.25,237.58790588378906,1896800,0.0,0.0
2024-07-18 00:00:00-04:00,248.2100067138672,251.77999877929688,247.11000061035156,247.39999389648438,235.82444763183594,1225800,0.0,0.0
2024-07-19 00:00:00-04:00,248.22999572753906,248.8699951171875,244.64999389648438,246.97000122070312,235.41456604003906,1424500,0.0,0.0
2024-07-22 00:00:00-04:00,249.1699981689453,249.1699981689453,245.92999267578125,247.99000549316406,236.38685607910156,1421300,0.0,0.0
2024-07-23 00:00:00-04:00,246.9199981689453,248.85000610351562,246.00999450683594,248.35000610351562,236.72999572753906,765400,0.0,0.0
2024-07-24 00:00:00-04:00,249.66000366210938,249.66000366210938,245.8000030517578,247.10000610351562,235.5384979248047,1853200,0.0,0.0
2024-07-25 00:00:00-04:00,249.05999755859375,254.35000610351562,247.97999572753906,249.5800018310547,237.90248107910156,1476200,0.0,0.0
2024-07-26 00:00:00-04:00,249.57000732421875,253.4600067138672,249.49000549316406,252.6699981689453,240.8478546142578,1449500,0.0,0.0
2024-07-29 00:00:00-04:00,254.5,256.1300048828125,252.6300048828125,255.2100067138672,243.26901245117188,2120000,0.0,0.0
2024-07-30 00:00:00-04:00,256.1400146484375,258.75,255.97000122070312,257.739990234375,245.68063354492188,1762400,0.0,0.0
2024-07-31 00:00:00-04:00,260.1099853515625,269.489990234375,259.0,262.6199951171875,250.3323211669922,3046500,0.0,0.0
2024-08-01 00:00:00-04:00,260.3800048828125,263.79998779296875,258.7900085449219,261.29998779296875,249.07408142089844,2282000,0.0,0.0
2024-08-02 00:00:00-04:00,262.0,263.95001220703125,259.4700012207031,263.5199890136719,251.190185546875,2310600,0.0,0.0
2024-08-05 00:00:00-04:00,267.45001220703125,268.4800109863281,256.6199951171875,258.1400146484375,246.0619354248047,2295700,0.0,0.0
2024-08-06 00:00:00-04:00,257.739990234375,262.989990234375,256.4700012207031,259.4700012207031,247.3297119140625,1847500,0.0,0.0
2024-08-07 00:00:00-04:00,259.3299865722656,265.2099914550781,258.6600036621094,258.9100036621094,246.79591369628906,2011700,0.0,0.0
2024-08-08 00:00:00-04:00,258.510009765625,263.3699951171875,258.510009765625,262.7900085449219,250.494384765625,1968000,0.0,0.0
2024-08-09 00:00:00-04:00,261.57000732421875,262.510009765625,259.92999267578125,262.17999267578125,249.91290283203125,1462300,0.0,0.0
2024-08-12 00:00:00-04:00,260.9800109863281,261.739990234375,258.6300048828125,259.1199951171875,246.99606323242188,1257100,0.0,0.0
2024-08-13 00:00:00-04:00,259.7699890136719,262.0199890136719,259.0799865722656,261.9100036621094,249.65553283691406,1104500,0.0,0.0
2024-08-14 00:00:00-04:00,260.9100036621094,263.3900146484375,260.3599853515625,262.82000732421875,250.52297973632812,1047600,0.0,0.0
2024-08-15 00:00:00-04:00,263.5,264.6700134277344,261.8599853515625,263.6600036621094,251.3236846923828,1169500,0.0,0.0
2024-08-16 00:00:00-04:00,263.69000244140625,264.5299987792969,262.2099914550781,264.0899963378906,251.73355102539062,1013200,0.0,0.0
2024-08-19 00:00:00-04:00,264.6300048828125,265.8800048828125,262.8800048828125,264.6499938964844,252.26736450195312,998100,0.0,0.0
2024-08-20 00:00:00-04:00,263.8699951171875,265.0,263.4200134277344,264.5400085449219,252.1625213623047,913300,0.0,0.0
2024-08-21 00:00:00-04:00,265.7900085449219,268.1099853515625,264.7300109863281,267.8500061035156,255.31764221191406,1305100,0.0,0.0
2024-08-22 00:00:00-04:00,268.92999267578125,269.5799865722656,267.25,269.3800048828125,256.7759704589844,1137600,0.0,0.0
2024-08-23 00:00:00-04:00,270.6000061035156,270.989990234375,268.20001220703125,269.6000061035156,256.98577880859375,1206700,0.0,0.0
2024-08-26 00:00:00-04:00,270.54998779296875,271.8699951171875,270.1099853515625,271.3500061035156,258.65386962890625,792600,0.0,0.0
2024-08-27 00:00:00-04:00,271.2799987792969,275.1000061035156,270.75,274.67999267578125,261.82806396484375,1260000,0.0,0.0
2024-08-28 00:00:00-04:00,275.7900085449219,276.7699890136719,271.80999755859375,272.67999267578125,259.921630859375,1369500,0.0,0.0
2024-08-29 00:00:00-04:00,274.5400085449219,275.2699890136719,271.67999267578125,273.3599853515625,260.56982421875,850400,0.0,0.0
2024-08-30 00:00:00-04:00,273.8699951171875,276.739990234375,272.29998779296875,275.9100036621094,263.00048828125,1548100,0.0,0.0
2024-09-03 00:00:00-04:00,273.0,278.0199890136719,273.0,275.54998779296875,262.6573791503906,1589900,0.0,0.0
2024-09-04 00:00:00-04:00,276.0,278.25,273.67999267578125,275.2200012207031,262.3427734375,1374400,0.0,0.0
2024-09-05 00:00:00-04:00,274.79998779296875,274.94000244140625,269.0199890136719,270.1700134277344,257.52911376953125,1856300,0.0,0.0
2024-09-06 00:00:00-04:00,271.0400085449219,271.489990234375,267.7900085449219,269.55999755859375,256.9476013183594,2814500,0.0,0.0
2024-09-09 00:00:00-04:00,269.70001220703125,276.1300048828125,269.70001220703125,275.5899963378906,262.6954650878906,1784400,0.0,0.0
2024-09-10 00:00:00-04:00,277.04998779296875,279.5799865722656,275.4700012207031,279.260009765625,266.1937561035156,1354300,0.0,0.0
2024-09-11 00:00:00-04:00,277.30999755859375,277.8500061035156,270.7099914550781,277.4800109863281,264.4970397949219,1556000,0.0,0.0
2024-09-12 00:00:00-04:00,277.5799865722656,279.010009765625,273.8999938964844,278.3999938964844,265.3740234375,1499000,0.0,0.0
2024-09-13 00:00:00-04:00,276.7799987792969,278.67999267578125,275.8299865722656,277.510009765625,265.8625793457031,1183100,1.4,0.0
2024-09-16 00:00:00-04:00,279.0299987792969,279.7799987792969,276.9700012207031,278.6000061035156,266.9068908691406,1699400,0.0,0.0
2024-09-17 00:00:00-04:00,278.07000732421875,281.5400085449219,278.07000732421875,279.4100036621094,267.68280029296875,2163300,0.0,0.0
2024-09-18 00:00:00-04:00,279.45001220703125,281.1400146484375,275.42999267578125,275.9100036621094,264.3297119140625,1521100,0.0,0.0
2024-09-19 00:00:00-04:00,279.42999267578125,279.7099914550781,276.510009765625,277.69000244140625,266.0350036621094,1559300,0.0,0.0
2024-09-20 00:00:00-04:00,276.7799987792969,278.010009765625,274.29998779296875,276.4100036621094,264.80877685546875,3271500,0.0,0.0
2024-09-23 00:00:00-04:00,276.8800048828125,277.8399963378906,275.2699890136719,277.5799865722656,265.92962646484375,1435000,0.0,0.0
2024-09-24 00:00:00-04:00,277.4599914550781,277.9599914550781,275.0,276.6400146484375,265.02911376953125,1436900,0.0,0.0
2024-09-25 00:00:00-04:00,276.3599853515625,276.989990234375,274.9599914550781,275.25,263.69744873046875,1076300,0.0,0.0
2024-09-26 00:00:00-04:00,275.9200134277344,276.760009765625,273.6300048828125,274.42999267578125,262.9118347167969,1333800,0.0,0.0
2024-09-27 00:00:00-04:00,274.79998779296875,276.2099914550781,272.7099914550781,272.8800048828125,261.4269104003906,1581300,0.0,0.0
2024-09-30 00:00:00-04:00,273.510009765625,277.0400085449219,272.17999267578125,276.7300109863281,265.1153564453125,1987800,0.0,0.0
2024-10-01 00:00:00-04:00,278.17999267578125,281.17999267578125,273.45001220703125,280.0799865722656,268.3247375488281,1909900,0.0,0.0
2024-10-02 00:00:00-04:00,280.0799865722656,283.760009765625,278.67999267578125,283.54998779296875,271.6490783691406,1297900,0.0,0.0
2024-10-03 00:00:00-04:00,282.7900085449219,285.6700134277344,282.1099853515625,284.6199951171875,272.6741638183594,1489500,0.0,0.0
2024-10-04 00:00:00-04:00,285.70001220703125,286.29998779296875,282.6700134277344,285.1600036621094,273.19146728515625,1076700,0.0,0.0
2024-10-07 00:00:00-04:00,283.55999755859375,284.9200134277344,281.2699890136719,282.1199951171875,270.2790832519531,1443300,0.0,0.0
2024-10-08 00:00:00-04:00,283.04998779296875,286.1099853515625,281.989990234375,285.4200134277344,273.440673828125,1176000,0.0,0.0
2024-10-09 00:00:00-04:00,285.8299865722656,288.29998779296875,284.5899963378906,287.7699890136719,275.69195556640625,1253300,0.0,0.0
2024-10-10 00:00:00-04:00,287.5,287.5899963378906,285.7200012207031,286.9100036621094,274.8680725097656,864500,0.0,0.0
2024-10-11 00:00:00-04:00,286.94000244140625,288.5,286.6600036621094,288.3599853515625,276.2571716308594,952200,0.0,0.0
2024-10-14 00:00:00-04:00,288.989990234375,291.7699890136719,288.42999267578125,291.0,278.7864074707031,969700,0.0,0.0
2024-10-15 00:00:00-04:00,291.70001220703125,294.17999267578125,289.8900146484375,290.0400085449219,277.8666687011719,1532000,0.0,0.0
2024-10-16 00:00:00-04:00,289.1099853515625,291.1600036621094,287.7900085449219,290.70001220703125,278.4989929199219,1242100,0.0,0.0
2024-10-17 00:00:00-04:00,292.0400085449219,292.8299865722656,289.989990234375,291.9599914550781,279.7060852050781,2299200,0.0,0.0
2024-10-18 00:00:00-04:00,292.57000732421875,292.760009765625,290.239990234375,292.2900085449219,280.0222473144531,2738200,0.0,0.0
2024-10-21 00:00:00-04:00,291.7300109863281,291.989990234375,289.17999267578125,290.9100036621094,278.7001953125,1044300,0.0,0.0
2024-10-22 00:00:00-04:00,290.1499938964844,291.7799987792969,288.4200134277344,291.3399963378906,279.1121520996094,983100,0.0,0.0
2024-10-23 00:00:00-04:00,289.7200012207031,292.44000244140625,289.3599853515625,290.0400085449219,277.8666687011719,1183700,0.0,0.0
2024-10-24 00:00:00-04:00,290.0400085449219,291.239990234375,288.760009765625,289.42999267578125,277.2823181152344,1261700,0.0,0.0
2024-10-25 00:00:00-04:00,290.3699951171875,290.8500061035156,287.6000061035156,287.9599914550781,275.87396240234375,1691500,0.0,0.0
2024-10-28 00:00:00-04:00,288.510009765625,289.19000244140625,286.0400085449219,286.44000244140625,274.4177551269531,1591800,0.0,0.0
2024-10-29 00:00:00-04:00,285.44000244140625,289.6600036621094,284.3900146484375,287.95001220703125,275.86444091796875,2583000,0.0,0.0
2024-10-30 00:00:00-04:00,286.20001220703125,292.8699951171875,285.6000061035156,292.7799987792969,280.49169921875,2012600,0.0,0.0
2024-10-31 00:00:00-04:00,291.510009765625,292.5400085449219,288.94000244140625,289.239990234375,277.1002502441406,2215700,0.0,0.0
2024-11-01 00:00:00-04:00,288.010009765625,289.3699951171875,285.989990234375,288.17999267578125,276.0847473144531,2037000,0.0,0.0
2024-11-04 00:00:00-05:00,290.0,292.25,288.9800109863281,289.8599853515625,277.6942138671875,1184300,0.0,0.0
2024-11-05 00:00:00-05:00,289.5799865722656,291.7099914550781,288.44000244140625,291.17999267578125,278.9588317871094,897600,0.0,0.0
2024-11-06 00:00:00-05:00,299.5899963378906,306.7099914550781,296.739990234375,305.17999267578125,292.3712158203125,2869300,0.0,0.0
2024-11-07 00:00:00-05:00,305.0,306.19000244140625,303.04998779296875,304.8500061035156,292.05511474609375,1299400,0.0,0.0
2024-11-08 00:00:00-05:00,305.6600036621094,306.9200134277344,304.1300048828125,304.7300109863281,291.9401550292969,1552200,0.0,0.0
2024-11-11 00:00:00-05:00,305.7799987792969,308.5400085449219,305.1300048828125,306.7799987792969,293.90411376953125,1340200,0.0,0.0
2024-11-12 00:00:00-05:00,307.3599853515625,309.2099914550781,306.8299865722656,307.9100036621094,294.9866638183594,1711200,0.0,0.0
2024-11-13 00:00:00-05:00,306.70001220703125,309.3699951171875,306.6700134277344,307.5,294.59381103515625,1637800,0.0,0.0
2024-11-14 00:00:00-05:00,307.1099853515625,307.7200012207031,301.3999938964844,301.989990234375,289.31512451171875,1505800,0.0,0.0
2024-11-15 00:00:00-05:00,301.92999267578125,301.95001220703125,297.07000732421875,297.6400146484375,285.1477355957031,1457700,0.0,0.0
2024-11-18 00:00:00-05:00,297.6400146484375,299.8399963378906,296.95001220703125,297.8900146484375,285.3872375488281,1075900,0.0,0.0
2024-11-19 00:00:00-05:00,296.3800048828125,299.0899963378906,295.05999755859375,297.5400085449219,285.0519104003906,1741700,0.0,0.0
2024-11-20 00:00:00-05:00,296.4800109863281,300.6199951171875,295.1499938964844,298.5899963378906,286.057861328125,2159300,0.0,0.0
2024-11-21 00:00:00-05:00,300.0,304.9599914550781,298.80999755859375,304.57000732421875,291.78680419921875,1810600,0.0,0.0
2024-11-22 00:00:00-05:00,305.3399963378906,308.0199890136719,304.30999755859375,305.1499938964844,292.3424987792969,1312000,0.0,0.0
2024-11-25 00:00:00-05:00,305.30999755859375,305.9599914550781,301.6700134277344,304.6700134277344,291.8826904296875,3078700,0.0,0.0
2024-11-26 00:00:00-05:00,305.6000061035156,308.30999755859375,304.760009765625,307.9700012207031,295.0441589355469,1048400,0.0,0.0
2024-11-27 00:00:00-05:00,309.6199951171875,309.6300048828125,306.7300109863281,306.9200134277344,294.0382385253906,1515400,0.0,0.0
2024-11-29 00:00:00-05:00,306.7300109863281,307.92999267578125,306.25,306.92999267578125,294.0477600097656,805000,0.0,0.0
2024-12-02 00:00:00-05:00,307.6700134277344,307.6700134277344,304.54998779296875,306.0299987792969,293.18560791015625,1279300,0.0,0.0
2024-12-03 00:00:00-05:00,306.2200012207031,307.7300109863281,302.1199951171875,303.57000732421875,290.82879638671875,2059800,0.0,0.0
2024-12-04 00:00:00-05:00,304.94000244140625,305.6000061035156,302.2099914550781,303.489990234375,290.7521667480469,1374300,0.0,0.0
2024-12-05 00:00:00-05:00,303.20001220703125,303.260009765625,300.0199890136719,301.79998779296875,289.1330871582031,3169100,0.0,0.0
2024-12-06 00:00:00-05:00,301.4599914550781,305.6099853515625,301.4599914550781,304.55999755859375,291.7772521972656,2621900,0.0,0.0
2024-12-09 00:00:00-05:00,303.94000244140625,304.75,295.6199951171875,297.55999755859375,285.0710754394531,2266200,0.0,0.0
2024-12-10 00:00:00-05:00,297.0,302.7699890136719,295.7200012207031,302.2300109863281,289.5450744628906,1672500,0.0,0.0
2024-12-11 00:00:00-05:00,302.7699890136719,304.54998779296875,300.55999755859375,300.75,288.1271667480469,1952200,0.0,0.0
2024-12-12 00:00:00-05:00,300.94000244140625,302.0,297.4800109863281,298.75,286.2110900878906,1172600,0.0,0.0
2024-12-13 00:00:00-05:00,296.4100036621094,298.17999267578125,295.69000244140625,296.760009765625,285.77777099609375,1880600,1.54,0.0
2024-12-16 00:00:00-05:00,298.0,298.4599914550781,295.94000244140625,296.80999755859375,285.8258972167969,2579900,0.0,0.0
2024-12-17 00:00:00-05:00,296.010009765625,298.010009765625,294.92999267578125,295.57000732421875,284.6318359375,2625300,0.0,0.0
2024-12-18 00:00:00-05:00,294.8699951171875,295.8399963378906,288.3900146484375,288.5,277.82342529296875,2262400,0.0,0.0
2024-12-19 00:00:00-05:00,287.6300048828125,293.9700012207031,287.6300048828125,291.3299865722656,280.5487060546875,1787100,0.0,0.0
2024-12-20 00:00:00-05:00,290.1099853515625,295.1499938964844,289.95001220703125,294.0199890136719,283.1391906738281,4165800,0.0,0.0
2024-12-23 00:00:00-05:00,293.8699951171875,295.0,290.8999938964844,294.1499938964844,283.2643737792969,1388800,0.0,0.0
2024-12-24 00:00:00-05:00,293.20001220703125,297.07000732421875,293.0199890136719,296.4599914550781,285.4888916015625,956000,0.0,0.0
2024-12-26 00:00:00-05:00,296.3299865722656,298.32000732421875,295.3999938964844,297.2300109863281,286.23040771484375,1403700,0.0,0.0
2024-12-27 00:00:00-05:00,295.9599914550781,298.2900085449219,295.1099853515625,296.17999267578125,285.2192687988281,1332000,0.0,0.0
2024-12-30 00:00:00-05:00,292.57000732421875,294.5,290.79998779296875,292.9700012207031,282.1280212402344,1161800,0.0,0.0
2024-12-31 00:00:00-05:00,294.010009765625,294.2099914550781,291.57000732421875,292.7300109863281,281.8969421386719,980600,0.0,0.0
2025-01-02 00:00:00-05:00,293.8299865722656,295.1499938964844,288.54998779296875,289.6499938964844,278.930908203125,1025300,0.0,0.0
2025-01-03 00:00:00-05:00,290.7300109863281,292.54998779296875,289.7900085449219,291.69000244140625,280.8953552246094,1044200,0.0,0.0
2025-01-06 00:00:00-05:00,289.1499938964844,290.32000732421875,285.8599853515625,287.1300048828125,276.5041198730469,1529100,0.0,0.0
2025-01-07 00:00:00-05:00,287.25,290.0,287.25,288.3999938964844,277.7271423339844,1451800,0.0,0.0
2025-01-08 00:00:00-05:00,288.510009765625,292.04998779296875,288.510009765625,291.8900146484375,281.0880126953125,1513000,0.0,0.0
2025-01-10 00:00:00-05:00,290.19000244140625,292.8500061035156,286.70001220703125,286.8500061035156,276.2344970703125,2292500,0.0,0.0
2025-01-13 00:00:00-05:00,285.69000244140625,290.4800109863281,285.4800109863281,290.20001220703125,279.4605712890625,1809400,0.0,0.0
2025-01-14 00:00:00-05:00,290.29998779296875,291.8699951171875,287.4700012207031,291.69000244140625,280.8953552246094,2321600,0.0,0.0
2025-01-15 00:00:00-05:00,294.0199890136719,295.2099914550781,292.3599853515625,293.3699951171875,282.5132141113281,1764400,0.0,0.0
2025-01-16 00:00:00-05:00,291.8399963378906,297.6099853515625,291.80999755859375,296.2300109863281,285.26739501953125,1667500,0.0,0.0
2025-01-17 00:00:00-05:00,301.0899963378906,301.0899963378906,295.9599914550781,296.17999267578125,285.2192687988281,2408400,0.0,0.0
2025-01-21 00:00:00-05:00,296.44000244140625,299.1000061035156,296.44000244140625,298.1499938964844,287.1163330078125,1652300,0.0,0.0
2025-01-22 00:00:00-05:00,297.7300109863281,298.67999267578125,296.2200012207031,296.3599853515625,285.392578125,1627800,0.0,0.0
2025-01-23 00:00:00-05:00,296.239990234375,297.17999267578125,293.67999267578125,295.79998779296875,284.8533020019531,1102000,0.0,0.0
2025-01-24 00:00:00-05:00,293.7200012207031,298.29998779296875,293.239990234375,297.1000061035156,286.1051940917969,1206000,0.0,0.0
2025-01-27 00:00:00-05:00,294.70001220703125,301.0799865722656,294.70001220703125,300.1499938964844,289.0423278808594,1635900,0.0,0.0
2025-01-28 00:00:00-05:00,299.9599914550781,302.54998779296875,295.6700134277344,298.30999755859375,287.2704162597656,2469600,0.0,0.0
2025-01-29 00:00:00-05:00,304.1400146484375,311.6700134277344,300.4200134277344,300.57000732421875,289.44677734375,2764100,0.0,0.0
2025-01-30 00:00:00-05:00,303.5199890136719,307.8399963378906,301.0400085449219,303.260009765625,292.0372619628906,1367100,0.0,0.0
2025-01-31 00:00:00-05:00,301.7900085449219,305.1000061035156,301.17999267578125,303.010009765625,291.7965087890625,2237700,0.0,0.0
2025-02-03 00:00:00-05:00,303.29998779296875,307.94000244140625,302.7099914550781,307.32000732421875,295.9469909667969,2169100,0.0,0.0
2025-02-04 00:00:00-05:00,304.1400146484375,305.6300048828125,303.0,304.6700134277344,293.39508056640625,1256700,0.0,0.0
2025-02-05 00:00:00-05:00,305.6300048828125,308.20001220703125,303.9200134277344,308.1499938964844,296.74627685546875,1633600,0.0,0.0
2025-02-06 00:00:00-05:00,309.0,310.260009765625,307.510009765625,308.9700012207031,297.535888671875,1740400,0.0,0.0
2025-02-07 00:00:00-05:00,310.32000732421875,310.3699951171875,305.82000732421875,305.9700012207031,294.64691162109375,1387900,0.0,0.0
2025-02-10 00:00:00-05:00,308.239990234375,308.3599853515625,306.4800109863281,306.92999267578125,295.5713806152344,902800,0.0,0.0
2025-02-11 00:00:00-05:00,307.55999755859375,307.55999755859375,304.3699951171875,305.7799987792969,294.4639892578125,1151000,0.0,0.0
2025-02-12 00:00:00-05:00,304.1400146484375,306.75,302.80999755859375,306.6499938964844,295.3017578125,1559000,0.0,0.0
2025-02-13 00:00:00-05:00,306.0,310.5799865722656,305.0,310.2200012207031,298.7396545410156,1197800,0.0,0.0
2025-02-14 00:00:00-05:00,310.0,311.5899963378906,308.1300048828125,308.1499938964844,296.74627685546875,1100900,0.0,0.0
2025-02-18 00:00:00-05:00,310.2799987792969,311.4700012207031,307.7699890136719,309.95001220703125,298.4796142578125,1313200,0.0,0.0
2025-02-19 00:00:00-05:00,310.70001220703125,313.7200012207031,309.5,313.2200012207031,301.628662109375,1407700,0.0,0.0
2025-02-20 00:00:00-05:00,311.9700012207031,312.8900146484375,309.760009765625,311.9700012207031,300.4248962402344,1304500,0.0,0.0
2025-02-21 00:00:00-05:00,311.7799987792969,312.3599853515625,307.32000732421875,310.760009765625,299.2596740722656,1600300,0.0,0.0
2025-02-24 00:00:00-05:00,310.6199951171875,314.05999755859375,310.1199951171875,312.20001220703125,300.6463928222656,1311900,0.0,0.0
2025-02-25 00:00:00-05:00,312.989990234375,314.70001220703125,310.44000244140625,313.3699951171875,301.7731018066406,1880000,0.0,0.0
2025-02-26 00:00:00-05:00,312.739990234375,315.2900085449219,311.0400085449219,311.3800048828125,299.85675048828125,1442900,0.0,0.0
2025-02-27 00:00:00-05:00,311.9800109863281,314.1199951171875,310.239990234375,311.29998779296875,299.7796936035156,1489900,0.0,0.0
2025-02-28 00:00:00-05:00,314.69000244140625,316.4599914550781,311.1300048828125,315.17999267578125,303.51611328125,3289100,0.0,0.0
2025-03-03 00:00:00-05:00,316.010009765625,320.5,315.70001220703125,318.6400146484375,306.8481140136719,1515400,0.0,0.0
2025-03-04 00:00:00-05:00,322.8399963378906,322.8399963378906,308.0,313.44000244140625,301.8404846191406,2388400,0.0,0.0
2025-03-05 00:00:00-05:00,311.3800048828125,313.8999938964844,309.3900146484375,310.42999267578125,298.94189453125,3471000,0.0,0.0
2025-03-06 00:00:00-05:00,308.5,309.4599914550781,299.239990234375,302.4599914550781,291.26678466796875,2975100,0.0,0.0
2025-03-07 00:00:00-05:00,302.4599914550781,307.2900085449219,302.4599914550781,306.45001220703125,295.10919189453125,2293500,0.0,0.0
2025-03-10 00:00:00-04:00,306.20001220703125,309.3399963378906,301.5799865722656,302.989990234375,291.7771911621094,2991400,0.0,0.0
2025-03-11 00:00:00-04:00,304.1099853515625,304.4800109863281,292.0299987792969,292.44000244140625,281.6176452636719,2923400,0.0,0.0
2025-03-12 00:00:00-04:00,292.7799987792969,294.7799987792969,290.1000061035156,294.17999267578125,283.2932434082031,1959700,0.0,0.0
2025-03-13 00:00:00-04:00,294.1300048828125,294.19000244140625,289.45001220703125,290.54998779296875,279.79754638671875,2062500,0.0,0.0
2025-03-14 00:00:00-04:00,289.20001220703125,292.55999755859375,289.20001220703125,291.760009765625,282.4599609375,1429200,1.54,0.0
2025-03-17 00:00:00-04:00,292.0799865722656,297.8999938964844,291.2200012207031,296.5799865722656,287.1262512207031,1818300,0.0,0.0
2025-03-18 00:00:00-04:00,295.8500061035156,296.4800109863281,293.0,295.92999267578125,286.49700927734375,1181000,0.0,0.0
2025-03-19 00:00:00-04:00,295.92999267578125,300.2699890136719,295.92999267578125,298.7900085449219,289.2658386230469,1291700,0.0,0.0
2025-03-20 00:00:00-04:00,295.1400146484375,299.80999755859375,294.8999938964844,297.510009765625,288.0266418457031,1602400,0.0,0.0
2025-03-21 00:00:00-04:00,295.1600036621094,295.6600036621094,292.7300109863281,295.32000732421875,285.9064636230469,3951100,0.0,0.0
2025-03-24 00:00:00-04:00,297.5299987792969,300.2300109863281,296.7300109863281,298.8900146484375,289.3626708984375,1709100,0.0,0.0
2025-03-25 00:00:00-04:00,299.010009765625,300.0299987792969,297.510009765625,299.3800048828125,289.8370361328125,1474800,0.0,0.0
2025-03-26 00:00:00-04:00,300.4200134277344,307.1400146484375,298.8699951171875,302.4100036621094,292.7704162597656,1851300,0.0,0.0
2025-03-27 00:00:00-04:00,303.0299987792969,306.25,301.2799987792969,305.42999267578125,295.6942138671875,1373800,0.0,0.0
2025-03-28 00:00:00-04:00,306.29998779296875,308.8900146484375,300.6499938964844,300.8299865722656,291.2408142089844,1785400,0.0,0.0
2025-03-31 00:00:00-04:00,301.25,306.3299865722656,300.8999938964844,305.5299987792969,295.7909851074219,2492500,0.0,0.0
2025-04-01 00:00:00-04:00,305.3800048828125,307.3800048828125,303.5899963378906,306.5400085449219,296.7688293457031,1199200,0.0,0.0
2025-04-02 00:00:00-04:00,304.92999267578125,307.9700012207031,303.75,307.2300109863281,297.43682861328125,1089300,0.0,0.0
2025-04-03 00:00:00-04:00,304.69000244140625,309.5,303.4800109863281,305.3900146484375,295.65545654296875,1998800,0.0,0.0
2025-04-04 00:00:00-04:00,305.5799865722656,306.0,285.8999938964844,286.1300048828125,277.00933837890625,3769200,0.0,0.0
2025-04-07 00:00:00-04:00,284.0899963378906,288.5299987792969,272.6199951171875,281.2200012207031,272.255859375,3541600,0.0,0.0
2025-04-08 00:00:00-04:00,282.79998779296875,286.42999267578125,273.5400085449219,276.760009765625,267.9380798339844,3130200,0.0,0.0
2025-04-09 00:00:00-04:00,275.1600036621094,295.69000244140625,273.80999755859375,294.69000244140625,285.2965393066406,3469500,0.0,0.0
2025-04-10 00:00:00-04:00,293.1400146484375,297.4700012207031,285.1400146484375,292.2099914550781,282.8955993652344,3284700,0.0,0.0
2025-04-11 00:00:00-04:00,292.2099914550781,301.3900146484375,290.29998779296875,299.5400085449219,289.991943359375,2188000,0.0,0.0
2025-04-14 00:00:00-04:00,299.6499938964844,304.30999755859375,298.7200012207031,301.55999755859375,291.94757080078125,1806200,0.0,0.0
2025-04-15 00:00:00-04:00,301.55999755859375,303.2699890136719,297.79998779296875,298.05999755859375,288.55908203125,1763300,0.0,0.0
2025-04-16 00:00:00-04:00,297.9599914550781,299.20001220703125,292.260009765625,294.1400146484375,284.7640686035156,1406500,0.0,0.0
2025-04-17 00:00:00-04:00,295.8800048828125,296.1000061035156,292.9599914550781,293.2799987792969,283.9314880371094,1667100,0.0,0.0
2025-04-21 00:00:00-04:00,290.7699890136719,293.239990234375,280.3399963378906,284.8500061035156,275.77020263671875,2315500,0.0,0.0
2025-04-22 00:00:00-04:00,288.32000732421875,295.510009765625,286.760009765625,292.8900146484375,283.55389404296875,1725200,0.0,0.0
2025-04-23 00:00:00-04:00,294.3500061035156,297.6000061035156,291.7300109863281,293.5400085449219,284.1831970214844,1636100,0.0,0.0
2025-04-24 00:00:00-04:00,293.0400085449219,294.8599853515625,288.9599914550781,294.54998779296875,285.1609802246094,1686300,0.0,0.0
2025-04-25 00:00:00-04:00,293.0899963378906,294.20001220703125,288.75,291.760009765625,282.4599609375,1482000,0.0,0.0
2025-04-28 00:00:00-04:00,291.6499938964844,294.2099914550781,290.3999938964844,293.57000732421875,284.2122497558594,1669200,0.0,0.0
2025-04-29 00:00:00-04:00,292.3999938964844,296.0199890136719,292.3699951171875,295.7699890136719,286.34210205078125,1618300,0.0,0.0
2025-04-30 00:00:00-04:00,290.739990234375,301.3599853515625,288.3399963378906,300.6000061035156,291.0181579589844,3342000,0.0,0.0
2025-05-01 00:00:00-04:00,299.2099914550781,300.32000732421875,293.7300109863281,298.69000244140625,289.16900634765625,1667400,0.0,0.0
2025-05-02 00:00:00-04:00,301.0199890136719,305.05999755859375,300.0799865722656,303.57000732421875,293.8934631347656,1720800,0.0,0.0
2025-05-05 00:00:00-04:00,303.29998779296875,305.75,301.45001220703125,303.9599914550781,294.2710266113281,1232800,0.0,0.0
2025-05-06 00:00:00-04:00,303.2300109863281,304.19000244140625,300.92999267578125,303.3299865722656,293.66107177734375,1006800,0.0,0.0
2025-05-07 00:00:00-04:00,303.4100036621094,306.20001220703125,302.3800048828125,305.17999267578125,295.4521484375,2013000,0.0,0.0
2025-05-08 00:00:00-04:00,306.8999938964844,309.6700134277344,305.19000244140625,307.0899963378906,297.30126953125,1164200,0.0,0.0
2025-05-09 00:00:00-04:00,307.0899963378906,308.7099914550781,305.82000732421875,307.7200012207031,297.91119384765625,851700,0.0,0.0
2025-05-12 00:00:00-04:00,311.82000732421875,312.1400146484375,305.2099914550781,309.3800048828125,299.5182800292969,1683000,0.0,0.0
2025-05-13 00:00:00-04:00,310.0799865722656,310.8599853515625,308.17999267578125,308.19000244140625,298.3662414550781,1215300,0.0,0.0
2025-05-14 00:00:00-04:00,306.6600036621094,309.9800109863281,305.510009765625,309.4100036621094,299.5473327636719,1163100,0.0,0.0
2025-05-15 00:00:00-04:00,309.9599914550781,315.95001220703125,309.9599914550781,315.8500061035156,305.78204345703125,1696900,0.0,0.0
2025-05-16 00:00:00-04:00,316.44000244140625,319.5,314.3900146484375,319.3699951171875,309.1898498535156,1489000,0.0,0.0
2025-05-19 00:00:00-04:00,318.7200012207031,323.1700134277344,317.3699951171875,322.9599914550781,312.6654052734375,1530400,0.0,0.0
2025-05-20 00:00:00-04:00,321.3599853515625,323.1400146484375,320.8299865722656,322.79998779296875,312.5104675292969,1015000,0.0,0.0
2025-05-21 00:00:00-04:00,320.30999755859375,323.6600036621094,320.30999755859375,322.6300048828125,312.345947265625,1892300,0.0,0.0
2025-05-22 00:00:00-04:00,322.6000061035156,323.2099914550781,320.1499938964844,321.6499938964844,311.39715576171875,1273700,0.0,0.0
2025-05-23 00:00:00-04:00,319.07000732421875,321.8299865722656,317.6499938964844,321.0899963378906,310.85498046875,962400,0.0,0.0
2025-05-27 00:00:00-04:00,322.8800048828125,326.0,321.82000732421875,325.7099914550781,315.3277282714844,1745100,0.0,0.0
2025-05-28 00:00:00-04:00,327.32000732421875,327.989990234375,323.7099914550781,324.1400146484375,313.8077697753906,1158700,0.0,0.0
2025-05-29 00:00:00-04:00,324.20001220703125,325.07000732421875,321.2699890136719,324.1199951171875,313.7884216308594,921700,0.0,0.0
2025-05-30 00:00:00-04:00,325.17999267578125,326.6000061035156,323.3699951171875,325.5299987792969,315.1534729003906,2925000,0.0,0.0
2025-06-02 00:00:00-04:00,322.79998779296875,325.9100036621094,321.07000732421875,325.79998779296875,315.41485595703125,1502400,0.0,0.0
2025-06-03 00:00:00-04:00,324.4599914550781,326.79998779296875,322.9800109863281,326.5299987792969,316.1216125488281,2155900,0.0,0.0
2025-06-04 00:00:00-04:00,325.7200012207031,327.55999755859375,323.9599914550781,326.2099914550781,315.81182861328125,1229900,0.0,0.0
2025-06-05 00:00:00-04:00,327.17999267578125,327.79998779296875,324.67999267578125,326.2300109863281,315.8312072753906,1817400,0.0,0.0
2025-06-06 00:00:00-04:00,328.8500061035156,329.92999267578125,326.1300048828125,326.80999755859375,316.3927001953125,1183300,0.0,0.0
2025-06-09 00:00:00-04:00,325.7200012207031,325.8399963378906,317.79998779296875,318.57000732421875,308.4153137207031,1462900,0.0,0.0
2025-06-10 00:00:00-04:00,318.5299987792969,319.7200012207031,312.67999267578125,314.5199890136719,304.4944152832031,1422000,0.0,0.0
2025-06-11 00:00:00-04:00,314.3800048828125,314.3800048828125,310.92999267578125,312.3699951171875,302.4129333496094,1323600,0.0,0.0
2025-06-12 00:00:00-04:00,312.9599914550781,314.25,305.2799987792969,309.75,299.87646484375,1798900,0.0,0.0
2025-06-13 00:00:00-04:00,307.07000732421875,310.8500061035156,305.739990234375,306.82000732421875,298.5240478515625,2021600,1.54,0.0
2025-06-16 00:00:00-04:00,307.79998779296875,309.69000244140625,306.6300048828125,307.9100036621094,299.5845947265625,1622300,0.0,0.0
2025-06-17 00:00:00-04:00,308.7699890136719,309.29998779296875,306.8500061035156,307.6199951171875,299.30242919921875,2356900,0.0,0.0
2025-06-18 00:00:00-04:00,307.6199951171875,308.80999755859375,306.0799865722656,306.7699890136719,298.47540283203125,1466700,0.0,0.0
2025-06-20 00:00:00-04:00,308.510009765625,308.510009765625,304.0,306.260009765625,297.9792175292969,3659000,0.0,0.0
2025-06-23 00:00:00-04:00,307.260009765625,310.44000244140625,305.760009765625,310.239990234375,301.8515625,1707000,0.0,0.0
2025-06-24 00:00:00-04:00,311.25,311.989990234375,308.1499938964844,311.3999938964844,302.980224609375,1309200,0.0,0.0
2025-06-25 00:00:00-04:00,311.0199890136719,311.20001220703125,297.2200012207031,298.19000244140625,290.1274108886719,2354900,0.0,0.0
2025-06-26 00:00:00-04:00,299.239990234375,303.8999938964844,296.75,302.9800109863281,294.78790283203125,2304100,0.0,0.0
2025-06-27 00:00:00-04:00,302.94000244140625,306.4700012207031,300.8999938964844,303.45001220703125,295.24517822265625,1931100,0.0,0.0
2025-06-30 00:00:00-04:00,303.3699951171875,308.8800048828125,302.6099853515625,308.3999938964844,300.06134033203125,2414600,0.0,0.0
2025-07-01 00:00:00-04:00,308.17999267578125,311.989990234375,307.29998779296875,310.1300048828125,301.74456787109375,1496600,0.0,0.0
2025-07-02 00:00:00-04:00,308.0799865722656,308.75,300.7900085449219,305.04998779296875,296.8019104003906,1327800,0.0,0.0
2025-07-03 00:00:00-04:00,307.0,309.3999938964844,305.2799987792969,309.20001220703125,300.8397216796875,1393200,0.0,0.0
2025-07-07 00:00:00-04:00,309.17999267578125,310.80999755859375,306.8999938964844,308.3999938964844,300.06134033203125,1660400,0.0,0.0
2025-07-08 00:00:00-04:00,307.7699890136719,309.2099914550781,305.3999938964844,306.8999938964844,298.6018981933594,1919200,0.0,0.0
2025-07-09 00:00:00-04:00,308.2099914550781,308.6600036621094,305.260009765625,308.4100036621094,300.0710754394531,1359600,0.0,0.0
2025-07-10 00:00:00-04:00,307.3500061035156,308.4700012207031,305.32000732421875,305.82000732421875,297.55108642578125,1421500,0.0,0.0
2025-07-11 00:00:00-04:00,305.42999267578125,305.8599853515625,301.8399963378906,302.6499938964844,294.466796875,1097300,0.0,0.0
2025-07-14 00:00:00-04:00,302.19000244140625,303.8399963378906,301.1000061035156,303.3599853515625,295.1575927734375,1128400,0.0,0.0
2025-07-15 00:00:00-04:00,302.07000732421875,303.2099914550781,298.04998779296875,298.17999267578125,290.1176452636719,965400,0.0,0.0
2025-07-16 00:00:00-04:00,298.6600036621094,300.70001220703125,296.4599914550781,300.2699890136719,292.1511535644531,1525500,0.0,0.0
2025-07-17 00:00:00-04:00,299.8800048828125,303.3699951171875,299.8800048828125,302.1199951171875,293.95111083984375,1313800,0.0,0.0
2025-07-18 00:00:00-04:00,304.2699890136719,304.2699890136719,300.3900146484375,301.7900085449219,293.63006591796875,1653900,0.0,0.0
2025-07-21 00:00:00-04:00,301.69000244140625,303.29998779296875,300.75,300.8999938964844,292.7641296386719,949700,0.0,0.0
2025-07-22 00:00:00-04:00,301.6000061035156,306.3299865722656,301.4800109863281,302.9800109863281,294.78790283203125,1026700,0.0,0.0
2025-07-23 00:00:00-04:00,302.3800048828125,304.510009765625,301.5,304.2300109863281,296.0041198730469,1135600,0.0,0.0
2025-07-24 00:00:00-04:00,303.9200134277344,307.1000061035156,303.25,306.239990234375,297.959716796875,1148000,0.0,0.0
2025-07-25 00:00:00-04:00,307.1600036621094,308.82000732421875,306.1700134277344,308.6300048828125,300.28515625,967200,0.0,0.0
2025-07-28 00:00:00-04:00,308.6000061035156,309.19000244140625,306.30999755859375,306.8900146484375,298.5921630859375,1184800,0.0,0.0
2025-07-29 00:00:00-04:00,307.9700012207031,309.69000244140625,305.5,308.6400146484375,300.29486083984375,2670900,0.0,0.0
2025-07-30 00:00:00-04:00,299.30999755859375,315.9800109863281,298.69000244140625,310.94000244140625,302.53265380859375,2558200,0.0,0.0
2025-07-31 00:00:00-04:00,309.32000732421875,315.260009765625,308.80999755859375,309.5,301.131591796875,2030400,0.0,0.0
2025-08-01 00:00:00-04:00,308.0,308.2699890136719,299.55999755859375,300.44000244140625,292.3165588378906,1791600,0.0,0.0
2025-08-04 00:00:00-04:00,300.54998779296875,303.0899963378906,300.3699951171875,302.260009765625,294.0873718261719,1560100,0.0,0.0
2025-08-05 00:00:00-04:00,302.17999267578125,302.8900146484375,299.2900085449219,299.44000244140625,291.3435974121094,1774900,0.0,0.0
2025-08-06 00:00:00-04:00,300.5799865722656,302.4599914550781,298.6600036621094,301.6400146484375,293.484130859375,1879400,0.0,0.0
2025-08-07 00:00:00-04:00,303.67999267578125,305.7699890136719,301.5799865722656,303.489990234375,295.2840881347656,1519900,0.0,0.0
2025-08-08 00:00:00-04:00,304.1300048828125,306.8299865722656,303.6199951171875,305.80999755859375,297.5413513183594,879400,0.0,0.0
2025-08-11 00:00:00-04:00,304.760009765625,306.94000244140625,302.5,303.7200012207031,295.50787353515625,1265700,0.0,0.0
2025-08-12 00:00:00-04:00,303.5199890136719,304.20001220703125,299.010009765625,299.6300048828125,291.5284729003906,1280000,0.0,0.0
2025-08-13 00:00:00-04:00,299.8699951171875,305.1099853515625,299.7300109863281,304.95001220703125,296.7046203613281,2351700,0.0,0.0
2025-08-14 00:00:00-04:00,304.95001220703125,304.9599914550781,301.42999267578125,301.67999267578125,293.52301025390625,1074400,0.0,0.0
2025-08-15 00:00:00-04:00,301.30999755859375,304.0299987792969,300.05999755859375,301.7900085449219,293.63006591796875,1362800,0.0,0.0
2025-08-18 00:00:00-04:00,302.0199890136719,303.1600036621094,301.1000061035156,302.6499938964844,294.466796875,1156700,0.0,0.0
2025-08-19 00:00:00-04:00,302.5799865722656,306.7300109863281,302.25,305.7200012207031,297.45379638671875,1227200,0.0,0.0
2025-08-20 00:00:00-04:00,306.8399963378906,310.0799865722656,305.6700134277344,309.0299987792969,300.6742858886719,1440600,0.0,0.0
2025-08-21 00:00:00-04:00,308.5299987792969,308.989990234375,304.0400085449219,304.94000244140625,296.69488525390625,1458700,0.0,0.0
2025-08-22 00:00:00-04:00,306.45001220703125,308.8999938964844,303.3699951171875,307.95001220703125,299.62353515625,1150900,0.0,0.0
2025-08-25 00:00:00-04:00,306.7099914550781,307.79998779296875,303.2799987792969,303.8399963378906,295.6246337890625,1138000,0.0,0.0
2025-08-26 00:00:00-04:00,303.1300048828125,304.6700134277344,302.1199951171875,303.45001220703125,295.24517822265625,2503400,0.0,0.0
2025-08-27 00:00:00-04:00,302.5299987792969,304.3299865722656,301.9599914550781,303.0899963378906,294.8949279785156,1109600,0.0,0.0
2025-08-28 00:00:00-04:00,303.0400085449219,304.45001220703125,301.75,304.1000061035156,295.87762451171875,1488200,0.0,0.0
2025-08-29 00:00:00-04:00,302.6499938964844,305.30999755859375,302.6499938964844,304.04998779296875,295.8289489746094,1106900,0.0,0.0
2025-09-02 00:00:00-04:00,301.6400146484375,302.45001220703125,298.29998779296875,299.7699890136719,291.6647033691406,1648300,0.0,0.0
2025-09-03 00:00:00-04:00,296.57000732421875,300.07000732421875,294.5899963378906,298.8599853515625,290.7792663574219,1447900,0.0,0.0
2025-09-04 00:00:00-04:00,298.9200134277344,301.5799865722656,296.7099914550781,301.19000244140625,293.0462646484375,1735400,0.0,0.0
2025-09-05 00:00:00-04:00,301.19000244140625,302.67999267578125,293.95001220703125,295.9700012207031,287.9674072265625,1892500,0.0,0.0
2025-09-08 00:00:00-04:00,296.5799865722656,298.5899963378906,293.510009765625,298.42999267578125,290.36090087890625,1716600,0.0,0.0
2025-09-09 00:00:00-04:00,298.42999267578125,298.8999938964844,296.2200012207031,297.239990234375,289.2030944824219,1349900,0.0,0.0
2025-09-10 00:00:00-04:00,297.8399963378906,297.8399963378906,290.3800048828125,292.3900146484375,284.4842224121094,1762100,0.0,0.0
2025-09-11 00:00:00-04:00,291.9599914550781,299.2200012207031,291.9599914550781,298.0299987792969,289.9717102050781,1984800,0.0,0.0
2025-09-12 00:00:00-04:00,294.9599914550781,296.8599853515625,292.19000244140625,293.5,287.0474548339844,1100100,1.54,0.0
2025-09-15 00:00:00-04:00,293.57000732421875,294.92999267578125,290.20001220703125,290.8699951171875,284.47528076171875,1290500,0.0,0.0
2025-09-16 00:00:00-04:00,290.25,291.9100036621094,282.2699890136719,288.69000244140625,282.34320068359375,2609100,0.0,0.0
2025-09-17 00:00:00-04:00,289.1300048828125,291.32000732421875,287.739990234375,288.75,282.40185546875,2275800,0.0,0.0
2025-09-18 00:00:00-04:00,288.05999755859375,292.29998779296875,287.44000244140625,290.95001220703125,284.55352783203125,2184400,0.0,0.0
2025-09-19 00:00:00-04:00,293.510009765625,293.510009765625,290.70001220703125,292.0,285.5804443359375,4039600,0.0,0.0
2025-09-22 00:00:00-04:00,289.4599914550781,294.4599914550781,288.5400085449219,293.6600036621094,287.2039489746094,2179600,0.0,0.0
2025-09-23 00:00:00-04:00,292.2099914550781,293.489990234375,287.30999755859375,289.2099914550781,282.8517761230469,1926200,0.0,0.0
2025-09-24 00:00:00-04:00,288.6000061035156,292.8699951171875,287.94000244140625,291.5,285.0914001464844,3456600,0.0,0.0
2025-09-25 00:00:00-04:00,291.8999938964844,293.2900085449219,287.6600036621094,288.8900146484375,282.538818359375,1862800,0.0,0.0
2025-09-26 00:00:00-04:00,289.55999755859375,292.7099914550781,288.54998779296875,291.5400085449219,285.13055419921875,1703900,0.0,0.0
2025-09-29 00:00:00-04:00,292.5,294.3500061035156,291.3900146484375,292.6600036621094,286.2259216308594,2155200,0.0,0.0
2025-09-30 00:00:00-04:00,288.489990234375,293.9100036621094,285.0299987792969,293.5,287.0474548339844,3156400,0.0,0.0
2025-10-01 00:00:00-04:00,292.4800109863281,293.6400146484375,289.57000732421875,291.6099853515625,285.198974609375,2201000,0.0,0.0
2025-10-02 00:00:00-04:00,289.2200012207031,290.82000732421875,286.4200134277344,289.8699951171875,283.49725341796875,2073800,0.0,0.0
2025-10-03 00:00:00-04:00,289.9800109863281,292.3800048828125,287.8599853515625,291.30999755859375,284.9056091308594,1227700,0.0,0.0
2025-10-06 00:00:00-04:00,291.5,291.95001220703125,288.489990234375,290.54998779296875,284.16229248046875,1703700,0.0,0.0
2025-10-07 00:00:00-04:00,291.67999267578125,293.510009765625,290.45001220703125,292.94000244140625,286.499755859375,1150200,0.0,0.0
2025-10-08 00:00:00-04:00,292.55999755859375,292.79998779296875,289.82000732421875,290.70001220703125,284.30902099609375,1410100,0.0,0.0
2025-10-09 00:00:00-04:00,290.44000244140625,291.3399963378906,285.3999938964844,285.8900146484375,279.60479736328125,1340800,0.0,0.0
2025-10-10 00:00:00-04:00,286.8500061035156,287.79998779296875,284.6499938964844,285.19000244140625,278.9201354980469,2717700,0.0,0.0
2025-10-13 00:00:00-04:00,285.2099914550781,286.8299865722656,282.8900146484375,284.3500061035156,278.0986022949219,2041600,0.0,0.0
2025-10-14 00:00:00-04:00,283.6600036621094,286.79998779296875,283.6199951171875,285.9200134277344,279.6341247558594,1299500,0.0,0.0
2025-10-15 00:00:00-04:00,286.70001220703125,287.69000244140625,283.010009765625,284.2099914550781,277.9617004394531,1568300,0.0,0.0
2025-10-16 00:00:00-04:00,284.260009765625,284.4800109863281,279.4200134277344,280.1600036621094,274.000732421875,1494300,0.0,0.0
2025-10-17 00:00:00-04:00,280.9800109863281,282.8999938964844,280.0,281.2699890136719,275.0863037109375,1301100,0.0,0.0
2025-10-20 00:00:00-04:00,281.6099853515625,283.739990234375,281.17999267578125,283.0299987792969,276.8076477050781,1395700,0.0,0.0
2025-10-21 00:00:00-04:00,283.4599914550781,285.4100036621094,282.2900085449219,283.9800109863281,277.73675537109375,1748200,0.0,0.0
2025-10-22 00:00:00-04:00,283.6099853515625,287.3999938964844,282.92999267578125,283.95001220703125,277.7073974609375,1233700,0.0,0.0
2025-10-23 00:00:00-04:00,282.70001220703125,284.2300109863281,280.6600036621094,281.54998779296875,275.36016845703125,1338200,0.0,0.0
2025-10-24 00:00:00-04:00,282.25,282.8599853515625,280.67999267578125,280.94000244140625,274.7635803222656,1263200,0.0,0.0
2025-10-27 00:00:00-04:00,280.9700012207031,282.8900146484375,280.0899963378906,280.5299987792969,274.36260986328125,1979800,0.0,0.0
2025-10-28 00:00:00-04:00,280.0,282.92999267578125,279.30999755859375,279.6300048828125,273.48236083984375,2351300,0.0,0.0
2025-10-29 00:00:00-04:00,271.1600036621094,272.80999755859375,260.239990234375,261.2200012207031,255.47711181640625,3346300,0.0,0.0
2025-10-30 00:00:00-04:00,262.2200012207031,265.9200134277344,260.2200012207031,261.5299987792969,255.78030395507812,2792400,0.0,0.0
2025-10-31 00:00:00-04:00,260.6300048828125,262.0799865722656,258.19000244140625,260.29998779296875,254.5773468017578,2557700,0.0,0.0
2025-11-03 00:00:00-05:00,260.29998779296875,260.67999267578125,255.16000366210938,257.1700134277344,251.5161895751953,2365600,0.0,0.0
2025-11-04 00:00:00-05:00,259.6099853515625,262.25,256.8699951171875,259.2200012207031,253.52110290527344,2555000,0.0,0.0
2025-11-05 00:00:00-05:00,256.4700012207031,260.7699890136719,256.0400085449219,259.57000732421875,253.8634033203125,2213000,0.0,0.0
2025-11-06 00:00:00-05:00,257.6000061035156,258.6600036621094,249.67999267578125,252.36000061035156,246.81190490722656,3338300,0.0,0.0
2025-11-07 00:00:00-05:00,253.75999450683594,255.3800048828125,251.6199951171875,254.16000366210938,248.5723419189453,2442100,0.0,0.0
2025-11-10 00:00:00-05:00,253.3000030517578,255.77000427246094,251.17999267578125,254.05999755859375,248.47454833984375,1735600,0.0,0.0
2025-11-11 00:00:00-05:00,254.61000061035156,256.1000061035156,253.27000427246094,255.1999969482422,249.5894775390625,1413500,0.0,0.0
2025-11-12 00:00:00-05:00,255.2100067138672,256.3299865722656,253.49000549316406,254.5500030517578,248.95375061035156,1772100,0.0,0.0
2025-11-13 00:00:00-05:00,252.85000610351562,255.0399932861328,250.64999389648438,254.61000061035156,249.012451171875,1980600,0.0,0.0
2025-11-14 00:00:00-05:00,254.61000061035156,255.72000122070312,251.22000122070312,253.08999633789062,247.52586364746094,1720000,0.0,0.0
2025-11-17 00:00:00-05:00,252.80999755859375,253.55999755859375,250.35000610351562,250.89999389648438,245.38400268554688,1761300,0.0,0.0
2025-11-18 00:00:00-05:00,251.02000427246094,251.4600067138672,247.2100067138672,249.69000244140625,244.2006072998047,2031600,0.0,0.0
2025-11-19 00:00:00-05:00,250.25999450683594,251.35000610351562,247.17999267578125,250.41000366210938,244.90478515625,2170500,0.0,0.0
2025-11-20 00:00:00-05:00,251.80999755859375,251.92999267578125,247.77000427246094,249.05999755859375,243.58445739746094,2034400,0.0,0.0
2025-11-21 00:00:00-05:00,249.77999877929688,254.4600067138672,249.05999755859375,253.1199951171875,247.55519104003906,2003200,0.0,0.0
2025-11-24 00:00:00-05:00,252.6199951171875,252.7899932861328,248.3300018310547,250.10000610351562,244.60159301757812,3502300,0.0,0.0
2025-11-25 00:00:00-05:00,251.0,260.0,250.66000366210938,256.30999755859375,250.67506408691406,2670000,0.0,0.0
2025-11-26 00:00:00-05:00,256.9800109863281,257.3999938964844,254.05999755859375,254.3300018310547,248.7386016845703,1711800,0.0,0.0
2025-11-28 00:00:00-05:00,255.2899932861328,256.3599853515625,253.6999969482422,255.3000030517578,249.68728637695312,975300,0.0,0.0
2025-12-01 00:00:00-05:00,254.0,257.8999938964844,253.1999969482422,255.83999633789062,250.21539306640625,2860800,0.0,0.0
2025-12-02 00:00:00-05:00,256.6499938964844,258.1099853515625,254.4600067138672,257.17999267578125,251.52593994140625,3423000,0.0,0.0
2025-12-03 00:00:00-05:00,256.5,260.5400085449219,256.5,260.2200012207031,254.49911499023438,2367000,0.0,0.0
2025-12-04 00:00:00-05:00,261.4599914550781,262.29998779296875,258.3500061035156,259.3999938964844,253.69712829589844,2594200,0.0,0.0
2025-12-05 00:00:00-05:00,259.3999938964844,262.760009765625,259.3399963378906,261.6300048828125,255.8781280517578,2756600,0.0,0.0
2025-12-08 00:00:00-05:00,260.8599853515625,261.1199951171875,257.5799865722656,258.69000244140625,253.0027313232422,2584200,0.0,0.0
2025-12-09 00:00:00-05:00,259.0899963378906,260.989990234375,257.989990234375,258.2300109863281,252.55287170410156,1717100,0.0,0.0
2025-12-10 00:00:00-05:00,257.3599853515625,260.04998779296875,256.8299865722656,259.3399963378906,253.6384735107422,2449800,0.0,0.0
2025-12-11 00:00:00-05:00,259.5899963378906,264.989990234375,259.3500061035156,264.69000244140625,258.870849609375,1634400,0.0,0.0
2025-12-12 00:00:00-05:00,264.04998779296875,266.3500061035156,263.739990234375,266.1000061035156,261.9320983886719,2079100,1.7,0.0
2025-12-15 00:00:00-05:00,266.3299865722656,267.8500061035156,264.57000732421875,264.95001220703125,260.8001403808594,2958000,0.0,0.0
2025-12-16 00:00:00-05:00,261.7799987792969,263.79998779296875,259.57000732421875,262.1700134277344,258.0636901855469,3359200,0.0,0.0
2025-12-17 00:00:00-05:00,261.2799987792969,266.4200134277344,261.0,265.4700012207031,261.3119812011719,2511200,0.0,0.0
2025-12-18 00:00:00-05:00,263.1300048828125,265.25,260.760009765625,260.9700012207031,256.8824768066406,3508700,0.0,0.0
2025-12-19 00:00:00-05:00,260.32000732421875,261.0,257.0400085449219,257.94000244140625,253.89993286132812,7868400,0.0,0.0
2025-12-22 00:00:00-05:00,257.94000244140625,261.489990234375,257.6199951171875,259.739990234375,255.67173767089844,2075700,0.0,0.0
2025-12-23 00:00:00-05:00,260.2699890136719,260.3699951171875,256.5899963378906,257.010009765625,252.98451232910156,1875900,0.0,0.0
2025-12-24 00:00:00-05:00,256.5199890136719,259.0,255.3000030517578,258.1000061035156,254.0574188232422,622100,0.0,0.0
2025-12-26 00:00:00-05:00,257.8699951171875,259.04998779296875,257.3999938964844,258.8399963378906,254.78582763671875,1230500,0.0,0.0
2025-12-29 00:00:00-05:00,259.1499938964844,260.8299865722656,258.4100036621094,259.6099853515625,255.54376220703125,1703200,0.0,0.0
2025-12-30 00:00:00-05:00,258.6199951171875,260.6600036621094,258.55999755859375,259.5299987792969,255.4650421142578,1004100,0.0,0.0
