Date,Open,High,Low,Close,Adj Close,Volume,Dividends,Stock Splits
2022-01-03 00:00:00-05:00,103.13999938964844,104.91000366210938,101.7699966430664,102.56999969482422,98.41240692138672,89900,0.0,0.0
2022-01-04 00:00:00-05:00,102.80999755859375,105.26000213623047,102.80999755859375,104.0,99.78443145751953,96000,0.0,0.0
2022-01-05 00:00:00-05:00,103.80000305175781,104.5199966430664,101.79000091552734,101.8499984741211,97.72159576416016,102800,0.0,0.0
2022-01-06 00:00:00-05:00,102.16000366210938,103.56999969482422,101.70999908447266,103.05999755859375,98.88253784179688,100200,0.0,0.0
2022-01-07 00:00:00-05:00,102.72000122070312,103.44999694824219,101.20999908447266,101.30999755859375,97.20347595214844,62300,0.0,0.0
2022-01-10 00:00:00-05:00,100.43000030517578,100.6500015258789,98.80999755859375,100.47000122070312,96.39752960205078,60600,0.0,0.0
2022-01-11 00:00:00-05:00,100.27999877929688,100.66000366210938,98.12000274658203,99.97000122070312,95.91778564453125,79200,0.0,0.0
2022-01-12 00:00:00-05:00,100.77999877929688,102.1500015258789,99.87000274658203,100.16000366210938,96.10009002685547,86500,0.0,0.0
2022-01-13 00:00:00-05:00,100.12000274658203,102.54000091552734,100.12000274658203,100.87000274658203,96.78132629394531,73700,0.0,0.0
2022-01-14 00:00:00-05:00,99.62999725341797,101.54000091552734,98.41999816894531,101.45999908447266,97.34740447998047,83900,0.0,0.0
2022-01-18 00:00:00-05:00,100.38999938964844,100.45999908447266,97.25,97.7699966430664,93.80697631835938,101300,0.0,0.0
2022-01-19 00:00:00-05:00,98.68000030517578,98.98999786376953,96.62999725341797,97.25,93.30805206298828,90500,0.0,0.0
2022-01-20 00:00:00-05:00,97.61000061035156,99.5199966430664,96.37999725341797,96.45999908447266,92.55006408691406,84700,0.0,0.0
2022-01-21 00:00:00-05:00,96.26000213623047,99.5,95.9000015258789,97.25,93.30805206298828,122300,0.0,0.0
2022-01-24 00:00:00-05:00,95.62000274658203,100.70999908447266,94.83000183105469,100.0999984741211,96.04251861572266,197800,0.0,0.0
2022-01-25 00:00:00-05:00,98.0199966430664,98.30000305175781,94.37999725341797,96.68000030517578,92.76116180419922,106200,0.0,0.0
2022-01-26 00:00:00-05:00,97.66999816894531,100.04000091552734,95.8499984741211,96.68000030517578,92.76116180419922,219500,0.0,0.0
2022-01-27 00:00:00-05:00,103.12000274658203,103.12000274658203,98.58000183105469,99.51000213623047,95.47644805908203,167800,0.0,0.0
2022-01-28 00:00:00-05:00,101.08999633789062,101.63999938964844,96.30000305175781,99.94000244140625,95.8890151977539,179700,0.0,0.0
2022-01-31 00:00:00-05:00,98.88999938964844,99.91000366210938,97.30000305175781,97.9800033569336,94.00846099853516,146400,0.0,0.0
2022-02-01 00:00:00-05:00,98.0199966430664,99.88999938964844,96.38999938964844,99.7300033569336,95.68750762939453,157700,0.0,0.0
2022-02-02 00:00:00-05:00,99.22000122070312,100.33000183105469,97.20999908447266,99.41000366210938,95.3804931640625,154400,0.0,0.0
2022-02-03 00:00:00-05:00,98.33000183105469,99.69999694824219,97.88999938964844,97.98999786376953,94.01806640625,119600,0.0,0.0
2022-02-04 00:00:00-05:00,97.33999633789062,97.33999633789062,94.70999908447266,95.47000122070312,91.6001968383789,147200,0.0,0.0
2022-02-07 00:00:00-05:00,95.63999938964844,95.81999969482422,94.31999969482422,94.80999755859375,90.9669418334961,101300,0.0,0.0
2022-02-08 00:00:00-05:00,95.12999725341797,96.47000122070312,95.12999725341797,96.12000274658203,92.223876953125,137500,0.0,0.0
2022-02-09 00:00:00-05:00,96.9000015258789,97.66000366210938,96.68000030517578,97.23999786376953,93.29845428466797,155600,0.0,0.0
2022-02-10 00:00:00-05:00,95.52999877929688,97.19000244140625,94.04000091552734,95.0,91.14925384521484,168700,0.0,0.0
2022-02-11 00:00:00-05:00,95.12999725341797,95.58999633789062,93.9800033569336,94.87999725341797,91.03411102294922,154000,0.0,0.0
2022-02-14 00:00:00-05:00,94.73999786376953,95.94000244140625,94.3499984741211,95.41000366210938,91.87187957763672,157400,0.34,0.0
2022-02-15 00:00:00-05:00,96.22000122070312,98.70999908447266,95.93000030517578,98.36000061035156,94.71244812011719,121200,0.0,0.0
2022-02-16 00:00:00-05:00,97.87999725341797,100.44999694824219,97.20999908447266,99.95999908447266,96.25312805175781,125600,0.0,0.0
2022-02-17 00:00:00-05:00,98.80000305175781,99.80000305175781,97.80999755859375,98.97000122070312,95.2998275756836,135400,0.0,0.0
2022-02-18 00:00:00-05:00,98.4800033569336,100.43000030517578,98.04000091552734,98.16999816894531,94.52950286865234,135700,0.0,0.0
2022-02-22 00:00:00-05:00,97.45999908447266,98.87000274658203,96.93000030517578,97.7699966430664,94.14434051513672,83600,0.0,0.0
2022-02-23 00:00:00-05:00,98.2699966430664,98.2699966430664,95.97000122070312,96.05000305175781,92.48812103271484,95100,0.0,0.0
2022-02-24 00:00:00-05:00,94.61000061035156,98.80999755859375,94.25,98.41000366210938,94.76060485839844,167600,0.0,0.0
2022-02-25 00:00:00-05:00,98.9000015258789,101.83000183105469,98.66999816894531,100.62000274658203,96.88864135742188,128400,0.0,0.0
2022-02-28 00:00:00-05:00,99.5999984741211,101.76000213623047,99.5999984741211,101.0999984741211,97.3508529663086,238700,0.0,0.0
2022-03-01 00:00:00-05:00,100.36000061035156,100.87999725341797,97.12999725341797,98.08999633789062,94.45245361328125,171800,0.0,0.0
2022-03-02 00:00:00-05:00,99.05000305175781,102.7300033569336,98.08000183105469,101.80999755859375,98.03450012207031,226700,0.0,0.0
2022-03-03 00:00:00-05:00,102.63999938964844,102.8499984741211,100.45999908447266,101.37999725341797,97.62046813964844,164600,0.0,0.0
2022-03-04 00:00:00-05:00,100.30999755859375,100.70999908447266,98.9800033569336,100.5199966430664,96.79237365722656,116900,0.0,0.0
2022-03-07 00:00:00-05:00,100.75,100.75,97.83000183105469,98.83000183105469,95.16502380371094,135500,0.0,0.0
2022-03-08 00:00:00-05:00,99.83000183105469,102.66000366210938,99.19000244140625,100.94000244140625,97.19677734375,131800,0.0,0.0
2022-03-09 00:00:00-05:00,103.18000030517578,103.18000030517578,101.55000305175781,102.0199966430664,98.23674011230469,113600,0.0,0.0
2022-03-10 00:00:00-05:00,100.37000274658203,103.5,100.2699966430664,102.16000366210938,98.37154388427734,146400,0.0,0.0
2022-03-11 00:00:00-05:00,102.47000122070312,103.58999633789062,100.75,100.95999908447266,97.21602630615234,187100,0.0,0.0
2022-03-14 00:00:00-04:00,101.8499984741211,102.5999984741211,100.61000061035156,101.1500015258789,97.39900207519531,165500,0.0,0.0
2022-03-15 00:00:00-04:00,102.19999694824219,102.5,100.69000244140625,101.76000213623047,97.98636627197266,122000,0.0,0.0
2022-03-16 00:00:00-04:00,102.44999694824219,103.52999877929688,100.31999969482422,102.01000213623047,98.22709655761719,181700,0.0,0.0
2022-03-17 00:00:00-04:00,101.55999755859375,102.98999786376953,101.06999969482422,102.12000274658203,98.33302307128906,210700,0.0,0.0
2022-03-18 00:00:00-04:00,101.02999877929688,102.08999633789062,99.05000305175781,101.98999786376953,98.20783996582031,316400,0.0,0.0
2022-03-21 00:00:00-04:00,101.9000015258789,103.1500015258789,101.37999725341797,102.31999969482422,98.5256118774414,143300,0.0,0.0
2022-03-22 00:00:00-04:00,103.0999984741211,103.44000244140625,99.66999816894531,100.11000061035156,96.39755249023438,203300,0.0,0.0
2022-03-23 00:00:00-04:00,99.5,101.11000061035156,98.77999877929688,100.30999755859375,96.59012603759766,147500,0.0,0.0
2022-03-24 00:00:00-04:00,100.70999908447266,100.80999755859375,99.69000244140625,99.83999633789062,96.13755798339844,112400,0.0,0.0
2022-03-25 00:00:00-04:00,100.02999877929688,101.16000366210938,99.5,101.0,97.25457000732422,138100,0.0,0.0
2022-03-28 00:00:00-04:00,100.18000030517578,100.18000030517578,98.19999694824219,98.72000122070312,95.05912017822266,137300,0.0,0.0
2022-03-29 00:00:00-04:00,99.51000213623047,102.33000183105469,99.51000213623047,101.73999786376953,97.96710968017578,163100,0.0,0.0
2022-03-30 00:00:00-04:00,102.22000122070312,102.94000244140625,100.44000244140625,100.87999725341797,97.13900756835938,140100,0.0,0.0
2022-03-31 00:00:00-04:00,100.37000274658203,103.12000274658203,100.37000274658203,102.66000366210938,98.85299682617188,329700,0.0,0.0
2022-04-01 00:00:00-04:00,103.0199966430664,104.73999786376953,102.58000183105469,103.58000183105469,99.73889923095703,337200,0.0,0.0
2022-04-04 00:00:00-04:00,103.58000183105469,103.7300033569336,101.29000091552734,103.2300033569336,99.40187072753906,167700,0.0,0.0
2022-04-05 00:00:00-04:00,103.23999786376953,103.5199966430664,101.47000122070312,101.6500015258789,97.88044738769531,273000,0.0,0.0
2022-04-06 00:00:00-04:00,100.83000183105469,103.93000030517578,100.83000183105469,101.70999908447266,97.93824005126953,267700,0.0,0.0
2022-04-07 00:00:00-04:00,101.69999694824219,102.02999877929688,100.69000244140625,100.87999725341797,97.13900756835938,220300,0.0,0.0
2022-04-08 00:00:00-04:00,101.01000213623047,102.08999633789062,99.51000213623047,99.56999969482422,95.87757873535156,189200,0.0,0.0
2022-04-11 00:00:00-04:00,99.5,100.69000244140625,98.31999969482422,98.4800033569336,94.82801055908203,189700,0.0,0.0
2022-04-12 00:00:00-04:00,99.16000366210938,101.11000061035156,99.16000366210938,99.37000274658203,95.68501281738281,160800,0.0,0.0
2022-04-13 00:00:00-04:00,99.5199966430664,100.5999984741211,99.37999725341797,99.97000122070312,96.26274871826172,153400,0.0,0.0
2022-04-14 00:00:00-04:00,100.04000091552734,100.86000061035156,97.7699966430664,97.91999816894531,94.28875732421875,171600,0.0,0.0
2022-04-18 00:00:00-04:00,97.58000183105469,98.72000122070312,97.33000183105469,97.80999755859375,94.182861328125,129800,0.0,0.0
2022-04-19 00:00:00-04:00,98.38999938964844,100.19000244140625,97.43000030517578,99.83999633789062,96.13755798339844,160400,0.0,0.0
2022-04-20 00:00:00-04:00,100.54000091552734,104.12000274658203,100.54000091552734,103.06999969482422,99.24779510498047,301600,0.0,0.0
2022-04-21 00:00:00-04:00,104.31999969482422,104.47000122070312,102.33000183105469,103.37000274658203,99.53666687011719,161100,0.0,0.0
2022-04-22 00:00:00-04:00,102.94999694824219,102.94999694824219,99.58000183105469,100.18000030517578,96.4649658203125,137900,0.0,0.0
2022-04-25 00:00:00-04:00,99.23999786376953,99.3499984741211,96.62999725341797,98.94999694824219,95.28059387207031,169400,0.0,0.0
2022-04-26 00:00:00-04:00,97.83000183105469,99.25,95.80999755859375,96.05999755859375,92.49774169921875,166400,0.0,0.0
2022-04-27 00:00:00-04:00,95.86000061035156,97.41999816894531,95.08999633789062,96.25,92.68070983886719,168300,0.0,0.0
2022-04-28 00:00:00-04:00,103.5,106.2699966430664,98.80000305175781,104.9800033569336,101.08695220947266,315700,0.0,0.0
2022-04-29 00:00:00-04:00,105.25,107.4000015258789,103.72000122070312,104.69000244140625,100.80773162841797,234200,0.0,0.0
2022-05-02 00:00:00-04:00,104.94999694824219,105.54000091552734,98.69999694824219,101.55000305175781,97.7841796875,244400,0.0,0.0
2022-05-03 00:00:00-04:00,102.01000213623047,107.04000091552734,101.69999694824219,106.80999755859375,102.84909057617188,235100,0.0,0.0
2022-05-04 00:00:00-04:00,107.72000122070312,111.68000030517578,107.16000366210938,111.13999938964844,107.0185317993164,238000,0.0,0.0
2022-05-05 00:00:00-04:00,110.06999969482422,110.76000213623047,106.16999816894531,107.41999816894531,103.43647766113281,181100,0.0,0.0
2022-05-06 00:00:00-04:00,106.77999877929688,108.18000030517578,104.76000213623047,105.3499984741211,101.44322204589844,194200,0.0,0.0
2022-05-09 00:00:00-04:00,104.18000030517578,107.31999969482422,104.18000030517578,106.31999969482422,102.37728118896484,259700,0.0,0.0
2022-05-10 00:00:00-04:00,107.13999938964844,107.2699966430664,101.19999694824219,102.33000183105469,98.53524780273438,176300,0.0,0.0
2022-05-11 00:00:00-04:00,103.19999694824219,104.04000091552734,100.55999755859375,101.95999908447266,98.17893981933594,301200,0.0,0.0
2022-05-12 00:00:00-04:00,102.04000091552734,104.1500015258789,101.5199966430664,104.0,100.14329528808594,158900,0.0,0.0
2022-05-13 00:00:00-04:00,104.4000015258789,106.87000274658203,103.91999816894531,106.08000183105469,102.48121643066406,172800,0.34,0.0
2022-05-16 00:00:00-04:00,105.48999786376953,107.38999938964844,104.58999633789062,106.62000274658203,103.00288391113281,149100,0.0,0.0
2022-05-17 00:00:00-04:00,108.25,108.75,107.61000061035156,107.8499984741211,104.191162109375,184700,0.0,0.0
2022-05-18 00:00:00-04:00,106.54000091552734,107.63999938964844,104.2300033569336,105.02999877929688,101.46681213378906,236500,0.0,0.0
2022-05-19 00:00:00-04:00,103.72000122070312,104.61000061035156,102.12000274658203,102.95999908447266,99.46705627441406,194800,0.0,0.0
2022-05-20 00:00:00-04:00,103.48999786376953,103.69000244140625,99.51000213623047,100.58000183105469,97.16777801513672,214600,0.0,0.0
2022-05-23 00:00:00-04:00,101.75,102.75,100.0999984741211,100.27999877929688,96.87798309326172,328700,0.0,0.0
2022-05-24 00:00:00-04:00,99.63999938964844,99.80999755859375,96.55999755859375,98.5,95.15836334228516,331500,0.0,0.0
2022-05-25 00:00:00-04:00,98.44000244140625,100.66000366210938,97.94000244140625,99.2699966430664,95.90222930908203,204700,0.0,0.0
2022-05-26 00:00:00-04:00,99.94000244140625,101.80999755859375,99.44000244140625,101.16000366210938,97.72813415527344,196600,0.0,0.0
2022-05-27 00:00:00-04:00,101.8499984741211,104.16999816894531,101.8499984741211,103.19999694824219,99.69891357421875,217100,0.0,0.0
2022-05-31 00:00:00-04:00,102.13999938964844,104.12000274658203,101.0199966430664,103.41000366210938,99.90179443359375,201200,0.0,0.0
2022-06-01 00:00:00-04:00,103.69999694824219,104.4800033569336,102.30000305175781,103.48999786376953,99.97908020019531,279800,0.0,0.0
2022-06-02 00:00:00-04:00,104.20999908447266,105.62999725341797,103.19999694824219,105.33999633789062,101.76630401611328,174500,0.0,0.0
2022-06-03 00:00:00-04:00,104.61000061035156,105.5199966430664,103.80999755859375,104.19999694824219,100.66499328613281,305800,0.0,0.0
2022-06-06 00:00:00-04:00,105.23999786376953,107.08000183105469,104.05000305175781,106.80000305175781,103.17677307128906,220300,0.0,0.0
2022-06-07 00:00:00-04:00,105.98999786376953,107.62999725341797,105.44999694824219,107.01000213623047,103.37965393066406,146100,0.0,0.0
2022-06-08 00:00:00-04:00,106.5,106.91999816894531,105.22000122070312,105.63999938964844,102.05612182617188,179800,0.0,0.0
2022-06-09 00:00:00-04:00,105.63999938964844,106.44999694824219,104.70999908447266,104.76000213623047,101.20598602294922,125100,0.0,0.0
2022-06-10 00:00:00-04:00,103.1500015258789,103.1500015258789,100.95999908447266,101.29000091552734,97.85372161865234,143000,0.0,0.0
2022-06-13 00:00:00-04:00,99.0999984741211,99.56999969482422,97.43000030517578,98.5999984741211,95.25495910644531,163500,0.0,0.0
2022-06-14 00:00:00-04:00,97.83000183105469,99.05000305175781,96.30999755859375,97.80999755859375,94.49177551269531,206800,0.0,0.0
2022-06-15 00:00:00-04:00,99.2300033569336,99.94000244140625,97.04000091552734,98.06999969482422,94.74295043945312,139800,0.0,0.0
2022-06-16 00:00:00-04:00,96.47000122070312,97.36000061035156,92.02999877929688,92.58999633789062,89.4488525390625,158500,0.0,0.0
2022-06-17 00:00:00-04:00,93.29000091552734,93.29000091552734,89.9800033569336,90.37000274658203,87.3041763305664,368500,0.0,0.0
2022-06-21 00:00:00-04:00,92.04000091552734,92.55000305175781,90.5199966430664,91.7300033569336,88.6180419921875,225300,0.0,0.0
2022-06-22 00:00:00-04:00,90.30999755859375,91.86000061035156,89.79000091552734,91.44999694824219,88.3475341796875,160200,0.0,0.0
2022-06-23 00:00:00-04:00,91.30000305175781,92.19999694824219,89.5199966430664,90.41000366210938,87.34281158447266,155200,0.0,0.0
2022-06-24 00:00:00-04:00,90.87999725341797,95.11000061035156,90.87999725341797,95.01000213623047,91.78675842285156,507600,0.0,0.0
2022-06-27 00:00:00-04:00,96.58999633789062,98.06999969482422,95.66000366210938,96.87000274658203,93.58366394042969,191100,0.0,0.0
2022-06-28 00:00:00-04:00,97.61000061035156,98.27999877929688,94.19999694824219,94.4800033569336,91.27473449707031,311500,0.0,0.0
2022-06-29 00:00:00-04:00,94.72000122070312,95.05999755859375,92.93000030517578,94.19999694824219,91.00424194335938,130000,0.0,0.0
2022-06-30 00:00:00-04:00,93.0199966430664,96.63999938964844,92.54000091552734,96.16999816894531,92.90741729736328,270400,0.0,0.0
2022-07-01 00:00:00-04:00,95.95999908447266,97.30000305175781,94.58000183105469,95.7699966430664,92.52096557617188,147600,0.0,0.0
2022-07-05 00:00:00-04:00,93.95999908447266,94.83000183105469,91.41000366210938,93.18000030517578,90.01885223388672,250300,0.0,0.0
2022-07-06 00:00:00-04:00,93.06999969482422,93.87000274658203,91.22000122070312,92.97000122070312,89.81595611572266,152400,0.0,0.0
2022-07-07 00:00:00-04:00,94.04000091552734,95.30999755859375,93.8499984741211,94.19999694824219,91.00424194335938,107500,0.0,0.0
2022-07-08 00:00:00-04:00,94.4800033569336,94.4800033569336,92.7699966430664,93.37000274658203,90.20240020751953,96900,0.0,0.0
2022-07-11 00:00:00-04:00,92.5199966430664,94.30000305175781,92.5199966430664,93.27999877929688,90.1154556274414,95100,0.0,0.0
2022-07-12 00:00:00-04:00,93.16999816894531,94.41999816894531,92.0199966430664,92.61000061035156,89.46819305419922,86300,0.0,0.0
2022-07-13 00:00:00-04:00,91.19999694824219,91.52999877929688,90.25,90.69999694824219,87.62297821044922,114700,0.0,0.0
2022-07-14 00:00:00-04:00,88.55999755859375,89.93000030517578,88.08999633789062,89.72000122070312,86.67623138427734,177600,0.0,0.0
2022-07-15 00:00:00-04:00,91.16999816894531,91.16999816894531,89.41000366210938,90.44999694824219,87.38145446777344,269400,0.0,0.0
2022-07-18 00:00:00-04:00,91.79000091552734,92.23999786376953,89.7699966430664,89.79000091552734,86.74385070800781,114500,0.0,0.0
2022-07-19 00:00:00-04:00,90.91999816894531,93.87000274658203,90.91999816894531,93.70999908447266,90.53086853027344,179100,0.0,0.0
2022-07-20 00:00:00-04:00,94.02999877929688,95.56999969482422,93.3499984741211,95.44999694824219,92.21183776855469,133800,0.0,0.0
2022-07-21 00:00:00-04:00,94.26000213623047,94.70999908447266,93.05999755859375,94.62000274658203,91.41000366210938,153900,0.0,0.0
2022-07-22 00:00:00-04:00,94.80000305175781,95.70999908447266,93.61000061035156,94.52999877929688,91.32303619384766,104700,0.0,0.0
2022-07-25 00:00:00-04:00,94.18000030517578,95.5,93.9800033569336,95.33000183105469,92.09591674804688,94300,0.0,0.0
2022-07-26 00:00:00-04:00,95.62999725341797,96.19000244140625,94.69999694824219,95.55000305175781,92.30844116210938,79500,0.0,0.0
2022-07-27 00:00:00-04:00,95.69999694824219,98.41999816894531,95.37999725341797,97.4000015258789,94.09568786621094,106900,0.0,0.0
2022-07-28 00:00:00-04:00,98.23999786376953,99.30000305175781,97.19000244140625,98.91000366210938,95.55445861816406,60700,0.0,0.0
2022-07-29 00:00:00-04:00,98.66999816894531,100.94999694824219,98.66999816894531,100.58999633789062,97.17744445800781,94100,0.0,0.0
2022-08-01 00:00:00-04:00,99.79000091552734,104.36000061035156,99.79000091552734,103.30000305175781,99.7955093383789,207400,0.0,0.0
2022-08-02 00:00:00-04:00,102.83000183105469,102.83000183105469,100.66000366210938,100.9000015258789,97.47693634033203,71800,0.0,0.0
2022-08-03 00:00:00-04:00,101.83000183105469,103.16000366210938,100.55000305175781,102.58999633789062,99.10958862304688,122500,0.0,0.0
2022-08-04 00:00:00-04:00,102.26000213623047,102.91000366210938,101.68000030517578,102.29000091552734,98.81979370117188,81200,0.0,0.0
2022-08-05 00:00:00-04:00,101.16000366210938,103.55000305175781,100.37000274658203,103.44999694824219,99.9404296875,106900,0.0,0.0
2022-08-08 00:00:00-04:00,103.97000122070312,105.01000213623047,103.83000183105469,104.79000091552734,101.2349853515625,266900,0.0,0.0
2022-08-09 00:00:00-04:00,104.6500015258789,104.6500015258789,103.38999938964844,103.91999816894531,100.39448547363281,136400,0.0,0.0
2022-08-10 00:00:00-04:00,105.72000122070312,107.8499984741211,105.0999984741211,106.04000091552734,102.44256591796875,212000,0.0,0.0
2022-08-11 00:00:00-04:00,116.18000030517578,121.19999694824219,115.51000213623047,118.88999938964844,114.85662841796875,516900,0.0,0.0
2022-08-12 00:00:00-04:00,117.04000091552734,118.13999938964844,112.12999725341797,113.43000030517578,109.8961410522461,471000,0.34,0.0
2022-08-15 00:00:00-04:00,112.3499984741211,114.33000183105469,111.98999786376953,113.37000274658203,109.83802032470703,249100,0.0,0.0
2022-08-16 00:00:00-04:00,113.68000030517578,116.16999816894531,113.68000030517578,116.16000366210938,112.54109191894531,153100,0.0,0.0
2022-08-17 00:00:00-04:00,114.75,114.98999786376953,113.51000213623047,113.5999984741211,110.06084442138672,126100,0.0,0.0
2022-08-18 00:00:00-04:00,114.61000061035156,115.5,113.9000015258789,115.11000061035156,111.5237808227539,139600,0.0,0.0
2022-08-19 00:00:00-04:00,114.70999908447266,114.70999908447266,112.68000030517578,112.83999633789062,109.32451629638672,129300,0.0,0.0
2022-08-22 00:00:00-04:00,111.48999786376953,111.51000213623047,109.5999984741211,110.41000366210938,106.97019958496094,270200,0.0,0.0
2022-08-23 00:00:00-04:00,110.18000030517578,111.77999877929688,110.18000030517578,111.43000030517578,107.95844268798828,106600,0.0,0.0
2022-08-24 00:00:00-04:00,110.72000122070312,112.2300033569336,110.72000122070312,111.76000213623047,108.27816772460938,101100,0.0,0.0
2022-08-25 00:00:00-04:00,112.55000305175781,113.63999938964844,111.9000015258789,112.98999786376953,109.4698257446289,80400,0.0,0.0
2022-08-26 00:00:00-04:00,112.87999725341797,112.87999725341797,108.55999755859375,108.98999786376953,105.5944595336914,86600,0.0,0.0
2022-08-29 00:00:00-04:00,108.4000015258789,109.05999755859375,107.83000183105469,108.72000122070312,105.33289337158203,98400,0.0,0.0
2022-08-30 00:00:00-04:00,108.55999755859375,108.55999755859375,106.0,106.41000366210938,103.09485626220703,104500,0.0,0.0
2022-08-31 00:00:00-04:00,106.94000244140625,107.19000244140625,105.31999969482422,106.0199966430664,102.71697998046875,151200,0.0,0.0
2022-09-01 00:00:00-04:00,106.22000122070312,106.22000122070312,104.05999755859375,104.7300033569336,101.46717071533203,119300,0.0,0.0
2022-09-02 00:00:00-04:00,106.12999725341797,106.83000183105469,104.19000244140625,104.95999908447266,101.69001007080078,89100,0.0,0.0
2022-09-06 00:00:00-04:00,104.87999725341797,106.0,102.94999694824219,104.61000061035156,101.3509292602539,121400,0.0,0.0
2022-09-07 00:00:00-04:00,104.75,106.68000030517578,103.5999984741211,106.2300033569336,102.92044067382812,96800,0.0,0.0
2022-09-08 00:00:00-04:00,105.44000244140625,108.16000366210938,104.91999816894531,107.80999755859375,104.45121002197266,132000,0.0,0.0
2022-09-09 00:00:00-04:00,108.38999938964844,110.19999694824219,108.16999816894531,108.91999816894531,105.52664184570312,133700,0.0,0.0
2022-09-12 00:00:00-04:00,110.08000183105469,111.18000030517578,109.43000030517578,110.93000030517578,107.47401428222656,128900,0.0,0.0
2022-09-13 00:00:00-04:00,108.27999877929688,108.29000091552734,104.08999633789062,104.62000274658203,101.36061096191406,109700,0.0,0.0
2022-09-14 00:00:00-04:00,104.61000061035156,105.63999938964844,104.05999755859375,105.2300033569336,101.95160675048828,141100,0.0,0.0
2022-09-15 00:00:00-04:00,104.27999877929688,105.7300033569336,103.52999877929688,105.0,101.728759765625,115600,0.0,0.0
2022-09-16 00:00:00-04:00,103.81999969482422,105.0,102.6500015258789,104.44999694824219,101.19588470458984,367200,0.0,0.0
2022-09-19 00:00:00-04:00,103.41000366210938,106.31999969482422,103.41000366210938,105.62000274658203,102.32946014404297,126000,0.0,0.0
2022-09-20 00:00:00-04:00,104.58999633789062,105.37000274658203,103.05999755859375,104.62000274658203,101.36061096191406,150700,0.0,0.0
2022-09-21 00:00:00-04:00,105.77999877929688,107.30000305175781,103.44999694824219,103.5199966430664,100.29487609863281,101300,0.0,0.0
2022-09-22 00:00:00-04:00,103.23999786376953,103.23999786376953,101.37000274658203,101.9000015258789,98.725341796875,122100,0.0,0.0
2022-09-23 00:00:00-04:00,100.66000366210938,101.44999694824219,98.8499984741211,99.86000061035156,96.7489013671875,283800,0.0,0.0
2022-09-26 00:00:00-04:00,99.66000366210938,100.5199966430664,96.43000030517578,96.52999877929688,93.52266693115234,294300,0.0,0.0
2022-09-27 00:00:00-04:00,97.91000366210938,99.06999969482422,96.56999969482422,98.5999984741211,95.52816009521484,174100,0.0,0.0
2022-09-28 00:00:00-04:00,98.69000244140625,100.69999694824219,97.2699966430664,99.69999694824219,96.59388732910156,183000,0.0,0.0
2022-09-29 00:00:00-04:00,98.80999755859375,100.8499984741211,98.48999786376953,100.66000366210938,97.52398681640625,169600,0.0,0.0
2022-09-30 00:00:00-04:00,100.6500015258789,104.44999694824219,100.08000183105469,102.77999877929688,99.57792663574219,357100,0.0,0.0
2022-10-03 00:00:00-04:00,103.91000366210938,107.05000305175781,103.29000091552734,105.76000213623047,102.46509552001953,289500,0.0,0.0
2022-10-04 00:00:00-04:00,107.3499984741211,109.95999908447266,107.3499984741211,109.73999786376953,106.32109832763672,238100,0.0,0.0
2022-10-05 00:00:00-04:00,108.08000183105469,112.4000015258789,108.08000183105469,110.95999908447266,107.50308227539062,271000,0.0,0.0
2022-10-06 00:00:00-04:00,110.37999725341797,112.75,110.0199966430664,110.26000213623047,106.82490539550781,165800,0.0,0.0
2022-10-07 00:00:00-04:00,109.16999816894531,109.5,107.0,107.9000015258789,104.5384292602539,199900,0.0,0.0
2022-10-10 00:00:00-04:00,108.58000183105469,110.23999786376953,107.86000061035156,109.4800033569336,106.06920623779297,134600,0.0,0.0
2022-10-11 00:00:00-04:00,109.26000213623047,110.69000244140625,108.33999633789062,109.19000244140625,105.7882308959961,171900,0.0,0.0
2022-10-12 00:00:00-04:00,109.22000122070312,109.22000122070312,106.8499984741211,106.86000061035156,103.53082275390625,120400,0.0,0.0
2022-10-13 00:00:00-04:00,105.69999694824219,110.77999877929688,104.51000213623047,110.51000213623047,107.06710815429688,212700,0.0,0.0
2022-10-14 00:00:00-04:00,110.94999694824219,111.0,106.94999694824219,107.23999786376953,103.89897155761719,105100,0.0,0.0
2022-10-17 00:00:00-04:00,109.5,112.12000274658203,109.5,111.5199966430664,108.04564666748047,180800,0.0,0.0
2022-10-18 00:00:00-04:00,113.70999908447266,115.08999633789062,111.37999725341797,112.25,108.7529067993164,183300,0.0,0.0
2022-10-19 00:00:00-04:00,111.5999984741211,111.86000061035156,109.66000366210938,111.48999786376953,108.01657104492188,140100,0.0,0.0
2022-10-20 00:00:00-04:00,110.94000244140625,111.4800033569336,107.62999725341797,108.22000122070312,104.84845733642578,144800,0.0,0.0
2022-10-21 00:00:00-04:00,108.41999816894531,112.0,108.41999816894531,111.5199966430664,108.04564666748047,93000,0.0,0.0
2022-10-24 00:00:00-04:00,112.0,115.31999969482422,112.0,115.1500015258789,111.56254577636719,212500,0.0,0.0
2022-10-25 00:00:00-04:00,114.68000030517578,117.20999908447266,114.68000030517578,116.12999725341797,112.51202392578125,207700,0.0,0.0
2022-10-26 00:00:00-04:00,117.27999877929688,117.58999633789062,114.58999633789062,116.77999877929688,113.14176177978516,238700,0.0,0.0
2022-10-27 00:00:00-04:00,122.18000030517578,124.95999908447266,117.80000305175781,121.16999816894531,117.3949966430664,393600,0.0,0.0
2022-10-28 00:00:00-04:00,122.95999908447266,127.37000274658203,121.01000213623047,126.9000015258789,122.94648742675781,312000,0.0,0.0
2022-10-31 00:00:00-04:00,125.27999877929688,126.4800033569336,123.95999908447266,124.37999725341797,120.50499725341797,258300,0.0,0.0
2022-11-01 00:00:00-04:00,124.5,130.33999633789062,124.5,129.72000122070312,125.67861938476562,264300,0.0,0.0
2022-11-02 00:00:00-04:00,129.0800018310547,130.47000122070312,124.19999694824219,125.12000274658203,121.22193908691406,255300,0.0,0.0
2022-11-03 00:00:00-04:00,123.08000183105469,126.70999908447266,122.48999786376953,125.06999969482422,121.1734848022461,263800,0.0,0.0
2022-11-04 00:00:00-04:00,126.11000061035156,128.07000732421875,124.36000061035156,125.72000122070312,121.80325317382812,127900,0.0,0.0
2022-11-07 00:00:00-05:00,126.7300033569336,127.29000091552734,125.55000305175781,127.13999938964844,123.17900085449219,72500,0.0,0.0
2022-11-08 00:00:00-05:00,128.24000549316406,128.42999267578125,124.2699966430664,125.70999908447266,121.79354858398438,161100,0.0,0.0
2022-11-09 00:00:00-05:00,124.93000030517578,127.4800033569336,124.93000030517578,125.41000366210938,121.5029067993164,121100,0.0,0.0
2022-11-10 00:00:00-05:00,129.99000549316406,130.30999755859375,127.31999969482422,128.38999938964844,124.39006042480469,137900,0.0,0.0
2022-11-11 00:00:00-05:00,128.38999938964844,129.74000549316406,126.54000091552734,126.83000183105469,122.87866973876953,120600,0.0,0.0
2022-11-14 00:00:00-05:00,125.80999755859375,128.07000732421875,125.66999816894531,126.2699966430664,122.66494750976562,119500,0.34,0.0
2022-11-15 00:00:00-05:00,127.25,131.00999450683594,126.23999786376953,130.0399932861328,126.32730102539062,208300,0.0,0.0
2022-11-16 00:00:00-05:00,130.10000610351562,131.05999755859375,128.1999969482422,128.9199981689453,125.23930358886719,99700,0.0,0.0
2022-11-17 00:00:00-05:00,128.02999877929688,128.8300018310547,125.66999816894531,128.8300018310547,125.15187072753906,162700,0.0,0.0
2022-11-18 00:00:00-05:00,130.8800048828125,131.5500030517578,127.5,129.4600067138672,125.76388549804688,267700,0.0,0.0
2022-11-21 00:00:00-05:00,129.94000244140625,130.74000549316406,128.5399932861328,130.0800018310547,126.36615753173828,121200,0.0,0.0
2022-11-22 00:00:00-05:00,131.4600067138672,132.42999267578125,130.4600067138672,130.72999572753906,126.99760437011719,233000,0.0,0.0
2022-11-23 00:00:00-05:00,130.77000427246094,131.8800048828125,130.08999633789062,130.6999969482422,126.96845245361328,138600,0.0,0.0
2022-11-25 00:00:00-05:00,131.32000732421875,132.72000122070312,130.74000549316406,131.91000366210938,128.14385986328125,50700,0.0,0.0
2022-11-28 00:00:00-05:00,131.19000244140625,131.58999633789062,129.0399932861328,129.9199981689453,126.21074676513672,93500,0.0,0.0
2022-11-29 00:00:00-05:00,129.72000122070312,130.8300018310547,128.99000549316406,129.32000732421875,125.62787628173828,121200,0.0,0.0
2022-11-30 00:00:00-05:00,129.10000610351562,132.6300048828125,127.08999633789062,132.49000549316406,128.70738220214844,273900,0.0,0.0
2022-12-01 00:00:00-05:00,133.47000122070312,133.74000549316406,131.24000549316406,132.08999633789062,128.31878662109375,95200,0.0,0.0
2022-12-02 00:00:00-05:00,130.39999389648438,133.35000610351562,130.22999572753906,131.47000122070312,127.71649932861328,132800,0.0,0.0
2022-12-05 00:00:00-05:00,129.85000610351562,129.85000610351562,126.25,128.39999389648438,124.73412322998047,165100,0.0,0.0
2022-12-06 00:00:00-05:00,129.27000427246094,129.27000427246094,125.23999786376953,126.36000061035156,122.75236511230469,153900,0.0,0.0
2022-12-07 00:00:00-05:00,126.87000274658203,127.7300033569336,125.63999938964844,125.80999755859375,122.21809387207031,147900,0.0,0.0
2022-12-08 00:00:00-05:00,127.01000213623047,128.36000061035156,126.44999694824219,128.0800018310547,124.42327117919922,125000,0.0,0.0
2022-12-09 00:00:00-05:00,127.51000213623047,128.32000732421875,127.2300033569336,127.52999877929688,123.88896179199219,128800,0.0,0.0
2022-12-12 00:00:00-05:00,127.88999938964844,128.8800048828125,126.9000015258789,128.41000366210938,124.74384307861328,198100,0.0,0.0
2022-12-13 00:00:00-05:00,131.44000244140625,131.66000366210938,128.39999389648438,128.8800048828125,125.20042419433594,237500,0.0,0.0
2022-12-14 00:00:00-05:00,129.52999877929688,130.89999389648438,127.37000274658203,127.70999908447266,124.06385040283203,214000,0.0,0.0
2022-12-15 00:00:00-05:00,126.69000244140625,126.69000244140625,123.0999984741211,124.31999969482422,120.77062225341797,190300,0.0,0.0
2022-12-16 00:00:00-05:00,122.70999908447266,124.16000366210938,121.30999755859375,123.36000061035156,119.83804321289062,1048300,0.0,0.0
2022-12-19 00:00:00-05:00,123.63999938964844,124.48999786376953,122.94999694824219,123.66000366210938,120.12946319580078,162700,0.0,0.0
2022-12-20 00:00:00-05:00,124.08000183105469,126.55999755859375,123.62000274658203,125.75,122.15979766845703,162600,0.0,0.0
2022-12-21 00:00:00-05:00,127.04000091552734,127.2699966430664,125.98999786376953,126.93000030517578,123.30610656738281,102100,0.0,0.0
2022-12-22 00:00:00-05:00,126.05999755859375,126.05999755859375,123.52999877929688,125.51000213623047,121.92664337158203,148300,0.0,0.0
2022-12-23 00:00:00-05:00,125.16000366210938,126.62999725341797,124.87999725341797,126.33000183105469,122.7232437133789,73000,0.0,0.0
2022-12-27 00:00:00-05:00,127.37000274658203,128.2100067138672,126.91000366210938,127.33999633789062,123.70439147949219,97900,0.0,0.0
2022-12-28 00:00:00-05:00,127.5,128.35000610351562,124.76000213623047,124.80999755859375,121.24663543701172,83600,0.0,0.0
2022-12-29 00:00:00-05:00,125.91000366210938,127.51000213623047,125.45999908447266,126.91999816894531,123.29638671875,83300,0.0,0.0
2022-12-30 00:00:00-05:00,125.93000030517578,126.93000030517578,124.91999816894531,126.02999877929688,122.43179321289062,108000,0.0,0.0
2023-01-03 00:00:00-05:00,126.30000305175781,126.80999755859375,123.77999877929688,124.91999816894531,121.35348510742188,177400,0.0,0.0
2023-01-04 00:00:00-05:00,124.83999633789062,125.95999908447266,123.7699966430664,124.5199966430664,120.96490478515625,168600,0.0,0.0
2023-01-05 00:00:00-05:00,124.45999908447266,124.45999908447266,116.94000244140625,117.27999877929688,113.9316177368164,236300,0.0,0.0
2023-01-06 00:00:00-05:00,119.0,123.5,118.7300033569336,120.62999725341797,117.18595886230469,225900,0.0,0.0
2023-01-09 00:00:00-05:00,121.13999938964844,122.44000244140625,119.98999786376953,121.86000061035156,118.38084411621094,180400,0.0,0.0
2023-01-10 00:00:00-05:00,122.05000305175781,122.52999877929688,119.75,122.13999938964844,118.65286254882812,161400,0.0,0.0
2023-01-11 00:00:00-05:00,122.66000366210938,124.13999938964844,122.41000366210938,124.01000213623047,120.46946716308594,98100,0.0,0.0
2023-01-12 00:00:00-05:00,124.97000122070312,125.0199966430664,122.97000122070312,124.69999694824219,121.13977813720703,130100,0.0,0.0
2023-01-13 00:00:00-05:00,123.9800033569336,126.33000183105469,123.36000061035156,126.08000183105469,122.48037719726562,157600,0.0,0.0
2023-01-17 00:00:00-05:00,126.75,127.02999877929688,124.44000244140625,124.66000366210938,121.10090637207031,170700,0.0,0.0
2023-01-18 00:00:00-05:00,124.77999877929688,127.48999786376953,123.30000305175781,123.30999755859375,119.78945922851562,225900,0.0,0.0
2023-01-19 00:00:00-05:00,123.63999938964844,124.58000183105469,120.55000305175781,120.58999633789062,117.14710235595703,204000,0.0,0.0
2023-01-20 00:00:00-05:00,121.4800033569336,122.5999984741211,120.31999969482422,122.29000091552734,118.798583984375,217000,0.0,0.0
2023-01-23 00:00:00-05:00,122.33000183105469,123.93000030517578,120.94000244140625,122.08999633789062,118.60430908203125,165600,0.0,0.0
2023-01-24 00:00:00-05:00,121.0199966430664,123.0,119.91000366210938,122.27999877929688,118.78886413574219,118100,0.0,0.0
2023-01-25 00:00:00-05:00,122.22000122070312,123.08999633789062,120.54000091552734,122.48999786376953,118.99285888671875,182900,0.0,0.0
2023-01-26 00:00:00-05:00,132.0,139.88999938964844,132.0,136.39999389648438,132.50570678710938,568000,0.0,0.0
2023-01-27 00:00:00-05:00,137.75,140.5500030517578,136.64999389648438,140.30999755859375,136.30410766601562,350700,0.0,0.0
2023-01-30 00:00:00-05:00,140.32000732421875,142.4600067138672,136.63999938964844,137.22999572753906,133.31204223632812,300900,0.0,0.0
2023-01-31 00:00:00-05:00,138.35000610351562,143.3699951171875,138.22000122070312,143.2100067138672,139.12130737304688,307900,0.0,0.0
2023-02-01 00:00:00-05:00,142.6999969482422,147.41000366210938,142.6999969482422,145.72000122070312,141.55966186523438,291600,0.0,0.0
2023-02-02 00:00:00-05:00,147.22999572753906,149.4199981689453,145.72000122070312,145.91000366210938,141.7442169189453,336700,0.0,0.0
2023-02-03 00:00:00-05:00,145.49000549316406,148.58999633789062,144.89999389648438,145.11000061035156,140.96705627441406,461000,0.0,0.0
2023-02-06 00:00:00-05:00,144.8699951171875,146.07000732421875,143.13999938964844,144.75,140.61734008789062,303400,0.0,0.0
2023-02-07 00:00:00-05:00,143.42999267578125,147.8300018310547,143.42999267578125,146.69000244140625,142.501953125,311900,0.0,0.0
2023-02-08 00:00:00-05:00,145.47000122070312,146.3000030517578,143.35000610351562,143.77999877929688,139.6750030517578,135700,0.0,0.0
2023-02-09 00:00:00-05:00,144.9600067138672,144.9600067138672,142.0399932861328,142.50999450683594,138.4412841796875,106200,0.0,0.0
2023-02-10 00:00:00-05:00,141.67999267578125,141.8800048828125,140.64999389648438,140.8699951171875,136.8480987548828,168100,0.0,0.0
2023-02-13 00:00:00-05:00,140.91000366210938,144.02000427246094,140.50999450683594,143.61000061035156,139.5098876953125,111700,0.0,0.0
2023-02-14 00:00:00-05:00,142.5,143.8000030517578,141.5500030517578,142.2899932861328,138.56527709960938,216400,0.35,0.0
2023-02-15 00:00:00-05:00,141.1699981689453,143.39999389648438,141.1699981689453,142.1999969482422,138.47764587402344,149100,0.0,0.0
2023-02-16 00:00:00-05:00,140.50999450683594,143.1300048828125,140.50999450683594,141.3800048828125,137.67913818359375,231300,0.0,0.0
2023-02-17 00:00:00-05:00,142.19000244140625,145.77000427246094,142.19000244140625,144.58999633789062,140.8050537109375,277700,0.0,0.0
2023-02-21 00:00:00-05:00,142.66000366210938,144.10000610351562,140.19000244140625,140.33999633789062,136.66635131835938,333500,0.0,0.0
2023-02-22 00:00:00-05:00,140.24000549316406,141.91000366210938,139.1300048828125,139.6300048828125,135.97491455078125,273600,0.0,0.0
2023-02-23 00:00:00-05:00,140.3000030517578,141.63999938964844,138.58999633789062,139.63999938964844,135.98463439941406,151700,0.0,0.0
2023-02-24 00:00:00-05:00,138.14999389648438,139.58999633789062,137.3000030517578,138.85000610351562,135.21533203125,125300,0.0,0.0
2023-02-27 00:00:00-05:00,140.35000610351562,142.30999755859375,140.35000610351562,142.00999450683594,138.2926025390625,275000,0.0,0.0
2023-02-28 00:00:00-05:00,141.80999755859375,144.9499969482422,141.80999755859375,142.86000061035156,139.12034606933594,334200,0.0,0.0
2023-03-01 00:00:00-05:00,142.4199981689453,145.02000427246094,142.4199981689453,143.97999572753906,140.21104431152344,286300,0.0,0.0
2023-03-02 00:00:00-05:00,142.97999572753906,142.97999572753906,141.32000732421875,141.9499969482422,138.2341766357422,160500,0.0,0.0
2023-03-03 00:00:00-05:00,142.5500030517578,144.4199981689453,141.3300018310547,144.35000610351562,140.57135009765625,264500,0.0,0.0
2023-03-06 00:00:00-05:00,144.11000061035156,145.25,142.6699981689453,143.74000549316406,139.97732543945312,305300,0.0,0.0
2023-03-07 00:00:00-05:00,143.64999389648438,143.7899932861328,140.64999389648438,141.67999267578125,137.97125244140625,201800,0.0,0.0
2023-03-08 00:00:00-05:00,141.92999267578125,142.8300018310547,140.6699981689453,141.92999267578125,138.21470642089844,243000,0.0,0.0
2023-03-09 00:00:00-05:00,142.57000732421875,143.19000244140625,141.33999633789062,142.0,138.28285217285156,240500,0.0,0.0
2023-03-10 00:00:00-05:00,141.72000122070312,141.72000122070312,137.9199981689453,138.8000030517578,135.16665649414062,416700,0.0,0.0
2023-03-13 00:00:00-04:00,136.3000030517578,137.6999969482422,133.9600067138672,134.44000244140625,130.9207763671875,310800,0.0,0.0
2023-03-14 00:00:00-04:00,137.67999267578125,139.10000610351562,135.7100067138672,137.38999938964844,133.79354858398438,295800,0.0,0.0
2023-03-15 00:00:00-04:00,133.9499969482422,134.55999755859375,131.35000610351562,133.5800018310547,130.08328247070312,239400,0.0,0.0
2023-03-16 00:00:00-04:00,131.89999389648438,135.85000610351562,131.82000732421875,134.32000732421875,130.80392456054688,205200,0.0,0.0
2023-03-17 00:00:00-04:00,135.72000122070312,135.72000122070312,131.1699981689453,132.22999572753906,128.7686309814453,624800,0.0,0.0
2023-03-20 00:00:00-04:00,133.8800048828125,136.61000061035156,133.8800048828125,133.9499969482422,130.443603515625,222500,0.0,0.0
2023-03-21 00:00:00-04:00,136.6999969482422,137.5,135.3000030517578,137.1199951171875,133.53057861328125,245600,0.0,0.0
2023-03-22 00:00:00-04:00,136.8300018310547,137.22999572753906,132.58999633789062,132.80999755859375,129.33343505859375,186100,0.0,0.0
2023-03-23 00:00:00-04:00,133.11000061035156,135.4600067138672,130.99000549316406,132.17999267578125,128.71990966796875,186400,0.0,0.0
2023-03-24 00:00:00-04:00,130.9199981689453,133.19000244140625,129.44000244140625,132.88999938964844,129.41131591796875,105600,0.0,0.0
2023-03-27 00:00:00-04:00,134.60000610351562,137.38999938964844,134.2100067138672,136.89999389648438,133.31639099121094,194700,0.0,0.0
2023-03-28 00:00:00-04:00,136.77000427246094,139.19000244140625,136.77000427246094,138.38999938964844,134.76736450195312,180600,0.0,0.0
2023-03-29 00:00:00-04:00,139.55999755859375,139.9199981689453,138.08999633789062,139.3699951171875,135.72169494628906,136800,0.0,0.0
2023-03-30 00:00:00-04:00,140.25999450683594,140.80999755859375,138.0399932861328,138.22999572753906,134.6115264892578,90900,0.0,0.0
2023-03-31 00:00:00-04:00,139.07000732421875,142.61000061035156,139.07000732421875,142.1300048828125,138.4095001220703,282400,0.0,0.0
2023-04-03 00:00:00-04:00,141.83999633789062,142.60000610351562,139.92999267578125,142.16000366210938,138.43869018554688,170100,0.0,0.0
2023-04-04 00:00:00-04:00,142.8699951171875,142.8699951171875,134.3699951171875,135.5399932861328,131.99195861816406,164100,0.0,0.0
2023-04-05 00:00:00-04:00,134.35000610351562,134.67999267578125,130.9499969482422,132.9600067138672,129.4794921875,158500,0.0,0.0
2023-04-06 00:00:00-04:00,133.0,133.2100067138672,128.7899932861328,129.0,125.62316131591797,358900,0.0,0.0
2023-04-10 00:00:00-04:00,128.22999572753906,132.57000732421875,128.0,132.27000427246094,128.8075714111328,235600,0.0,0.0
2023-04-11 00:00:00-04:00,132.89999389648438,134.25,132.3800048828125,132.7100067138672,129.23606872558594,157600,0.0,0.0
2023-04-12 00:00:00-04:00,134.08999633789062,135.8300018310547,133.2899932861328,134.7100067138672,131.18373107910156,142400,0.0,0.0
2023-04-13 00:00:00-04:00,134.55999755859375,134.58999633789062,131.66000366210938,134.3300018310547,130.81365966796875,206100,0.0,0.0
2023-04-14 00:00:00-04:00,135.24000549316406,137.4499969482422,133.05999755859375,134.52000427246094,130.99867248535156,162000,0.0,0.0
2023-04-17 00:00:00-04:00,135.19000244140625,136.6699981689453,135.0500030517578,136.64999389648438,133.07293701171875,107300,0.0,0.0
2023-04-18 00:00:00-04:00,137.39999389648438,138.42999267578125,135.85000610351562,137.07000732421875,133.48193359375,93300,0.0,0.0
2023-04-19 00:00:00-04:00,135.44000244140625,136.99000549316406,134.75999450683594,136.9499969482422,133.3650665283203,150300,0.0,0.0
2023-04-20 00:00:00-04:00,136.63999938964844,139.02000427246094,136.16000366210938,138.2899932861328,134.6699676513672,138600,0.0,0.0
2023-04-21 00:00:00-04:00,138.7899932861328,138.82000732421875,136.82000732421875,138.64999389648438,135.0205841064453,143000,0.0,0.0
2023-04-24 00:00:00-04:00,138.6999969482422,139.30999755859375,136.75999450683594,136.85000610351562,133.2677001953125,155600,0.0,0.0
2023-04-25 00:00:00-04:00,136.05999755859375,136.99000549316406,135.17999267578125,135.3300018310547,131.78746032714844,156600,0.0,0.0
2023-04-26 00:00:00-04:00,133.6999969482422,135.3300018310547,131.4199981689453,131.5800018310547,128.1356201171875,322200,0.0,0.0
2023-04-27 00:00:00-04:00,133.1999969482422,136.6999969482422,131.72000122070312,135.91000366210938,132.35231018066406,208100,0.0,0.0
2023-04-28 00:00:00-04:00,136.74000549316406,138.60000610351562,134.74000549316406,135.66000366210938,132.10882568359375,217800,0.0,0.0
2023-05-01 00:00:00-04:00,135.5,136.82000732421875,132.17999267578125,132.60000610351562,129.12892150878906,184300,0.0,0.0
2023-05-02 00:00:00-04:00,132.25,133.22000122070312,130.66000366210938,132.75,129.2750244140625,285300,0.0,0.0
2023-05-03 00:00:00-04:00,133.38999938964844,136.16000366210938,132.64999389648438,133.16000366210938,129.67428588867188,158900,0.0,0.0
2023-05-04 00:00:00-04:00,131.60000610351562,131.60000610351562,127.19000244140625,127.79000091552734,124.44483947753906,143800,0.0,0.0
2023-05-05 00:00:00-04:00,129.85000610351562,131.5399932861328,129.24000549316406,129.6699981689453,126.27561950683594,179700,0.0,0.0
2023-05-08 00:00:00-04:00,129.8699951171875,130.69000244140625,128.3000030517578,129.2899932861328,125.90559387207031,126500,0.0,0.0
2023-05-09 00:00:00-04:00,128.72999572753906,129.72000122070312,128.22000122070312,129.0399932861328,125.66211700439453,125600,0.0,0.0
2023-05-10 00:00:00-04:00,130.67999267578125,131.6699981689453,126.80999755859375,128.72000122070312,125.35049438476562,127300,0.0,0.0
2023-05-11 00:00:00-04:00,127.12999725341797,127.91999816894531,126.56999969482422,127.70999908447266,124.36695861816406,135500,0.0,0.0
2023-05-12 00:00:00-04:00,127.45999908447266,129.52999877929688,127.45999908447266,129.19000244140625,126.1539306640625,133400,0.35,0.0
2023-05-15 00:00:00-04:00,129.2899932861328,130.63999938964844,128.39999389648438,129.5500030517578,126.50548553466797,170900,0.0,0.0
2023-05-16 00:00:00-04:00,128.77999877929688,128.77999877929688,126.72000122070312,127.3499984741211,124.357177734375,151500,0.0,0.0
2023-05-17 00:00:00-04:00,128.27999877929688,130.3699951171875,127.87999725341797,129.35000610351562,126.31016540527344,263600,0.0,0.0
2023-05-18 00:00:00-04:00,129.3000030517578,130.89999389648438,128.72000122070312,130.14999389648438,127.09136199951172,145600,0.0,0.0
2023-05-19 00:00:00-04:00,131.6999969482422,131.6999969482422,128.72000122070312,129.1699981689453,126.13439178466797,190100,0.0,0.0
2023-05-22 00:00:00-04:00,129.89999389648438,130.75,128.0800018310547,129.27999877929688,126.24181365966797,130900,0.0,0.0
2023-05-23 00:00:00-04:00,128.33999633789062,129.1999969482422,126.55999755859375,126.62000274658203,123.64434051513672,189200,0.0,0.0
2023-05-24 00:00:00-04:00,126.30000305175781,126.30000305175781,124.47000122070312,126.05999755859375,123.09749603271484,212200,0.0,0.0
2023-05-25 00:00:00-04:00,126.2699966430664,126.73999786376953,125.18000030517578,125.4000015258789,122.45301055908203,147000,0.0,0.0
2023-05-26 00:00:00-04:00,125.77999877929688,128.3699951171875,125.75,128.08999633789062,125.07976531982422,172300,0.0,0.0
2023-05-30 00:00:00-04:00,128.52000427246094,129.44000244140625,127.33999633789062,128.00999450683594,125.00165557861328,290800,0.0,0.0
2023-05-31 00:00:00-04:00,127.54000091552734,127.54000091552734,122.23999786376953,122.95999908447266,120.07032775878906,267000,0.0,0.0
2023-06-01 00:00:00-04:00,123.16999816894531,125.36000061035156,122.31999969482422,123.94999694824219,121.03707122802734,207100,0.0,0.0
2023-06-02 00:00:00-04:00,126.08999633789062,132.88999938964844,126.08999633789062,132.6999969482422,129.5814208984375,191800,0.0,0.0
2023-06-05 00:00:00-04:00,131.58999633789062,131.58999633789062,126.55999755859375,128.6699981689453,125.6461410522461,208300,0.0,0.0
2023-06-06 00:00:00-04:00,128.32000732421875,132.9600067138672,128.32000732421875,132.02000427246094,128.9174346923828,164800,0.0,0.0
2023-06-07 00:00:00-04:00,133.0500030517578,135.97000122070312,132.33999633789062,135.39999389648438,132.2179718017578,204100,0.0,0.0
2023-06-08 00:00:00-04:00,134.6300048828125,135.94000244140625,133.42999267578125,135.33999633789062,132.15939331054688,122700,0.0,0.0
2023-06-09 00:00:00-04:00,134.27999877929688,135.3300018310547,133.35000610351562,134.74000549316406,131.57350158691406,106300,0.0,0.0
2023-06-12 00:00:00-04:00,134.39999389648438,137.39999389648438,134.3000030517578,135.75999450683594,132.5695343017578,156100,0.0,0.0
2023-06-13 00:00:00-04:00,136.1999969482422,139.5500030517578,136.1999969482422,138.08999633789062,134.84474182128906,178400,0.0,0.0
2023-06-14 00:00:00-04:00,138.30999755859375,138.3699951171875,134.1300048828125,134.9499969482422,131.77854919433594,176100,0.0,0.0
2023-06-15 00:00:00-04:00,134.63999938964844,136.58999633789062,134.1199951171875,136.57000732421875,133.36050415039062,147100,0.0,0.0
2023-06-16 00:00:00-04:00,137.63999938964844,137.63999938964844,134.52000427246094,136.41000366210938,133.20425415039062,477900,0.0,0.0
2023-06-20 00:00:00-04:00,135.7100067138672,136.97000122070312,134.74000549316406,135.2100067138672,132.032470703125,143400,0.0,0.0
2023-06-21 00:00:00-04:00,135.05999755859375,139.3699951171875,134.8300018310547,138.36000061035156,135.10841369628906,201600,0.0,0.0
2023-06-22 00:00:00-04:00,138.36000061035156,138.8699951171875,135.92999267578125,138.25999450683594,135.01075744628906,174900,0.0,0.0
2023-06-23 00:00:00-04:00,136.67999267578125,138.82000732421875,136.67999267578125,137.02000427246094,133.7999267578125,378000,0.0,0.0
2023-06-26 00:00:00-04:00,137.02000427246094,141.49000549316406,137.02000427246094,140.02000427246094,136.7294158935547,189600,0.0,0.0
2023-06-27 00:00:00-04:00,140.8300018310547,143.52000427246094,140.0800018310547,142.57000732421875,139.21951293945312,144300,0.0,0.0
2023-06-28 00:00:00-04:00,142.9600067138672,143.38999938964844,141.05999755859375,142.13999938964844,138.79959106445312,98200,0.0,0.0
2023-06-29 00:00:00-04:00,141.49000549316406,144.19000244140625,141.49000549316406,144.05999755859375,140.6744842529297,88200,0.0,0.0
2023-06-30 00:00:00-04:00,145.27999877929688,145.4499969482422,143.83999633789062,144.8300018310547,141.42636108398438,135900,0.0,0.0
2023-07-03 00:00:00-04:00,144.55999755859375,145.4499969482422,144.13999938964844,145.02000427246094,141.61192321777344,41300,0.0,0.0
2023-07-05 00:00:00-04:00,143.61000061035156,144.36000061035156,142.11000061035156,142.9499969482422,139.590576171875,233000,0.0,0.0
2023-07-06 00:00:00-04:00,142.10000610351562,142.88999938964844,140.32000732421875,142.35000610351562,139.00469970703125,96000,0.0,0.0
2023-07-07 00:00:00-04:00,142.61000061035156,145.1699981689453,142.44000244140625,143.5399932861328,140.1667022705078,178400,0.0,0.0
2023-07-10 00:00:00-04:00,143.10000610351562,146.5500030517578,143.10000610351562,146.32000732421875,142.88136291503906,108100,0.0,0.0
2023-07-11 00:00:00-04:00,146.6699981689453,148.27999877929688,146.3300018310547,147.6199951171875,144.15078735351562,127400,0.0,0.0
2023-07-12 00:00:00-04:00,149.47999572753906,150.07000732421875,146.44000244140625,146.5,143.05715942382812,224000,0.0,0.0
2023-07-13 00:00:00-04:00,146.7100067138672,147.07000732421875,143.89999389648438,144.25999450683594,140.8697509765625,127800,0.0,0.0
2023-07-14 00:00:00-04:00,143.47999572753906,144.94000244140625,141.75,144.33999633789062,140.94786071777344,125400,0.0,0.0
2023-07-17 00:00:00-04:00,144.47000122070312,145.72999572753906,143.7100067138672,144.91000366210938,141.5045166015625,100100,0.0,0.0
2023-07-18 00:00:00-04:00,145.32000732421875,146.83999633789062,144.82000732421875,146.44000244140625,142.99853515625,76300,0.0,0.0
2023-07-19 00:00:00-04:00,145.94000244140625,146.82000732421875,144.42999267578125,146.1300048828125,142.69580078125,167800,0.0,0.0
2023-07-20 00:00:00-04:00,146.6999969482422,146.6999969482422,144.3699951171875,144.60000610351562,141.20179748535156,96800,0.0,0.0
2023-07-21 00:00:00-04:00,145.22000122070312,146.0,143.13999938964844,143.33999633789062,139.9713897705078,129300,0.0,0.0
2023-07-24 00:00:00-04:00,144.3300018310547,145.25999450683594,142.5800018310547,143.52999877929688,140.1569366455078,129600,0.0,0.0
2023-07-25 00:00:00-04:00,142.5,145.27000427246094,142.5,145.02000427246094,141.61192321777344,100000,0.0,0.0
2023-07-26 00:00:00-04:00,144.99000549316406,145.63999938964844,143.42999267578125,144.0,140.61587524414062,74400,0.0,0.0
2023-07-27 00:00:00-04:00,144.5,144.5,141.67999267578125,142.61000061035156,139.25856018066406,257100,0.0,0.0
2023-07-28 00:00:00-04:00,143.6300048828125,144.17999267578125,142.7899932861328,143.33999633789062,139.9713897705078,94300,0.0,0.0
2023-07-31 00:00:00-04:00,144.22999572753906,145.22999572753906,143.7100067138672,144.99000549316406,141.58262634277344,161700,0.0,0.0
2023-08-01 00:00:00-04:00,144.9499969482422,146.7899932861328,143.9199981689453,146.75,143.30125427246094,112000,0.0,0.0
2023-08-02 00:00:00-04:00,145.25999450683594,147.25999450683594,144.72000122070312,144.74000549316406,141.3385009765625,112900,0.0,0.0
2023-08-03 00:00:00-04:00,144.47999572753906,144.47999572753906,140.39999389648438,143.2100067138672,139.84445190429688,203800,0.0,0.0
2023-08-04 00:00:00-04:00,144.07000732421875,144.30999755859375,141.05999755859375,141.3000030517578,137.97933959960938,193000,0.0,0.0
2023-08-07 00:00:00-04:00,140.8699951171875,143.0800018310547,140.6300048828125,142.5399932861328,139.190185546875,420300,0.0,0.0
2023-08-08 00:00:00-04:00,141.9600067138672,143.13999938964844,138.3800048828125,142.9199981689453,139.561279296875,192700,0.0,0.0
2023-08-09 00:00:00-04:00,142.75,143.6699981689453,141.5500030517578,141.9600067138672,138.62384033203125,153600,0.0,0.0
2023-08-10 00:00:00-04:00,148.86000061035156,156.52999877929688,148.86000061035156,151.52000427246094,147.95916748046875,379800,0.0,0.0
2023-08-11 00:00:00-04:00,151.17999267578125,155.38999938964844,151.17999267578125,152.60000610351562,149.01377868652344,286100,0.0,0.0
2023-08-14 00:00:00-04:00,151.7100067138672,154.80999755859375,150.8300018310547,154.8000030517578,151.50958251953125,245300,0.35,0.0
2023-08-15 00:00:00-04:00,154.0,154.0,150.49000549316406,152.47999572753906,149.2388916015625,243500,0.0,0.0
2023-08-16 00:00:00-04:00,152.02000427246094,153.30999755859375,148.1699981689453,148.25999450683594,145.1085662841797,231600,0.0,0.0
2023-08-17 00:00:00-04:00,147.27000427246094,148.25,143.6199951171875,143.86000061035156,140.80213928222656,185900,0.0,0.0
2023-08-18 00:00:00-04:00,142.66000366210938,147.8300018310547,142.66000366210938,147.39999389648438,144.26686096191406,283600,0.0,0.0
2023-08-21 00:00:00-04:00,147.39999389648438,148.07000732421875,144.91000366210938,146.5800018310547,143.46432495117188,140300,0.0,0.0
2023-08-22 00:00:00-04:00,147.1699981689453,149.57000732421875,146.32000732421875,148.9199981689453,145.7545623779297,159900,0.0,0.0
2023-08-23 00:00:00-04:00,149.2899932861328,152.42999267578125,148.97999572753906,152.0,148.76905822753906,139200,0.0,0.0
2023-08-24 00:00:00-04:00,151.24000549316406,153.39999389648438,151.22999572753906,153.02000427246094,149.76744079589844,233600,0.0,0.0
2023-08-25 00:00:00-04:00,154.0,155.2899932861328,152.2899932861328,153.97999572753906,150.70700073242188,310500,0.0,0.0
2023-08-28 00:00:00-04:00,154.13999938964844,155.6699981689453,153.8000030517578,153.94000244140625,150.6678466796875,235300,0.0,0.0
2023-08-29 00:00:00-04:00,153.75999450683594,155.33999633789062,153.10000610351562,154.3800048828125,151.09852600097656,248400,0.0,0.0
2023-08-30 00:00:00-04:00,153.9499969482422,156.19000244140625,153.89999389648438,154.5800018310547,151.29425048828125,370700,0.0,0.0
2023-08-31 00:00:00-04:00,154.55999755859375,156.74000549316406,154.16000366210938,154.3699951171875,151.0886993408203,153400,0.0,0.0
2023-09-01 00:00:00-04:00,155.67999267578125,157.55999755859375,155.05999755859375,157.0800018310547,153.74110412597656,209200,0.0,0.0
2023-09-05 00:00:00-04:00,155.94000244140625,156.19000244140625,153.3800048828125,155.2899932861328,151.98916625976562,331600,0.0,0.0
2023-09-06 00:00:00-04:00,155.55999755859375,157.99000549316406,155.25,157.47999572753906,154.132568359375,249100,0.0,0.0
2023-09-07 00:00:00-04:00,158.6699981689453,159.92999267578125,155.00999450683594,159.1999969482422,155.81607055664062,256300,0.0,0.0
2023-09-08 00:00:00-04:00,158.3800048828125,159.91000366210938,156.27999877929688,157.4199981689453,154.0738983154297,208400,0.0,0.0
2023-09-11 00:00:00-04:00,158.5800018310547,162.02999877929688,157.9600067138672,161.5,158.06715393066406,358100,0.0,0.0
2023-09-12 00:00:00-04:00,160.94000244140625,162.6699981689453,158.7100067138672,159.6699981689453,156.2760467529297,221900,0.0,0.0
2023-09-13 00:00:00-04:00,159.2899932861328,159.50999450683594,155.33999633789062,156.3000030517578,152.97769165039062,214000,0.0,0.0
2023-09-14 00:00:00-04:00,157.7100067138672,159.11000061035156,156.42999267578125,157.52999877929688,154.18153381347656,215400,0.0,0.0
2023-09-15 00:00:00-04:00,157.00999450683594,157.83999633789062,155.36000061035156,156.97000122070312,153.63343811035156,694500,0.0,0.0
2023-09-18 00:00:00-04:00,156.66000366210938,157.77999877929688,155.75999450683594,155.83999633789062,152.5274658203125,146500,0.0,0.0
2023-09-19 00:00:00-04:00,156.6199951171875,156.67999267578125,154.3699951171875,154.55999755859375,151.27468872070312,112200,0.0,0.0
2023-09-20 00:00:00-04:00,155.60000610351562,156.8699951171875,153.17999267578125,153.50999450683594,150.24696350097656,110700,0.0,0.0
2023-09-21 00:00:00-04:00,153.02000427246094,154.4499969482422,152.75,153.89999389648438,150.62869262695312,242000,0.0,0.0
2023-09-22 00:00:00-04:00,154.13999938964844,157.02999877929688,153.75999450683594,154.88999938964844,151.59765625,374900,0.0,0.0
2023-09-25 00:00:00-04:00,154.4499969482422,156.91000366210938,154.4499969482422,155.69000244140625,152.3806610107422,249800,0.0,0.0
2023-09-26 00:00:00-04:00,154.89999389648438,155.91000366210938,153.91000366210938,155.10000610351562,151.8031768798828,363100,0.0,0.0
2023-09-27 00:00:00-04:00,156.5,158.22999572753906,154.47000122070312,156.10000610351562,152.78195190429688,302700,0.0,0.0
2023-09-28 00:00:00-04:00,155.88999938964844,159.52999877929688,155.88999938964844,157.69000244140625,154.338134765625,319000,0.0,0.0
2023-09-29 00:00:00-04:00,158.6999969482422,158.77999877929688,154.24000549316406,154.61000061035156,151.32362365722656,200400,0.0,0.0
2023-10-02 00:00:00-04:00,154.1999969482422,155.22000122070312,153.33999633789062,154.5800018310547,151.29425048828125,360000,0.0,0.0
2023-10-03 00:00:00-04:00,154.24000549316406,155.24000549316406,152.72999572753906,154.22999572753906,150.95172119140625,228300,0.0,0.0
2023-10-04 00:00:00-04:00,154.10000610351562,154.8800048828125,152.49000549316406,154.61000061035156,151.32362365722656,158200,0.0,0.0
2023-10-05 00:00:00-04:00,154.63999938964844,157.6199951171875,153.61000061035156,154.52999877929688,151.2453155517578,271000,0.0,0.0
2023-10-06 00:00:00-04:00,153.85000610351562,157.85000610351562,153.02000427246094,156.3300018310547,153.00704956054688,279800,0.0,0.0
2023-10-09 00:00:00-04:00,155.74000549316406,158.74000549316406,154.74000549316406,158.22000122070312,154.85687255859375,130900,0.0,0.0
2023-10-10 00:00:00-04:00,160.1300048828125,160.6199951171875,158.00999450683594,158.02999877929688,154.6708984375,264100,0.0,0.0
2023-10-11 00:00:00-04:00,158.33999633789062,161.27000427246094,158.2100067138672,161.07000732421875,157.64630126953125,216700,0.0,0.0
2023-10-12 00:00:00-04:00,161.57000732421875,163.61000061035156,160.13999938964844,161.64999389648438,158.21395874023438,318800,0.0,0.0
2023-10-13 00:00:00-04:00,162.50999450683594,162.50999450683594,159.0,159.42999267578125,156.04115295410156,232900,0.0,0.0
2023-10-16 00:00:00-04:00,161.33999633789062,162.42999267578125,159.5500030517578,161.02000427246094,157.5973663330078,151900,0.0,0.0
2023-10-17 00:00:00-04:00,160.63999938964844,164.82000732421875,160.63999938964844,163.47000122070312,159.99526977539062,176900,0.0,0.0
2023-10-18 00:00:00-04:00,162.16000366210938,163.32000732421875,159.25999450683594,159.74000549316406,156.3445587158203,178100,0.0,0.0
2023-10-19 00:00:00-04:00,159.35000610351562,160.8000030517578,155.75999450683594,156.16000366210938,152.84066772460938,169500,0.0,0.0
2023-10-20 00:00:00-04:00,156.4199981689453,157.05999755859375,153.19000244140625,153.86000061035156,150.58958435058594,258700,0.0,0.0
2023-10-23 00:00:00-04:00,153.86000061035156,155.32000732421875,153.0,153.6199951171875,150.35467529296875,275000,0.0,0.0
2023-10-24 00:00:00-04:00,155.14999389648438,155.66000366210938,153.07000732421875,153.67999267578125,150.4133758544922,192200,0.0,0.0
2023-10-25 00:00:00-04:00,153.1999969482422,154.67999267578125,151.82000732421875,152.24000549316406,149.0039825439453,355300,0.0,0.0
2023-10-26 00:00:00-04:00,153.02999877929688,158.3300018310547,151.0,154.97000122070312,151.6759490966797,267700,0.0,0.0
2023-10-27 00:00:00-04:00,154.89999389648438,157.36000061035156,150.07000732421875,150.75,147.54568481445312,270200,0.0,0.0
2023-10-30 00:00:00-04:00,152.33999633789062,152.99000549316406,149.58999633789062,151.4600067138672,148.24057006835938,233800,0.0,0.0
2023-10-31 00:00:00-04:00,152.13999938964844,153.61000061035156,150.63999938964844,153.50999450683594,150.24696350097656,194300,0.0,0.0
2023-11-01 00:00:00-04:00,153.2100067138672,155.41000366210938,152.4499969482422,155.27000427246094,151.96957397460938,258900,0.0,0.0
2023-11-02 00:00:00-04:00,157.0,158.0,153.1300048828125,154.8699951171875,151.5780792236328,183400,0.0,0.0
2023-11-03 00:00:00-04:00,157.3800048828125,159.38999938964844,155.72999572753906,157.10000610351562,153.7606964111328,200100,0.0,0.0
2023-11-06 00:00:00-05:00,157.0,158.2899932861328,155.25,157.63999938964844,154.28919982910156,172800,0.0,0.0
2023-11-07 00:00:00-05:00,157.05999755859375,158.8699951171875,156.13999938964844,157.99000549316406,154.6317596435547,238900,0.0,0.0
2023-11-08 00:00:00-05:00,158.8800048828125,159.75999450683594,157.92999267578125,159.0399932861328,155.65945434570312,312100,0.0,0.0
2023-11-09 00:00:00-05:00,160.0,160.0,156.80999755859375,157.47000122070312,154.12286376953125,165400,0.0,0.0
2023-11-10 00:00:00-05:00,158.35000610351562,162.47000122070312,158.1699981689453,162.19000244140625,158.74249267578125,200400,0.0,0.0
2023-11-13 00:00:00-05:00,162.1199951171875,162.36000061035156,160.47999572753906,161.36000061035156,157.9301300048828,151000,0.0,0.0
2023-11-14 00:00:00-05:00,164.63999938964844,167.52999877929688,164.4600067138672,167.0800018310547,163.88400268554688,194500,0.35,0.0
2023-11-15 00:00:00-05:00,166.83999633789062,167.94000244140625,162.7899932861328,163.07000732421875,159.95074462890625,253800,0.0,0.0
2023-11-16 00:00:00-05:00,163.67999267578125,164.42999267578125,160.30999755859375,161.5,158.4107666015625,269600,0.0,0.0
2023-11-17 00:00:00-05:00,161.85000610351562,164.02999877929688,161.85000610351562,163.1199951171875,159.99978637695312,219800,0.0,0.0
2023-11-20 00:00:00-05:00,163.61000061035156,163.86000061035156,161.41000366210938,162.67999267578125,159.5681915283203,286200,0.0,0.0
2023-11-21 00:00:00-05:00,162.1699981689453,162.6199951171875,160.6699981689453,160.6999969482422,157.62606811523438,124400,0.0,0.0
2023-11-22 00:00:00-05:00,161.58999633789062,162.75999450683594,161.0500030517578,161.8800048828125,158.7834930419922,179300,0.0,0.0
2023-11-24 00:00:00-05:00,161.8800048828125,163.7100067138672,161.8800048828125,163.5800018310547,160.4509735107422,100700,0.0,0.0
2023-11-27 00:00:00-05:00,163.57000732421875,164.67999267578125,162.63999938964844,163.64999389648438,160.51962280273438,158100,0.0,0.0
2023-11-28 00:00:00-05:00,162.8800048828125,163.41000366210938,157.35000610351562,157.80999755859375,154.7913360595703,185400,0.0,0.0
2023-11-29 00:00:00-05:00,158.9499969482422,159.82000732421875,155.47000122070312,156.1699981689453,153.18272399902344,280000,0.0,0.0
2023-11-30 00:00:00-05:00,156.55999755859375,160.3699951171875,156.5,160.07000732421875,157.00811767578125,312900,0.0,0.0
2023-12-01 00:00:00-05:00,159.72999572753906,165.99000549316406,159.72999572753906,165.72000122070312,162.550048828125,274700,0.0,0.0
2023-12-04 00:00:00-05:00,165.72000122070312,168.60000610351562,165.44000244140625,168.3800048828125,165.15916442871094,237600,0.0,0.0
2023-12-05 00:00:00-05:00,168.0800018310547,168.0800018310547,163.1999969482422,164.74000549316406,161.58877563476562,188000,0.0,0.0
2023-12-06 00:00:00-05:00,166.0399932861328,167.55999755859375,162.5500030517578,163.9199981689453,160.78440856933594,190300,0.0,0.0
2023-12-07 00:00:00-05:00,163.6999969482422,164.52999877929688,162.19000244140625,164.17999267578125,161.03948974609375,143600,0.0,0.0
2023-12-08 00:00:00-05:00,164.67999267578125,165.9199981689453,163.72000122070312,165.17999267578125,162.02037048339844,107500,0.0,0.0
2023-12-11 00:00:00-05:00,165.0,167.14999389648438,165.0,166.47000122070312,163.28567504882812,152000,0.0,0.0
2023-12-12 00:00:00-05:00,166.57000732421875,168.5399932861328,165.3699951171875,167.5399932861328,164.33522033691406,149100,0.0,0.0
2023-12-13 00:00:00-05:00,167.74000549316406,170.80999755859375,166.0399932861328,169.72000122070312,166.47352600097656,198400,0.0,0.0
2023-12-14 00:00:00-05:00,174.47999572753906,175.1999969482422,172.3000030517578,173.83999633789062,170.5147247314453,237700,0.0,0.0
2023-12-15 00:00:00-05:00,174.72999572753906,175.0,170.72000122070312,172.8800048828125,169.57308959960938,431800,0.0,0.0
2023-12-18 00:00:00-05:00,173.8300018310547,175.02000427246094,172.3000030517578,173.4600067138672,170.1419677734375,192400,0.0,0.0
2023-12-19 00:00:00-05:00,173.8300018310547,175.67999267578125,173.08999633789062,173.77000427246094,170.44607543945312,177000,0.0,0.0
2023-12-20 00:00:00-05:00,174.22000122070312,175.49000549316406,170.83999633789062,171.08999633789062,167.8172607421875,241600,0.0,0.0
2023-12-21 00:00:00-05:00,172.83999633789062,173.6699981689453,170.91000366210938,171.97000122070312,168.68048095703125,229800,0.0,0.0
2023-12-22 00:00:00-05:00,172.44000244140625,174.4600067138672,172.13999938964844,173.44000244140625,170.1223602294922,196000,0.0,0.0
2023-12-26 00:00:00-05:00,174.25999450683594,175.3000030517578,173.82000732421875,174.69000244140625,171.34849548339844,103800,0.0,0.0
2023-12-27 00:00:00-05:00,174.91000366210938,176.44000244140625,173.7899932861328,174.3699951171875,171.03457641601562,203200,0.0,0.0
2023-12-28 00:00:00-05:00,173.0500030517578,174.6999969482422,172.6999969482422,174.16000366210938,170.82859802246094,145700,0.0,0.0
2023-12-29 00:00:00-05:00,173.5500030517578,174.27000427246094,172.52999877929688,172.69000244140625,169.38673400878906,132300,0.0,0.0
2024-01-02 00:00:00-05:00,171.0500030517578,172.8000030517578,169.3699951171875,170.36000061035156,167.1012725830078,128900,0.0,0.0
2024-01-03 00:00:00-05:00,169.5,169.5,166.0,166.63999938964844,163.45245361328125,174800,0.0,0.0
2024-01-04 00:00:00-05:00,167.77000427246094,167.94000244140625,166.07000732421875,166.60000610351562,163.4132080078125,132800,0.0,0.0
2024-01-05 00:00:00-05:00,165.72999572753906,167.3000030517578,164.47000122070312,164.88999938964844,161.73590087890625,151200,0.0,0.0
2024-01-08 00:00:00-05:00,165.22999572753906,167.4600067138672,164.4499969482422,167.24000549316406,164.04100036621094,118800,0.0,0.0
2024-01-09 00:00:00-05:00,165.0800018310547,165.99000549316406,163.5,165.9600067138672,162.78546142578125,143400,0.0,0.0
2024-01-10 00:00:00-05:00,165.77000427246094,167.0,165.5500030517578,166.88999938964844,163.69766235351562,103600,0.0,0.0
2024-01-11 00:00:00-05:00,166.57000732421875,168.8699951171875,165.38999938964844,168.6199951171875,165.3945770263672,156700,0.0,0.0
2024-01-12 00:00:00-05:00,170.5,170.5,167.6999969482422,169.2899932861328,166.0517578125,116600,0.0,0.0
2024-01-16 00:00:00-05:00,168.66000366210938,168.9199981689453,167.35000610351562,168.1199951171875,164.90411376953125,124000,0.0,0.0
2024-01-17 00:00:00-05:00,166.3699951171875,168.11000061035156,166.3699951171875,167.3300018310547,164.12925720214844,127000,0.0,0.0
2024-01-18 00:00:00-05:00,168.63999938964844,172.88999938964844,168.63999938964844,172.6699981689453,169.36709594726562,201800,0.0,0.0
2024-01-19 00:00:00-05:00,173.1199951171875,175.3300018310547,170.94000244140625,175.0,171.6525421142578,221000,0.0,0.0
2024-01-22 00:00:00-05:00,176.91000366210938,178.1699981689453,176.52000427246094,177.08999633789062,173.70254516601562,216000,0.0,0.0
2024-01-23 00:00:00-05:00,178.77999877929688,178.9600067138672,175.8300018310547,176.91000366210938,173.52601623535156,164200,0.0,0.0
2024-01-24 00:00:00-05:00,177.82000732421875,177.82000732421875,174.7899932861328,175.5,172.14295959472656,233800,0.0,0.0
2024-01-25 00:00:00-05:00,179.72000122070312,182.9600067138672,173.72999572753906,176.4499969482422,173.0747833251953,487400,0.0,0.0
2024-01-26 00:00:00-05:00,177.3699951171875,179.94000244140625,176.88999938964844,177.08999633789062,173.70254516601562,295100,0.0,0.0
2024-01-29 00:00:00-05:00,177.3699951171875,179.39999389648438,177.08999633789062,178.9600067138672,175.53680419921875,197200,0.0,0.0
2024-01-30 00:00:00-05:00,178.77000427246094,182.22999572753906,178.66000366210938,182.10000610351562,178.61669921875,178100,0.0,0.0
2024-01-31 00:00:00-05:00,182.67999267578125,182.80999755859375,176.32000732421875,176.4600067138672,173.08462524414062,222900,0.0,0.0
2024-02-01 00:00:00-05:00,177.44000244140625,182.0500030517578,176.8699951171875,181.6699981689453,178.19496154785156,202700,0.0,0.0
2024-02-02 00:00:00-05:00,180.0,184.22000122070312,180.0,182.92999267578125,179.43081665039062,161700,0.0,0.0
2024-02-05 00:00:00-05:00,180.50999450683594,181.25999450683594,178.6199951171875,179.41000366210938,175.97817993164062,210800,0.0,0.0
2024-02-06 00:00:00-05:00,182.0399932861328,184.67999267578125,179.89999389648438,180.69000244140625,177.2337188720703,261900,0.0,0.0
2024-02-07 00:00:00-05:00,181.6300048828125,183.52000427246094,181.27000427246094,183.27000427246094,179.76434326171875,185400,0.0,0.0
2024-02-08 00:00:00-05:00,183.52000427246094,184.74000549316406,180.8699951171875,184.5500030517578,181.0198516845703,327700,0.0,0.0
2024-02-09 00:00:00-05:00,184.5500030517578,188.49000549316406,184.24000549316406,187.92999267578125,184.33518981933594,181000,0.0,0.0
2024-02-12 00:00:00-05:00,188.0,189.47999572753906,187.11000061035156,187.1199951171875,183.5406951904297,170400,0.0,0.0
2024-02-13 00:00:00-05:00,182.16000366210938,184.0,180.0,182.0800018310547,178.5970916748047,257300,0.0,0.0
2024-02-14 00:00:00-05:00,183.42999267578125,186.92999267578125,182.60000610351562,186.35000610351562,183.15760803222656,229000,0.37,0.0
2024-02-15 00:00:00-05:00,187.6999969482422,189.27000427246094,185.67999267578125,188.83999633789062,185.6049346923828,202800,0.0,0.0
2024-02-16 00:00:00-05:00,188.6199951171875,190.6199951171875,187.5399932861328,189.0399932861328,185.80152893066406,204000,0.0,0.0
2024-02-20 00:00:00-05:00,186.72999572753906,187.86000061035156,186.0399932861328,186.5399932861328,183.3443603515625,288300,0.0,0.0
2024-02-21 00:00:00-05:00,186.85000610351562,187.38999938964844,184.47000122070312,186.27999877929688,183.08883666992188,164100,0.0,0.0
2024-02-22 00:00:00-05:00,187.8300018310547,188.94000244140625,186.35000610351562,187.8699951171875,184.6515655517578,167000,0.0,0.0
2024-02-23 00:00:00-05:00,188.52999877929688,189.32000732421875,187.17999267578125,188.58999633789062,185.35923767089844,110500,0.0,0.0
2024-02-26 00:00:00-05:00,187.9199981689453,188.8800048828125,186.92999267578125,187.63999938964844,184.42552185058594,133700,0.0,0.0
2024-02-27 00:00:00-05:00,188.83999633789062,189.99000549316406,187.85000610351562,188.82000732421875,185.5853271484375,155200,0.0,0.0
2024-02-28 00:00:00-05:00,187.91000366210938,191.4600067138672,187.10000610351562,190.92999267578125,187.65914916992188,159400,0.0,0.0
2024-02-29 00:00:00-05:00,191.1300048828125,191.99000549316406,189.47000122070312,189.88999938964844,186.63697814941406,229200,0.0,0.0
2024-03-01 00:00:00-05:00,190.6699981689453,194.27999877929688,190.3800048828125,192.3699951171875,189.07447814941406,251100,0.0,0.0
2024-03-04 00:00:00-05:00,183.75,190.57000732421875,183.75,186.2899932861328,183.09864807128906,613800,0.0,0.0
2024-03-05 00:00:00-05:00,185.5500030517578,186.02999877929688,180.38999938964844,182.3000030517578,179.17701721191406,492400,0.0,0.0
2024-03-06 00:00:00-05:00,183.3300018310547,185.27999877929688,182.75999450683594,183.9499969482422,180.79873657226562,275200,0.0,0.0
2024-03-07 00:00:00-05:00,184.5,186.11000061035156,183.52000427246094,185.14999389648438,181.97817993164062,289900,0.0,0.0
2024-03-08 00:00:00-05:00,185.72999572753906,188.83999633789062,184.8300018310547,185.00999450683594,181.84060668945312,397100,0.0,0.0
2024-03-11 00:00:00-04:00,184.3000030517578,184.30999755859375,180.52000427246094,182.6199951171875,179.4915313720703,225700,0.0,0.0
2024-03-12 00:00:00-04:00,183.77999877929688,185.58999633789062,182.6999969482422,185.25999450683594,182.08628845214844,283000,0.0,0.0
2024-03-13 00:00:00-04:00,185.8800048828125,186.3800048828125,184.07000732421875,185.64999389648438,182.46961975097656,280400,0.0,0.0
2024-03-14 00:00:00-04:00,186.77000427246094,187.58999633789062,185.02000427246094,187.0399932861328,183.83578491210938,327400,0.0,0.0
2024-03-15 00:00:00-04:00,186.32000732421875,189.63999938964844,186.02999877929688,189.47999572753906,186.2340087890625,7231300,0.0,0.0
2024-03-18 00:00:00-04:00,190.2100067138672,194.3699951171875,190.2100067138672,192.69000244140625,189.38900756835938,664300,0.0,0.0
2024-03-19 00:00:00-04:00,192.97000122070312,195.02999877929688,192.0500030517578,194.69000244140625,191.35476684570312,447600,0.0,0.0
2024-03-20 00:00:00-04:00,194.61000061035156,197.36000061035156,193.72999572753906,196.8000030517578,193.42860412597656,388300,0.0,0.0
2024-03-21 00:00:00-04:00,197.82000732421875,201.2899932861328,197.74000549316406,201.00999450683594,197.5664825439453,331200,0.0,0.0
2024-03-22 00:00:00-04:00,201.75999450683594,201.75999450683594,197.0,197.19000244140625,193.81192016601562,367700,0.0,0.0
2024-03-25 00:00:00-04:00,197.1999969482422,197.9600067138672,195.08999633789062,195.08999633789062,191.74789428710938,213500,0.0,0.0
2024-03-26 00:00:00-04:00,195.00999450683594,197.13999938964844,195.00999450683594,195.52000427246094,192.17051696777344,527100,0.0,0.0
2024-03-27 00:00:00-04:00,196.75999450683594,198.0800018310547,196.6699981689453,197.8800048828125,194.49009704589844,278500,0.0,0.0
2024-03-28 00:00:00-04:00,197.8800048828125,198.3300018310547,196.6699981689453,197.5500030517578,194.16575622558594,304300,0.0,0.0
2024-04-01 00:00:00-04:00,198.1999969482422,198.77999877929688,194.1699981689453,195.3800048828125,192.03292846679688,313800,0.0,0.0
2024-04-02 00:00:00-04:00,194.33999633789062,194.47000122070312,191.60000610351562,192.38999938964844,189.0941619873047,320600,0.0,0.0
2024-04-03 00:00:00-04:00,193.3000030517578,196.9199981689453,193.3000030517578,195.25,191.90516662597656,291700,0.0,0.0
2024-04-04 00:00:00-04:00,196.77999877929688,197.94000244140625,193.75,194.25999450683594,190.93211364746094,198100,0.0,0.0
2024-04-05 00:00:00-04:00,194.55999755859375,196.97999572753906,194.3300018310547,196.1199951171875,192.76025390625,195000,0.0,0.0
2024-04-08 00:00:00-04:00,197.69000244140625,198.55999755859375,196.5,196.8300018310547,193.45809936523438,152100,0.0,0.0
2024-04-09 00:00:00-04:00,197.22999572753906,198.6699981689453,193.39999389648438,195.75,192.39659118652344,159700,0.0,0.0
2024-04-10 00:00:00-04:00,192.49000549316406,196.14999389648438,191.7899932861328,192.32000732421875,189.02536010742188,264000,0.0,0.0
2024-04-11 00:00:00-04:00,192.22000122070312,192.86000061035156,190.22000122070312,192.72999572753906,189.42832946777344,183600,0.0,0.0
2024-04-12 00:00:00-04:00,191.19000244140625,192.07000732421875,189.52000427246094,191.08999633789062,187.81640625,210600,0.0,0.0
2024-04-15 00:00:00-04:00,193.0800018310547,193.0800018310547,187.83999633789062,189.24000549316406,185.99813842773438,226000,0.0,0.0
2024-04-16 00:00:00-04:00,188.14999389648438,189.07000732421875,186.27000427246094,187.8800048828125,184.6614227294922,218900,0.0,0.0
2024-04-17 00:00:00-04:00,189.1999969482422,189.91000366210938,183.9600067138672,184.39999389648438,181.2410125732422,267800,0.0,0.0
2024-04-18 00:00:00-04:00,185.36000061035156,187.1699981689453,183.72000122070312,183.99000549316406,180.83804321289062,221600,0.0,0.0
2024-04-19 00:00:00-04:00,184.14999389648438,185.82000732421875,182.0399932861328,183.4499969482422,180.3072967529297,269500,0.0,0.0
2024-04-22 00:00:00-04:00,184.50999450683594,185.17999267578125,183.36000061035156,183.60000610351562,180.45472717285156,283300,0.0,0.0
2024-04-23 00:00:00-04:00,185.05999755859375,186.82000732421875,184.92999267578125,186.30999755859375,183.1182861328125,277400,0.0,0.0
2024-04-24 00:00:00-04:00,185.8699951171875,187.6699981689453,184.64999389648438,186.08999633789062,182.90208435058594,288800,0.0,0.0
2024-04-25 00:00:00-04:00,185.0,186.0,177.67999267578125,178.94000244140625,175.8745574951172,557300,0.0,0.0
2024-04-26 00:00:00-04:00,178.92999267578125,181.00999450683594,177.77000427246094,180.88999938964844,177.79115295410156,448100,0.0,0.0
2024-04-29 00:00:00-04:00,181.88999938964844,185.0500030517578,180.75999450683594,184.72999572753906,181.5653533935547,318700,0.0,0.0
2024-04-30 00:00:00-04:00,184.16000366210938,184.16000366210938,181.6300048828125,183.25,180.11074829101562,386400,0.0,0.0
2024-05-01 00:00:00-04:00,183.5399932861328,183.91000366210938,180.35000610351562,180.6300048828125,177.5355987548828,325000,0.0,0.0
2024-05-02 00:00:00-04:00,182.4199981689453,184.88999938964844,180.94000244140625,184.6300048828125,181.4671173095703,290100,0.0,0.0
2024-05-03 00:00:00-04:00,187.27999877929688,187.97999572753906,184.77999877929688,185.97999572753906,182.79397583007812,233900,0.0,0.0
2024-05-06 00:00:00-04:00,187.88999938964844,190.49000549316406,187.88999938964844,189.63999938964844,186.39125061035156,443900,0.0,0.0
2024-05-07 00:00:00-04:00,190.1999969482422,194.42999267578125,190.1999969482422,193.82000732421875,190.49966430664062,336700,0.0,0.0
2024-05-08 00:00:00-04:00,192.75999450683594,194.3300018310547,191.8000030517578,193.8699951171875,190.54879760742188,348800,0.0,0.0
2024-05-09 00:00:00-04:00,194.58999633789062,196.67999267578125,193.94000244140625,196.52000427246094,193.1533966064453,153700,0.0,0.0
2024-05-10 00:00:00-04:00,197.69000244140625,198.10000610351562,196.10000610351562,197.3300018310547,193.94952392578125,146300,0.0,0.0
2024-05-13 00:00:00-04:00,198.61000061035156,198.6699981689453,194.9199981689453,195.11000061035156,191.7675323486328,132900,0.0,0.0
2024-05-14 00:00:00-04:00,196.47000122070312,196.47000122070312,194.39999389648438,195.72000122070312,192.73260498046875,122400,0.37,0.0
2024-05-15 00:00:00-04:00,196.9199981689453,199.86000061035156,196.60000610351562,199.77999877929688,196.73062133789062,157000,0.0,0.0
2024-05-16 00:00:00-04:00,199.0,200.0,196.3699951171875,196.86000061035156,193.85520935058594,170400,0.0,0.0
2024-05-17 00:00:00-04:00,197.32000732421875,197.6300048828125,195.1699981689453,196.99000549316406,193.98321533203125,149200,0.0,0.0
2024-05-20 00:00:00-04:00,197.0,201.66000366210938,196.7100067138672,200.99000549316406,197.92218017578125,200500,0.0,0.0
2024-05-21 00:00:00-04:00,200.17999267578125,201.08999633789062,198.5,201.0800018310547,198.0107879638672,302000,0.0,0.0
2024-05-22 00:00:00-04:00,200.0,201.0800018310547,197.8699951171875,199.07000732421875,196.031494140625,165400,0.0,0.0
2024-05-23 00:00:00-04:00,199.9199981689453,199.9199981689453,194.22000122070312,195.55999755859375,192.57504272460938,396200,0.0,0.0
2024-05-24 00:00:00-04:00,196.57000732421875,196.57000732421875,194.02999877929688,195.72000122070312,192.73260498046875,289900,0.0,0.0
2024-05-28 00:00:00-04:00,198.32000732421875,198.4499969482422,193.52999877929688,195.86000061035156,192.87045288085938,236100,0.0,0.0
2024-05-29 00:00:00-04:00,193.0399932861328,193.82000732421875,189.9499969482422,190.47000122070312,187.56272888183594,164900,0.0,0.0
2024-05-30 00:00:00-04:00,190.88999938964844,193.0,190.4600067138672,191.49000549316406,188.56716918945312,165100,0.0,0.0
2024-05-31 00:00:00-04:00,191.9499969482422,193.6199951171875,189.22999572753906,193.0,190.05410766601562,339700,0.0,0.0
2024-06-03 00:00:00-04:00,193.97000122070312,194.16000366210938,185.60000610351562,187.0399932861328,184.18508911132812,264600,0.0,0.0
2024-06-04 00:00:00-04:00,186.5500030517578,186.85000610351562,183.66000366210938,186.3300018310547,183.48593139648438,301100,0.0,0.0
2024-06-05 00:00:00-04:00,188.16000366210938,190.44000244140625,187.1300048828125,190.0399932861328,187.13926696777344,217300,0.0,0.0
2024-06-06 00:00:00-04:00,188.82000732421875,189.72999572753906,186.77000427246094,187.75999450683594,184.8940887451172,170000,0.0,0.0
2024-06-07 00:00:00-04:00,187.3300018310547,188.99000549316406,186.85000610351562,187.16000366210938,184.30323791503906,162900,0.0,0.0
2024-06-10 00:00:00-04:00,185.89999389648438,188.17999267578125,185.6999969482422,187.33999633789062,184.4805145263672,240700,0.0,0.0
2024-06-11 00:00:00-04:00,186.6699981689453,187.64999389648438,185.05999755859375,187.07000732421875,184.21463012695312,186200,0.0,0.0
2024-06-12 00:00:00-04:00,191.08999633789062,195.14999389648438,190.30999755859375,190.49000549316406,187.58242797851562,214500,0.0,0.0
2024-06-13 00:00:00-04:00,189.19000244140625,190.52000427246094,187.1699981689453,190.47999572753906,187.5725860595703,159900,0.0,0.0
2024-06-14 00:00:00-04:00,186.9499969482422,188.8300018310547,181.35000610351562,184.08999633789062,181.28012084960938,242700,0.0,0.0
2024-06-17 00:00:00-04:00,183.52999877929688,187.0,183.52999877929688,185.1199951171875,182.29437255859375,355400,0.0,0.0
2024-06-18 00:00:00-04:00,184.9499969482422,188.52999877929688,184.9499969482422,188.05999755859375,185.1894989013672,303600,0.0,0.0
2024-06-20 00:00:00-04:00,187.72000122070312,190.1199951171875,186.63999938964844,187.52999877929688,184.66757202148438,220000,0.0,0.0
2024-06-21 00:00:00-04:00,186.8300018310547,188.64999389648438,184.97999572753906,188.57000732421875,185.69171142578125,633100,0.0,0.0
2024-06-24 00:00:00-04:00,188.8800048828125,192.0500030517578,187.35000610351562,190.66000366210938,187.74984741210938,196100,0.0,0.0
2024-06-25 00:00:00-04:00,190.1999969482422,191.77999877929688,188.1300048828125,191.55999755859375,188.6361083984375,247500,0.0,0.0
2024-06-26 00:00:00-04:00,190.30999755859375,192.14999389648438,189.6300048828125,191.66000366210938,188.73455810546875,359900,0.0,0.0
2024-06-27 00:00:00-04:00,192.33999633789062,193.36000061035156,191.50999450683594,192.9600067138672,190.01473999023438,221700,0.0,0.0
2024-06-28 00:00:00-04:00,194.02000427246094,195.50999450683594,192.66000366210938,194.0,191.0388641357422,441000,0.0,0.0
2024-07-01 00:00:00-04:00,194.75999450683594,195.5800018310547,190.0,190.25,187.34608459472656,295600,0.0,0.0
2024-07-02 00:00:00-04:00,190.1999969482422,192.75,189.3800048828125,191.92999267578125,189.0004425048828,183900,0.0,0.0
2024-07-03 00:00:00-04:00,192.5399932861328,193.30999755859375,191.27999877929688,191.35000610351562,188.42930603027344,100200,0.0,0.0
2024-07-05 00:00:00-04:00,190.74000549316406,191.0,189.2899932861328,189.44000244140625,186.5484619140625,170300,0.0,0.0
2024-07-08 00:00:00-04:00,190.36000061035156,191.94000244140625,188.3699951171875,188.67999267578125,185.800048828125,350000,0.0,0.0
2024-07-09 00:00:00-04:00,188.10000610351562,188.6699981689453,183.50999450683594,183.8000030517578,180.99453735351562,446000,0.0,0.0
2024-07-10 00:00:00-04:00,184.10000610351562,186.97999572753906,182.2100067138672,185.88999938964844,183.0526123046875,325200,0.0,0.0
2024-07-11 00:00:00-04:00,190.0,192.94000244140625,189.1199951171875,191.2100067138672,188.29144287109375,235900,0.0,0.0
2024-07-12 00:00:00-04:00,194.7899932861328,195.74000549316406,193.3699951171875,193.5500030517578,190.59571838378906,266700,0.0,0.0
2024-07-15 00:00:00-04:00,195.47000122070312,203.0500030517578,194.64999389648438,201.27000427246094,198.19790649414062,279800,0.0,0.0
2024-07-16 00:00:00-04:00,204.49000549316406,212.1300048828125,204.30999755859375,210.7100067138672,207.49378967285156,430900,0.0,0.0
2024-07-17 00:00:00-04:00,209.3800048828125,211.72000122070312,207.02999877929688,208.72999572753906,205.5439910888672,374900,0.0,0.0
2024-07-18 00:00:00-04:00,207.80999755859375,212.19000244140625,206.58999633789062,207.5500030517578,204.3820343017578,251600,0.0,0.0
2024-07-19 00:00:00-04:00,208.02999877929688,208.24000549316406,201.75,203.77999877929688,200.66957092285156,410400,0.0,0.0
2024-07-22 00:00:00-04:00,205.72999572753906,207.39999389648438,202.13999938964844,207.13999938964844,203.97828674316406,303500,0.0,0.0
2024-07-23 00:00:00-04:00,206.27000427246094,210.4499969482422,206.27000427246094,209.47999572753906,206.2825469970703,201100,0.0,0.0
2024-07-24 00:00:00-04:00,208.05999755859375,210.47999572753906,204.6199951171875,204.69000244140625,201.56568908691406,212400,0.0,0.0
2024-07-25 00:00:00-04:00,205.8800048828125,212.17999267578125,205.8800048828125,209.66000366210938,206.4598388671875,253700,0.0,0.0
2024-07-26 00:00:00-04:00,213.14999389648438,216.32000732421875,211.4499969482422,215.00999450683594,211.7281494140625,264800,0.0,0.0
2024-07-29 00:00:00-04:00,215.6699981689453,217.02000427246094,214.4600067138672,216.27999877929688,212.978759765625,249400,0.0,0.0
2024-07-30 00:00:00-04:00,217.05999755859375,218.22999572753906,215.85000610351562,216.86000061035156,213.54991149902344,221600,0.0,0.0
2024-07-31 00:00:00-04:00,218.63999938964844,223.14999389648438,216.86000061035156,218.19000244140625,214.85963439941406,333100,0.0,0.0
2024-08-01 00:00:00-04:00,217.5,219.19000244140625,204.02000427246094,205.8300018310547,202.6883087158203,380600,0.0,0.0
2024-08-02 00:00:00-04:00,198.9499969482422,201.32000732421875,196.00999450683594,199.22000122070312,196.17913818359375,321200,0.0,0.0
2024-08-05 00:00:00-04:00,190.1199951171875,197.88999938964844,188.7100067138672,192.58999633789062,189.65037536621094,360400,0.0,0.0
2024-08-06 00:00:00-04:00,192.85000610351562,198.9199981689453,191.4199981689453,196.05999755859375,193.0673828125,247400,0.0,0.0
2024-08-07 00:00:00-04:00,198.5800018310547,199.4499969482422,192.64999389648438,192.88999938964844,189.94578552246094,209400,0.0,0.0
2024-08-08 00:00:00-04:00,195.91000366210938,197.69000244140625,193.5,196.75999450683594,193.7567138671875,251700,0.0,0.0
2024-08-09 00:00:00-04:00,196.75999450683594,197.69000244140625,194.00999450683594,197.0,193.9930419921875,333100,0.0,0.0
2024-08-12 00:00:00-04:00,197.0,197.0,193.1999969482422,193.91000366210938,190.95021057128906,163200,0.0,0.0
2024-08-13 00:00:00-04:00,195.99000549316406,197.6699981689453,193.89999389648438,197.42999267578125,194.41648864746094,163700,0.0,0.0
2024-08-14 00:00:00-04:00,198.41000366210938,199.57000732421875,196.25,198.9199981689453,195.8837432861328,242900,0.0,0.0
2024-08-15 00:00:00-04:00,193.07000732421875,202.72000122070312,189.17999267578125,200.02999877929688,197.3438720703125,373100,0.37,0.0
2024-08-16 00:00:00-04:00,199.91000366210938,203.08999633789062,198.27999877929688,201.55999755859375,198.8533172607422,378800,0.0,0.0
2024-08-19 00:00:00-04:00,201.7899932861328,202.5,198.39999389648438,199.1300048828125,196.4559783935547,230400,0.0,0.0
2024-08-20 00:00:00-04:00,198.83999633789062,199.92999267578125,197.4499969482422,199.4600067138672,196.78152465820312,256800,0.0,0.0
2024-08-21 00:00:00-04:00,200.61000061035156,205.07000732421875,200.52999877929688,204.50999450683594,201.76370239257812,266100,0.0,0.0
2024-08-22 00:00:00-04:00,204.7100067138672,205.8000030517578,202.38999938964844,202.74000549316406,200.01747131347656,220500,0.0,0.0
2024-08-23 00:00:00-04:00,203.7100067138672,210.7899932861328,203.7100067138672,207.9499969482422,205.15750122070312,368800,0.0,0.0
2024-08-26 00:00:00-04:00,210.17999267578125,212.6199951171875,207.08999633789062,207.32000732421875,204.53599548339844,221200,0.0,0.0
2024-08-27 00:00:00-04:00,206.1199951171875,208.07000732421875,204.35000610351562,204.4499969482422,201.7045135498047,158400,0.0,0.0
2024-08-28 00:00:00-04:00,204.4499969482422,205.85000610351562,203.00999450683594,203.6199951171875,200.8856658935547,204500,0.0,0.0
2024-08-29 00:00:00-04:00,204.8300018310547,207.67999267578125,201.75,203.42999267578125,200.69821166992188,445300,0.0,0.0
2024-08-30 00:00:00-04:00,204.2100067138672,206.4600067138672,203.05999755859375,205.1199951171875,202.36550903320312,263500,0.0,0.0
2024-09-03 00:00:00-04:00,203.39999389648438,205.1199951171875,198.3699951171875,198.5500030517578,195.8837432861328,238900,0.0,0.0
2024-09-04 00:00:00-04:00,199.72000122070312,200.0,197.24000549316406,198.41000366210938,195.74562072753906,211500,0.0,0.0
2024-09-05 00:00:00-04:00,197.7899932861328,197.7899932861328,194.2100067138672,195.47000122070312,192.84510803222656,228000,0.0,0.0
2024-09-06 00:00:00-04:00,196.0399932861328,198.4600067138672,193.32000732421875,193.61000061035156,191.01010131835938,206000,0.0,0.0
2024-09-09 00:00:00-04:00,194.92999267578125,198.47999572753906,194.02999877929688,197.24000549316406,194.59133911132812,278600,0.0,0.0
2024-09-10 00:00:00-04:00,197.55999755859375,198.17999267578125,195.27999877929688,197.77999877929688,195.12408447265625,152600,0.0,0.0
2024-09-11 00:00:00-04:00,197.1199951171875,198.30999755859375,191.30999755859375,197.44000244140625,194.78863525390625,180700,0.0,0.0
2024-09-12 00:00:00-04:00,198.57000732421875,202.44000244140625,196.7100067138672,202.02000427246094,199.30715942382812,190400,0.0,0.0
2024-09-13 00:00:00-04:00,203.8300018310547,205.5399932861328,202.94000244140625,203.97999572753906,201.2408447265625,164100,0.0,0.0
2024-09-16 00:00:00-04:00,205.5800018310547,209.22999572753906,205.0500030517578,208.80999755859375,206.0059814453125,203700,0.0,0.0
2024-09-17 00:00:00-04:00,210.6699981689453,214.8300018310547,210.64999389648438,213.47000122070312,210.6033935546875,234100,0.0,0.0
2024-09-18 00:00:00-04:00,214.55999755859375,220.61000061035156,214.22999572753906,214.8699951171875,211.9845733642578,280400,0.0,0.0
2024-09-19 00:00:00-04:00,220.6699981689453,224.36000061035156,216.6199951171875,224.0500030517578,221.0413055419922,398100,0.0,0.0
2024-09-20 00:00:00-04:00,223.2899932861328,223.2899932861328,218.5399932861328,218.77000427246094,215.8322296142578,737500,0.0,0.0
2024-09-23 00:00:00-04:00,222.27999877929688,226.22999572753906,221.10000610351562,224.77000427246094,221.75164794921875,264600,0.0,0.0
2024-09-24 00:00:00-04:00,223.1999969482422,225.64999389648438,222.36000061035156,222.4600067138672,219.47268676757812,191300,0.0,0.0
2024-09-25 00:00:00-04:00,223.6699981689453,223.6699981689453,219.61000061035156,220.1999969482422,217.24302673339844,178300,0.0,0.0
2024-09-26 00:00:00-04:00,223.24000549316406,224.24000549316406,221.74000549316406,221.9199981689453,218.9398956298828,124600,0.0,0.0
2024-09-27 00:00:00-04:00,223.5500030517578,226.30999755859375,222.2899932861328,223.05999755859375,220.06460571289062,253500,0.0,0.0
2024-09-30 00:00:00-04:00,222.02999877929688,223.9499969482422,220.52000427246094,223.1300048828125,220.13368225097656,248000,0.0,0.0
2024-10-01 00:00:00-04:00,222.55999755859375,223.80999755859375,218.92999267578125,223.42999267578125,220.42962646484375,161000,0.0,0.0
2024-10-02 00:00:00-04:00,223.1699981689453,224.8300018310547,221.69000244140625,222.14999389648438,219.1668243408203,144700,0.0,0.0
2024-10-03 00:00:00-04:00,221.8000030517578,221.8000030517578,218.9199981689453,220.97999572753906,218.0125274658203,136800,0.0,0.0
2024-10-04 00:00:00-04:00,224.82000732421875,224.82000732421875,219.91000366210938,221.86000061035156,218.88072204589844,186900,0.0,0.0
2024-10-07 00:00:00-04:00,219.3699951171875,222.3000030517578,219.32000732421875,221.02999877929688,218.06187438964844,183900,0.0,0.0
2024-10-08 00:00:00-04:00,222.41000366210938,223.3800048828125,219.74000549316406,220.13999938964844,217.18380737304688,258800,0.0,0.0
2024-10-09 00:00:00-04:00,220.14999389648438,223.5500030517578,220.14999389648438,221.8800048828125,218.90045166015625,181600,0.0,0.0
2024-10-10 00:00:00-04:00,218.75,220.4199981689453,218.1199951171875,220.0500030517578,217.0950469970703,159500,0.0,0.0
2024-10-11 00:00:00-04:00,220.99000549316406,226.52999877929688,220.99000549316406,226.17999267578125,223.1427001953125,107800,0.0,0.0
2024-10-14 00:00:00-04:00,226.58999633789062,228.1999969482422,225.10000610351562,227.85000610351562,224.790283203125,95800,0.0,0.0
2024-10-15 00:00:00-04:00,226.99000549316406,230.47999572753906,225.25,227.17999267578125,224.1292724609375,144200,0.0,0.0
2024-10-16 00:00:00-04:00,231.7899932861328,234.60000610351562,231.22999572753906,234.38999938964844,231.24249267578125,236500,0.0,0.0
2024-10-17 00:00:00-04:00,233.25,235.61000061035156,232.2899932861328,235.14999389648438,231.9922637939453,182000,0.0,0.0
2024-10-18 00:00:00-04:00,235.5399932861328,235.75,231.8699951171875,232.07000732421875,228.95359802246094,232500,0.0,0.0
2024-10-21 00:00:00-04:00,232.1199951171875,232.7899932861328,228.72000122070312,229.97999572753906,226.89169311523438,118400,0.0,0.0
2024-10-22 00:00:00-04:00,230.00999450683594,230.36000061035156,225.75,226.22999572753906,223.1920166015625,238600,0.0,0.0
2024-10-23 00:00:00-04:00,224.10000610351562,226.86000061035156,222.4499969482422,223.82000732421875,220.81442260742188,392200,0.0,0.0
2024-10-24 00:00:00-04:00,232.0,240.4499969482422,229.4199981689453,231.97000122070312,228.85494995117188,641900,0.0,0.0
2024-10-25 00:00:00-04:00,234.33999633789062,234.82000732421875,230.3300018310547,231.3000030517578,228.1939697265625,302600,0.0,0.0
2024-10-28 00:00:00-04:00,234.02000427246094,234.02000427246094,231.4600067138672,233.38999938964844,230.25588989257812,172500,0.0,0.0
2024-10-29 00:00:00-04:00,232.08999633789062,236.02000427246094,230.57000732421875,235.39999389648438,232.23892211914062,180900,0.0,0.0
2024-10-30 00:00:00-04:00,235.22000122070312,238.80999755859375,235.22000122070312,236.2100067138672,233.03805541992188,192700,0.0,0.0
2024-10-31 00:00:00-04:00,236.0,237.22000122070312,231.5399932861328,231.58999633789062,228.4800567626953,229300,0.0,0.0
2024-11-01 00:00:00-04:00,232.8300018310547,234.30999755859375,231.2100067138672,231.5,228.39129638671875,145400,0.0,0.0
2024-11-04 00:00:00-05:00,230.32000732421875,235.07000732421875,230.32000732421875,232.66000366210938,229.5357208251953,175100,0.0,0.0
2024-11-05 00:00:00-05:00,230.80999755859375,236.82000732421875,230.80999755859375,236.1999969482422,233.02816772460938,131600,0.0,0.0
2024-11-06 00:00:00-05:00,259.6499938964844,269.04998779296875,255.86000061035156,268.6400146484375,265.0325012207031,650100,0.0,0.0
2024-11-07 00:00:00-05:00,267.4200134277344,268.0899963378906,263.6700134277344,265.010009765625,261.4513244628906,409300,0.0,0.0
2024-11-08 00:00:00-05:00,266.25,269.4200134277344,264.6300048828125,268.2300109863281,264.6280822753906,360900,0.0,0.0
2024-11-11 00:00:00-05:00,272.57000732421875,275.510009765625,270.05999755859375,275.20001220703125,271.5044250488281,274200,0.0,0.0
2024-11-12 00:00:00-05:00,273.6400146484375,276.1499938964844,272.45001220703125,273.8800048828125,270.2021179199219,273400,0.0,0.0
2024-11-13 00:00:00-05:00,273.8999938964844,276.9700012207031,271.4700012207031,271.6199951171875,267.9725341796875,241400,0.0,0.0
2024-11-14 00:00:00-05:00,273.07000732421875,274.67999267578125,270.25,270.94000244140625,267.30169677734375,205200,0.0,0.0
2024-11-15 00:00:00-05:00,272.5299987792969,272.5299987792969,266.3999938964844,266.7300109863281,263.5080871582031,182500,0.37,0.0
2024-11-18 00:00:00-05:00,266.6400146484375,270.1300048828125,264.8800048828125,267.260009765625,264.0316162109375,194600,0.0,0.0
2024-11-19 00:00:00-05:00,263.1199951171875,267.1300048828125,262.5,266.2699890136719,263.0535888671875,210400,0.0,0.0
2024-11-20 00:00:00-05:00,265.510009765625,266.20001220703125,262.9200134277344,265.739990234375,262.52996826171875,179100,0.0,0.0
2024-11-21 00:00:00-05:00,267.6499938964844,272.9200134277344,265.8800048828125,269.2300109863281,265.9778747558594,262300,0.0,0.0
2024-11-22 00:00:00-05:00,273.7699890136719,277.6300048828125,272.5899963378906,277.1099853515625,273.76263427734375,295200,0.0,0.0
2024-11-25 00:00:00-05:00,279.5199890136719,282.32000732421875,277.1199951171875,278.54998779296875,275.18524169921875,342100,0.0,0.0
2024-11-26 00:00:00-05:00,282.0,282.260009765625,277.989990234375,280.489990234375,277.1017761230469,449700,0.0,0.0
2024-11-27 00:00:00-05:00,281.1300048828125,282.9800109863281,273.0899963378906,273.8999938964844,270.5914306640625,294300,0.0,0.0
2024-11-29 00:00:00-05:00,276.1600036621094,278.1400146484375,273.6499938964844,274.7200012207031,271.4015197753906,205300,0.0,0.0
2024-12-02 00:00:00-05:00,275.5,275.94000244140625,272.010009765625,272.9100036621094,269.6133728027344,300000,0.0,0.0
2024-12-03 00:00:00-05:00,275.42999267578125,277.55999755859375,272.2699890136719,277.1000061035156,273.7527770996094,264200,0.0,0.0
2024-12-04 00:00:00-05:00,276.1000061035156,278.54998779296875,275.0199890136719,277.75,274.3948974609375,204200,0.0,0.0
2024-12-05 00:00:00-05:00,277.75,278.57000732421875,274.0799865722656,275.010009765625,271.68804931640625,130500,0.0,0.0
2024-12-06 00:00:00-05:00,276.45001220703125,276.7900085449219,271.9800109863281,273.82000732421875,270.51239013671875,176900,0.0,0.0
2024-12-09 00:00:00-05:00,275.489990234375,275.6099853515625,269.94000244140625,271.92999267578125,268.64520263671875,215400,0.0,0.0
2024-12-10 00:00:00-05:00,271.95001220703125,273.1000061035156,268.57000732421875,270.5,267.2325134277344,231500,0.0,0.0
2024-12-11 00:00:00-05:00,273.3800048828125,275.4100036621094,270.3599853515625,270.6400146484375,267.370849609375,254600,0.0,0.0
2024-12-12 00:00:00-05:00,271.010009765625,271.010009765625,266.6499938964844,268.0,264.7626953125,220700,0.0,0.0
2024-12-13 00:00:00-05:00,266.760009765625,267.8900146484375,262.010009765625,262.07000732421875,258.9043273925781,309600,0.0,0.0
2024-12-16 00:00:00-05:00,261.3299865722656,261.3299865722656,258.239990234375,258.8299865722656,255.70346069335938,412200,0.0,0.0
2024-12-17 00:00:00-05:00,257.2900085449219,258.20001220703125,252.72999572753906,254.2899932861328,251.21827697753906,513600,0.0,0.0
2024-12-18 00:00:00-05:00,255.10000610351562,256.3399963378906,243.10000610351562,244.4600067138672,241.50704956054688,388700,0.0,0.0
2024-12-19 00:00:00-05:00,247.7100067138672,250.39999389648438,242.91000366210938,243.4499969482422,240.50926208496094,335500,0.0,0.0
2024-12-20 00:00:00-05:00,240.92999267578125,244.94000244140625,239.47000122070312,240.5800018310547,237.67391967773438,1034900,0.0,0.0
2024-12-23 00:00:00-05:00,239.52000427246094,242.97999572753906,238.22000122070312,241.10000610351562,238.18763732910156,278600,0.0,0.0
2024-12-24 00:00:00-05:00,241.0,243.8800048828125,240.50999450683594,243.50999450683594,240.56851196289062,60600,0.0,0.0
2024-12-26 00:00:00-05:00,241.25999450683594,244.91000366210938,241.0500030517578,244.44000244140625,241.48728942871094,164200,0.0,0.0
2024-12-27 00:00:00-05:00,242.64999389648438,244.22999572753906,239.75999450683594,241.5500030517578,238.63218688964844,165800,0.0,0.0
2024-12-30 00:00:00-05:00,239.5500030517578,241.32000732421875,235.5800018310547,238.66000366210938,235.77713012695312,184500,0.0,0.0
2024-12-31 00:00:00-05:00,239.2899932861328,241.07000732421875,238.9499969482422,239.47000122070312,236.57733154296875,195200,0.0,0.0
2025-01-02 00:00:00-05:00,242.83999633789062,244.9499969482422,237.64999389648438,238.61000061035156,235.7277069091797,427300,0.0,0.0
2025-01-03 00:00:00-05:00,239.94000244140625,245.47999572753906,238.66000366210938,245.02999877929688,242.07017517089844,247000,0.0,0.0
2025-01-06 00:00:00-05:00,246.14999389648438,250.57000732421875,245.02999877929688,249.5800018310547,246.56520080566406,588900,0.0,0.0
2025-01-07 00:00:00-05:00,249.86000061035156,256.0899963378906,245.86000061035156,248.35000610351562,245.3500518798828,872000,0.0,0.0
2025-01-08 00:00:00-05:00,246.6999969482422,249.2899932861328,243.9199981689453,248.9199981689453,245.91317749023438,262600,0.0,0.0
2025-01-10 00:00:00-05:00,244.52999877929688,247.77000427246094,243.66000366210938,244.8000030517578,241.84295654296875,363700,0.0,0.0
2025-01-13 00:00:00-05:00,242.92999267578125,248.99000549316406,239.86000061035156,248.5,245.49822998046875,291300,0.0,0.0
2025-01-14 00:00:00-05:00,251.00999450683594,254.13999938964844,249.8699951171875,253.33999633789062,250.27976989746094,227500,0.0,0.0
2025-01-15 00:00:00-05:00,259.1700134277344,260.0,251.1199951171875,253.10000610351562,250.04269409179688,265600,0.0,0.0
2025-01-16 00:00:00-05:00,254.07000732421875,256.82000732421875,253.0399932861328,255.5399932861328,252.45321655273438,224900,0.0,0.0
2025-01-17 00:00:00-05:00,258.0899963378906,259.92999267578125,254.25999450683594,257.3900146484375,254.28085327148438,324800,0.0,0.0
2025-01-21 00:00:00-05:00,260.17999267578125,264.07000732421875,259.57000732421875,263.3299865722656,260.1491394042969,200000,0.0,0.0
2025-01-22 00:00:00-05:00,264.2699890136719,264.94000244140625,261.3699951171875,261.7200012207031,258.5585632324219,186800,0.0,0.0
2025-01-23 00:00:00-05:00,260.8800048828125,262.8399963378906,259.0400085449219,261.5199890136719,258.3609313964844,289900,0.0,0.0
2025-01-24 00:00:00-05:00,260.5400085449219,262.1400146484375,258.239990234375,260.6600036621094,257.5113525390625,174600,0.0,0.0
2025-01-27 00:00:00-05:00,256.8800048828125,258.3500061035156,250.1300048828125,251.3000030517578,248.2644500732422,335100,0.0,0.0
2025-01-28 00:00:00-05:00,253.16000366210938,258.25,250.8300018310547,252.22000122070312,249.17330932617188,358400,0.0,0.0
2025-01-29 00:00:00-05:00,249.5800018310547,264.6000061035156,249.5800018310547,254.4600067138672,251.38626098632812,551900,0.0,0.0
2025-01-30 00:00:00-05:00,258.8299865722656,264.5799865722656,256.8699951171875,263.6199951171875,260.43560791015625,271300,0.0,0.0
2025-01-31 00:00:00-05:00,262.29998779296875,263.57000732421875,258.25,260.0299987792969,256.8889465332031,626800,0.0,0.0
2025-02-03 00:00:00-05:00,254.44000244140625,259.94000244140625,252.00999450683594,258.4599914550781,255.33795166015625,281100,0.0,0.0
2025-02-04 00:00:00-05:00,259.5400085449219,261.05999755859375,256.7699890136719,260.05999755859375,256.9186096191406,336200,0.0,0.0
2025-02-05 00:00:00-05:00,262.2099914550781,265.8800048828125,259.7799987792969,264.9100036621094,261.7100524902344,260000,0.0,0.0
2025-02-06 00:00:00-05:00,265.489990234375,268.260009765625,264.6000061035156,267.7200012207031,264.4860534667969,289400,0.0,0.0
2025-02-07 00:00:00-05:00,267.8399963378906,268.489990234375,261.1199951171875,262.239990234375,259.0722351074219,227400,0.0,0.0
2025-02-10 00:00:00-05:00,263.6000061035156,265.5299987792969,261.7099914550781,263.9100036621094,260.72210693359375,197800,0.0,0.0
2025-02-11 00:00:00-05:00,262.67999267578125,264.5299987792969,260.1499938964844,262.5,259.3290710449219,243900,0.0,0.0
2025-02-12 00:00:00-05:00,257.7900085449219,261.8299865722656,256.9200134277344,260.0299987792969,256.8889465332031,155100,0.0,0.0
2025-02-13 00:00:00-05:00,261.57000732421875,263.9599914550781,260.1400146484375,263.1400146484375,259.96142578125,191500,0.0,0.0
2025-02-14 00:00:00-05:00,263.1099853515625,265.4599914550781,261.760009765625,265.3399963378906,262.5938415527344,154800,0.46,0.0
2025-02-18 00:00:00-05:00,265.70001220703125,269.69000244140625,265.0199890136719,269.17999267578125,266.3941345214844,217200,0.0,0.0
2025-02-19 00:00:00-05:00,266.1400146484375,267.07000732421875,262.1700134277344,266.0,263.2470397949219,205600,0.0,0.0
2025-02-20 00:00:00-05:00,264.6400146484375,265.95001220703125,261.2300109863281,263.82000732421875,261.08966064453125,245900,0.0,0.0
2025-02-21 00:00:00-05:00,265.95001220703125,265.95001220703125,245.55999755859375,245.7100067138672,243.1670379638672,385500,0.0,0.0
2025-02-24 00:00:00-05:00,246.63999938964844,247.8000030517578,243.4499969482422,245.5,242.95919799804688,340100,0.0,0.0
2025-02-25 00:00:00-05:00,244.64999389648438,249.25999450683594,243.50999450683594,247.58999633789062,245.027587890625,270300,0.0,0.0
2025-02-26 00:00:00-05:00,250.41000366210938,251.33999633789062,244.6300048828125,245.0800018310547,242.54354858398438,269800,0.0,0.0
2025-02-27 00:00:00-05:00,246.0800018310547,249.97000122070312,244.3000030517578,244.67999267578125,242.14767456054688,177700,0.0,0.0
2025-02-28 00:00:00-05:00,245.19000244140625,251.13999938964844,241.5800018310547,250.5800018310547,247.98663330078125,294100,0.0,0.0
2025-03-03 00:00:00-05:00,252.24000549316406,253.16000366210938,238.58999633789062,240.3000030517578,237.81301879882812,290500,0.0,0.0
2025-03-04 00:00:00-05:00,235.35000610351562,236.5,226.61000061035156,229.86000061035156,227.48106384277344,618300,0.0,0.0
2025-03-05 00:00:00-05:00,231.25999450683594,232.85000610351562,227.72999572753906,232.77999877929688,230.37083435058594,433500,0.0,0.0
2025-03-06 00:00:00-05:00,228.61000061035156,233.25,228.05999755859375,229.0,226.62998962402344,282000,0.0,0.0
2025-03-07 00:00:00-05:00,228.10000610351562,231.02999877929688,222.2100067138672,230.00999450683594,227.6295166015625,435600,0.0,0.0
2025-03-10 00:00:00-04:00,226.8300018310547,231.74000549316406,224.47000122070312,227.75,225.39291381835938,438000,0.0,0.0
2025-03-11 00:00:00-04:00,226.77000427246094,230.41000366210938,222.5399932861328,226.3000030517578,223.9579315185547,295900,0.0,0.0
2025-03-12 00:00:00-04:00,228.75,230.89999389648438,224.5500030517578,225.5800018310547,223.245361328125,217500,0.0,0.0
2025-03-13 00:00:00-04:00,224.88999938964844,225.74000549316406,218.38999938964844,218.92999267578125,216.66416931152344,256500,0.0,0.0
2025-03-14 00:00:00-04:00,222.44000244140625,225.10000610351562,219.07000732421875,224.7100067138672,222.38436889648438,528100,0.0,0.0
2025-03-17 00:00:00-04:00,223.60000610351562,229.75999450683594,223.60000610351562,227.3300018310547,224.9772491455078,364300,0.0,0.0
2025-03-18 00:00:00-04:00,225.75,226.9199981689453,223.0800018310547,224.4499969482422,222.12705993652344,241500,0.0,0.0
2025-03-19 00:00:00-04:00,225.41000366210938,231.75,225.41000366210938,230.25999450683594,227.87693786621094,380200,0.0,0.0
2025-03-20 00:00:00-04:00,226.9199981689453,232.00999450683594,226.9199981689453,228.4600067138672,226.09556579589844,396500,0.0,0.0
2025-03-21 00:00:00-04:00,224.50999450683594,226.44000244140625,222.85000610351562,224.5399932861328,222.21612548828125,1094000,0.0,0.0
2025-03-24 00:00:00-04:00,229.86000061035156,235.17999267578125,229.3000030517578,234.5800018310547,232.15223693847656,280400,0.0,0.0
2025-03-25 00:00:00-04:00,234.0,238.49000549316406,233.47000122070312,237.41000366210938,234.95294189453125,324900,0.0,0.0
2025-03-26 00:00:00-04:00,237.60000610351562,239.92999267578125,232.33999633789062,232.88999938964844,230.47970581054688,294400,0.0,0.0
2025-03-27 00:00:00-04:00,233.8699951171875,235.1199951171875,230.0,232.22000122070312,229.81661987304688,258000,0.0,0.0
2025-03-28 00:00:00-04:00,230.67999267578125,232.47999572753906,224.05999755859375,225.52999877929688,223.19589233398438,274600,0.0,0.0
2025-03-31 00:00:00-04:00,221.1999969482422,227.22000122070312,216.6699981689453,225.33999633789062,223.0078582763672,446000,0.0,0.0
2025-04-01 00:00:00-04:00,223.88999938964844,230.1699981689453,222.74000549316406,229.42999267578125,227.05551147460938,254700,0.0,0.0
2025-04-02 00:00:00-04:00,225.57000732421875,237.02999877929688,225.47999572753906,236.32000732421875,233.8742218017578,365900,0.0,0.0
2025-04-03 00:00:00-04:00,222.32000732421875,224.41000366210938,214.47999572753906,216.6699981689453,214.42759704589844,427200,0.0,0.0
2025-04-04 00:00:00-04:00,206.27000427246094,214.50999450683594,201.5800018310547,210.85000610351562,208.66781616210938,581200,0.0,0.0
2025-04-07 00:00:00-04:00,203.75,218.91000366210938,199.9600067138672,208.27000427246094,206.11453247070312,662500,0.0,0.0
2025-04-08 00:00:00-04:00,216.72999572753906,219.88999938964844,202.4199981689453,206.02999877929688,203.89768981933594,563200,0.0,0.0
2025-04-09 00:00:00-04:00,204.0500030517578,234.0800018310547,202.6199951171875,231.97000122070312,229.56922912597656,560300,0.0,0.0
2025-04-10 00:00:00-04:00,225.3300018310547,225.4600067138672,216.05999755859375,220.67999267578125,218.3960723876953,451200,0.0,0.0
2025-04-11 00:00:00-04:00,219.63999938964844,227.91000366210938,216.13999938964844,225.7899932861328,223.4532012939453,370000,0.0,0.0
2025-04-14 00:00:00-04:00,229.52000427246094,230.9199981689453,223.36000061035156,226.36000061035156,224.0172882080078,399700,0.0,0.0
2025-04-15 00:00:00-04:00,226.83999633789062,229.83999633789062,225.02000427246094,226.14999389648438,223.80947875976562,282200,0.0,0.0
2025-04-16 00:00:00-04:00,222.97000122070312,224.66000366210938,212.0,215.5,213.26966857910156,482600,0.0,0.0
2025-04-17 00:00:00-04:00,216.60000610351562,223.4600067138672,215.7100067138672,221.75,219.4550018310547,489600,0.0,0.0
2025-04-21 00:00:00-04:00,219.02000427246094,219.92999267578125,212.13999938964844,214.2100067138672,211.99305725097656,303100,0.0,0.0
2025-04-22 00:00:00-04:00,217.97999572753906,223.08999633789062,216.02999877929688,221.92999267578125,219.63316345214844,308400,0.0,0.0
2025-04-23 00:00:00-04:00,229.00999450683594,232.99000549316406,226.08999633789062,228.8000030517578,226.4320526123047,632300,0.0,0.0
2025-04-24 00:00:00-04:00,228.55999755859375,239.2899932861328,228.55999755859375,239.1300048828125,236.65512084960938,435600,0.0,0.0
2025-04-25 00:00:00-04:00,237.2100067138672,240.5500030517578,235.72000122070312,238.5500030517578,236.0811309814453,291400,0.0,0.0
2025-04-28 00:00:00-04:00,238.13999938964844,241.5500030517578,234.8699951171875,238.3800048828125,235.91290283203125,337500,0.0,0.0
2025-04-29 00:00:00-04:00,236.77000427246094,244.13999938964844,236.27000427246094,242.3699951171875,239.86160278320312,535900,0.0,0.0
2025-04-30 00:00:00-04:00,239.30999755859375,244.61000061035156,236.1999969482422,243.27999877929688,240.76219177246094,600300,0.0,0.0
2025-05-01 00:00:00-04:00,242.99000549316406,244.33999633789062,225.97999572753906,228.72999572753906,226.36276245117188,703500,0.0,0.0
2025-05-02 00:00:00-04:00,230.85000610351562,235.52000427246094,226.30999755859375,227.4499969482422,225.09600830078125,723000,0.0,0.0
2025-05-05 00:00:00-04:00,224.8000030517578,226.4199981689453,223.5399932861328,224.11000061035156,221.7905731201172,390600,0.0,0.0
2025-05-06 00:00:00-04:00,221.36000061035156,223.38999938964844,219.0,220.69000244140625,218.40599060058594,595800,0.0,0.0
2025-05-07 00:00:00-04:00,222.88999938964844,223.61000061035156,213.77999877929688,215.89999389648438,213.66555786132812,545900,0.0,0.0
2025-05-08 00:00:00-04:00,220.1999969482422,224.0,217.35000610351562,222.02999877929688,219.73211669921875,666700,0.0,0.0
2025-05-09 00:00:00-04:00,222.58999633789062,223.3699951171875,218.47999572753906,220.50999450683594,218.22781372070312,295900,0.0,0.0
2025-05-12 00:00:00-04:00,232.5399932861328,235.1300048828125,229.86000061035156,233.64999389648438,231.23184204101562,543800,0.0,0.0
2025-05-13 00:00:00-04:00,235.41000366210938,236.8800048828125,231.19000244140625,232.10000610351562,229.69790649414062,613200,0.0,0.0
2025-05-14 00:00:00-04:00,231.17999267578125,234.0500030517578,228.94000244140625,229.22000122070312,226.84768676757812,455400,0.0,0.0
2025-05-15 00:00:00-04:00,228.0,233.0399932861328,227.3300018310547,232.1199951171875,230.17959594726562,384900,0.46,0.0
2025-05-16 00:00:00-04:00,233.60000610351562,236.19000244140625,232.33999633789062,236.16000366210938,234.18585205078125,349000,0.0,0.0
2025-05-19 00:00:00-04:00,231.1199951171875,234.42999267578125,230.72999572753906,233.2899932861328,231.33982849121094,302900,0.0,0.0
2025-05-20 00:00:00-04:00,231.3000030517578,232.1999969482422,227.9499969482422,229.41000366210938,227.49227905273438,357000,0.0,0.0
2025-05-21 00:00:00-04:00,226.77000427246094,228.1699981689453,223.22000122070312,224.13999938964844,222.26632690429688,291100,0.0,0.0
2025-05-22 00:00:00-04:00,224.24000549316406,225.00999450683594,222.60000610351562,223.24000549316406,221.3738555908203,320100,0.0,0.0
2025-05-23 00:00:00-04:00,218.47999572753906,224.22999572753906,218.47999572753906,222.80999755859375,220.94744873046875,272700,0.0,0.0
2025-05-27 00:00:00-04:00,227.30999755859375,230.64999389648438,224.82000732421875,230.35000610351562,228.42442321777344,430200,0.0,0.0
2025-05-28 00:00:00-04:00,231.22999572753906,232.38999938964844,225.9499969482422,226.1199951171875,224.22976684570312,290000,0.0,0.0
2025-05-29 00:00:00-04:00,227.7899932861328,228.05999755859375,223.9600067138672,227.42999267578125,225.52882385253906,292100,0.0,0.0
2025-05-30 00:00:00-04:00,226.67999267578125,227.7100067138672,223.60000610351562,226.52000427246094,224.62643432617188,368600,0.0,0.0
2025-06-02 00:00:00-04:00,225.9600067138672,225.9600067138672,221.52000427246094,224.57000732421875,222.69273376464844,266400,0.0,0.0
2025-06-03 00:00:00-04:00,225.75,230.1300048828125,224.38999938964844,230.00999450683594,228.0872344970703,367900,0.0,0.0
2025-06-04 00:00:00-04:00,230.61000061035156,231.4600067138672,228.89999389648438,229.2100067138672,227.29396057128906,202900,0.0,0.0
2025-06-05 00:00:00-04:00,229.0500030517578,230.2100067138672,226.25999450683594,229.1300048828125,227.21461486816406,260000,0.0,0.0
2025-06-06 00:00:00-04:00,234.38999938964844,234.38999938964844,230.7899932861328,231.8300018310547,229.89202880859375,217100,0.0,0.0
2025-06-09 00:00:00-04:00,232.8699951171875,234.91000366210938,231.7899932861328,233.1699981689453,231.22084045410156,208700,0.0,0.0
2025-06-10 00:00:00-04:00,234.2899932861328,234.83999633789062,232.35000610351562,233.7100067138672,231.75633239746094,205500,0.0,0.0
2025-06-11 00:00:00-04:00,234.25,234.38999938964844,228.9600067138672,230.19000244140625,228.26576232910156,324000,0.0,0.0
2025-06-12 00:00:00-04:00,227.4499969482422,230.47999572753906,225.0,230.24000549316406,228.31533813476562,280700,0.0,0.0
2025-06-13 00:00:00-04:00,228.41000366210938,229.16000366210938,224.30999755859375,225.66000366210938,223.7736053466797,257100,0.0,0.0
2025-06-16 00:00:00-04:00,228.39999389648438,230.38999938964844,226.9499969482422,230.05999755859375,228.1368408203125,356100,0.0,0.0
2025-06-17 00:00:00-04:00,228.61000061035156,231.6999969482422,225.05999755859375,225.17999267578125,223.29763793945312,357900,0.0,0.0
2025-06-18 00:00:00-04:00,224.82000732421875,228.41000366210938,224.30999755859375,226.17999267578125,224.2892608642578,442800,0.0,0.0
2025-06-20 00:00:00-04:00,228.1199951171875,228.80999755859375,225.35000610351562,227.19000244140625,225.29083251953125,494600,0.0,0.0
2025-06-23 00:00:00-04:00,226.94000244140625,232.02999877929688,225.17999267578125,231.9600067138672,230.0209503173828,359500,0.0,0.0
2025-06-24 00:00:00-04:00,233.0,238.63999938964844,232.8699951171875,234.88999938964844,232.92645263671875,530400,0.0,0.0
2025-06-25 00:00:00-04:00,235.55999755859375,236.9499969482422,223.1300048828125,224.60000610351562,222.72247314453125,733600,0.0,0.0
2025-06-26 00:00:00-04:00,226.1300048828125,232.25999450683594,224.66000366210938,232.2100067138672,230.2688751220703,729800,0.0,0.0
2025-06-27 00:00:00-04:00,233.7100067138672,235.44000244140625,231.41000366210938,231.69000244140625,229.7532196044922,6336100,0.0,0.0
2025-06-30 00:00:00-04:00,233.22999572753906,234.99000549316406,230.44000244140625,232.4499969482422,230.50685119628906,631800,0.0,0.0
2025-07-01 00:00:00-04:00,232.19000244140625,243.0800018310547,231.61000061035156,242.13999938964844,240.11582946777344,561000,0.0,0.0
2025-07-02 00:00:00-04:00,242.19000244140625,245.4499969482422,241.25999450683594,245.19000244140625,243.14035034179688,559300,0.0,0.0
2025-07-03 00:00:00-04:00,246.86000061035156,247.08999633789062,244.0800018310547,245.74000549316406,243.68576049804688,307700,0.0,0.0
2025-07-07 00:00:00-04:00,243.69000244140625,246.5800018310547,241.58999633789062,244.14999389648438,242.10902404785156,312400,0.0,0.0
2025-07-08 00:00:00-04:00,244.3699951171875,249.3300018310547,244.3699951171875,247.66000366210938,245.58970642089844,433500,0.0,0.0
2025-07-09 00:00:00-04:00,250.08999633789062,251.6999969482422,245.47999572753906,251.39999389648438,249.29844665527344,405000,0.0,0.0
2025-07-10 00:00:00-04:00,251.47999572753906,258.30999755859375,251.13999938964844,255.9499969482422,253.81040954589844,493300,0.0,0.0
2025-07-11 00:00:00-04:00,253.52999877929688,254.44000244140625,251.77999877929688,253.91000366210938,251.78744506835938,345000,0.0,0.0
2025-07-14 00:00:00-04:00,254.1699981689453,257.25,252.66000366210938,256.9800109863281,254.8318328857422,432100,0.0,0.0
2025-07-15 00:00:00-04:00,258.04998779296875,258.2799987792969,252.97000122070312,254.41000366210938,252.2832794189453,280600,0.0,0.0
2025-07-16 00:00:00-04:00,255.52999877929688,256.32000732421875,250.4199981689453,255.52000427246094,253.38401794433594,247500,0.0,0.0
2025-07-17 00:00:00-04:00,257.3999938964844,262.7799987792969,257.3999938964844,261.92999267578125,259.74041748046875,342200,0.0,0.0
2025-07-18 00:00:00-04:00,263.17999267578125,263.9599914550781,259.5199890136719,260.70001220703125,258.5207214355469,370800,0.0,0.0
2025-07-21 00:00:00-04:00,262.3900146484375,263.7699890136719,257.70001220703125,260.20001220703125,258.0248718261719,343100,0.0,0.0
2025-07-22 00:00:00-04:00,260.9200134277344,265.70001220703125,259.2699890136719,264.8900146484375,262.67572021484375,293100,0.0,0.0
2025-07-23 00:00:00-04:00,266.07000732421875,270.0,264.30999755859375,267.010009765625,264.7779541015625,330800,0.0,0.0
2025-07-24 00:00:00-04:00,266.9100036621094,269.0199890136719,264.989990234375,268.07000732421875,265.8291015625,370500,0.0,0.0
2025-07-25 00:00:00-04:00,269.0,272.1400146484375,267.8999938964844,272.1300048828125,269.8551940917969,201900,0.0,0.0
2025-07-28 00:00:00-04:00,272.7699890136719,274.760009765625,271.0799865722656,274.69000244140625,272.3937683105469,401300,0.0,0.0
2025-07-29 00:00:00-04:00,276.010009765625,276.2300109863281,271.8399963378906,272.3999938964844,270.12286376953125,290200,0.0,0.0
2025-07-30 00:00:00-04:00,274.4100036621094,276.8299865722656,271.5400085449219,273.6199951171875,271.3326721191406,375600,0.0,0.0
2025-07-31 00:00:00-04:00,271.32000732421875,273.8699951171875,269.989990234375,271.5,269.2304382324219,401600,0.0,0.0
2025-08-01 00:00:00-04:00,267.5299987792969,267.5299987792969,260.1099853515625,264.17999267578125,261.97161865234375,409500,0.0,0.0
2025-08-04 00:00:00-04:00,265.2900085449219,267.9100036621094,264.4200134277344,267.1600036621094,264.92669677734375,259200,0.0,0.0
2025-08-05 00:00:00-04:00,268.0799865722656,270.6000061035156,265.5400085449219,269.2799987792969,267.0290222167969,317900,0.0,0.0
2025-08-06 00:00:00-04:00,269.489990234375,269.489990234375,264.2900085449219,264.9700012207031,262.7550048828125,326600,0.0,0.0
2025-08-07 00:00:00-04:00,267.1000061035156,267.1099853515625,262.04998779296875,263.42999267578125,261.2278747558594,245400,0.0,0.0
2025-08-08 00:00:00-04:00,264.6499938964844,265.32000732421875,262.3399963378906,263.1300048828125,260.9303894042969,280400,0.0,0.0
2025-08-11 00:00:00-04:00,263.1199951171875,263.7900085449219,260.2799987792969,262.510009765625,260.3155822753906,298800,0.0,0.0
2025-08-12 00:00:00-04:00,264.54998779296875,270.94000244140625,263.7799987792969,270.67999267578125,268.4172668457031,340800,0.0,0.0
2025-08-13 00:00:00-04:00,271.80999755859375,275.760009765625,269.82000732421875,275.7200012207031,273.4151306152344,321900,0.0,0.0
2025-08-14 00:00:00-04:00,268.5,280.95001220703125,266.7300109863281,273.0400085449219,270.7575378417969,443200,0.0,0.0
2025-08-15 00:00:00-04:00,269.9599914550781,270.8800048828125,255.0,255.00999450683594,253.3050079345703,579400,0.46,0.0
2025-08-18 00:00:00-04:00,255.13999938964844,262.7300109863281,255.13999938964844,262.3599853515625,260.6058654785156,394000,0.0,0.0
2025-08-19 00:00:00-04:00,262.3800048828125,266.0400085449219,262.1600036621094,262.9200134277344,261.162109375,160900,0.0,0.0
2025-08-20 00:00:00-04:00,262.8399963378906,264.3900146484375,258.5400085449219,262.4599914550781,260.7052307128906,229600,0.0,0.0
2025-08-21 00:00:00-04:00,261.5,263.3699951171875,258.04998779296875,258.760009765625,257.02996826171875,235900,0.0,0.0
2025-08-22 00:00:00-04:00,260.3800048828125,269.3500061035156,260.1099853515625,267.1099853515625,265.3240966796875,264100,0.0,0.0
2025-08-25 00:00:00-04:00,266.29998779296875,266.6600036621094,263.82000732421875,264.2099914550781,262.4434814453125,195400,0.0,0.0
2025-08-26 00:00:00-04:00,264.4599914550781,267.32000732421875,262.260009765625,266.989990234375,265.20489501953125,200400,0.0,0.0
2025-08-27 00:00:00-04:00,265.9700012207031,269.0199890136719,264.8999938964844,268.3999938964844,266.6054992675781,340400,0.0,0.0
2025-08-28 00:00:00-04:00,269.2200012207031,270.0,265.4700012207031,266.4700012207031,264.6883544921875,207600,0.0,0.0
2025-08-29 00:00:00-04:00,265.7300109863281,269.75,262.57000732421875,263.5799865722656,261.8177185058594,154000,0.0,0.0
2025-09-02 00:00:00-04:00,259.30999755859375,263.4599914550781,258.9800109863281,263.1499938964844,261.3905944824219,131300,0.0,0.0
2025-09-03 00:00:00-04:00,262.7099914550781,263.42999267578125,260.0199890136719,261.5299987792969,259.78143310546875,145400,0.0,0.0
2025-09-04 00:00:00-04:00,262.2799987792969,267.989990234375,261.05999755859375,267.9599914550781,266.16839599609375,192400,0.0,0.0
2025-09-05 00:00:00-04:00,269.45001220703125,270.4800109863281,263.510009765625,265.44000244140625,263.665283203125,219200,0.0,0.0
2025-09-08 00:00:00-04:00,265.54998779296875,266.9599914550781,263.2200012207031,266.2200012207031,264.4400634765625,197100,0.0,0.0
2025-09-09 00:00:00-04:00,264.6000061035156,265.2699890136719,259.17999267578125,261.6099853515625,259.8608703613281,152000,0.0,0.0
2025-09-10 00:00:00-04:00,261.19000244140625,267.4100036621094,261.1499938964844,263.45001220703125,261.6885986328125,166500,0.0,0.0
2025-09-11 00:00:00-04:00,265.17999267578125,270.0799865722656,263.9599914550781,269.67999267578125,267.8769226074219,256300,0.0,0.0
2025-09-12 00:00:00-04:00,269.2200012207031,269.75,262.7699890136719,263.19000244140625,261.4303283691406,166000,0.0,0.0
2025-09-15 00:00:00-04:00,263.5899963378906,266.1400146484375,261.8500061035156,262.8299865722656,261.07275390625,174600,0.0,0.0
2025-09-16 00:00:00-04:00,264.4599914550781,265.67999267578125,258.2799987792969,262.5799865722656,260.82440185546875,229300,0.0,0.0
2025-09-17 00:00:00-04:00,262.510009765625,266.6000061035156,258.0,259.5,257.76495361328125,230200,0.0,0.0
2025-09-18 00:00:00-04:00,261.6300048828125,263.94000244140625,259.20001220703125,262.7699890136719,261.0130920410156,174600,0.0,0.0
2025-09-19 00:00:00-04:00,262.8299865722656,263.1300048828125,257.5199890136719,260.45001220703125,258.7086486816406,588800,0.0,0.0
2025-09-22 00:00:00-04:00,260.29998779296875,266.489990234375,259.989990234375,265.4800109863281,263.7050476074219,184600,0.0,0.0
2025-09-23 00:00:00-04:00,266.3399963378906,270.7099914550781,264.69000244140625,264.8999938964844,263.12884521484375,185000,0.0,0.0
2025-09-24 00:00:00-04:00,264.3399963378906,267.3299865722656,258.5199890136719,259.3699951171875,257.6358337402344,217300,0.0,0.0
2025-09-25 00:00:00-04:00,257.5,259.8800048828125,256.8299865722656,259.1000061035156,257.3676452636719,194200,0.0,0.0
2025-09-26 00:00:00-04:00,260.57000732421875,263.4200134277344,259.8299865722656,261.42999267578125,259.6820983886719,115100,0.0,0.0
2025-09-29 00:00:00-04:00,262.4599914550781,262.4599914550781,256.8900146484375,258.44000244140625,256.71209716796875,194400,0.0,0.0
2025-09-30 00:00:00-04:00,258.0400085449219,261.5400085449219,256.5,261.04998779296875,259.3045959472656,226300,0.0,0.0
2025-10-01 00:00:00-04:00,259.239990234375,261.4599914550781,257.2799987792969,257.9800109863281,256.25518798828125,156600,0.0,0.0
2025-10-02 00:00:00-04:00,258.3699951171875,260.6099853515625,256.82000732421875,259.1600036621094,257.4272766113281,232000,0.0,0.0
2025-10-03 00:00:00-04:00,260.3800048828125,260.70001220703125,257.54998779296875,258.4100036621094,256.6822814941406,222500,0.0,0.0
2025-10-06 00:00:00-04:00,260.80999755859375,263.94000244140625,256.9700012207031,259.0400085449219,257.30810546875,188300,0.0,0.0
2025-10-07 00:00:00-04:00,260.489990234375,261.25,252.58999633789062,252.74000549316406,251.05020141601562,228800,0.0,0.0
2025-10-08 00:00:00-04:00,253.5500030517578,256.17999267578125,252.30999755859375,255.19000244140625,253.4838104248047,278100,0.0,0.0
2025-10-09 00:00:00-04:00,255.9600067138672,256.3999938964844,248.83999633789062,251.02999877929688,249.35162353515625,389000,0.0,0.0
2025-10-10 00:00:00-04:00,250.97000122070312,252.72999572753906,244.99000549316406,246.0399932861328,244.39498901367188,234900,0.0,0.0
2025-10-13 00:00:00-04:00,248.13999938964844,250.66000366210938,246.74000549316406,246.74000549316406,245.09031677246094,148200,0.0,0.0
2025-10-14 00:00:00-04:00,244.44000244140625,256.3599853515625,238.33999633789062,252.9499969482422,251.25880432128906,220400,0.0,0.0
2025-10-15 00:00:00-04:00,252.0500030517578,255.3000030517578,245.52999877929688,247.97000122070312,246.3120880126953,309200,0.0,0.0
2025-10-16 00:00:00-04:00,249.1199951171875,249.64999389648438,242.7899932861328,244.83999633789062,243.20301818847656,288200,0.0,0.0
2025-10-17 00:00:00-04:00,245.33999633789062,248.4499969482422,239.5500030517578,247.9199981689453,246.2624053955078,662400,0.0,0.0
2025-10-20 00:00:00-04:00,250.10000610351562,251.69000244140625,247.7100067138672,249.57000732421875,247.90139770507812,179800,0.0,0.0
2025-10-21 00:00:00-04:00,248.58999633789062,259.95001220703125,248.58999633789062,258.7799987792969,257.0498046875,394200,0.0,0.0
2025-10-22 00:00:00-04:00,259.1499938964844,260.0,253.4199981689453,253.5,251.80511474609375,198900,0.0,0.0
2025-10-23 00:00:00-04:00,256.5199890136719,261.19000244140625,254.82000732421875,260.0,258.26165771484375,418400,0.0,0.0
2025-10-24 00:00:00-04:00,261.739990234375,263.29998779296875,259.8299865722656,260.2900085449219,258.5497131347656,256600,0.0,0.0
2025-10-27 00:00:00-04:00,262.7300109863281,263.20001220703125,258.92999267578125,260.0,258.26165771484375,237400,0.0,0.0
2025-10-28 00:00:00-04:00,251.97000122070312,266.44000244140625,247.5,258.0299987792969,256.3048400878906,341800,0.0,0.0
2025-10-29 00:00:00-04:00,256.05999755859375,260.4200134277344,250.3000030517578,254.10000610351562,252.40110778808594,370100,0.0,0.0
2025-10-30 00:00:00-04:00,253.6999969482422,262.7099914550781,250.64999389648438,255.91000366210938,254.19898986816406,332400,0.0,0.0
2025-10-31 00:00:00-04:00,255.9499969482422,257.9200134277344,253.3800048828125,257.0899963378906,255.37112426757812,301100,0.0,0.0
2025-11-03 00:00:00-05:00,256.2099914550781,257.510009765625,251.2899932861328,253.3300018310547,251.63624572753906,244000,0.0,0.0
2025-11-04 00:00:00-05:00,251.7100067138672,256.67999267578125,250.8800048828125,256.4700012207031,254.75526428222656,287300,0.0,0.0
2025-11-05 00:00:00-05:00,255.66000366210938,260.1099853515625,253.0,257.8999938964844,256.1756896972656,361700,0.0,0.0
2025-11-06 00:00:00-05:00,260.0,262.70001220703125,256.69000244140625,259.6600036621094,257.9239501953125,290100,0.0,0.0
2025-11-07 00:00:00-05:00,257.7099914550781,260.8299865722656,255.35000610351562,258.9200134277344,257.1888732910156,221800,0.0,0.0
2025-11-10 00:00:00-05:00,259.739990234375,262.92999267578125,258.20001220703125,259.739990234375,258.0033874511719,214700,0.0,0.0
2025-11-11 00:00:00-05:00,259.67999267578125,259.67999267578125,255.13999938964844,255.52999877929688,253.82154846191406,193600,0.0,0.0
2025-11-12 00:00:00-05:00,256.6400146484375,260.510009765625,255.85000610351562,256.260009765625,254.54666137695312,259100,0.0,0.0
2025-11-13 00:00:00-05:00,255.33999633789062,258.57000732421875,250.02999877929688,250.88999938964844,249.2125701904297,237600,0.0,0.0
2025-11-14 00:00:00-05:00,247.5,250.55999755859375,245.38999938964844,248.9600067138672,247.7497100830078,229000,0.46,0.0
2025-11-17 00:00:00-05:00,249.02000427246094,249.72000122070312,238.72000122070312,240.6300048828125,239.46022033691406,221900,0.0,0.0
2025-11-18 00:00:00-05:00,239.3300018310547,243.47000122070312,239.0399932861328,242.61000061035156,241.4305877685547,251000,0.0,0.0
2025-11-19 00:00:00-05:00,243.0,245.72999572753906,241.5800018310547,243.7899932861328,242.6048583984375,277100,0.0,0.0
2025-11-20 00:00:00-05:00,248.0800018310547,253.6300048828125,242.47999572753906,242.52000427246094,241.34103393554688,284600,0.0,0.0
2025-11-21 00:00:00-05:00,243.52000427246094,252.3800048828125,243.02000427246094,248.9199981689453,247.7099151611328,308800,0.0,0.0
2025-11-24 00:00:00-05:00,248.27000427246094,252.61000061035156,244.22999572753906,249.0500030517578,247.83929443359375,284200,0.0,0.0
2025-11-25 00:00:00-05:00,250.5500030517578,256.3500061035156,249.38999938964844,255.77999877929688,254.53656005859375,282600,0.0,0.0
2025-11-26 00:00:00-05:00,255.22000122070312,259.3399963378906,255.22000122070312,257.32000732421875,256.069091796875,241200,0.0,0.0
2025-11-28 00:00:00-05:00,258.44000244140625,259.55999755859375,256.67999267578125,258.82000732421875,257.5617980957031,131800,0.0,0.0
2025-12-01 00:00:00-05:00,256.6199951171875,260.1700134277344,255.77000427246094,256.44000244140625,255.19334411621094,230700,0.0,0.0
2025-12-02 00:00:00-05:00,257.6099853515625,259.7200012207031,254.6999969482422,257.32000732421875,256.069091796875,185500,0.0,0.0
2025-12-03 00:00:00-05:00,257.7099914550781,260.95001220703125,256.2300109863281,260.8800048828125,259.61175537109375,265000,0.0,0.0
2025-12-04 00:00:00-05:00,260.6700134277344,262.9200134277344,258.6499938964844,258.8299865722656,257.57171630859375,261000,0.0,0.0
2025-12-05 00:00:00-05:00,258.8500061035156,259.70001220703125,255.8800048828125,257.9100036621094,256.65618896484375,221800,0.0,0.0
2025-12-08 00:00:00-05:00,258.07000732421875,259.70001220703125,255.1199951171875,257.25,255.99942016601562,302100,0.0,0.0
2025-12-09 00:00:00-05:00,254.25,260.57000732421875,253.69000244140625,257.29998779296875,256.0491943359375,324100,0.0,0.0
2025-12-10 00:00:00-05:00,255.32000732421875,266.2799987792969,255.1699981689453,264.32000732421875,263.0350646972656,286700,0.0,0.0
2025-12-11 00:00:00-05:00,265.9700012207031,268.2699890136719,261.9100036621094,262.8399963378906,261.5622253417969,359000,0.0,0.0
2025-12-12 00:00:00-05:00,264.8699951171875,264.8699951171875,259.54998779296875,261.739990234375,260.46759033203125,263600,0.0,0.0
2025-12-15 00:00:00-05:00,263.2699890136719,263.44000244140625,257.3999938964844,259.80999755859375,258.5469665527344,361400,0.0,0.0
2025-12-16 00:00:00-05:00,260.5899963378906,261.0899963378906,256.1700134277344,258.4700012207031,257.2135009765625,367000,0.0,0.0
2025-12-17 00:00:00-05:00,257.75,260.19000244140625,255.02999877929688,256.7300109863281,255.48194885253906,279800,0.0,0.0
2025-12-18 00:00:00-05:00,258.92999267578125,260.3399963378906,256.2300109863281,259.4800109863281,258.21856689453125,350500,0.0,0.0
2025-12-19 00:00:00-05:00,259.8999938964844,264.4200134277344,259.739990234375,262.4100036621094,261.13433837890625,1194600,0.0,0.0
2025-12-22 00:00:00-05:00,262.989990234375,265.1300048828125,260.67999267578125,263.4800109863281,262.19915771484375,289700,0.0,0.0
2025-12-23 00:00:00-05:00,263.92999267578125,264.9200134277344,262.239990234375,263.5799865722656,262.2986145019531,150800,0.0,0.0
2025-12-24 00:00:00-05:00,264.2099914550781,265.32000732421875,263.1400146484375,264.3299865722656,263.04498291015625,93500,0.0,0.0
2025-12-26 00:00:00-05:00,264.760009765625,265.55999755859375,262.0400085449219,264.7799987792969,263.4927978515625,110300,0.0,0.0
2025-12-29 00:00:00-05:00,264.6600036621094,265.55999755859375,261.8399963378906,263.3999938964844,262.1195373535156,190800,0.0,0.0
2025-12-30 00:00:00-05:00,262.45001220703125,263.7099914550781,260.989990234375,261.1600036621094,259.8904113769531,157900,0.0,0.0
