Date,Open,High,Low,Close,Adj Close,Volume,Dividends,Stock Splits
2022-01-03 00:00:00-05:00,147.25,147.39999389648438,142.75999450683594,143.6699981689453,139.48394775390625,850400,0.0,0.0
2022-01-04 00:00:00-05:00,144.5,146.52000427246094,143.92999267578125,146.08999633789062,141.83346557617188,774000,0.0,0.0
2022-01-05 00:00:00-05:00,146.5800018310547,147.52000427246094,143.2899932861328,143.42999267578125,139.25094604492188,1050900,0.0,0.0
2022-01-06 00:00:00-05:00,143.75999450683594,146.02000427246094,143.2100067138672,145.14999389648438,140.9208221435547,761100,0.0,0.0
2022-01-07 00:00:00-05:00,145.10000610351562,145.82000732421875,142.32000732421875,142.3800048828125,138.23155212402344,834300,0.0,0.0
2022-01-10 00:00:00-05:00,141.0399932861328,141.3699951171875,138.4600067138672,140.22999572753906,136.14418029785156,973300,0.0,0.0
2022-01-11 00:00:00-05:00,140.5800018310547,142.6699981689453,138.60000610351562,142.5800018310547,138.42567443847656,883600,0.0,0.0
2022-01-12 00:00:00-05:00,143.82000732421875,145.27999877929688,143.02999877929688,143.61000061035156,139.42572021484375,828600,0.0,0.0
2022-01-13 00:00:00-05:00,143.97000122070312,144.77999877929688,142.6300048828125,144.05999755859375,139.8625946044922,839900,0.0,0.0
2022-01-14 00:00:00-05:00,142.75,143.3000030517578,139.6300048828125,141.5399932861328,137.416015625,938100,0.0,0.0
2022-01-18 00:00:00-05:00,140.05999755859375,140.1300048828125,137.35000610351562,139.55999755859375,135.49371337890625,1036500,0.0,0.0
2022-01-19 00:00:00-05:00,139.92999267578125,140.82000732421875,138.57000732421875,138.83999633789062,134.79464721679688,831700,0.0,0.0
2022-01-20 00:00:00-05:00,139.27000427246094,140.6199951171875,136.3000030517578,136.6199951171875,132.63937377929688,682600,0.0,0.0
2022-01-21 00:00:00-05:00,136.52000427246094,137.47000122070312,135.17999267578125,136.4199981689453,132.44520568847656,1411100,0.0,0.0
2022-01-24 00:00:00-05:00,134.63999938964844,136.57000732421875,131.7100067138672,136.3300018310547,132.35781860351562,1232400,0.0,0.0
2022-01-25 00:00:00-05:00,133.8000030517578,135.0,129.94000244140625,133.88999938964844,129.98890686035156,1514200,0.0,0.0
2022-01-26 00:00:00-05:00,135.25,137.0800018310547,131.7100067138672,133.38999938964844,129.50350952148438,1380600,0.0,0.0
2022-01-27 00:00:00-05:00,134.57000732421875,135.6999969482422,131.7899932861328,132.4600067138672,128.6005859375,953600,0.0,0.0
2022-01-28 00:00:00-05:00,132.17999267578125,135.13999938964844,130.4199981689453,134.99000549316406,131.05685424804688,956600,0.0,0.0
2022-01-31 00:00:00-05:00,134.63999938964844,136.9199981689453,133.67999267578125,136.77000427246094,132.78500366210938,889200,0.0,0.0
2022-02-01 00:00:00-05:00,136.67999267578125,137.36000061035156,135.00999450683594,137.08999633789062,133.09564208984375,892900,0.0,0.0
2022-02-02 00:00:00-05:00,137.1199951171875,139.80999755859375,137.1199951171875,139.7899932861328,135.7169952392578,1535000,0.0,0.0
2022-02-03 00:00:00-05:00,134.64999389648438,143.47999572753906,134.64999389648438,138.25999450683594,134.23155212402344,1260100,0.0,0.0
2022-02-04 00:00:00-05:00,138.24000549316406,138.24000549316406,134.02000427246094,134.49000549316406,130.57144165039062,1076200,0.0,0.0
2022-02-07 00:00:00-05:00,134.74000549316406,136.27999877929688,134.1999969482422,135.25999450683594,131.31900024414062,816400,0.0,0.0
2022-02-08 00:00:00-05:00,135.44000244140625,136.4199981689453,134.52999877929688,135.4600067138672,131.51318359375,1478700,0.0,0.0
2022-02-09 00:00:00-05:00,137.11000061035156,137.32000732421875,135.74000549316406,136.52000427246094,132.5422821044922,1311800,0.0,0.0
2022-02-10 00:00:00-05:00,134.6699981689453,137.7100067138672,134.5399932861328,135.49000549316406,131.54229736328125,1373200,0.0,0.0
2022-02-11 00:00:00-05:00,135.27999877929688,135.27999877929688,130.10000610351562,130.80999755859375,126.99867248535156,1238500,0.0,0.0
2022-02-14 00:00:00-05:00,130.80999755859375,131.2899932861328,129.2899932861328,130.16000366210938,126.36760711669922,1085200,0.0,0.0
2022-02-15 00:00:00-05:00,131.3800048828125,132.5,130.66000366210938,131.41000366210938,127.5811767578125,777700,0.0,0.0
2022-02-16 00:00:00-05:00,130.47999572753906,132.2100067138672,129.9499969482422,131.8000030517578,127.95980072021484,712000,0.0,0.0
2022-02-17 00:00:00-05:00,130.61000061035156,130.97999572753906,127.83999633789062,128.32000732421875,124.5811996459961,1029300,0.0,0.0
2022-02-18 00:00:00-05:00,128.1300048828125,129.32000732421875,127.5,128.22000122070312,124.4841079711914,777000,0.0,0.0
2022-02-22 00:00:00-05:00,128.00999450683594,129.1300048828125,126.29000091552734,127.44000244140625,123.72684478759766,1105600,0.0,0.0
2022-02-23 00:00:00-05:00,128.0800018310547,128.3800048828125,124.6500015258789,124.7699966430664,121.13462829589844,1187700,0.0,0.0
2022-02-24 00:00:00-05:00,122.58000183105469,128.02999877929688,121.80000305175781,127.61000061035156,123.89187622070312,1196200,0.0,0.0
2022-02-25 00:00:00-05:00,127.41999816894531,130.22000122070312,127.13999938964844,129.8699951171875,126.08602905273438,818000,0.0,0.0
2022-02-28 00:00:00-05:00,128.55999755859375,130.0399932861328,128.16000366210938,129.7899932861328,126.00833892822266,1211900,0.0,0.0
2022-03-01 00:00:00-05:00,129.5800018310547,129.9199981689453,126.41000366210938,127.38999938964844,123.67829132080078,1986100,0.0,0.0
2022-03-02 00:00:00-05:00,128.61000061035156,131.8000030517578,128.4600067138672,130.99000549316406,127.17342376708984,878200,0.0,0.0
2022-03-03 00:00:00-05:00,131.60000610351562,131.85000610351562,129.39999389648438,131.0500030517578,127.23165893554688,907200,0.0,0.0
2022-03-04 00:00:00-05:00,129.0500030517578,131.3000030517578,128.6999969482422,130.99000549316406,127.17342376708984,1095100,0.0,0.0
2022-03-07 00:00:00-05:00,131.17999267578125,131.49000549316406,128.19000244140625,129.5,125.72679901123047,1209300,0.0,0.0
2022-03-08 00:00:00-05:00,130.41000366210938,132.11000061035156,128.80999755859375,128.8300018310547,125.07633972167969,1446300,0.0,0.0
2022-03-09 00:00:00-05:00,131.00999450683594,131.72999572753906,130.00999450683594,130.50999450683594,126.92412567138672,784800,0.22,0.0
2022-03-10 00:00:00-05:00,128.83999633789062,129.19000244140625,127.87999725341797,128.17999267578125,124.65816497802734,1186200,0.0,0.0
2022-03-11 00:00:00-05:00,129.05999755859375,129.1999969482422,126.22000122070312,126.33999633789062,122.86870574951172,1126900,0.0,0.0
2022-03-14 00:00:00-04:00,127.55000305175781,128.14999389648438,125.86000061035156,127.08999633789062,123.59809875488281,922600,0.0,0.0
2022-03-15 00:00:00-04:00,127.3499984741211,129.77000427246094,126.83000183105469,129.3800048828125,125.82518005371094,1228400,0.0,0.0
2022-03-16 00:00:00-04:00,130.25,131.72999572753906,129.11000061035156,131.3800048828125,127.77022552490234,959400,0.0,0.0
2022-03-17 00:00:00-04:00,130.72000122070312,133.2100067138672,129.97999572753906,132.75,129.1025390625,796900,0.0,0.0
2022-03-18 00:00:00-04:00,132.02000427246094,135.36000061035156,130.86000061035156,134.75999450683594,131.05735778808594,1372400,0.0,0.0
2022-03-21 00:00:00-04:00,134.66000366210938,135.77999877929688,133.97000122070312,134.69000244140625,130.9893035888672,1122600,0.0,0.0
2022-03-22 00:00:00-04:00,135.08999633789062,135.82000732421875,134.58999633789062,134.6199951171875,130.92124938964844,973800,0.0,0.0
2022-03-23 00:00:00-04:00,133.92999267578125,134.5399932861328,132.41000366210938,132.5500030517578,128.9080810546875,866400,0.0,0.0
2022-03-24 00:00:00-04:00,133.1699981689453,133.63999938964844,132.19000244140625,132.5,128.85946655273438,869700,0.0,0.0
2022-03-25 00:00:00-04:00,132.8699951171875,133.61000061035156,132.27999877929688,133.55999755859375,129.89031982421875,799000,0.0,0.0
2022-03-28 00:00:00-04:00,133.4499969482422,134.0500030517578,132.39999389648438,133.6699981689453,129.99729919433594,576800,0.0,0.0
2022-03-29 00:00:00-04:00,134.7100067138672,136.7100067138672,134.07000732421875,135.97000122070312,132.23410034179688,838700,0.0,0.0
2022-03-30 00:00:00-04:00,135.5399932861328,136.24000549316406,135.05999755859375,135.42999267578125,131.7089385986328,886100,0.0,0.0
2022-03-31 00:00:00-04:00,135.1300048828125,136.5,133.13999938964844,133.17999267578125,129.520751953125,1068100,0.0,0.0
2022-04-01 00:00:00-04:00,134.2100067138672,134.77000427246094,132.6199951171875,134.3800048828125,130.68780517578125,795100,0.0,0.0
2022-04-04 00:00:00-04:00,134.6699981689453,134.83999633789062,133.0500030517578,134.0,130.31826782226562,880600,0.0,0.0
2022-04-05 00:00:00-04:00,134.0,134.55999755859375,131.52000427246094,131.7899932861328,128.16893005371094,1212600,0.0,0.0
2022-04-06 00:00:00-04:00,130.41000366210938,132.3800048828125,130.3800048828125,131.92999267578125,128.30511474609375,1026300,0.0,0.0
2022-04-07 00:00:00-04:00,131.55999755859375,132.8000030517578,130.80999755859375,132.3000030517578,128.6649627685547,1024100,0.0,0.0
2022-04-08 00:00:00-04:00,132.49000549316406,133.66000366210938,131.63999938964844,131.82000732421875,128.1981658935547,850300,0.0,0.0
2022-04-11 00:00:00-04:00,131.35000610351562,132.39999389648438,129.8300018310547,129.8800048828125,126.31144714355469,963100,0.0,0.0
2022-04-12 00:00:00-04:00,130.35000610351562,132.19000244140625,128.1999969482422,128.69000244140625,125.15412139892578,909800,0.0,0.0
2022-04-13 00:00:00-04:00,128.1199951171875,129.94000244140625,128.1199951171875,129.5399932861328,125.98078155517578,825100,0.0,0.0
2022-04-14 00:00:00-04:00,130.0,130.41000366210938,127.05000305175781,127.05000305175781,123.55921173095703,2247100,0.0,0.0
2022-04-18 00:00:00-04:00,127.05999755859375,128.3300018310547,126.3499984741211,127.27999877929688,123.78289794921875,581800,0.0,0.0
2022-04-19 00:00:00-04:00,127.7300033569336,130.25,127.58999633789062,130.1300048828125,126.55458068847656,783300,0.0,0.0
2022-04-20 00:00:00-04:00,131.44000244140625,133.67999267578125,131.44000244140625,132.11000061035156,128.4801788330078,869900,0.0,0.0
2022-04-21 00:00:00-04:00,133.49000549316406,133.91000366210938,131.6699981689453,132.25,128.61634826660156,837200,0.0,0.0
2022-04-22 00:00:00-04:00,131.41000366210938,131.41000366210938,127.0199966430664,127.16999816894531,123.67591094970703,1211700,0.0,0.0
2022-04-25 00:00:00-04:00,126.97000122070312,127.86000061035156,124.19000244140625,127.6500015258789,124.14271545410156,1106600,0.0,0.0
2022-04-26 00:00:00-04:00,127.01000213623047,128.13999938964844,125.27999877929688,125.33000183105469,121.8864517211914,735900,0.0,0.0
2022-04-27 00:00:00-04:00,125.30999755859375,127.62000274658203,125.30999755859375,126.37999725341797,122.90760040283203,1046700,0.0,0.0
2022-04-28 00:00:00-04:00,127.4000015258789,128.6699981689453,125.5999984741211,128.1300048828125,124.60953521728516,1582700,0.0,0.0
2022-04-29 00:00:00-04:00,127.38999938964844,129.1999969482422,125.98999786376953,126.26000213623047,122.79090881347656,1667500,0.0,0.0
2022-05-02 00:00:00-04:00,126.06999969482422,127.0,123.37000274658203,126.31999969482422,122.84925842285156,2039600,0.0,0.0
2022-05-03 00:00:00-04:00,124.86000061035156,127.0,123.2300033569336,124.30999755859375,120.89449310302734,2369000,0.0,0.0
2022-05-04 00:00:00-04:00,124.91999816894531,127.37999725341797,123.45999908447266,127.12999725341797,123.63700103759766,1168800,0.0,0.0
2022-05-05 00:00:00-04:00,125.91999816894531,126.4800033569336,121.33999633789062,122.16999816894531,118.81328582763672,1278200,0.0,0.0
2022-05-06 00:00:00-04:00,121.23999786376953,123.97000122070312,118.94000244140625,123.12999725341797,119.74689483642578,1779600,0.0,0.0
2022-05-09 00:00:00-04:00,121.80999755859375,123.1500015258789,120.87000274658203,121.83999633789062,118.49235534667969,1684500,0.0,0.0
2022-05-10 00:00:00-04:00,122.98999786376953,123.54000091552734,120.33000183105469,120.88999938964844,117.56845092773438,1555300,0.0,0.0
2022-05-11 00:00:00-04:00,120.83000183105469,122.54000091552734,119.5199966430664,120.44000244140625,117.13081359863281,1350000,0.0,0.0
2022-05-12 00:00:00-04:00,120.0199966430664,121.43000030517578,118.27999877929688,120.41000366210938,117.10165405273438,1221600,0.0,0.0
2022-05-13 00:00:00-04:00,121.06999969482422,122.48999786376953,120.0,121.04000091552734,117.71432495117188,1446400,0.0,0.0
2022-05-16 00:00:00-04:00,120.44999694824219,121.06999969482422,118.41999816894531,120.2699966430664,116.96549987792969,902100,0.0,0.0
2022-05-17 00:00:00-04:00,122.08000183105469,122.33999633789062,120.80999755859375,121.44999694824219,118.1130599975586,1282000,0.0,0.0
2022-05-18 00:00:00-04:00,120.56999969482422,120.76000213623047,116.01000213623047,116.37000274658203,113.17264556884766,1458900,0.0,0.0
2022-05-19 00:00:00-04:00,115.12999725341797,118.1500015258789,114.37000274658203,116.70999908447266,113.50328826904297,988200,0.0,0.0
2022-05-20 00:00:00-04:00,117.29000091552734,117.56999969482422,115.27999877929688,117.36000061035156,114.13545227050781,1021900,0.0,0.0
2022-05-23 00:00:00-04:00,118.76000213623047,119.38999938964844,117.25,119.13999938964844,115.86652374267578,889700,0.0,0.0
2022-05-24 00:00:00-04:00,118.45999908447266,118.88999938964844,116.43000030517578,118.48999786376953,115.23439025878906,760200,0.0,0.0
2022-05-25 00:00:00-04:00,118.02999877929688,118.4800033569336,116.44000244140625,118.05000305175781,114.8064956665039,935600,0.0,0.0
2022-05-26 00:00:00-04:00,119.31999969482422,121.08000183105469,119.12999725341797,120.44000244140625,117.13081359863281,663400,0.0,0.0
2022-05-27 00:00:00-04:00,121.79000091552734,122.45999908447266,121.2300033569336,122.45999908447266,119.09532928466797,613900,0.0,0.0
2022-05-31 00:00:00-04:00,121.27999877929688,122.38999938964844,119.61000061035156,121.47000122070312,118.13253021240234,1467600,0.0,0.0
2022-06-01 00:00:00-04:00,122.05999755859375,122.41999816894531,119.48999786376953,120.43000030517578,117.12109375,781000,0.0,0.0
2022-06-02 00:00:00-04:00,121.33000183105469,123.20999908447266,120.26000213623047,123.20999908447266,119.8246841430664,900200,0.0,0.0
2022-06-03 00:00:00-04:00,122.19000244140625,122.83000183105469,121.79000091552734,122.41000366210938,119.04670715332031,1660100,0.0,0.0
2022-06-06 00:00:00-04:00,123.33000183105469,123.56999969482422,122.05000305175781,122.43000030517578,119.06613159179688,695900,0.0,0.0
2022-06-07 00:00:00-04:00,121.58999633789062,123.66999816894531,121.20999908447266,123.66999816894531,120.27207946777344,1153100,0.0,0.0
2022-06-08 00:00:00-04:00,123.16999816894531,123.47000122070312,121.58000183105469,121.75,118.40482330322266,683700,0.0,0.0
2022-06-09 00:00:00-04:00,120.61000061035156,121.63999938964844,118.7699966430664,118.81999969482422,115.7645034790039,1220500,0.22,0.0
2022-06-10 00:00:00-04:00,117.1500015258789,117.63999938964844,115.41000366210938,115.45999908447266,112.49092864990234,658100,0.0,0.0
2022-06-13 00:00:00-04:00,112.95999908447266,114.18000030517578,111.27999877929688,111.70999908447266,108.83735656738281,1606800,0.0,0.0
2022-06-14 00:00:00-04:00,111.93000030517578,112.68000030517578,110.1500015258789,111.33999633789062,108.47686004638672,1372300,0.0,0.0
2022-06-15 00:00:00-04:00,112.36000061035156,113.68000030517578,110.75,112.27999877929688,109.39269256591797,914400,0.0,0.0
2022-06-16 00:00:00-04:00,110.08999633789062,110.23999786376953,107.81999969482422,108.2300033569336,105.44683074951172,1639400,0.0,0.0
2022-06-17 00:00:00-04:00,107.83999633789062,108.54000091552734,106.16999816894531,107.13999938964844,104.38488006591797,2074900,0.0,0.0
2022-06-21 00:00:00-04:00,108.33000183105469,108.87999725341797,107.44999694824219,108.29000091552734,105.50530242919922,885400,0.0,0.0
2022-06-22 00:00:00-04:00,106.76000213623047,109.69000244140625,106.76000213623047,108.51000213623047,105.7196273803711,902600,0.0,0.0
2022-06-23 00:00:00-04:00,108.61000061035156,109.23999786376953,106.97000122070312,108.95999908447266,106.1580581665039,959500,0.0,0.0
2022-06-24 00:00:00-04:00,110.0,113.58000183105469,109.83999633789062,113.5,110.58130645751953,1245000,0.0,0.0
2022-06-27 00:00:00-04:00,113.88999938964844,113.88999938964844,112.23999786376953,112.70999908447266,109.81163024902344,831500,0.0,0.0
2022-06-28 00:00:00-04:00,113.12000274658203,113.70999908447266,109.91000366210938,110.12000274658203,107.28823852539062,998400,0.0,0.0
2022-06-29 00:00:00-04:00,110.43000030517578,110.75,108.5999984741211,110.54000091552734,107.69743347167969,962700,0.0,0.0
2022-06-30 00:00:00-04:00,109.19000244140625,110.83999633789062,108.44999694824219,109.88999938964844,107.06414794921875,1210000,0.0,0.0
2022-07-01 00:00:00-04:00,109.80000305175781,111.76000213623047,109.52999877929688,111.45999908447266,108.59376525878906,908200,0.0,0.0
2022-07-05 00:00:00-04:00,110.19000244140625,111.51000213623047,108.80000305175781,111.4000015258789,108.53533172607422,1069300,0.0,0.0
2022-07-06 00:00:00-04:00,111.94000244140625,113.33000183105469,110.68000030517578,112.33999633789062,109.45114135742188,1036300,0.0,0.0
2022-07-07 00:00:00-04:00,112.7699966430664,113.6500015258789,112.26000213623047,113.41000366210938,110.49365234375,1075400,0.0,0.0
2022-07-08 00:00:00-04:00,113.4800033569336,113.4800033569336,111.54000091552734,112.3499984741211,109.46089935302734,809800,0.0,0.0
2022-07-11 00:00:00-04:00,110.27999877929688,112.63999938964844,109.8499984741211,111.93000030517578,109.05168151855469,945700,0.0,0.0
2022-07-12 00:00:00-04:00,111.70999908447266,112.88999938964844,109.91999816894531,110.26000213623047,107.42462921142578,933400,0.0,0.0
2022-07-13 00:00:00-04:00,108.58000183105469,110.45999908447266,108.26000213623047,109.58000183105469,106.76211547851562,780000,0.0,0.0
2022-07-14 00:00:00-04:00,107.83000183105469,109.97000122070312,106.9800033569336,109.7300033569336,106.90827178955078,1033600,0.0,0.0
2022-07-15 00:00:00-04:00,111.18000030517578,111.75,110.0,111.69999694824219,108.82760620117188,838800,0.0,0.0
2022-07-18 00:00:00-04:00,111.94000244140625,112.4000015258789,108.83000183105469,109.0999984741211,106.2944564819336,1016700,0.0,0.0
2022-07-19 00:00:00-04:00,110.31999969482422,113.12999725341797,109.97000122070312,112.9000015258789,109.99674987792969,1321000,0.0,0.0
2022-07-20 00:00:00-04:00,113.1500015258789,114.0999984741211,112.5,113.81999969482422,110.8930892944336,726100,0.0,0.0
2022-07-21 00:00:00-04:00,113.87000274658203,115.68000030517578,113.36000061035156,115.62999725341797,112.65653991699219,692300,0.0,0.0
2022-07-22 00:00:00-04:00,116.13999938964844,116.47000122070312,114.62000274658203,115.33000183105469,112.3642578125,804600,0.0,0.0
2022-07-25 00:00:00-04:00,115.45999908447266,116.16000366210938,114.52999877929688,115.5,112.52989196777344,710000,0.0,0.0
2022-07-26 00:00:00-04:00,115.5,116.31999969482422,114.83999633789062,116.12999725341797,113.1436996459961,751300,0.0,0.0
2022-07-27 00:00:00-04:00,116.81999969482422,119.13999938964844,116.23999786376953,118.5999984741211,115.5501708984375,751500,0.0,0.0
2022-07-28 00:00:00-04:00,119.4800033569336,120.93000030517578,118.12999725341797,120.6500015258789,117.54745483398438,808400,0.0,0.0
2022-07-29 00:00:00-04:00,120.86000061035156,123.76000213623047,119.88999938964844,123.5,120.32415771484375,1120500,0.0,0.0
2022-08-01 00:00:00-04:00,122.52999877929688,123.26000213623047,121.73999786376953,122.37999725341797,119.23295593261719,1498400,0.0,0.0
2022-08-02 00:00:00-04:00,131.92999267578125,131.92999267578125,124.36000061035156,124.80999755859375,121.60047912597656,1957100,0.0,0.0
2022-08-03 00:00:00-04:00,125.73999786376953,126.8499984741211,125.33999633789062,126.23999786376953,122.99369812011719,1387800,0.0,0.0
2022-08-04 00:00:00-04:00,126.37000274658203,126.58000183105469,125.31999969482422,125.37999725341797,122.15582275390625,790800,0.0,0.0
2022-08-05 00:00:00-04:00,124.55999755859375,126.33999633789062,124.19000244140625,126.25,123.0034408569336,790300,0.0,0.0
2022-08-08 00:00:00-04:00,127.19999694824219,127.33999633789062,125.47000122070312,125.66000366210938,122.42860412597656,985500,0.0,0.0
2022-08-09 00:00:00-04:00,125.02999877929688,125.38999938964844,124.08000183105469,124.83999633789062,121.62969970703125,775100,0.0,0.0
2022-08-10 00:00:00-04:00,127.2300033569336,127.4800033569336,126.2300033569336,127.05999755859375,123.79261779785156,887200,0.0,0.0
2022-08-11 00:00:00-04:00,128.14999389648438,128.88999938964844,126.91000366210938,127.18000030517578,123.9095230102539,851100,0.0,0.0
2022-08-12 00:00:00-04:00,127.72000122070312,129.36000061035156,127.19000244140625,129.30999755859375,125.9847640991211,1043200,0.0,0.0
2022-08-15 00:00:00-04:00,128.72999572753906,129.7100067138672,128.07000732421875,129.5500030517578,126.21858978271484,938400,0.0,0.0
2022-08-16 00:00:00-04:00,128.8800048828125,130.85000610351562,128.74000549316406,130.30999755859375,126.95903778076172,714300,0.0,0.0
2022-08-17 00:00:00-04:00,128.80999755859375,130.05999755859375,128.3800048828125,129.63999938964844,126.30628204345703,741900,0.0,0.0
2022-08-18 00:00:00-04:00,129.97000122070312,130.60000610351562,129.33999633789062,130.1300048828125,126.7836685180664,707500,0.0,0.0
2022-08-19 00:00:00-04:00,129.75,129.75,128.42999267578125,128.89999389648438,125.58528137207031,873600,0.0,0.0
2022-08-22 00:00:00-04:00,127.16000366210938,127.61000061035156,125.66000366210938,126.1500015258789,122.90604400634766,670000,0.0,0.0
2022-08-23 00:00:00-04:00,125.87999725341797,126.7699966430664,125.37999725341797,126.37999725341797,123.1301040649414,751400,0.0,0.0
2022-08-24 00:00:00-04:00,126.58999633789062,127.1500015258789,125.61000061035156,126.56999969482422,123.31521606445312,955200,0.0,0.0
2022-08-25 00:00:00-04:00,127.0999984741211,127.36000061035156,126.01000213623047,127.30999755859375,124.03618621826172,746100,0.0,0.0
2022-08-26 00:00:00-04:00,127.68000030517578,127.68000030517578,122.2699966430664,122.66000366210938,119.50577545166016,592900,0.0,0.0
2022-08-29 00:00:00-04:00,121.98999786376953,122.66000366210938,121.29000091552734,121.94999694824219,118.81401824951172,476700,0.0,0.0
2022-08-30 00:00:00-04:00,122.52999877929688,122.79000091552734,119.91999816894531,120.3499984741211,117.25515747070312,781600,0.0,0.0
2022-08-31 00:00:00-04:00,120.83999633789062,121.62000274658203,119.91000366210938,120.16000366210938,117.07006072998047,1094900,0.0,0.0
2022-09-01 00:00:00-04:00,119.52999877929688,120.5,118.83000183105469,120.43000030517578,117.33312225341797,1002300,0.0,0.0
2022-09-02 00:00:00-04:00,121.47000122070312,122.04000091552734,117.33999633789062,117.83000183105469,114.79996490478516,1556900,0.0,0.0
2022-09-06 00:00:00-04:00,118.04000091552734,119.5999984741211,116.97000122070312,119.51000213623047,116.436767578125,2036700,0.0,0.0
2022-09-07 00:00:00-04:00,119.69000244140625,122.87999725341797,119.69000244140625,122.62999725341797,119.47652435302734,1282800,0.0,0.0
2022-09-08 00:00:00-04:00,121.80999755859375,124.18000030517578,121.37999725341797,123.98999786376953,120.80155181884766,1048100,0.0,0.0
2022-09-09 00:00:00-04:00,124.70999908447266,126.18000030517578,124.38999938964844,125.77999877929688,122.54552459716797,1042100,0.0,0.0
2022-09-12 00:00:00-04:00,125.97000122070312,127.37000274658203,125.97000122070312,126.83000183105469,123.56854248046875,1164300,0.0,0.0
2022-09-13 00:00:00-04:00,123.91000366210938,124.93000030517578,122.69999694824219,123.25,120.28924560546875,1163900,0.22,0.0
2022-09-14 00:00:00-04:00,123.45999908447266,124.12999725341797,122.04000091552734,123.05999755859375,120.10381317138672,921900,0.0,0.0
2022-09-15 00:00:00-04:00,122.83000183105469,123.55999755859375,120.97000122070312,121.44000244140625,118.5227279663086,960800,0.0,0.0
2022-09-16 00:00:00-04:00,120.33000183105469,120.33000183105469,117.87999725341797,118.94999694824219,116.09253692626953,1480200,0.0,0.0
2022-09-19 00:00:00-04:00,118.0199966430664,120.6500015258789,118.0199966430664,120.52999877929688,117.63459014892578,584200,0.0,0.0
2022-09-20 00:00:00-04:00,119.69000244140625,119.69000244140625,118.08999633789062,118.86000061035156,116.00470733642578,573500,0.0,0.0
2022-09-21 00:00:00-04:00,120.0199966430664,120.9000015258789,117.5,117.55999755859375,114.73593139648438,551000,0.0,0.0
2022-09-22 00:00:00-04:00,117.29000091552734,117.79000091552734,115.41000366210938,115.51000213623047,112.73518371582031,750000,0.0,0.0
2022-09-23 00:00:00-04:00,114.91000366210938,115.19000244140625,112.80000305175781,114.43000030517578,111.68111419677734,766300,0.0,0.0
2022-09-26 00:00:00-04:00,114.2699966430664,115.62999725341797,113.11000061035156,113.66999816894531,110.93936920166016,650500,0.0,0.0
2022-09-27 00:00:00-04:00,114.8499984741211,114.8499984741211,110.87000274658203,111.80999755859375,109.12407684326172,955300,0.0,0.0
2022-09-28 00:00:00-04:00,112.9000015258789,114.87999725341797,112.18000030517578,114.36000061035156,111.61280822753906,600400,0.0,0.0
2022-09-29 00:00:00-04:00,113.38999938964844,113.56999969482422,112.23999786376953,113.27999877929688,110.55875396728516,682800,0.0,0.0
2022-09-30 00:00:00-04:00,113.33000183105469,114.94000244140625,112.58000183105469,113.41000366210938,110.6856460571289,1970200,0.0,0.0
2022-10-03 00:00:00-04:00,115.12000274658203,118.4800033569336,114.61000061035156,117.55000305175781,114.7261734008789,1019800,0.0,0.0
2022-10-04 00:00:00-04:00,119.66000366210938,121.69999694824219,119.47000122070312,121.12000274658203,118.21041870117188,1352500,0.0,0.0
2022-10-05 00:00:00-04:00,119.98999786376953,122.23999786376953,119.94000244140625,121.08000183105469,118.1713638305664,1052000,0.0,0.0
2022-10-06 00:00:00-04:00,120.66999816894531,121.44999694824219,119.25,119.70999908447266,116.83428955078125,1013000,0.0,0.0
2022-10-07 00:00:00-04:00,118.56999969482422,118.81999969482422,115.66000366210938,116.29000091552734,113.4964370727539,940100,0.0,0.0
2022-10-10 00:00:00-04:00,117.16999816894531,117.27999877929688,114.68000030517578,115.52999877929688,112.75469970703125,580100,0.0,0.0
2022-10-11 00:00:00-04:00,115.18000030517578,116.73999786376953,114.36000061035156,115.05999755859375,112.2959976196289,778400,0.0,0.0
2022-10-12 00:00:00-04:00,115.4000015258789,116.12999725341797,113.9800033569336,113.98999786376953,111.251708984375,1202700,0.0,0.0
2022-10-13 00:00:00-04:00,111.72000122070312,116.04000091552734,110.95999908447266,115.80000305175781,113.01820373535156,1632500,0.0,0.0
2022-10-14 00:00:00-04:00,116.76000213623047,117.0199966430664,113.12999725341797,113.26000213623047,110.53922271728516,1040300,0.0,0.0
2022-10-17 00:00:00-04:00,115.11000061035156,117.16000366210938,114.94999694824219,116.95999908447266,114.15036010742188,1029400,0.0,0.0
2022-10-18 00:00:00-04:00,119.41000366210938,120.23999786376953,117.61000061035156,119.12000274658203,116.25845336914062,1857600,0.0,0.0
2022-10-19 00:00:00-04:00,117.7300033569336,118.91000366210938,116.79000091552734,117.98999786376953,115.15559387207031,1272200,0.0,0.0
2022-10-20 00:00:00-04:00,117.69999694824219,117.80999755859375,114.25,115.0999984741211,112.33503723144531,1395700,0.0,0.0
2022-10-21 00:00:00-04:00,115.0999984741211,119.41000366210938,114.36000061035156,119.18000030517578,116.31702423095703,1151000,0.0,0.0
2022-10-24 00:00:00-04:00,119.79000091552734,121.16999816894531,119.37000274658203,120.44999694824219,117.5565185546875,893600,0.0,0.0
2022-10-25 00:00:00-04:00,120.19999694824219,123.45999908447266,120.05000305175781,123.04000091552734,120.08429718017578,1115600,0.0,0.0
2022-10-26 00:00:00-04:00,123.97000122070312,124.69000244140625,122.47000122070312,123.73999786376953,120.76748657226562,989500,0.0,0.0
2022-10-27 00:00:00-04:00,124.61000061035156,125.81999969482422,124.11000061035156,124.62000274658203,121.62633514404297,1025700,0.0,0.0
2022-10-28 00:00:00-04:00,125.19000244140625,129.49000549316406,125.0,129.27999877929688,126.17439270019531,2182600,0.0,0.0
2022-10-31 00:00:00-04:00,129.38999938964844,130.77000427246094,128.47999572753906,129.66000366210938,126.5452880859375,2265100,0.0,0.0
2022-11-01 00:00:00-04:00,132.4499969482422,137.99000549316406,129.08999633789062,132.02999877929688,128.8583221435547,1914000,0.0,0.0
2022-11-02 00:00:00-04:00,132.1699981689453,134.55999755859375,129.72999572753906,130.08999633789062,126.96492004394531,1372000,0.0,0.0
2022-11-03 00:00:00-04:00,128.97000122070312,133.6300048828125,128.57000732421875,131.72000122070312,128.5557861328125,1204000,0.0,0.0
2022-11-04 00:00:00-04:00,134.17999267578125,135.5800018310547,132.13999938964844,135.25,132.00099182128906,1221300,0.0,0.0
2022-11-07 00:00:00-05:00,135.42999267578125,136.4499969482422,134.42999267578125,136.39999389648438,133.12332153320312,1611800,0.0,0.0
2022-11-08 00:00:00-05:00,136.7899932861328,138.3300018310547,135.8000030517578,137.22000122070312,133.92367553710938,805900,0.0,0.0
2022-11-09 00:00:00-05:00,136.5399932861328,137.6199951171875,135.49000549316406,135.69000244140625,132.43045043945312,958400,0.0,0.0
2022-11-10 00:00:00-05:00,139.3800048828125,141.07000732421875,138.77999877929688,140.67999267578125,137.30052185058594,1291100,0.0,0.0
2022-11-11 00:00:00-05:00,141.22999572753906,142.02999877929688,138.24000549316406,138.85000610351562,135.5144805908203,1386400,0.0,0.0
2022-11-14 00:00:00-05:00,138.17999267578125,139.94000244140625,137.66000366210938,137.77999877929688,134.47023010253906,1093500,0.0,0.0
2022-11-15 00:00:00-05:00,139.4600067138672,139.7899932861328,137.02999877929688,138.5800018310547,135.25096130371094,1166000,0.0,0.0
2022-11-16 00:00:00-05:00,138.5800018310547,139.67999267578125,137.38999938964844,138.57000732421875,135.2412109375,652700,0.0,0.0
2022-11-17 00:00:00-05:00,136.88999938964844,138.05999755859375,135.86000061035156,138.02999877929688,134.7141571044922,817100,0.0,0.0
2022-11-18 00:00:00-05:00,139.41000366210938,139.83999633789062,137.72999572753906,139.32000732421875,135.97325134277344,836900,0.0,0.0
2022-11-21 00:00:00-05:00,139.4199981689453,141.02000427246094,138.77999877929688,140.47999572753906,137.10533142089844,806700,0.0,0.0
2022-11-22 00:00:00-05:00,141.39999389648438,141.8000030517578,140.30999755859375,141.63999938964844,138.2374725341797,770100,0.0,0.0
2022-11-23 00:00:00-05:00,142.0,142.7899932861328,140.57000732421875,142.0800018310547,138.66693115234375,457600,0.0,0.0
2022-11-25 00:00:00-05:00,142.58999633789062,143.07000732421875,141.9499969482422,142.57000732421875,139.14512634277344,359900,0.0,0.0
2022-11-28 00:00:00-05:00,141.64999389648438,142.0,138.8800048828125,139.36000061035156,136.01226806640625,738200,0.0,0.0
2022-11-29 00:00:00-05:00,139.1199951171875,139.89999389648438,138.2100067138672,139.00999450683594,135.670654296875,781900,0.0,0.0
2022-11-30 00:00:00-05:00,138.80999755859375,142.57000732421875,137.8000030517578,142.4199981689453,138.99874877929688,1524100,0.0,0.0
2022-12-01 00:00:00-05:00,142.99000549316406,143.52000427246094,141.6199951171875,143.2899932861328,139.8478546142578,1004800,0.0,0.0
2022-12-02 00:00:00-05:00,141.82000732421875,145.02999877929688,141.57000732421875,144.38999938964844,140.92144775390625,1203700,0.0,0.0
2022-12-05 00:00:00-05:00,142.6999969482422,143.64999389648438,142.0,142.0800018310547,138.66693115234375,1105800,0.0,0.0
2022-12-06 00:00:00-05:00,141.9199981689453,141.99000549316406,138.82000732421875,139.82000732421875,136.6728515625,734000,0.22,0.0
2022-12-07 00:00:00-05:00,139.85000610351562,140.92999267578125,139.6999969482422,140.47999572753906,137.31796264648438,594700,0.0,0.0
2022-12-08 00:00:00-05:00,140.8800048828125,142.05999755859375,140.1999969482422,140.75999450683594,137.59164428710938,647500,0.0,0.0
2022-12-09 00:00:00-05:00,141.00999450683594,141.55999755859375,139.0,139.11000061035156,135.9788055419922,770200,0.0,0.0
2022-12-12 00:00:00-05:00,139.5500030517578,142.17999267578125,139.5500030517578,142.07000732421875,138.8721923828125,1034600,0.0,0.0
2022-12-13 00:00:00-05:00,145.3000030517578,145.7899932861328,142.7899932861328,143.44000244140625,140.2113037109375,1025400,0.0,0.0
2022-12-14 00:00:00-05:00,143.49000549316406,144.49000549316406,141.3800048828125,141.75,138.5594024658203,853400,0.0,0.0
2022-12-15 00:00:00-05:00,140.0,140.4499969482422,137.94000244140625,138.25,135.13816833496094,1064800,0.0,0.0
2022-12-16 00:00:00-05:00,136.72000122070312,137.52000427246094,135.5399932861328,136.77000427246094,133.6914825439453,2326700,0.0,0.0
2022-12-19 00:00:00-05:00,136.82000732421875,138.05999755859375,136.41000366210938,136.97999572753906,133.896728515625,826700,0.0,0.0
2022-12-20 00:00:00-05:00,136.94000244140625,138.75,136.0500030517578,137.75,134.64942932128906,1029100,0.0,0.0
2022-12-21 00:00:00-05:00,138.74000549316406,140.49000549316406,138.49000549316406,140.36000061035156,137.20068359375,630500,0.0,0.0
2022-12-22 00:00:00-05:00,139.1999969482422,139.1999969482422,136.3699951171875,138.32000732421875,135.20660400390625,700500,0.0,0.0
2022-12-23 00:00:00-05:00,138.02999877929688,139.4199981689453,137.77000427246094,139.3800048828125,136.2427215576172,412200,0.0,0.0
2022-12-27 00:00:00-05:00,139.88999938964844,140.6699981689453,139.22000122070312,140.1300048828125,136.97586059570312,447500,0.0,0.0
2022-12-28 00:00:00-05:00,140.6199951171875,141.47999572753906,138.32000732421875,138.36000061035156,135.24569702148438,480200,0.0,0.0
2022-12-29 00:00:00-05:00,139.16000366210938,140.9499969482422,139.02000427246094,140.3699951171875,137.21044921875,452700,0.0,0.0
2022-12-30 00:00:00-05:00,140.0,140.19000244140625,138.35000610351562,139.72000122070312,136.5750732421875,551100,0.0,0.0
2023-01-03 00:00:00-05:00,140.17999267578125,140.89999389648438,138.64999389648438,140.52000427246094,137.35707092285156,1446200,0.0,0.0
2023-01-04 00:00:00-05:00,141.30999755859375,141.82000732421875,139.44000244140625,140.85000610351562,137.67962646484375,580900,0.0,0.0
2023-01-05 00:00:00-05:00,139.97999572753906,140.3699951171875,137.47000122070312,137.97999572753906,134.87425231933594,1313200,0.0,0.0
2023-01-06 00:00:00-05:00,139.91000366210938,144.49000549316406,139.57000732421875,143.83999633789062,140.6023406982422,960700,0.0,0.0
2023-01-09 00:00:00-05:00,143.72000122070312,146.4199981689453,141.82000732421875,142.5,139.29251098632812,1011700,0.0,0.0
2023-01-10 00:00:00-05:00,142.11000061035156,143.24000549316406,141.82000732421875,142.80999755859375,139.5955352783203,424300,0.0,0.0
2023-01-11 00:00:00-05:00,143.69000244140625,145.5,142.89999389648438,145.47999572753906,142.2053985595703,816300,0.0,0.0
2023-01-12 00:00:00-05:00,146.38999938964844,146.38999938964844,144.72999572753906,145.5500030517578,142.2738494873047,545300,0.0,0.0
2023-01-13 00:00:00-05:00,144.66000366210938,146.82000732421875,144.66000366210938,146.1300048828125,142.84080505371094,622700,0.0,0.0
2023-01-17 00:00:00-05:00,146.61000061035156,147.00999450683594,144.47000122070312,144.6300048828125,141.3745574951172,1190500,0.0,0.0
2023-01-18 00:00:00-05:00,144.6199951171875,144.9199981689453,140.82000732421875,141.4199981689453,138.23680114746094,939600,0.0,0.0
2023-01-19 00:00:00-05:00,141.0,141.75,138.44000244140625,139.02999877929688,135.90061950683594,1381900,0.0,0.0
2023-01-20 00:00:00-05:00,139.9199981689453,142.64999389648438,138.6699981689453,142.5,139.29251098632812,1058300,0.0,0.0
2023-01-23 00:00:00-05:00,142.77000427246094,143.47000122070312,141.63999938964844,143.0500030517578,139.8301239013672,885000,0.0,0.0
2023-01-24 00:00:00-05:00,140.8000030517578,144.47000122070312,140.77999877929688,144.0800018310547,140.83689880371094,918400,0.0,0.0
2023-01-25 00:00:00-05:00,142.64999389648438,143.25999450683594,141.4600067138672,142.8000030517578,139.5857696533203,1145200,0.0,0.0
2023-01-26 00:00:00-05:00,143.8699951171875,144.3000030517578,141.72999572753906,143.5500030517578,140.31886291503906,927000,0.0,0.0
2023-01-27 00:00:00-05:00,142.6699981689453,144.4199981689453,142.25999450683594,143.89999389648438,140.6610107421875,967900,0.0,0.0
2023-01-30 00:00:00-05:00,143.1699981689453,143.75999450683594,141.99000549316406,142.30999755859375,139.1067657470703,798400,0.0,0.0
2023-01-31 00:00:00-05:00,142.92999267578125,145.02000427246094,142.07000732421875,144.9199981689453,141.65805053710938,1020600,0.0,0.0
2023-02-01 00:00:00-05:00,144.6300048828125,146.0399932861328,142.3699951171875,145.14999389648438,141.88284301757812,1842000,0.0,0.0
2023-02-02 00:00:00-05:00,145.5,146.13999938964844,143.02999877929688,144.52000427246094,141.26702880859375,1912600,0.0,0.0
2023-02-03 00:00:00-05:00,144.0,146.64999389648438,143.72999572753906,146.3800048828125,143.08517456054688,1301900,0.0,0.0
2023-02-06 00:00:00-05:00,145.72000122070312,148.05999755859375,145.72000122070312,147.08999633789062,143.77919006347656,1833300,0.0,0.0
2023-02-07 00:00:00-05:00,145.8000030517578,147.05999755859375,144.02000427246094,146.74000549316406,143.4370574951172,1056800,0.0,0.0
2023-02-08 00:00:00-05:00,146.5500030517578,146.74000549316406,144.6999969482422,144.97000122070312,141.7069091796875,832100,0.0,0.0
2023-02-09 00:00:00-05:00,146.1699981689453,146.8300018310547,143.91000366210938,144.36000061035156,141.11062622070312,725600,0.0,0.0
2023-02-10 00:00:00-05:00,144.3300018310547,145.27999877929688,144.0,144.69000244140625,141.43321228027344,879200,0.0,0.0
2023-02-13 00:00:00-05:00,144.9499969482422,146.6199951171875,144.6300048828125,145.8300018310547,142.54754638671875,1146200,0.0,0.0
2023-02-14 00:00:00-05:00,145.1300048828125,146.0,143.55999755859375,144.3699951171875,141.1204071044922,1074300,0.0,0.0
2023-02-15 00:00:00-05:00,143.97000122070312,146.25,143.8300018310547,146.1999969482422,142.90919494628906,648000,0.0,0.0
2023-02-16 00:00:00-05:00,144.39999389648438,145.5,144.33999633789062,144.5500030517578,141.29637145996094,609400,0.0,0.0
2023-02-17 00:00:00-05:00,144.32000732421875,146.8699951171875,143.92999267578125,146.49000549316406,143.1927032470703,853800,0.0,0.0
2023-02-21 00:00:00-05:00,145.00999450683594,145.6999969482422,142.52999877929688,143.0,139.78125,712500,0.0,0.0
2023-02-22 00:00:00-05:00,143.75,144.17999267578125,141.91000366210938,142.33999633789062,139.1361083984375,1033500,0.0,0.0
2023-02-23 00:00:00-05:00,141.94000244140625,143.2899932861328,140.50999450683594,142.77000427246094,139.5564422607422,1100700,0.0,0.0
2023-02-24 00:00:00-05:00,141.25,141.6699981689453,140.05999755859375,140.94000244140625,137.76760864257812,1115500,0.0,0.0
2023-02-27 00:00:00-05:00,142.22999572753906,142.55999755859375,140.82000732421875,141.35000610351562,138.1683807373047,1128900,0.0,0.0
2023-02-28 00:00:00-05:00,141.33999633789062,142.6699981689453,141.00999450683594,141.55999755859375,138.3736572265625,1046500,0.0,0.0
2023-03-01 00:00:00-05:00,140.92999267578125,142.32000732421875,140.92999267578125,141.64999389648438,138.46160888671875,733600,0.0,0.0
2023-03-02 00:00:00-05:00,140.9600067138672,142.64999389648438,140.4600067138672,142.33999633789062,139.1361083984375,782700,0.0,0.0
2023-03-03 00:00:00-05:00,143.6199951171875,144.1300048828125,142.14999389648438,143.92999267578125,140.69029235839844,589500,0.0,0.0
2023-03-06 00:00:00-05:00,143.74000549316406,144.72999572753906,143.02999877929688,143.39999389648438,140.17222595214844,647000,0.0,0.0
2023-03-07 00:00:00-05:00,143.55999755859375,143.55999755859375,140.0399932861328,140.0800018310547,136.927001953125,876100,0.0,0.0
2023-03-08 00:00:00-05:00,140.14999389648438,141.14999389648438,139.47000122070312,140.77000427246094,137.6014404296875,1145200,0.0,0.0
2023-03-09 00:00:00-05:00,141.33999633789062,141.66000366210938,138.10000610351562,138.94000244140625,136.0542449951172,1620400,0.25,0.0
2023-03-10 00:00:00-05:00,139.11000061035156,139.49000549316406,135.0800018310547,135.72000122070312,132.9011688232422,891700,0.0,0.0
2023-03-13 00:00:00-04:00,134.41000366210938,136.80999755859375,133.3000030517578,135.35000610351562,132.53880310058594,1091400,0.0,0.0
2023-03-14 00:00:00-04:00,137.63999938964844,138.8000030517578,136.22000122070312,138.50999450683594,135.63316345214844,1274000,0.0,0.0
2023-03-15 00:00:00-04:00,135.75999450683594,135.80999755859375,131.52000427246094,134.0,131.21685791015625,1619200,0.0,0.0
2023-03-16 00:00:00-04:00,133.2899932861328,136.47999572753906,132.9199981689453,135.83999633789062,133.01866149902344,1194700,0.0,0.0
2023-03-17 00:00:00-04:00,136.07000732421875,136.07000732421875,133.16000366210938,134.99000549316406,132.18629455566406,1855800,0.0,0.0
2023-03-20 00:00:00-04:00,136.24000549316406,138.5800018310547,134.99000549316406,138.5399932861328,135.66256713867188,1240700,0.0,0.0
2023-03-21 00:00:00-04:00,140.35000610351562,140.85000610351562,138.72999572753906,140.07000732421875,137.16079711914062,960400,0.0,0.0
2023-03-22 00:00:00-04:00,139.97999572753906,141.60000610351562,138.22999572753906,138.4600067138672,135.58424377441406,1039300,0.0,0.0
2023-03-23 00:00:00-04:00,138.24000549316406,139.85000610351562,136.7899932861328,138.35000610351562,135.4764862060547,1271200,0.0,0.0
2023-03-24 00:00:00-04:00,136.77000427246094,139.3699951171875,135.85000610351562,139.32000732421875,136.4263916015625,1053900,0.0,0.0
2023-03-27 00:00:00-04:00,140.27999877929688,140.91000366210938,139.2899932861328,139.7899932861328,136.88656616210938,784300,0.0,0.0
2023-03-28 00:00:00-04:00,139.9499969482422,141.22000122070312,139.3699951171875,141.13999938964844,138.20855712890625,673900,0.0,0.0
2023-03-29 00:00:00-04:00,142.0,142.4600067138672,141.16000366210938,142.24000549316406,139.2857208251953,799200,0.0,0.0
2023-03-30 00:00:00-04:00,143.52000427246094,143.97000122070312,142.13999938964844,142.8300018310547,139.8634796142578,585200,0.0,0.0
2023-03-31 00:00:00-04:00,143.50999450683594,145.50999450683594,143.07000732421875,145.3300018310547,142.3115234375,1159700,0.0,0.0
2023-04-03 00:00:00-04:00,144.44000244140625,145.42999267578125,143.36000061035156,144.25,141.2539520263672,1104500,0.0,0.0
2023-04-04 00:00:00-04:00,144.05999755859375,144.1300048828125,138.9199981689453,139.05999755859375,136.17176818847656,964400,0.0,0.0
2023-04-05 00:00:00-04:00,138.05999755859375,138.50999450683594,134.39999389648438,135.6699981689453,132.8521728515625,1605900,0.0,0.0
2023-04-06 00:00:00-04:00,135.24000549316406,136.4499969482422,134.5,135.25,132.44090270996094,1175800,0.0,0.0
2023-04-10 00:00:00-04:00,134.30999755859375,136.80999755859375,133.8800048828125,136.77999877929688,133.93910217285156,924300,0.0,0.0
2023-04-11 00:00:00-04:00,137.0500030517578,137.6999969482422,136.6699981689453,137.02000427246094,134.1741485595703,1109400,0.0,0.0
2023-04-12 00:00:00-04:00,138.0,139.02000427246094,137.7100067138672,138.52999877929688,135.65277099609375,1232300,0.0,0.0
2023-04-13 00:00:00-04:00,138.5500030517578,138.5800018310547,135.9600067138672,138.4499969482422,135.57443237304688,1142200,0.0,0.0
2023-04-14 00:00:00-04:00,138.39999389648438,140.0500030517578,137.67999267578125,138.35000610351562,135.4764862060547,828100,0.0,0.0
2023-04-17 00:00:00-04:00,138.6699981689453,139.5,138.02000427246094,139.22000122070312,136.32843017578125,999900,0.0,0.0
2023-04-18 00:00:00-04:00,139.88999938964844,140.33999633789062,138.7100067138672,139.25,136.35781860351562,839800,0.0,0.0
2023-04-19 00:00:00-04:00,139.24000549316406,139.27000427246094,137.3000030517578,137.57000732421875,134.71270751953125,827000,0.0,0.0
2023-04-20 00:00:00-04:00,136.8300018310547,137.97999572753906,136.3000030517578,137.97000122070312,135.1044158935547,888800,0.0,0.0
2023-04-21 00:00:00-04:00,138.32000732421875,138.32000732421875,136.64999389648438,137.5800018310547,134.72250366210938,850400,0.0,0.0
2023-04-24 00:00:00-04:00,137.52000427246094,138.25999450683594,137.2100067138672,137.72000122070312,134.85958862304688,642900,0.0,0.0
2023-04-25 00:00:00-04:00,137.4499969482422,137.85000610351562,135.83999633789062,135.9199981689453,133.09695434570312,1065000,0.0,0.0
2023-04-26 00:00:00-04:00,134.55999755859375,135.99000549316406,133.1199951171875,133.74000549316406,130.96226501464844,1149400,0.0,0.0
2023-04-27 00:00:00-04:00,134.4199981689453,137.4199981689453,133.77000427246094,137.3699951171875,134.516845703125,1393800,0.0,0.0
2023-04-28 00:00:00-04:00,136.88999938964844,138.3000030517578,136.63999938964844,137.92999267578125,135.0652313232422,1412900,0.0,0.0
2023-05-01 00:00:00-04:00,137.9199981689453,140.02999877929688,137.72999572753906,139.33999633789062,136.44595336914062,1509300,0.0,0.0
2023-05-02 00:00:00-04:00,141.22999572753906,146.3699951171875,140.80999755859375,145.60000610351562,142.57591247558594,2050800,0.0,0.0
2023-05-03 00:00:00-04:00,146.16000366210938,147.8800048828125,144.42999267578125,144.5800018310547,141.57711791992188,1026800,0.0,0.0
2023-05-04 00:00:00-04:00,144.5,144.7899932861328,142.39999389648438,142.9199981689453,139.95159912109375,1463000,0.0,0.0
2023-05-05 00:00:00-04:00,144.11000061035156,145.22999572753906,143.49000549316406,145.02000427246094,142.00794982910156,717600,0.0,0.0
2023-05-08 00:00:00-04:00,145.47000122070312,145.61000061035156,143.9499969482422,145.02000427246094,142.00794982910156,630900,0.0,0.0
2023-05-09 00:00:00-04:00,144.6199951171875,145.3000030517578,144.00999450683594,144.41000366210938,141.41065979003906,601300,0.0,0.0
2023-05-10 00:00:00-04:00,145.6699981689453,146.3000030517578,142.72000122070312,144.67999267578125,141.67503356933594,756400,0.0,0.0
2023-05-11 00:00:00-04:00,144.13999938964844,144.13999938964844,142.66000366210938,143.75999450683594,140.7741241455078,720800,0.0,0.0
2023-05-12 00:00:00-04:00,145.02999877929688,145.50999450683594,143.99000549316406,145.4199981689453,142.39967346191406,957500,0.0,0.0
2023-05-15 00:00:00-04:00,145.82000732421875,146.52999877929688,145.1999969482422,146.33999633789062,143.30055236816406,1012200,0.0,0.0
2023-05-16 00:00:00-04:00,145.6999969482422,146.0,143.85000610351562,144.55999755859375,141.55755615234375,1083900,0.0,0.0
2023-05-17 00:00:00-04:00,145.4499969482422,146.74000549316406,144.72999572753906,145.92999267578125,142.89907836914062,910400,0.0,0.0
2023-05-18 00:00:00-04:00,146.27000427246094,148.27999877929688,145.44000244140625,147.7899932861328,144.72044372558594,856300,0.0,0.0
2023-05-19 00:00:00-04:00,149.11000061035156,149.47000122070312,146.97999572753906,147.57000732421875,144.50502014160156,880500,0.0,0.0
2023-05-22 00:00:00-04:00,147.85000610351562,148.97000122070312,147.1999969482422,147.92999267578125,144.85751342773438,731000,0.0,0.0
2023-05-23 00:00:00-04:00,146.8800048828125,147.6699981689453,145.9600067138672,145.97000122070312,142.93821716308594,912000,0.0,0.0
2023-05-24 00:00:00-04:00,145.44000244140625,145.63999938964844,143.72999572753906,144.25999450683594,141.26373291015625,952500,0.0,0.0
2023-05-25 00:00:00-04:00,144.82000732421875,146.22999572753906,144.32000732421875,145.72999572753906,142.70323181152344,811900,0.0,0.0
2023-05-26 00:00:00-04:00,146.05999755859375,148.33999633789062,145.99000549316406,148.22000122070312,145.14151000976562,725900,0.0,0.0
2023-05-30 00:00:00-04:00,148.07000732421875,148.89999389648438,147.3800048828125,147.52999877929688,144.4658203125,622900,0.0,0.0
2023-05-31 00:00:00-04:00,146.8800048828125,147.1199951171875,144.61000061035156,145.07000732421875,142.05694580078125,1734800,0.0,0.0
2023-06-01 00:00:00-04:00,145.6300048828125,146.9499969482422,144.6699981689453,146.9499969482422,143.89788818359375,838200,0.0,0.0
2023-06-02 00:00:00-04:00,148.39999389648438,151.1999969482422,147.86000061035156,150.67999267578125,147.55039978027344,821800,0.0,0.0
2023-06-05 00:00:00-04:00,150.50999450683594,150.50999450683594,148.27000427246094,148.7899932861328,145.69967651367188,747500,0.0,0.0
2023-06-06 00:00:00-04:00,148.64999389648438,150.25999450683594,148.22999572753906,149.2899932861328,146.1892852783203,1292800,0.0,0.0
2023-06-07 00:00:00-04:00,149.63999938964844,151.52000427246094,148.85000610351562,151.1300048828125,147.9910888671875,910200,0.0,0.0
2023-06-08 00:00:00-04:00,150.80999755859375,151.50999450683594,150.36000061035156,150.41000366210938,147.2860107421875,1198800,0.0,0.0
2023-06-09 00:00:00-04:00,149.9499969482422,150.9199981689453,149.25,150.2899932861328,147.4135284423828,774500,0.25,0.0
2023-06-12 00:00:00-04:00,150.5399932861328,151.5399932861328,149.69000244140625,151.17999267578125,148.28648376464844,581100,0.0,0.0
2023-06-13 00:00:00-04:00,151.17999267578125,153.7100067138672,151.13999938964844,153.47000122070312,150.53268432617188,1162100,0.0,0.0
2023-06-14 00:00:00-04:00,153.86000061035156,154.47999572753906,152.47999572753906,153.60000610351562,150.66018676757812,934900,0.0,0.0
2023-06-15 00:00:00-04:00,153.41000366210938,156.91000366210938,153.27999877929688,156.6999969482422,153.7008514404297,1115900,0.0,0.0
2023-06-16 00:00:00-04:00,158.61000061035156,158.61000061035156,155.6699981689453,155.91000366210938,152.92599487304688,1750300,0.0,0.0
2023-06-20 00:00:00-04:00,154.77999877929688,155.85000610351562,154.41000366210938,155.33999633789062,152.3668670654297,815800,0.0,0.0
2023-06-21 00:00:00-04:00,154.8699951171875,156.97000122070312,153.91000366210938,156.57000732421875,153.57333374023438,820700,0.0,0.0
2023-06-22 00:00:00-04:00,156.5500030517578,157.0399932861328,155.36000061035156,156.02999877929688,153.043701171875,930300,0.0,0.0
2023-06-23 00:00:00-04:00,154.75,157.11000061035156,154.35000610351562,156.05999755859375,153.0731201171875,1112400,0.0,0.0
2023-06-26 00:00:00-04:00,156.35000610351562,158.16000366210938,156.22000122070312,157.3800048828125,154.36785888671875,963000,0.0,0.0
2023-06-27 00:00:00-04:00,157.6699981689453,159.86000061035156,157.22000122070312,159.5800018310547,156.5257568359375,797900,0.0,0.0
2023-06-28 00:00:00-04:00,159.41000366210938,159.58999633789062,158.3300018310547,158.77999877929688,155.74105834960938,653100,0.0,0.0
2023-06-29 00:00:00-04:00,158.57000732421875,160.5399932861328,158.02999877929688,160.13999938964844,157.07501220703125,689000,0.0,0.0
2023-06-30 00:00:00-04:00,161.19000244140625,162.69000244140625,160.35000610351562,161.8800048828125,158.78173828125,1035500,0.0,0.0
2023-07-03 00:00:00-04:00,160.67999267578125,161.35000610351562,159.1300048828125,160.80999755859375,157.7322235107422,374700,0.0,0.0
2023-07-05 00:00:00-04:00,157.92999267578125,159.60000610351562,157.60000610351562,158.4499969482422,155.4173583984375,789800,0.0,0.0
2023-07-06 00:00:00-04:00,157.44000244140625,157.61000061035156,156.1699981689453,156.75999450683594,153.75970458984375,1061500,0.0,0.0
2023-07-07 00:00:00-04:00,156.27999877929688,157.80999755859375,155.80999755859375,157.0800018310547,154.07357788085938,1090800,0.0,0.0
2023-07-10 00:00:00-04:00,157.27000427246094,158.91000366210938,156.89999389648438,157.52000427246094,154.50518798828125,1783800,0.0,0.0
2023-07-11 00:00:00-04:00,157.89999389648438,158.25,156.2899932861328,157.55999755859375,154.54440307617188,1064700,0.0,0.0
2023-07-12 00:00:00-04:00,158.61000061035156,158.69000244140625,157.13999938964844,157.50999450683594,154.49537658691406,1386600,0.0,0.0
2023-07-13 00:00:00-04:00,157.77999877929688,158.42999267578125,156.7100067138672,158.27000427246094,155.24081420898438,909800,0.0,0.0
2023-07-14 00:00:00-04:00,158.08999633789062,159.0,156.7899932861328,157.5399932861328,154.52476501464844,705800,0.0,0.0
2023-07-17 00:00:00-04:00,157.49000549316406,158.5,156.88999938964844,157.89999389648438,154.8778839111328,715100,0.0,0.0
2023-07-18 00:00:00-04:00,157.74000549316406,159.3000030517578,157.74000549316406,158.8699951171875,155.82933044433594,812500,0.0,0.0
2023-07-19 00:00:00-04:00,157.9199981689453,158.57000732421875,156.2100067138672,157.47999572753906,154.46592712402344,889000,0.0,0.0
2023-07-20 00:00:00-04:00,158.11000061035156,158.4199981689453,156.82000732421875,158.08999633789062,155.0642547607422,723000,0.0,0.0
2023-07-21 00:00:00-04:00,158.1699981689453,158.63999938964844,157.4600067138672,157.52999877929688,154.51498413085938,645000,0.0,0.0
2023-07-24 00:00:00-04:00,158.0500030517578,158.8000030517578,157.50999450683594,158.22999572753906,155.20156860351562,616600,0.0,0.0
2023-07-25 00:00:00-04:00,157.25,158.8800048828125,157.25,158.72000122070312,155.6821746826172,625000,0.0,0.0
2023-07-26 00:00:00-04:00,157.8699951171875,159.44000244140625,157.2899932861328,158.75999450683594,155.72140502929688,686500,0.0,0.0
2023-07-27 00:00:00-04:00,159.27000427246094,160.0,157.74000549316406,157.86000061035156,154.83863830566406,910100,0.0,0.0
2023-07-28 00:00:00-04:00,158.82000732421875,159.36000061035156,157.74000549316406,158.25,155.22117614746094,805200,0.0,0.0
2023-07-31 00:00:00-04:00,158.85000610351562,159.27999877929688,157.92999267578125,158.60000610351562,155.5644989013672,1366000,0.0,0.0
2023-08-01 00:00:00-04:00,157.5800018310547,164.75,156.00999450683594,159.4499969482422,156.3982391357422,1518300,0.0,0.0
2023-08-02 00:00:00-04:00,160.77000427246094,161.42999267578125,158.38999938964844,158.69000244140625,155.65277099609375,1020700,0.0,0.0
2023-08-03 00:00:00-04:00,158.41000366210938,158.9199981689453,157.32000732421875,157.85000610351562,154.82884216308594,941300,0.0,0.0
2023-08-04 00:00:00-04:00,158.38999938964844,158.72999572753906,156.16000366210938,156.57000732421875,153.57333374023438,606300,0.0,0.0
2023-08-07 00:00:00-04:00,157.5800018310547,160.74000549316406,157.5800018310547,160.60000610351562,157.52622985839844,770100,0.0,0.0
2023-08-08 00:00:00-04:00,160.00999450683594,160.75999450683594,158.14999389648438,160.5,157.4281463623047,969400,0.0,0.0
2023-08-09 00:00:00-04:00,160.69000244140625,160.69000244140625,159.22000122070312,159.72000122070312,156.6630401611328,894200,0.0,0.0
2023-08-10 00:00:00-04:00,159.6300048828125,161.00999450683594,158.47999572753906,158.9199981689453,155.8783721923828,721400,0.0,0.0
2023-08-11 00:00:00-04:00,158.8800048828125,159.25,157.9499969482422,158.22000122070312,155.19175720214844,560400,0.0,0.0
2023-08-14 00:00:00-04:00,158.25,158.69000244140625,157.60000610351562,158.1199951171875,155.09364318847656,456700,0.0,0.0
2023-08-15 00:00:00-04:00,157.6999969482422,157.72999572753906,156.39999389648438,156.66000366210938,153.66160583496094,530000,0.0,0.0
2023-08-16 00:00:00-04:00,156.52000427246094,157.82000732421875,155.89999389648438,156.0399932861328,153.0535125732422,634000,0.0,0.0
2023-08-17 00:00:00-04:00,156.72999572753906,156.72999572753906,152.5500030517578,152.97999572753906,150.05206298828125,1285700,0.0,0.0
2023-08-18 00:00:00-04:00,152.55999755859375,154.8800048828125,152.52000427246094,154.4499969482422,151.49392700195312,1142300,0.0,0.0
2023-08-21 00:00:00-04:00,154.69000244140625,155.00999450683594,153.02999877929688,154.6199951171875,151.66064453125,616800,0.0,0.0
2023-08-22 00:00:00-04:00,155.4199981689453,155.83999633789062,154.0,154.69000244140625,151.7292938232422,501500,0.0,0.0
2023-08-23 00:00:00-04:00,155.61000061035156,156.61000061035156,154.88999938964844,156.2899932861328,153.29869079589844,543700,0.0,0.0
2023-08-24 00:00:00-04:00,156.36000061035156,157.50999450683594,154.8000030517578,154.8699951171875,151.90585327148438,567700,0.0,0.0
2023-08-25 00:00:00-04:00,155.63999938964844,158.1300048828125,155.32000732421875,157.58999633789062,154.57382202148438,539900,0.0,0.0
2023-08-28 00:00:00-04:00,157.82000732421875,159.39999389648438,157.82000732421875,158.50999450683594,155.4761962890625,418000,0.0,0.0
2023-08-29 00:00:00-04:00,158.25999450683594,160.52000427246094,158.00999450683594,159.55999755859375,156.50611877441406,755300,0.0,0.0
2023-08-30 00:00:00-04:00,159.97000122070312,160.5800018310547,159.32000732421875,160.2899932861328,157.22213745117188,513900,0.0,0.0
2023-08-31 00:00:00-04:00,160.25,161.0500030517578,159.50999450683594,159.50999450683594,156.45704650878906,735600,0.0,0.0
2023-09-01 00:00:00-04:00,160.25999450683594,160.92999267578125,159.72999572753906,160.64999389648438,157.5752410888672,471300,0.0,0.0
2023-09-05 00:00:00-04:00,160.77000427246094,160.77000427246094,157.07000732421875,157.1199951171875,154.11280822753906,774900,0.0,0.0
2023-09-06 00:00:00-04:00,157.25999450683594,158.44000244140625,156.47999572753906,157.10000610351562,154.09320068359375,1641300,0.0,0.0
2023-09-07 00:00:00-04:00,156.97000122070312,157.91000366210938,155.33999633789062,156.63999938964844,153.64198303222656,1069500,0.0,0.0
2023-09-08 00:00:00-04:00,156.1300048828125,156.6199951171875,153.55999755859375,153.89999389648438,150.95443725585938,1018900,0.0,0.0
2023-09-11 00:00:00-04:00,154.47999572753906,154.94000244140625,152.16000366210938,153.4499969482422,150.5130615234375,790200,0.0,0.0
2023-09-12 00:00:00-04:00,152.7899932861328,154.00999450683594,151.36000061035156,151.66000366210938,148.75732421875,939500,0.0,0.0
2023-09-13 00:00:00-04:00,150.97000122070312,152.5399932861328,150.85000610351562,152.49000549316406,149.81842041015625,1396000,0.25,0.0
2023-09-14 00:00:00-04:00,153.44000244140625,153.86000061035156,151.4499969482422,152.86000061035156,150.18191528320312,1151300,0.0,0.0
2023-09-15 00:00:00-04:00,151.77000427246094,152.6999969482422,150.57000732421875,151.6300048828125,148.97348022460938,1279700,0.0,0.0
2023-09-18 00:00:00-04:00,151.77999877929688,154.11000061035156,151.60000610351562,152.47000122070312,149.79876708984375,969500,0.0,0.0
2023-09-19 00:00:00-04:00,152.0500030517578,153.16000366210938,151.4600067138672,152.66000366210938,149.98541259765625,1161600,0.0,0.0
2023-09-20 00:00:00-04:00,153.3300018310547,154.72000122070312,151.25,151.41000366210938,148.75732421875,786800,0.0,0.0
2023-09-21 00:00:00-04:00,151.00999450683594,151.57000732421875,149.63999938964844,151.02999877929688,148.38397216796875,1447700,0.0,0.0
2023-09-22 00:00:00-04:00,150.61000061035156,152.57000732421875,150.52000427246094,151.66000366210938,149.0029296875,1681100,0.0,0.0
2023-09-25 00:00:00-04:00,151.05999755859375,153.39999389648438,151.05999755859375,152.50999450683594,149.83804321289062,1527500,0.0,0.0
2023-09-26 00:00:00-04:00,151.72000122070312,153.02999877929688,148.5399932861328,149.27000427246094,146.6548309326172,1519400,0.0,0.0
2023-09-27 00:00:00-04:00,150.08999633789062,150.25999450683594,148.0,148.86000061035156,146.25196838378906,1045100,0.0,0.0
2023-09-28 00:00:00-04:00,148.08999633789062,150.36000061035156,147.72999572753906,148.82000732421875,146.2126922607422,972300,0.0,0.0
2023-09-29 00:00:00-04:00,149.8300018310547,149.9199981689453,147.57000732421875,147.75999450683594,145.17124938964844,964800,0.0,0.0
2023-10-02 00:00:00-04:00,147.72000122070312,148.2100067138672,146.1999969482422,147.4199981689453,144.8372039794922,821300,0.0,0.0
2023-10-03 00:00:00-04:00,146.60000610351562,148.55999755859375,146.60000610351562,147.9600067138672,145.36776733398438,934100,0.0,0.0
2023-10-04 00:00:00-04:00,148.22999572753906,150.5399932861328,147.63999938964844,150.1199951171875,147.48989868164062,1055900,0.0,0.0
2023-10-05 00:00:00-04:00,150.07000732421875,150.4499969482422,147.6999969482422,148.41000366210938,145.80990600585938,883300,0.0,0.0
2023-10-06 00:00:00-04:00,148.0500030517578,151.05999755859375,147.44000244140625,150.22000122070312,147.5881805419922,878400,0.0,0.0
2023-10-09 00:00:00-04:00,149.67999267578125,151.47000122070312,149.27000427246094,151.32000732421875,148.6688995361328,519100,0.0,0.0
2023-10-10 00:00:00-04:00,151.72999572753906,152.6999969482422,151.10000610351562,151.27999877929688,148.62960815429688,548700,0.0,0.0
2023-10-11 00:00:00-04:00,151.27000427246094,152.5800018310547,151.27000427246094,152.25,149.58261108398438,685700,0.0,0.0
2023-10-12 00:00:00-04:00,152.25,152.63999938964844,150.27000427246094,151.1199951171875,148.47238159179688,733400,0.0,0.0
2023-10-13 00:00:00-04:00,151.0399932861328,151.41000366210938,147.72000122070312,148.63999938964844,146.03585815429688,923900,0.0,0.0
2023-10-16 00:00:00-04:00,149.85000610351562,151.1199951171875,149.5500030517578,150.47000122070312,147.83380126953125,608200,0.0,0.0
2023-10-17 00:00:00-04:00,149.86000061035156,151.17999267578125,149.19000244140625,149.75,147.12640380859375,924300,0.0,0.0
2023-10-18 00:00:00-04:00,148.41000366210938,148.41000366210938,143.92999267578125,143.9600067138672,141.43785095214844,933500,0.0,0.0
2023-10-19 00:00:00-04:00,144.7100067138672,146.47000122070312,143.22999572753906,143.64999389648438,141.13327026367188,1935400,0.0,0.0
2023-10-20 00:00:00-04:00,143.91000366210938,144.6300048828125,141.42999267578125,141.57000732421875,139.08970642089844,1136700,0.0,0.0
2023-10-23 00:00:00-04:00,141.5399932861328,142.57000732421875,140.66000366210938,140.86000061035156,138.39215087890625,862600,0.0,0.0
2023-10-24 00:00:00-04:00,142.27000427246094,142.27000427246094,140.32000732421875,140.97000122070312,138.50021362304688,745400,0.0,0.0
2023-10-25 00:00:00-04:00,140.5500030517578,141.10000610351562,139.0500030517578,139.66000366210938,137.2131805419922,825800,0.0,0.0
2023-10-26 00:00:00-04:00,141.39999389648438,141.91000366210938,139.69000244140625,139.83999633789062,137.39002990722656,810600,0.0,0.0
2023-10-27 00:00:00-04:00,139.5399932861328,140.66000366210938,138.86000061035156,139.22000122070312,136.7808837890625,818700,0.0,0.0
2023-10-30 00:00:00-04:00,140.25,140.6300048828125,138.60000610351562,140.1199951171875,137.6651153564453,1335400,0.0,0.0
2023-10-31 00:00:00-04:00,136.88999938964844,143.41000366210938,136.88999938964844,140.77000427246094,138.30372619628906,1428600,0.0,0.0
2023-11-01 00:00:00-04:00,141.83999633789062,142.9600067138672,140.86000061035156,142.39999389648438,139.90518188476562,1284700,0.0,0.0
2023-11-02 00:00:00-04:00,143.41000366210938,143.97000122070312,141.25999450683594,143.6999969482422,141.182373046875,1208900,0.0,0.0
2023-11-03 00:00:00-04:00,145.3300018310547,145.9199981689453,143.55999755859375,143.6999969482422,141.182373046875,1034700,0.0,0.0
2023-11-06 00:00:00-05:00,143.67999267578125,143.9199981689453,142.44000244140625,143.4600067138672,140.94659423828125,768600,0.0,0.0
2023-11-07 00:00:00-05:00,142.49000549316406,146.64999389648438,141.64999389648438,146.5,143.93333435058594,1858100,0.0,0.0
2023-11-08 00:00:00-05:00,147.14999389648438,148.6699981689453,146.52000427246094,147.89999389648438,145.30882263183594,1519400,0.0,0.0
2023-11-09 00:00:00-05:00,148.8699951171875,149.4600067138672,147.1199951171875,147.4600067138672,144.87652587890625,1403500,0.0,0.0
2023-11-10 00:00:00-05:00,148.8000030517578,151.25,148.35000610351562,150.8000030517578,148.15798950195312,1233600,0.0,0.0
2023-11-13 00:00:00-05:00,150.27000427246094,151.75999450683594,150.0399932861328,151.3800048828125,148.7278594970703,1193100,0.0,0.0
2023-11-14 00:00:00-05:00,153.32000732421875,155.1999969482422,152.39999389648438,154.72999572753906,152.01914978027344,1365200,0.0,0.0
2023-11-15 00:00:00-05:00,154.67999267578125,155.19000244140625,152.72999572753906,153.10000610351562,150.41769409179688,1471600,0.0,0.0
2023-11-16 00:00:00-05:00,153.5800018310547,154.80999755859375,153.10000610351562,153.97000122070312,151.27244567871094,1122500,0.0,0.0
2023-11-17 00:00:00-05:00,154.57000732421875,155.82000732421875,154.2100067138672,155.66000366210938,152.932861328125,1107800,0.0,0.0
2023-11-20 00:00:00-05:00,155.85000610351562,155.85000610351562,154.19000244140625,154.80999755859375,152.09776306152344,696400,0.0,0.0
2023-11-21 00:00:00-05:00,154.5399932861328,155.74000549316406,154.27000427246094,155.39999389648438,152.6774444580078,585400,0.0,0.0
2023-11-22 00:00:00-05:00,155.61000061035156,156.05999755859375,154.9600067138672,155.64999389648438,152.92303466796875,494200,0.0,0.0
2023-11-24 00:00:00-05:00,156.07000732421875,156.39999389648438,155.5,156.17999267578125,153.44374084472656,248500,0.0,0.0
2023-11-27 00:00:00-05:00,154.89999389648438,154.89999389648438,153.5800018310547,154.05999755859375,151.3608856201172,813600,0.0,0.0
2023-11-28 00:00:00-05:00,153.52000427246094,154.39999389648438,152.4499969482422,152.52999877929688,149.85769653320312,555100,0.0,0.0
2023-11-29 00:00:00-05:00,153.67999267578125,154.0800018310547,152.42999267578125,152.8800048828125,150.2015838623047,710100,0.0,0.0
2023-11-30 00:00:00-05:00,153.6199951171875,155.38999938964844,152.50999450683594,155.22999572753906,152.51036071777344,1477100,0.0,0.0
2023-12-01 00:00:00-05:00,155.5500030517578,157.3699951171875,154.80999755859375,157.0500030517578,154.29852294921875,691000,0.0,0.0
2023-12-04 00:00:00-05:00,156.1699981689453,157.32000732421875,155.57000732421875,157.2899932861328,154.53428649902344,1394500,0.0,0.0
2023-12-05 00:00:00-05:00,156.9600067138672,156.9600067138672,155.30999755859375,155.5,152.77565002441406,657200,0.0,0.0
2023-12-06 00:00:00-05:00,156.5,157.5500030517578,155.77999877929688,156.47999572753906,153.7384796142578,1080400,0.0,0.0
2023-12-07 00:00:00-05:00,156.2100067138672,156.2899932861328,154.69000244140625,155.91000366210938,153.42361450195312,1028500,0.25,0.0
2023-12-08 00:00:00-05:00,156.44000244140625,157.69000244140625,156.33999633789062,157.16000366210938,154.6536407470703,1256000,0.0,0.0
2023-12-11 00:00:00-05:00,157.97000122070312,159.38999938964844,157.6300048828125,157.72999572753906,155.21456909179688,1612400,0.0,0.0
2023-12-12 00:00:00-05:00,158.13999938964844,161.99000549316406,157.67999267578125,161.33999633789062,158.76698303222656,1358800,0.0,0.0
2023-12-13 00:00:00-05:00,161.8000030517578,162.0800018310547,159.61000061035156,161.49000549316406,158.91461181640625,1290800,0.0,0.0
2023-12-14 00:00:00-05:00,162.72000122070312,164.5500030517578,162.02000427246094,164.07000732421875,161.4534912109375,1444000,0.0,0.0
2023-12-15 00:00:00-05:00,163.1699981689453,164.5500030517578,162.39999389648438,163.1300048828125,160.52847290039062,1451300,0.0,0.0
2023-12-18 00:00:00-05:00,163.39999389648438,163.58999633789062,162.08999633789062,163.25,160.64657592773438,571700,0.0,0.0
2023-12-19 00:00:00-05:00,163.97999572753906,164.16000366210938,162.7899932861328,163.38999938964844,160.78431701660156,717300,0.0,0.0
2023-12-20 00:00:00-05:00,162.6999969482422,164.47000122070312,161.72000122070312,161.82000732421875,159.2393341064453,720300,0.0,0.0
2023-12-21 00:00:00-05:00,162.63999938964844,163.7899932861328,162.07000732421875,163.69000244140625,161.0795135498047,500400,0.0,0.0
2023-12-22 00:00:00-05:00,164.38999938964844,165.0399932861328,163.57000732421875,164.1999969482422,161.5813751220703,413600,0.0,0.0
2023-12-26 00:00:00-05:00,164.49000549316406,165.25999450683594,164.32000732421875,164.89999389648438,162.27020263671875,577000,0.0,0.0
2023-12-27 00:00:00-05:00,164.6999969482422,165.11000061035156,164.10000610351562,164.5399932861328,161.91595458984375,664600,0.0,0.0
2023-12-28 00:00:00-05:00,164.5800018310547,165.4199981689453,164.27000427246094,165.1199951171875,162.48672485351562,501500,0.0,0.0
2023-12-29 00:00:00-05:00,164.9199981689453,165.52000427246094,164.2100067138672,164.88999938964844,162.26036071777344,560800,0.0,0.0
2024-01-02 00:00:00-05:00,163.75999450683594,164.5800018310547,161.9499969482422,162.8699951171875,160.27259826660156,798500,0.0,0.0
2024-01-03 00:00:00-05:00,162.5800018310547,162.5800018310547,160.02999877929688,160.60000610351562,158.03880310058594,1033700,0.0,0.0
2024-01-04 00:00:00-05:00,161.13999938964844,161.80999755859375,160.35000610351562,160.47999572753906,157.92071533203125,697900,0.0,0.0
2024-01-05 00:00:00-05:00,159.97999572753906,160.94000244140625,159.27999877929688,160.74000549316406,158.17657470703125,554100,0.0,0.0
2024-01-08 00:00:00-05:00,160.85000610351562,162.05999755859375,159.92999267578125,161.8800048828125,159.2984161376953,638500,0.0,0.0
2024-01-09 00:00:00-05:00,161.39999389648438,163.1999969482422,160.11000061035156,163.0,160.40052795410156,822400,0.0,0.0
2024-01-10 00:00:00-05:00,163.1999969482422,163.83999633789062,162.11000061035156,163.67999267578125,161.0696563720703,638300,0.0,0.0
2024-01-11 00:00:00-05:00,165.0,165.49000549316406,162.85000610351562,163.92999267578125,161.31568908691406,631900,0.0,0.0
2024-01-12 00:00:00-05:00,164.9199981689453,165.0,162.77999877929688,163.44000244140625,160.83349609375,801000,0.0,0.0
2024-01-16 00:00:00-05:00,163.2100067138672,163.75999450683594,161.44000244140625,163.61000061035156,161.0008087158203,1040700,0.0,0.0
2024-01-17 00:00:00-05:00,162.64999389648438,163.4600067138672,159.99000549316406,160.07000732421875,157.51727294921875,1011500,0.0,0.0
2024-01-18 00:00:00-05:00,160.3000030517578,162.4600067138672,160.0,162.30999755859375,159.72152709960938,1013800,0.0,0.0
2024-01-19 00:00:00-05:00,162.58999633789062,162.9199981689453,161.47000122070312,162.02999877929688,159.4459991455078,1304400,0.0,0.0
2024-01-22 00:00:00-05:00,162.77999877929688,163.9499969482422,162.2899932861328,163.16000366210938,160.55796813964844,1300400,0.0,0.0
2024-01-23 00:00:00-05:00,163.63999938964844,165.25999450683594,162.42999267578125,165.1199951171875,162.48672485351562,970300,0.0,0.0
2024-01-24 00:00:00-05:00,166.36000061035156,166.64999389648438,162.5,162.74000549316406,160.14468383789062,802600,0.0,0.0
2024-01-25 00:00:00-05:00,164.05999755859375,164.52000427246094,163.14999389648438,164.1199951171875,161.50265502929688,584700,0.0,0.0
2024-01-26 00:00:00-05:00,164.66000366210938,164.97000122070312,163.32000732421875,163.52000427246094,160.91221618652344,426900,0.0,0.0
2024-01-29 00:00:00-05:00,162.77000427246094,165.3699951171875,162.7100067138672,165.3300018310547,162.69338989257812,982200,0.0,0.0
2024-01-30 00:00:00-05:00,165.13999938964844,166.63999938964844,164.50999450683594,165.8699951171875,163.22471618652344,855600,0.0,0.0
2024-01-31 00:00:00-05:00,165.75999450683594,165.75999450683594,161.92999267578125,162.0500030517578,159.46568298339844,1043900,0.0,0.0
2024-02-01 00:00:00-05:00,163.50999450683594,165.89999389648438,162.36000061035156,165.8699951171875,163.22471618652344,1206800,0.0,0.0
2024-02-02 00:00:00-05:00,165.35000610351562,168.5399932861328,164.66000366210938,167.44000244140625,164.76971435546875,1301000,0.0,0.0
2024-02-05 00:00:00-05:00,166.08999633789062,167.5800018310547,164.77999877929688,166.99000549316406,164.326904296875,1396300,0.0,0.0
2024-02-06 00:00:00-05:00,167.9600067138672,167.9600067138672,163.7899932861328,166.0800018310547,163.43141174316406,1559300,0.0,0.0
2024-02-07 00:00:00-05:00,166.6699981689453,168.63999938964844,166.1199951171875,166.72999572753906,164.071044921875,1098400,0.0,0.0
2024-02-08 00:00:00-05:00,167.60000610351562,167.8300018310547,165.5500030517578,166.3000030517578,163.64788818359375,976400,0.0,0.0
2024-02-09 00:00:00-05:00,166.41000366210938,168.61000061035156,166.41000366210938,168.5,165.81283569335938,814700,0.0,0.0
2024-02-12 00:00:00-05:00,168.8000030517578,169.3000030517578,167.6300048828125,168.4199981689453,165.7340850830078,882200,0.0,0.0
2024-02-13 00:00:00-05:00,166.44000244140625,168.1300048828125,164.6199951171875,168.0399932861328,165.36013793945312,1969300,0.0,0.0
2024-02-14 00:00:00-05:00,168.7899932861328,173.7899932861328,168.5,173.41000366210938,170.64450073242188,2079300,0.0,0.0
2024-02-15 00:00:00-05:00,174.2100067138672,174.94000244140625,171.35000610351562,173.74000549316406,170.96926879882812,1526000,0.0,0.0
2024-02-16 00:00:00-05:00,173.64999389648438,175.0,173.32000732421875,173.88999938964844,171.1168670654297,1016400,0.0,0.0
2024-02-20 00:00:00-05:00,172.99000549316406,175.3699951171875,172.50999450683594,174.80999755859375,172.02218627929688,1311700,0.0,0.0
2024-02-21 00:00:00-05:00,174.75,175.66000366210938,173.24000549316406,174.8000030517578,172.01234436035156,847000,0.0,0.0
2024-02-22 00:00:00-05:00,176.39999389648438,178.6699981689453,176.27999877929688,178.2100067138672,175.36798095703125,835300,0.0,0.0
2024-02-23 00:00:00-05:00,178.7899932861328,179.22999572753906,177.02999877929688,178.1999969482422,175.35812377929688,964700,0.0,0.0
2024-02-26 00:00:00-05:00,178.27999877929688,180.1199951171875,177.77000427246094,178.88999938964844,176.037109375,1163500,0.0,0.0
2024-02-27 00:00:00-05:00,179.27999877929688,179.5399932861328,176.69000244140625,177.77000427246094,174.9349822998047,781100,0.0,0.0
2024-02-28 00:00:00-05:00,178.0,179.6699981689453,177.30999755859375,178.72000122070312,175.86984252929688,544800,0.0,0.0
2024-02-29 00:00:00-05:00,178.80999755859375,180.74000549316406,178.24000549316406,180.17999267578125,177.30653381347656,1819600,0.0,0.0
2024-03-01 00:00:00-05:00,180.11000061035156,181.41000366210938,179.5399932861328,180.67999267578125,177.79856872558594,1534700,0.0,0.0
2024-03-04 00:00:00-05:00,181.1199951171875,182.1699981689453,180.67999267578125,181.10000610351562,178.21188354492188,850200,0.0,0.0
2024-03-05 00:00:00-05:00,180.6699981689453,180.85000610351562,178.41000366210938,179.4499969482422,176.58816528320312,630000,0.0,0.0
2024-03-06 00:00:00-05:00,180.1699981689453,181.27999877929688,179.58999633789062,180.36000061035156,177.48367309570312,819800,0.0,0.0
2024-03-07 00:00:00-05:00,181.3699951171875,182.2100067138672,180.72000122070312,181.5800018310547,178.9620361328125,620400,0.28,0.0
2024-03-08 00:00:00-05:00,181.7899932861328,182.72000122070312,181.08999633789062,181.44000244140625,178.82406616210938,648100,0.0,0.0
2024-03-11 00:00:00-04:00,180.8000030517578,181.30999755859375,178.9199981689453,180.86000061035156,178.25242614746094,582600,0.0,0.0
2024-03-12 00:00:00-04:00,180.91000366210938,182.35000610351562,180.3300018310547,181.8300018310547,179.2084503173828,696900,0.0,0.0
2024-03-13 00:00:00-04:00,181.82000732421875,182.22000122070312,180.66000366210938,181.52999877929688,178.9127655029297,1182700,0.0,0.0
2024-03-14 00:00:00-04:00,182.07000732421875,182.3800048828125,180.80999755859375,181.6199951171875,179.00146484375,664300,0.0,0.0
2024-03-15 00:00:00-04:00,180.33999633789062,182.97000122070312,180.33999633789062,181.52000427246094,178.90292358398438,1255200,0.0,0.0
2024-03-18 00:00:00-04:00,182.3300018310547,183.7100067138672,182.0,182.0800018310547,179.45481872558594,699800,0.0,0.0
2024-03-19 00:00:00-04:00,181.8000030517578,182.82000732421875,181.42999267578125,181.92999267578125,179.30697631835938,963700,0.0,0.0
2024-03-20 00:00:00-04:00,182.27000427246094,184.2100067138672,181.39999389648438,184.1999969482422,181.5442657470703,1022000,0.0,0.0
2024-03-21 00:00:00-04:00,184.55999755859375,186.3300018310547,182.72999572753906,184.91000366210938,182.2440643310547,1051600,0.0,0.0
2024-03-22 00:00:00-04:00,185.02999877929688,185.8300018310547,182.75999450683594,183.14999389648438,180.5093994140625,780300,0.0,0.0
2024-03-25 00:00:00-04:00,183.14999389648438,183.3800048828125,182.39999389648438,182.75999450683594,180.12503051757812,652700,0.0,0.0
2024-03-26 00:00:00-04:00,182.0,183.25,181.52999877929688,181.6699981689453,179.0507354736328,752400,0.0,0.0
2024-03-27 00:00:00-04:00,182.1699981689453,184.22000122070312,181.7899932861328,183.72000122070312,181.0712127685547,670800,0.0,0.0
2024-03-28 00:00:00-04:00,183.50999450683594,183.88999938964844,182.55999755859375,182.89999389648438,180.26300048828125,1043500,0.0,0.0
2024-04-01 00:00:00-04:00,182.99000549316406,183.0,180.30999755859375,180.4600067138672,177.8582000732422,772500,0.0,0.0
2024-04-02 00:00:00-04:00,180.72999572753906,181.52000427246094,179.7899932861328,180.3699951171875,177.7694854736328,921900,0.0,0.0
2024-04-03 00:00:00-04:00,180.3800048828125,182.5,180.3800048828125,181.11000061035156,178.49880981445312,739600,0.0,0.0
2024-04-04 00:00:00-04:00,182.36000061035156,182.85000610351562,179.0,179.33999633789062,176.75436401367188,845500,0.0,0.0
2024-04-05 00:00:00-04:00,180.63999938964844,182.66000366210938,179.7899932861328,182.22000122070312,179.5928497314453,763700,0.0,0.0
2024-04-08 00:00:00-04:00,182.36000061035156,182.99000549316406,180.75,180.9199981689453,178.31153869628906,659800,0.0,0.0
2024-04-09 00:00:00-04:00,181.1999969482422,181.55999755859375,178.82000732421875,181.17999267578125,178.56781005859375,749100,0.0,0.0
2024-04-10 00:00:00-04:00,178.9600067138672,181.69000244140625,178.0399932861328,179.75,177.15841674804688,1376000,0.0,0.0
2024-04-11 00:00:00-04:00,179.97000122070312,181.35000610351562,178.58999633789062,180.5,177.89761352539062,845000,0.0,0.0
2024-04-12 00:00:00-04:00,178.6300048828125,180.11000061035156,178.1199951171875,179.7100067138672,177.11903381347656,826300,0.0,0.0
2024-04-15 00:00:00-04:00,182.33999633789062,182.80999755859375,178.5500030517578,179.0399932861328,176.45867919921875,919400,0.0,0.0
2024-04-16 00:00:00-04:00,178.8300018310547,180.5399932861328,178.0,179.08999633789062,176.50794982910156,896200,0.0,0.0
2024-04-17 00:00:00-04:00,179.4499969482422,180.02999877929688,177.24000549316406,178.0500030517578,175.48294067382812,900900,0.0,0.0
2024-04-18 00:00:00-04:00,179.2100067138672,179.60000610351562,176.7100067138672,177.27000427246094,174.71417236328125,629000,0.0,0.0
2024-04-19 00:00:00-04:00,178.13999938964844,178.72999572753906,176.77000427246094,177.6999969482422,175.13800048828125,806600,0.0,0.0
2024-04-22 00:00:00-04:00,178.52000427246094,179.3300018310547,177.22000122070312,177.86000061035156,175.295654296875,643000,0.0,0.0
2024-04-23 00:00:00-04:00,179.10000610351562,180.41000366210938,178.5800018310547,179.85000610351562,177.25701904296875,601000,0.0,0.0
2024-04-24 00:00:00-04:00,180.67999267578125,181.13999938964844,177.0399932861328,178.22000122070312,175.65049743652344,867300,0.0,0.0
2024-04-25 00:00:00-04:00,177.1300048828125,178.77999877929688,176.3699951171875,177.92999267578125,175.36465454101562,998700,0.0,0.0
2024-04-26 00:00:00-04:00,178.16000366210938,179.00999450683594,177.4499969482422,177.50999450683594,174.95071411132812,637900,0.0,0.0
2024-04-29 00:00:00-04:00,177.80999755859375,178.4600067138672,176.8800048828125,177.69000244140625,175.12814331054688,689500,0.0,0.0
2024-04-30 00:00:00-04:00,177.69000244140625,178.0800018310547,174.3800048828125,174.66000366210938,172.14183044433594,1138300,0.0,0.0
2024-05-01 00:00:00-04:00,174.22000122070312,176.22000122070312,173.55999755859375,173.97999572753906,171.4716339111328,1268000,0.0,0.0
2024-05-02 00:00:00-04:00,170.0,171.1300048828125,161.9600067138672,163.33999633789062,160.98500061035156,2896000,0.0,0.0
2024-05-03 00:00:00-04:00,163.6999969482422,166.8800048828125,162.77999877929688,166.55999755859375,164.15859985351562,2065100,0.0,0.0
2024-05-06 00:00:00-04:00,167.0,169.22999572753906,166.9199981689453,168.0500030517578,165.62713623046875,1468600,0.0,0.0
2024-05-07 00:00:00-04:00,168.2100067138672,169.91000366210938,168.2100067138672,169.5800018310547,167.1350555419922,1008500,0.0,0.0
2024-05-08 00:00:00-04:00,169.19000244140625,169.83999633789062,168.3000030517578,169.13999938964844,166.701416015625,988100,0.0,0.0
2024-05-09 00:00:00-04:00,169.27999877929688,171.27000427246094,168.86000061035156,169.89999389648438,167.45045471191406,1266300,0.0,0.0
2024-05-10 00:00:00-04:00,171.00999450683594,171.57000732421875,170.38999938964844,170.8000030517578,168.3374481201172,1193700,0.0,0.0
2024-05-13 00:00:00-04:00,171.25999450683594,171.55999755859375,169.8000030517578,170.10000610351562,167.64756774902344,826600,0.0,0.0
2024-05-14 00:00:00-04:00,170.0,170.9499969482422,168.3000030517578,168.52999877929688,166.10018920898438,1400200,0.0,0.0
2024-05-15 00:00:00-04:00,169.52999877929688,170.97999572753906,169.2100067138672,169.6300048828125,167.18435668945312,1137000,0.0,0.0
2024-05-16 00:00:00-04:00,169.1999969482422,170.0800018310547,167.82000732421875,167.91000366210938,165.4891357421875,978200,0.0,0.0
2024-05-17 00:00:00-04:00,168.3300018310547,168.3300018310547,166.27000427246094,166.8000030517578,164.39515686035156,1678600,0.0,0.0
2024-05-20 00:00:00-04:00,167.0800018310547,169.5399932861328,166.66000366210938,168.60000610351562,166.16920471191406,959900,0.0,0.0
2024-05-21 00:00:00-04:00,168.13999938964844,169.38999938964844,167.36000061035156,169.1300048828125,166.69155883789062,1044300,0.0,0.0
2024-05-22 00:00:00-04:00,171.3000030517578,174.47000122070312,170.5500030517578,174.1300048828125,171.6194610595703,1785500,0.0,0.0
2024-05-23 00:00:00-04:00,175.3800048828125,176.05999755859375,172.6199951171875,172.72000122070312,170.22979736328125,1480400,0.0,0.0
2024-05-24 00:00:00-04:00,173.27999877929688,173.8699951171875,172.66000366210938,173.66000366210938,171.15625,1030700,0.0,0.0
2024-05-28 00:00:00-04:00,173.6999969482422,174.4199981689453,168.2100067138672,168.30999755859375,165.8833770751953,1211400,0.0,0.0
2024-05-29 00:00:00-04:00,167.14999389648438,168.58999633789062,166.19000244140625,166.7100067138672,164.3064422607422,1281800,0.0,0.0
2024-05-30 00:00:00-04:00,166.63999938964844,168.24000549316406,166.24000549316406,167.69000244140625,165.27230834960938,1036800,0.0,0.0
2024-05-31 00:00:00-04:00,167.94000244140625,169.97000122070312,166.08999633789062,169.5800018310547,167.1350555419922,2005800,0.0,0.0
2024-06-03 00:00:00-04:00,170.0,170.25999450683594,164.8300018310547,166.2100067138672,163.81365966796875,1301900,0.0,0.0
2024-06-04 00:00:00-04:00,165.80999755859375,166.94000244140625,164.50999450683594,166.8699951171875,164.464111328125,970700,0.0,0.0
2024-06-05 00:00:00-04:00,167.60000610351562,168.7100067138672,166.99000549316406,168.64999389648438,166.2184600830078,875600,0.0,0.0
2024-06-06 00:00:00-04:00,168.72000122070312,169.17999267578125,167.47999572753906,168.69000244140625,166.2578887939453,1222100,0.0,0.0
2024-06-07 00:00:00-04:00,168.7899932861328,170.5,168.22000122070312,170.0,167.54898071289062,1265400,0.0,0.0
2024-06-10 00:00:00-04:00,169.77999877929688,173.4199981689453,169.77999877929688,173.0,170.5057373046875,1677400,0.0,0.0
2024-06-11 00:00:00-04:00,172.25,172.6300048828125,171.32000732421875,172.52999877929688,170.0425262451172,1315200,0.0,0.0
2024-06-12 00:00:00-04:00,174.2100067138672,176.05999755859375,173.17999267578125,173.7100067138672,171.20553588867188,1172000,0.0,0.0
2024-06-13 00:00:00-04:00,174.27000427246094,174.86000061035156,172.52999877929688,173.9199981689453,171.41249084472656,811100,0.0,0.0
2024-06-14 00:00:00-04:00,171.82000732421875,172.0500030517578,164.5399932861328,167.02000427246094,164.87741088867188,1875900,0.28,0.0
2024-06-17 00:00:00-04:00,166.24000549316406,169.02999877929688,165.7899932861328,168.52000427246094,166.35818481445312,1486900,0.0,0.0
2024-06-18 00:00:00-04:00,168.35000610351562,171.08999633789062,167.5800018310547,170.89999389648438,168.70762634277344,1660900,0.0,0.0
2024-06-20 00:00:00-04:00,170.44000244140625,170.75,168.3000030517578,168.52000427246094,166.35818481445312,1248400,0.0,0.0
2024-06-21 00:00:00-04:00,169.0800018310547,169.74000549316406,166.35000610351562,168.6699981689453,166.50624084472656,1593300,0.0,0.0
2024-06-24 00:00:00-04:00,169.57000732421875,172.0,168.7899932861328,171.4600067138672,169.2604522705078,1132800,0.0,0.0
2024-06-25 00:00:00-04:00,170.9600067138672,171.22999572753906,167.69000244140625,168.72000122070312,166.55560302734375,684200,0.0,0.0
2024-06-26 00:00:00-04:00,168.0,168.0,166.41000366210938,166.5800018310547,164.4430389404297,761500,0.0,0.0
2024-06-27 00:00:00-04:00,166.57000732421875,167.9499969482422,165.89999389648438,166.47000122070312,164.33448791503906,1169300,0.0,0.0
2024-06-28 00:00:00-04:00,166.80999755859375,167.8800048828125,165.67999267578125,166.7100067138672,164.57139587402344,1750000,0.0,0.0
2024-07-01 00:00:00-04:00,168.05999755859375,168.08999633789062,165.1999969482422,165.57000732421875,163.44602966308594,953300,0.0,0.0
2024-07-02 00:00:00-04:00,165.36000061035156,166.50999450683594,164.72000122070312,166.10000610351562,163.96922302246094,705700,0.0,0.0
2024-07-03 00:00:00-04:00,166.6199951171875,167.5,166.11000061035156,166.3000030517578,164.16664123535156,531300,0.0,0.0
2024-07-05 00:00:00-04:00,166.39999389648438,166.8300018310547,164.39999389648438,165.64999389648438,163.5249786376953,787800,0.0,0.0
2024-07-08 00:00:00-04:00,166.5500030517578,167.49000549316406,164.38999938964844,164.5,162.38973999023438,1903700,0.0,0.0
2024-07-09 00:00:00-04:00,165.00999450683594,165.61000061035156,163.88999938964844,164.1300048828125,162.0244903564453,1492700,0.0,0.0
2024-07-10 00:00:00-04:00,164.13999938964844,166.17999267578125,163.92999267578125,165.8699951171875,163.7421417236328,847600,0.0,0.0
2024-07-11 00:00:00-04:00,166.47000122070312,170.77000427246094,166.07000732421875,169.32000732421875,167.14791870117188,1099900,0.0,0.0
2024-07-12 00:00:00-04:00,170.6300048828125,172.1300048828125,169.05999755859375,169.52000427246094,167.3453369140625,874100,0.0,0.0
2024-07-15 00:00:00-04:00,169.60000610351562,172.97000122070312,169.1199951171875,172.11000061035156,169.90213012695312,1259200,0.0,0.0
2024-07-16 00:00:00-04:00,173.02999877929688,177.0399932861328,172.50999450683594,176.00999450683594,173.7520751953125,1505500,0.0,0.0
2024-07-17 00:00:00-04:00,175.8000030517578,177.3699951171875,174.88999938964844,175.02999877929688,172.78465270996094,1060200,0.0,0.0
2024-07-18 00:00:00-04:00,174.14999389648438,175.52000427246094,171.57000732421875,171.72999572753906,169.52699279785156,1031400,0.0,0.0
2024-07-19 00:00:00-04:00,173.02000427246094,173.02000427246094,169.1199951171875,169.16000366210938,166.98997497558594,887000,0.0,0.0
2024-07-22 00:00:00-04:00,170.8300018310547,173.11000061035156,169.50999450683594,172.97000122070312,170.75106811523438,782700,0.0,0.0
2024-07-23 00:00:00-04:00,172.16000366210938,173.42999267578125,171.7100067138672,171.8699951171875,169.6651611328125,814100,0.0,0.0
2024-07-24 00:00:00-04:00,171.13999938964844,171.22999572753906,166.8800048828125,166.9499969482422,164.80831909179688,925000,0.0,0.0
2024-07-25 00:00:00-04:00,167.2899932861328,171.61000061035156,166.55999755859375,168.52000427246094,166.35818481445312,725700,0.0,0.0
2024-07-26 00:00:00-04:00,170.6199951171875,174.02999877929688,169.92999267578125,172.27000427246094,170.06007385253906,864600,0.0,0.0
2024-07-29 00:00:00-04:00,172.1699981689453,173.22000122070312,171.55999755859375,171.89999389648438,169.69480895996094,882800,0.0,0.0
2024-07-30 00:00:00-04:00,172.72999572753906,174.57000732421875,170.9600067138672,172.35000610351562,170.13902282714844,878300,0.0,0.0
2024-07-31 00:00:00-04:00,174.5500030517578,175.97000122070312,173.1199951171875,173.47999572753906,171.2545166015625,1143800,0.0,0.0
2024-08-01 00:00:00-04:00,165.0,167.0,156.5399932861328,159.1300048828125,157.08863830566406,4505900,0.0,0.0
2024-08-02 00:00:00-04:00,157.64999389648438,157.64999389648438,150.4600067138672,152.74000549316406,150.78060913085938,4082200,0.0,0.0
2024-08-05 00:00:00-04:00,150.5,156.64999389648438,149.02999877929688,154.69000244140625,152.70555114746094,3114100,0.0,0.0
2024-08-06 00:00:00-04:00,155.2100067138672,159.61000061035156,155.1199951171875,156.97999572753906,154.96620178222656,1820500,0.0,0.0
2024-08-07 00:00:00-04:00,158.3000030517578,160.25,156.24000549316406,156.8300018310547,154.818115234375,2319300,0.0,0.0
2024-08-08 00:00:00-04:00,157.6999969482422,159.32000732421875,156.08999633789062,158.85000610351562,156.8122100830078,1666800,0.0,0.0
2024-08-09 00:00:00-04:00,158.82000732421875,160.88999938964844,156.97999572753906,159.52000427246094,157.47361755371094,1812800,0.0,0.0
2024-08-12 00:00:00-04:00,160.77999877929688,162.57000732421875,159.94000244140625,160.75999450683594,158.69769287109375,2157300,0.0,0.0
2024-08-13 00:00:00-04:00,160.6300048828125,162.17999267578125,158.8699951171875,161.30999755859375,159.24066162109375,1282200,0.0,0.0
2024-08-14 00:00:00-04:00,161.16000366210938,162.9600067138672,160.77000427246094,161.47999572753906,159.40847778320312,1008100,0.0,0.0
2024-08-15 00:00:00-04:00,163.8300018310547,166.32000732421875,162.4600067138672,163.14999389648438,161.05702209472656,879900,0.0,0.0
2024-08-16 00:00:00-04:00,162.5,163.5399932861328,161.74000549316406,162.69000244140625,160.6029510498047,1039500,0.0,0.0
2024-08-19 00:00:00-04:00,162.9499969482422,164.80999755859375,162.72000122070312,164.6699981689453,162.5575408935547,938900,0.0,0.0
2024-08-20 00:00:00-04:00,164.83999633789062,165.86000061035156,164.38999938964844,164.86000061035156,162.7451171875,1031500,0.0,0.0
2024-08-21 00:00:00-04:00,164.88999938964844,166.82000732421875,164.64999389648438,165.88999938964844,163.76190185546875,791400,0.0,0.0
2024-08-22 00:00:00-04:00,165.9499969482422,167.3699951171875,164.9600067138672,165.22000122070312,163.10049438476562,1060800,0.0,0.0
2024-08-23 00:00:00-04:00,165.9199981689453,167.91000366210938,165.50999450683594,167.38999938964844,165.24264526367188,999300,0.0,0.0
2024-08-26 00:00:00-04:00,168.17999267578125,169.5800018310547,166.85000610351562,168.32000732421875,166.16075134277344,635100,0.0,0.0
2024-08-27 00:00:00-04:00,168.07000732421875,168.47000122070312,167.19000244140625,167.97999572753906,165.82508850097656,686300,0.0,0.0
2024-08-28 00:00:00-04:00,169.0,170.86000061035156,167.5,168.58999633789062,166.42726135253906,831500,0.0,0.0
2024-08-29 00:00:00-04:00,169.77000427246094,170.8699951171875,168.72999572753906,169.3800048828125,167.20713806152344,856300,0.0,0.0
2024-08-30 00:00:00-04:00,169.97000122070312,171.3699951171875,168.89999389648438,171.0500030517578,168.85569763183594,1235600,0.0,0.0
2024-09-03 00:00:00-04:00,170.25999450683594,171.11000061035156,165.97000122070312,166.67999267578125,164.54176330566406,1152600,0.0,0.0
2024-09-04 00:00:00-04:00,166.2100067138672,168.1999969482422,165.25999450683594,167.49000549316406,165.3413848876953,1107300,0.0,0.0
2024-09-05 00:00:00-04:00,166.8800048828125,167.72000122070312,164.47000122070312,165.14999389648438,163.0313720703125,1002100,0.0,0.0
2024-09-06 00:00:00-04:00,165.42999267578125,166.99000549316406,163.22000122070312,163.63999938964844,161.54075622558594,835900,0.0,0.0
2024-09-09 00:00:00-04:00,165.19000244140625,165.5,163.5,164.3000030517578,162.1923065185547,1321600,0.0,0.0
2024-09-10 00:00:00-04:00,165.25,165.25,163.3300018310547,164.94000244140625,162.82408142089844,797900,0.0,0.0
2024-09-11 00:00:00-04:00,164.8300018310547,165.52000427246094,162.25,165.25999450683594,163.1399688720703,1553400,0.0,0.0
2024-09-12 00:00:00-04:00,165.19000244140625,167.83999633789062,163.88999938964844,166.88999938964844,164.74908447265625,1106500,0.0,0.0
2024-09-13 00:00:00-04:00,167.63999938964844,169.0800018310547,167.10000610351562,167.50999450683594,165.3611297607422,920600,0.0,0.0
2024-09-16 00:00:00-04:00,168.63999938964844,169.5399932861328,167.41000366210938,168.35000610351562,166.46861267089844,839600,0.28,0.0
2024-09-17 00:00:00-04:00,168.91000366210938,170.8800048828125,168.27000427246094,168.57000732421875,166.6861572265625,853100,0.0,0.0
2024-09-18 00:00:00-04:00,169.5,171.5500030517578,168.08999633789062,169.42999267578125,167.5365447998047,1211400,0.0,0.0
2024-09-19 00:00:00-04:00,172.6999969482422,172.6999969482422,169.92999267578125,172.25,170.32504272460938,866200,0.0,0.0
2024-09-20 00:00:00-04:00,171.27000427246094,171.38999938964844,170.02000427246094,171.10000610351562,169.18788146972656,1237500,0.0,0.0
2024-09-23 00:00:00-04:00,171.50999450683594,172.75,170.47000122070312,171.08999633789062,169.17799377441406,641800,0.0,0.0
2024-09-24 00:00:00-04:00,171.69000244140625,171.69000244140625,169.82000732421875,170.5399932861328,168.63414001464844,1408900,0.0,0.0
2024-09-25 00:00:00-04:00,171.72999572753906,172.75999450683594,170.9199981689453,171.25,169.33621215820312,1672400,0.0,0.0
2024-09-26 00:00:00-04:00,173.0,173.5,170.77999877929688,171.97000122070312,170.0481414794922,1789000,0.0,0.0
2024-09-27 00:00:00-04:00,172.55999755859375,173.8699951171875,171.30999755859375,172.07000732421875,170.14706420898438,1183400,0.0,0.0
2024-09-30 00:00:00-04:00,171.6999969482422,172.3000030517578,169.5,171.7100067138672,169.79107666015625,1017900,0.0,0.0
2024-10-01 00:00:00-04:00,171.92999267578125,172.27000427246094,168.97999572753906,169.10000610351562,167.21023559570312,1869900,0.0,0.0
2024-10-02 00:00:00-04:00,168.4600067138672,169.3800048828125,167.2899932861328,168.1999969482422,166.32028198242188,2644500,0.0,0.0
2024-10-03 00:00:00-04:00,167.58999633789062,169.24000549316406,166.1699981689453,169.10000610351562,167.21023559570312,2126000,0.0,0.0
2024-10-04 00:00:00-04:00,170.80999755859375,170.92999267578125,168.77000427246094,170.11000061035156,168.20895385742188,718400,0.0,0.0
2024-10-07 00:00:00-04:00,166.24000549316406,167.7100067138672,165.38999938964844,166.5399932861328,164.6788330078125,1891200,0.0,0.0
2024-10-08 00:00:00-04:00,167.13999938964844,167.77000427246094,166.25999450683594,166.9199981689453,165.05458068847656,1127400,0.0,0.0
2024-10-09 00:00:00-04:00,167.69000244140625,169.0800018310547,167.3000030517578,168.82000732421875,166.93336486816406,887600,0.0,0.0
2024-10-10 00:00:00-04:00,167.6300048828125,169.14999389648438,166.9499969482422,168.89999389648438,167.01243591308594,793700,0.0,0.0
2024-10-11 00:00:00-04:00,169.0399932861328,171.5800018310547,169.0399932861328,170.38999938964844,168.48580932617188,1171300,0.0,0.0
2024-10-14 00:00:00-04:00,170.75,171.7100067138672,170.22000122070312,171.57000732421875,169.65264892578125,2034200,0.0,0.0
2024-10-15 00:00:00-04:00,171.9600067138672,173.1199951171875,169.0399932861328,169.3800048828125,167.4871063232422,1160600,0.0,0.0
2024-10-16 00:00:00-04:00,169.3800048828125,170.3800048828125,168.8000030517578,169.7100067138672,167.81341552734375,1505400,0.0,0.0
2024-10-17 00:00:00-04:00,170.63999938964844,170.9199981689453,168.6300048828125,169.67999267578125,167.7837677001953,1223200,0.0,0.0
2024-10-18 00:00:00-04:00,170.2100067138672,170.72999572753906,168.8000030517578,169.39999389648438,167.50686645507812,719100,0.0,0.0
2024-10-21 00:00:00-04:00,169.94000244140625,170.63999938964844,168.75999450683594,169.36000061035156,167.4673309326172,858600,0.0,0.0
2024-10-22 00:00:00-04:00,168.4199981689453,168.8699951171875,167.08999633789062,168.3800048828125,166.49826049804688,678200,0.0,0.0
2024-10-23 00:00:00-04:00,167.57000732421875,168.63999938964844,165.88999938964844,166.6699981689453,164.80738830566406,772200,0.0,0.0
2024-10-24 00:00:00-04:00,166.80999755859375,167.58999633789062,165.4199981689453,166.5800018310547,164.71836853027344,1096700,0.0,0.0
2024-10-25 00:00:00-04:00,167.8300018310547,168.19000244140625,166.50999450683594,166.9600067138672,165.0941619873047,603900,0.0,0.0
2024-10-28 00:00:00-04:00,168.4600067138672,169.02999877929688,167.77000427246094,168.0500030517578,166.1719512939453,1044800,0.0,0.0
2024-10-29 00:00:00-04:00,167.3800048828125,168.32000732421875,165.74000549316406,167.49000549316406,165.6182403564453,915600,0.0,0.0
2024-10-30 00:00:00-04:00,167.11000061035156,168.9600067138672,166.64999389648438,168.91000366210938,167.0223388671875,1557600,0.0,0.0
2024-10-31 00:00:00-04:00,179.6199951171875,184.1699981689453,178.6999969482422,183.33999633789062,181.29110717773438,2562000,0.0,0.0
2024-11-01 00:00:00-04:00,182.61000061035156,183.47999572753906,177.9600067138672,178.42999267578125,176.43594360351562,1962500,0.0,0.0
2024-11-04 00:00:00-05:00,179.67999267578125,181.00999450683594,178.61000061035156,179.9199981689453,177.9093017578125,959800,0.0,0.0
2024-11-05 00:00:00-05:00,179.77000427246094,182.27999877929688,179.5800018310547,182.02000427246094,179.98583984375,1227600,0.0,0.0
2024-11-06 00:00:00-05:00,188.69000244140625,192.1999969482422,187.47000122070312,190.32000732421875,188.19308471679688,2384100,0.0,0.0
2024-11-07 00:00:00-05:00,190.49000549316406,191.17999267578125,188.75,188.9499969482422,186.83839416503906,832300,0.0,0.0
2024-11-08 00:00:00-05:00,189.1300048828125,191.4499969482422,188.75999450683594,190.9199981689453,188.786376953125,832900,0.0,0.0
2024-11-11 00:00:00-05:00,192.00999450683594,193.0399932861328,190.36000061035156,191.57000732421875,189.42910766601562,1228500,0.0,0.0
2024-11-12 00:00:00-05:00,192.0399932861328,194.27000427246094,190.67999267578125,194.0,191.83197021484375,1867600,0.0,0.0
2024-11-13 00:00:00-05:00,193.55999755859375,196.6999969482422,192.41000366210938,195.4199981689453,193.23609924316406,1429700,0.0,0.0
2024-11-14 00:00:00-05:00,193.91000366210938,195.42999267578125,192.00999450683594,193.75,191.58474731445312,1122300,0.0,0.0
2024-11-15 00:00:00-05:00,193.3000030517578,194.63999938964844,192.4600067138672,193.10000610351562,190.9420166015625,2148700,0.0,0.0
2024-11-18 00:00:00-05:00,193.2899932861328,193.32000732421875,192.1199951171875,193.24000549316406,191.0804443359375,818800,0.0,0.0
2024-11-19 00:00:00-05:00,191.10000610351562,193.5,191.0,193.4600067138672,191.29800415039062,1321000,0.0,0.0
2024-11-20 00:00:00-05:00,194.05999755859375,194.05999755859375,191.3000030517578,193.3300018310547,191.16944885253906,1003300,0.0,0.0
2024-11-21 00:00:00-05:00,194.44000244140625,195.97000122070312,193.00999450683594,195.75999450683594,193.57228088378906,1136300,0.0,0.0
2024-11-22 00:00:00-05:00,195.9499969482422,197.8300018310547,194.5800018310547,197.3800048828125,195.17420959472656,1052800,0.0,0.0
2024-11-25 00:00:00-05:00,198.0,198.3300018310547,196.25999450683594,197.1199951171875,194.9170684814453,1526500,0.0,0.0
2024-11-26 00:00:00-05:00,197.14999389648438,197.14999389648438,195.19000244140625,197.02000427246094,194.8182373046875,1285000,0.0,0.0
2024-11-27 00:00:00-05:00,197.27999877929688,197.3800048828125,195.05999755859375,195.10000610351562,192.91966247558594,748500,0.0,0.0
2024-11-29 00:00:00-05:00,195.4499969482422,196.02000427246094,194.3800048828125,194.3800048828125,192.2077178955078,1098700,0.0,0.0
2024-12-02 00:00:00-05:00,195.4499969482422,196.39999389648438,194.3699951171875,195.55999755859375,193.37449645996094,1093100,0.0,0.0
2024-12-03 00:00:00-05:00,195.4499969482422,195.89999389648438,193.32000732421875,194.3300018310547,192.1582794189453,1717900,0.0,0.0
2024-12-04 00:00:00-05:00,193.9600067138672,195.50999450683594,193.44000244140625,195.0,192.82078552246094,890900,0.0,0.0
2024-12-05 00:00:00-05:00,195.0,196.14999389648438,193.72999572753906,193.9600067138672,191.79241943359375,1390700,0.0,0.0
2024-12-06 00:00:00-05:00,193.72000122070312,195.3800048828125,191.13999938964844,191.5399932861328,189.67324829101562,995700,0.28,0.0
2024-12-09 00:00:00-05:00,191.39999389648438,192.61000061035156,189.50999450683594,189.88999938964844,188.03932189941406,1027900,0.0,0.0
2024-12-10 00:00:00-05:00,190.00999450683594,190.8300018310547,187.6300048828125,188.60000610351562,186.76190185546875,1044300,0.0,0.0
2024-12-11 00:00:00-05:00,190.4199981689453,190.97000122070312,188.25,188.66000366210938,186.82135009765625,662600,0.0,0.0
2024-12-12 00:00:00-05:00,189.02000427246094,189.9199981689453,188.25,188.4499969482422,186.61337280273438,774300,0.0,0.0
2024-12-13 00:00:00-05:00,188.8000030517578,189.60000610351562,187.1999969482422,187.3800048828125,185.5538330078125,827100,0.0,0.0
2024-12-16 00:00:00-05:00,190.4600067138672,191.05999755859375,189.07000732421875,189.3800048828125,187.53433227539062,1122400,0.0,0.0
2024-12-17 00:00:00-05:00,189.77999877929688,190.44000244140625,186.32000732421875,186.7100067138672,184.8903350830078,1217200,0.0,0.0
2024-12-18 00:00:00-05:00,187.27999877929688,187.75999450683594,180.6300048828125,180.75999450683594,178.9983367919922,962400,0.0,0.0
2024-12-19 00:00:00-05:00,182.36000061035156,183.0500030517578,181.0399932861328,182.11000061035156,180.3351593017578,1423200,0.0,0.0
2024-12-20 00:00:00-05:00,182.1199951171875,184.4499969482422,181.38999938964844,183.36000061035156,181.572998046875,2334800,0.0,0.0
2024-12-23 00:00:00-05:00,182.5800018310547,183.1300048828125,181.77000427246094,182.07000732421875,180.29554748535156,915500,0.0,0.0
2024-12-24 00:00:00-05:00,181.77000427246094,184.0500030517578,181.14999389648438,184.0500030517578,182.25625610351562,348900,0.0,0.0
2024-12-26 00:00:00-05:00,183.50999450683594,184.3300018310547,182.8000030517578,183.72000122070312,181.9294891357422,594000,0.0,0.0
2024-12-27 00:00:00-05:00,182.47999572753906,183.83999633789062,181.44000244140625,182.4499969482422,180.67184448242188,524000,0.0,0.0
2024-12-30 00:00:00-05:00,180.8000030517578,181.50999450683594,179.25999450683594,180.74000549316406,178.97853088378906,601800,0.0,0.0
2024-12-31 00:00:00-05:00,180.82000732421875,181.6999969482422,179.85000610351562,180.25999450683594,178.50320434570312,589400,0.0,0.0
2025-01-02 00:00:00-05:00,181.9600067138672,181.9600067138672,177.91000366210938,178.3300018310547,176.59201049804688,713800,0.0,0.0
2025-01-03 00:00:00-05:00,178.52000427246094,180.1699981689453,177.57000732421875,179.57000732421875,177.81993103027344,540500,0.0,0.0
2025-01-06 00:00:00-05:00,180.5,181.6699981689453,178.82000732421875,179.42999267578125,177.6812744140625,1730800,0.0,0.0
2025-01-07 00:00:00-05:00,179.75999450683594,180.6199951171875,177.97000122070312,178.69000244140625,176.94851684570312,480900,0.0,0.0
2025-01-08 00:00:00-05:00,177.36000061035156,178.57000732421875,176.25999450683594,178.4499969482422,176.71083068847656,645500,0.0,0.0
2025-01-10 00:00:00-05:00,176.24000549316406,177.7100067138672,175.36000061035156,176.14999389648438,174.43325805664062,1430900,0.0,0.0
2025-01-13 00:00:00-05:00,174.49000549316406,176.7100067138672,174.11000061035156,176.5,174.77984619140625,1007300,0.0,0.0
2025-01-14 00:00:00-05:00,177.89999389648438,180.47000122070312,177.02000427246094,179.14999389648438,177.4040069580078,735000,0.0,0.0
2025-01-15 00:00:00-05:00,181.83999633789062,181.83999633789062,179.1699981689453,180.05999755859375,178.3051300048828,683200,0.0,0.0
2025-01-16 00:00:00-05:00,182.0,182.92999267578125,180.2100067138672,180.86000061035156,179.09735107421875,1698900,0.0,0.0
2025-01-17 00:00:00-05:00,184.5,184.5,180.0800018310547,180.72999572753906,178.96861267089844,2612900,0.0,0.0
2025-01-21 00:00:00-05:00,182.2100067138672,185.08999633789062,180.83999633789062,184.6999969482422,182.89991760253906,2766000,0.0,0.0
2025-01-22 00:00:00-05:00,186.19000244140625,189.0,185.0,188.6999969482422,186.86094665527344,1832800,0.0,0.0
2025-01-23 00:00:00-05:00,189.0800018310547,191.17999267578125,187.8000030517578,190.42999267578125,188.57406616210938,1487900,0.0,0.0
2025-01-24 00:00:00-05:00,190.1999969482422,190.7100067138672,187.49000549316406,187.97999572753906,186.14793395996094,1314200,0.0,0.0
2025-01-27 00:00:00-05:00,186.1199951171875,187.97999572753906,183.9199981689453,184.9499969482422,183.14747619628906,1177100,0.0,0.0
2025-01-28 00:00:00-05:00,183.92999267578125,184.49000549316406,181.69000244140625,182.88999938964844,181.10755920410156,1030000,0.0,0.0
2025-01-29 00:00:00-05:00,183.3699951171875,184.41000366210938,182.10000610351562,182.52000427246094,180.74118041992188,765000,0.0,0.0
2025-01-30 00:00:00-05:00,183.4600067138672,186.94000244140625,182.9499969482422,186.0,184.187255859375,1120300,0.0,0.0
2025-01-31 00:00:00-05:00,186.07000732421875,186.89999389648438,184.55999755859375,184.55999755859375,182.76129150390625,1117000,0.0,0.0
2025-02-03 00:00:00-05:00,180.61000061035156,184.97000122070312,180.07000732421875,184.1300048828125,182.3354949951172,2025700,0.0,0.0
2025-02-04 00:00:00-05:00,176.0,183.67999267578125,175.63999938964844,180.5,178.7408447265625,3000100,0.0,0.0
2025-02-05 00:00:00-05:00,182.3000030517578,182.4499969482422,178.69000244140625,180.22999572753906,178.47348022460938,2095300,0.0,0.0
2025-02-06 00:00:00-05:00,180.80999755859375,182.9600067138672,180.22999572753906,182.89999389648438,181.11744689941406,1226700,0.0,0.0
2025-02-07 00:00:00-05:00,184.94000244140625,186.39999389648438,182.89999389648438,184.50999450683594,182.71177673339844,1646800,0.0,0.0
2025-02-10 00:00:00-05:00,185.61000061035156,186.52999877929688,182.9600067138672,185.97000122070312,184.15753173828125,1226400,0.0,0.0
2025-02-11 00:00:00-05:00,185.25,186.1300048828125,182.9199981689453,185.32000732421875,183.51388549804688,1139600,0.0,0.0
2025-02-12 00:00:00-05:00,182.92999267578125,186.14999389648438,181.97999572753906,185.5,183.69212341308594,1394700,0.0,0.0
2025-02-13 00:00:00-05:00,185.5800018310547,186.22000122070312,183.74000549316406,184.42999267578125,182.632568359375,855300,0.0,0.0
2025-02-14 00:00:00-05:00,184.11000061035156,185.0,182.69000244140625,183.5399932861328,181.751220703125,1041800,0.0,0.0
2025-02-18 00:00:00-05:00,184.4600067138672,185.36000061035156,182.97000122070312,184.36000061035156,182.56324768066406,1104800,0.0,0.0
2025-02-19 00:00:00-05:00,183.8000030517578,188.89999389648438,183.16000366210938,188.86000061035156,187.01937866210938,1104200,0.0,0.0
2025-02-20 00:00:00-05:00,188.86000061035156,189.2899932861328,187.50999450683594,188.77999877929688,186.94017028808594,1036200,0.0,0.0
2025-02-21 00:00:00-05:00,188.39999389648438,189.19000244140625,184.4600067138672,186.19000244140625,184.37542724609375,1202700,0.0,0.0
2025-02-24 00:00:00-05:00,186.11000061035156,187.82000732421875,184.50999450683594,185.77999877929688,183.9694061279297,1087500,0.0,0.0
2025-02-25 00:00:00-05:00,185.3800048828125,187.88999938964844,184.77000427246094,186.9499969482422,185.12799072265625,1483200,0.0,0.0
2025-02-26 00:00:00-05:00,187.85000610351562,190.1699981689453,187.22000122070312,188.17999267578125,186.34600830078125,1180300,0.0,0.0
2025-02-27 00:00:00-05:00,188.6999969482422,190.25,186.94000244140625,187.3300018310547,185.50428771972656,851400,0.0,0.0
2025-02-28 00:00:00-05:00,188.02999877929688,190.02999877929688,185.91000366210938,189.3000030517578,187.45510864257812,2096800,0.0,0.0
2025-03-03 00:00:00-05:00,190.1699981689453,191.8300018310547,185.60000610351562,186.5500030517578,184.73190307617188,1108200,0.0,0.0
2025-03-04 00:00:00-05:00,184.11000061035156,184.92999267578125,181.75,183.3300018310547,181.5432891845703,1605900,0.0,0.0
2025-03-05 00:00:00-05:00,183.80999755859375,185.75,183.02000427246094,185.0399932861328,183.23660278320312,2119200,0.0,0.0
2025-03-06 00:00:00-05:00,183.75999450683594,184.83999633789062,181.17999267578125,184.13999938964844,182.3453826904297,1436900,0.0,0.0
2025-03-07 00:00:00-05:00,182.99000549316406,184.5,180.97000122070312,183.99000549316406,182.19683837890625,1773300,0.0,0.0
2025-03-10 00:00:00-04:00,181.16000366210938,183.38999938964844,178.5800018310547,179.3699951171875,177.6218719482422,1814000,0.0,0.0
2025-03-11 00:00:00-04:00,179.69000244140625,179.88999938964844,176.67999267578125,178.86000061035156,177.1168212890625,1238500,0.0,0.0
2025-03-12 00:00:00-04:00,180.91000366210938,181.64999389648438,176.6199951171875,177.2100067138672,175.48292541503906,943500,0.0,0.0
2025-03-13 00:00:00-04:00,176.60000610351562,176.9600067138672,172.4199981689453,172.91000366210938,171.22483825683594,1721300,0.0,0.0
2025-03-14 00:00:00-04:00,175.41000366210938,176.44000244140625,173.17999267578125,176.13999938964844,174.7366485595703,1336200,0.31,0.0
2025-03-17 00:00:00-04:00,175.36000061035156,179.88999938964844,175.36000061035156,178.6300048828125,177.206787109375,688200,0.0,0.0
2025-03-18 00:00:00-04:00,177.7899932861328,178.61000061035156,175.6199951171875,176.0800018310547,174.67710876464844,895200,0.0,0.0
2025-03-19 00:00:00-04:00,176.36000061035156,177.97999572753906,175.36000061035156,177.07000732421875,175.6592254638672,1052200,0.0,0.0
2025-03-20 00:00:00-04:00,175.67999267578125,177.39999389648438,175.0,175.92999267578125,174.5282745361328,864200,0.0,0.0
2025-03-21 00:00:00-04:00,174.44000244140625,175.64999389648438,172.67999267578125,174.52000427246094,173.12954711914062,1422600,0.0,0.0
2025-03-24 00:00:00-04:00,176.57000732421875,179.1999969482422,176.47999572753906,178.82000732421875,177.39529418945312,1676500,0.0,0.0
2025-03-25 00:00:00-04:00,179.49000549316406,180.0399932861328,177.94000244140625,179.6999969482422,178.26824951171875,1166300,0.0,0.0
2025-03-26 00:00:00-04:00,178.85000610351562,180.33999633789062,175.97000122070312,176.89999389648438,175.49057006835938,933800,0.0,0.0
2025-03-27 00:00:00-04:00,176.8000030517578,177.5,174.6699981689453,175.55999755859375,174.1612548828125,1586500,0.0,0.0
2025-03-28 00:00:00-04:00,174.88999938964844,175.77000427246094,170.02000427246094,170.38999938964844,169.03244018554688,1101500,0.0,0.0
2025-03-31 00:00:00-04:00,169.0,172.33999633789062,166.9499969482422,172.13999938964844,170.76849365234375,1498800,0.0,0.0
2025-04-01 00:00:00-04:00,171.74000549316406,173.0800018310547,170.1699981689453,171.88999938964844,170.52047729492188,903200,0.0,0.0
2025-04-02 00:00:00-04:00,168.8699951171875,173.02000427246094,168.75999450683594,172.72000122070312,171.3438720703125,2488100,0.0,0.0
2025-04-03 00:00:00-04:00,166.91000366210938,167.52000427246094,161.02000427246094,161.49000549316406,160.20335388183594,1873000,0.0,0.0
2025-04-04 00:00:00-04:00,156.41000366210938,156.99000549316406,151.13999938964844,152.66000366210938,151.44369506835938,2753000,0.0,0.0
2025-04-07 00:00:00-04:00,149.4499969482422,156.6300048828125,145.02000427246094,153.3300018310547,152.1083526611328,3049700,0.0,0.0
2025-04-08 00:00:00-04:00,157.25999450683594,157.58999633789062,148.72000122070312,151.41000366210938,150.2036590576172,2260000,0.0,0.0
2025-04-09 00:00:00-04:00,149.66000366210938,162.3699951171875,148.3000030517578,161.0,159.71725463867188,3174800,0.0,0.0
2025-04-10 00:00:00-04:00,157.7899932861328,159.47000122070312,153.47000122070312,157.4199981689453,156.165771484375,1688900,0.0,0.0
2025-04-11 00:00:00-04:00,156.42999267578125,159.41000366210938,153.52999877929688,158.9499969482422,157.68359375,2007500,0.0,0.0
2025-04-14 00:00:00-04:00,160.9600067138672,162.72999572753906,159.58999633789062,161.36000061035156,160.07440185546875,1133500,0.0,0.0
2025-04-15 00:00:00-04:00,161.52000427246094,162.77000427246094,159.85000610351562,160.2100067138672,158.9335479736328,758200,0.0,0.0
2025-04-16 00:00:00-04:00,158.30999755859375,160.99000549316406,157.42999267578125,158.52000427246094,157.25701904296875,1070100,0.0,0.0
2025-04-17 00:00:00-04:00,159.60000610351562,160.52999877929688,157.4199981689453,157.80999755859375,156.55267333984375,1698800,0.0,0.0
2025-04-21 00:00:00-04:00,156.0,156.3300018310547,153.72999572753906,155.25,154.01304626464844,1075900,0.0,0.0
2025-04-22 00:00:00-04:00,155.5500030517578,159.83999633789062,155.5500030517578,159.64999389648438,158.37799072265625,1659200,0.0,0.0
2025-04-23 00:00:00-04:00,164.05999755859375,165.25,161.5,162.19000244140625,160.8977508544922,1755400,0.0,0.0
2025-04-24 00:00:00-04:00,162.1999969482422,167.6999969482422,162.19000244140625,167.24000549316406,165.9075469970703,1253400,0.0,0.0
2025-04-25 00:00:00-04:00,166.88999938964844,168.0,165.72000122070312,166.69000244140625,165.3619384765625,711100,0.0,0.0
2025-04-28 00:00:00-04:00,166.99000549316406,168.4499969482422,165.07000732421875,166.2899932861328,164.96510314941406,955000,0.0,0.0
2025-04-29 00:00:00-04:00,166.17999267578125,168.88999938964844,165.74000549316406,167.8000030517578,166.46307373046875,948500,0.0,0.0
2025-04-30 00:00:00-04:00,166.72999572753906,169.77999877929688,164.85000610351562,169.5800018310547,168.22889709472656,1654600,0.0,0.0
2025-05-01 00:00:00-04:00,167.9199981689453,169.66000366210938,163.1999969482422,167.25999450683594,165.92738342285156,1861600,0.0,0.0
2025-05-02 00:00:00-04:00,169.83999633789062,170.74000549316406,169.25999450683594,170.07000732421875,168.7150115966797,1160300,0.0,0.0
2025-05-05 00:00:00-04:00,169.1199951171875,171.10000610351562,169.0,170.27000427246094,168.91339111328125,1476400,0.0,0.0
2025-05-06 00:00:00-04:00,168.9499969482422,170.1199951171875,167.75,167.85000610351562,166.51266479492188,777600,0.0,0.0
2025-05-07 00:00:00-04:00,169.19000244140625,170.4499969482422,168.49000549316406,169.7100067138672,168.3578643798828,840900,0.0,0.0
2025-05-08 00:00:00-04:00,170.66000366210938,173.72000122070312,170.47000122070312,171.57000732421875,170.2030487060547,1145000,0.0,0.0
2025-05-09 00:00:00-04:00,172.1999969482422,173.22000122070312,170.9499969482422,171.75,170.38162231445312,1257900,0.0,0.0
2025-05-12 00:00:00-04:00,177.5800018310547,180.50999450683594,176.52000427246094,179.3800048828125,177.9508056640625,2214400,0.0,0.0
2025-05-13 00:00:00-04:00,179.97999572753906,182.3300018310547,179.97999572753906,180.5,179.06187438964844,1582700,0.0,0.0
2025-05-14 00:00:00-04:00,180.1699981689453,180.39999389648438,178.72000122070312,179.36000061035156,177.9309844970703,1254800,0.0,0.0
2025-05-15 00:00:00-04:00,179.22000122070312,180.75,178.7899932861328,180.2100067138672,178.7742156982422,1335200,0.0,0.0
2025-05-16 00:00:00-04:00,180.86000061035156,182.8800048828125,180.14999389648438,182.75,181.29397583007812,1167600,0.0,0.0
2025-05-19 00:00:00-04:00,180.92999267578125,182.44000244140625,180.92999267578125,181.8800048828125,180.43092346191406,949400,0.0,0.0
2025-05-20 00:00:00-04:00,180.4600067138672,181.38999938964844,180.30999755859375,180.8000030517578,179.3594970703125,832800,0.0,0.0
2025-05-21 00:00:00-04:00,179.42999267578125,180.0,177.25,177.67999267578125,176.2643585205078,1270600,0.0,0.0
2025-05-22 00:00:00-04:00,177.0,179.77000427246094,175.85000610351562,178.5399932861328,177.1175079345703,788900,0.0,0.0
2025-05-23 00:00:00-04:00,176.1300048828125,178.50999450683594,175.3800048828125,177.63999938964844,176.22467041015625,1108500,0.0,0.0
2025-05-27 00:00:00-04:00,179.7100067138672,180.97000122070312,178.0,180.80999755859375,179.36941528320312,1178400,0.0,0.0
2025-05-28 00:00:00-04:00,181.32000732421875,181.64999389648438,178.52999877929688,178.97000122070312,177.54408264160156,941800,0.0,0.0
2025-05-29 00:00:00-04:00,179.75,180.55999755859375,178.60000610351562,180.0399932861328,178.6055450439453,1269900,0.0,0.0
2025-05-30 00:00:00-04:00,180.0399932861328,180.44000244140625,177.8699951171875,178.74000549316406,177.31591796875,2078700,0.0,0.0
2025-06-02 00:00:00-04:00,177.83999633789062,177.83999633789062,174.8800048828125,176.32000732421875,174.91519165039062,1220800,0.0,0.0
2025-06-03 00:00:00-04:00,176.22000122070312,177.88999938964844,175.61000061035156,177.7100067138672,176.2941436767578,2114800,0.0,0.0
2025-06-04 00:00:00-04:00,178.60000610351562,178.60000610351562,176.83999633789062,177.2100067138672,175.79811096191406,1106000,0.0,0.0
2025-06-05 00:00:00-04:00,178.10000610351562,178.58999633789062,175.97999572753906,176.92999267578125,175.5203399658203,1112300,0.0,0.0
2025-06-06 00:00:00-04:00,178.60000610351562,179.35000610351562,177.88999938964844,178.35000610351562,176.92901611328125,1041000,0.0,0.0
2025-06-09 00:00:00-04:00,178.75,179.5500030517578,178.05999755859375,178.63999938964844,177.21670532226562,877200,0.0,0.0
2025-06-10 00:00:00-04:00,178.80999755859375,180.0399932861328,178.07000732421875,179.8699951171875,178.43690490722656,1154900,0.0,0.0
2025-06-11 00:00:00-04:00,179.67999267578125,181.72999572753906,178.69000244140625,180.89999389648438,179.4586944580078,1843700,0.0,0.0
2025-06-12 00:00:00-04:00,178.91000366210938,180.39999389648438,178.42999267578125,179.97000122070312,178.53611755371094,1042200,0.0,0.0
2025-06-13 00:00:00-04:00,177.6999969482422,179.02000427246094,176.3699951171875,176.9600067138672,175.85301208496094,1261500,0.31,0.0
2025-06-16 00:00:00-04:00,178.7100067138672,179.17999267578125,177.52000427246094,178.6300048828125,177.51255798339844,1450000,0.0,0.0
2025-06-17 00:00:00-04:00,177.8300018310547,178.13999938964844,175.07000732421875,175.5500030517578,174.4518280029297,967900,0.0,0.0
2025-06-18 00:00:00-04:00,175.50999450683594,178.89999389648438,175.3699951171875,177.75999450683594,176.64801025390625,1332700,0.0,0.0
2025-06-20 00:00:00-04:00,179.58999633789062,179.82000732421875,176.22999572753906,176.69000244140625,175.58470153808594,2794300,0.0,0.0
2025-06-23 00:00:00-04:00,176.17999267578125,177.47999572753906,174.47000122070312,177.27999877929688,176.17100524902344,1461300,0.0,0.0
2025-06-24 00:00:00-04:00,177.27999877929688,179.39999389648438,176.66000366210938,179.24000549316406,178.11874389648438,1523700,0.0,0.0
2025-06-25 00:00:00-04:00,179.0500030517578,179.1199951171875,176.88999938964844,178.0,176.88648986816406,1115900,0.0,0.0
2025-06-26 00:00:00-04:00,178.69000244140625,180.8300018310547,178.25999450683594,179.82000732421875,178.69512939453125,1075000,0.0,0.0
2025-06-27 00:00:00-04:00,180.44000244140625,181.47999572753906,179.6699981689453,180.52999877929688,179.40066528320312,1601300,0.0,0.0
2025-06-30 00:00:00-04:00,180.50999450683594,181.4600067138672,179.57000732421875,180.9600067138672,179.82798767089844,1600800,0.0,0.0
2025-07-01 00:00:00-04:00,180.17999267578125,183.97000122070312,179.50999450683594,183.05999755859375,181.9148406982422,1094500,0.0,0.0
2025-07-02 00:00:00-04:00,182.39999389648438,183.1300048828125,181.6199951171875,181.99000549316406,180.85154724121094,977700,0.0,0.0
2025-07-03 00:00:00-04:00,183.0,184.3699951171875,182.10000610351562,184.19000244140625,183.03778076171875,719300,0.0,0.0
2025-07-07 00:00:00-04:00,183.8300018310547,184.0399932861328,181.17999267578125,182.3699951171875,181.22915649414062,1558800,0.0,0.0
2025-07-08 00:00:00-04:00,182.1699981689453,183.1999969482422,180.8300018310547,181.3300018310547,180.1956787109375,1827300,0.0,0.0
2025-07-09 00:00:00-04:00,182.8300018310547,183.0800018310547,180.08999633789062,182.27999877929688,181.13973999023438,1168600,0.0,0.0
2025-07-10 00:00:00-04:00,182.2100067138672,183.67999267578125,181.1999969482422,181.44000244140625,180.3049774169922,1152400,0.0,0.0
2025-07-11 00:00:00-04:00,180.2899932861328,181.47999572753906,179.77999877929688,180.97000122070312,179.83792114257812,839400,0.0,0.0
2025-07-14 00:00:00-04:00,179.30999755859375,179.99000549316406,177.5800018310547,178.36000061035156,177.24423217773438,1420800,0.0,0.0
2025-07-15 00:00:00-04:00,179.35000610351562,179.35000610351562,176.3300018310547,176.44000244140625,175.3362579345703,1585200,0.0,0.0
2025-07-16 00:00:00-04:00,176.82000732421875,177.2899932861328,174.42999267578125,177.0500030517578,175.94244384765625,1717400,0.0,0.0
2025-07-17 00:00:00-04:00,177.22000122070312,179.83999633789062,176.69000244140625,179.6999969482422,178.5758514404297,1241100,0.0,0.0
2025-07-18 00:00:00-04:00,180.30999755859375,180.30999755859375,178.10000610351562,178.50999450683594,177.39329528808594,1012000,0.0,0.0
2025-07-21 00:00:00-04:00,178.77999877929688,179.7899932861328,177.92999267578125,178.08999633789062,176.97593688964844,1676100,0.0,0.0
2025-07-22 00:00:00-04:00,177.6699981689453,179.32000732421875,177.25999450683594,179.1999969482422,178.07899475097656,1088800,0.0,0.0
2025-07-23 00:00:00-04:00,181.17999267578125,181.6699981689453,180.3300018310547,181.27999877929688,180.14598083496094,751300,0.0,0.0
2025-07-24 00:00:00-04:00,181.35000610351562,181.69000244140625,179.61000061035156,179.72000122070312,178.59573364257812,1545800,0.0,0.0
2025-07-25 00:00:00-04:00,179.9600067138672,180.77999877929688,179.02000427246094,180.08999633789062,178.9634246826172,1566200,0.0,0.0
2025-07-28 00:00:00-04:00,180.63999938964844,180.88999938964844,178.60000610351562,178.83999633789062,177.72125244140625,1394600,0.0,0.0
2025-07-29 00:00:00-04:00,179.35000610351562,179.99000549316406,178.10000610351562,178.9600067138672,177.84048461914062,1473200,0.0,0.0
2025-07-30 00:00:00-04:00,179.50999450683594,180.0800018310547,175.61000061035156,176.75999450683594,175.6542510986328,2286600,0.0,0.0
2025-07-31 00:00:00-04:00,180.97999572753906,189.1999969482422,180.89999389648438,184.85000610351562,183.6936492919922,3163300,0.0,0.0
2025-08-01 00:00:00-04:00,183.02000427246094,184.1300048828125,179.89999389648438,182.36000061035156,181.21922302246094,1725000,0.0,0.0
2025-08-04 00:00:00-04:00,183.4499969482422,185.0399932861328,183.02000427246094,184.49000549316406,183.3358917236328,1959800,0.0,0.0
2025-08-05 00:00:00-04:00,187.80999755859375,190.0,184.25999450683594,184.9499969482422,183.7930145263672,1919800,0.0,0.0
2025-08-06 00:00:00-04:00,184.72000122070312,186.30999755859375,184.0800018310547,185.47000122070312,184.3097686767578,1157400,0.0,0.0
2025-08-07 00:00:00-04:00,187.63999938964844,188.11000061035156,181.8300018310547,182.24000549316406,181.09999084472656,1088300,0.0,0.0
2025-08-08 00:00:00-04:00,183.57000732421875,183.6999969482422,181.52000427246094,182.0800018310547,180.9409637451172,814800,0.0,0.0
2025-08-11 00:00:00-04:00,182.35000610351562,183.10000610351562,181.6199951171875,182.52000427246094,181.3782196044922,810200,0.0,0.0
2025-08-12 00:00:00-04:00,183.0,185.02000427246094,182.10000610351562,184.94000244140625,183.78309631347656,1050800,0.0,0.0
2025-08-13 00:00:00-04:00,185.3300018310547,187.08999633789062,183.77999877929688,186.91000366210938,185.7407684326172,1139700,0.0,0.0
2025-08-14 00:00:00-04:00,185.9499969482422,186.77999877929688,183.9600067138672,184.77999877929688,183.62408447265625,845700,0.0,0.0
2025-08-15 00:00:00-04:00,185.61000061035156,185.61000061035156,181.1699981689453,181.36000061035156,180.22549438476562,1556600,0.0,0.0
2025-08-18 00:00:00-04:00,181.8300018310547,183.07000732421875,181.1300048828125,182.6199951171875,181.47760009765625,1757100,0.0,0.0
2025-08-19 00:00:00-04:00,183.35000610351562,185.3800048828125,182.97999572753906,185.1999969482422,184.0414581298828,1073200,0.0,0.0
2025-08-20 00:00:00-04:00,184.8000030517578,185.55999755859375,183.0800018310547,183.33999633789062,182.19309997558594,874100,0.0,0.0
2025-08-21 00:00:00-04:00,182.55999755859375,184.25999450683594,181.72000122070312,183.44000244140625,182.29244995117188,1030400,0.0,0.0
2025-08-22 00:00:00-04:00,184.33999633789062,188.0,183.86000061035156,186.9499969482422,185.78050231933594,970400,0.0,0.0
2025-08-25 00:00:00-04:00,187.3000030517578,187.80999755859375,184.80999755859375,185.57000732421875,184.4091339111328,962300,0.0,0.0
2025-08-26 00:00:00-04:00,185.11000061035156,186.82000732421875,184.47000122070312,186.77999877929688,185.61158752441406,1922000,0.0,0.0
2025-08-27 00:00:00-04:00,186.3699951171875,187.60000610351562,185.6999969482422,186.5500030517578,185.3830108642578,1061900,0.0,0.0
2025-08-28 00:00:00-04:00,187.88999938964844,187.88999938964844,186.25999450683594,186.72999572753906,185.5618896484375,846500,0.0,0.0
2025-08-29 00:00:00-04:00,186.4199981689453,187.5399932861328,184.47999572753906,184.8000030517578,183.64395141601562,809700,0.0,0.0
2025-09-02 00:00:00-04:00,183.9499969482422,184.82000732421875,182.5,184.80999755859375,183.6538848876953,948100,0.0,0.0
2025-09-03 00:00:00-04:00,183.9600067138672,184.74000549316406,182.25999450683594,184.35000610351562,183.19677734375,892000,0.0,0.0
2025-09-04 00:00:00-04:00,184.3300018310547,187.8800048828125,183.61000061035156,187.8699951171875,186.69476318359375,1105700,0.0,0.0
2025-09-05 00:00:00-04:00,188.97000122070312,189.3000030517578,185.72999572753906,187.4499969482422,186.27735900878906,1064300,0.0,0.0
2025-09-08 00:00:00-04:00,187.6300048828125,188.75999450683594,186.0,188.6699981689453,187.48974609375,1635400,0.0,0.0
2025-09-09 00:00:00-04:00,188.14999389648438,188.6699981689453,185.80999755859375,187.47999572753906,186.3071746826172,937900,0.0,0.0
2025-09-10 00:00:00-04:00,186.58999633789062,189.16000366210938,186.19000244140625,187.41000366210938,186.23765563964844,880100,0.0,0.0
2025-09-11 00:00:00-04:00,187.82000732421875,192.3300018310547,187.60000610351562,192.02999877929688,190.82872009277344,1119200,0.0,0.0
2025-09-12 00:00:00-04:00,191.00999450683594,191.89999389648438,189.75999450683594,189.92999267578125,188.7418670654297,813100,0.0,0.0
2025-09-15 00:00:00-04:00,189.9199981689453,190.5800018310547,187.63999938964844,189.55999755859375,188.68214416503906,925600,0.31,0.0
2025-09-16 00:00:00-04:00,189.42999267578125,189.9499969482422,186.38999938964844,187.27000427246094,186.4027557373047,1060900,0.0,0.0
2025-09-17 00:00:00-04:00,188.1699981689453,188.94000244140625,185.55999755859375,186.25,185.38746643066406,1400300,0.0,0.0
2025-09-18 00:00:00-04:00,187.30999755859375,189.74000549316406,186.5399932861328,188.6999969482422,187.8261260986328,1551900,0.0,0.0
2025-09-19 00:00:00-04:00,189.38999938964844,189.4499969482422,187.3000030517578,187.8699951171875,186.99996948242188,1570700,0.0,0.0
2025-09-22 00:00:00-04:00,187.64999389648438,189.11000061035156,186.88999938964844,188.4499969482422,187.57728576660156,748400,0.0,0.0
2025-09-23 00:00:00-04:00,188.6699981689453,190.0,186.16000366210938,186.67999267578125,185.81546020507812,1474500,0.0,0.0
2025-09-24 00:00:00-04:00,187.00999450683594,187.61000061035156,185.63999938964844,186.1699981689453,185.30783081054688,1199100,0.0,0.0
2025-09-25 00:00:00-04:00,185.1699981689453,185.8699951171875,183.67999267578125,184.38999938964844,183.5360870361328,1112800,0.0,0.0
2025-09-26 00:00:00-04:00,184.9600067138672,186.75,184.16000366210938,186.3800048828125,185.51687622070312,783000,0.0,0.0
2025-09-29 00:00:00-04:00,187.72999572753906,189.17999267578125,186.10000610351562,186.8699951171875,186.00460815429688,1299900,0.0,0.0
2025-09-30 00:00:00-04:00,186.77999877929688,189.00999450683594,186.61000061035156,188.0,187.1293487548828,1836100,0.0,0.0
2025-10-01 00:00:00-04:00,186.8800048828125,189.07000732421875,186.74000549316406,187.44000244140625,186.5719757080078,849300,0.0,0.0
2025-10-02 00:00:00-04:00,187.5399932861328,188.7899932861328,185.4600067138672,186.1300048828125,185.2680206298828,1050800,0.0,0.0
2025-10-03 00:00:00-04:00,186.36000061035156,186.82000732421875,183.55999755859375,183.75,182.8990478515625,1874800,0.0,0.0
2025-10-06 00:00:00-04:00,187.0,187.08999633789062,182.4199981689453,182.99000549316406,182.14256286621094,1360100,0.0,0.0
2025-10-07 00:00:00-04:00,183.97999572753906,183.97999572753906,181.25,181.4199981689453,180.579833984375,1283200,0.0,0.0
2025-10-08 00:00:00-04:00,182.60000610351562,183.3300018310547,180.5,183.19000244140625,182.34164428710938,1359100,0.0,0.0
2025-10-09 00:00:00-04:00,183.89999389648438,184.86000061035156,181.77999877929688,183.30999755859375,182.46109008789062,1051500,0.0,0.0
2025-10-10 00:00:00-04:00,184.0399932861328,185.72999572753906,179.24000549316406,179.27999877929688,178.4497528076172,961600,0.0,0.0
2025-10-13 00:00:00-04:00,180.13999938964844,183.05999755859375,179.7899932861328,182.24000549316406,181.39605712890625,900700,0.0,0.0
2025-10-14 00:00:00-04:00,180.69000244140625,186.72999572753906,180.16000366210938,185.77999877929688,184.91964721679688,1439100,0.0,0.0
2025-10-15 00:00:00-04:00,187.50999450683594,188.1699981689453,183.57000732421875,185.77999877929688,184.91964721679688,1181400,0.0,0.0
2025-10-16 00:00:00-04:00,186.44000244140625,186.82000732421875,183.64999389648438,184.49000549316406,183.6356201171875,781700,0.0,0.0
2025-10-17 00:00:00-04:00,184.14999389648438,186.08999633789062,183.07000732421875,185.47000122070312,184.611083984375,1079700,0.0,0.0
2025-10-20 00:00:00-04:00,186.97000122070312,188.0,186.0,187.38999938964844,186.52220153808594,767500,0.0,0.0
2025-10-21 00:00:00-04:00,187.0,189.33999633789062,186.66000366210938,188.3000030517578,187.427978515625,691300,0.0,0.0
2025-10-22 00:00:00-04:00,188.83999633789062,189.25999450683594,184.88999938964844,184.94000244140625,184.0835418701172,781200,0.0,0.0
2025-10-23 00:00:00-04:00,185.60000610351562,189.77000427246094,185.30999755859375,189.1999969482422,188.3238067626953,1066800,0.0,0.0
2025-10-24 00:00:00-04:00,189.9499969482422,189.9499969482422,186.3800048828125,187.13999938964844,186.27334594726562,1386500,0.0,0.0
2025-10-27 00:00:00-04:00,187.3800048828125,188.4600067138672,185.82000732421875,186.75,185.88516235351562,1106800,0.0,0.0
2025-10-28 00:00:00-04:00,186.72999572753906,187.0,184.05999755859375,185.10000610351562,184.2427978515625,1595700,0.0,0.0
2025-10-29 00:00:00-04:00,185.05999755859375,187.13999938964844,182.8699951171875,184.19000244140625,183.33702087402344,2201800,0.0,0.0
2025-10-30 00:00:00-04:00,196.1699981689453,200.4199981689453,192.27000427246094,198.32000732421875,197.40158081054688,3522800,0.0,0.0
2025-10-31 00:00:00-04:00,198.77000427246094,204.14999389648438,197.77000427246094,202.11000061035156,201.1740264892578,2816600,0.0,0.0
2025-11-03 00:00:00-05:00,201.66000366210938,202.42999267578125,197.05999755859375,198.7100067138672,197.78977966308594,1551800,0.0,0.0
2025-11-04 00:00:00-05:00,196.99000549316406,198.47000122070312,196.39999389648438,198.05999755859375,197.1427764892578,939500,0.0,0.0
2025-11-05 00:00:00-05:00,198.02000427246094,199.80999755859375,197.00999450683594,198.05999755859375,197.1427764892578,1147000,0.0,0.0
2025-11-06 00:00:00-05:00,197.6699981689453,198.72999572753906,195.80999755859375,197.25,196.33653259277344,1084900,0.0,0.0
2025-11-07 00:00:00-05:00,196.67999267578125,197.00999450683594,193.97999572753906,196.2899932861328,195.3809814453125,1417400,0.0,0.0
2025-11-10 00:00:00-05:00,196.6999969482422,198.60000610351562,195.0,198.00999450683594,197.09300231933594,1306900,0.0,0.0
2025-11-11 00:00:00-05:00,197.66000366210938,198.14999389648438,194.4499969482422,197.63999938964844,196.7247314453125,1079200,0.0,0.0
2025-11-12 00:00:00-05:00,198.39999389648438,200.7100067138672,196.6300048828125,196.7899932861328,195.878662109375,1482100,0.0,0.0
2025-11-13 00:00:00-05:00,196.4199981689453,197.27999877929688,193.47000122070312,194.14999389648438,193.25088500976562,1524900,0.0,0.0
2025-11-14 00:00:00-05:00,193.0,194.75999450683594,192.14999389648438,193.36000061035156,192.46453857421875,1731100,0.0,0.0
2025-11-17 00:00:00-05:00,193.88999938964844,195.64999389648438,190.69000244140625,191.19000244140625,190.30459594726562,1656400,0.0,0.0
2025-11-18 00:00:00-05:00,191.00999450683594,191.47999572753906,188.82000732421875,189.89999389648438,189.02056884765625,1619700,0.0,0.0
2025-11-19 00:00:00-05:00,189.6199951171875,192.44000244140625,188.47000122070312,191.57000732421875,190.68283081054688,1420100,0.0,0.0
2025-11-20 00:00:00-05:00,193.88999938964844,194.91000366210938,189.05999755859375,190.02000427246094,189.1400146484375,1619600,0.0,0.0
2025-11-21 00:00:00-05:00,190.41000366210938,196.0,190.25,195.02000427246094,194.1168670654297,1605800,0.0,0.0
2025-11-24 00:00:00-05:00,194.74000549316406,195.99000549316406,194.00999450683594,195.22000122070312,194.31593322753906,2272600,0.0,0.0
2025-11-25 00:00:00-05:00,196.55999755859375,198.11000061035156,194.5,197.22000122070312,196.30667114257812,1219800,0.0,0.0
2025-11-26 00:00:00-05:00,196.9499969482422,197.89999389648438,196.25,196.27999877929688,195.37103271484375,1677900,0.0,0.0
2025-11-28 00:00:00-05:00,196.4199981689453,198.52999877929688,196.10000610351562,197.88999938964844,196.97357177734375,905200,0.0,0.0
2025-12-01 00:00:00-05:00,196.4600067138672,198.27000427246094,195.57000732421875,195.61000061035156,194.70411682128906,1319300,0.0,0.0
2025-12-02 00:00:00-05:00,196.17999267578125,198.27000427246094,195.3000030517578,197.2899932861328,196.3763427734375,1266500,0.0,0.0
2025-12-03 00:00:00-05:00,196.86000061035156,199.36000061035156,195.67999267578125,199.22000122070312,198.2974090576172,960600,0.0,0.0
2025-12-04 00:00:00-05:00,199.1300048828125,200.8800048828125,198.33999633789062,199.22000122070312,198.2974090576172,1029700,0.0,0.0
2025-12-05 00:00:00-05:00,199.0399932861328,201.38999938964844,198.32000732421875,199.8000030517578,199.18466186523438,1562400,0.31,0.0
2025-12-08 00:00:00-05:00,199.2899932861328,201.08999633789062,198.64999389648438,199.25999450683594,198.6463165283203,1072900,0.0,0.0
2025-12-09 00:00:00-05:00,199.42999267578125,199.42999267578125,195.82000732421875,195.97000122070312,195.366455078125,1006000,0.0,0.0
2025-12-10 00:00:00-05:00,196.50999450683594,201.8000030517578,196.0800018310547,200.66000366210938,200.04202270507812,1645500,0.0,0.0
2025-12-11 00:00:00-05:00,200.6199951171875,204.24000549316406,199.8699951171875,203.83999633789062,203.21221923828125,1994800,0.0,0.0
2025-12-12 00:00:00-05:00,204.22000122070312,204.42999267578125,200.6199951171875,201.74000549316406,201.1186981201172,1489900,0.0,0.0
2025-12-15 00:00:00-05:00,201.7100067138672,203.38999938964844,201.3000030517578,203.19000244140625,202.56422424316406,1611300,0.0,0.0
2025-12-16 00:00:00-05:00,202.8000030517578,203.77999877929688,200.8300018310547,201.77999877929688,201.1585693359375,1533600,0.0,0.0
2025-12-17 00:00:00-05:00,200.47999572753906,202.1999969482422,199.07000732421875,199.89999389648438,199.2843475341797,1783200,0.0,0.0
2025-12-18 00:00:00-05:00,201.35000610351562,202.82000732421875,199.99000549316406,201.9600067138672,201.3380126953125,1799500,0.0,0.0
2025-12-19 00:00:00-05:00,203.1699981689453,203.57000732421875,201.75,203.2899932861328,202.66390991210938,3791500,0.0,0.0
2025-12-22 00:00:00-05:00,203.61000061035156,206.3699951171875,203.02999877929688,206.22999572753906,205.5948486328125,1212100,0.0,0.0
2025-12-23 00:00:00-05:00,208.0,210.13999938964844,207.0,208.55999755859375,207.9176788330078,1421200,0.0,0.0
2025-12-24 00:00:00-05:00,209.02999877929688,209.3300018310547,207.99000549316406,208.27999877929688,207.63853454589844,425100,0.0,0.0
2025-12-26 00:00:00-05:00,207.9199981689453,208.49000549316406,207.36000061035156,208.4499969482422,207.8080291748047,498000,0.0,0.0
2025-12-29 00:00:00-05:00,208.30999755859375,208.97999572753906,207.41000366210938,208.69000244140625,208.0472869873047,1081200,0.0,0.0
2025-12-30 00:00:00-05:00,208.0,208.89999389648438,206.91000366210938,207.02999877929688,206.39239501953125,728800,0.0,0.0
