Date,Open,High,Low,Close,Adj Close,Volume,Dividends,Stock Splits
2022-01-04 00:00:00+00:00,746.0,749.0,733.2000122070312,733.4000244140625,732.8662719726562,2376243,0.0,0.0
2022-01-05 00:00:00+00:00,731.2000122070312,735.5999755859375,729.5999755859375,735.5999755859375,735.0645141601562,1204102,0.0,0.0
2022-01-06 00:00:00+00:00,722.0,722.3499755859375,706.0,717.0,716.50439453125,2011672,2.7,0.0
2022-01-07 00:00:00+00:00,717.0,718.2000122070312,707.7999877929688,714.4000244140625,713.9063110351562,1418914,0.0,0.0
2022-01-10 00:00:00+00:00,715.4000244140625,718.25,690.4000244140625,695.2000122070312,694.7195434570312,2257353,0.0,0.0
2022-01-11 00:00:00+00:00,697.7999877929688,709.0,695.4000244140625,707.4000244140625,706.9111328125,2052559,0.0,0.0
2022-01-12 00:00:00+00:00,712.7999877929688,717.7999877929688,709.7999877929688,710.5999755859375,710.10888671875,2070706,0.0,0.0
2022-01-13 00:00:00+00:00,707.5999755859375,714.0,703.0,706.0,705.5120849609375,1863943,0.0,0.0
2022-01-14 00:00:00+00:00,699.2000122070312,703.7999877929688,685.7999877929688,687.5999755859375,687.1246948242188,2230089,0.0,0.0
2022-01-17 00:00:00+00:00,690.5999755859375,699.2000122070312,684.7999877929688,692.0,691.521728515625,2240241,0.0,0.0
2022-01-18 00:00:00+00:00,690.7999877929688,693.5999755859375,672.7999877929688,684.7999877929688,684.32666015625,2191727,0.0,0.0
2022-01-19 00:00:00+00:00,678.0,695.4000244140625,674.4000244140625,688.5999755859375,688.1240234375,7299008,0.0,0.0
2022-01-20 00:00:00+00:00,695.7999877929688,695.7999877929688,682.4000244140625,690.0,689.5230102539062,2233919,0.0,0.0
2022-01-21 00:00:00+00:00,682.2000122070312,690.0,678.5999755859375,683.5999755859375,683.12744140625,3791664,0.0,0.0
2022-01-24 00:00:00+00:00,680.0,684.2000122070312,654.948974609375,659.2000122070312,658.744384765625,9618048,0.0,0.0
2022-01-25 00:00:00+00:00,663.7999877929688,664.0,635.4000244140625,635.4000244140625,634.9609985351562,3470786,0.0,0.0
2022-01-26 00:00:00+00:00,639.7999877929688,650.0,635.0,645.7999877929688,645.3536987304688,1875147,0.0,0.0
2022-01-27 00:00:00+00:00,631.7999877929688,650.2000122070312,631.2000122070312,648.5999755859375,648.1517333984375,2609112,0.0,0.0
2022-01-28 00:00:00+00:00,643.7999877929688,657.0,641.2000122070312,653.4000244140625,652.9484252929688,4722489,0.0,0.0
2022-01-31 00:00:00+00:00,660.7999877929688,670.5999755859375,659.0,667.5999755859375,667.1384887695312,2315488,0.0,0.0
2022-02-01 00:00:00+00:00,667.7999877929688,680.7999877929688,667.7999877929688,675.5999755859375,675.1329956054688,1609668,0.0,0.0
2022-02-02 00:00:00+00:00,697.4000244140625,707.4000244140625,692.0,692.0,691.521728515625,2762223,0.0,0.0
2022-02-03 00:00:00+00:00,684.7999877929688,689.7999877929688,661.2000122070312,661.2000122070312,660.742919921875,1959356,0.0,0.0
2022-02-04 00:00:00+00:00,663.0,670.0,651.7999877929688,654.0,653.5479125976562,3749500,0.0,0.0
2022-02-07 00:00:00+00:00,658.2000122070312,661.7999877929688,652.0,654.0,653.5479125976562,1521790,0.0,0.0
2022-02-08 00:00:00+00:00,652.2000122070312,652.5999755859375,634.5999755859375,645.5999755859375,645.1537475585938,2287300,0.0,0.0
2022-02-09 00:00:00+00:00,650.0,660.2000122070312,650.0,656.7999877929688,656.3460693359375,2166089,0.0,0.0
2022-02-10 00:00:00+00:00,658.5999755859375,659.5999755859375,646.0,647.7999877929688,647.352294921875,2515290,0.0,0.0
2022-02-11 00:00:00+00:00,640.2000122070312,646.0,634.551025390625,637.0,636.5596923828125,5140254,0.0,0.0
2022-02-14 00:00:00+00:00,630.0,641.5999755859375,628.2000122070312,638.2000122070312,637.7589721679688,2479230,0.0,0.0
2022-02-15 00:00:00+00:00,637.4000244140625,651.7999877929688,637.4000244140625,650.0,649.55078125,2160800,0.0,0.0
2022-02-16 00:00:00+00:00,648.0,650.0,635.2000122070312,640.5999755859375,640.1572875976562,2612718,0.0,0.0
2022-02-17 00:00:00+00:00,641.0,645.7999877929688,627.7999877929688,634.0,633.5618286132812,1728877,0.0,0.0
2022-02-18 00:00:00+00:00,633.7999877929688,638.4000244140625,629.2000122070312,633.0,632.5625610351562,2118625,0.0,0.0
2022-02-21 00:00:00+00:00,635.4000244140625,636.7999877929688,623.5999755859375,625.4000244140625,624.9677124023438,1070997,0.0,0.0
2022-02-22 00:00:00+00:00,616.5999755859375,638.2000122070312,614.0,632.7999877929688,632.3626098632812,1927637,0.0,0.0
2022-02-23 00:00:00+00:00,634.5999755859375,643.7999877929688,632.0,634.0,633.5618286132812,2068045,0.0,0.0
2022-02-24 00:00:00+00:00,618.7999877929688,634.5999755859375,615.4000244140625,631.4000244140625,630.9636840820312,7064682,0.0,0.0
2022-02-25 00:00:00+00:00,643.5999755859375,657.7999877929688,639.0,655.2000122070312,654.747314453125,3528362,0.0,0.0
2022-02-28 00:00:00+00:00,647.0,667.7999877929688,646.5999755859375,663.0,662.5418090820312,9710480,0.0,0.0
2022-03-01 00:00:00+00:00,665.5999755859375,669.2000122070312,656.2000122070312,663.7999877929688,663.3411254882812,4069049,0.0,0.0
2022-03-02 00:00:00+00:00,660.5999755859375,680.5999755859375,660.5999755859375,666.2000122070312,665.7396240234375,4196381,0.0,0.0
2022-03-03 00:00:00+00:00,660.2000122070312,666.7999877929688,643.0,643.0,642.5556030273438,2607955,0.0,0.0
2022-03-04 00:00:00+00:00,634.5999755859375,647.4000244140625,626.2000122070312,626.2000122070312,625.7672119140625,4250166,0.0,0.0
2022-03-07 00:00:00+00:00,612.2000122070312,634.4000244140625,602.4000244140625,634.4000244140625,633.9615478515625,4627813,0.0,0.0
2022-03-08 00:00:00+00:00,625.4000244140625,635.2000122070312,617.0,626.0,625.5674438476562,6050399,0.0,0.0
2022-03-09 00:00:00+00:00,638.2000122070312,669.4000244140625,632.7999877929688,669.4000244140625,668.9374389648438,4935087,0.0,0.0
2022-03-10 00:00:00+00:00,662.5999755859375,669.5999755859375,642.5999755859375,647.7999877929688,647.352294921875,3313958,0.0,0.0
2022-03-11 00:00:00+00:00,647.0,659.4000244140625,643.0,643.7999877929688,643.3550415039062,1647981,0.0,0.0
2022-03-14 00:00:00+00:00,646.5999755859375,647.2000122070312,634.4000244140625,643.5999755859375,643.1550903320312,3233767,0.0,0.0
2022-03-15 00:00:00+00:00,638.7999877929688,646.4000244140625,632.2000122070312,645.2000122070312,644.7540283203125,3032590,0.0,0.0
2022-03-16 00:00:00+00:00,655.0,669.2000122070312,651.7999877929688,667.5999755859375,667.1384887695312,6510352,0.0,0.0
2022-03-17 00:00:00+00:00,676.5999755859375,681.5999755859375,670.5999755859375,677.4000244140625,676.931884765625,3771352,0.0,0.0
2022-03-18 00:00:00+00:00,681.7999877929688,684.4000244140625,668.2000122070312,684.4000244140625,683.9269409179688,4484564,0.0,0.0
2022-03-21 00:00:00+00:00,678.4000244140625,684.0,674.4000244140625,676.4000244140625,675.9324951171875,2170084,0.0,0.0
2022-03-22 00:00:00+00:00,677.2000122070312,682.0,642.7999877929688,646.7999877929688,646.3529663085938,3951625,0.0,0.0
2022-03-23 00:00:00+00:00,647.4000244140625,650.7999877929688,631.5999755859375,642.7999877929688,642.3558349609375,4626287,0.0,0.0
2022-03-24 00:00:00+00:00,643.7999877929688,656.0,641.4000244140625,653.5999755859375,653.1482543945312,3374021,0.0,0.0
2022-03-25 00:00:00+00:00,661.4000244140625,662.760009765625,644.4000244140625,644.7999877929688,644.3543090820312,2205103,0.0,0.0
2022-03-28 00:00:00+01:00,646.0,647.4000244140625,634.0,643.2000122070312,642.7554321289062,2689632,0.0,0.0
2022-03-29 00:00:00+01:00,654.5999755859375,665.4000244140625,647.2000122070312,656.7999877929688,656.3460693359375,1791508,0.0,0.0
2022-03-30 00:00:00+01:00,655.7999877929688,655.7999877929688,635.5999755859375,641.7999877929688,641.3563842773438,5485367,0.0,0.0
2022-03-31 00:00:00+01:00,646.5999755859375,649.4000244140625,632.5999755859375,632.7999877929688,632.3626098632812,2897006,0.0,0.0
2022-04-01 00:00:00+01:00,636.0,645.5999755859375,633.2000122070312,638.2000122070312,637.7589721679688,2789890,0.0,0.0
2022-04-04 00:00:00+01:00,640.0,653.0,634.2000122070312,650.0,649.55078125,2205665,0.0,0.0
2022-04-05 00:00:00+01:00,650.7999877929688,663.5999755859375,647.0,660.5999755859375,660.1434936523438,6447481,0.0,0.0
2022-04-06 00:00:00+01:00,659.7999877929688,662.2000122070312,649.4000244140625,650.7999877929688,650.3501586914062,2581865,0.0,0.0
2022-04-07 00:00:00+01:00,653.0,654.4000244140625,645.4000244140625,649.4000244140625,648.951171875,5895844,0.0,0.0
2022-04-08 00:00:00+01:00,658.0,658.0,638.4000244140625,644.2000122070312,643.7548217773438,1370533,0.0,0.0
2022-04-11 00:00:00+01:00,640.7999877929688,642.0,630.4000244140625,634.2000122070312,633.76171875,1670165,0.0,0.0
2022-04-12 00:00:00+01:00,630.0,647.2000122070312,628.7999877929688,638.2000122070312,637.7589721679688,2605808,0.0,0.0
2022-04-13 00:00:00+01:00,642.2000122070312,644.5999755859375,636.2100219726562,642.2000122070312,641.7560424804688,1113594,0.0,0.0
2022-04-14 00:00:00+01:00,641.5999755859375,650.219970703125,641.0,644.7999877929688,644.3543090820312,2750724,0.0,0.0
2022-04-19 00:00:00+01:00,642.4000244140625,645.5999755859375,635.2000122070312,642.0,641.556396484375,2401362,0.0,0.0
2022-04-20 00:00:00+01:00,638.2000122070312,646.5999755859375,635.7999877929688,640.0,639.5577392578125,2807197,0.0,0.0
2022-04-21 00:00:00+01:00,639.7999877929688,646.2000122070312,632.0,636.5999755859375,636.1600341796875,2086468,0.0,0.0
2022-04-22 00:00:00+01:00,629.7999877929688,638.7999877929688,627.7999877929688,633.7999877929688,633.3618774414062,6191920,0.0,0.0
2022-04-25 00:00:00+01:00,628.7999877929688,634.7999877929688,613.2000122070312,632.4000244140625,631.9630126953125,2689588,0.0,0.0
2022-04-26 00:00:00+01:00,637.5999755859375,638.5999755859375,618.4000244140625,618.7999877929688,618.372314453125,3729170,0.0,0.0
2022-04-27 00:00:00+01:00,620.2000122070312,624.2000122070312,611.0,618.4000244140625,617.9725952148438,2810026,0.0,0.0
2022-04-28 00:00:00+01:00,623.0,633.0,622.0,633.0,632.5625610351562,4647302,0.0,0.0
2022-04-29 00:00:00+01:00,633.7999877929688,638.7999877929688,631.4000244140625,634.7999877929688,634.3612060546875,2126496,0.0,0.0
2022-05-03 00:00:00+01:00,632.0,638.0,627.5999755859375,634.5999755859375,634.1612548828125,2439013,0.0,0.0
2022-05-04 00:00:00+01:00,629.7999877929688,634.2000122070312,624.7999877929688,626.4000244140625,625.967041015625,2741148,0.0,0.0
2022-05-05 00:00:00+01:00,638.0,638.7999877929688,615.7999877929688,615.7999877929688,615.3743286132812,1729321,0.0,0.0
2022-05-06 00:00:00+01:00,612.4000244140625,615.5999755859375,577.4000244140625,579.4000244140625,578.9995727539062,2992442,0.0,0.0
2022-05-09 00:00:00+01:00,575.7999877929688,578.7999877929688,556.5999755859375,560.4000244140625,560.0126953125,3186015,0.0,0.0
2022-05-10 00:00:00+01:00,566.7999877929688,568.7999877929688,550.5999755859375,550.5999755859375,550.2194213867188,2955792,0.0,0.0
2022-05-11 00:00:00+01:00,553.7999877929688,561.0,548.0,557.2000122070312,556.8148803710938,3896055,0.0,0.0
2022-05-12 00:00:00+01:00,545.7999877929688,553.2000122070312,537.0,552.5999755859375,552.2181396484375,4714565,0.0,0.0
2022-05-13 00:00:00+01:00,555.7999877929688,559.7999877929688,538.4000244140625,559.7999877929688,559.4131469726562,1616036,0.0,0.0
2022-05-16 00:00:00+01:00,558.5999755859375,561.4000244140625,553.0,556.4000244140625,556.0155029296875,1591023,0.0,0.0
2022-05-17 00:00:00+01:00,556.5999755859375,571.5999755859375,553.0,564.0,563.6101684570312,1390778,0.0,0.0
2022-05-18 00:00:00+01:00,567.2000122070312,574.4080200195312,556.5999755859375,556.5999755859375,556.2152709960938,2101400,0.0,0.0
2022-05-19 00:00:00+01:00,549.4000244140625,556.5999755859375,531.2000122070312,536.5999755859375,536.2291259765625,2973422,0.0,0.0
2022-05-20 00:00:00+01:00,540.0,550.5999755859375,537.2000122070312,550.5999755859375,550.2194213867188,2518985,0.0,0.0
2022-05-23 00:00:00+01:00,558.5999755859375,563.5999755859375,555.0,556.5999755859375,556.2152709960938,4126090,0.0,0.0
2022-05-24 00:00:00+01:00,552.7999877929688,560.7999877929688,550.0,553.4000244140625,553.017578125,3139962,0.0,0.0
2022-05-25 00:00:00+01:00,558.5999755859375,570.4000244140625,553.7999877929688,566.0,565.6087646484375,3332894,0.0,0.0
2022-05-26 00:00:00+01:00,573.4000244140625,586.0,571.0,581.0,580.598388671875,6079276,0.0,0.0
2022-05-27 00:00:00+01:00,590.7999877929688,591.5999755859375,570.5999755859375,576.7999877929688,576.4014282226562,3878314,0.0,0.0
2022-05-30 00:00:00+01:00,581.2000122070312,596.4000244140625,580.5999755859375,590.7999877929688,590.3916625976562,8531875,0.0,0.0
2022-05-31 00:00:00+01:00,589.5999755859375,592.25,584.2000122070312,589.5999755859375,589.1925048828125,6689810,0.0,0.0
2022-06-01 00:00:00+01:00,593.4000244140625,600.0,582.0880126953125,586.7999877929688,586.3943481445312,4535430,0.0,0.0
2022-06-06 00:00:00+01:00,591.0,592.4000244140625,581.0,589.5999755859375,589.1925048828125,2289037,0.0,0.0
2022-06-07 00:00:00+01:00,587.5999755859375,589.0,572.5999755859375,576.5999755859375,576.2014770507812,4204953,0.0,0.0
2022-06-08 00:00:00+01:00,577.7999877929688,580.5999755859375,567.5999755859375,570.7999877929688,570.405517578125,2874034,0.0,0.0
2022-06-09 00:00:00+01:00,565.4000244140625,566.5999755859375,557.7319946289062,558.4000244140625,558.01416015625,2534428,0.0,0.0
2022-06-10 00:00:00+01:00,553.5999755859375,555.7999877929688,547.0,552.5999755859375,552.2181396484375,2725806,0.0,0.0
2022-06-13 00:00:00+01:00,543.2000122070312,546.7999877929688,530.7999877929688,533.0,532.631591796875,3718848,0.0,0.0
2022-06-14 00:00:00+01:00,539.0,539.0,513.1430053710938,513.4000244140625,513.0452270507812,5397972,0.0,0.0
2022-06-15 00:00:00+01:00,518.4000244140625,523.4000244140625,512.5999755859375,522.0,521.6392822265625,4581844,0.0,0.0
2022-06-16 00:00:00+01:00,518.5999755859375,518.5999755859375,499.5,499.5,499.1547546386719,3776904,0.0,0.0
2022-06-17 00:00:00+01:00,501.0,517.2000122070312,499.3999938964844,517.0,516.6426391601562,7680762,0.0,0.0
2022-06-20 00:00:00+01:00,519.7999877929688,526.2000122070312,515.5999755859375,526.2000122070312,525.8363037109375,2146770,0.0,0.0
2022-06-21 00:00:00+01:00,526.2000122070312,531.7999877929688,525.0,529.4000244140625,529.0341186523438,4368423,0.0,0.0
2022-06-22 00:00:00+01:00,522.5999755859375,538.0,516.5999755859375,536.5999755859375,536.2291259765625,5555176,0.0,0.0
2022-06-23 00:00:00+01:00,532.0,533.7999877929688,522.7999877929688,531.2000122070312,530.8328247070312,2509880,0.0,0.0
2022-06-24 00:00:00+01:00,533.7999877929688,552.4000244140625,533.7999877929688,550.0,549.6199340820312,5356294,0.0,0.0
2022-06-27 00:00:00+01:00,555.0,556.0,543.7999877929688,551.5999755859375,551.2186889648438,2435675,0.0,0.0
2022-06-28 00:00:00+01:00,552.7999877929688,561.4000244140625,549.7999877929688,552.4000244140625,552.0182495117188,5669012,0.0,0.0
2022-06-29 00:00:00+01:00,545.2000122070312,556.4000244140625,540.5999755859375,551.0,550.6192016601562,2345130,0.0,0.0
2022-06-30 00:00:00+01:00,542.5999755859375,557.4000244140625,540.7999877929688,555.0,554.616455078125,3484261,0.0,0.0
2022-07-01 00:00:00+01:00,547.7999877929688,552.5999755859375,536.4000244140625,542.2000122070312,541.8253784179688,2063027,0.0,0.0
2022-07-04 00:00:00+01:00,553.5999755859375,560.0,550.0,559.5999755859375,559.2131958007812,2151770,0.0,0.0
2022-07-05 00:00:00+01:00,560.2000122070312,566.4000244140625,557.5999755859375,563.2000122070312,562.810791015625,5420610,0.0,0.0
2022-07-06 00:00:00+01:00,572.5999755859375,590.5999755859375,571.0,587.2000122070312,586.7943115234375,4097527,0.0,0.0
2022-07-07 00:00:00+01:00,590.7999877929688,592.5999755859375,583.2000122070312,584.2000122070312,583.7962646484375,2126496,0.0,0.0
2022-07-08 00:00:00+01:00,585.5999755859375,594.2000122070312,581.7999877929688,592.0,591.5907592773438,1948794,0.0,0.0
2022-07-11 00:00:00+01:00,582.4000244140625,591.7999877929688,580.0,590.2000122070312,589.7921142578125,1487349,0.0,0.0
2022-07-12 00:00:00+01:00,584.4000244140625,587.2000122070312,580.7999877929688,586.0,585.5950317382812,2432540,0.0,0.0
2022-07-13 00:00:00+01:00,585.0,585.5999755859375,563.0,570.7999877929688,570.405517578125,2039928,0.0,0.0
2022-07-14 00:00:00+01:00,571.5999755859375,574.2000122070312,560.2000122070312,567.4000244140625,567.0079345703125,2481590,0.0,0.0
2022-07-15 00:00:00+01:00,564.4000244140625,578.2000122070312,562.2000122070312,578.2000122070312,577.8004760742188,1838947,0.0,0.0
2022-07-18 00:00:00+01:00,581.2000122070312,592.5999755859375,578.2000122070312,588.0,587.5936279296875,4530393,0.0,0.0
2022-07-19 00:00:00+01:00,584.0,592.0,578.4000244140625,589.7999877929688,589.3923950195312,1275293,0.0,0.0
2022-07-20 00:00:00+01:00,595.5999755859375,601.0,592.2000122070312,600.4000244140625,599.985107421875,1417746,0.0,0.0
2022-07-21 00:00:00+01:00,603.4000244140625,618.0,600.7999877929688,615.2000122070312,614.7747802734375,1958789,0.0,0.0
2022-07-22 00:00:00+01:00,614.7999877929688,620.7999877929688,609.7999877929688,612.4000244140625,611.976806640625,2189386,0.0,0.0
2022-07-25 00:00:00+01:00,609.4000244140625,611.4000244140625,602.7999877929688,603.5999755859375,603.1828002929688,1392868,0.0,0.0
2022-07-26 00:00:00+01:00,606.7999877929688,608.7999877929688,593.5999755859375,598.2000122070312,597.7865600585938,2128669,0.0,0.0
2022-07-27 00:00:00+01:00,600.0,612.4000244140625,590.4000244140625,612.4000244140625,611.976806640625,3995899,0.0,0.0
2022-07-28 00:00:00+01:00,616.2000122070312,624.4000244140625,612.0,622.4000244140625,621.9697875976562,1689790,0.0,0.0
2022-07-29 00:00:00+01:00,622.7999877929688,632.5999755859375,622.5999755859375,629.5999755859375,629.164794921875,2224087,0.0,0.0
2022-08-01 00:00:00+01:00,634.0,647.0,630.4000244140625,646.2000122070312,645.7533569335938,1472569,0.0,0.0
2022-08-02 00:00:00+01:00,644.4000244140625,645.8109741210938,624.2000122070312,630.4000244140625,629.9642333984375,1981472,0.0,0.0
2022-08-03 00:00:00+01:00,630.7999877929688,651.4000244140625,629.7999877929688,649.4000244140625,648.951171875,3955903,0.0,0.0
2022-08-04 00:00:00+01:00,650.4000244140625,668.0,650.4000244140625,664.2000122070312,663.7409057617188,2034444,0.0,0.0
2022-08-05 00:00:00+01:00,667.4000244140625,672.0,653.2000122070312,653.4000244140625,652.9484252929688,1707034,0.0,0.0
2022-08-08 00:00:00+01:00,655.5999755859375,666.2000122070312,655.5999755859375,661.7999877929688,661.3426513671875,3354227,0.0,0.0
2022-08-09 00:00:00+01:00,663.7999877929688,666.5999755859375,644.2000122070312,644.2000122070312,643.7548217773438,3763499,0.0,0.0
2022-08-10 00:00:00+01:00,642.2000122070312,663.2000122070312,636.0,663.2000122070312,662.74169921875,4592796,0.0,0.0
2022-08-11 00:00:00+01:00,663.5999755859375,672.947998046875,658.5999755859375,664.4000244140625,663.9407958984375,5201162,0.0,0.0
2022-08-12 00:00:00+01:00,662.0,662.0,656.4000244140625,658.7999877929688,658.3446655273438,4375383,0.0,0.0
2022-08-15 00:00:00+01:00,653.7999877929688,669.2000122070312,652.52197265625,664.7999877929688,664.3405151367188,1492255,0.0,0.0
2022-08-16 00:00:00+01:00,667.5999755859375,667.5999755859375,652.7999877929688,658.0,657.5452880859375,2112589,0.0,0.0
2022-08-17 00:00:00+01:00,662.5999755859375,663.5999755859375,656.5999755859375,658.4000244140625,657.9449462890625,1935506,0.0,0.0
2022-08-18 00:00:00+01:00,658.5999755859375,667.4000244140625,654.2000122070312,667.4000244140625,666.9387817382812,2654213,0.0,0.0
2022-08-19 00:00:00+01:00,664.2000122070312,681.0,662.4000244140625,675.0,674.5335083007812,5759240,0.0,0.0
2022-08-22 00:00:00+01:00,673.2000122070312,677.0,662.2000122070312,672.0,671.5355834960938,2239276,0.0,0.0
2022-08-23 00:00:00+01:00,669.2000122070312,676.0,651.4000244140625,660.7999877929688,660.34326171875,2956567,0.0,0.0
2022-08-24 00:00:00+01:00,658.7999877929688,666.4000244140625,653.7999877929688,666.2000122070312,665.7396240234375,3327235,0.0,0.0
2022-08-25 00:00:00+01:00,663.4000244140625,665.0,655.0,663.2000122070312,662.7964477539062,851060,5.5,0.0
2022-08-26 00:00:00+01:00,664.2000122070312,664.4000244140625,650.0,650.5999755859375,650.2039184570312,1475805,0.0,0.0
2022-08-30 00:00:00+01:00,642.4000244140625,661.0,639.7249755859375,648.4000244140625,648.0054321289062,3209045,0.0,0.0
2022-08-31 00:00:00+01:00,655.2000122070312,657.7999877929688,644.0,651.7999877929688,651.4033203125,2845089,0.0,0.0
2022-09-01 00:00:00+01:00,644.0,652.5999755859375,628.7999877929688,631.0,630.6159057617188,2606831,0.0,0.0
2022-09-02 00:00:00+01:00,636.4000244140625,647.4000244140625,633.7999877929688,647.4000244140625,647.0059204101562,3361799,0.0,0.0
2022-09-05 00:00:00+01:00,638.7999877929688,641.2000122070312,626.7999877929688,632.4000244140625,632.01513671875,5357164,0.0,0.0
2022-09-06 00:00:00+01:00,632.4000244140625,654.4000244140625,632.4000244140625,639.0,638.611083984375,3140827,0.0,0.0
2022-09-07 00:00:00+01:00,637.2000122070312,644.2000122070312,628.4000244140625,644.2000122070312,643.8079223632812,3062587,0.0,0.0
2022-09-08 00:00:00+01:00,645.5999755859375,645.5999755859375,627.0,640.4000244140625,640.01025390625,4003155,0.0,0.0
2022-09-09 00:00:00+01:00,651.4000244140625,660.5999755859375,648.2000122070312,658.4000244140625,657.999267578125,2256436,0.0,0.0
2022-09-12 00:00:00+01:00,660.7999877929688,669.0,659.0,669.0,668.5927734375,7698727,0.0,0.0
2022-09-13 00:00:00+01:00,668.0,668.9600219726562,643.0,643.0,642.6085815429688,2950848,0.0,0.0
2022-09-14 00:00:00+01:00,641.5999755859375,641.5999755859375,615.0,622.7999877929688,622.4209594726562,2830838,0.0,0.0
2022-09-15 00:00:00+01:00,623.7999877929688,631.4000244140625,618.7999877929688,620.7999877929688,620.4220581054688,2910994,0.0,0.0
2022-09-16 00:00:00+01:00,620.7999877929688,621.4000244140625,606.5999755859375,614.2000122070312,613.8261108398438,10800773,0.0,0.0
2022-09-20 00:00:00+01:00,610.2000122070312,613.5999755859375,598.2000122070312,602.5999755859375,602.2332153320312,2133925,0.0,0.0
2022-09-21 00:00:00+01:00,598.0,613.4000244140625,597.0,613.4000244140625,613.0267333984375,5086554,0.0,0.0
2022-09-22 00:00:00+01:00,602.4000244140625,612.5999755859375,599.0,599.0,598.6354370117188,2534445,0.0,0.0
2022-09-23 00:00:00+01:00,598.2000122070312,600.4000244140625,573.2000122070312,575.4000244140625,575.0498046875,2526299,0.0,0.0
2022-09-26 00:00:00+01:00,576.5999755859375,581.7999877929688,569.2000122070312,576.5999755859375,576.2490844726562,3920026,0.0,0.0
2022-09-27 00:00:00+01:00,578.5999755859375,585.0,549.4000244140625,549.7999877929688,549.46533203125,5202703,0.0,0.0
2022-09-28 00:00:00+01:00,543.4000244140625,546.0,518.7999877929688,541.0,540.670654296875,6179891,0.0,0.0
2022-09-29 00:00:00+01:00,535.0,538.2780151367188,490.20001220703125,495.1000061035156,494.79864501953125,6709269,0.0,0.0
2022-09-30 00:00:00+01:00,495.5,516.5999755859375,488.70001220703125,515.0,514.6865234375,4263568,0.0,0.0
2022-10-03 00:00:00+01:00,507.0,526.7999877929688,503.0,523.2000122070312,522.881591796875,3101384,0.0,0.0
2022-10-04 00:00:00+01:00,528.7999877929688,538.5999755859375,521.2000122070312,535.7999877929688,535.4738159179688,4026417,0.0,0.0
2022-10-05 00:00:00+01:00,534.0,544.4000244140625,529.0,544.4000244140625,544.0687255859375,4269161,0.0,0.0
2022-10-06 00:00:00+01:00,548.7999877929688,549.5999755859375,534.5999755859375,537.2000122070312,536.873046875,3111053,0.0,0.0
2022-10-07 00:00:00+01:00,535.0,535.0,520.5999755859375,523.5999755859375,523.28125,2725312,0.0,0.0
2022-10-10 00:00:00+01:00,520.0,537.0,518.4000244140625,530.7999877929688,530.4769287109375,5149693,0.0,0.0
2022-10-11 00:00:00+01:00,527.7999877929688,533.4000244140625,521.5999755859375,524.5999755859375,524.2807006835938,4411679,0.0,0.0
2022-10-12 00:00:00+01:00,518.2000122070312,525.2000122070312,508.3999938964844,516.4000244140625,516.085693359375,2348246,0.0,0.0
2022-10-13 00:00:00+01:00,510.6000061035156,530.0,506.6000061035156,522.5999755859375,522.2819213867188,2669418,0.0,0.0
2022-10-14 00:00:00+01:00,526.7999877929688,538.4000244140625,523.5999755859375,523.5999755859375,523.28125,2747993,0.0,0.0
2022-10-17 00:00:00+01:00,523.0,539.0,514.7999877929688,530.7999877929688,530.4769287109375,3401358,0.0,0.0
2022-10-18 00:00:00+01:00,533.7999877929688,538.4000244140625,526.4000244140625,532.7999877929688,532.4757080078125,1632833,0.0,0.0
2022-10-19 00:00:00+01:00,534.2000122070312,534.2000122070312,507.6000061035156,517.7999877929688,517.4848022460938,2462158,0.0,0.0
2022-10-20 00:00:00+01:00,514.4000244140625,519.0,503.6000061035156,518.2000122070312,517.8846435546875,3171236,0.0,0.0
2022-10-21 00:00:00+01:00,510.3999938964844,513.4000244140625,479.79998779296875,486.20001220703125,485.9040832519531,5085596,0.0,0.0
2022-10-24 00:00:00+01:00,493.1000061035156,510.6000061035156,493.1000061035156,502.0,501.6944274902344,3437343,0.0,0.0
2022-10-25 00:00:00+01:00,503.79998779296875,515.5999755859375,496.5,512.7999877929688,512.4879150390625,4650967,0.0,0.0
2022-10-26 00:00:00+01:00,508.3999938964844,524.4000244140625,506.20001220703125,524.4000244140625,524.080810546875,2893816,0.0,0.0
2022-10-27 00:00:00+01:00,518.2000122070312,532.4000244140625,515.0,527.5999755859375,527.2788696289062,2994757,0.0,0.0
2022-10-28 00:00:00+01:00,518.7999877929688,524.4000244140625,513.2000122070312,520.4000244140625,520.0833740234375,2080588,0.0,0.0
2022-10-31 00:00:00+00:00,525.2000122070312,528.4000244140625,519.0,521.5999755859375,521.282470703125,3891265,0.0,0.0
2022-11-01 00:00:00+00:00,535.4000244140625,544.7999877929688,531.5999755859375,534.4000244140625,534.0748291015625,2768296,0.0,0.0
2022-11-02 00:00:00+00:00,529.2000122070312,540.2000122070312,527.7999877929688,529.2000122070312,528.8778686523438,3269013,0.0,0.0
2022-11-03 00:00:00+00:00,519.5999755859375,528.2000122070312,514.7999877929688,528.2000122070312,527.8784790039062,1428220,0.0,0.0
2022-11-04 00:00:00+00:00,530.7999877929688,545.0,528.4000244140625,540.5999755859375,540.2709350585938,1985662,0.0,0.0
2022-11-07 00:00:00+00:00,537.5999755859375,543.1820068359375,534.5999755859375,535.5999755859375,535.2739868164062,2727180,0.0,0.0
2022-11-08 00:00:00+00:00,535.2000122070312,548.4000244140625,530.7999877929688,547.2000122070312,546.8670043945312,4797079,0.0,0.0
2022-11-09 00:00:00+00:00,545.2000122070312,557.2000122070312,543.4000244140625,554.0,553.662841796875,3110329,0.0,0.0
2022-11-10 00:00:00+00:00,555.5999755859375,577.7999877929688,521.5999755859375,571.0,570.6524658203125,5891580,0.0,0.0
2022-11-11 00:00:00+00:00,570.7999877929688,576.7999877929688,563.2000122070312,574.5999755859375,574.2503051757812,2403254,0.0,0.0
2022-11-14 00:00:00+00:00,573.4000244140625,579.2000122070312,570.4000244140625,573.4000244140625,573.051025390625,2345355,0.0,0.0
2022-11-15 00:00:00+00:00,576.0,579.0,566.7999877929688,574.0,573.650634765625,3023176,0.0,0.0
2022-11-16 00:00:00+00:00,572.0,576.2000122070312,550.4000244140625,555.7999877929688,555.461669921875,3697512,0.0,0.0
2022-11-17 00:00:00+00:00,556.7999877929688,564.5999755859375,552.5999755859375,559.0,558.6597900390625,1696912,0.0,0.0
2022-11-18 00:00:00+00:00,559.4000244140625,570.0,554.4000244140625,566.7999877929688,566.4549560546875,3040440,0.0,0.0
2022-11-21 00:00:00+00:00,564.0,573.2000122070312,560.2000122070312,570.2000122070312,569.8529663085938,2411801,0.0,0.0
2022-11-22 00:00:00+00:00,566.2000122070312,572.7999877929688,563.0,570.5999755859375,570.2526245117188,2661185,0.0,0.0
2022-11-23 00:00:00+00:00,572.5999755859375,585.2000122070312,566.5999755859375,580.7999877929688,580.4464721679688,3656927,0.0,0.0
2022-11-24 00:00:00+00:00,581.4000244140625,592.7999877929688,578.4000244140625,587.0,586.6427612304688,3212182,0.0,0.0
2022-11-25 00:00:00+00:00,583.7999877929688,584.7999877929688,576.4000244140625,577.4000244140625,577.0486450195312,4477344,0.0,0.0
2022-11-28 00:00:00+00:00,575.5999755859375,579.0,570.5999755859375,571.4000244140625,571.0521850585938,2740204,0.0,0.0
2022-11-29 00:00:00+00:00,574.4000244140625,575.4000244140625,564.7999877929688,564.7999877929688,564.456298828125,4259460,0.0,0.0
2022-11-30 00:00:00+00:00,570.0,570.7999877929688,563.2000122070312,565.7999877929688,565.4555053710938,4092283,0.0,0.0
2022-12-01 00:00:00+00:00,574.5999755859375,586.5999755859375,574.5999755859375,576.7999877929688,576.448974609375,3337801,0.0,0.0
2022-12-02 00:00:00+00:00,575.7999877929688,583.0,568.2000122070312,575.2000122070312,574.8499145507812,2744773,0.0,0.0
2022-12-05 00:00:00+00:00,575.7999877929688,582.7999877929688,574.0,580.0,579.6470336914062,2382597,0.0,0.0
2022-12-06 00:00:00+00:00,578.0,580.5999755859375,566.0,568.2000122070312,567.8541870117188,1566420,0.0,0.0
2022-12-07 00:00:00+00:00,567.2000122070312,569.7999877929688,559.7999877929688,559.7999877929688,559.4593505859375,2690203,0.0,0.0
2022-12-08 00:00:00+00:00,559.7999877929688,562.4000244140625,551.2000122070312,557.0,556.6609497070312,2476749,0.0,0.0
2022-12-09 00:00:00+00:00,559.2000122070312,565.0,557.0,562.2000122070312,561.8577880859375,2277732,0.0,0.0
2022-12-12 00:00:00+00:00,558.4000244140625,564.5999755859375,556.0,557.0,556.6609497070312,1850537,0.0,0.0
2022-12-13 00:00:00+00:00,558.7999877929688,578.5999755859375,551.7999877929688,569.4000244140625,569.0535278320312,3478058,0.0,0.0
2022-12-14 00:00:00+00:00,566.0,566.0,556.7999877929688,563.7999877929688,563.4568481445312,2340133,0.0,0.0
2022-12-15 00:00:00+00:00,559.0,562.5999755859375,550.7999877929688,550.7999877929688,550.4646606445312,2924910,0.0,0.0
2022-12-16 00:00:00+00:00,551.2000122070312,551.2000122070312,532.0,534.4000244140625,534.0748291015625,5320978,0.0,0.0
2022-12-19 00:00:00+00:00,536.2000122070312,536.5999755859375,521.7999877929688,521.7999877929688,521.4824829101562,1981782,0.0,0.0
2022-12-20 00:00:00+00:00,516.0,521.0,510.79998779296875,520.0,519.6834716796875,5977484,0.0,0.0
2022-12-21 00:00:00+00:00,521.7999877929688,525.7999877929688,516.7999877929688,524.7999877929688,524.4805908203125,2209134,0.0,0.0
2022-12-22 00:00:00+00:00,525.7999877929688,529.0,518.7999877929688,521.7999877929688,521.4824829101562,2320838,0.0,0.0
2022-12-23 00:00:00+00:00,525.5999755859375,525.5999755859375,518.2000122070312,518.2000122070312,517.8846435546875,923068,0.0,0.0
2022-12-28 00:00:00+00:00,516.0,522.7999877929688,511.0,521.0,520.682861328125,2385514,0.0,0.0
2022-12-29 00:00:00+00:00,523.0,527.4000244140625,517.2000122070312,527.4000244140625,527.0790405273438,1598422,0.0,0.0
2022-12-30 00:00:00+00:00,523.5999755859375,525.2000122070312,515.5999755859375,515.5999755859375,515.2861938476562,1009566,0.0,0.0
2023-01-03 00:00:00+00:00,520.2000122070312,531.0,517.4000244140625,520.4000244140625,520.0833740234375,2142906,0.0,0.0
2023-01-04 00:00:00+00:00,523.2000122070312,533.5999755859375,521.5999755859375,525.4000244140625,525.0802001953125,3577192,0.0,0.0
2023-01-05 00:00:00+00:00,521.2000122070312,537.2000122070312,520.0,534.4000244140625,534.103271484375,1701225,2.8000002,0.0
2023-01-06 00:00:00+00:00,534.7999877929688,539.7999877929688,527.4000244140625,539.7999877929688,539.5001831054688,2115760,0.0,0.0
2023-01-09 00:00:00+00:00,542.2000122070312,547.2000122070312,535.5999755859375,547.2000122070312,546.8961181640625,2293343,0.0,0.0
2023-01-10 00:00:00+00:00,543.7999877929688,550.7999877929688,539.5999755859375,549.7999877929688,549.49462890625,2548977,0.0,0.0
2023-01-11 00:00:00+00:00,550.7999877929688,557.2000122070312,548.4000244140625,551.5999755859375,551.2935180664062,2809447,0.0,0.0
2023-01-12 00:00:00+00:00,553.2000122070312,557.0,547.0,552.5999755859375,552.2931518554688,3400886,0.0,0.0
2023-01-13 00:00:00+00:00,553.0,560.7999877929688,550.2000122070312,559.4000244140625,559.08935546875,2178351,0.0,0.0
2023-01-16 00:00:00+00:00,559.7999877929688,565.4000244140625,558.4000244140625,565.4000244140625,565.0859985351562,1487529,0.0,0.0
2023-01-17 00:00:00+00:00,564.5999755859375,565.7999877929688,557.0,559.5999755859375,559.2891845703125,1744635,0.0,0.0
2023-01-18 00:00:00+00:00,558.5999755859375,572.7999877929688,558.5999755859375,566.7999877929688,566.4851684570312,2399154,0.0,0.0
2023-01-19 00:00:00+00:00,577.0,586.2000122070312,569.9000244140625,572.5999755859375,572.2819213867188,5375810,0.0,0.0
2023-01-20 00:00:00+00:00,575.5999755859375,585.0,571.4000244140625,583.5999755859375,583.2758178710938,2480708,0.0,0.0
2023-01-23 00:00:00+00:00,584.2000122070312,588.7999877929688,583.7999877929688,587.5999755859375,587.2735595703125,1604133,0.0,0.0
2023-01-24 00:00:00+00:00,590.0,596.5999755859375,588.0399780273438,593.5999755859375,593.2703247070312,1928973,0.0,0.0
2023-01-25 00:00:00+00:00,590.4000244140625,593.5999755859375,583.5999755859375,588.5999755859375,588.2731323242188,2021997,0.0,0.0
2023-01-26 00:00:00+00:00,593.5999755859375,600.7999877929688,591.5999755859375,591.5999755859375,591.2713012695312,2095075,0.0,0.0
2023-01-27 00:00:00+00:00,593.4000244140625,604.4000244140625,588.5999755859375,604.4000244140625,604.0642700195312,3263437,0.0,0.0
2023-01-30 00:00:00+00:00,607.7999877929688,621.4000244140625,602.5999755859375,621.2000122070312,620.8550415039062,5777612,0.0,0.0
2023-01-31 00:00:00+00:00,620.5999755859375,627.7999877929688,616.7999877929688,627.0,626.6517333984375,5513992,0.0,0.0
2023-02-01 00:00:00+00:00,624.0,631.0,615.4000244140625,615.4000244140625,615.0582275390625,4046438,0.0,0.0
2023-02-02 00:00:00+00:00,621.0,640.5999755859375,616.5999755859375,636.5999755859375,636.2464599609375,2997209,0.0,0.0
2023-02-03 00:00:00+00:00,634.2000122070312,638.2000122070312,624.2000122070312,638.2000122070312,637.8456420898438,3279606,0.0,0.0
2023-02-06 00:00:00+00:00,633.7999877929688,635.5999755859375,621.5999755859375,622.4000244140625,622.0543212890625,2859248,0.0,0.0
2023-02-07 00:00:00+00:00,620.0,628.0,615.5999755859375,615.7999877929688,615.4579467773438,2669775,0.0,0.0
2023-02-08 00:00:00+00:00,616.5999755859375,627.2000122070312,614.7999877929688,614.7999877929688,614.45849609375,2386002,0.0,0.0
2023-02-09 00:00:00+00:00,617.5999755859375,624.7999877929688,615.5999755859375,620.2000122070312,619.8555908203125,1978871,0.0,0.0
2023-02-10 00:00:00+00:00,617.4000244140625,621.4000244140625,602.0,607.2000122070312,606.8627319335938,2033673,0.0,0.0
2023-02-13 00:00:00+00:00,610.2000122070312,610.583984375,602.7999877929688,607.5999755859375,607.2625122070312,2702809,0.0,0.0
2023-02-14 00:00:00+00:00,609.4000244140625,613.7999877929688,603.4000244140625,605.0,604.6639404296875,1861720,0.0,0.0
2023-02-15 00:00:00+00:00,608.0,615.5999755859375,606.5999755859375,614.2000122070312,613.8588256835938,1316385,0.0,0.0
2023-02-16 00:00:00+00:00,617.5999755859375,617.5999755859375,607.5999755859375,608.4000244140625,608.0620727539062,3777265,0.0,0.0
2023-02-17 00:00:00+00:00,602.4000244140625,604.5999755859375,597.4000244140625,600.2000122070312,599.86669921875,2949616,0.0,0.0
2023-02-20 00:00:00+00:00,601.5999755859375,605.4000244140625,597.0,597.0,596.66845703125,1432589,0.0,0.0
2023-02-21 00:00:00+00:00,594.2000122070312,601.4000244140625,589.2000122070312,595.4000244140625,595.0693969726562,5168155,0.0,0.0
2023-02-22 00:00:00+00:00,593.5999755859375,597.0,587.0,596.2000122070312,595.868896484375,3431199,0.0,0.0
2023-02-23 00:00:00+00:00,596.5999755859375,604.9760131835938,596.2000122070312,601.5999755859375,601.265869140625,2345975,0.0,0.0
2023-02-24 00:00:00+00:00,603.0,605.0,594.5999755859375,596.4000244140625,596.06884765625,6253647,0.0,0.0
2023-02-27 00:00:00+00:00,600.4000244140625,604.0,596.4000244140625,597.0,596.66845703125,1459996,0.0,0.0
2023-02-28 00:00:00+00:00,594.2000122070312,598.7999877929688,592.0,595.4000244140625,595.0693969726562,2883183,0.0,0.0
2023-03-01 00:00:00+00:00,593.7999877929688,600.2000122070312,591.5999755859375,591.5999755859375,591.2713012695312,2210031,0.0,0.0
2023-03-02 00:00:00+00:00,589.0,591.5999755859375,584.4000244140625,588.7999877929688,588.4729614257812,1609421,0.0,0.0
2023-03-03 00:00:00+00:00,589.5999755859375,592.4000244140625,583.4000244140625,588.7999877929688,588.4729614257812,1700258,0.0,0.0
2023-03-06 00:00:00+00:00,588.0,590.7999877929688,585.0,590.7999877929688,590.4718627929688,2894072,0.0,0.0
2023-03-07 00:00:00+00:00,590.2000122070312,600.02001953125,589.4000244140625,593.5999755859375,593.2703247070312,1595421,0.0,0.0
2023-03-08 00:00:00+00:00,590.0,591.0,583.0,590.2000122070312,589.8721923828125,3715759,0.0,0.0
2023-03-09 00:00:00+00:00,588.0,593.4000244140625,583.5999755859375,589.4000244140625,589.0726318359375,3807811,0.0,0.0
2023-03-10 00:00:00+00:00,585.4000244140625,585.5999755859375,568.7999877929688,575.5999755859375,575.2802124023438,5198809,0.0,0.0
2023-03-13 00:00:00+00:00,577.5999755859375,579.4000244140625,565.5999755859375,569.7999877929688,569.4834594726562,4893524,0.0,0.0
2023-03-14 00:00:00+00:00,572.2000122070312,589.7999877929688,570.2000122070312,585.2000122070312,584.875,2884457,0.0,0.0
2023-03-15 00:00:00+00:00,586.4000244140625,586.4000244140625,572.0,577.5999755859375,577.2791748046875,5461173,0.0,0.0
2023-03-16 00:00:00+00:00,580.4000244140625,593.0,576.4019775390625,589.5999755859375,589.2725219726562,4102266,0.0,0.0
2023-03-17 00:00:00+00:00,593.2000122070312,597.4000244140625,583.4000244140625,587.0,586.6740112304688,5264855,0.0,0.0
2023-03-20 00:00:00+00:00,584.0,590.5999755859375,579.5999755859375,588.7999877929688,588.4729614257812,1746021,0.0,0.0
2023-03-21 00:00:00+00:00,592.5999755859375,598.0,590.4000244140625,597.4000244140625,597.0681762695312,2615249,0.0,0.0
2023-03-22 00:00:00+00:00,599.2000122070312,602.7999877929688,593.0,599.5999755859375,599.2669677734375,1491401,0.0,0.0
2023-03-23 00:00:00+00:00,599.2000122070312,607.7999877929688,597.4000244140625,607.5999755859375,607.2625122070312,4378310,0.0,0.0
2023-03-24 00:00:00+00:00,606.0,607.39697265625,591.7999877929688,594.0,593.6701049804688,2592943,0.0,0.0
2023-03-27 00:00:00+01:00,599.5999755859375,601.2000122070312,593.7999877929688,593.7999877929688,593.4702758789062,2147216,0.0,0.0
2023-03-28 00:00:00+01:00,595.0,595.2000122070312,584.4000244140625,586.0,585.6744995117188,2125280,0.0,0.0
2023-03-29 00:00:00+01:00,587.4000244140625,595.0,585.0,593.5999755859375,593.2703247070312,1048181,0.0,0.0
2023-03-30 00:00:00+01:00,596.2000122070312,605.4000244140625,596.2000122070312,604.7999877929688,604.464111328125,909090,0.0,0.0
2023-03-31 00:00:00+01:00,605.5999755859375,617.4000244140625,602.5999755859375,616.2000122070312,615.8577880859375,3149954,0.0,0.0
2023-04-03 00:00:00+01:00,613.0,614.7999877929688,607.7999877929688,613.0,612.6595458984375,3135656,0.0,0.0
2023-04-04 00:00:00+01:00,620.0,627.0,617.0,619.5999755859375,619.255859375,3242090,0.0,0.0
2023-04-05 00:00:00+01:00,619.4000244140625,619.4000244140625,594.5999755859375,594.5999755859375,594.2697143554688,2962953,0.0,0.0
2023-04-06 00:00:00+01:00,592.4000244140625,599.7999877929688,590.7620239257812,598.7999877929688,598.4673461914062,1244480,0.0,0.0
2023-04-11 00:00:00+01:00,598.7999877929688,607.4000244140625,598.7999877929688,605.2000122070312,604.8638916015625,1443566,0.0,0.0
2023-04-12 00:00:00+01:00,605.5999755859375,610.5999755859375,602.5999755859375,602.5999755859375,602.2653198242188,2595380,0.0,0.0
2023-04-13 00:00:00+01:00,603.5999755859375,617.2000122070312,603.5999755859375,615.0,614.658447265625,1919506,0.0,0.0
2023-04-14 00:00:00+01:00,618.0,624.5999755859375,616.7999877929688,620.0,619.6556396484375,1176261,0.0,0.0
2023-04-17 00:00:00+01:00,623.2000122070312,631.4000244140625,623.2000122070312,627.5999755859375,627.2514038085938,1183924,0.0,0.0
2023-04-18 00:00:00+01:00,628.0,630.4000244140625,622.0,624.7999877929688,624.4529418945312,1410804,0.0,0.0
2023-04-19 00:00:00+01:00,622.2000122070312,624.2000122070312,618.0,620.5999755859375,620.2553100585938,1135812,0.0,0.0
2023-04-20 00:00:00+01:00,621.0,622.7999877929688,614.4000244140625,622.7999877929688,622.4541015625,1688878,0.0,0.0
2023-04-21 00:00:00+01:00,620.5999755859375,630.2000122070312,620.4000244140625,630.2000122070312,629.8499755859375,1469757,0.0,0.0
2023-04-24 00:00:00+01:00,629.0,637.0,628.4000244140625,634.2000122070312,633.8478393554688,1332809,0.0,0.0
2023-04-25 00:00:00+01:00,631.2000122070312,636.2000122070312,631.0,632.2000122070312,631.8489379882812,2820467,0.0,0.0
2023-04-26 00:00:00+01:00,631.7999877929688,634.4000244140625,623.4000244140625,631.2000122070312,630.8494262695312,2338199,0.0,0.0
2023-04-27 00:00:00+01:00,629.4000244140625,633.2000122070312,625.0,631.0,630.6495361328125,1584248,0.0,0.0
2023-04-28 00:00:00+01:00,628.0,636.2000122070312,628.0,635.5999755859375,635.2470092773438,1891098,0.0,0.0
2023-05-02 00:00:00+01:00,637.2000122070312,644.0,634.4000244140625,642.2000122070312,641.84326171875,4299483,0.0,0.0
2023-05-03 00:00:00+01:00,640.0,646.7999877929688,637.4000244140625,640.5999755859375,640.2442626953125,3332784,0.0,0.0
2023-05-04 00:00:00+01:00,638.7999877929688,641.5999755859375,633.2000122070312,639.2000122070312,638.8450317382812,1855986,0.0,0.0
2023-05-05 00:00:00+01:00,640.2000122070312,643.7999877929688,637.4000244140625,643.0,642.642822265625,1537702,0.0,0.0
2023-05-09 00:00:00+01:00,643.2000122070312,643.7999877929688,624.5999755859375,625.7999877929688,625.4525146484375,2258050,0.0,0.0
2023-05-10 00:00:00+01:00,626.2000122070312,628.0,621.2000122070312,627.7999877929688,627.4512329101562,2998929,0.0,0.0
2023-05-11 00:00:00+01:00,630.0,634.2000122070312,629.2000122070312,632.7999877929688,632.4485473632812,2125809,0.0,0.0
2023-05-12 00:00:00+01:00,635.0,635.5999755859375,628.4000244140625,631.0,630.6495361328125,1864087,0.0,0.0
2023-05-15 00:00:00+01:00,632.0,637.2000122070312,630.4000244140625,635.0,634.6473388671875,1190204,0.0,0.0
2023-05-16 00:00:00+01:00,634.2000122070312,634.7999877929688,627.5999755859375,629.0,628.650634765625,1195499,0.0,0.0
2023-05-17 00:00:00+01:00,627.0,638.0,625.5999755859375,637.4000244140625,637.0460205078125,2442633,0.0,0.0
2023-05-18 00:00:00+01:00,641.5999755859375,641.7999877929688,637.2000122070312,641.7999877929688,641.4435424804688,2971207,0.0,0.0
2023-05-19 00:00:00+01:00,641.7999877929688,645.7999877929688,638.5999755859375,639.0,638.6451416015625,1952354,0.0,0.0
2023-05-22 00:00:00+01:00,645.0,645.7999877929688,634.2000122070312,637.7999877929688,637.44580078125,3110035,0.0,0.0
2023-05-23 00:00:00+01:00,636.2000122070312,639.0,622.7999877929688,622.7999877929688,622.4541015625,2562717,0.0,0.0
2023-05-24 00:00:00+01:00,619.2000122070312,619.2000122070312,607.4000244140625,615.2000122070312,614.8583374023438,3643551,0.0,0.0
2023-05-25 00:00:00+01:00,614.0,619.7999877929688,612.2000122070312,615.0,614.658447265625,2696271,0.0,0.0
2023-05-26 00:00:00+01:00,615.5999755859375,631.0,611.2000122070312,626.4000244140625,626.0521240234375,3248222,0.0,0.0
2023-05-30 00:00:00+01:00,628.4000244140625,628.8400268554688,620.0,621.4000244140625,621.0548706054688,2526172,0.0,0.0
2023-05-31 00:00:00+01:00,618.0,634.2000122070312,617.0,630.0,629.650146484375,16052023,0.0,0.0
2023-06-01 00:00:00+01:00,623.0,626.7999877929688,595.7999877929688,608.5999755859375,608.261962890625,5703672,0.0,0.0
2023-06-02 00:00:00+01:00,616.7999877929688,619.0,609.4000244140625,617.0,616.6572875976562,4930372,0.0,0.0
2023-06-05 00:00:00+01:00,616.7999877929688,619.5999755859375,609.2000122070312,610.5999755859375,610.2608642578125,1581383,0.0,0.0
2023-06-06 00:00:00+01:00,610.4000244140625,617.2000122070312,610.2000122070312,617.2000122070312,616.8572998046875,1628883,0.0,0.0
2023-06-07 00:00:00+01:00,617.7999877929688,625.0,614.5999755859375,619.0,618.6561889648438,2057181,0.0,0.0
2023-06-08 00:00:00+01:00,610.5999755859375,612.4400024414062,606.2000122070312,610.0,609.6612548828125,2622961,0.0,0.0
2023-06-09 00:00:00+01:00,610.7999877929688,618.0,605.4000244140625,617.7999877929688,617.4569091796875,5312077,0.0,0.0
2023-06-12 00:00:00+01:00,622.4000244140625,637.0,620.5999755859375,637.0,636.646240234375,2019223,0.0,0.0
2023-06-13 00:00:00+01:00,640.7999877929688,644.4000244140625,635.7999877929688,638.0,637.6456298828125,2286975,0.0,0.0
2023-06-14 00:00:00+01:00,637.4000244140625,646.2000122070312,635.9199829101562,640.7999877929688,640.444091796875,3058633,0.0,0.0
2023-06-15 00:00:00+01:00,641.5999755859375,644.0,634.5999755859375,637.5999755859375,637.2457885742188,2847076,0.0,0.0
2023-06-16 00:00:00+01:00,636.0,646.5999755859375,636.0,642.7999877929688,642.4429931640625,7414059,0.0,0.0
2023-06-19 00:00:00+01:00,642.0,642.0,631.0,634.5999755859375,634.2474365234375,1796327,0.0,0.0
2023-06-20 00:00:00+01:00,631.2000122070312,634.0,624.5999755859375,625.4000244140625,625.0526123046875,5509197,0.0,0.0
2023-06-21 00:00:00+01:00,622.0,622.4000244140625,609.5999755859375,609.5999755859375,609.2614135742188,3050233,0.0,0.0
2023-06-22 00:00:00+01:00,603.5999755859375,604.5999755859375,580.2000122070312,589.2000122070312,588.872802734375,3308233,0.0,0.0
2023-06-23 00:00:00+01:00,587.7999877929688,592.5999755859375,586.5999755859375,591.5999755859375,591.2713012695312,1454684,0.0,0.0
2023-06-26 00:00:00+01:00,593.4000244140625,596.4000244140625,586.7999877929688,594.0,593.6701049804688,1267310,0.0,0.0
2023-06-27 00:00:00+01:00,594.5999755859375,602.7999877929688,594.2000122070312,602.7999877929688,602.4651489257812,1919671,0.0,0.0
2023-06-28 00:00:00+01:00,603.5999755859375,613.4000244140625,602.0,608.0,607.662353515625,2713397,0.0,0.0
2023-06-29 00:00:00+01:00,604.2000122070312,611.0,603.5999755859375,606.5999755859375,606.2631225585938,2134357,0.0,0.0
2023-06-30 00:00:00+01:00,603.2000122070312,612.4000244140625,603.2000122070312,610.4000244140625,610.06103515625,3555988,0.0,0.0
2023-07-03 00:00:00+01:00,611.0,611.4000244140625,602.7999877929688,607.2000122070312,606.8627319335938,1873506,0.0,0.0
2023-07-04 00:00:00+01:00,605.7999877929688,607.7999877929688,601.4000244140625,606.7999877929688,606.4630126953125,3022680,0.0,0.0
2023-07-05 00:00:00+01:00,608.4000244140625,612.0,603.7999877929688,605.4000244140625,605.0638427734375,1961938,0.0,0.0
2023-07-06 00:00:00+01:00,604.7999877929688,605.5999755859375,593.2000122070312,596.0,595.6689453125,2234413,0.0,0.0
2023-07-07 00:00:00+01:00,596.4000244140625,597.4000244140625,589.0,597.4000244140625,597.0681762695312,1768386,0.0,0.0
2023-07-10 00:00:00+01:00,593.7999877929688,599.4000244140625,593.4000244140625,597.2000122070312,596.8682250976562,5180511,0.0,0.0
2023-07-11 00:00:00+01:00,600.0,600.4000244140625,594.5999755859375,598.7999877929688,598.4673461914062,3184032,0.0,0.0
2023-07-12 00:00:00+01:00,599.7999877929688,618.0,595.5999755859375,616.2000122070312,615.8577880859375,1771025,0.0,0.0
2023-07-13 00:00:00+01:00,619.0,626.4000244140625,615.2000122070312,625.5999755859375,625.2525634765625,2926382,0.0,0.0
2023-07-14 00:00:00+01:00,624.5999755859375,637.4000244140625,624.5999755859375,634.5999755859375,634.2474365234375,1458553,0.0,0.0
2023-07-17 00:00:00+01:00,630.5999755859375,638.2000122070312,628.2000122070312,636.2000122070312,635.8467407226562,4692605,0.0,0.0
2023-07-18 00:00:00+01:00,636.0,640.5999755859375,634.0,639.4000244140625,639.0448608398438,2138611,0.0,0.0
2023-07-19 00:00:00+01:00,642.7999877929688,661.4000244140625,642.7999877929688,660.5999755859375,660.233154296875,2853095,0.0,0.0
2023-07-20 00:00:00+01:00,656.7999877929688,663.5999755859375,654.7999877929688,656.2000122070312,655.8355102539062,3721777,0.0,0.0
2023-07-21 00:00:00+01:00,653.7999877929688,656.0,648.4000244140625,649.5999755859375,649.2391967773438,2416273,0.0,0.0
2023-07-24 00:00:00+01:00,646.7999877929688,655.2000122070312,645.2000122070312,650.0,649.638916015625,1106680,0.0,0.0
2023-07-25 00:00:00+01:00,632.5999755859375,636.7999877929688,621.2000122070312,634.7999877929688,634.4474487304688,3262654,0.0,0.0
2023-07-26 00:00:00+01:00,633.7999877929688,641.2000122070312,630.7999877929688,641.2000122070312,640.8439331054688,1556465,0.0,0.0
2023-07-27 00:00:00+01:00,643.7999877929688,649.5999755859375,641.4000244140625,641.4000244140625,641.0438232421875,2091614,0.0,0.0
2023-07-28 00:00:00+01:00,638.2000122070312,643.2000122070312,628.2000122070312,642.7999877929688,642.4429931640625,1431817,0.0,0.0
2023-07-31 00:00:00+01:00,641.7999877929688,650.5999755859375,639.9920043945312,646.0,645.6411743164062,2383463,0.0,0.0
2023-08-01 00:00:00+01:00,645.7999877929688,651.4000244140625,643.198974609375,651.4000244140625,651.0382080078125,1512300,0.0,0.0
2023-08-02 00:00:00+01:00,635.5999755859375,645.5999755859375,633.0,635.2000122070312,634.8472290039062,2517304,0.0,0.0
2023-08-03 00:00:00+01:00,632.0,637.2000122070312,625.4000244140625,632.2000122070312,631.8489379882812,1135671,0.0,0.0
2023-08-04 00:00:00+01:00,629.7999877929688,632.0,622.2000122070312,627.5999755859375,627.2514038085938,1285485,0.0,0.0
2023-08-07 00:00:00+01:00,623.7999877929688,630.4000244140625,616.7999877929688,621.5999755859375,621.2547607421875,1254348,0.0,0.0
2023-08-08 00:00:00+01:00,625.5999755859375,629.7999877929688,621.4000244140625,621.5999755859375,621.2547607421875,1104923,0.0,0.0
2023-08-09 00:00:00+01:00,628.5999755859375,632.4000244140625,622.0,624.0,623.6533813476562,1515727,0.0,0.0
2023-08-10 00:00:00+01:00,626.2000122070312,634.364990234375,625.0,633.0,632.6484985351562,2264071,0.0,0.0
2023-08-11 00:00:00+01:00,629.4000244140625,633.4000244140625,622.5999755859375,622.5999755859375,622.254150390625,2057675,0.0,0.0
2023-08-14 00:00:00+01:00,626.7999877929688,626.7999877929688,616.2000122070312,624.0,623.6533813476562,2669516,0.0,0.0
2023-08-15 00:00:00+01:00,626.2000122070312,633.4000244140625,610.7999877929688,616.5999755859375,616.2575073242188,1891708,0.0,0.0
2023-08-16 00:00:00+01:00,616.0,617.0,608.2000122070312,612.4000244140625,612.0599365234375,1466192,0.0,0.0
2023-08-17 00:00:00+01:00,600.2000122070312,610.2000122070312,600.2000122070312,602.2000122070312,601.8655395507812,1117390,0.0,0.0
2023-08-18 00:00:00+01:00,601.2000122070312,602.0,591.0,598.0,597.6678466796875,1385021,0.0,0.0
2023-08-21 00:00:00+01:00,597.2000122070312,597.2000122070312,586.2000122070312,590.5999755859375,590.27197265625,2398646,0.0,0.0
2023-08-22 00:00:00+01:00,593.0,596.5999755859375,590.2000122070312,591.0,590.6718139648438,2079693,0.0,0.0
2023-08-23 00:00:00+01:00,592.2000122070312,600.4000244140625,591.4000244140625,598.7999877929688,598.4673461914062,1743701,0.0,0.0
2023-08-24 00:00:00+01:00,602.7999877929688,602.7999877929688,592.2000122070312,592.4000244140625,592.1263427734375,1306279,5.6000004,0.0
2023-08-25 00:00:00+01:00,587.7999877929688,594.5999755859375,584.7999877929688,587.0,586.7288818359375,1033078,0.0,0.0
2023-08-29 00:00:00+01:00,589.0,604.2000122070312,585.5999755859375,604.2000122070312,603.9208984375,5165909,0.0,0.0
2023-08-30 00:00:00+01:00,603.7999877929688,608.7999877929688,601.2000122070312,606.0,605.7200927734375,1339678,0.0,0.0
2023-08-31 00:00:00+01:00,607.2000122070312,611.7999877929688,605.239990234375,606.4000244140625,606.119873046875,3465077,0.0,0.0
2023-09-01 00:00:00+01:00,611.0,611.7999877929688,605.2000122070312,607.4000244140625,607.1194458007812,1092749,0.0,0.0
2023-09-04 00:00:00+01:00,610.2000122070312,611.4000244140625,603.2000122070312,603.2000122070312,602.9214477539062,737795,0.0,0.0
2023-09-05 00:00:00+01:00,598.5999755859375,601.0,596.4000244140625,596.4000244140625,596.1245727539062,3939416,0.0,0.0
2023-09-06 00:00:00+01:00,593.7999877929688,598.2000122070312,592.4000244140625,595.5999755859375,595.3248901367188,1590631,0.0,0.0
2023-09-07 00:00:00+01:00,593.4000244140625,606.5999755859375,589.4000244140625,599.4000244140625,599.1231689453125,2794037,0.0,0.0
2023-09-08 00:00:00+01:00,602.4000244140625,605.4000244140625,598.4000244140625,602.2000122070312,601.9218139648438,823531,0.0,0.0
2023-09-11 00:00:00+01:00,601.7999877929688,608.4000244140625,599.4000244140625,603.5999755859375,603.3211059570312,899541,0.0,0.0
2023-09-12 00:00:00+01:00,600.4000244140625,605.7999877929688,597.2000122070312,599.0,598.7233276367188,822439,0.0,0.0
2023-09-13 00:00:00+01:00,598.2000122070312,599.7999877929688,594.4000244140625,599.2000122070312,598.9232788085938,1460652,0.0,0.0
2023-09-14 00:00:00+01:00,599.2000122070312,616.2000122070312,597.5999755859375,614.4000244140625,614.1162109375,2806348,0.0,0.0
2023-09-15 00:00:00+01:00,621.4000244140625,625.5999755859375,619.0440063476562,619.4000244140625,619.1138916015625,4383164,0.0,0.0
2023-09-18 00:00:00+01:00,620.0,622.4000244140625,599.0,600.5999755859375,600.3225708007812,1583096,0.0,0.0
2023-09-19 00:00:00+01:00,598.5999755859375,609.0,598.5999755859375,603.5999755859375,603.3211059570312,2299296,0.0,0.0
2023-09-20 00:00:00+01:00,604.7999877929688,626.7999877929688,604.7999877929688,626.7999877929688,626.510498046875,2556362,0.0,0.0
2023-09-21 00:00:00+01:00,621.0,644.5999755859375,619.0,619.0,618.7140502929688,5020033,0.0,0.0
2023-09-22 00:00:00+01:00,622.4000244140625,635.6420288085938,621.0,625.0,624.7113037109375,3186250,0.0,0.0
2023-09-25 00:00:00+01:00,619.7999877929688,622.7999877929688,611.7999877929688,620.2000122070312,619.91357421875,2851145,0.0,0.0
2023-09-26 00:00:00+01:00,616.7999877929688,626.2000122070312,613.2000122070312,620.7999877929688,620.51318359375,3130134,0.0,0.0
2023-09-27 00:00:00+01:00,621.5999755859375,627.5999755859375,618.4000244140625,620.4000244140625,620.1134643554688,2436569,0.0,0.0
2023-09-28 00:00:00+01:00,619.7999877929688,620.7999877929688,604.5999755859375,611.5999755859375,611.3175048828125,3131660,0.0,0.0
2023-09-29 00:00:00+01:00,610.5999755859375,625.7999877929688,608.4000244140625,617.5999755859375,617.314697265625,2297179,0.0,0.0
2023-10-02 00:00:00+01:00,615.0,621.4000244140625,607.7999877929688,612.4000244140625,612.1171875,2155086,0.0,0.0
2023-10-03 00:00:00+01:00,607.0,622.4000244140625,607.0,613.7999877929688,613.5164794921875,1758211,0.0,0.0
2023-10-04 00:00:00+01:00,613.5999755859375,617.2000122070312,607.4000244140625,612.4000244140625,612.1171875,3621656,0.0,0.0
2023-10-05 00:00:00+01:00,614.5999755859375,628.2000122070312,613.0,622.2000122070312,621.91259765625,1767473,0.0,0.0
2023-10-06 00:00:00+01:00,623.0,636.7999877929688,619.4000244140625,636.7999877929688,636.5057983398438,3118792,0.0,0.0
2023-10-09 00:00:00+01:00,624.2000122070312,635.2000122070312,622.4000244140625,627.4000244140625,627.1101684570312,1906683,0.0,0.0
2023-10-10 00:00:00+01:00,633.7999877929688,642.2000122070312,633.4000244140625,640.7999877929688,640.5039672851562,6191515,0.0,0.0
2023-10-11 00:00:00+01:00,637.4000244140625,646.4000244140625,636.0,645.4000244140625,645.1019897460938,2095512,0.0,0.0
2023-10-12 00:00:00+01:00,647.0,651.0,641.0,645.0,644.7020263671875,1363093,0.0,0.0
2023-10-13 00:00:00+01:00,645.0,646.7999877929688,634.7999877929688,636.7999877929688,636.5057983398438,1498364,0.0,0.0
2023-10-16 00:00:00+01:00,636.0,639.7999877929688,630.0,637.2000122070312,636.90576171875,1358237,0.0,0.0
2023-10-17 00:00:00+01:00,635.0,642.7999877929688,632.5999755859375,640.2000122070312,639.9042358398438,2182826,0.0,0.0
2023-10-18 00:00:00+01:00,638.4000244140625,642.0,630.7999877929688,630.7999877929688,630.5086059570312,1595263,0.0,0.0
2023-10-19 00:00:00+01:00,629.5999755859375,629.5999755859375,611.4000244140625,611.4000244140625,611.1175537109375,2246731,0.0,0.0
2023-10-20 00:00:00+01:00,608.7999877929688,609.7999877929688,596.4000244140625,597.2000122070312,596.924072265625,2568267,0.0,0.0
2023-10-23 00:00:00+01:00,600.0,607.5999755859375,594.0,604.4000244140625,604.1207885742188,2737619,0.0,0.0
2023-10-24 00:00:00+01:00,607.7999877929688,608.4000244140625,597.7999877929688,601.7999877929688,601.5220336914062,3144328,0.0,0.0
2023-10-25 00:00:00+01:00,602.2000122070312,613.7999877929688,598.5999755859375,608.4000244140625,608.1189575195312,3205769,0.0,0.0
2023-10-26 00:00:00+01:00,604.7999877929688,608.7999877929688,601.2000122070312,604.0,603.7210693359375,3158861,0.0,0.0
2023-10-27 00:00:00+01:00,604.7999877929688,608.2000122070312,599.4000244140625,601.5999755859375,601.3220825195312,1914948,0.0,0.0
2023-10-30 00:00:00+00:00,610.0,617.4000244140625,605.0,613.7999877929688,613.5164794921875,2759391,0.0,0.0
2023-10-31 00:00:00+00:00,618.5999755859375,624.4000244140625,613.0,621.2000122070312,620.9130859375,4994576,0.0,0.0
2023-11-01 00:00:00+00:00,623.7999877929688,624.7999877929688,611.5999755859375,619.0,618.7140502929688,2801949,0.0,0.0
2023-11-02 00:00:00+00:00,621.0,639.5999755859375,620.5999755859375,625.0,624.7113037109375,3797793,0.0,0.0
2023-11-03 00:00:00+00:00,630.2000122070312,634.0,622.7999877929688,625.2000122070312,624.9112548828125,1923617,0.0,0.0
2023-11-06 00:00:00+00:00,627.2000122070312,627.4000244140625,611.4000244140625,618.0,617.7145385742188,2224833,0.0,0.0
2023-11-07 00:00:00+00:00,618.4000244140625,628.7999877929688,616.5999755859375,628.4000244140625,628.1098022460938,2417588,0.0,0.0
2023-11-08 00:00:00+00:00,627.5999755859375,638.5999755859375,626.2000122070312,635.4000244140625,635.1065063476562,6860077,0.0,0.0
2023-11-09 00:00:00+00:00,648.2000122070312,697.2000122070312,646.0,689.2000122070312,688.8816528320312,4895269,0.0,0.0
2023-11-10 00:00:00+00:00,683.2000122070312,694.0,675.2000122070312,682.0,681.6849365234375,2992365,0.0,0.0
2023-11-13 00:00:00+00:00,686.2000122070312,699.2000122070312,683.0,699.2000122070312,698.8770141601562,2264701,0.0,0.0
2023-11-14 00:00:00+00:00,702.0,710.5999755859375,692.2000122070312,705.0,704.6744384765625,5302836,0.0,0.0
2023-11-15 00:00:00+00:00,709.4000244140625,715.5999755859375,705.0,705.5999755859375,705.2740478515625,2115979,0.0,0.0
2023-11-16 00:00:00+00:00,704.0,710.5999755859375,700.7999877929688,701.4000244140625,701.0759887695312,1821785,0.0,0.0
2023-11-17 00:00:00+00:00,703.2000122070312,710.0,691.2000122070312,706.7999877929688,706.4735107421875,3032728,0.0,0.0
2023-11-20 00:00:00+00:00,708.2000122070312,713.0,705.5999755859375,707.2000122070312,706.873291015625,1995285,0.0,0.0
2023-11-21 00:00:00+00:00,707.4000244140625,710.0,702.4000244140625,705.0,704.6744384765625,1610228,0.0,0.0
2023-11-22 00:00:00+00:00,709.5999755859375,714.7999877929688,700.4000244140625,711.7999877929688,711.4711303710938,2086820,0.0,0.0
2023-11-23 00:00:00+00:00,700.2000122070312,706.0,694.5999755859375,704.4000244140625,704.0746459960938,3628484,0.0,0.0
2023-11-24 00:00:00+00:00,703.0,703.0,696.0,700.5999755859375,700.2763061523438,1493328,0.0,0.0
2023-11-27 00:00:00+00:00,703.2000122070312,713.0,703.2000122070312,709.7999877929688,709.4721069335938,2101498,0.0,0.0
2023-11-28 00:00:00+00:00,709.5999755859375,714.4000244140625,702.0,711.2000122070312,710.8714599609375,4017711,0.0,0.0
2023-11-29 00:00:00+00:00,714.0,720.7999877929688,711.5999755859375,718.2000122070312,717.8682250976562,2637282,0.0,0.0
2023-11-30 00:00:00+00:00,720.0,725.093017578125,716.2000122070312,724.7999877929688,724.4652099609375,6971052,0.0,0.0
2023-12-01 00:00:00+00:00,724.0,728.4000244140625,721.2000122070312,721.4000244140625,721.0668334960938,2078989,0.0,0.0
2023-12-04 00:00:00+00:00,719.4000244140625,727.7999877929688,715.5999755859375,721.4000244140625,721.0668334960938,2128783,0.0,0.0
2023-12-05 00:00:00+00:00,720.0,728.2000122070312,717.7999877929688,728.2000122070312,727.8637084960938,1468062,0.0,0.0
2023-12-06 00:00:00+00:00,732.2000122070312,738.7999877929688,728.4000244140625,737.0,736.6596069335938,2549435,0.0,0.0
2023-12-07 00:00:00+00:00,735.0,743.0,723.4000244140625,741.5999755859375,741.2574462890625,2490901,0.0,0.0
2023-12-08 00:00:00+00:00,741.4000244140625,746.2000122070312,738.0,738.0,737.6591186523438,2793456,0.0,0.0
2023-12-11 00:00:00+00:00,740.2000122070312,744.0,735.7999877929688,742.5999755859375,742.2569580078125,4310141,0.0,0.0
2023-12-12 00:00:00+00:00,746.0,750.5999755859375,741.7999877929688,745.4000244140625,745.0557861328125,3780448,0.0,0.0
2023-12-13 00:00:00+00:00,748.5999755859375,752.5999755859375,727.4000244140625,731.4000244140625,731.0621948242188,3334651,0.0,0.0
2023-12-14 00:00:00+00:00,741.5999755859375,747.0,728.0,730.5999755859375,730.2625122070312,3452724,0.0,0.0
2023-12-15 00:00:00+00:00,727.2000122070312,731.5999755859375,696.4000244140625,697.2000122070312,696.8779296875,7130190,0.0,0.0
2023-12-18 00:00:00+00:00,696.2000122070312,704.2000122070312,691.4000244140625,701.4000244140625,701.0759887695312,3263918,0.0,0.0
2023-12-19 00:00:00+00:00,705.0,710.7999877929688,703.7999877929688,710.7999877929688,710.4717407226562,1364935,0.0,0.0
2023-12-20 00:00:00+00:00,715.7999877929688,718.4000244140625,709.802978515625,717.5999755859375,717.2684936523438,5062077,0.0,0.0
2023-12-21 00:00:00+00:00,715.2000122070312,719.0,714.7999877929688,717.4000244140625,717.068603515625,1087691,0.0,0.0
2023-12-22 00:00:00+00:00,716.2000122070312,725.5999755859375,715.4400024414062,722.2000122070312,721.8663940429688,749307,0.0,0.0
2023-12-27 00:00:00+00:00,724.2000122070312,729.4000244140625,716.7999877929688,720.4000244140625,720.0672607421875,1001524,0.0,0.0
2023-12-28 00:00:00+00:00,724.5999755859375,725.7999877929688,715.7999877929688,718.0,717.6683959960938,921105,0.0,0.0
2023-12-29 00:00:00+00:00,720.0,723.0,717.0,721.4000244140625,721.0668334960938,840267,0.0,0.0
2024-01-02 00:00:00+00:00,720.2000122070312,723.5999755859375,700.0,703.0,702.67529296875,2372930,0.0,0.0
2024-01-03 00:00:00+00:00,699.4000244140625,705.0,696.5999755859375,697.2000122070312,696.8779296875,1651129,0.0,0.0
2024-01-04 00:00:00+00:00,693.2000122070312,700.0,688.2000122070312,695.4000244140625,695.1107177734375,1045060,3.2,0.0
2024-01-05 00:00:00+00:00,691.2000122070312,693.4000244140625,685.7999877929688,691.7999877929688,691.51220703125,1997221,0.0,0.0
2024-01-08 00:00:00+00:00,687.2000122070312,706.0,687.2000122070312,705.0,704.706787109375,1403279,0.0,0.0
2024-01-09 00:00:00+00:00,706.2000122070312,711.0,700.7999877929688,709.2000122070312,708.9049682617188,1826902,0.0,0.0
2024-01-10 00:00:00+00:00,711.7999877929688,716.0,703.4000244140625,710.0,709.7046508789062,1377450,0.0,0.0
2024-01-11 00:00:00+00:00,714.0,716.5999755859375,698.0,698.0,697.7095947265625,2433983,0.0,0.0
2024-01-12 00:00:00+00:00,701.4000244140625,709.7999877929688,697.4000244140625,704.5999755859375,704.3068237304688,1618979,0.0,0.0
2024-01-15 00:00:00+00:00,707.0,709.2000122070312,703.0,707.5999755859375,707.3056030273438,1211674,0.0,0.0
2024-01-16 00:00:00+00:00,702.5999755859375,708.7999877929688,697.2000122070312,705.5999755859375,705.306396484375,5894842,0.0,0.0
2024-01-17 00:00:00+00:00,699.4000244140625,703.4000244140625,695.7999877929688,702.5999755859375,702.3076171875,2261774,0.0,0.0
2024-01-18 00:00:00+00:00,705.7999877929688,710.4000244140625,702.4000244140625,710.2000122070312,709.904541015625,1968669,0.0,0.0
2024-01-19 00:00:00+00:00,717.4000244140625,719.2000122070312,711.7999877929688,712.7999877929688,712.50341796875,3502452,0.0,0.0
2024-01-22 00:00:00+00:00,720.0,734.5999755859375,715.2000122070312,733.5999755859375,733.2947387695312,1897802,0.0,0.0
2024-01-23 00:00:00+00:00,735.0,735.2100219726562,725.2000122070312,726.2000122070312,725.8978271484375,2352605,0.0,0.0
2024-01-24 00:00:00+00:00,730.0,735.5999755859375,725.0,730.4000244140625,730.0961303710938,2201526,0.0,0.0
2024-01-25 00:00:00+00:00,725.5999755859375,732.7999877929688,719.4000244140625,730.0,729.6962890625,2103048,0.0,0.0
2024-01-26 00:00:00+00:00,731.2000122070312,743.0,728.4000244140625,741.7999877929688,741.4913940429688,4123574,0.0,0.0
2024-01-29 00:00:00+00:00,738.4000244140625,741.2000122070312,720.5999755859375,720.5999755859375,720.3001708984375,8153727,0.0,0.0
2024-01-30 00:00:00+00:00,724.5999755859375,740.4000244140625,724.2000122070312,738.0,737.6929931640625,2340611,0.0,0.0
2024-01-31 00:00:00+00:00,735.4000244140625,739.0,728.7999877929688,728.7999877929688,728.4967041015625,2650833,0.0,0.0
2024-02-01 00:00:00+00:00,726.2000122070312,733.4000244140625,725.2000122070312,731.2000122070312,730.8958129882812,3831337,0.0,0.0
2024-02-02 00:00:00+00:00,737.2000122070312,740.7999877929688,727.7999877929688,732.0,731.6954956054688,1260644,0.0,0.0
2024-02-05 00:00:00+00:00,735.4000244140625,738.7999877929688,728.4000244140625,728.4000244140625,728.0970458984375,1731718,0.0,0.0
2024-02-06 00:00:00+00:00,731.5999755859375,735.0,724.7999877929688,730.7999877929688,730.4959106445312,1341073,0.0,0.0
2024-02-07 00:00:00+00:00,727.0,730.2000122070312,724.2000122070312,726.7999877929688,726.4976806640625,2713762,0.0,0.0
2024-02-08 00:00:00+00:00,726.2000122070312,728.7999877929688,718.0,720.4000244140625,720.1002807617188,4034123,0.0,0.0
2024-02-09 00:00:00+00:00,717.5999755859375,722.4000244140625,707.7999877929688,712.7999877929688,712.50341796875,3035344,0.0,0.0
2024-02-12 00:00:00+00:00,715.0,726.0,714.906005859375,725.5999755859375,725.2981567382812,3621576,0.0,0.0
2024-02-13 00:00:00+00:00,721.7999877929688,730.5999755859375,702.7999877929688,704.4000244140625,704.10693359375,1879296,0.0,0.0
2024-02-14 00:00:00+00:00,709.7999877929688,718.0,708.5999755859375,712.7999877929688,712.50341796875,5254276,0.0,0.0
2024-02-15 00:00:00+00:00,719.0,719.0,710.7999877929688,712.2000122070312,711.9036865234375,3547477,0.0,0.0
2024-02-16 00:00:00+00:00,715.0,723.7999877929688,713.4000244140625,721.5999755859375,721.2997436523438,3901065,0.0,0.0
2024-02-19 00:00:00+00:00,719.4000244140625,729.0,715.4000244140625,726.4000244140625,726.0978393554688,3623222,0.0,0.0
2024-02-20 00:00:00+00:00,726.7999877929688,735.7999877929688,719.0,722.7999877929688,722.4993286132812,1577678,0.0,0.0
2024-02-21 00:00:00+00:00,721.0,726.7999877929688,721.0,726.7999877929688,726.4976806640625,2524475,0.0,0.0
2024-02-22 00:00:00+00:00,734.0,735.4000244140625,726.4000244140625,726.4000244140625,726.0978393554688,3591636,0.0,0.0
2024-02-23 00:00:00+00:00,726.2000122070312,734.5999755859375,718.5999755859375,734.5999755859375,734.2943115234375,5395485,0.0,0.0
2024-02-26 00:00:00+00:00,732.5999755859375,742.7999877929688,732.5999755859375,736.4000244140625,736.0936279296875,1692415,0.0,0.0
2024-02-27 00:00:00+00:00,735.2000122070312,743.4000244140625,733.2000122070312,738.0,737.6929931640625,2955701,0.0,0.0
2024-02-28 00:00:00+00:00,738.2000122070312,743.5999755859375,731.7999877929688,742.7999877929688,742.490966796875,2594537,0.0,0.0
2024-02-29 00:00:00+00:00,741.7999877929688,748.2000122070312,739.5999755859375,740.4000244140625,740.092041015625,5498861,0.0,0.0
2024-03-01 00:00:00+00:00,746.4000244140625,748.2000122070312,733.5999755859375,747.4000244140625,747.089111328125,2050847,0.0,0.0
2024-03-04 00:00:00+00:00,742.7999877929688,742.7999877929688,734.0,736.7999877929688,736.4934692382812,1755179,0.0,0.0
2024-03-05 00:00:00+00:00,732.5999755859375,742.7999877929688,729.4000244140625,732.0,731.6954956054688,1369353,0.0,0.0
2024-03-06 00:00:00+00:00,733.0,738.5999755859375,730.7999877929688,731.0,730.6958618164062,2459405,0.0,0.0
2024-03-07 00:00:00+00:00,729.4000244140625,741.0,723.760009765625,733.7999877929688,733.4946899414062,9338624,0.0,0.0
2024-03-08 00:00:00+00:00,736.7999877929688,741.0,730.2000122070312,741.0,740.6917114257812,2125336,0.0,0.0
2024-03-11 00:00:00+00:00,734.7999877929688,748.0,732.7999877929688,748.0,747.6887817382812,2630580,0.0,0.0
2024-03-12 00:00:00+00:00,755.2000122070312,757.0,748.4000244140625,755.2000122070312,754.8858032226562,1804073,0.0,0.0
2024-03-13 00:00:00+00:00,755.5999755859375,756.4000244140625,746.2000122070312,748.5999755859375,748.2885131835938,5038172,0.0,0.0
2024-03-14 00:00:00+00:00,749.0,754.5999755859375,744.5999755859375,753.0,752.686767578125,2033884,0.0,0.0
2024-03-15 00:00:00+00:00,750.2000122070312,758.4000244140625,750.0,755.0,754.6859130859375,7879282,0.0,0.0
2024-03-18 00:00:00+00:00,754.4000244140625,759.2000122070312,752.7999877929688,755.0,754.6859130859375,2009694,0.0,0.0
2024-03-19 00:00:00+00:00,753.2000122070312,755.7999877929688,746.2000122070312,747.4000244140625,747.089111328125,2979600,0.0,0.0
2024-03-20 00:00:00+00:00,747.2000122070312,751.5999755859375,742.0,742.0,741.6912841796875,2187076,0.0,0.0
2024-03-21 00:00:00+00:00,751.0,763.5999755859375,746.5999755859375,763.2000122070312,762.8825073242188,1687491,0.0,0.0
2024-03-22 00:00:00+00:00,763.4000244140625,768.4000244140625,760.4000244140625,762.4000244140625,762.0828857421875,2902870,0.0,0.0
2024-03-25 00:00:00+00:00,762.0,762.0,740.0,742.2000122070312,741.8912353515625,1681327,0.0,0.0
2024-03-26 00:00:00+00:00,739.5999755859375,743.4000244140625,701.2000122070312,705.5999755859375,705.306396484375,4020190,0.0,0.0
2024-03-27 00:00:00+00:00,700.0,705.2000122070312,695.5999755859375,700.0,699.708740234375,2467706,0.0,0.0
2024-03-28 00:00:00+00:00,702.5999755859375,705.0,694.4000244140625,700.2000122070312,699.9087524414062,2718578,0.0,0.0
2024-04-02 00:00:00+01:00,701.7999877929688,714.3040161132812,689.9199829101562,692.4000244140625,692.1119384765625,2427538,0.0,0.0
2024-04-03 00:00:00+01:00,691.7999877929688,702.7999877929688,691.7999877929688,701.2000122070312,700.9082641601562,3743482,0.0,0.0
2024-04-04 00:00:00+01:00,702.2000122070312,708.2000122070312,695.5999755859375,700.7999877929688,700.5084228515625,2801595,0.0,0.0
2024-04-05 00:00:00+01:00,690.7999877929688,697.4000244140625,687.5999755859375,697.4000244140625,697.1099243164062,1913200,0.0,0.0
2024-04-08 00:00:00+01:00,696.7999877929688,696.7999877929688,688.7999877929688,693.2000122070312,692.9115600585938,4325622,0.0,0.0
2024-04-09 00:00:00+01:00,689.0,692.0,684.0020141601562,689.5999755859375,689.3131103515625,2663119,0.0,0.0
2024-04-10 00:00:00+01:00,693.4000244140625,696.2000122070312,679.2000122070312,689.4000244140625,689.1131591796875,1265460,0.0,0.0
2024-04-11 00:00:00+01:00,689.2000122070312,692.5999755859375,684.4000244140625,691.7999877929688,691.51220703125,2963877,0.0,0.0
2024-04-12 00:00:00+01:00,702.0,704.2000122070312,685.4000244140625,687.4000244140625,687.114013671875,2437115,0.0,0.0
2024-04-15 00:00:00+01:00,688.7999877929688,701.4000244140625,684.5999755859375,693.2000122070312,692.9115600585938,2546797,0.0,0.0
2024-04-16 00:00:00+01:00,677.7999877929688,679.2000122070312,666.0,676.2000122070312,675.9186401367188,2562300,0.0,0.0
2024-04-17 00:00:00+01:00,671.0,679.0,670.2000122070312,675.0,674.71923828125,2716098,0.0,0.0
2024-04-18 00:00:00+01:00,677.0,678.7999877929688,672.4000244140625,676.5999755859375,676.3184814453125,2376802,0.0,0.0
2024-04-19 00:00:00+01:00,673.4000244140625,676.7999877929688,667.0,668.5999755859375,668.3218383789062,1941369,0.0,0.0
2024-04-22 00:00:00+01:00,674.7999877929688,685.0,674.25,679.7999877929688,679.5171508789062,2674358,0.0,0.0
2024-04-23 00:00:00+01:00,684.7999877929688,695.2000122070312,684.5999755859375,695.0,694.7108154296875,1881752,0.0,0.0
2024-04-24 00:00:00+01:00,695.7999877929688,698.2000122070312,691.5999755859375,693.2000122070312,692.9115600585938,1857688,0.0,0.0
2024-04-25 00:00:00+01:00,690.2000122070312,692.7999877929688,683.7999877929688,688.5999755859375,688.3134155273438,2377723,0.0,0.0
2024-04-26 00:00:00+01:00,693.4000244140625,698.2000122070312,689.7999877929688,695.4000244140625,695.1107177734375,1420255,0.0,0.0
2024-04-29 00:00:00+01:00,697.4000244140625,702.0,692.0,696.5999755859375,696.3101806640625,1604690,0.0,0.0
2024-04-30 00:00:00+01:00,696.5999755859375,705.5999755859375,696.5999755859375,698.4000244140625,698.1094360351562,2290598,0.0,0.0
2024-05-01 00:00:00+01:00,694.4000244140625,702.2000122070312,692.7999877929688,702.2000122070312,701.9078979492188,3189256,0.0,0.0
2024-05-02 00:00:00+01:00,701.4000244140625,715.5999755859375,701.4000244140625,715.5999755859375,715.30224609375,1836855,0.0,0.0
2024-05-03 00:00:00+01:00,719.4000244140625,731.4000244140625,718.2000122070312,723.0,722.69921875,1246627,0.0,0.0
2024-05-07 00:00:00+01:00,731.0,737.7999877929688,730.5999755859375,735.7999877929688,735.493896484375,2317391,0.0,0.0
2024-05-08 00:00:00+01:00,735.7999877929688,748.7999877929688,733.7999877929688,743.4000244140625,743.0907592773438,1971083,0.0,0.0
2024-05-09 00:00:00+01:00,742.0,751.4000244140625,742.0,748.2000122070312,747.8887329101562,2100351,0.0,0.0
2024-05-10 00:00:00+01:00,749.2000122070312,750.7999877929688,737.7999877929688,748.2000122070312,747.8887329101562,1354716,0.0,0.0
2024-05-13 00:00:00+01:00,748.2000122070312,753.0,744.4000244140625,745.4000244140625,745.0899658203125,1109148,0.0,0.0
2024-05-14 00:00:00+01:00,744.0,757.5659790039062,740.2000122070312,755.7999877929688,755.485595703125,1346542,0.0,0.0
2024-05-15 00:00:00+01:00,757.4000244140625,764.0,751.7999877929688,755.7999877929688,755.485595703125,1728855,0.0,0.0
2024-05-16 00:00:00+01:00,756.0,760.2000122070312,752.4000244140625,755.0,754.6859130859375,5357026,0.0,0.0
2024-05-17 00:00:00+01:00,734.2000122070312,738.5999755859375,715.0,730.0,729.6962890625,2742542,0.0,0.0
2024-05-20 00:00:00+01:00,729.4000244140625,732.4000244140625,725.0,727.5999755859375,727.2973022460938,1759811,0.0,0.0
2024-05-21 00:00:00+01:00,724.5999755859375,728.5999755859375,720.0,726.5999755859375,726.2976684570312,1918670,0.0,0.0
2024-05-22 00:00:00+01:00,726.0,744.4000244140625,720.7999877929688,741.4000244140625,741.091552734375,4812621,0.0,0.0
2024-05-23 00:00:00+01:00,741.5999755859375,753.7999877929688,739.4000244140625,749.5999755859375,749.2880859375,1578837,0.0,0.0
2024-05-24 00:00:00+01:00,741.5999755859375,748.2349853515625,736.4000244140625,747.7999877929688,747.4888916015625,1471279,0.0,0.0
2024-05-28 00:00:00+01:00,749.5999755859375,753.7999877929688,732.2000122070312,732.2000122070312,731.8953857421875,1359163,0.0,0.0
2024-05-29 00:00:00+01:00,729.5999755859375,735.2000122070312,725.5999755859375,730.5999755859375,730.2960205078125,2003761,0.0,0.0
2024-05-30 00:00:00+01:00,741.0,849.0,741.0,825.0,824.65673828125,5659477,0.0,0.0
2024-05-31 00:00:00+01:00,829.4000244140625,832.7999877929688,802.7999877929688,816.2000122070312,815.8604736328125,13492495,0.0,0.0
2024-06-03 00:00:00+01:00,830.0,833.7999877929688,816.322021484375,827.4000244140625,827.0557861328125,6553255,0.0,0.0
2024-06-04 00:00:00+01:00,826.7999877929688,834.4000244140625,820.7999877929688,825.7999877929688,825.4563598632812,3148733,0.0,0.0
2024-06-05 00:00:00+01:00,829.2000122070312,830.4000244140625,811.5999755859375,822.2000122070312,821.85791015625,2714859,0.0,0.0
2024-06-06 00:00:00+01:00,827.4000244140625,834.9979858398438,820.4000244140625,829.5999755859375,829.2547607421875,5374423,0.0,0.0
2024-06-07 00:00:00+01:00,829.2000122070312,831.7999877929688,819.0,819.0,818.6592407226562,6678014,0.0,0.0
2024-06-10 00:00:00+01:00,821.5999755859375,823.5999755859375,814.7999877929688,823.5999755859375,823.2573852539062,2274159,0.0,0.0
2024-06-11 00:00:00+01:00,829.5999755859375,834.2000122070312,814.2000122070312,814.2000122070312,813.861328125,8664427,0.0,0.0
2024-06-12 00:00:00+01:00,816.5999755859375,827.2000122070312,806.0,827.2000122070312,826.8558349609375,19065630,0.0,0.0
2024-06-13 00:00:00+01:00,827.4000244140625,833.0,817.5999755859375,825.4000244140625,825.056640625,6508036,0.0,0.0
2024-06-14 00:00:00+01:00,825.4000244140625,827.5999755859375,814.2000122070312,819.0,818.6592407226562,4637105,0.0,0.0
2024-06-17 00:00:00+01:00,822.4000244140625,823.4000244140625,811.0,811.0,810.6625366210938,2767315,0.0,0.0
2024-06-18 00:00:00+01:00,814.5999755859375,820.7999877929688,812.4000244140625,814.7999877929688,814.4609985351562,2336364,0.0,0.0
2024-06-19 00:00:00+01:00,812.4000244140625,817.2000122070312,810.2000122070312,813.5999755859375,813.261474609375,1350797,0.0,0.0
2024-06-20 00:00:00+01:00,811.0,824.2000122070312,810.2000122070312,820.0,819.6588134765625,1550088,0.0,0.0
2024-06-21 00:00:00+01:00,818.7999877929688,822.2000122070312,811.4000244140625,812.0,811.6621704101562,4034416,0.0,0.0
2024-06-24 00:00:00+01:00,814.0,816.2000122070312,804.5999755859375,804.5999755859375,804.2652587890625,3699239,0.0,0.0
2024-06-25 00:00:00+01:00,799.7999877929688,809.5999755859375,794.7999877929688,796.5999755859375,796.2684936523438,3005452,0.0,0.0
2024-06-26 00:00:00+01:00,801.0,802.7999877929688,791.7999877929688,802.7999877929688,802.4660034179688,9418263,0.0,0.0
2024-06-27 00:00:00+01:00,807.7999877929688,814.5999755859375,807.5999755859375,811.5999755859375,811.2623291015625,1785686,0.0,0.0
2024-06-28 00:00:00+01:00,812.0,813.0,799.5999755859375,801.2000122070312,800.86669921875,3980953,0.0,0.0
2024-07-01 00:00:00+01:00,803.4000244140625,809.4000244140625,796.7999877929688,796.7999877929688,796.4684448242188,1678407,0.0,0.0
2024-07-02 00:00:00+01:00,796.2000122070312,804.0,794.4000244140625,802.7999877929688,802.4660034179688,2722905,0.0,0.0
2024-07-03 00:00:00+01:00,811.4000244140625,814.4000244140625,801.5999755859375,802.4000244140625,802.0662231445312,15238215,0.0,0.0
2024-07-04 00:00:00+01:00,803.0,808.2000122070312,797.7999877929688,800.4000244140625,800.0669555664062,1394235,0.0,0.0
2024-07-05 00:00:00+01:00,804.0,816.7999877929688,795.4000244140625,810.7999877929688,810.4627075195312,4978262,0.0,0.0
2024-07-08 00:00:00+01:00,808.0,816.4000244140625,802.5999755859375,805.5999755859375,805.2648315429688,1436055,0.0,0.0
2024-07-09 00:00:00+01:00,806.0,809.4000244140625,801.4000244140625,807.4000244140625,807.0641479492188,7748875,0.0,0.0
2024-07-10 00:00:00+01:00,811.4000244140625,814.4000244140625,806.0,811.7999877929688,811.462158203125,11126783,0.0,0.0
2024-07-11 00:00:00+01:00,814.7999877929688,817.0,809.4000244140625,814.2000122070312,813.861328125,2149783,0.0,0.0
2024-07-12 00:00:00+01:00,816.5999755859375,826.5999755859375,813.5999755859375,822.2000122070312,821.85791015625,1826733,0.0,0.0
2024-07-15 00:00:00+01:00,818.2000122070312,827.5999755859375,817.0,825.5999755859375,825.2565307617188,6318372,0.0,0.0
2024-07-16 00:00:00+01:00,821.2000122070312,825.2000122070312,818.0,822.5999755859375,822.2578125,1895933,0.0,0.0
2024-07-17 00:00:00+01:00,820.0,821.4000244140625,812.5999755859375,814.2000122070312,813.861328125,2317041,0.0,0.0
2024-07-18 00:00:00+01:00,815.5999755859375,821.7999877929688,800.2000122070312,801.5999755859375,801.2665405273438,1631836,0.0,0.0
2024-07-19 00:00:00+01:00,800.4000244140625,805.7999877929688,796.7999877929688,802.2000122070312,801.8662109375,1602878,0.0,0.0
2024-07-22 00:00:00+01:00,804.5999755859375,810.5999755859375,797.0,803.2000122070312,802.8658447265625,1830212,0.0,0.0
2024-07-23 00:00:00+01:00,800.5999755859375,806.4000244140625,795.4000244140625,803.5999755859375,803.265625,2909152,0.0,0.0
2024-07-24 00:00:00+01:00,800.0,806.5999755859375,794.1829833984375,806.5999755859375,806.2644653320312,1623960,0.0,0.0
2024-07-25 00:00:00+01:00,798.4000244140625,804.5999755859375,793.4000244140625,794.0,793.6696166992188,1162570,0.0,0.0
2024-07-26 00:00:00+01:00,789.5999755859375,798.5999755859375,787.4000244140625,794.2000122070312,793.8695678710938,1156516,0.0,0.0
2024-07-29 00:00:00+01:00,799.0,807.0,794.5999755859375,800.4000244140625,800.0669555664062,1202508,0.0,0.0
2024-07-30 00:00:00+01:00,799.0,814.2000122070312,798.0,811.2000122070312,810.862548828125,2041586,0.0,0.0
2024-07-31 00:00:00+01:00,815.4000244140625,820.4000244140625,813.7999877929688,815.5999755859375,815.2606811523438,1560123,0.0,0.0
2024-08-01 00:00:00+01:00,816.7999877929688,821.0,810.5999755859375,810.7999877929688,810.4627075195312,820838,0.0,0.0
2024-08-02 00:00:00+01:00,800.5999755859375,804.0,784.5999755859375,791.5999755859375,791.2706298828125,1843768,0.0,0.0
2024-08-05 00:00:00+01:00,776.0,789.5999755859375,765.5999755859375,789.5999755859375,789.271484375,2741752,0.0,0.0
2024-08-06 00:00:00+01:00,793.4000244140625,793.4000244140625,779.5999755859375,788.2000122070312,787.8720703125,2733716,0.0,0.0
2024-08-07 00:00:00+01:00,794.7999877929688,796.7999877929688,785.4000244140625,789.4000244140625,789.0716552734375,3435918,0.0,0.0
2024-08-08 00:00:00+01:00,785.4000244140625,794.4000244140625,774.552001953125,794.4000244140625,794.069580078125,972667,0.0,0.0
2024-08-09 00:00:00+01:00,792.0,795.7999877929688,789.7999877929688,791.4000244140625,791.07080078125,1548089,0.0,0.0
2024-08-12 00:00:00+01:00,796.2000122070312,798.4000244140625,790.7999877929688,797.7999877929688,797.4680786132812,12808236,0.0,0.0
2024-08-13 00:00:00+01:00,799.4000244140625,801.5999755859375,790.2000122070312,798.2000122070312,797.867919921875,2666550,0.0,0.0
2024-08-14 00:00:00+01:00,804.0,810.5999755859375,801.5999755859375,810.5999755859375,810.2627563476562,2549115,0.0,0.0
2024-08-15 00:00:00+01:00,809.0,816.2000122070312,803.9959716796875,813.0,812.6617431640625,5003104,0.0,0.0
2024-08-16 00:00:00+01:00,815.4000244140625,832.4000244140625,814.7999877929688,825.7999877929688,825.4563598632812,1646577,0.0,0.0
2024-08-19 00:00:00+01:00,823.5999755859375,833.2000122070312,823.0040283203125,828.7999877929688,828.4551391601562,1537617,0.0,0.0
2024-08-20 00:00:00+01:00,829.5999755859375,834.7999877929688,821.2000122070312,821.2000122070312,820.8583984375,687118,0.0,0.0
2024-08-21 00:00:00+01:00,824.0,831.4000244140625,822.4000244140625,831.4000244140625,831.0540771484375,3843831,0.0,0.0
2024-08-22 00:00:00+01:00,830.4000244140625,840.0,830.4000244140625,840.0,839.6505126953125,1612602,0.0,0.0
2024-08-23 00:00:00+01:00,840.0,845.4000244140625,836.7999877929688,844.0,843.6488037109375,1165273,0.0,0.0
2024-08-27 00:00:00+01:00,842.7999877929688,849.4000244140625,841.0,843.2000122070312,842.8491821289062,1122819,0.0,0.0
2024-08-28 00:00:00+01:00,846.4000244140625,850.7999877929688,842.2000122070312,845.5999755859375,845.2481079101562,1418865,0.0,0.0
2024-08-29 00:00:00+01:00,842.2000122070312,850.4000244140625,839.2000122070312,849.0,848.7109985351562,5378706,6.4,0.0
2024-08-30 00:00:00+01:00,849.5999755859375,854.7999877929688,845.4000244140625,851.0,850.7103271484375,3857172,0.0,0.0
2024-09-02 00:00:00+01:00,852.5999755859375,879.2000122070312,852.5999755859375,877.0,876.7014770507812,1223463,0.0,0.0
2024-09-03 00:00:00+01:00,878.0,880.2000122070312,865.0,869.0,868.7042846679688,3119441,0.0,0.0
2024-09-04 00:00:00+01:00,858.2000122070312,864.4000244140625,856.2000122070312,862.7999877929688,862.5062255859375,2756585,0.0,0.0
2024-09-05 00:00:00+01:00,859.2000122070312,868.7999877929688,859.2000122070312,866.0,865.7052612304688,1534937,0.0,0.0
2024-09-06 00:00:00+01:00,866.0,867.5999755859375,855.4000244140625,857.2000122070312,856.9082641601562,1648742,0.0,0.0
2024-09-09 00:00:00+01:00,864.0,865.2000122070312,858.7999877929688,859.7999877929688,859.5073852539062,1193361,0.0,0.0
2024-09-10 00:00:00+01:00,855.7999877929688,866.0,855.7999877929688,859.7999877929688,859.5073852539062,1159436,0.0,0.0
2024-09-11 00:00:00+01:00,860.4000244140625,863.7999877929688,851.4000244140625,855.2000122070312,854.9088745117188,2045782,0.0,0.0
2024-09-12 00:00:00+01:00,863.4000244140625,866.7999877929688,860.4000244140625,861.5999755859375,861.306640625,2536786,0.0,0.0
2024-09-13 00:00:00+01:00,862.4000244140625,872.0,860.2000122070312,872.0,871.7031860351562,1915944,0.0,0.0
2024-09-16 00:00:00+01:00,873.5999755859375,888.583984375,871.4000244140625,877.5999755859375,877.3012084960938,1036634,0.0,0.0
2024-09-17 00:00:00+01:00,882.5999755859375,887.2000122070312,879.0,883.7999877929688,883.4992065429688,1810825,0.0,0.0
2024-09-18 00:00:00+01:00,883.0,886.7999877929688,869.5999755859375,869.5999755859375,869.3040161132812,1187044,0.0,0.0
2024-09-19 00:00:00+01:00,876.5999755859375,886.2000122070312,869.2000122070312,885.0,884.6987915039062,5024742,0.0,0.0
2024-09-20 00:00:00+01:00,880.4000244140625,885.2000122070312,874.0,874.7999877929688,874.502197265625,3688558,0.0,0.0
2024-09-23 00:00:00+01:00,875.7999877929688,887.7999877929688,872.4000244140625,885.2000122070312,884.898681640625,1309823,0.0,0.0
2024-09-24 00:00:00+01:00,890.5999755859375,895.2000122070312,876.0,884.0,883.6990966796875,1154615,0.0,0.0
2024-09-25 00:00:00+01:00,880.0,888.2000122070312,875.7999877929688,888.2000122070312,887.8976440429688,1192340,0.0,0.0
2024-09-26 00:00:00+01:00,897.0,899.0,877.0,877.0,876.7014770507812,1391434,0.0,0.0
2024-09-27 00:00:00+01:00,877.0,880.5999755859375,869.0,873.5999755859375,873.3026733398438,1926822,0.0,0.0
2024-09-30 00:00:00+01:00,871.2000122070312,877.4000244140625,860.5999755859375,867.7999877929688,867.504638671875,2321475,0.0,0.0
2024-10-01 00:00:00+01:00,871.2000122070312,876.4000244140625,863.4000244140625,867.5999755859375,867.3046875,1128182,0.0,0.0
2024-10-02 00:00:00+01:00,868.4000244140625,870.7999877929688,856.4000244140625,859.4000244140625,859.1075439453125,1305249,0.0,0.0
2024-10-03 00:00:00+01:00,863.2000122070312,865.2000122070312,847.2000122070312,847.5999755859375,847.3114013671875,1459229,0.0,0.0
2024-10-04 00:00:00+01:00,848.0,854.0999755859375,843.2000122070312,846.4000244140625,846.1119384765625,1124163,0.0,0.0
2024-10-07 00:00:00+01:00,852.2000122070312,853.0,842.6790161132812,852.7999877929688,852.509765625,1067028,0.0,0.0
2024-10-08 00:00:00+01:00,850.5999755859375,860.0,846.7999877929688,856.7999877929688,856.5084228515625,1410212,0.0,0.0
2024-10-09 00:00:00+01:00,860.0,861.7999877929688,856.2000122070312,860.0,859.707275390625,1304859,0.0,0.0
2024-10-10 00:00:00+01:00,862.5999755859375,866.0,858.4000244140625,860.4000244140625,860.107177734375,11280380,0.0,0.0
2024-10-11 00:00:00+01:00,862.0,869.5999755859375,859.0,869.5999755859375,869.3040161132812,603249,0.0,0.0
2024-10-14 00:00:00+01:00,869.2000122070312,877.0,865.5999755859375,877.0,876.7014770507812,623079,0.0,0.0
2024-10-15 00:00:00+01:00,881.0,894.0,877.4000244140625,877.7999877929688,877.501220703125,1751397,0.0,0.0
2024-10-16 00:00:00+01:00,882.0,882.7999877929688,873.7999877929688,882.7999877929688,882.49951171875,3728229,0.0,0.0
2024-10-17 00:00:00+01:00,882.7999877929688,893.2000122070312,879.7999877929688,890.5999755859375,890.296875,1980817,0.0,0.0
2024-10-18 00:00:00+01:00,887.4000244140625,891.2000122070312,880.5999755859375,885.4000244140625,885.0986328125,1457476,0.0,0.0
2024-10-21 00:00:00+01:00,883.5999755859375,890.4000244140625,878.2000122070312,878.2000122070312,877.901123046875,964978,0.0,0.0
2024-10-22 00:00:00+01:00,874.2000122070312,877.4000244140625,869.4000244140625,876.4000244140625,876.1017456054688,1275734,0.0,0.0
2024-10-23 00:00:00+01:00,874.5999755859375,874.7999877929688,868.4000244140625,871.7999877929688,871.5032958984375,1127603,0.0,0.0
2024-10-24 00:00:00+01:00,873.2000122070312,881.5999755859375,871.7999877929688,881.5999755859375,881.2999267578125,481016,0.0,0.0
2024-10-25 00:00:00+01:00,881.2000122070312,889.5999755859375,879.4000244140625,880.4000244140625,880.100341796875,1480521,0.0,0.0
2024-10-28 00:00:00+00:00,881.2000122070312,892.7999877929688,875.7999877929688,892.7999877929688,892.49609375,1329845,0.0,0.0
2024-10-29 00:00:00+00:00,896.2000122070312,896.2000122070312,871.7999877929688,874.5999755859375,874.3023681640625,2253954,0.0,0.0
2024-10-30 00:00:00+00:00,871.5999755859375,877.2000122070312,858.2000122070312,865.7999877929688,865.5052490234375,1413264,0.0,0.0
2024-10-31 00:00:00+00:00,860.5999755859375,862.2000122070312,838.7999877929688,839.2000122070312,838.9143676757812,2066300,0.0,0.0
2024-11-01 00:00:00+00:00,842.0,846.7999877929688,831.2000122070312,844.2000122070312,843.9127197265625,1692711,0.0,0.0
2024-11-04 00:00:00+00:00,843.7999877929688,845.7999877929688,839.0,844.5999755859375,844.3125,1083764,0.0,0.0
2024-11-05 00:00:00+00:00,843.5999755859375,850.7999877929688,840.4000244140625,840.4000244140625,840.114013671875,1740603,0.0,0.0
2024-11-06 00:00:00+00:00,849.2000122070312,853.0,843.4000244140625,843.4000244140625,843.1129760742188,2269057,0.0,0.0
2024-11-07 00:00:00+00:00,795.7999877929688,814.7999877929688,768.0,783.0,782.7335205078125,8441843,0.0,0.0
2024-11-08 00:00:00+00:00,786.7999877929688,792.5999755859375,773.4000244140625,777.5999755859375,777.3353271484375,2538627,0.0,0.0
2024-11-11 00:00:00+00:00,779.5999755859375,794.0,779.4000244140625,789.4000244140625,789.13134765625,2135210,0.0,0.0
2024-11-12 00:00:00+00:00,783.5999755859375,795.4000244140625,781.4000244140625,793.0,792.7301025390625,3074699,0.0,0.0
2024-11-13 00:00:00+00:00,794.0,795.4000244140625,773.7999877929688,787.5999755859375,787.3319091796875,3420046,0.0,0.0
2024-11-14 00:00:00+00:00,788.5999755859375,796.0,785.4000244140625,795.0,794.7293701171875,1891086,0.0,0.0
2024-11-15 00:00:00+00:00,790.5999755859375,805.5999755859375,787.4000244140625,795.0,794.7293701171875,3372431,0.0,0.0
2024-11-18 00:00:00+00:00,793.2000122070312,807.7999877929688,792.4000244140625,801.4000244140625,801.1272583007812,4034197,0.0,0.0
2024-11-19 00:00:00+00:00,801.7999877929688,807.7999877929688,794.5999755859375,802.2000122070312,801.9269409179688,3668512,0.0,0.0
2024-11-20 00:00:00+00:00,804.4000244140625,806.2000122070312,795.2000122070312,801.7999877929688,801.527099609375,2893082,0.0,0.0
2024-11-21 00:00:00+00:00,805.0,811.0,803.2000122070312,809.2000122070312,808.924560546875,2570919,0.0,0.0
2024-11-22 00:00:00+00:00,815.4000244140625,830.7999877929688,813.0,830.0,829.7174682617188,1590035,0.0,0.0
2024-11-25 00:00:00+00:00,833.2000122070312,843.4000244140625,824.5999755859375,832.7999877929688,832.5165405273438,13091839,0.0,0.0
2024-11-26 00:00:00+00:00,832.0,840.2000122070312,828.4000244140625,831.5999755859375,831.31689453125,1816384,0.0,0.0
2024-11-27 00:00:00+00:00,833.0,836.2000122070312,827.2000122070312,836.0,835.7155151367188,2028625,0.0,0.0
2024-11-28 00:00:00+00:00,840.7999877929688,845.5999755859375,837.5999755859375,845.5999755859375,845.3121337890625,2729587,0.0,0.0
2024-11-29 00:00:00+00:00,846.2000122070312,846.2000122070312,837.0,839.0,838.7144165039062,1655403,0.0,0.0
2024-12-02 00:00:00+00:00,839.7999877929688,843.4000244140625,825.2000122070312,833.4000244140625,833.1163330078125,2147883,0.0,0.0
2024-12-03 00:00:00+00:00,833.2000122070312,841.2000122070312,833.2000122070312,839.2000122070312,838.9143676757812,1647448,0.0,0.0
2024-12-04 00:00:00+00:00,840.5999755859375,844.0,834.7999877929688,844.0,843.7127075195312,2286560,0.0,0.0
2024-12-05 00:00:00+00:00,847.5999755859375,849.5999755859375,832.5999755859375,838.4000244140625,838.1146240234375,1976798,0.0,0.0
2024-12-06 00:00:00+00:00,837.2000122070312,847.0,836.2000122070312,845.0,844.71240234375,610284,0.0,0.0
2024-12-09 00:00:00+00:00,848.5999755859375,848.5999755859375,826.5999755859375,826.7999877929688,826.5186157226562,2043779,0.0,0.0
2024-12-10 00:00:00+00:00,824.4000244140625,827.4000244140625,822.0,824.4000244140625,824.119384765625,3426708,0.0,0.0
2024-12-11 00:00:00+00:00,824.5999755859375,829.4000244140625,823.0,824.0,823.7195434570312,8246862,0.0,0.0
2024-12-12 00:00:00+00:00,823.5999755859375,826.4000244140625,813.5999755859375,818.5999755859375,818.3212890625,1340453,0.0,0.0
2024-12-13 00:00:00+00:00,824.4000244140625,828.5999755859375,812.5999755859375,817.4000244140625,817.1217651367188,1740777,0.0,0.0
2024-12-16 00:00:00+00:00,816.0,817.7999877929688,809.7999877929688,815.0,814.72265625,1691335,0.0,0.0
2024-12-17 00:00:00+00:00,813.0,817.5999755859375,805.5999755859375,807.2000122070312,806.92529296875,7526739,0.0,0.0
2024-12-18 00:00:00+00:00,808.2000122070312,808.2000122070312,800.0,801.7999877929688,801.527099609375,2141304,0.0,0.0
2024-12-19 00:00:00+00:00,792.5999755859375,797.5999755859375,788.4000244140625,792.5999755859375,792.3302001953125,1054275,0.0,0.0
2024-12-20 00:00:00+00:00,790.5999755859375,791.5999755859375,778.0,786.7999877929688,786.5322265625,3157921,0.0,0.0
2024-12-23 00:00:00+00:00,781.4000244140625,786.7999877929688,776.4000244140625,784.2000122070312,783.93310546875,644271,0.0,0.0
2024-12-24 00:00:00+00:00,787.0,793.7999877929688,783.7379760742188,793.7999877929688,793.52978515625,421006,0.0,0.0
2024-12-27 00:00:00+00:00,790.4000244140625,793.0,784.0,791.4000244140625,791.1306762695312,701727,0.0,0.0
2024-12-30 00:00:00+00:00,790.5999755859375,790.6790161132812,783.7999877929688,788.4000244140625,788.1316528320312,693388,0.0,0.0
2024-12-31 00:00:00+00:00,790.0,793.0,783.7999877929688,793.0,792.7301025390625,507898,0.0,0.0
2025-01-02 00:00:00+00:00,790.0,796.7999877929688,786.4000244140625,794.7999877929688,794.5645141601562,803412,3.5,0.0
2025-01-03 00:00:00+00:00,794.0,797.4000244140625,791.7999877929688,793.4000244140625,793.1649780273438,654655,0.0,0.0
2025-01-06 00:00:00+00:00,789.0,796.2000122070312,783.0,787.4000244140625,787.166748046875,1292469,0.0,0.0
2025-01-07 00:00:00+00:00,784.0,800.7999877929688,782.5999755859375,796.2000122070312,795.964111328125,1150020,0.0,0.0
2025-01-08 00:00:00+00:00,797.0,798.4000244140625,784.0,788.0,787.7666015625,1896469,0.0,0.0
2025-01-09 00:00:00+00:00,784.7999877929688,787.2000122070312,776.7999877929688,781.2000122070312,780.9686279296875,2122242,0.0,0.0
2025-01-10 00:00:00+00:00,778.2000122070312,781.2000122070312,768.7999877929688,774.2000122070312,773.9705810546875,1146885,0.0,0.0
2025-01-13 00:00:00+00:00,772.0,772.0,764.2000122070312,764.2000122070312,763.9736328125,1672700,0.0,0.0
2025-01-14 00:00:00+00:00,769.0,778.0,767.7999877929688,769.0,768.772216796875,8533345,0.0,0.0
2025-01-15 00:00:00+00:00,771.0,786.2000122070312,770.7999877929688,780.7999877929688,780.5686645507812,1708525,0.0,0.0
2025-01-16 00:00:00+00:00,784.7999877929688,797.2000122070312,782.7999877929688,796.0,795.76416015625,2202818,0.0,0.0
2025-01-17 00:00:00+00:00,797.5999755859375,799.5999755859375,793.4000244140625,793.5999755859375,793.3648681640625,1335695,0.0,0.0
2025-01-20 00:00:00+00:00,794.5999755859375,795.7999877929688,784.4000244140625,784.4000244140625,784.1676025390625,1573263,0.0,0.0
2025-01-21 00:00:00+00:00,786.0,797.2000122070312,786.0,791.0,790.7656860351562,2995449,0.0,0.0
2025-01-22 00:00:00+00:00,789.2000122070312,791.2000122070312,755.0,776.2000122070312,775.9700927734375,6027595,0.0,0.0
2025-01-23 00:00:00+00:00,789.7999877929688,794.0,777.4000244140625,779.0,778.7692260742188,2212361,0.0,0.0
2025-01-24 00:00:00+00:00,778.5999755859375,780.0,757.0,770.0,769.7718505859375,2406351,0.0,0.0
2025-01-27 00:00:00+00:00,770.0,774.0,763.5999755859375,774.0,773.7706909179688,2298182,0.0,0.0
2025-01-28 00:00:00+00:00,775.5999755859375,785.7999877929688,774.2000122070312,781.5999755859375,781.368408203125,1886682,0.0,0.0
2025-01-29 00:00:00+00:00,784.4000244140625,792.5999755859375,779.5999755859375,783.0,782.7680053710938,2685058,0.0,0.0
2025-01-30 00:00:00+00:00,783.2000122070312,796.2000122070312,782.5999755859375,795.0,794.7644653320312,3878656,0.0,0.0
2025-01-31 00:00:00+00:00,793.7999877929688,795.0079956054688,784.5999755859375,790.4000244140625,790.1658325195312,6752552,0.0,0.0
2025-02-03 00:00:00+00:00,780.0,790.5999755859375,773.5999755859375,787.4000244140625,787.166748046875,2791307,0.0,0.0
2025-02-04 00:00:00+00:00,785.7999877929688,790.7999877929688,782.0,788.5999755859375,788.3663330078125,1413596,0.0,0.0
2025-02-05 00:00:00+00:00,787.0,803.4949951171875,787.0,797.2000122070312,796.9638671875,2700062,0.0,0.0
2025-02-06 00:00:00+00:00,801.0,803.2000122070312,783.0,783.7999877929688,783.5678100585938,2626178,0.0,0.0
2025-02-07 00:00:00+00:00,780.2000122070312,781.7999877929688,768.5999755859375,775.7999877929688,775.5701293945312,8113007,0.0,0.0
2025-02-10 00:00:00+00:00,777.2000122070312,784.0,776.0,781.0,780.7686157226562,8897259,0.0,0.0
2025-02-11 00:00:00+00:00,779.0,785.5999755859375,776.5999755859375,777.5999755859375,777.36962890625,3827964,0.0,0.0
2025-02-12 00:00:00+00:00,778.0,789.5999755859375,774.0,774.4000244140625,774.1705932617188,2699160,0.0,0.0
2025-02-13 00:00:00+00:00,779.5999755859375,787.2000122070312,776.2000122070312,787.2000122070312,786.966796875,2523471,0.0,0.0
2025-02-14 00:00:00+00:00,790.0,790.4000244140625,780.0,781.4000244140625,781.1685180664062,1400940,0.0,0.0
2025-02-17 00:00:00+00:00,779.0,786.7000122070312,778.0,785.4000244140625,785.1673583984375,1528853,0.0,0.0
2025-02-18 00:00:00+00:00,787.7999877929688,789.2000122070312,778.7999877929688,779.4000244140625,779.1691284179688,1999058,0.0,0.0
2025-02-19 00:00:00+00:00,778.0,780.5999755859375,766.5999755859375,769.4000244140625,769.1720581054688,1796984,0.0,0.0
2025-02-20 00:00:00+00:00,770.2000122070312,772.7999877929688,762.5999755859375,765.7999877929688,765.5730590820312,2703634,0.0,0.0
2025-02-21 00:00:00+00:00,766.4000244140625,777.4000244140625,765.0399780273438,772.4000244140625,772.1712036132812,2971096,0.0,0.0
2025-02-24 00:00:00+00:00,772.0,784.0,771.2000122070312,782.5999755859375,782.3681030273438,1548810,0.0,0.0
2025-02-25 00:00:00+00:00,781.0,789.7999877929688,779.5999755859375,785.5999755859375,785.3671875,1499920,0.0,0.0
2025-02-26 00:00:00+00:00,788.0,796.2000122070312,786.4000244140625,788.7999877929688,788.5663452148438,1700383,0.0,0.0
2025-02-27 00:00:00+00:00,783.0,783.7999877929688,768.5999755859375,776.2000122070312,775.9700927734375,1991074,0.0,0.0
2025-02-28 00:00:00+00:00,767.2000122070312,779.2000122070312,767.0,775.5999755859375,775.3702392578125,5793569,0.0,0.0
2025-03-03 00:00:00+00:00,774.4000244140625,788.5999755859375,772.5999755859375,788.5999755859375,788.3663330078125,2917931,0.0,0.0
2025-03-04 00:00:00+00:00,785.0,788.7999877929688,777.5999755859375,780.4000244140625,780.1688842773438,1865807,0.0,0.0
2025-03-05 00:00:00+00:00,779.2000122070312,792.0,769.0,772.0,771.7713623046875,1371143,0.0,0.0
2025-03-06 00:00:00+00:00,777.0,777.0,766.5999755859375,775.4000244140625,775.1702880859375,1967067,0.0,0.0
2025-03-07 00:00:00+00:00,773.2000122070312,782.4000244140625,769.4000244140625,782.4000244140625,782.168212890625,1504897,0.0,0.0
2025-03-10 00:00:00+00:00,789.0,791.4000244140625,775.4000244140625,777.5999755859375,777.36962890625,2532791,0.0,0.0
2025-03-11 00:00:00+00:00,776.2000122070312,781.7999877929688,754.7999877929688,757.0,756.7756958007812,2158214,0.0,0.0
2025-03-12 00:00:00+00:00,754.2000122070312,763.4000244140625,751.7999877929688,758.4000244140625,758.1753540039062,2119516,0.0,0.0
2025-03-13 00:00:00+00:00,756.5999755859375,761.2000122070312,751.0,752.0,751.7772216796875,12545219,0.0,0.0
2025-03-14 00:00:00+00:00,751.0,763.0,751.0,763.0,762.77392578125,1818279,0.0,0.0
2025-03-17 00:00:00+00:00,763.0,765.0,760.0,762.4000244140625,762.1741333007812,1522832,0.0,0.0
2025-03-18 00:00:00+00:00,764.0,766.4000244140625,751.4000244140625,753.2000122070312,752.976806640625,2116036,0.0,0.0
2025-03-19 00:00:00+00:00,753.0,759.2000122070312,740.4000244140625,753.2000122070312,752.976806640625,3728495,0.0,0.0
2025-03-20 00:00:00+00:00,755.7999877929688,756.2000122070312,743.2000122070312,754.2000122070312,753.9765625,1863002,0.0,0.0
2025-03-21 00:00:00+00:00,749.0,751.2000122070312,737.5999755859375,739.7999877929688,739.580810546875,7497818,0.0,0.0
2025-03-24 00:00:00+00:00,741.4000244140625,752.4000244140625,738.739990234375,746.0,745.7789916992188,3037517,0.0,0.0
2025-03-25 00:00:00+00:00,748.2000122070312,760.4000244140625,746.4000244140625,756.4000244140625,756.1759643554688,3350276,0.0,0.0
2025-03-26 00:00:00+00:00,749.0,753.5999755859375,743.5999755859375,743.5999755859375,743.3796997070312,7251500,0.0,0.0
2025-03-27 00:00:00+00:00,740.4000244140625,743.5999755859375,731.4000244140625,742.0,741.7801513671875,2139212,0.0,0.0
2025-03-28 00:00:00+00:00,739.4000244140625,748.0,738.7999877929688,744.0,743.779541015625,1278595,0.0,0.0
2025-03-31 00:00:00+01:00,740.0,747.4000244140625,738.5999755859375,744.2000122070312,743.9794921875,2685342,0.0,0.0
2025-04-01 00:00:00+01:00,750.2000122070312,758.4000244140625,749.0,757.2000122070312,756.9757080078125,1824739,0.0,0.0
2025-04-02 00:00:00+01:00,754.5999755859375,756.7999877929688,743.5999755859375,753.4000244140625,753.1768188476562,1190200,0.0,0.0
2025-04-03 00:00:00+01:00,750.7999877929688,770.2000122070312,746.7999877929688,769.4000244140625,769.1720581054688,2437052,0.0,0.0
2025-04-04 00:00:00+01:00,769.4000244140625,777.4000244140625,743.2000122070312,745.2000122070312,744.979248046875,2054298,0.0,0.0
2025-04-07 00:00:00+01:00,727.2000122070312,743.7999877929688,706.0,707.0,706.7905883789062,2853570,0.0,0.0
2025-04-08 00:00:00+01:00,711.7999877929688,735.7999877929688,708.5999755859375,730.0,729.78369140625,4544218,0.0,0.0
2025-04-09 00:00:00+01:00,715.0,734.0,714.7999877929688,726.0,725.784912109375,2431049,0.0,0.0
2025-04-10 00:00:00+01:00,754.5999755859375,761.2000122070312,744.0,752.4000244140625,752.1771240234375,3443946,0.0,0.0
2025-04-11 00:00:00+01:00,757.5999755859375,762.4000244140625,746.7999877929688,758.0,757.7754516601562,4388816,0.0,0.0
2025-04-14 00:00:00+01:00,764.5999755859375,775.7999877929688,763.2000122070312,772.7999877929688,772.571044921875,1528717,0.0,0.0
2025-04-15 00:00:00+01:00,772.0,793.2000122070312,772.0,793.2000122070312,792.9649658203125,6045773,0.0,0.0
2025-04-16 00:00:00+01:00,793.0,795.4000244140625,785.4000244140625,790.7999877929688,790.5657348632812,1924083,0.0,0.0
2025-04-17 00:00:00+01:00,790.0,800.7999877929688,788.2000122070312,798.4000244140625,798.1634521484375,1528905,0.0,0.0
2025-04-22 00:00:00+01:00,797.7999877929688,808.0,797.0,802.2000122070312,801.9623413085938,8907046,0.0,0.0
2025-04-23 00:00:00+01:00,809.7999877929688,811.0,802.5999755859375,806.2000122070312,805.961181640625,7449083,0.0,0.0
2025-04-24 00:00:00+01:00,803.0,818.0,803.0,815.0,814.758544921875,2131110,0.0,0.0
2025-04-25 00:00:00+01:00,818.4000244140625,819.0,807.2000122070312,813.5999755859375,813.35888671875,1559087,0.0,0.0
2025-04-28 00:00:00+01:00,814.2000122070312,819.6320190429688,810.5999755859375,810.5999755859375,810.35986328125,1661263,0.0,0.0
2025-04-29 00:00:00+01:00,816.4000244140625,822.5999755859375,811.7999877929688,822.5999755859375,822.3563232421875,1886170,0.0,0.0
2025-04-30 00:00:00+01:00,825.4000244140625,839.2000122070312,825.2000122070312,839.2000122070312,838.9513549804688,3793293,0.0,0.0
2025-05-01 00:00:00+01:00,837.7999877929688,850.2000122070312,837.2000122070312,849.7999877929688,849.5482177734375,4555030,0.0,0.0
2025-05-02 00:00:00+01:00,855.4000244140625,867.7999877929688,850.2000122070312,862.5999755859375,862.3444213867188,1920728,0.0,0.0
2025-05-06 00:00:00+01:00,865.2000122070312,868.2000122070312,857.7999877929688,861.5999755859375,861.3446655273438,2473979,0.0,0.0
2025-05-07 00:00:00+01:00,863.2000122070312,869.4000244140625,855.5999755859375,865.0,864.7437133789062,6403719,0.0,0.0
2025-05-08 00:00:00+01:00,868.5999755859375,876.7999877929688,864.4000244140625,864.5999755859375,864.3438110351562,1726495,0.0,0.0
2025-05-09 00:00:00+01:00,864.7999877929688,867.7999877929688,856.7999877929688,860.2000122070312,859.9451904296875,2331738,0.0,0.0
2025-05-12 00:00:00+01:00,863.4000244140625,865.5999755859375,834.1920166015625,850.4000244140625,850.1480712890625,3617407,0.0,0.0
2025-05-13 00:00:00+01:00,850.5999755859375,856.0,846.5999755859375,851.7999877929688,851.547607421875,4380177,0.0,0.0
2025-05-14 00:00:00+01:00,851.2000122070312,867.7990112304688,851.2000122070312,864.5999755859375,864.3438110351562,3365141,0.0,0.0
2025-05-15 00:00:00+01:00,867.7999877929688,875.7999877929688,864.5999755859375,872.5999755859375,872.3414916992188,3403371,0.0,0.0
2025-05-16 00:00:00+01:00,873.2000122070312,882.2000122070312,869.0,878.5999755859375,878.3396606445312,1901519,0.0,0.0
2025-05-19 00:00:00+01:00,875.7999877929688,881.4000244140625,867.0,881.4000244140625,881.1388549804688,7346059,0.0,0.0
2025-05-20 00:00:00+01:00,881.5999755859375,893.4000244140625,879.2000122070312,891.4000244140625,891.135986328125,2406537,0.0,0.0
2025-05-21 00:00:00+01:00,887.0,892.2000122070312,884.4199829101562,891.4000244140625,891.135986328125,2258364,0.0,0.0
2025-05-22 00:00:00+01:00,889.4000244140625,900.7999877929688,884.7999877929688,897.5999755859375,897.3340454101562,1328487,0.0,0.0
2025-05-23 00:00:00+01:00,896.5999755859375,912.5999755859375,896.0,908.4000244140625,908.1309204101562,2461222,0.0,0.0
2025-05-27 00:00:00+01:00,911.4000244140625,920.0,901.4000244140625,901.4000244140625,901.1329956054688,2925537,0.0,0.0
2025-05-28 00:00:00+01:00,902.2000122070312,906.0,895.0,900.0,899.7333984375,2481658,0.0,0.0
2025-05-29 00:00:00+01:00,817.0,833.5999755859375,769.4000244140625,798.5999755859375,798.3634033203125,11321808,0.0,0.0
2025-05-30 00:00:00+01:00,797.4000244140625,806.8740234375,783.2000122070312,794.0,793.7647094726562,6853514,0.0,0.0
2025-06-02 00:00:00+01:00,787.5999755859375,795.4000244140625,776.2000122070312,795.4000244140625,795.1643676757812,2870709,0.0,0.0
2025-06-03 00:00:00+01:00,802.0,813.5999755859375,796.5999755859375,800.2000122070312,799.9630126953125,4010457,0.0,0.0
2025-06-04 00:00:00+01:00,792.0,804.2000122070312,781.7999877929688,796.0,795.76416015625,3289157,0.0,0.0
2025-06-05 00:00:00+01:00,798.0,801.0,785.2000122070312,789.7999877929688,789.5659790039062,3178785,0.0,0.0
2025-06-06 00:00:00+01:00,788.5999755859375,792.4000244140625,783.2000122070312,790.0,789.7659301757812,1284634,0.0,0.0
2025-06-09 00:00:00+01:00,791.4000244140625,793.0,786.0,792.4000244140625,792.165283203125,1866179,0.0,0.0
2025-06-10 00:00:00+01:00,792.7999877929688,808.5999755859375,792.5999755859375,808.0,807.7605590820312,7589037,0.0,0.0
2025-06-11 00:00:00+01:00,807.7999877929688,811.4000244140625,805.0,811.0,810.7597045898438,2327823,0.0,0.0
2025-06-12 00:00:00+01:00,808.5999755859375,822.0,806.7999877929688,818.5999755859375,818.357421875,3593777,0.0,0.0
2025-06-13 00:00:00+01:00,805.5999755859375,817.7999877929688,803.4000244140625,815.7999877929688,815.5582885742188,4379630,0.0,0.0
2025-06-16 00:00:00+01:00,814.2000122070312,817.0,800.2000122070312,812.2000122070312,811.9593505859375,2522217,0.0,0.0
2025-06-17 00:00:00+01:00,809.0,812.7999877929688,802.0,802.0,801.7623901367188,1730395,0.0,0.0
2025-06-18 00:00:00+01:00,804.4000244140625,809.4000244140625,802.0,808.4000244140625,808.1605224609375,2445132,0.0,0.0
2025-06-19 00:00:00+01:00,807.4000244140625,812.7999877929688,804.2000122070312,807.4000244140625,807.1608276367188,2062914,0.0,0.0
2025-06-20 00:00:00+01:00,813.0,818.2000122070312,806.5999755859375,807.0,806.7609252929688,3546830,0.0,0.0
2025-06-23 00:00:00+01:00,801.7999877929688,812.2000122070312,800.43798828125,812.2000122070312,811.9593505859375,1672606,0.0,0.0
2025-06-24 00:00:00+01:00,823.5999755859375,823.5999755859375,807.5999755859375,807.5999755859375,807.3607177734375,2188642,0.0,0.0
2025-06-25 00:00:00+01:00,809.7999877929688,813.4000244140625,806.0,807.4000244140625,807.1608276367188,2170176,0.0,0.0
2025-06-26 00:00:00+01:00,806.5999755859375,814.2000122070312,805.5999755859375,811.0,810.7597045898438,1516027,0.0,0.0
2025-06-27 00:00:00+01:00,813.0,821.2000122070312,807.2000122070312,821.2000122070312,820.9567260742188,1489787,0.0,0.0
2025-06-30 00:00:00+01:00,823.2000122070312,836.2000122070312,821.0,824.4000244140625,824.15576171875,3214433,0.0,0.0
2025-07-01 00:00:00+01:00,820.0,823.7999877929688,810.0,821.4000244140625,821.1566162109375,1627746,0.0,0.0
2025-07-02 00:00:00+01:00,820.5999755859375,821.2000122070312,800.7999877929688,810.7999877929688,810.5597534179688,1778611,0.0,0.0
2025-07-03 00:00:00+01:00,810.7999877929688,819.7999877929688,810.0,819.5999755859375,819.357177734375,1406148,0.0,0.0
2025-07-04 00:00:00+01:00,819.5999755859375,819.5999755859375,806.4000244140625,810.4000244140625,810.1599731445312,585174,0.0,0.0
2025-07-07 00:00:00+01:00,809.0,821.4000244140625,808.9320068359375,819.4000244140625,819.1572265625,1046772,0.0,0.0
2025-07-08 00:00:00+01:00,817.2000122070312,820.5999755859375,811.4000244140625,813.2000122070312,812.9591064453125,1783666,0.0,0.0
2025-07-09 00:00:00+01:00,812.7999877929688,814.7999877929688,803.2000122070312,812.2000122070312,811.9593505859375,2190678,0.0,0.0
2025-07-10 00:00:00+01:00,816.5999755859375,822.5999755859375,813.5999755859375,820.2000122070312,819.9569702148438,1666900,0.0,0.0
2025-07-11 00:00:00+01:00,819.5999755859375,826.4000244140625,817.5999755859375,824.5999755859375,824.355712890625,1921192,0.0,0.0
2025-07-14 00:00:00+01:00,822.2000122070312,830.0,819.0,830.0,829.7540893554688,1944202,0.0,0.0
2025-07-15 00:00:00+01:00,832.0,836.4000244140625,825.6480102539062,829.7999877929688,829.5541381835938,2405528,0.0,0.0
2025-07-16 00:00:00+01:00,826.5999755859375,829.4000244140625,820.0,822.7999877929688,822.5562133789062,1316447,0.0,0.0
2025-07-17 00:00:00+01:00,828.0,829.5999755859375,820.4000244140625,827.2000122070312,826.9549560546875,1048043,0.0,0.0
2025-07-18 00:00:00+01:00,830.7999877929688,833.4000244140625,826.5999755859375,828.0,827.7546997070312,1516677,0.0,0.0
2025-07-21 00:00:00+01:00,825.2000122070312,830.7999877929688,819.5999755859375,827.4000244140625,827.1549072265625,934852,0.0,0.0
2025-07-22 00:00:00+01:00,826.4000244140625,829.5999755859375,825.0,828.0,827.7546997070312,1420897,0.0,0.0
2025-07-23 00:00:00+01:00,836.0,836.0,823.4000244140625,824.2000122070312,823.955810546875,1189072,0.0,0.0
2025-07-24 00:00:00+01:00,826.5999755859375,840.5999755859375,824.7999877929688,837.0,836.7520751953125,1280859,0.0,0.0
2025-07-25 00:00:00+01:00,837.4000244140625,837.7999877929688,828.7999877929688,835.7999877929688,835.5523681640625,4496468,0.0,0.0
2025-07-28 00:00:00+01:00,842.7999877929688,842.7999877929688,828.5999755859375,832.5999755859375,832.353271484375,1870356,0.0,0.0
2025-07-29 00:00:00+01:00,833.7999877929688,834.5999755859375,825.0,825.0,824.7555541992188,1163193,0.0,0.0
2025-07-30 00:00:00+01:00,825.2000122070312,827.2000122070312,820.2000122070312,826.5999755859375,826.3551025390625,1039967,0.0,0.0
2025-07-31 00:00:00+01:00,836.5999755859375,838.7999877929688,829.2000122070312,837.4000244140625,837.1519775390625,2109599,0.0,0.0
2025-08-01 00:00:00+01:00,832.0,834.5999755859375,823.2440185546875,827.0,826.7549438476562,1413081,0.0,0.0
2025-08-04 00:00:00+01:00,827.4000244140625,837.5999755859375,826.7999877929688,833.4000244140625,833.153076171875,2409284,0.0,0.0
2025-08-05 00:00:00+01:00,834.5999755859375,837.5,823.5999755859375,829.0,828.75439453125,1470235,0.0,0.0
2025-08-06 00:00:00+01:00,834.7999877929688,834.7999877929688,828.4000244140625,832.4000244140625,832.1533813476562,2024141,0.0,0.0
2025-08-07 00:00:00+01:00,832.2000122070312,844.4000244140625,832.2000122070312,836.7999877929688,836.5520629882812,1215669,0.0,0.0
2025-08-08 00:00:00+01:00,836.0,838.4000244140625,819.0,819.0,818.7573852539062,1234160,0.0,0.0
2025-08-11 00:00:00+01:00,821.4000244140625,823.5999755859375,816.5999755859375,816.7999877929688,816.5579833984375,773443,0.0,0.0
2025-08-12 00:00:00+01:00,820.0,821.5999755859375,806.5999755859375,812.7999877929688,812.5592041015625,574594,0.0,0.0
2025-08-13 00:00:00+01:00,815.5999755859375,818.5999755859375,808.4000244140625,811.7999877929688,811.5594482421875,1185207,0.0,0.0
2025-08-14 00:00:00+01:00,815.5999755859375,819.0,810.5999755859375,812.5999755859375,812.3591918945312,987187,0.0,0.0
2025-08-15 00:00:00+01:00,817.0,818.4000244140625,804.0,804.0,803.7618408203125,1123000,0.0,0.0
2025-08-18 00:00:00+01:00,808.7999877929688,813.4000244140625,805.7999877929688,811.7999877929688,811.5594482421875,884327,0.0,0.0
2025-08-19 00:00:00+01:00,814.2000122070312,819.5999755859375,811.5999755859375,818.4000244140625,818.1575927734375,1343385,0.0,0.0
2025-08-20 00:00:00+01:00,817.5999755859375,830.2340087890625,811.7999877929688,826.7999877929688,826.5550537109375,1407669,0.0,0.0
2025-08-21 00:00:00+01:00,829.7999877929688,831.2000122070312,821.7999877929688,823.4000244140625,823.1560668945312,1508434,0.0,0.0
2025-08-22 00:00:00+01:00,820.0,826.0,815.0,824.2000122070312,823.955810546875,758590,0.0,0.0
2025-08-26 00:00:00+01:00,821.5999755859375,825.7999877929688,816.2000122070312,821.5999755859375,821.3565673828125,2909135,0.0,0.0
2025-08-27 00:00:00+01:00,821.7999877929688,824.4000244140625,814.2000122070312,817.5999755859375,817.3577270507812,967837,0.0,0.0
2025-08-28 00:00:00+01:00,812.2000122070312,812.2000122070312,797.2000122070312,804.7999877929688,804.6314697265625,931456,7.1000004,0.0
2025-08-29 00:00:00+01:00,804.7999877929688,806.2000122070312,794.7999877929688,803.2000122070312,803.03173828125,1488890,0.0,0.0
2025-09-01 00:00:00+01:00,803.7999877929688,805.0360107421875,798.7999877929688,800.0,799.8324584960938,773911,0.0,0.0
2025-09-02 00:00:00+01:00,796.5999755859375,798.9000244140625,770.7999877929688,770.7999877929688,770.6385498046875,1612942,0.0,0.0
2025-09-03 00:00:00+01:00,774.4000244140625,777.5999755859375,768.0,776.0,775.8374633789062,2125843,0.0,0.0
2025-09-04 00:00:00+01:00,779.2000122070312,795.7999877929688,776.7999877929688,794.5999755859375,794.43359375,1559494,0.0,0.0
2025-09-05 00:00:00+01:00,800.0,805.2000122070312,794.7100219726562,803.7999877929688,803.6316528320312,2079063,0.0,0.0
2025-09-08 00:00:00+01:00,803.5999755859375,809.0260009765625,802.4000244140625,804.5999755859375,804.4314575195312,1424995,0.0,0.0
2025-09-09 00:00:00+01:00,807.2000122070312,816.1929931640625,801.2000122070312,813.4000244140625,813.2296752929688,1427172,0.0,0.0
2025-09-10 00:00:00+01:00,814.4000244140625,821.1840209960938,786.4000244140625,788.2000122070312,788.034912109375,2282236,0.0,0.0
2025-09-11 00:00:00+01:00,789.0,791.7999877929688,779.0,783.4000244140625,783.2359008789062,2063175,0.0,0.0
2025-09-12 00:00:00+01:00,787.4000244140625,789.4000244140625,783.2000122070312,788.0,787.8349609375,1474787,0.0,0.0
2025-09-15 00:00:00+01:00,794.4000244140625,794.4000244140625,779.4000244140625,788.2000122070312,788.034912109375,7072529,0.0,0.0
2025-09-16 00:00:00+01:00,790.4000244140625,797.7999877929688,776.7999877929688,779.0,778.8368530273438,1884588,0.0,0.0
2025-09-17 00:00:00+01:00,783.4000244140625,784.4000244140625,775.0,775.0,774.837646484375,1575735,0.0,0.0
2025-09-18 00:00:00+01:00,773.4000244140625,788.0,773.4000244140625,783.0,782.8359985351562,1232991,0.0,0.0
2025-09-19 00:00:00+01:00,784.2000122070312,784.5999755859375,768.0,770.2000122070312,770.0386962890625,3722598,0.0,0.0
2025-09-22 00:00:00+01:00,765.7999877929688,777.2000122070312,765.7999877929688,772.7999877929688,772.6381225585938,1786211,0.0,0.0
2025-09-23 00:00:00+01:00,772.5999755859375,779.6599731445312,768.7999877929688,768.7999877929688,768.6389770507812,2645217,0.0,0.0
2025-09-24 00:00:00+01:00,763.4000244140625,773.2000122070312,763.4000244140625,766.2000122070312,766.03955078125,3062148,0.0,0.0
2025-09-25 00:00:00+01:00,753.4000244140625,769.2000122070312,753.4000244140625,761.0,760.840576171875,1411345,0.0,0.0
2025-09-26 00:00:00+01:00,769.2000122070312,769.2000122070312,761.0,766.2000122070312,766.03955078125,5891230,0.0,0.0
2025-09-29 00:00:00+01:00,772.0,777.2000122070312,765.7999877929688,777.0,776.8372802734375,1449157,0.0,0.0
2025-09-30 00:00:00+01:00,777.4000244140625,790.4000244140625,775.5999755859375,788.2000122070312,788.034912109375,2612573,0.0,0.0
2025-10-01 00:00:00+01:00,783.2000122070312,783.4000244140625,772.405029296875,774.0,773.837890625,4815714,0.0,0.0
2025-10-02 00:00:00+01:00,775.7999877929688,778.0,766.2000122070312,776.4000244140625,776.2374267578125,2516438,0.0,0.0
2025-10-03 00:00:00+01:00,777.0,787.5999755859375,773.5999755859375,781.7999877929688,781.63623046875,2121108,0.0,0.0
2025-10-06 00:00:00+01:00,781.7999877929688,791.0,779.4000244140625,781.7999877929688,781.63623046875,984071,0.0,0.0
2025-10-07 00:00:00+01:00,780.7999877929688,788.5999755859375,779.2000122070312,787.7999877929688,787.635009765625,1426376,0.0,0.0
2025-10-08 00:00:00+01:00,787.5999755859375,790.7999877929688,778.0,779.0,778.8368530273438,1779351,0.0,0.0
2025-10-09 00:00:00+01:00,779.5999755859375,780.4000244140625,771.9409790039062,776.0,775.8374633789062,2771151,0.0,0.0
2025-10-10 00:00:00+01:00,780.0,780.0,767.0,767.5999755859375,767.439208984375,1296873,0.0,0.0
2025-10-13 00:00:00+01:00,769.4000244140625,771.0,758.0,765.5999755859375,765.4396362304688,8301689,0.0,0.0
2025-10-14 00:00:00+01:00,764.4000244140625,771.2650146484375,761.7999877929688,769.2000122070312,769.0388793945312,1830842,0.0,0.0
2025-10-15 00:00:00+01:00,768.5999755859375,775.5999755859375,762.7999877929688,775.0,774.837646484375,1654558,0.0,0.0
2025-10-16 00:00:00+01:00,776.4000244140625,778.4000244140625,770.0,776.2000122070312,776.0374145507812,1914187,0.0,0.0
2025-10-17 00:00:00+01:00,770.2000122070312,778.0,766.5999755859375,774.0,773.837890625,2728171,0.0,0.0
2025-10-20 00:00:00+01:00,776.0,783.9000244140625,774.5999755859375,782.0,781.8362426757812,1628696,0.0,0.0
2025-10-21 00:00:00+01:00,783.4000244140625,797.5999755859375,782.4000244140625,797.0,796.8330688476562,2297279,0.0,0.0
2025-10-22 00:00:00+01:00,800.2000122070312,811.4000244140625,797.2000122070312,810.0,809.830322265625,2676955,0.0,0.0
2025-10-23 00:00:00+01:00,808.5999755859375,817.4000244140625,805.7999877929688,816.0,815.8291015625,1071257,0.0,0.0
2025-10-24 00:00:00+01:00,819.0,819.5999755859375,812.0,814.2000122070312,814.0294799804688,1481146,0.0,0.0
2025-10-27 00:00:00+00:00,816.4000244140625,818.2000122070312,810.0,810.0,809.830322265625,4160134,0.0,0.0
2025-10-28 00:00:00+00:00,807.5999755859375,812.7999877929688,803.5999755859375,809.4000244140625,809.2305297851562,4244099,0.0,0.0
2025-10-29 00:00:00+00:00,811.2000122070312,811.7999877929688,792.0,793.5999755859375,793.4337768554688,6858815,0.0,0.0
2025-10-30 00:00:00+00:00,792.2000122070312,810.5999755859375,792.2000122070312,808.7999877929688,808.6305541992188,9316740,0.0,0.0
2025-10-31 00:00:00+00:00,802.4000244140625,804.0,776.2000122070312,780.4000244140625,780.236572265625,2815592,0.0,0.0
2025-11-03 00:00:00+00:00,779.5999755859375,784.7999877929688,774.7999877929688,778.7999877929688,778.6368408203125,3033595,0.0,0.0
2025-11-04 00:00:00+00:00,777.0,780.2000122070312,765.5999755859375,769.5999755859375,769.4387817382812,1898729,0.0,0.0
2025-11-05 00:00:00+00:00,766.0,774.4000244140625,762.5430297851562,774.0,773.837890625,2955436,0.0,0.0
2025-11-06 00:00:00+00:00,828.7999877929688,828.7999877929688,766.4000244140625,798.5999755859375,798.4326782226562,5761092,0.0,0.0
2025-11-07 00:00:00+00:00,796.0,798.2000122070312,738.7999877929688,751.2000122070312,751.042724609375,2698056,0.0,0.0
2025-11-10 00:00:00+00:00,750.4000244140625,762.7999877929688,746.5999755859375,751.0,750.8427124023438,3735018,0.0,0.0
2025-11-11 00:00:00+00:00,752.7999877929688,755.2000122070312,729.0,729.4000244140625,729.2472534179688,7211707,0.0,0.0
2025-11-12 00:00:00+00:00,715.0,719.5999755859375,702.5999755859375,702.5999755859375,702.4528198242188,4488898,0.0,0.0
2025-11-13 00:00:00+00:00,703.2000122070312,708.5999755859375,691.0,692.0,691.8550415039062,3778572,0.0,0.0
2025-11-14 00:00:00+00:00,680.0,691.0,676.0,691.0,690.855224609375,3025615,0.0,0.0
2025-11-17 00:00:00+00:00,692.4000244140625,694.7999877929688,676.5999755859375,676.5999755859375,676.458251953125,7424829,0.0,0.0
2025-11-18 00:00:00+00:00,677.0,680.0,672.5999755859375,672.5999755859375,672.4591064453125,3375849,0.0,0.0
2025-11-19 00:00:00+00:00,670.2000122070312,676.0,659.0,660.7999877929688,660.66162109375,2332190,0.0,0.0
2025-11-20 00:00:00+00:00,665.7999877929688,668.2000122070312,657.5999755859375,657.5999755859375,657.4622802734375,1902335,0.0,0.0
2025-11-21 00:00:00+00:00,655.2000122070312,663.0,649.0,659.4000244140625,659.2619018554688,10999400,0.0,0.0
2025-11-24 00:00:00+00:00,662.5999755859375,662.5999755859375,652.9669799804688,653.0,652.8632202148438,7349582,0.0,0.0
2025-11-25 00:00:00+00:00,647.4000244140625,647.5999755859375,633.4000244140625,645.4000244140625,645.2648315429688,2869396,0.0,0.0
2025-11-26 00:00:00+00:00,647.0,649.7999877929688,642.4000244140625,642.4000244140625,642.2655029296875,3933299,0.0,0.0
2025-11-27 00:00:00+00:00,640.2000122070312,643.7999877929688,637.7999877929688,642.7999877929688,642.6654052734375,1506350,0.0,0.0
2025-11-28 00:00:00+00:00,643.0,646.4000244140625,637.0,639.0,638.8662109375,2139846,0.0,0.0
2025-12-01 00:00:00+00:00,637.5999755859375,640.7999877929688,631.6400146484375,634.4000244140625,634.2671508789062,2836353,0.0,0.0
2025-12-02 00:00:00+00:00,632.4000244140625,635.0,620.2000122070312,620.7999877929688,620.6699829101562,3652592,0.0,0.0
2025-12-03 00:00:00+00:00,622.7999877929688,624.5999755859375,615.4000244140625,622.2000122070312,622.0697021484375,3203923,0.0,0.0
2025-12-04 00:00:00+00:00,621.0,622.5999755859375,606.7999877929688,608.4000244140625,608.2725830078125,4323324,0.0,0.0
2025-12-05 00:00:00+00:00,611.7999877929688,613.7999877929688,607.0,608.0,607.8726806640625,4207352,0.0,0.0
2025-12-08 00:00:00+00:00,608.4000244140625,609.0,596.4000244140625,596.4000244140625,596.275146484375,7148195,0.0,0.0
2025-12-09 00:00:00+00:00,595.0,600.2000122070312,593.5999755859375,596.2000122070312,596.0751342773438,6964582,0.0,0.0
2025-12-10 00:00:00+00:00,593.2000122070312,599.4000244140625,592.4660034179688,599.2000122070312,599.0745239257812,6332397,0.0,0.0
2025-12-11 00:00:00+00:00,600.2000122070312,600.9240112304688,593.2000122070312,594.7999877929688,594.6754150390625,6224588,0.0,0.0
2025-12-12 00:00:00+00:00,594.5999755859375,603.2000122070312,594.0,602.0,601.8739013671875,4213867,0.0,0.0
2025-12-15 00:00:00+00:00,603.4000244140625,623.4000244140625,603.4000244140625,621.0,620.8699340820312,6023639,0.0,0.0
2025-12-16 00:00:00+00:00,619.5999755859375,622.9240112304688,608.0,609.4000244140625,609.2723999023438,6880751,0.0,0.0
2025-12-17 00:00:00+00:00,611.5999755859375,613.7999877929688,609.2000122070312,613.2000122070312,613.0715942382812,3410264,0.0,0.0
2025-12-18 00:00:00+00:00,616.0,616.0,605.5999755859375,610.0,609.8721923828125,3501994,0.0,0.0
2025-12-19 00:00:00+00:00,606.4000244140625,609.1799926757812,594.2000122070312,601.0,600.8741455078125,5708572,0.0,0.0
2025-12-22 00:00:00+00:00,599.7999877929688,601.4000244140625,593.0,596.0,595.8751831054688,3166538,0.0,0.0
2025-12-23 00:00:00+00:00,595.7999877929688,595.7999877929688,590.5999755859375,590.5999755859375,590.4762573242188,1105575,0.0,0.0
2025-12-24 00:00:00+00:00,590.0,590.0,585.2000122070312,586.5999755859375,586.4771118164062,666247,0.0,0.0
2025-12-29 00:00:00+00:00,585.4000244140625,593.7999877929688,583.2000122070312,584.7999877929688,584.677490234375,1368077,0.0,0.0
2025-12-30 00:00:00+00:00,586.0,588.0,584.0,587.2000122070312,587.0770263671875,1310802,0.0,0.0
