Date,Open,High,Low,Close,Adj Close,Volume,Dividends,Stock Splits
2021-01-04 00:00:00+00:00,2463.0,2562.0,2447.0,2530.0,2526.513427734375,625230,0.0,0.0
2021-01-05 00:00:00+00:00,2517.0,2540.0,2504.0,2522.0,2518.525146484375,525874,0.0,0.0
2021-01-06 00:00:00+00:00,2468.0,2508.0,2456.0,2501.0,2497.5537109375,1001320,0.0,0.0
2021-01-07 00:00:00+00:00,2512.0,2543.0,2494.0,2531.0,2527.5126953125,710575,0.0,0.0
2021-01-08 00:00:00+00:00,2546.0,2546.0,2492.0,2505.0,2501.548095703125,698415,0.0,0.0
2021-01-11 00:00:00+00:00,2502.0,2530.0,2483.0,2483.0,2479.578125,522238,0.0,0.0
2021-01-12 00:00:00+00:00,2491.0,2496.0,2441.0,2467.0,2463.60009765625,617501,0.0,0.0
2021-01-13 00:00:00+00:00,2478.0,2520.0,2465.0,2491.0,2487.5673828125,678021,0.0,0.0
2021-01-14 00:00:00+00:00,2496.0,2503.0,2442.0,2457.0,2453.6142578125,498307,0.0,0.0
2021-01-15 00:00:00+00:00,2440.0,2470.0,2425.0,2438.0,2434.640625,498507,0.0,0.0
2021-01-18 00:00:00+00:00,2438.0,2456.0,2430.0,2435.0,2431.644775390625,276007,0.0,0.0
2021-01-19 00:00:00+00:00,2470.0,2470.0,2430.0,2430.0,2426.6513671875,857721,0.0,0.0
2021-01-20 00:00:00+00:00,2432.0,2451.0,2408.0,2420.0,2416.6650390625,846711,0.0,0.0
2021-01-21 00:00:00+00:00,2431.0,2452.0,2418.0,2446.0,2442.629638671875,570418,0.0,0.0
2021-01-22 00:00:00+00:00,2409.0,2436.0,2389.0,2408.0,2404.681640625,703483,0.0,0.0
2021-01-25 00:00:00+00:00,2420.0,2473.0,2420.0,2454.0,2450.618896484375,654194,0.0,0.0
2021-01-26 00:00:00+00:00,2451.0,2510.0,2403.0,2403.0,2399.68896484375,900401,0.0,0.0
2021-01-27 00:00:00+00:00,2403.0,2440.0,2375.0,2405.0,2401.686279296875,958410,0.0,0.0
2021-01-28 00:00:00+00:00,2395.0,2438.448974609375,2363.912109375,2409.0,2405.680419921875,681066,0.0,0.0
2021-01-29 00:00:00+00:00,2370.0,2402.862060546875,2348.0,2350.0,2346.76171875,1286014,0.0,0.0
2021-02-01 00:00:00+00:00,2370.0,2406.0,2361.0,2404.0,2400.68701171875,408268,0.0,0.0
2021-02-02 00:00:00+00:00,2407.0,2473.0,2396.0,2464.0,2460.6044921875,679321,0.0,0.0
2021-02-03 00:00:00+00:00,2468.0,2488.0,2410.284912109375,2419.0,2415.666748046875,550313,0.0,0.0
2021-02-04 00:00:00+00:00,2421.0,2451.0,2373.0,2381.0,2377.71923828125,533681,0.0,0.0
2021-02-05 00:00:00+00:00,2377.0,2386.0,2342.0,2342.0,2338.772705078125,556662,0.0,0.0
2021-02-08 00:00:00+00:00,2347.0,2401.0,2341.0,2364.0,2360.7421875,674388,0.0,0.0
2021-02-09 00:00:00+00:00,2360.0,2376.0,2313.0,2313.0,2309.8125,706845,0.0,0.0
2021-02-10 00:00:00+00:00,2323.0,2329.0,2275.0,2284.0,2280.8525390625,2334338,0.0,0.0
2021-02-11 00:00:00+00:00,2289.0,2344.0,2274.0,2316.0,2312.80908203125,746367,0.0,0.0
2021-02-12 00:00:00+00:00,2313.0,2343.0,2305.0,2343.0,2339.771240234375,367820,0.0,0.0
2021-02-15 00:00:00+00:00,2343.0,2368.0,2326.0,2346.0,2342.767578125,490617,0.0,0.0
2021-02-16 00:00:00+00:00,2348.0,2362.0,2330.0,2346.0,2342.767578125,288808,0.0,0.0
2021-02-17 00:00:00+00:00,2353.0,2353.0,2306.0,2311.0,2307.81591796875,656973,0.0,0.0
2021-02-18 00:00:00+00:00,2307.0,2336.47509765625,2287.0,2299.0,2295.83203125,463420,0.0,0.0
2021-02-19 00:00:00+00:00,2303.0,2312.0,2282.0,2282.0,2278.855224609375,949763,0.0,0.0
2021-02-22 00:00:00+00:00,2272.0,2277.0,2238.0,2250.0,2246.8994140625,540657,0.0,0.0
2021-02-23 00:00:00+00:00,2255.0,2277.0,2200.0,2261.0,2257.884033203125,1119370,0.0,0.0
2021-02-24 00:00:00+00:00,2265.0,2284.0,2225.5,2260.0,2256.885986328125,687260,0.0,0.0
2021-02-25 00:00:00+00:00,2261.0,2286.0,2253.0,2273.0,2269.867919921875,679751,0.0,0.0
2021-02-26 00:00:00+00:00,2270.0,2285.0,2227.0,2237.0,2233.91748046875,1339949,0.0,0.0
2021-03-01 00:00:00+00:00,2237.0,2261.0,2144.0,2255.0,2251.892822265625,1059097,0.0,0.0
2021-03-02 00:00:00+00:00,2255.0,2310.0,2230.27197265625,2249.0,2245.900634765625,923570,0.0,0.0
2021-03-03 00:00:00+00:00,2299.0,2315.0,2247.0,2266.0,2262.877197265625,895529,0.0,0.0
2021-03-04 00:00:00+00:00,2255.0,2255.0,2209.0,2226.0,2222.9326171875,731132,0.0,0.0
2021-03-05 00:00:00+00:00,2217.0,2227.0,2172.0,2178.0,2174.998779296875,666579,0.0,0.0
2021-03-08 00:00:00+00:00,2188.0,2191.0,2122.0,2150.0,2147.03759765625,1206845,0.0,0.0
2021-03-09 00:00:00+00:00,2149.0,2233.0,2135.0,2215.0,2211.947509765625,1971143,0.0,0.0
2021-03-10 00:00:00+00:00,2215.0,2261.0,2202.0,2246.0,2242.90478515625,729117,0.0,0.0
2021-03-11 00:00:00+00:00,2248.0,2287.0,2243.0,2243.0,2239.9091796875,905631,0.0,0.0
2021-03-12 00:00:00+00:00,2243.0,2275.0,2223.7119140625,2240.0,2236.913330078125,606052,0.0,0.0
2021-03-15 00:00:00+00:00,2244.0,2271.0,2227.0,2242.0,2238.91015625,552683,0.0,0.0
2021-03-16 00:00:00+00:00,2249.0,2282.0,2249.0,2276.0,2272.86376953125,910787,0.0,0.0
2021-03-17 00:00:00+00:00,2277.0,2286.0,2256.0,2266.0,2262.877197265625,636505,0.0,0.0
2021-03-18 00:00:00+00:00,2275.0,2278.0,2240.0,2262.0,2258.883056640625,780743,0.0,0.0
2021-03-19 00:00:00+00:00,2258.0,2274.0,2225.0,2250.0,2246.8994140625,1368224,0.0,0.0
2021-03-22 00:00:00+00:00,2251.0,2300.0,2237.0,2297.0,2293.834716796875,579426,0.0,0.0
2021-03-23 00:00:00+00:00,2333.0,2375.0,2303.0,2353.0,2349.757568359375,978813,0.0,0.0
2021-03-24 00:00:00+00:00,2347.0,2369.0,2316.0,2318.0,2314.805908203125,573902,0.0,0.0
2021-03-25 00:00:00+00:00,2309.0,2360.0,2300.0400390625,2326.0,2322.794677734375,791583,0.0,0.0
2021-03-26 00:00:00+00:00,2335.0,2344.0,2284.0,2303.0,2299.826171875,556640,0.0,0.0
2021-03-29 00:00:00+01:00,2303.0,2342.0,2259.721923828125,2298.0,2294.833740234375,794736,0.0,0.0
2021-03-30 00:00:00+01:00,2305.0,2310.0,2272.0,2302.0,2298.827880859375,695762,0.0,0.0
2021-03-31 00:00:00+01:00,2304.0,2355.0,2297.0,2323.0,2319.799072265625,901702,0.0,0.0
2021-04-01 00:00:00+01:00,2324.0,2363.0,2321.0,2360.0,2356.747802734375,492190,0.0,0.0
2021-04-06 00:00:00+01:00,2356.0,2380.0,2315.0,2325.0,2321.79638671875,806262,0.0,0.0
2021-04-07 00:00:00+01:00,2336.0,2390.0,2335.0,2380.0,2376.720458984375,912127,0.0,0.0
2021-04-08 00:00:00+01:00,2384.0,2403.0,2378.0,2403.0,2399.68896484375,1041446,0.0,0.0
2021-04-09 00:00:00+01:00,2404.0,2416.0,2382.0,2409.0,2405.680419921875,820035,0.0,0.0
2021-04-12 00:00:00+01:00,2406.0,2472.0,2384.449951171875,2434.0,2430.646240234375,1201408,0.0,0.0
2021-04-13 00:00:00+01:00,2434.0,2478.0,2434.0,2455.0,2451.61669921875,951765,0.0,0.0
2021-04-14 00:00:00+01:00,2451.0,2458.0,2433.0,2433.0,2429.6474609375,670463,0.0,0.0
2021-04-15 00:00:00+01:00,2441.0,2499.0,2440.0,2479.0,2475.583984375,829457,0.0,0.0
2021-04-16 00:00:00+01:00,2485.0,2510.31494140625,2477.0,2508.0,2504.5439453125,769913,0.0,0.0
2021-04-19 00:00:00+01:00,2518.0,2533.0,2501.0,2520.0,2516.527587890625,747393,0.0,0.0
2021-04-20 00:00:00+01:00,2521.0,2536.0,2501.0,2504.0,2500.54931640625,836460,0.0,0.0
2021-04-21 00:00:00+01:00,2438.0,2528.0,2394.0,2424.0,2420.65966796875,1647288,0.0,0.0
2021-04-22 00:00:00+01:00,2436.0,2467.0,2422.0,2456.0,2452.61572265625,984053,0.0,0.0
2021-04-23 00:00:00+01:00,2438.0,2457.0,2436.0,2454.0,2450.618896484375,795189,0.0,0.0
2021-04-26 00:00:00+01:00,2456.0,2469.0,2446.0,2448.0,2444.626708984375,446732,0.0,0.0
2021-04-27 00:00:00+01:00,2425.0,2446.0,2318.0,2341.0,2337.773681640625,1392679,0.0,0.0
2021-04-28 00:00:00+01:00,2335.0,2349.0,2291.0,2291.0,2287.8427734375,928882,0.0,0.0
2021-04-29 00:00:00+01:00,2296.0,2319.0,2281.052001953125,2310.0,2306.816650390625,757655,0.0,0.0
2021-04-30 00:00:00+01:00,2319.0,2339.0,2305.0,2327.0,2323.79345703125,940156,0.0,0.0
2021-05-04 00:00:00+01:00,2338.0,2355.0,2304.0,2305.0,2301.82373046875,678865,0.0,0.0
2021-05-05 00:00:00+01:00,2313.0,2343.0,2309.550048828125,2320.0,2316.80322265625,843491,0.0,0.0
2021-05-06 00:00:00+01:00,2328.0,2358.0,2320.0,2338.0,2334.7783203125,640245,0.0,0.0
2021-05-07 00:00:00+01:00,2351.0,2359.0,2333.0,2348.0,2344.764404296875,521802,0.0,0.0
2021-05-10 00:00:00+01:00,2351.0,2352.0,2305.0,2316.0,2312.80908203125,787464,0.0,0.0
2021-05-11 00:00:00+01:00,2292.0,2304.0,2255.0,2270.0,2266.871826171875,1064650,0.0,0.0
2021-05-12 00:00:00+01:00,2264.0,2307.0,2263.0,2280.0,2276.85791015625,444895,0.0,0.0
2021-05-13 00:00:00+01:00,2254.0,2287.0,2225.0,2282.0,2278.855224609375,673314,0.0,0.0
2021-05-14 00:00:00+01:00,2300.0,2312.0,2293.490966796875,2306.0,2302.822265625,373783,0.0,0.0
2021-05-17 00:00:00+01:00,2305.0,2336.0,2301.0,2320.0,2316.80322265625,731443,0.0,0.0
2021-05-18 00:00:00+01:00,2339.0,2350.9150390625,2306.0,2307.0,2303.8212890625,469161,0.0,0.0
2021-05-19 00:00:00+01:00,2280.0,2296.0,2269.0,2296.0,2292.83642578125,574770,0.0,0.0
2021-05-20 00:00:00+01:00,2280.0,2298.0,2272.0,2284.0,2281.233154296875,710085,38.3,0.0
2021-05-21 00:00:00+01:00,2290.0,2292.655029296875,2265.0,2284.0,2281.233154296875,587975,0.0,0.0
2021-05-24 00:00:00+01:00,2278.0,2294.0,2269.0,2288.0,2285.228271484375,362601,0.0,0.0
2021-05-25 00:00:00+01:00,2279.0,2297.0,2272.0,2276.0,2273.242919921875,488112,0.0,0.0
2021-05-26 00:00:00+01:00,2280.0,2296.0,2275.0,2283.0,2280.234375,1029742,0.0,0.0
2021-05-27 00:00:00+01:00,2280.0,2286.0,2251.0,2251.0,2248.2734375,1835670,0.0,0.0
2021-05-28 00:00:00+01:00,2262.0,2313.0,2253.0,2285.0,2282.23193359375,1219661,0.0,0.0
2021-06-01 00:00:00+01:00,2289.0,2320.0,2280.0,2280.0,2277.23779296875,924564,0.0,0.0
2021-06-02 00:00:00+01:00,2292.0,2313.0,2286.0,2311.0,2308.200927734375,554793,0.0,0.0
2021-06-03 00:00:00+01:00,2317.0,2322.39990234375,2300.0,2311.0,2308.200927734375,501277,0.0,0.0
2021-06-04 00:00:00+01:00,2275.0,2291.10009765625,2232.0,2272.0,2269.248046875,1192269,0.0,0.0
2021-06-07 00:00:00+01:00,2279.0,2286.0,2267.0,2272.0,2269.248046875,541712,0.0,0.0
2021-06-08 00:00:00+01:00,2272.0,2287.0,2240.0,2280.0,2277.23779296875,851496,0.0,0.0
2021-06-09 00:00:00+01:00,2278.0,2302.0,2268.0,2282.0,2279.235595703125,740276,0.0,0.0
2021-06-10 00:00:00+01:00,2285.0,2296.0,2240.0,2258.0,2255.2646484375,1019362,0.0,0.0
2021-06-11 00:00:00+01:00,2264.0,2319.0,2263.0,2308.0,2305.204345703125,907719,0.0,0.0
2021-06-14 00:00:00+01:00,2321.0,2332.0,2285.0,2285.0,2282.23193359375,1070941,0.0,0.0
2021-06-15 00:00:00+01:00,2294.0,2320.0,2275.0,2304.0,2301.209228515625,751933,0.0,0.0
2021-06-16 00:00:00+01:00,2315.0,2380.0,2307.0,2354.0,2351.148681640625,1010707,0.0,0.0
2021-06-17 00:00:00+01:00,2354.0,2358.0,2333.0,2339.0,2336.16650390625,947632,0.0,0.0
2021-06-18 00:00:00+01:00,2343.0,2359.0,2323.0,2331.0,2328.17626953125,1542297,0.0,0.0
2021-06-21 00:00:00+01:00,2328.0,2382.0,2319.0,2379.0,2376.118408203125,733293,0.0,0.0
2021-06-22 00:00:00+01:00,2383.0,2394.0,2364.0,2385.0,2382.1103515625,491748,0.0,0.0
2021-06-23 00:00:00+01:00,2382.0,2407.0,2356.0,2383.0,2380.11328125,1315257,0.0,0.0
2021-06-24 00:00:00+01:00,2440.0,2467.31298828125,2396.0,2400.0,2397.093017578125,1622945,0.0,0.0
2021-06-25 00:00:00+01:00,2402.0,2429.0,2397.60498046875,2415.0,2412.074462890625,967770,0.0,0.0
2021-06-28 00:00:00+01:00,2414.0,2423.0,2393.0,2407.0,2404.08447265625,639293,0.0,0.0
2021-06-29 00:00:00+01:00,2406.0,2436.0,2205.5,2431.0,2428.05517578125,941013,0.0,0.0
2021-06-30 00:00:00+01:00,2434.0,2449.0,2380.0,2389.0,2386.105712890625,1229275,0.0,0.0
2021-07-01 00:00:00+01:00,2401.0,2428.0,2383.0,2428.0,2425.058837890625,1098415,0.0,0.0
2021-07-02 00:00:00+01:00,2444.0,2446.0,2420.0,2429.0,2426.0576171875,762878,0.0,0.0
2021-07-05 00:00:00+01:00,2432.0,2442.0,2427.0,2440.0,2437.044189453125,411222,0.0,0.0
2021-07-06 00:00:00+01:00,2425.0,2458.0,2425.0,2455.0,2452.02587890625,939606,0.0,0.0
2021-07-07 00:00:00+01:00,2463.0,2484.0,2449.0,2480.0,2476.995849609375,425092,0.0,0.0
2021-07-08 00:00:00+01:00,2469.0,2479.97412109375,2451.0,2467.0,2464.01123046875,514846,0.0,0.0
2021-07-09 00:00:00+01:00,2518.0,2569.0,2515.0,2556.0,2552.903564453125,1296853,0.0,0.0
2021-07-12 00:00:00+01:00,2555.0,2584.0,2546.0,2576.0,2572.87939453125,730051,0.0,0.0
2021-07-13 00:00:00+01:00,2582.0,2620.0,2574.0,2613.0,2609.8349609375,825676,0.0,0.0
2021-07-14 00:00:00+01:00,2597.0,2606.0,2572.0,2594.0,2590.85791015625,529558,0.0,0.0
2021-07-15 00:00:00+01:00,2595.0,2621.0,2583.0,2585.0,2581.86865234375,677159,0.0,0.0
2021-07-16 00:00:00+01:00,2587.0,2602.0,2569.0,2596.0,2592.85546875,730237,0.0,0.0
2021-07-19 00:00:00+01:00,2579.0,2592.0,2560.0,2589.0,2585.86376953125,522608,0.0,0.0
2021-07-20 00:00:00+01:00,2601.0,2606.0,2576.0,2592.0,2588.860595703125,1084868,0.0,0.0
2021-07-21 00:00:00+01:00,2610.0,2633.0,2598.0,2601.0,2597.849853515625,631672,0.0,0.0
2021-07-22 00:00:00+01:00,2609.0,2637.0,2599.0,2632.0,2628.811767578125,298340,0.0,0.0
2021-07-23 00:00:00+01:00,2639.0,2670.0,2635.0,2667.0,2663.769287109375,427573,0.0,0.0
2021-07-26 00:00:00+01:00,2665.0,2680.0,2642.0,2642.0,2638.799560546875,507398,0.0,0.0
2021-07-27 00:00:00+01:00,2631.0,2653.0,2620.0,2629.0,2625.815185546875,417753,0.0,0.0
2021-07-28 00:00:00+01:00,2621.0,2648.0,2621.0,2648.0,2644.792724609375,378968,0.0,0.0
2021-07-29 00:00:00+01:00,2648.0,2665.0,2631.0,2662.0,2658.775146484375,396958,0.0,0.0
2021-07-30 00:00:00+01:00,2643.0,2666.0,2622.0,2666.0,2662.770263671875,722089,0.0,0.0
2021-08-02 00:00:00+01:00,2679.0,2693.0,2652.0,2674.0,2670.760986328125,549640,0.0,0.0
2021-08-03 00:00:00+01:00,2669.0,2672.0,2647.56005859375,2665.0,2661.771728515625,621862,0.0,0.0
2021-08-04 00:00:00+01:00,2672.0,2683.0,2660.0,2666.0,2662.770263671875,526669,0.0,0.0
2021-08-05 00:00:00+01:00,2650.0,2680.2529296875,2647.0,2664.0,2660.77294921875,481739,0.0,0.0
2021-08-06 00:00:00+01:00,2656.0,2664.0,2619.0,2619.0,2615.827392578125,658075,0.0,0.0
2021-08-09 00:00:00+01:00,2615.0,2619.0,2593.0,2612.0,2608.835693359375,976831,0.0,0.0
2021-08-10 00:00:00+01:00,2607.0,2618.0,2582.0,2599.0,2595.8515625,481292,0.0,0.0
2021-08-11 00:00:00+01:00,2600.0,2636.0,2591.780029296875,2636.0,2632.806884765625,334464,0.0,0.0
2021-08-12 00:00:00+01:00,2641.0,2664.0,2626.0,2659.0,2655.77880859375,405779,0.0,0.0
2021-08-13 00:00:00+01:00,2659.0,2670.0,2646.0,2658.0,2654.7802734375,262203,0.0,0.0
2021-08-16 00:00:00+01:00,2655.0,2658.0,2635.555908203125,2641.0,2637.800537109375,338715,0.0,0.0
2021-08-17 00:00:00+01:00,2630.0,2655.0,2625.0,2652.0,2648.78759765625,305748,0.0,0.0
2021-08-18 00:00:00+01:00,2651.0,2674.0,2641.0,2659.0,2655.77880859375,293888,0.0,0.0
2021-08-19 00:00:00+01:00,2654.0,2694.0,2644.0,2686.0,2682.746337890625,655122,0.0,0.0
2021-08-20 00:00:00+01:00,2697.0,2702.0,2678.0,2691.0,2687.740234375,694816,0.0,0.0
2021-08-23 00:00:00+01:00,2704.0,2708.0,2685.0,2700.0,2696.72900390625,458442,0.0,0.0
2021-08-24 00:00:00+01:00,2703.0,2708.0,2668.0,2675.0,2671.759521484375,573621,0.0,0.0
2021-08-25 00:00:00+01:00,2673.0,2685.0,2664.802978515625,2668.0,2664.76806640625,354756,0.0,0.0
2021-08-26 00:00:00+01:00,2667.0,2675.0,2645.0,2675.0,2671.759521484375,462925,0.0,0.0
2021-08-27 00:00:00+01:00,2663.0,2680.0,2655.0,2680.0,2676.75341796875,469161,0.0,0.0
2021-08-31 00:00:00+01:00,2626.0,2650.0,2562.0,2636.0,2632.806884765625,2074597,0.0,0.0
2021-09-01 00:00:00+01:00,2651.0,2663.02587890625,2609.0,2654.0,2650.784912109375,1273402,0.0,0.0
2021-09-02 00:00:00+01:00,2653.0,2658.0,2632.0,2652.0,2648.78759765625,646261,0.0,0.0
2021-09-03 00:00:00+01:00,2652.0,2656.0,2577.0,2594.0,2590.85791015625,852967,0.0,0.0
2021-09-06 00:00:00+01:00,2604.0,2604.0,2582.0,2600.0,2596.850341796875,383584,0.0,0.0
2021-09-07 00:00:00+01:00,2589.0,2622.0,2586.0,2618.0,2614.828369140625,525550,0.0,0.0
2021-09-08 00:00:00+01:00,2606.0,2609.0,2561.0,2580.0,2576.87451171875,583991,0.0,0.0
2021-09-09 00:00:00+01:00,2557.0,2568.0,2527.0,2568.0,2564.88916015625,541481,0.0,0.0
2021-09-10 00:00:00+01:00,2579.0,2582.0,2563.0,2567.0,2563.890380859375,346289,0.0,0.0
2021-09-13 00:00:00+01:00,2580.0,2590.0,2570.0,2570.0,2566.886474609375,8770,0.0,0.0
2021-09-14 00:00:00+01:00,2569.0,2616.0,2565.0,2603.0,2599.846435546875,597382,0.0,0.0
2021-09-15 00:00:00+01:00,2603.0,2611.0,2528.0,2528.0,2524.937255859375,699690,0.0,0.0
2021-09-16 00:00:00+01:00,2534.0,2569.0,2528.0,2550.0,2546.910888671875,840068,0.0,0.0
2021-09-17 00:00:00+01:00,2568.0,2590.0,2508.0,2508.0,2504.9619140625,2000141,0.0,0.0
2021-09-20 00:00:00+01:00,2500.0,2511.0,2483.0,2504.0,2500.966552734375,589535,0.0,0.0
2021-09-21 00:00:00+01:00,2514.0,2531.0,2491.0,2506.0,2502.96435546875,562588,0.0,0.0
2021-09-22 00:00:00+01:00,2512.0,2550.0,2512.0,2543.0,2539.919677734375,468376,0.0,0.0
2021-09-23 00:00:00+01:00,2566.0,2570.0,2536.0,2540.0,2536.92333984375,505846,0.0,0.0
2021-09-24 00:00:00+01:00,2531.0,2532.6240234375,2470.530029296875,2487.0,2483.9873046875,492403,0.0,0.0
2021-09-27 00:00:00+01:00,2506.0,2509.0,2467.0,2480.0,2476.995849609375,1031002,0.0,0.0
2021-09-28 00:00:00+01:00,2485.0,2491.0,2421.0,2439.0,2436.04541015625,648321,0.0,0.0
2021-09-29 00:00:00+01:00,2452.0,2489.0,2448.0,2457.0,2454.023681640625,550565,0.0,0.0
2021-09-30 00:00:00+01:00,2473.0,2477.0,2440.0,2455.0,2452.02587890625,985441,0.0,0.0
2021-10-01 00:00:00+01:00,2421.0,2447.89990234375,2414.0,2420.0,2417.068359375,1390787,0.0,0.0
2021-10-04 00:00:00+01:00,2418.0,2444.0,2409.0,2421.0,2418.067138671875,397570,0.0,0.0
2021-10-05 00:00:00+01:00,2415.0,2452.260009765625,2411.52490234375,2447.0,2444.03564453125,748016,0.0,0.0
2021-10-06 00:00:00+01:00,2430.0,2440.0,2364.156005859375,2400.0,2397.093017578125,577177,0.0,0.0
2021-10-07 00:00:00+01:00,2432.0,2436.0,2410.0,2416.0,2413.073486328125,440958,0.0,0.0
2021-10-08 00:00:00+01:00,2417.0,2450.0,2389.0,2399.0,2396.093994140625,733154,0.0,0.0
2021-10-11 00:00:00+01:00,2391.0,2403.0,2363.0,2397.0,2394.096435546875,397039,0.0,0.0
2021-10-12 00:00:00+01:00,2381.0,2455.0,2381.0,2443.0,2440.040771484375,1264390,0.0,0.0
2021-10-13 00:00:00+01:00,2451.0,2517.0,2445.011962890625,2514.0,2510.954833984375,1320671,0.0,0.0
2021-10-14 00:00:00+01:00,2527.0,2531.0,2491.0,2504.0,2500.966552734375,552477,0.0,0.0
2021-10-15 00:00:00+01:00,2514.0,2529.0,2504.0,2521.0,2517.946044921875,412259,0.0,0.0
2021-10-18 00:00:00+01:00,2523.0,2541.0,2514.0,2538.0,2534.92529296875,606526,0.0,0.0
2021-10-19 00:00:00+01:00,2541.0,2555.0,2513.0,2514.0,2510.954833984375,576953,0.0,0.0
2021-10-20 00:00:00+01:00,2507.0,2524.0,2483.0,2517.0,2513.951171875,585766,0.0,0.0
2021-10-21 00:00:00+01:00,2507.0,2559.0,2507.0,2550.0,2546.910888671875,679508,0.0,0.0
2021-10-22 00:00:00+01:00,2559.0,2607.0,2553.0,2585.0,2581.86865234375,508045,0.0,0.0
2021-10-25 00:00:00+01:00,2587.0,2604.0,2582.0,2586.0,2582.8671875,845097,0.0,0.0
2021-10-26 00:00:00+01:00,2640.0,2668.0,2573.0,2609.0,2605.83984375,1088125,0.0,0.0
2021-10-27 00:00:00+01:00,2607.0,2654.0,2607.0,2641.0,2637.800537109375,682544,0.0,0.0
2021-10-28 00:00:00+01:00,2632.0,2688.0,2613.0,2688.0,2684.74365234375,595190,0.0,0.0
2021-10-29 00:00:00+01:00,2685.0,2712.0,2672.0,2702.0,2698.726806640625,858875,0.0,0.0
2021-11-01 00:00:00+00:00,2709.0,2727.0,2674.0,2702.0,2698.726806640625,490907,0.0,0.0
2021-11-02 00:00:00+00:00,2709.0,2769.0,2690.0,2757.0,2753.660400390625,699116,0.0,0.0
2021-11-03 00:00:00+00:00,2710.0,2767.0,2710.0,2753.0,2749.664794921875,444734,0.0,0.0
2021-11-04 00:00:00+00:00,2765.0,2781.0,2737.0,2773.0,2769.640625,953672,0.0,0.0
2021-11-05 00:00:00+00:00,2771.0,2784.0,2729.0,2732.0,2728.690185546875,698548,0.0,0.0
2021-11-08 00:00:00+00:00,2734.0,2771.0,2730.0,2751.0,2747.66748046875,471073,0.0,0.0
2021-11-09 00:00:00+00:00,2742.0,2743.0,2706.0,2721.0,2717.703369140625,564941,0.0,0.0
2021-11-10 00:00:00+00:00,2724.0,2746.0,2702.0,2746.0,2742.673583984375,593125,0.0,0.0
2021-11-11 00:00:00+00:00,2737.0,2783.0,2735.0,2765.0,2761.650634765625,329231,0.0,0.0
2021-11-12 00:00:00+00:00,2766.0,2813.0,2757.0,2806.0,2802.600830078125,406859,0.0,0.0
2021-11-15 00:00:00+00:00,2793.0,2810.0,2782.785888671875,2810.0,2806.59619140625,293171,0.0,0.0
2021-11-16 00:00:00+00:00,2808.0,2808.0,2753.0,2789.0,2785.62158203125,655658,0.0,0.0
2021-11-17 00:00:00+00:00,2782.0,2812.0,2766.0,2787.0,2783.624267578125,706112,0.0,0.0
2021-11-18 00:00:00+00:00,2775.0,2818.0,2768.0,2807.0,2803.762451171875,652677,16.2,0.0
2021-11-19 00:00:00+00:00,2803.0,2850.0,2797.0,2837.0,2833.72802734375,928024,0.0,0.0
2021-11-22 00:00:00+00:00,2838.0,2875.0,2835.0,2837.0,2833.72802734375,508762,0.0,0.0
2021-11-23 00:00:00+00:00,2818.0,2818.0,2771.0,2793.0,2789.779052734375,413760,0.0,0.0
2021-11-24 00:00:00+00:00,2802.0,2847.0,2796.0,2820.0,2816.74755859375,794802,0.0,0.0
2021-11-25 00:00:00+00:00,2822.0,2827.0,2797.0,2814.0,2810.754638671875,524744,0.0,0.0
2021-11-26 00:00:00+00:00,2762.0,2860.0,2762.0,2835.0,2831.73046875,994077,0.0,0.0
2021-11-29 00:00:00+00:00,2854.0,2890.0,2854.0,2867.0,2863.693115234375,745149,0.0,0.0
2021-11-30 00:00:00+00:00,2859.0,2898.0,2825.0,2868.0,2864.692138671875,1204938,0.0,0.0
2021-12-01 00:00:00+00:00,2866.0,2910.0,2842.0,2866.0,2862.69482421875,711001,0.0,0.0
2021-12-02 00:00:00+00:00,2847.0,2863.0,2826.0,2852.0,2848.7109375,444583,0.0,0.0
2021-12-03 00:00:00+00:00,2854.0,2887.0,2843.0,2855.0,2851.707275390625,458181,0.0,0.0
2021-12-06 00:00:00+00:00,2862.0,2886.0,2852.0,2882.0,2878.676025390625,392523,0.0,0.0
2021-12-07 00:00:00+00:00,2904.0,2964.0,2903.0,2960.0,2956.586181640625,614494,0.0,0.0
2021-12-08 00:00:00+00:00,2964.0,2997.0,2941.0,2954.0,2950.59326171875,777363,0.0,0.0
2021-12-09 00:00:00+00:00,2965.0,2992.68408203125,2951.0,2968.0,2964.576904296875,477542,0.0,0.0
2021-12-10 00:00:00+00:00,2933.0,2977.0,2933.0,2956.0,2952.5908203125,603570,0.0,0.0
2021-12-13 00:00:00+00:00,2967.0,2990.0,2953.0,2967.0,2963.57763671875,720131,0.0,0.0
2021-12-14 00:00:00+00:00,2973.0,3000.0,2887.0,2889.0,2885.66845703125,1010738,0.0,0.0
2021-12-15 00:00:00+00:00,2889.0,2938.0,2876.0,2927.0,2923.6240234375,1070180,0.0,0.0
2021-12-16 00:00:00+00:00,2953.0,2971.0,2863.0,2888.0,2884.669189453125,1342786,0.0,0.0
2021-12-17 00:00:00+00:00,2883.0,2906.0,2850.0,2867.0,2863.693115234375,1242153,0.0,0.0
2021-12-20 00:00:00+00:00,2830.0,2874.0,2806.0,2863.0,2859.697998046875,628228,0.0,0.0
2021-12-21 00:00:00+00:00,2888.0,2890.2080078125,2845.0,2863.0,2859.697998046875,423353,0.0,0.0
2021-12-22 00:00:00+00:00,2872.0,2897.0,2856.0,2897.0,2893.65869140625,499826,0.0,0.0
2021-12-23 00:00:00+00:00,2899.0,2903.0,2874.0,2902.0,2898.65283203125,303271,0.0,0.0
2021-12-24 00:00:00+00:00,2901.0,2916.0,2893.0,2901.0,2897.654541015625,52217,0.0,0.0
2021-12-29 00:00:00+00:00,2928.0,2951.0,2916.0,2951.0,2947.5966796875,507837,0.0,0.0
2021-12-30 00:00:00+00:00,2943.0,2951.0,2927.0,2937.0,2933.61279296875,339771,0.0,0.0
2021-12-31 00:00:00+00:00,2879.0,2923.0,2772.679931640625,2885.0,2881.6728515625,209677,0.0,0.0
2022-01-04 00:00:00+00:00,2913.0,2913.0,2846.0,2867.0,2863.693115234375,1196439,0.0,0.0
2022-01-05 00:00:00+00:00,2861.0,2876.52001953125,2845.10205078125,2871.0,2867.688720703125,748974,0.0,0.0
2022-01-06 00:00:00+00:00,2825.0,2850.0,2772.0,2777.0,2773.79736328125,569256,0.0,0.0
2022-01-07 00:00:00+00:00,2772.0,2800.0,2750.0,2765.0,2761.810791015625,852845,0.0,0.0
2022-01-10 00:00:00+00:00,2776.0,2777.0,2680.0,2696.0,2692.890625,372075,0.0,0.0
2022-01-11 00:00:00+00:00,2702.0,2759.0,2697.0,2723.0,2719.859375,788853,0.0,0.0
2022-01-12 00:00:00+00:00,2737.0,2786.0,2724.0,2777.0,2773.79736328125,846661,0.0,0.0
2022-01-13 00:00:00+00:00,2761.0,2818.0,2726.0,2741.0,2737.838623046875,799817,0.0,0.0
2022-01-14 00:00:00+00:00,2727.0,2738.0,2689.364990234375,2694.0,2690.892822265625,578218,0.0,0.0
2022-01-17 00:00:00+00:00,2695.0,2730.0,2681.0,2730.0,2726.8515625,631904,0.0,0.0
2022-01-18 00:00:00+00:00,2727.0,2727.0,2659.0,2692.0,2688.8955078125,569465,0.0,0.0
2022-01-19 00:00:00+00:00,2685.0,2723.0,2666.0,2723.0,2719.859375,756379,0.0,0.0
2022-01-20 00:00:00+00:00,2732.0,2753.0,2713.0,2744.0,2740.8349609375,593414,0.0,0.0
2022-01-21 00:00:00+00:00,2710.0,2741.0,2697.0,2721.0,2717.861572265625,620471,0.0,0.0
2022-01-24 00:00:00+00:00,2708.0,2740.0,2680.0,2699.0,2695.886962890625,766788,0.0,0.0
2022-01-25 00:00:00+00:00,2722.0,2737.0,2660.0,2721.0,2717.861572265625,753011,0.0,0.0
2022-01-26 00:00:00+00:00,2706.0,2759.0,2703.0,2754.0,2750.82373046875,728103,0.0,0.0
2022-01-27 00:00:00+00:00,2724.0,2780.0,2706.0,2776.0,2772.798095703125,742627,0.0,0.0
2022-01-28 00:00:00+00:00,2762.0,2786.0,2730.0,2786.0,2782.78662109375,1617640,0.0,0.0
2022-01-31 00:00:00+00:00,2806.0,2828.5458984375,2763.0,2767.0,2763.80908203125,582201,0.0,0.0
2022-02-01 00:00:00+00:00,2773.0,2812.0,2768.0,2775.0,2771.799560546875,460370,0.0,0.0
2022-02-02 00:00:00+00:00,2792.0,2825.0,2784.0,2814.0,2810.754638671875,405673,0.0,0.0
2022-02-03 00:00:00+00:00,2742.0,2769.0,2725.0,2728.0,2724.85400390625,816881,0.0,0.0
2022-02-04 00:00:00+00:00,2732.0,2754.0,2705.0,2719.0,2715.8642578125,1064501,0.0,0.0
2022-02-07 00:00:00+00:00,2730.0,2744.0,2711.0,2724.0,2720.858154296875,473884,0.0,0.0
2022-02-08 00:00:00+00:00,2718.0,2733.0,2692.0,2716.0,2712.86767578125,550047,0.0,0.0
2022-02-09 00:00:00+00:00,2742.0,2766.0,2727.0,2758.0,2754.819580078125,413279,0.0,0.0
2022-02-10 00:00:00+00:00,2773.0,2773.0,2723.0,2747.0,2743.832275390625,393986,0.0,0.0
2022-02-11 00:00:00+00:00,2702.0,2729.0,2687.0,2687.0,2683.901123046875,768627,0.0,0.0
2022-02-14 00:00:00+00:00,2673.0,2687.6259765625,2631.0,2664.0,2660.927734375,562130,0.0,0.0
2022-02-15 00:00:00+00:00,2663.0,2719.0,2658.10595703125,2712.0,2708.871826171875,758476,0.0,0.0
2022-02-16 00:00:00+00:00,2709.0,2726.0,2694.0,2707.0,2703.878173828125,529934,0.0,0.0
2022-02-17 00:00:00+00:00,2724.0,2753.0,2714.0,2740.0,2736.83984375,656547,0.0,0.0
2022-02-18 00:00:00+00:00,2744.0,2756.0,2729.0,2736.0,2732.844482421875,515472,0.0,0.0
2022-02-21 00:00:00+00:00,2747.0,2751.0,2693.0,2730.0,2726.8515625,493465,0.0,0.0
2022-02-22 00:00:00+00:00,2690.0,2774.0,2689.365966796875,2756.0,2752.821533203125,461446,0.0,0.0
2022-02-23 00:00:00+00:00,2746.0,2780.0,2738.0,2738.0,2734.84228515625,726099,0.0,0.0
2022-02-24 00:00:00+00:00,2676.0,2757.0,2672.0,2715.0,2711.86865234375,995095,0.0,0.0
2022-02-25 00:00:00+00:00,2731.0,2782.0,2715.0,2760.0,2756.817138671875,953131,0.0,0.0
2022-02-28 00:00:00+00:00,2848.0,2969.0,2782.0,2969.0,2965.57568359375,1825358,0.0,0.0
2022-03-01 00:00:00+00:00,2998.0,2998.0,2857.0,2902.0,2898.65283203125,996319,0.0,0.0
2022-03-02 00:00:00+00:00,2914.0,2973.0,2911.0,2933.0,2929.6171875,1597893,0.0,0.0
2022-03-03 00:00:00+00:00,2906.0,2958.0,2814.0,2820.0,2816.74755859375,802979,0.0,0.0
2022-03-04 00:00:00+00:00,2807.0,2833.0,2777.0,2798.0,2794.7734375,1233460,0.0,0.0
2022-03-07 00:00:00+00:00,2779.0,2839.0,2751.0,2830.0,2826.736328125,1092187,0.0,0.0
2022-03-08 00:00:00+00:00,2802.0,2825.0,2733.0,2746.0,2742.833251953125,1288527,0.0,0.0
2022-03-09 00:00:00+00:00,2789.0,2821.0,2761.0,2794.0,2790.77734375,1584988,0.0,0.0
2022-03-10 00:00:00+00:00,2809.0,2841.0,2773.0,2776.0,2772.798095703125,1159923,0.0,0.0
2022-03-11 00:00:00+00:00,2782.0,2817.0,2740.0,2760.0,2756.817138671875,1193655,0.0,0.0
2022-03-14 00:00:00+00:00,2770.0,2828.0,2741.0,2818.0,2814.75,494202,0.0,0.0
2022-03-15 00:00:00+00:00,2805.0,2826.0,2772.0,2800.0,2796.770751953125,919116,0.0,0.0
2022-03-16 00:00:00+00:00,2835.0,2847.0,2796.0,2832.0,2828.733642578125,812903,0.0,0.0
2022-03-17 00:00:00+00:00,2837.0,2870.0,2831.0,2870.0,2866.68994140625,606237,0.0,0.0
2022-03-18 00:00:00+00:00,2885.0,2902.0,2841.0,2889.0,2885.66845703125,1303504,0.0,0.0
2022-03-21 00:00:00+00:00,2879.0,2895.0,2861.0,2868.0,2864.692138671875,488139,0.0,0.0
2022-03-22 00:00:00+00:00,2868.0,2891.0,2852.0,2891.0,2887.66552734375,608947,0.0,0.0
2022-03-23 00:00:00+00:00,2891.0,2921.0,2885.0,2900.0,2896.6552734375,773247,0.0,0.0
2022-03-24 00:00:00+00:00,2896.0,2913.0,2856.0,2891.0,2887.66552734375,1037193,0.0,0.0
2022-03-25 00:00:00+00:00,2854.0,2923.0,2854.0,2899.0,2895.656494140625,558827,0.0,0.0
2022-03-28 00:00:00+01:00,2907.0,2914.0,2886.0,2905.0,2901.649658203125,459657,0.0,0.0
2022-03-29 00:00:00+01:00,2952.0,2972.0,2933.0,2949.0,2945.598876953125,770461,0.0,0.0
2022-03-30 00:00:00+01:00,2941.0,2961.0,2917.0,2957.0,2953.58984375,675820,0.0,0.0
2022-03-31 00:00:00+01:00,2989.0,2997.0,2954.0,2968.0,2964.576904296875,568309,0.0,0.0
2022-04-01 00:00:00+01:00,2975.0,2991.0,2966.0,2991.0,2987.550537109375,852832,0.0,0.0
2022-04-04 00:00:00+01:00,3001.0,3039.0,2990.0,3033.0,3029.501708984375,696416,0.0,0.0
2022-04-05 00:00:00+01:00,3022.0,3093.0,3022.0,3080.0,3076.447509765625,2557350,0.0,0.0
2022-04-06 00:00:00+01:00,3067.0,3096.0,3062.0,3083.0,3079.444580078125,1100339,0.0,0.0
2022-04-07 00:00:00+01:00,3094.0,3119.0,3074.0,3115.0,3111.407470703125,736325,0.0,0.0
2022-04-08 00:00:00+01:00,3123.0,3124.0,3089.0,3111.0,3107.412353515625,787343,0.0,0.0
2022-04-11 00:00:00+01:00,3098.0,3107.0,3069.0,3069.0,3065.46044921875,815468,0.0,0.0
2022-04-12 00:00:00+01:00,3055.0,3102.0,3048.0,3090.0,3086.4365234375,757934,0.0,0.0
2022-04-13 00:00:00+01:00,3070.0,3099.0,3056.0,3073.0,3069.455810546875,627384,0.0,0.0
2022-04-14 00:00:00+01:00,3030.0,3081.0,3021.0,3065.0,3061.46484375,928875,0.0,0.0
2022-04-19 00:00:00+01:00,3067.0,3092.0,3031.0,3067.0,3063.462890625,732673,0.0,0.0
2022-04-20 00:00:00+01:00,3114.0,3118.0,3027.0,3086.0,3082.441162109375,1185714,0.0,0.0
2022-04-21 00:00:00+01:00,3110.0,3167.264892578125,3078.0,3163.0,3159.351806640625,1114152,0.0,0.0
2022-04-22 00:00:00+01:00,3140.0,3165.0,3081.0,3082.0,3078.4453125,714753,0.0,0.0
2022-04-25 00:00:00+01:00,3066.0,3073.0,3003.0,3038.0,3034.49609375,944139,0.0,0.0
2022-04-26 00:00:00+01:00,3057.0,3068.0,3031.0,3032.0,3028.503173828125,1479293,0.0,0.0
2022-04-27 00:00:00+01:00,3029.0,3073.0,2996.0,3067.0,3063.462890625,868861,0.0,0.0
2022-04-28 00:00:00+01:00,3093.0,3093.0,3073.0,3083.0,3079.444580078125,725158,0.0,0.0
2022-04-29 00:00:00+01:00,3078.0,3115.0,3064.0,3103.0,3099.421142578125,1082271,0.0,0.0
2022-05-03 00:00:00+01:00,3083.0,3099.0,3066.0,3097.0,3093.42822265625,759245,0.0,0.0
2022-05-04 00:00:00+01:00,3095.0,3114.0,3087.0,3094.0,3090.431884765625,874509,0.0,0.0
2022-05-05 00:00:00+01:00,3128.0,3142.0,3096.449951171875,3108.0,3104.4150390625,986196,0.0,0.0
2022-05-06 00:00:00+01:00,3090.0,3102.0,3024.0,3028.0,3024.5078125,1432350,0.0,0.0
2022-05-09 00:00:00+01:00,3008.0,3046.0,2960.0,2990.0,2986.551513671875,1147318,0.0,0.0
2022-05-10 00:00:00+01:00,3008.0,3027.0,2968.0,2968.0,2964.576904296875,1632905,0.0,0.0
2022-05-11 00:00:00+01:00,2971.0,2974.0,2898.0,2905.0,2901.649658203125,2647782,0.0,0.0
2022-05-12 00:00:00+01:00,2865.0,2890.0,2818.0,2888.0,2884.669189453125,1629812,0.0,0.0
2022-05-13 00:00:00+01:00,2900.0,2943.0,2887.0,2932.0,2928.61865234375,627086,0.0,0.0
2022-05-16 00:00:00+01:00,2916.0,2982.0,2897.0,2954.0,2950.59326171875,833649,0.0,0.0
2022-05-17 00:00:00+01:00,2960.0,2975.0,2941.0,2962.0,2958.583740234375,663894,0.0,0.0
2022-05-18 00:00:00+01:00,2971.0,2998.0,2919.0,2919.0,2915.633544921875,851469,0.0,0.0
2022-05-19 00:00:00+01:00,2856.0,2876.0,2698.0419921875,2767.0,2764.195068359375,1627190,40.8,0.0
2022-05-20 00:00:00+01:00,2813.0,2880.0,2796.0,2815.0,2812.14599609375,1902516,0.0,0.0
2022-05-23 00:00:00+01:00,2835.0,2845.0,2807.0,2837.0,2834.1240234375,1609662,0.0,0.0
2022-05-24 00:00:00+01:00,2829.0,2854.0,2793.0,2829.0,2826.13232421875,829129,0.0,0.0
2022-05-25 00:00:00+01:00,2841.0,2855.0,2823.0,2841.0,2838.1201171875,721269,0.0,0.0
2022-05-26 00:00:00+01:00,2841.0,2852.0,2827.0,2843.0,2840.1181640625,560468,0.0,0.0
2022-05-27 00:00:00+01:00,2856.0,2872.0,2831.0,2858.0,2855.10302734375,722717,0.0,0.0
2022-05-30 00:00:00+01:00,2871.0,2880.0,2847.0,2858.0,2855.10302734375,1420348,0.0,0.0
2022-05-31 00:00:00+01:00,2850.0,2859.826904296875,2767.0,2767.0,2764.195068359375,7244646,0.0,0.0
2022-06-01 00:00:00+01:00,2771.0,2813.0,2740.0,2811.0,2808.150390625,1496086,0.0,0.0
2022-06-06 00:00:00+01:00,2836.0,2854.0,2759.0,2779.0,2776.18310546875,1332470,0.0,0.0
2022-06-07 00:00:00+01:00,2778.0,2793.0,2719.0,2756.0,2753.206298828125,1526981,0.0,0.0
2022-06-08 00:00:00+01:00,2772.0,2772.0,2688.0,2704.0,2701.2587890625,717042,0.0,0.0
2022-06-09 00:00:00+01:00,2689.0,2689.0,2640.0,2657.0,2654.306640625,965361,0.0,0.0
2022-06-10 00:00:00+01:00,2650.0,2667.0,2612.0,2636.0,2633.327880859375,1080101,0.0,0.0
2022-06-13 00:00:00+01:00,2609.0,2660.0,2590.0,2645.0,2642.31884765625,913898,0.0,0.0
2022-06-14 00:00:00+01:00,2641.0,2670.8701171875,2620.0,2623.0,2620.341064453125,823241,0.0,0.0
2022-06-15 00:00:00+01:00,2637.0,2682.0,2629.0,2665.0,2662.298583984375,675348,0.0,0.0
2022-06-16 00:00:00+01:00,2652.0,2660.0,2577.0,2577.0,2574.387451171875,1351277,0.0,0.0
2022-06-17 00:00:00+01:00,2580.0,2621.0,2572.0,2587.0,2584.377685546875,1444412,0.0,0.0
2022-06-20 00:00:00+01:00,2585.0,2627.0,2567.0,2590.0,2587.37451171875,691566,0.0,0.0
2022-06-21 00:00:00+01:00,2599.0,2604.0,2578.0,2589.0,2586.375244140625,438324,0.0,0.0
2022-06-22 00:00:00+01:00,2572.0,2595.0,2565.0,2576.0,2573.388671875,640235,0.0,0.0
2022-06-23 00:00:00+01:00,2569.0,2583.0,2542.0,2575.0,2572.389892578125,673025,0.0,0.0
2022-06-24 00:00:00+01:00,2583.0,2649.0,2567.0,2644.0,2641.31982421875,1128774,0.0,0.0
2022-06-27 00:00:00+01:00,2700.0,2700.0,2641.0,2665.0,2662.298583984375,770037,0.0,0.0
2022-06-28 00:00:00+01:00,2670.0,2672.0,2631.0,2660.0,2657.3037109375,642623,0.0,0.0
2022-06-29 00:00:00+01:00,2637.0,2677.0,2636.0,2671.0,2668.29248046875,629374,0.0,0.0
2022-06-30 00:00:00+01:00,2672.0,2740.0,2667.0,2719.0,2716.244140625,2327728,0.0,0.0
2022-07-01 00:00:00+01:00,2706.0,2744.0,2665.0,2718.0,2715.244873046875,717596,0.0,0.0
2022-07-04 00:00:00+01:00,2729.0,2764.0,2729.0,2759.0,2756.202880859375,516540,0.0,0.0
2022-07-05 00:00:00+01:00,2779.0,2783.0,2735.0,2752.0,2749.21044921875,1293774,0.0,0.0
2022-07-06 00:00:00+01:00,2758.0,2813.0,2758.0,2810.0,2807.151611328125,715344,0.0,0.0
2022-07-07 00:00:00+01:00,2812.0,2850.0,2798.0,2846.0,2843.114990234375,925281,0.0,0.0
2022-07-08 00:00:00+01:00,2857.0,2880.0,2837.0,2857.0,2854.10400390625,853316,0.0,0.0
2022-07-11 00:00:00+01:00,2840.0,2874.0,2832.0,2872.0,2869.0888671875,813985,0.0,0.0
2022-07-12 00:00:00+01:00,2871.0,2898.0,2850.0,2887.0,2884.0732421875,748304,0.0,0.0
2022-07-13 00:00:00+01:00,2878.0,2913.0,2877.0,2903.0,2900.057373046875,569992,0.0,0.0
2022-07-14 00:00:00+01:00,2898.0,2913.0,2874.0,2887.0,2884.0732421875,562088,0.0,0.0
2022-07-15 00:00:00+01:00,2894.0,2919.0,2881.0,2919.0,2916.041015625,561213,0.0,0.0
2022-07-18 00:00:00+01:00,2925.0,2944.0,2890.0,2902.0,2899.058349609375,551406,0.0,0.0
2022-07-19 00:00:00+01:00,2892.0,2938.0,2867.0,2929.0,2926.0302734375,404418,0.0,0.0
2022-07-20 00:00:00+01:00,2940.0,2956.0,2919.0,2936.0,2933.02392578125,911251,0.0,0.0
2022-07-21 00:00:00+01:00,2944.0,3008.0,2941.0,2991.0,2987.96826171875,676617,0.0,0.0
2022-07-22 00:00:00+01:00,3003.0,3045.0,3003.0,3043.0,3039.91552734375,509723,0.0,0.0
2022-07-25 00:00:00+01:00,3033.0,3056.0,2997.0,3019.0,3015.939697265625,504815,0.0,0.0
2022-07-26 00:00:00+01:00,3010.0,3015.0,2938.0,2958.0,2955.001220703125,1036837,0.0,0.0
2022-07-27 00:00:00+01:00,2982.0,2982.0,2948.0,2960.0,2956.99951171875,447030,0.0,0.0
2022-07-28 00:00:00+01:00,2960.0,3010.0,2941.0,3010.0,3006.94873046875,493989,0.0,0.0
2022-07-29 00:00:00+01:00,3020.0,3082.0,3007.0,3071.0,3067.886962890625,617528,0.0,0.0
2022-08-01 00:00:00+01:00,3058.0,3080.0,3056.0,3070.0,3066.8876953125,298689,0.0,0.0
2022-08-02 00:00:00+01:00,3075.0,3103.0,3060.0,3083.0,3079.875244140625,390997,0.0,0.0
2022-08-03 00:00:00+01:00,3087.0,3087.0,3041.0,3059.0,3055.89892578125,502096,0.0,0.0
2022-08-04 00:00:00+01:00,3068.0,3098.0,3049.0,3097.0,3093.860595703125,455995,0.0,0.0
2022-08-05 00:00:00+01:00,3099.0,3110.0,3044.0,3055.0,3051.9033203125,451918,0.0,0.0
2022-08-08 00:00:00+01:00,3075.0,3110.0,3067.0,3082.0,3078.87548828125,364566,0.0,0.0
2022-08-09 00:00:00+01:00,3092.0,3100.0,3057.0,3096.0,3092.86181640625,455097,0.0,0.0
2022-08-10 00:00:00+01:00,3087.0,3175.0,3071.0,3155.0,3151.802001953125,725003,0.0,0.0
2022-08-11 00:00:00+01:00,3168.0,3180.0,3122.0,3137.0,3133.8203125,341814,0.0,0.0
2022-08-12 00:00:00+01:00,3124.0,3148.0,3118.0,3118.0,3114.83935546875,407398,0.0,0.0
2022-08-15 00:00:00+01:00,3133.0,3178.0,3133.0,3150.0,3146.806884765625,342021,0.0,0.0
2022-08-16 00:00:00+01:00,3142.0,3161.0,3106.0,3148.0,3144.809326171875,686598,0.0,0.0
2022-08-17 00:00:00+01:00,3156.0,3175.0,3145.0,3163.0,3159.793701171875,513434,0.0,0.0
2022-08-18 00:00:00+01:00,3158.0,3189.0,3154.0,3160.0,3156.796875,738994,0.0,0.0
2022-08-19 00:00:00+01:00,3129.0,3163.0,3082.0,3145.0,3141.812255859375,855113,0.0,0.0
2022-08-22 00:00:00+01:00,3144.0,3150.0,3092.0,3113.0,3109.84423828125,603693,0.0,0.0
2022-08-23 00:00:00+01:00,3100.0,3107.02294921875,3033.18798828125,3053.0,3049.9052734375,3087398,0.0,0.0
2022-08-24 00:00:00+01:00,3042.0,3249.0,3029.0,3133.0,3129.82373046875,2351491,0.0,0.0
2022-08-25 00:00:00+01:00,3117.0,3151.0,3086.0,3136.0,3132.8212890625,1182472,0.0,0.0
2022-08-26 00:00:00+01:00,3154.0,3154.0,3106.0,3115.0,3111.842529296875,765409,0.0,0.0
2022-08-30 00:00:00+01:00,2864.0,3059.0,2864.0,2924.0,2921.035888671875,1130668,0.0,0.0
2022-08-31 00:00:00+01:00,2915.0,2944.0,2854.0,2861.0,2858.099853515625,1637883,0.0,0.0
2022-09-01 00:00:00+01:00,2839.0,2847.322998046875,2768.0,2792.0,2789.170166015625,898743,0.0,0.0
2022-09-02 00:00:00+01:00,2789.0,2888.0,2749.196044921875,2833.0,2830.128173828125,1177739,0.0,0.0
2022-09-05 00:00:00+01:00,2805.0,2821.0,2751.0,2816.0,2813.1455078125,1339303,0.0,0.0
2022-09-06 00:00:00+01:00,2800.0,2840.0,2776.0,2833.0,2830.128173828125,626071,0.0,0.0
2022-09-07 00:00:00+01:00,2823.0,2888.0,2813.0,2867.0,2864.093505859375,990077,0.0,0.0
2022-09-08 00:00:00+01:00,2881.0,2892.0,2820.0,2867.0,2864.093505859375,733259,0.0,0.0
2022-09-09 00:00:00+01:00,2872.0,2907.0,2872.0,2899.0,2896.06103515625,516672,0.0,0.0
2022-09-12 00:00:00+01:00,2907.0,2923.0,2899.0,2921.0,2918.0390625,687981,0.0,0.0
2022-09-13 00:00:00+01:00,2926.0,2935.0,2895.0,2897.0,2894.063232421875,609966,0.0,0.0
2022-09-14 00:00:00+01:00,2889.0,2891.0,2805.0,2810.0,2807.151611328125,597322,0.0,0.0
2022-09-15 00:00:00+01:00,2808.0,2816.0,2744.0,2751.0,2748.21142578125,529693,0.0,0.0
2022-09-16 00:00:00+01:00,2743.0,2766.0,2727.0,2737.0,2734.225341796875,1346526,0.0,0.0
2022-09-20 00:00:00+01:00,2712.0,2742.0,2696.0,2702.0,2699.260986328125,977167,0.0,0.0
2022-09-21 00:00:00+01:00,2689.0,2759.0,2684.0,2759.0,2756.202880859375,926839,0.0,0.0
2022-09-22 00:00:00+01:00,2714.0,2740.0,2695.0,2696.0,2693.26708984375,557338,0.0,0.0
2022-09-23 00:00:00+01:00,2683.0,2703.0,2621.0,2674.0,2671.289306640625,1688006,0.0,0.0
2022-09-26 00:00:00+01:00,2672.0,2732.0,2672.0,2672.0,2669.291259765625,2295921,0.0,0.0
2022-09-27 00:00:00+01:00,2731.0,2764.0,2708.0,2730.0,2727.232666015625,1118686,0.0,0.0
2022-09-28 00:00:00+01:00,2706.0,2775.0,2706.0,2772.0,2769.190185546875,891660,0.0,0.0
2022-09-29 00:00:00+01:00,2761.0,2769.0,2711.0,2747.0,2744.21533203125,943594,0.0,0.0
2022-09-30 00:00:00+01:00,2744.0,2776.0,2730.0,2760.0,2757.20263671875,894603,0.0,0.0
2022-10-03 00:00:00+01:00,2730.0,2772.0,2721.0,2772.0,2769.190185546875,700534,0.0,0.0
2022-10-04 00:00:00+01:00,2780.0,2830.0,2766.0,2812.0,2809.149169921875,622271,0.0,0.0
2022-10-05 00:00:00+01:00,2809.0,2821.0,2783.0,2803.0,2800.158447265625,678024,0.0,0.0
2022-10-06 00:00:00+01:00,2811.0,2812.0,2726.0,2752.0,2749.21044921875,1255493,0.0,0.0
2022-10-07 00:00:00+01:00,2729.0,2739.0,2686.0,2686.0,2683.277099609375,537950,0.0,0.0
2022-10-10 00:00:00+01:00,2675.0,2700.0,2660.0,2684.0,2681.279052734375,463868,0.0,0.0
2022-10-11 00:00:00+01:00,2678.0,2688.0,2642.0,2664.0,2661.299560546875,482586,0.0,0.0
2022-10-12 00:00:00+01:00,2670.0,2717.0,2663.0,2665.0,2662.298583984375,1199170,0.0,0.0
2022-10-13 00:00:00+01:00,2664.0,2689.0,2603.0,2685.0,2682.2783203125,837127,0.0,0.0
2022-10-14 00:00:00+01:00,2709.0,2755.0,2688.0,2707.0,2704.25634765625,798727,0.0,0.0
2022-10-17 00:00:00+01:00,2706.0,2746.0,2668.0,2739.0,2736.223876953125,824561,0.0,0.0
2022-10-18 00:00:00+01:00,2741.0,2801.0,2741.0,2781.0,2778.180908203125,631320,0.0,0.0
2022-10-19 00:00:00+01:00,2793.0,2804.0,2767.0,2778.0,2775.18408203125,1300844,0.0,0.0
2022-10-20 00:00:00+01:00,2788.0,2788.0,2674.0,2720.0,2717.242431640625,1658462,0.0,0.0
2022-10-21 00:00:00+01:00,2701.0,2701.0,2635.0,2694.0,2691.26904296875,1095360,0.0,0.0
2022-10-24 00:00:00+01:00,2728.0,2787.0,2719.0,2755.0,2752.207275390625,1640930,0.0,0.0
2022-10-25 00:00:00+01:00,2765.0,2824.0,2744.0,2815.0,2812.14599609375,705066,0.0,0.0
2022-10-26 00:00:00+01:00,2809.0,2850.0,2787.0,2850.0,2847.11083984375,456531,0.0,0.0
2022-10-27 00:00:00+01:00,2846.0,2855.0,2815.0,2823.0,2820.13818359375,1424671,0.0,0.0
2022-10-28 00:00:00+01:00,2812.0,2834.0,2790.0,2829.0,2826.13232421875,466433,0.0,0.0
2022-10-31 00:00:00+00:00,2823.0,2852.0,2810.0,2841.0,2838.1201171875,1177265,0.0,0.0
2022-11-01 00:00:00+00:00,2860.0,2894.0,2834.0,2834.0,2831.127197265625,826883,0.0,0.0
2022-11-02 00:00:00+00:00,2847.0,2883.0,2827.0,2855.0,2852.10595703125,537867,0.0,0.0
2022-11-03 00:00:00+00:00,2841.0,2856.0,2801.0,2856.0,2853.1044921875,544151,0.0,0.0
2022-11-04 00:00:00+00:00,2861.0,2916.0,2856.0,2900.0,2897.060302734375,544166,0.0,0.0
2022-11-07 00:00:00+00:00,2898.0,2914.0,2883.6220703125,2901.0,2898.059814453125,654031,0.0,0.0
2022-11-08 00:00:00+00:00,2892.0,2924.0,2875.0,2917.0,2914.04296875,375404,0.0,0.0
2022-11-09 00:00:00+00:00,2908.0,2941.0,2908.0,2937.0,2934.0224609375,477074,0.0,0.0
2022-11-10 00:00:00+00:00,2927.0,3060.0,2911.0,3042.0,3038.916748046875,840617,0.0,0.0
2022-11-11 00:00:00+00:00,3036.0,3059.0,2885.0,2933.0,2930.026611328125,944043,0.0,0.0
2022-11-14 00:00:00+00:00,2936.0,2978.0,2930.0,2964.0,2960.99560546875,591814,0.0,0.0
2022-11-15 00:00:00+00:00,2964.0,2993.0,2952.0,2977.0,2973.982177734375,680642,0.0,0.0
2022-11-16 00:00:00+00:00,3000.0,3030.0,2983.0,3011.0,3007.94775390625,761820,0.0,0.0
2022-11-17 00:00:00+00:00,3003.0,3010.0,2936.0,2974.0,2971.156005859375,499286,17.3,0.0
2022-11-18 00:00:00+00:00,2989.0,3032.0,2973.0,3026.0,3023.106201171875,638498,0.0,0.0
2022-11-21 00:00:00+00:00,3018.0,3095.0,3007.0,3084.0,3081.05078125,951876,0.0,0.0
2022-11-22 00:00:00+00:00,3073.0,3096.0,3055.0,3091.0,3088.044189453125,775883,0.0,0.0
2022-11-23 00:00:00+00:00,3099.0,3110.0,3077.0,3083.0,3080.05224609375,955476,0.0,0.0
2022-11-24 00:00:00+00:00,3069.0,3081.4599609375,3050.0,3080.0,3077.054443359375,895124,0.0,0.0
2022-11-25 00:00:00+00:00,3059.0,3101.0,3059.0,3100.0,3097.035400390625,335825,0.0,0.0
2022-11-28 00:00:00+00:00,3107.0,3116.0,3074.0,3078.0,3075.056640625,1366738,0.0,0.0
2022-11-29 00:00:00+00:00,3090.0,3093.0,3046.0,3066.0,3063.068359375,643684,0.0,0.0
2022-11-30 00:00:00+00:00,3095.0,3095.0,3048.0,3048.0,3045.0849609375,1573342,0.0,0.0
2022-12-01 00:00:00+00:00,3083.0,3088.0,3033.0,3046.0,3043.087158203125,753903,0.0,0.0
2022-12-02 00:00:00+00:00,3045.0,3059.0,3017.89990234375,3050.0,3047.08349609375,506878,0.0,0.0
2022-12-05 00:00:00+00:00,3043.0,3050.0,3021.0,3021.0,3018.110595703125,578430,0.0,0.0
2022-12-06 00:00:00+00:00,3040.0,3050.0,3018.824951171875,3035.0,3032.09765625,752616,0.0,0.0
2022-12-07 00:00:00+00:00,3033.0,3045.0,2989.0,3003.0,3000.12841796875,1000183,0.0,0.0
2022-12-08 00:00:00+00:00,3004.0,3008.0,2970.094970703125,2990.0,2987.140869140625,608350,0.0,0.0
2022-12-09 00:00:00+00:00,2990.0,3031.0,2985.0,3023.0,3020.109375,559126,0.0,0.0
2022-12-12 00:00:00+00:00,3013.0,3038.0,3002.0,3010.0,3007.12158203125,450871,0.0,0.0
2022-12-13 00:00:00+00:00,3015.0,3065.0,2995.0,3023.0,3020.109375,1108468,0.0,0.0
2022-12-14 00:00:00+00:00,3020.0,3020.0,2980.0,2998.0,2995.13330078125,865687,0.0,0.0
2022-12-15 00:00:00+00:00,2971.0,2979.0,2917.0,2941.0,2938.187255859375,998751,0.0,0.0
2022-12-16 00:00:00+00:00,2919.0,2930.0,2817.0,2853.0,2850.271484375,2582870,0.0,0.0
2022-12-19 00:00:00+00:00,2853.0,2858.8798828125,2825.0,2832.0,2829.29150390625,1216413,0.0,0.0
2022-12-20 00:00:00+00:00,2818.0,2831.0,2788.0,2820.0,2817.30322265625,972246,0.0,0.0
2022-12-21 00:00:00+00:00,2847.0,2868.0,2774.0,2793.0,2790.329345703125,756665,0.0,0.0
2022-12-22 00:00:00+00:00,2800.0,2827.0,2769.0,2777.0,2774.344482421875,640146,0.0,0.0
2022-12-23 00:00:00+00:00,2781.0,2791.322021484375,2756.0,2778.0,2775.343505859375,167925,0.0,0.0
2022-12-28 00:00:00+00:00,2772.0,2788.0,2766.0,2770.0,2767.35107421875,428409,0.0,0.0
2022-12-29 00:00:00+00:00,2766.0,2796.0,2749.0,2795.0,2792.3271484375,474153,0.0,0.0
2022-12-30 00:00:00+00:00,2782.0,2783.0,2751.0,2759.0,2756.361328125,279251,0.0,0.0
2023-01-03 00:00:00+00:00,2777.0,2805.0,2752.0,2798.0,2795.32470703125,721699,0.0,0.0
2023-01-04 00:00:00+00:00,2808.0,2860.0,2803.5400390625,2860.0,2857.265380859375,899341,0.0,0.0
2023-01-05 00:00:00+00:00,2849.0,2882.0,2834.0,2861.0,2858.26416015625,646797,0.0,0.0
2023-01-06 00:00:00+00:00,2863.0,2908.0,2848.0,2900.0,2897.226806640625,440228,0.0,0.0
2023-01-09 00:00:00+00:00,2912.0,2927.52001953125,2879.0,2919.0,2916.20849609375,610819,0.0,0.0
2023-01-10 00:00:00+00:00,2907.0,2948.178955078125,2895.0,2933.0,2930.195068359375,801672,0.0,0.0
2023-01-11 00:00:00+00:00,2919.0,2980.0,2905.0,2961.0,2958.168701171875,1090111,0.0,0.0
2023-01-12 00:00:00+00:00,2975.0,2983.0,2920.0,2950.0,2947.178955078125,530279,0.0,0.0
2023-01-13 00:00:00+00:00,2958.0,2987.0,2953.0,2970.0,2967.15966796875,619274,0.0,0.0
2023-01-16 00:00:00+00:00,2965.0,2994.0,2957.0,2960.0,2957.16943359375,579617,0.0,0.0
2023-01-17 00:00:00+00:00,2958.0,2973.0,2938.0,2971.0,2968.158935546875,523811,0.0,0.0
2023-01-18 00:00:00+00:00,2971.0,3013.0,2954.0,2954.0,2951.17529296875,935283,0.0,0.0
2023-01-19 00:00:00+00:00,2947.0,2957.0,2906.0,2917.0,2914.21044921875,1142582,0.0,0.0
2023-01-20 00:00:00+00:00,2915.0,2930.0,2897.0,2924.0,2921.203857421875,573814,0.0,0.0
2023-01-23 00:00:00+00:00,2933.0,2955.0,2923.0,2938.0,2935.190185546875,814536,0.0,0.0
2023-01-24 00:00:00+00:00,2946.0,2953.0,2925.0,2935.0,2932.193359375,743703,0.0,0.0
2023-01-25 00:00:00+00:00,2932.0,2947.360107421875,2906.0,2923.0,2920.205078125,494798,0.0,0.0
2023-01-26 00:00:00+00:00,2930.0,2958.0,2902.0,2948.0,2945.180908203125,398688,0.0,0.0
2023-01-27 00:00:00+00:00,2952.0,2990.0,2933.0,2978.0,2975.15234375,907087,0.0,0.0
2023-01-30 00:00:00+00:00,2978.0,3009.0,2969.214111328125,3000.0,2997.131103515625,326727,0.0,0.0
2023-01-31 00:00:00+00:00,2987.0,2998.0,2963.0,2970.0,2967.15966796875,771095,0.0,0.0
2023-02-01 00:00:00+00:00,2969.0,2997.0,2967.0,2980.0,2977.150146484375,761841,0.0,0.0
2023-02-02 00:00:00+00:00,3009.0,3070.0,2999.0,3066.0,3063.068359375,1454777,0.0,0.0
2023-02-03 00:00:00+00:00,3065.0,3107.0,3052.0,3107.0,3104.029052734375,690143,0.0,0.0
2023-02-06 00:00:00+00:00,3096.0,3096.0,3057.0,3082.0,3079.052490234375,381097,0.0,0.0
2023-02-07 00:00:00+00:00,3075.0,3089.0,3021.0,3041.0,3038.092041015625,529157,0.0,0.0
2023-02-08 00:00:00+00:00,3041.0,3061.0,3027.0,3027.0,3024.105224609375,413497,0.0,0.0
2023-02-09 00:00:00+00:00,3033.0,3073.0,3033.0,3034.0,3031.098876953125,558174,0.0,0.0
2023-02-10 00:00:00+00:00,3034.0,3050.175048828125,2981.0,3004.0,3001.12744140625,539020,0.0,0.0
2023-02-13 00:00:00+00:00,3010.0,3031.0,3003.0,3022.0,3019.1103515625,427706,0.0,0.0
2023-02-14 00:00:00+00:00,3020.0,3051.0,3020.0,3029.0,3026.103515625,385816,0.0,0.0
2023-02-15 00:00:00+00:00,3041.0,3086.0,3027.0,3085.0,3082.050048828125,362488,0.0,0.0
2023-02-16 00:00:00+00:00,3082.0,3105.0,3052.0,3072.0,3069.062255859375,495108,0.0,0.0
2023-02-17 00:00:00+00:00,3042.0,3066.0,3021.0,3066.0,3063.068359375,475466,0.0,0.0
2023-02-20 00:00:00+00:00,3073.0,3078.0,3050.0,3064.0,3061.070068359375,437806,0.0,0.0
2023-02-21 00:00:00+00:00,3058.0,3072.0,3037.0,3037.0,3034.095703125,420050,0.0,0.0
2023-02-22 00:00:00+00:00,3036.0,3036.0,2979.0,3006.0,3003.125244140625,685406,0.0,0.0
2023-02-23 00:00:00+00:00,3008.0,3016.0,2990.0,3000.0,2997.131103515625,436915,0.0,0.0
2023-02-24 00:00:00+00:00,3013.0,3018.0,2990.0,3013.0,3010.11865234375,896571,0.0,0.0
2023-02-27 00:00:00+00:00,3083.0,3139.0,3058.0,3088.0,3085.046875,948933,0.0,0.0
2023-02-28 00:00:00+00:00,3075.0,3076.0,2944.0,2964.0,2961.165771484375,1875236,0.0,0.0
2023-03-01 00:00:00+00:00,2961.0,3021.0,2961.0,2974.0,2971.156005859375,1091028,0.0,0.0
2023-03-02 00:00:00+00:00,2966.0,3014.0,2966.0,3005.0,3002.126220703125,1088608,0.0,0.0
2023-03-03 00:00:00+00:00,3017.0,3028.0,2939.0,2939.0,2936.189453125,1444795,0.0,0.0
2023-03-06 00:00:00+00:00,2945.0,2957.0,2928.0,2928.0,2925.2001953125,570107,0.0,0.0
2023-03-07 00:00:00+00:00,2925.0,2953.0,2908.0,2921.0,2918.206787109375,477929,0.0,0.0
2023-03-08 00:00:00+00:00,2906.0,2939.0,2893.0,2924.0,2921.203857421875,968814,0.0,0.0
2023-03-09 00:00:00+00:00,2925.0,2951.0,2898.0,2951.0,2948.177978515625,1852972,0.0,0.0
2023-03-10 00:00:00+00:00,2959.0,2966.0,2898.0,2930.0,2927.197998046875,1143519,0.0,0.0
2023-03-13 00:00:00+00:00,2960.0,2967.0,2878.587890625,2924.0,2921.203857421875,1470916,0.0,0.0
2023-03-14 00:00:00+00:00,2926.0,2973.0,2912.0,2954.0,2951.17529296875,911221,0.0,0.0
2023-03-15 00:00:00+00:00,2958.0,2969.52001953125,2919.0,2927.0,2924.200927734375,1322277,0.0,0.0
2023-03-16 00:00:00+00:00,2949.0,3011.0,2934.0,3001.0,2998.13037109375,1359768,0.0,0.0
2023-03-17 00:00:00+00:00,3007.0,3032.0,2972.0,2975.0,2972.155029296875,2729445,0.0,0.0
2023-03-20 00:00:00+00:00,2972.0,3046.0,2967.0,3019.0,3016.113037109375,714552,0.0,0.0
2023-03-21 00:00:00+00:00,3034.0,3060.0,3032.77392578125,3037.0,3034.095703125,604981,0.0,0.0
2023-03-22 00:00:00+00:00,3037.0,3055.0,3017.0,3054.0,3051.079833984375,454811,0.0,0.0
2023-03-23 00:00:00+00:00,3054.0,3062.0,3030.0,3047.0,3044.086181640625,2477057,0.0,0.0
2023-03-24 00:00:00+00:00,3046.0,3057.0,3017.0,3017.0,3014.11474609375,525371,0.0,0.0
2023-03-27 00:00:00+01:00,3038.0,3044.3798828125,3015.0,3015.0,3012.116943359375,712173,0.0,0.0
2023-03-28 00:00:00+01:00,3026.0,3028.0,2990.0,3002.0,2999.129150390625,491412,0.0,0.0
2023-03-29 00:00:00+01:00,3012.0,3021.0,2994.0,3014.0,3011.11767578125,478524,0.0,0.0
2023-03-30 00:00:00+01:00,3028.0,3039.0,3018.0,3028.0,3025.104248046875,456001,0.0,0.0
2023-03-31 00:00:00+01:00,3031.0,3062.0,3028.0,3057.0,3054.07666015625,865775,0.0,0.0
2023-04-03 00:00:00+01:00,3045.0,3068.955078125,3032.0,3060.0,3057.073486328125,882604,0.0,0.0
2023-04-04 00:00:00+01:00,3066.0,3076.0,3042.0,3045.0,3042.08837890625,591005,0.0,0.0
2023-04-05 00:00:00+01:00,3036.0,3074.0,3031.0,3074.0,3071.060546875,783258,0.0,0.0
2023-04-06 00:00:00+01:00,3065.0,3081.0,3040.0,3071.0,3068.063232421875,471931,0.0,0.0
2023-04-11 00:00:00+01:00,3080.0,3089.679931640625,3045.0,3059.0,3056.074462890625,707515,0.0,0.0
2023-04-12 00:00:00+01:00,3056.0,3098.0,3056.0,3084.0,3081.05078125,426663,0.0,0.0
2023-04-13 00:00:00+01:00,3092.0,3113.0,3075.0,3085.0,3082.050048828125,1375434,0.0,0.0
2023-04-14 00:00:00+01:00,3088.0,3114.0,3088.0,3111.0,3108.024658203125,628038,0.0,0.0
2023-04-17 00:00:00+01:00,3110.0,3142.99609375,3110.0,3142.0,3138.99560546875,432146,0.0,0.0
2023-04-18 00:00:00+01:00,3153.0,3160.0,3129.0,3143.0,3139.994140625,306358,0.0,0.0
2023-04-19 00:00:00+01:00,3144.0,3157.0,3132.0,3137.0,3134.00048828125,339460,0.0,0.0
2023-04-20 00:00:00+01:00,3141.0,3172.0,3130.0,3167.0,3163.971435546875,863434,0.0,0.0
2023-04-21 00:00:00+01:00,3162.0,3215.0,3162.0,3212.0,3208.928466796875,859389,0.0,0.0
2023-04-24 00:00:00+01:00,3198.0,3225.0,3197.0,3225.0,3221.916015625,893280,0.0,0.0
2023-04-25 00:00:00+01:00,3216.0,3226.47998046875,3197.0,3202.0,3198.93798828125,684354,0.0,0.0
2023-04-26 00:00:00+01:00,3162.0,3175.694091796875,3094.677978515625,3151.0,3147.986572265625,1402523,0.0,0.0
2023-04-27 00:00:00+01:00,3162.0,3169.0,3125.0,3143.0,3139.994140625,855135,0.0,0.0
2023-04-28 00:00:00+01:00,3165.0,3172.0,3140.0,3164.0,3160.97412109375,628450,0.0,0.0
2023-05-02 00:00:00+01:00,3171.0,3193.0,3111.0,3128.0,3125.0087890625,606328,0.0,0.0
2023-05-03 00:00:00+01:00,3139.0,3179.0,3136.0,3166.0,3162.97265625,453193,0.0,0.0
2023-05-04 00:00:00+01:00,3154.0,3161.0,3120.0,3161.0,3157.977294921875,670995,0.0,0.0
2023-05-05 00:00:00+01:00,3159.0,3181.0,3152.6640625,3173.0,3169.965576171875,558436,0.0,0.0
2023-05-09 00:00:00+01:00,3177.0,3177.031982421875,3128.0,3157.0,3153.98095703125,592760,0.0,0.0
2023-05-10 00:00:00+01:00,3160.0,3177.0,3150.0,3172.0,3168.966796875,507412,0.0,0.0
2023-05-11 00:00:00+01:00,3173.0,3208.0,3136.0,3167.0,3163.971435546875,529433,0.0,0.0
2023-05-12 00:00:00+01:00,3180.0,3190.0,3168.0,3186.0,3182.95361328125,399952,0.0,0.0
2023-05-15 00:00:00+01:00,3200.0,3213.0,3170.0,3176.0,3172.962890625,277436,0.0,0.0
2023-05-16 00:00:00+01:00,3177.0,3189.0,3154.10009765625,3158.0,3154.98046875,720278,0.0,0.0
2023-05-17 00:00:00+01:00,3151.0,3174.37890625,3143.5048828125,3162.0,3158.97607421875,308550,0.0,0.0
2023-05-18 00:00:00+01:00,3137.0,3167.3798828125,3114.0,3166.0,3163.427001953125,365147,45.4,0.0
2023-05-19 00:00:00+01:00,3171.0,3174.0,3137.0,3137.0,3134.450439453125,426786,0.0,0.0
2023-05-22 00:00:00+01:00,3137.0,3163.0,3125.0,3156.0,3153.434814453125,485388,0.0,0.0
2023-05-23 00:00:00+01:00,3153.0,3154.0,3094.720947265625,3106.0,3103.475341796875,1053460,0.0,0.0
2023-05-24 00:00:00+01:00,3080.0,3115.570068359375,3074.0,3114.0,3111.468994140625,1919819,0.0,0.0
2023-05-25 00:00:00+01:00,3118.0,3151.0,3101.0,3149.0,3146.4404296875,897805,0.0,0.0
2023-05-26 00:00:00+01:00,3145.0,3196.0,3132.0,3194.0,3191.403564453125,905045,0.0,0.0
2023-05-30 00:00:00+01:00,3182.0,3190.550048828125,3137.0,3158.0,3155.433349609375,515820,0.0,0.0
2023-05-31 00:00:00+01:00,3137.0,3192.0,3109.0,3144.0,3141.4443359375,4842154,0.0,0.0
2023-06-01 00:00:00+01:00,3139.0,3171.0,3139.0,3150.0,3147.439697265625,637541,0.0,0.0
2023-06-02 00:00:00+01:00,3164.0,3170.0,3129.0,3156.0,3153.434814453125,876465,0.0,0.0
2023-06-05 00:00:00+01:00,3151.0,3172.0,3117.0,3124.0,3121.460693359375,849671,0.0,0.0
2023-06-06 00:00:00+01:00,3119.0,3137.64990234375,3116.0,3122.0,3119.46240234375,1269728,0.0,0.0
2023-06-07 00:00:00+01:00,3121.0,3138.0,3105.0,3122.0,3119.46240234375,726693,0.0,0.0
2023-06-08 00:00:00+01:00,3118.0,3135.0,3105.0,3118.0,3115.465576171875,725381,0.0,0.0
2023-06-09 00:00:00+01:00,3141.0,3141.0,3070.0,3070.0,3067.504638671875,966631,0.0,0.0
2023-06-12 00:00:00+01:00,3095.0,3097.0,3072.0,3094.0,3091.485107421875,550653,0.0,0.0
2023-06-13 00:00:00+01:00,3110.0,3137.0,3091.0,3137.0,3134.450439453125,969283,0.0,0.0
2023-06-14 00:00:00+01:00,3131.0,3131.0,3096.0,3106.0,3103.475341796875,1149348,0.0,0.0
2023-06-15 00:00:00+01:00,3070.0,3095.0,3019.0,3060.0,3057.5126953125,1100337,0.0,0.0
2023-06-16 00:00:00+01:00,3069.0,3079.0,3047.0,3059.0,3056.513427734375,2100284,0.0,0.0
2023-06-19 00:00:00+01:00,3044.0,3051.0,3011.0,3025.0,3022.541259765625,534412,0.0,0.0
2023-06-20 00:00:00+01:00,3019.0,3057.0,3005.0,3057.0,3054.515380859375,1037997,0.0,0.0
2023-06-21 00:00:00+01:00,3034.0,3039.0,2973.0,3039.0,3036.530029296875,692965,0.0,0.0
2023-06-22 00:00:00+01:00,3015.0,3032.0,3005.008056640625,3032.0,3029.535400390625,404857,0.0,0.0
2023-06-23 00:00:00+01:00,2923.0,2989.0,2885.98193359375,2977.0,2974.580078125,871419,0.0,0.0
2023-06-26 00:00:00+01:00,2984.0,2984.0,2947.0,2961.0,2958.593505859375,797733,0.0,0.0
2023-06-27 00:00:00+01:00,2971.0,2986.0,2967.81005859375,2980.0,2977.577880859375,460839,0.0,0.0
2023-06-28 00:00:00+01:00,2988.0,3017.0,2988.0,3000.0,2997.561279296875,581357,0.0,0.0
2023-06-29 00:00:00+01:00,2999.0,3007.0,2961.0,2961.0,2958.593505859375,409842,0.0,0.0
2023-06-30 00:00:00+01:00,2972.0,3027.0,2962.0,2999.0,2996.5625,768406,0.0,0.0
2023-07-03 00:00:00+01:00,3000.0,3007.419921875,2962.800048828125,2966.0,2963.58935546875,427245,0.0,0.0
2023-07-04 00:00:00+01:00,2962.0,2969.0,2949.10009765625,2955.0,2952.59814453125,994367,0.0,0.0
2023-07-05 00:00:00+01:00,2948.0,2954.0,2931.0,2934.0,2931.614990234375,830339,0.0,0.0
2023-07-06 00:00:00+01:00,2927.0,2935.0,2886.0,2894.0,2891.647705078125,1118488,0.0,0.0
2023-07-07 00:00:00+01:00,2883.0,2887.0,2857.0,2875.0,2872.6630859375,455692,0.0,0.0
2023-07-10 00:00:00+01:00,2867.0,2891.0,2861.0,2889.0,2886.652099609375,315475,0.0,0.0
2023-07-11 00:00:00+01:00,2903.0,2903.0,2865.0,2874.0,2871.663818359375,731037,0.0,0.0
2023-07-12 00:00:00+01:00,2840.0,2850.0,2788.0,2816.0,2813.7109375,780815,0.0,0.0
2023-07-13 00:00:00+01:00,2819.0,2828.0,2774.43994140625,2783.0,2780.737548828125,940595,0.0,0.0
2023-07-14 00:00:00+01:00,2783.0,2801.0,2763.0,2800.0,2797.72412109375,452034,0.0,0.0
2023-07-17 00:00:00+01:00,2797.0,2803.0,2777.0,2785.0,2782.736328125,680653,0.0,0.0
2023-07-18 00:00:00+01:00,2794.0,2808.0,2780.0,2800.0,2797.72412109375,401631,0.0,0.0
2023-07-19 00:00:00+01:00,2812.0,2874.0,2812.0,2850.0,2847.683349609375,880115,0.0,0.0
2023-07-20 00:00:00+01:00,2853.0,2865.0,2832.18994140625,2849.0,2846.684326171875,445061,0.0,0.0
2023-07-21 00:00:00+01:00,2851.0,2871.0,2839.0,2863.0,2860.673095703125,446565,0.0,0.0
2023-07-24 00:00:00+01:00,2852.0,2870.0,2836.0,2836.0,2833.694580078125,391332,0.0,0.0
2023-07-25 00:00:00+01:00,2824.0,2861.0,2806.0,2851.0,2848.682861328125,464916,0.0,0.0
2023-07-26 00:00:00+01:00,2852.0,2864.0,2833.0,2856.0,2853.678466796875,424387,0.0,0.0
2023-07-27 00:00:00+01:00,2868.0,2915.0,2862.760009765625,2894.0,2891.647705078125,699248,0.0,0.0
2023-07-28 00:00:00+01:00,2889.0,2899.412109375,2864.0,2893.0,2890.64892578125,341443,0.0,0.0
2023-07-31 00:00:00+01:00,2888.0,2896.0,2873.0,2888.0,2885.65234375,309716,0.0,0.0
2023-08-01 00:00:00+01:00,2881.0,2895.0,2857.0,2873.0,2870.6650390625,434724,0.0,0.0
2023-08-02 00:00:00+01:00,2846.0,2848.986083984375,2816.0,2828.0,2825.70166015625,590885,0.0,0.0
2023-08-03 00:00:00+01:00,2804.0,2816.0,2774.0,2792.0,2789.730712890625,996934,0.0,0.0
2023-08-04 00:00:00+01:00,2793.0,2796.0,2761.0,2786.0,2783.7353515625,272611,0.0,0.0
2023-08-07 00:00:00+01:00,2783.0,2790.0,2763.0,2790.0,2787.732421875,397188,0.0,0.0
2023-08-08 00:00:00+01:00,2786.0,2812.0,2778.0,2782.0,2779.73876953125,808818,0.0,0.0
2023-08-09 00:00:00+01:00,2795.0,2812.0,2779.0,2786.0,2783.7353515625,1297215,0.0,0.0
2023-08-10 00:00:00+01:00,2797.0,2810.0,2780.0,2802.0,2799.72265625,1666346,0.0,0.0
2023-08-11 00:00:00+01:00,2799.0,2816.0,2786.0,2808.0,2805.7177734375,1374167,0.0,0.0
2023-08-14 00:00:00+01:00,2813.0,2815.0,2784.0,2795.0,2792.72802734375,548950,0.0,0.0
2023-08-15 00:00:00+01:00,2804.0,2804.0,2743.0,2757.0,2754.75927734375,377475,0.0,0.0
2023-08-16 00:00:00+01:00,2753.0,2769.0,2741.0,2752.0,2749.76318359375,561660,0.0,0.0
2023-08-17 00:00:00+01:00,2730.0,2750.0,2727.0,2738.0,2735.774658203125,596272,0.0,0.0
2023-08-18 00:00:00+01:00,2727.0,2734.0,2709.0,2714.0,2711.794189453125,516521,0.0,0.0
2023-08-21 00:00:00+01:00,2707.0,2720.0,2690.0,2694.0,2691.81005859375,694615,0.0,0.0
2023-08-22 00:00:00+01:00,2707.0,2707.0,2680.0,2687.0,2684.816162109375,846817,0.0,0.0
2023-08-23 00:00:00+01:00,2695.0,2712.0,2685.0,2693.0,2690.81103515625,870470,0.0,0.0
2023-08-24 00:00:00+01:00,2713.0,2723.0,2707.0,2713.0,2710.794921875,614897,0.0,0.0
2023-08-25 00:00:00+01:00,2713.0,2745.0,2707.0,2724.0,2721.78564453125,573042,0.0,0.0
2023-08-29 00:00:00+01:00,2855.0,2859.760009765625,2783.0,2808.0,2805.7177734375,4140454,0.0,0.0
2023-08-30 00:00:00+01:00,2829.0,2878.0,2817.0,2845.0,2842.6875,557650,0.0,0.0
2023-08-31 00:00:00+01:00,2859.0,2867.0,2830.0,2830.0,2827.699951171875,1485029,0.0,0.0
2023-09-01 00:00:00+01:00,2842.0,2856.0,2834.0,2850.0,2847.683349609375,311002,0.0,0.0
2023-09-04 00:00:00+01:00,2849.0,2866.0,2824.0,2824.0,2821.704345703125,307243,0.0,0.0
2023-09-05 00:00:00+01:00,2821.0,2828.0,2766.0,2766.0,2763.751953125,550905,0.0,0.0
2023-09-06 00:00:00+01:00,2749.0,2813.0,2738.0,2813.0,2810.713623046875,529512,0.0,0.0
2023-09-07 00:00:00+01:00,2810.0,2823.0,2800.0,2800.0,2797.72412109375,594015,0.0,0.0
2023-09-08 00:00:00+01:00,2803.0,2816.0,2789.0,2807.0,2804.718505859375,1571389,0.0,0.0
2023-09-11 00:00:00+01:00,2794.0,2817.0,2781.0,2800.0,2797.72412109375,588071,0.0,0.0
2023-09-12 00:00:00+01:00,2800.0,2807.0,2784.889892578125,2805.0,2802.719970703125,1363483,0.0,0.0
2023-09-13 00:00:00+01:00,2792.0,2809.0,2790.0,2804.0,2801.720703125,466833,0.0,0.0
2023-09-14 00:00:00+01:00,2807.0,2841.0,2799.0,2825.0,2822.703857421875,1076879,0.0,0.0
2023-09-15 00:00:00+01:00,2850.0,2870.0,2841.429931640625,2858.0,2855.677001953125,1387296,0.0,0.0
2023-09-18 00:00:00+01:00,2859.0,2873.0,2851.0,2873.0,2870.6650390625,753996,0.0,0.0
2023-09-19 00:00:00+01:00,2876.0,2895.0,2872.159912109375,2893.0,2890.64892578125,1374475,0.0,0.0
2023-09-20 00:00:00+01:00,2903.0,2941.0,2899.6201171875,2941.0,2938.609375,1214411,0.0,0.0
2023-09-21 00:00:00+01:00,2917.0,2949.0,2914.64990234375,2925.0,2922.622802734375,956357,0.0,0.0
2023-09-22 00:00:00+01:00,2912.0,2929.0,2898.0,2917.0,2914.629150390625,1073938,0.0,0.0
2023-09-25 00:00:00+01:00,2914.0,2916.0,2866.0,2877.0,2874.66162109375,1177638,0.0,0.0
2023-09-26 00:00:00+01:00,2865.0,2875.0,2842.0,2862.0,2859.673583984375,675243,0.0,0.0
2023-09-27 00:00:00+01:00,2863.0,2876.0,2846.0,2863.0,2860.673095703125,753647,0.0,0.0
2023-09-28 00:00:00+01:00,2873.0,2908.0,2839.0,2908.0,2905.63623046875,1335989,0.0,0.0
2023-09-29 00:00:00+01:00,2948.0,2955.0,2925.0,2926.0,2923.62158203125,1078069,0.0,0.0
2023-10-02 00:00:00+01:00,2933.0,2935.0,2880.0,2905.0,2902.638916015625,1470301,0.0,0.0
2023-10-03 00:00:00+01:00,2897.0,2940.0,2887.0,2924.0,2921.623291015625,501316,0.0,0.0
2023-10-04 00:00:00+01:00,2908.0,2930.0,2890.0,2909.0,2906.6357421875,838212,0.0,0.0
2023-10-05 00:00:00+01:00,2913.0,2951.0,2906.0,2933.0,2930.61572265625,737870,0.0,0.0
2023-10-06 00:00:00+01:00,2963.0,2967.0,2940.162109375,2956.0,2953.59716796875,688093,0.0,0.0
2023-10-09 00:00:00+01:00,2939.0,2961.40087890625,2929.0,2953.0,2950.599609375,842295,0.0,0.0
2023-10-10 00:00:00+01:00,2979.0,3007.0,2930.0,3007.0,3004.55615234375,756311,0.0,0.0
2023-10-11 00:00:00+01:00,2987.0,3010.0,2980.0,3009.0,3006.553955078125,832096,0.0,0.0
2023-10-12 00:00:00+01:00,3029.0,3048.0,3012.8701171875,3022.0,3019.5439453125,546109,0.0,0.0
2023-10-13 00:00:00+01:00,3031.0,3048.0,2984.0,2990.0,2987.56982421875,1215850,0.0,0.0
2023-10-16 00:00:00+01:00,3005.0,3005.0,2968.0,2968.0,2965.58740234375,911022,0.0,0.0
2023-10-17 00:00:00+01:00,2964.0,2997.0,2944.0,2963.0,2960.591796875,653397,0.0,0.0
2023-10-18 00:00:00+01:00,2959.0,2973.0,2919.0,2923.0,2920.624267578125,736770,0.0,0.0
2023-10-19 00:00:00+01:00,2905.0,2918.0,2887.0,2890.0,2887.651123046875,663304,0.0,0.0
2023-10-20 00:00:00+01:00,2882.0,2898.0,2854.0,2878.0,2875.660400390625,1049091,0.0,0.0
2023-10-23 00:00:00+01:00,2882.0,2930.0,2858.0,2914.0,2911.63134765625,1040058,0.0,0.0
2023-10-24 00:00:00+01:00,2717.0,2820.0,2709.0,2799.0,2796.724853515625,2156680,0.0,0.0
2023-10-25 00:00:00+01:00,2799.0,2862.0,2782.0,2850.0,2847.683349609375,1309559,0.0,0.0
2023-10-26 00:00:00+01:00,2835.0,2863.0,2822.0,2861.0,2858.6748046875,1130622,0.0,0.0
2023-10-27 00:00:00+01:00,2871.0,2902.0,2861.0,2894.0,2891.647705078125,1101199,0.0,0.0
2023-10-30 00:00:00+00:00,2911.0,2932.0,2887.0,2892.0,2889.6494140625,746823,0.0,0.0
2023-10-31 00:00:00+00:00,2903.0,2933.0,2882.0,2932.0,2929.616943359375,863958,0.0,0.0
2023-11-01 00:00:00+00:00,2936.0,2974.0,2917.0,2944.0,2941.607177734375,999139,0.0,0.0
2023-11-02 00:00:00+00:00,2969.0,2979.0,2938.0,2940.0,2937.610595703125,1533932,0.0,0.0
2023-11-03 00:00:00+00:00,2947.0,2970.0,2914.0,2918.0,2915.6279296875,656610,0.0,0.0
2023-11-06 00:00:00+00:00,2917.0,2937.0,2849.0,2875.0,2872.6630859375,869001,0.0,0.0
2023-11-07 00:00:00+00:00,2875.0,2926.0,2866.0,2900.0,2897.642822265625,533504,0.0,0.0
2023-11-08 00:00:00+00:00,2892.0,2922.0,2882.0,2914.0,2911.63134765625,695827,0.0,0.0
2023-11-09 00:00:00+00:00,2909.0,2944.0,2909.0,2934.0,2931.614990234375,554965,0.0,0.0
2023-11-10 00:00:00+00:00,2936.0,2940.0,2902.0,2921.0,2918.625732421875,542659,0.0,0.0
2023-11-13 00:00:00+00:00,2934.0,2961.0,2899.0,2955.0,2952.59814453125,1027363,0.0,0.0
2023-11-14 00:00:00+00:00,2959.0,2965.0,2933.0,2955.0,2952.59814453125,393431,0.0,0.0
2023-11-15 00:00:00+00:00,2958.0,2992.0,2938.0,2946.0,2943.605224609375,980635,0.0,0.0
2023-11-16 00:00:00+00:00,2941.0,2946.0,2912.0,2918.0,2915.80810546875,355890,18.199999,0.0
2023-11-17 00:00:00+00:00,2932.0,2951.0,2922.0,2945.0,2942.7880859375,517628,0.0,0.0
2023-11-20 00:00:00+00:00,2944.0,2944.0,2898.993896484375,2907.0,2904.816650390625,642008,0.0,0.0
2023-11-21 00:00:00+00:00,2909.0,2920.0,2871.0,2920.0,2917.806884765625,581344,0.0,0.0
2023-11-22 00:00:00+00:00,2935.0,2952.0,2924.0,2952.0,2949.782958984375,700095,0.0,0.0
2023-11-23 00:00:00+00:00,2958.0,2973.0,2938.0,2963.0,2960.774658203125,341957,0.0,0.0
2023-11-24 00:00:00+00:00,2960.0,2973.0,2942.0,2973.0,2970.76708984375,288761,0.0,0.0
2023-11-27 00:00:00+00:00,2979.0,2987.0,2949.0,2976.0,2973.7646484375,466031,0.0,0.0
2023-11-28 00:00:00+00:00,2965.0,2981.0,2942.0,2975.0,2972.765380859375,730427,0.0,0.0
2023-11-29 00:00:00+00:00,2964.0,2970.0,2930.0,2943.0,2940.78955078125,708651,0.0,0.0
2023-11-30 00:00:00+00:00,2940.0,3002.0,2926.0,3002.0,2999.7451171875,2822684,0.0,0.0
2023-12-01 00:00:00+00:00,2998.0,3019.0,2989.0,2996.0,2993.749755859375,408344,0.0,0.0
2023-12-04 00:00:00+00:00,2983.0,3001.0,2966.3798828125,2997.0,2994.748779296875,410620,0.0,0.0
2023-12-05 00:00:00+00:00,2974.0,3027.0,2956.0,3027.0,3024.726318359375,666793,0.0,0.0
2023-12-06 00:00:00+00:00,3039.0,3069.0,3008.0,3055.0,3052.705322265625,775690,0.0,0.0
2023-12-07 00:00:00+00:00,3048.0,3068.0,3036.0,3050.0,3047.709228515625,1543135,0.0,0.0
2023-12-08 00:00:00+00:00,3056.0,3106.0,3031.0,3079.0,3076.6875,797090,0.0,0.0
2023-12-11 00:00:00+00:00,3081.0,3117.0,3059.0,3101.0,3098.6708984375,598191,0.0,0.0
2023-12-12 00:00:00+00:00,3109.0,3142.0,3102.0,3116.0,3113.65966796875,2009799,0.0,0.0
2023-12-13 00:00:00+00:00,3124.0,3144.0,3097.0,3120.0,3117.656494140625,486331,0.0,0.0
2023-12-14 00:00:00+00:00,3127.0,3212.0,3104.0,3132.0,3129.6474609375,1393889,0.0,0.0
2023-12-15 00:00:00+00:00,3127.0,3137.0,3084.0,3113.0,3110.661865234375,1598923,0.0,0.0
2023-12-18 00:00:00+00:00,3106.0,3137.0,3102.0,3137.0,3134.64404296875,538865,0.0,0.0
2023-12-19 00:00:00+00:00,3145.0,3177.0,3118.0,3161.0,3158.625732421875,2247805,0.0,0.0
2023-12-20 00:00:00+00:00,3191.0,3230.0,3142.0,3223.0,3220.5791015625,743017,0.0,0.0
2023-12-21 00:00:00+00:00,3217.0,3243.0,3197.0,3206.0,3203.591796875,424398,0.0,0.0
2023-12-22 00:00:00+00:00,3207.0,3221.0,3201.0,3201.0,3198.595947265625,214760,0.0,0.0
2023-12-27 00:00:00+00:00,3209.0,3235.0,3181.0,3194.0,3191.6005859375,348832,0.0,0.0
2023-12-28 00:00:00+00:00,3194.0,3203.0,3180.6201171875,3198.0,3195.59814453125,370493,0.0,0.0
2023-12-29 00:00:00+00:00,3198.0,3216.0,3177.0,3190.0,3187.60400390625,244776,0.0,0.0
2024-01-02 00:00:00+00:00,3198.0,3211.0,3155.0,3165.0,3162.622802734375,320876,0.0,0.0
2024-01-03 00:00:00+00:00,3144.0,3169.0,3140.0,3149.0,3146.634765625,376735,0.0,0.0
2024-01-04 00:00:00+00:00,3143.0,3184.0,3143.0,3184.0,3181.6083984375,596230,0.0,0.0
2024-01-05 00:00:00+00:00,3164.0,3167.0,3134.0,3163.0,3160.624267578125,353392,0.0,0.0
2024-01-08 00:00:00+00:00,3174.0,3198.0,3159.0,3189.0,3186.604736328125,833844,0.0,0.0
2024-01-09 00:00:00+00:00,3195.0,3195.0,3166.0,3194.0,3191.6005859375,369146,0.0,0.0
2024-01-10 00:00:00+00:00,3195.0,3209.0,3179.0,3196.0,3193.599609375,327778,0.0,0.0
2024-01-11 00:00:00+00:00,3202.0,3227.0,3191.0,3194.0,3191.6005859375,494020,0.0,0.0
2024-01-12 00:00:00+00:00,3223.0,3257.0,3216.0,3253.0,3250.556640625,696582,0.0,0.0
2024-01-15 00:00:00+00:00,3258.0,3268.0,3237.0,3243.0,3240.564208984375,1033936,0.0,0.0
2024-01-16 00:00:00+00:00,3229.0,3237.0,3217.0,3224.0,3221.578125,911918,0.0,0.0
2024-01-17 00:00:00+00:00,3191.0,3209.0,3165.0,3209.0,3206.58984375,619244,0.0,0.0
2024-01-18 00:00:00+00:00,3217.0,3229.0,3206.0,3229.0,3226.574951171875,492985,0.0,0.0
2024-01-19 00:00:00+00:00,3246.0,3256.0,3213.0,3219.0,3216.582275390625,713084,0.0,0.0
2024-01-22 00:00:00+00:00,3243.0,3257.490966796875,3231.0,3245.0,3242.562744140625,330371,0.0,0.0
2024-01-23 00:00:00+00:00,3252.0,3254.10009765625,3178.0,3178.0,3175.613037109375,618092,0.0,0.0
2024-01-24 00:00:00+00:00,3170.0,3179.0,3156.0,3157.0,3154.62890625,611220,0.0,0.0
2024-01-25 00:00:00+00:00,3150.0,3160.0,3125.0,3147.0,3144.63623046875,961708,0.0,0.0
2024-01-26 00:00:00+00:00,3156.0,3189.0,3152.0,3184.0,3181.6083984375,506838,0.0,0.0
2024-01-29 00:00:00+00:00,3175.0,3193.0,3157.0,3190.0,3187.60400390625,593956,0.0,0.0
2024-01-30 00:00:00+00:00,3202.0,3227.55810546875,3195.0,3218.0,3215.583251953125,429083,0.0,0.0
2024-01-31 00:00:00+00:00,3228.0,3253.0,3214.0,3215.0,3212.5849609375,1018673,0.0,0.0
2024-02-01 00:00:00+00:00,3205.0,3220.0,3187.0,3204.0,3201.593505859375,438976,0.0,0.0
2024-02-02 00:00:00+00:00,3215.0,3225.0,3205.0,3208.0,3205.590576171875,396177,0.0,0.0
2024-02-05 00:00:00+00:00,3206.0,3212.0,3180.0,3203.0,3200.593994140625,573892,0.0,0.0
2024-02-06 00:00:00+00:00,3216.0,3234.0,3193.0,3212.0,3209.58740234375,343835,0.0,0.0
2024-02-07 00:00:00+00:00,3207.0,3217.0,3176.0,3189.0,3186.604736328125,1860880,0.0,0.0
2024-02-08 00:00:00+00:00,3189.0,3223.0,3169.778076171875,3200.0,3197.596435546875,827461,0.0,0.0
2024-02-09 00:00:00+00:00,3198.0,3224.0,3197.0,3202.0,3199.594970703125,548097,0.0,0.0
2024-02-12 00:00:00+00:00,3211.0,3213.0,3188.0,3198.0,3195.59814453125,562645,0.0,0.0
2024-02-13 00:00:00+00:00,3201.0,3222.0,3170.0,3179.0,3176.6123046875,999792,0.0,0.0
2024-02-14 00:00:00+00:00,3176.0,3196.0,3175.0,3188.0,3185.605712890625,493110,0.0,0.0
2024-02-15 00:00:00+00:00,3214.0,3223.85009765625,3177.0,3181.0,3178.610595703125,495740,0.0,0.0
2024-02-16 00:00:00+00:00,3185.0,3221.0,3180.0,3215.0,3212.5849609375,600410,0.0,0.0
2024-02-19 00:00:00+00:00,3213.0,3232.0,3186.4208984375,3226.0,3223.5771484375,383730,0.0,0.0
2024-02-20 00:00:00+00:00,3228.0,3254.0,3225.0,3253.0,3250.556640625,496318,0.0,0.0
2024-02-21 00:00:00+00:00,3258.0,3264.0,3221.0,3246.0,3243.561767578125,779819,0.0,0.0
2024-02-22 00:00:00+00:00,3259.0,3263.0,3216.0,3257.0,3254.5537109375,835897,0.0,0.0
2024-02-23 00:00:00+00:00,3250.0,3306.0,3237.0,3306.0,3303.516845703125,823909,0.0,0.0
2024-02-26 00:00:00+00:00,3205.0,3224.0,3118.0,3210.0,3207.589111328125,1431212,0.0,0.0
2024-02-27 00:00:00+00:00,3197.0,3240.0,3162.0,3185.0,3182.607421875,1485923,0.0,0.0
2024-02-28 00:00:00+00:00,3186.0,3199.0,3108.0,3135.0,3132.645263671875,1018983,0.0,0.0
2024-02-29 00:00:00+00:00,3158.0,3174.0,3135.0,3153.0,3150.631591796875,1788943,0.0,0.0
2024-03-01 00:00:00+00:00,3180.0,3180.0,3083.0,3104.0,3101.6689453125,959612,0.0,0.0
2024-03-04 00:00:00+00:00,3052.0,3094.0,3034.0,3066.0,3063.697265625,829094,0.0,0.0
2024-03-05 00:00:00+00:00,3080.0,3114.0,3073.0,3087.0,3084.681396484375,514226,0.0,0.0
2024-03-06 00:00:00+00:00,3094.0,3094.0,3060.0,3065.0,3062.69775390625,552250,0.0,0.0
2024-03-07 00:00:00+00:00,3057.0,3089.0,3057.0,3068.0,3065.695556640625,573099,0.0,0.0
2024-03-08 00:00:00+00:00,3076.0,3095.0,3059.0,3095.0,3092.675537109375,855982,0.0,0.0
2024-03-11 00:00:00+00:00,3086.0,3096.39794921875,3055.0,3074.0,3071.691162109375,393272,0.0,0.0
2024-03-12 00:00:00+00:00,3090.0,3106.0,3081.0,3098.0,3095.673095703125,513881,0.0,0.0
2024-03-13 00:00:00+00:00,3101.0,3102.0,3067.0,3068.0,3065.695556640625,872804,0.0,0.0
2024-03-14 00:00:00+00:00,3068.0,3072.0,3017.0,3024.0,3021.728759765625,689014,0.0,0.0
2024-03-15 00:00:00+00:00,3017.0,3027.0,2996.0,3004.0,3001.743896484375,1728965,0.0,0.0
2024-03-18 00:00:00+00:00,3015.0,3021.0,3007.0,3011.0,3008.73828125,586069,0.0,0.0
2024-03-19 00:00:00+00:00,3007.0,3026.0,2997.0,3012.0,3009.73779296875,1351674,0.0,0.0
2024-03-20 00:00:00+00:00,3011.0,3051.0,3011.0,3017.0,3014.73388671875,726231,0.0,0.0
2024-03-21 00:00:00+00:00,3043.0,3063.0,3033.0,3061.0,3058.700927734375,578000,0.0,0.0
2024-03-22 00:00:00+00:00,3067.0,3088.0,3065.51806640625,3073.0,3070.69189453125,548372,0.0,0.0
2024-03-25 00:00:00+00:00,3059.0,3079.0,3031.0,3037.0,3034.718994140625,553945,0.0,0.0
2024-03-26 00:00:00+00:00,3028.0,3068.969970703125,3007.0,3061.0,3058.700927734375,774301,0.0,0.0
2024-03-27 00:00:00+00:00,3065.0,3067.0,3041.0,3056.0,3053.704345703125,476282,0.0,0.0
2024-03-28 00:00:00+00:00,3061.0,3066.0,3036.0,3048.0,3045.710693359375,668386,0.0,0.0
2024-04-02 00:00:00+01:00,3036.0,3052.0,2950.0,2950.0,2947.784423828125,1541879,0.0,0.0
2024-04-03 00:00:00+01:00,2942.0,2966.0,2940.0,2946.0,2943.787109375,970347,0.0,0.0
2024-04-04 00:00:00+01:00,2948.0,2958.0,2914.0,2926.0,2923.802001953125,1237687,0.0,0.0
2024-04-05 00:00:00+01:00,2898.0,2940.0,2896.0,2940.0,2937.7919921875,720846,0.0,0.0
2024-04-08 00:00:00+01:00,2934.0,2948.0,2913.5458984375,2924.0,2921.8037109375,633717,0.0,0.0
2024-04-09 00:00:00+01:00,2922.0,2952.0,2916.0,2952.0,2949.782958984375,752244,0.0,0.0
2024-04-10 00:00:00+01:00,2960.0,2976.0,2951.156982421875,2968.0,2965.7705078125,1209463,0.0,0.0
2024-04-11 00:00:00+01:00,2970.0,3012.0,2967.52294921875,2996.0,2993.749755859375,1123398,0.0,0.0
2024-04-12 00:00:00+01:00,3000.0,3006.0,2974.0,2974.0,2971.766357421875,827089,0.0,0.0
2024-04-15 00:00:00+01:00,2974.0,3012.0,2966.0,2994.0,2991.751220703125,717779,0.0,0.0
2024-04-16 00:00:00+01:00,2964.0,2976.0,2952.0,2968.0,2965.7705078125,1004251,0.0,0.0
2024-04-17 00:00:00+01:00,2964.0,2986.0,2962.0,2978.0,2975.76318359375,753180,0.0,0.0
2024-04-18 00:00:00+01:00,2992.0,2992.0,2954.0,2974.0,2971.766357421875,1090906,0.0,0.0
2024-04-19 00:00:00+01:00,2956.0,2994.0,2952.0,2994.0,2991.751220703125,592524,0.0,0.0
2024-04-22 00:00:00+01:00,3020.0,3074.0,3014.0,3050.0,3047.709228515625,924644,0.0,0.0
2024-04-23 00:00:00+01:00,3060.0,3070.0,3048.0,3054.0,3051.706298828125,803624,0.0,0.0
2024-04-24 00:00:00+01:00,3042.0,3112.0,3042.0,3088.0,3085.680419921875,1324691,0.0,0.0
2024-04-25 00:00:00+01:00,3062.0,3072.0,3002.0,3034.0,3031.72119140625,1516305,0.0,0.0
2024-04-26 00:00:00+01:00,3046.0,3092.39404296875,3046.0,3070.0,3067.694091796875,628478,0.0,0.0
2024-04-29 00:00:00+01:00,3076.0,3098.0,3062.0,3080.0,3077.6865234375,388402,0.0,0.0
2024-04-30 00:00:00+01:00,3088.0,3108.0,3050.0,3074.0,3071.691162109375,636188,0.0,0.0
2024-05-01 00:00:00+01:00,3074.0,3086.0,3038.0,3054.0,3051.706298828125,597663,0.0,0.0
2024-05-02 00:00:00+01:00,3054.0,3092.52001953125,3034.0,3086.0,3083.68212890625,537331,0.0,0.0
2024-05-03 00:00:00+01:00,3096.0,3114.0,3066.0,3106.0,3103.6669921875,635662,0.0,0.0
2024-05-07 00:00:00+01:00,3132.0,3166.0,3106.0,3148.0,3145.635498046875,527598,0.0,0.0
2024-05-08 00:00:00+01:00,3158.0,3168.300048828125,3152.0,3158.0,3155.628173828125,897078,0.0,0.0
2024-05-09 00:00:00+01:00,3162.0,3185.39404296875,3162.0,3174.0,3171.61572265625,563788,0.0,0.0
2024-05-10 00:00:00+01:00,3178.0,3198.0,3152.0,3184.0,3181.6083984375,326925,0.0,0.0
2024-05-13 00:00:00+01:00,3186.0,3192.0,3124.0,3138.0,3135.64306640625,449838,0.0,0.0
2024-05-14 00:00:00+01:00,3140.0,3160.0,3104.0,3122.0,3119.655029296875,417069,0.0,0.0
2024-05-15 00:00:00+01:00,3130.0,3144.0,3094.0,3110.0,3107.6640625,522276,0.0,0.0
2024-05-16 00:00:00+01:00,3066.0,3130.0,3022.0,3044.0,3042.203857421875,693473,50.1,0.0
2024-05-17 00:00:00+01:00,3042.0,3072.0,3040.0,3044.0,3042.203857421875,987202,0.0,0.0
2024-05-20 00:00:00+01:00,3044.0,3054.0,3024.0,3042.0,3040.204833984375,727811,0.0,0.0
2024-05-21 00:00:00+01:00,3030.0,3088.10009765625,3016.0,3038.0,3036.207275390625,695733,0.0,0.0
2024-05-22 00:00:00+01:00,3030.0,3044.0,3010.0,3038.0,3036.207275390625,775178,0.0,0.0
2024-05-23 00:00:00+01:00,3044.0,3060.0,3022.0,3022.0,3020.216796875,643889,0.0,0.0
2024-05-24 00:00:00+01:00,3006.0,3032.0,2986.0,3022.0,3020.216796875,734212,0.0,0.0
2024-05-28 00:00:00+01:00,3036.0,3054.0,2983.909912109375,2984.0,2982.239013671875,739271,0.0,0.0
2024-05-29 00:00:00+01:00,2976.0,2984.0,2958.0,2974.0,2972.244873046875,1332251,0.0,0.0
2024-05-30 00:00:00+01:00,2964.0,2988.0,2952.0,2982.0,2980.240478515625,600520,0.0,0.0
2024-05-31 00:00:00+01:00,2984.0,2984.0,2935.970947265625,2936.0,2934.267822265625,5576486,0.0,0.0
2024-06-03 00:00:00+01:00,2984.0,2998.0,2935.56005859375,2970.0,2968.247314453125,1146728,0.0,0.0
2024-06-04 00:00:00+01:00,2970.0,2982.0,2950.0,2950.0,2948.259033203125,436746,0.0,0.0
2024-06-05 00:00:00+01:00,2956.0,2964.31298828125,2932.0,2958.0,2956.25439453125,573870,0.0,0.0
2024-06-06 00:00:00+01:00,2956.0,2976.0,2940.0,2972.0,2970.24609375,533267,0.0,0.0
2024-06-07 00:00:00+01:00,2968.0,2990.0,2938.0,2946.0,2944.26171875,501779,0.0,0.0
2024-06-10 00:00:00+01:00,2928.0,2964.0,2910.0,2948.0,2946.260498046875,986658,0.0,0.0
2024-06-11 00:00:00+01:00,2964.0,2966.0,2930.0,2958.0,2956.25439453125,525228,0.0,0.0
2024-06-12 00:00:00+01:00,2970.0,2988.0,2960.0,2988.0,2986.23681640625,448017,0.0,0.0
2024-06-13 00:00:00+01:00,2984.0,3000.0,2962.0,2970.0,2968.247314453125,418476,0.0,0.0
2024-06-14 00:00:00+01:00,2974.0,2974.0,2918.0,2922.0,2920.27587890625,640891,0.0,0.0
2024-06-17 00:00:00+01:00,2936.0,2938.0,2898.0,2898.0,2896.2900390625,355008,0.0,0.0
2024-06-18 00:00:00+01:00,2916.0,2998.0,2910.0,2998.0,2996.231201171875,1280732,0.0,0.0
2024-06-19 00:00:00+01:00,3000.0,3016.0,2980.0,3006.0,3004.226318359375,425284,0.0,0.0
2024-06-20 00:00:00+01:00,3010.0,3032.0,2992.0,3024.0,3022.215576171875,467319,0.0,0.0
2024-06-21 00:00:00+01:00,3012.0,3028.0,2988.945068359375,3014.0,3012.221435546875,1101599,0.0,0.0
2024-06-24 00:00:00+01:00,3014.0,3068.0,3003.60302734375,3054.0,3052.19775390625,706590,0.0,0.0
2024-06-25 00:00:00+01:00,3050.0,3056.0,3010.0,3018.0,3016.21923828125,473074,0.0,0.0
2024-06-26 00:00:00+01:00,3022.0,3044.0,3016.0,3038.0,3036.207275390625,1003160,0.0,0.0
2024-06-27 00:00:00+01:00,3038.0,3102.0,3036.0,3070.0,3068.1884765625,737592,0.0,0.0
2024-06-28 00:00:00+01:00,3074.0,3092.0,2986.007080078125,3010.0,3008.223876953125,714201,0.0,0.0
2024-07-01 00:00:00+01:00,3028.0,3044.0,2992.0,2992.0,2990.234375,514319,0.0,0.0
2024-07-02 00:00:00+01:00,2978.0,3010.0,2960.0,2998.0,2996.231201171875,693966,0.0,0.0
2024-07-03 00:00:00+01:00,3012.0,3044.0,3000.0,3032.0,3030.2109375,663226,0.0,0.0
2024-07-04 00:00:00+01:00,3086.0,3132.0,3074.0,3120.0,3118.1591796875,744935,0.0,0.0
2024-07-05 00:00:00+01:00,3130.0,3148.0,3116.0,3148.0,3146.142333984375,773347,0.0,0.0
2024-07-08 00:00:00+01:00,3136.0,3144.0,3112.0,3116.0,3114.161376953125,619600,0.0,0.0
2024-07-09 00:00:00+01:00,3118.0,3142.0,3100.0,3110.0,3108.164794921875,651041,0.0,0.0
2024-07-10 00:00:00+01:00,3120.0,3170.0,3120.0,3160.0,3158.135498046875,850235,0.0,0.0
2024-07-11 00:00:00+01:00,3174.0,3198.0,3140.0,3188.0,3186.118896484375,476112,0.0,0.0
2024-07-12 00:00:00+01:00,3200.0,3220.0,3175.466064453125,3188.0,3186.118896484375,427230,0.0,0.0
2024-07-15 00:00:00+01:00,3174.0,3196.0,3156.0,3156.0,3154.137451171875,240388,0.0,0.0
2024-07-16 00:00:00+01:00,3138.0,3170.0,3132.0,3170.0,3168.129638671875,674183,0.0,0.0
2024-07-17 00:00:00+01:00,3160.0,3198.0,3156.0,3198.0,3196.11279296875,610780,0.0,0.0
2024-07-18 00:00:00+01:00,3212.0,3242.0,3178.0,3230.0,3228.093994140625,490581,0.0,0.0
2024-07-19 00:00:00+01:00,3224.0,3226.0,3178.0,3220.0,3218.099853515625,400009,0.0,0.0
2024-07-22 00:00:00+01:00,3234.0,3266.0,3226.0,3230.0,3228.093994140625,373368,0.0,0.0
2024-07-23 00:00:00+01:00,3222.0,3252.0,3212.0,3250.0,3248.082275390625,563133,0.0,0.0
2024-07-24 00:00:00+01:00,3224.0,3252.0,3204.0,3248.0,3246.083251953125,281311,0.0,0.0
2024-07-25 00:00:00+01:00,3216.0,3230.0,3185.080078125,3230.0,3228.093994140625,349302,0.0,0.0
2024-07-26 00:00:00+01:00,3222.0,3264.0,3218.0,3250.0,3248.082275390625,798039,0.0,0.0
2024-07-29 00:00:00+01:00,3264.0,3288.0,3248.0,3248.0,3246.083251953125,292479,0.0,0.0
2024-07-30 00:00:00+01:00,3230.0,3276.0,3226.0,3258.0,3256.07763671875,379045,0.0,0.0
2024-07-31 00:00:00+01:00,3274.0,3282.0,3248.0,3258.0,3256.07763671875,551640,0.0,0.0
2024-08-01 00:00:00+01:00,3252.0,3266.0,3222.0,3230.0,3228.093994140625,334132,0.0,0.0
2024-08-02 00:00:00+01:00,3200.0,3210.0,3156.0,3166.0,3164.1318359375,624099,0.0,0.0
2024-08-05 00:00:00+01:00,3124.0,3156.0,3087.9140625,3156.0,3154.137451171875,532024,0.0,0.0
2024-08-06 00:00:00+01:00,3156.0,3166.0,3118.0,3150.0,3148.1416015625,363864,0.0,0.0
2024-08-07 00:00:00+01:00,3164.0,3190.0,3156.0,3190.0,3188.11767578125,462819,0.0,0.0
2024-08-08 00:00:00+01:00,3178.0,3242.0,3148.0,3178.0,3176.12451171875,305968,0.0,0.0
2024-08-09 00:00:00+01:00,3182.0,3208.0,3172.0,3186.0,3184.119873046875,313264,0.0,0.0
2024-08-12 00:00:00+01:00,3198.0,3214.0,3186.0,3202.0,3200.110595703125,248301,0.0,0.0
2024-08-13 00:00:00+01:00,3206.0,3216.0,3182.0,3210.0,3208.10546875,243605,0.0,0.0
2024-08-14 00:00:00+01:00,3226.0,3228.0,3210.0,3216.0,3214.102294921875,624639,0.0,0.0
2024-08-15 00:00:00+01:00,3230.0,3258.0,3214.0,3246.0,3244.084716796875,542442,0.0,0.0
2024-08-16 00:00:00+01:00,3246.0,3262.0,3220.0,3228.0,3226.09521484375,624904,0.0,0.0
2024-08-19 00:00:00+01:00,3222.0,3254.0,3218.0,3224.0,3222.09765625,615757,0.0,0.0
2024-08-20 00:00:00+01:00,3218.0,3236.0,3194.0,3198.0,3196.11279296875,525389,0.0,0.0
2024-08-21 00:00:00+01:00,3198.0,3212.0,3186.0,3200.0,3198.111572265625,442491,0.0,0.0
2024-08-22 00:00:00+01:00,3186.0,3209.2080078125,3184.0,3184.0,3182.12109375,270118,0.0,0.0
2024-08-23 00:00:00+01:00,3192.0,3214.0,3184.0,3214.0,3212.103515625,693365,0.0,0.0
2024-08-27 00:00:00+01:00,3480.0,3600.0,3342.0,3470.0,3467.9521484375,1260100,0.0,0.0
2024-08-28 00:00:00+01:00,3468.0,3485.01611328125,3448.0,3462.0,3459.95703125,591655,0.0,0.0
2024-08-29 00:00:00+01:00,3494.0,3556.0,3492.0,3556.0,3553.901611328125,532641,0.0,0.0
2024-08-30 00:00:00+01:00,3558.0,3574.0,3536.0,3540.0,3537.911376953125,1307775,0.0,0.0
2024-09-02 00:00:00+01:00,3546.0,3552.0,3512.0,3552.0,3549.904052734375,326099,0.0,0.0
2024-09-03 00:00:00+01:00,3546.0,3576.0,3542.0,3576.0,3573.8896484375,994157,0.0,0.0
2024-09-04 00:00:00+01:00,3552.0,3618.0,3542.0,3618.0,3615.864990234375,799850,0.0,0.0
2024-09-05 00:00:00+01:00,3636.0,3638.0,3580.0,3586.0,3583.884033203125,577093,0.0,0.0
2024-09-06 00:00:00+01:00,3580.0,3630.0,3576.0,3610.0,3607.869873046875,904207,0.0,0.0
2024-09-09 00:00:00+01:00,3648.0,3652.0,3616.0,3648.0,3645.847412109375,566961,0.0,0.0
2024-09-10 00:00:00+01:00,3636.0,3658.0,3626.0,3638.0,3635.85302734375,498373,0.0,0.0
2024-09-11 00:00:00+01:00,3652.0,3653.216064453125,3598.0,3614.0,3611.867431640625,640037,0.0,0.0
2024-09-12 00:00:00+01:00,3636.0,3648.0,3622.0,3648.0,3645.847412109375,924674,0.0,0.0
2024-09-13 00:00:00+01:00,3656.0,3678.0,3648.0,3664.0,3661.837890625,625835,0.0,0.0
2024-09-16 00:00:00+01:00,3660.0,3680.0,3650.0,3672.0,3669.833251953125,509039,0.0,0.0
2024-09-17 00:00:00+01:00,3694.0,3716.0,3692.0,3714.0,3711.808349609375,1007687,0.0,0.0
2024-09-18 00:00:00+01:00,3708.0,3732.0,3668.0,3668.0,3665.83544921875,1099907,0.0,0.0
2024-09-19 00:00:00+01:00,3692.0,3696.0,3602.0,3608.0,3605.870849609375,973293,0.0,0.0
2024-09-20 00:00:00+01:00,3600.0,3618.0,3576.0,3576.0,3573.8896484375,1562331,0.0,0.0
2024-09-23 00:00:00+01:00,3568.0,3612.0,3562.0,3598.0,3595.876708984375,286420,0.0,0.0
2024-09-24 00:00:00+01:00,3604.0,3612.0,3556.0,3582.0,3579.886474609375,746446,0.0,0.0
2024-09-25 00:00:00+01:00,3564.0,3602.0,3564.0,3580.0,3577.8876953125,554852,0.0,0.0
2024-09-26 00:00:00+01:00,3596.0,3596.0,3552.0,3556.0,3553.901611328125,576536,0.0,0.0
2024-09-27 00:00:00+01:00,3550.0,3572.0,3548.0,3556.0,3553.901611328125,849718,0.0,0.0
2024-09-30 00:00:00+01:00,3548.0,3573.096923828125,3520.0,3534.0,3531.91455078125,889677,0.0,0.0
2024-10-01 00:00:00+01:00,3540.0,3558.0,3516.0,3528.0,3525.91845703125,586690,0.0,0.0
2024-10-02 00:00:00+01:00,3526.0,3528.177001953125,3500.0,3524.0,3521.92041015625,769468,0.0,0.0
2024-10-03 00:00:00+01:00,3536.0,3542.0,3492.0,3492.0,3489.939208984375,527397,0.0,0.0
2024-10-04 00:00:00+01:00,3484.0,3500.0,3476.0,3484.0,3481.944091796875,451511,0.0,0.0
2024-10-07 00:00:00+01:00,3498.0,3504.0,3468.0,3484.0,3481.944091796875,523933,0.0,0.0
2024-10-08 00:00:00+01:00,3484.0,3490.0,3454.0,3456.0,3453.9609375,2804730,0.0,0.0
2024-10-09 00:00:00+01:00,3482.0,3482.0,3440.0,3470.0,3467.9521484375,743082,0.0,0.0
2024-10-10 00:00:00+01:00,3464.0,3478.0,3430.0,3434.0,3431.9736328125,362272,0.0,0.0
2024-10-11 00:00:00+01:00,3428.0,3470.0,3428.0,3466.0,3463.95458984375,628502,0.0,0.0
2024-10-14 00:00:00+01:00,3522.0,3550.0,3496.0,3550.0,3547.9052734375,617087,0.0,0.0
2024-10-15 00:00:00+01:00,3572.0,3596.0,3554.0,3582.0,3579.886474609375,1999359,0.0,0.0
2024-10-16 00:00:00+01:00,3586.0,3634.0,3572.0,3634.0,3631.855712890625,966266,0.0,0.0
2024-10-17 00:00:00+01:00,3620.0,3630.0,3590.0,3610.0,3607.869873046875,652227,0.0,0.0
2024-10-18 00:00:00+01:00,3568.0,3590.0,3530.0,3576.0,3573.8896484375,542059,0.0,0.0
2024-10-21 00:00:00+01:00,3576.0,3580.0,3554.0,3556.0,3553.901611328125,379220,0.0,0.0
2024-10-22 00:00:00+01:00,3542.0,3558.0,3528.0,3538.0,3535.912353515625,495995,0.0,0.0
2024-10-23 00:00:00+01:00,3530.0,3558.0,3528.0,3546.0,3543.9072265625,659076,0.0,0.0
2024-10-24 00:00:00+01:00,3510.0,3550.0,3434.0,3500.0,3497.9345703125,497155,0.0,0.0
2024-10-25 00:00:00+01:00,3500.0,3516.0,3472.0,3472.0,3469.951416015625,595028,0.0,0.0
2024-10-28 00:00:00+00:00,3482.0,3530.0,3472.0,3512.0,3509.927490234375,552853,0.0,0.0
2024-10-29 00:00:00+00:00,3524.0,3524.0,3448.0,3448.0,3445.965576171875,651087,0.0,0.0
2024-10-30 00:00:00+00:00,3444.0,3458.0,3430.0,3432.0,3429.974609375,663400,0.0,0.0
2024-10-31 00:00:00+00:00,3410.0,3422.0,3370.0,3412.0,3409.986572265625,789890,0.0,0.0
2024-11-01 00:00:00+00:00,3424.0,3443.720947265625,3414.0,3426.0,3423.978515625,644683,0.0,0.0
2024-11-04 00:00:00+00:00,3422.0,3452.0,3418.0,3448.0,3445.965576171875,1889016,0.0,0.0
2024-11-05 00:00:00+00:00,3442.0,3460.0,3430.0,3458.0,3455.95947265625,437279,0.0,0.0
2024-11-06 00:00:00+00:00,3498.0,3536.0,3475.639892578125,3512.0,3509.927490234375,644485,0.0,0.0
2024-11-07 00:00:00+00:00,3520.0,3520.0,3452.0,3466.0,3463.95458984375,615931,0.0,0.0
2024-11-08 00:00:00+00:00,3478.0,3488.534912109375,3442.0,3476.0,3473.94873046875,429805,0.0,0.0
2024-11-11 00:00:00+00:00,3482.0,3508.0,3472.0,3476.0,3473.94873046875,282923,0.0,0.0
2024-11-12 00:00:00+00:00,3456.0,3476.0,3448.0,3462.0,3459.95703125,472702,0.0,0.0
2024-11-13 00:00:00+00:00,3444.0,3464.0,3436.0,3456.0,3453.9609375,571059,0.0,0.0
2024-11-14 00:00:00+00:00,3418.0,3448.0,3406.0,3436.0,3434.17236328125,569952,20.1,0.0
2024-11-15 00:00:00+00:00,3428.0,3444.7900390625,3418.0,3424.0,3422.178466796875,501972,0.0,0.0
2024-11-18 00:00:00+00:00,3424.0,3446.0,3408.0,3432.0,3430.17431640625,863821,0.0,0.0
2024-11-19 00:00:00+00:00,3436.0,3456.0,3414.0,3440.0,3438.169921875,857409,0.0,0.0
2024-11-20 00:00:00+00:00,3442.0,3450.0,3400.0,3400.0,3398.19140625,837925,0.0,0.0
2024-11-21 00:00:00+00:00,3410.0,3468.0,3400.0,3468.0,3466.1552734375,562796,0.0,0.0
2024-11-22 00:00:00+00:00,3486.0,3500.4951171875,3466.0,3496.0,3494.140380859375,1479625,0.0,0.0
2024-11-25 00:00:00+00:00,3510.0,3546.0,3494.0,3546.0,3544.113525390625,2777343,0.0,0.0
2024-11-26 00:00:00+00:00,3528.0,3544.0,3510.0,3520.0,3518.127685546875,403474,0.0,0.0
2024-11-27 00:00:00+00:00,3524.0,3536.0,3510.0,3532.0,3530.12109375,715270,0.0,0.0
2024-11-28 00:00:00+00:00,3542.0,3554.0,3518.0,3536.0,3534.118896484375,222457,0.0,0.0
2024-11-29 00:00:00+00:00,3532.0,3558.0,3515.427978515625,3558.0,3556.107177734375,824455,0.0,0.0
2024-12-02 00:00:00+00:00,3566.0,3607.0029296875,3560.0,3598.0,3596.0859375,655180,0.0,0.0
2024-12-03 00:00:00+00:00,3584.0,3606.0,3564.0,3600.0,3598.0849609375,606601,0.0,0.0
2024-12-04 00:00:00+00:00,3584.0,3612.0,3560.0,3610.0,3608.079833984375,673892,0.0,0.0
2024-12-05 00:00:00+00:00,3612.0,3622.0,3596.0,3612.0,3610.07861328125,1552556,0.0,0.0
2024-12-06 00:00:00+00:00,3618.0,3618.0,3570.0,3588.0,3586.09130859375,562471,0.0,0.0
2024-12-09 00:00:00+00:00,3584.0,3618.0,3574.0,3592.0,3590.08935546875,918605,0.0,0.0
2024-12-10 00:00:00+00:00,3590.0,3592.0,3540.0,3540.0,3538.1171875,493471,0.0,0.0
2024-12-11 00:00:00+00:00,3524.0,3588.0,3524.0,3588.0,3586.09130859375,978065,0.0,0.0
2024-12-12 00:00:00+00:00,3576.0,3584.0,3527.0,3534.0,3532.1201171875,802259,0.0,0.0
2024-12-13 00:00:00+00:00,3530.0,3544.0,3498.0,3520.0,3518.127685546875,551253,0.0,0.0
2024-12-16 00:00:00+00:00,3560.0,3620.0,3542.0,3558.0,3556.107177734375,705816,0.0,0.0
2024-12-17 00:00:00+00:00,3362.0,3410.0,3296.0,3356.0,3354.21484375,3094149,0.0,0.0
2024-12-18 00:00:00+00:00,3360.0,3380.0,3322.0,3324.0,3322.23193359375,918784,0.0,0.0
2024-12-19 00:00:00+00:00,3302.0,3306.0,3256.0,3256.0,3254.267822265625,1182904,0.0,0.0
2024-12-20 00:00:00+00:00,3242.0,3278.0,3236.0,3268.0,3266.26171875,1736062,0.0,0.0
2024-12-23 00:00:00+00:00,3250.0,3310.0,3236.0,3298.0,3296.24560546875,997685,0.0,0.0
2024-12-24 00:00:00+00:00,3310.0,3324.0,3304.0,3304.0,3302.24267578125,175540,0.0,0.0
2024-12-27 00:00:00+00:00,3300.0,3320.0,3290.0,3312.0,3310.23828125,399319,0.0,0.0
2024-12-30 00:00:00+00:00,3298.0,3310.0,3278.0,3296.0,3294.246826171875,405803,0.0,0.0
2024-12-31 00:00:00+00:00,3296.0,3310.0,3284.0,3296.0,3294.246826171875,201242,0.0,0.0
2025-01-02 00:00:00+00:00,3302.0,3330.0,3294.0,3306.0,3304.241455078125,291212,0.0,0.0
2025-01-03 00:00:00+00:00,3290.0,3304.0,3260.0,3266.0,3264.2626953125,327702,0.0,0.0
2025-01-06 00:00:00+00:00,3274.0,3278.0,3234.0,3252.0,3250.270263671875,614309,0.0,0.0
2025-01-07 00:00:00+00:00,3246.0,3280.0,3244.0,3258.0,3256.26708984375,717814,0.0,0.0
2025-01-08 00:00:00+00:00,3258.0,3270.0,3226.0,3258.0,3256.26708984375,410656,0.0,0.0
2025-01-09 00:00:00+00:00,3260.0,3314.0,3254.0,3302.0,3300.243408203125,538715,0.0,0.0
2025-01-10 00:00:00+00:00,3302.0,3314.0,3282.0,3282.0,3280.25439453125,479807,0.0,0.0
2025-01-13 00:00:00+00:00,3276.0,3326.0,3276.0,3310.0,3308.239013671875,570529,0.0,0.0
2025-01-14 00:00:00+00:00,3314.0,3322.0,3276.0,3308.0,3306.240234375,563843,0.0,0.0
2025-01-15 00:00:00+00:00,3316.0,3342.0,3312.0,3332.0,3330.227294921875,401063,0.0,0.0
2025-01-16 00:00:00+00:00,3334.0,3392.0,3326.0,3392.0,3390.195556640625,1013170,0.0,0.0
2025-01-17 00:00:00+00:00,3416.0,3444.0,3400.0,3438.0,3436.171142578125,515692,0.0,0.0
2025-01-20 00:00:00+00:00,3430.0,3444.0,3422.0,3426.0,3424.177734375,1172100,0.0,0.0
2025-01-21 00:00:00+00:00,3424.0,3441.0,3416.0,3434.0,3432.17333984375,772284,0.0,0.0
2025-01-22 00:00:00+00:00,3434.0,3458.0,3428.0,3450.0,3448.164794921875,724481,0.0,0.0
2025-01-23 00:00:00+00:00,3456.0,3460.0,3424.0,3424.0,3422.178466796875,1650187,0.0,0.0
2025-01-24 00:00:00+00:00,3426.0,3434.0,3368.0,3382.0,3380.200927734375,730120,0.0,0.0
2025-01-27 00:00:00+00:00,3372.0,3408.0,3362.0,3394.0,3392.1943359375,775463,0.0,0.0
2025-01-28 00:00:00+00:00,3390.0,3440.0,3382.0,3416.0,3414.182861328125,752481,0.0,0.0
2025-01-29 00:00:00+00:00,3426.0,3436.0,3410.0,3416.0,3414.182861328125,1135649,0.0,0.0
2025-01-30 00:00:00+00:00,3414.0,3460.0,3404.0,3452.0,3450.163818359375,477276,0.0,0.0
2025-01-31 00:00:00+00:00,3460.0,3468.0,3444.0,3448.0,3446.165771484375,1225368,0.0,0.0
2025-02-03 00:00:00+00:00,3408.0,3428.0,3390.0,3426.0,3424.177734375,488505,0.0,0.0
2025-02-04 00:00:00+00:00,3412.0,3452.0,3402.0,3438.0,3436.171142578125,513480,0.0,0.0
2025-02-05 00:00:00+00:00,3430.0,3442.0,3408.0,3430.0,3428.175537109375,843173,0.0,0.0
2025-02-06 00:00:00+00:00,3452.0,3452.0,3416.0,3430.0,3428.175537109375,435676,0.0,0.0
2025-02-07 00:00:00+00:00,3434.0,3436.0,3358.0,3374.0,3372.205078125,467990,0.0,0.0
2025-02-10 00:00:00+00:00,3366.0,3404.0,3364.0,3402.0,3400.190185546875,569538,0.0,0.0
2025-02-11 00:00:00+00:00,3406.0,3440.0,3394.0,3430.0,3428.175537109375,391248,0.0,0.0
2025-02-12 00:00:00+00:00,3420.0,3437.8740234375,3402.0,3420.0,3418.180908203125,475865,0.0,0.0
2025-02-13 00:00:00+00:00,3464.0,3488.0,3420.0,3442.0,3440.169189453125,472156,0.0,0.0
2025-02-14 00:00:00+00:00,3442.0,3452.0,3426.0,3436.0,3434.17236328125,711774,0.0,0.0
2025-02-17 00:00:00+00:00,3432.0,3450.0,3422.0,3440.0,3438.169921875,374924,0.0,0.0
2025-02-18 00:00:00+00:00,3452.0,3458.0,3434.0,3434.0,3432.17333984375,619785,0.0,0.0
2025-02-19 00:00:00+00:00,3434.0,3442.0,3376.0,3376.0,3374.204345703125,695015,0.0,0.0
2025-02-20 00:00:00+00:00,3384.0,3406.0,3360.0,3366.0,3364.209716796875,853772,0.0,0.0
2025-02-21 00:00:00+00:00,3368.0,3392.0,3348.0,3366.0,3364.209716796875,622152,0.0,0.0
2025-02-24 00:00:00+00:00,3370.0,3378.0,3346.0,3368.0,3366.20849609375,966606,0.0,0.0
2025-02-25 00:00:00+00:00,3342.0,3354.0,3295.0,3318.0,3316.23486328125,1900582,0.0,0.0
2025-02-26 00:00:00+00:00,3310.0,3344.0,3306.0,3344.0,3342.221435546875,603115,0.0,0.0
2025-02-27 00:00:00+00:00,3324.0,3348.0,3286.0,3338.0,3336.224365234375,540351,0.0,0.0
2025-02-28 00:00:00+00:00,3308.0,3368.10107421875,3308.0,3368.0,3366.20849609375,1364190,0.0,0.0
2025-03-03 00:00:00+00:00,3312.0,3334.0,3072.0,3072.0,3070.36572265625,1992849,0.0,0.0
2025-03-04 00:00:00+00:00,3046.0,3118.0,3016.0,3036.0,3034.385009765625,1679380,0.0,0.0
2025-03-05 00:00:00+00:00,3024.0,3074.0,3024.0,3050.0,3048.37744140625,879872,0.0,0.0
2025-03-06 00:00:00+00:00,3050.0,3070.0,3006.0,3020.0,3018.3935546875,1631679,0.0,0.0
2025-03-07 00:00:00+00:00,3010.0,3076.0,3010.0,3076.0,3074.36376953125,990963,0.0,0.0
2025-03-10 00:00:00+00:00,3100.0,3102.0,2998.0,3010.0,3008.39892578125,1147069,0.0,0.0
2025-03-11 00:00:00+00:00,3006.0,3022.0,2960.0,2964.0,2962.423095703125,513755,0.0,0.0
2025-03-12 00:00:00+00:00,2972.0,2996.0,2954.0,2966.0,2964.42236328125,1619364,0.0,0.0
2025-03-13 00:00:00+00:00,2952.0,2954.0,2884.0,2890.0,2888.462646484375,951782,0.0,0.0
2025-03-14 00:00:00+00:00,2894.0,2954.0,2884.719970703125,2944.0,2942.43408203125,1710635,0.0,0.0
2025-03-17 00:00:00+00:00,2934.0,2974.0,2924.0,2962.0,2960.42431640625,397562,0.0,0.0
2025-03-18 00:00:00+00:00,2976.0,2988.0,2943.406005859375,2988.0,2986.41064453125,697947,0.0,0.0
2025-03-19 00:00:00+00:00,2988.0,2990.0,2932.0,2964.0,2962.423095703125,932830,0.0,0.0
2025-03-20 00:00:00+00:00,2982.0,3032.0,2976.0,3000.0,2998.404296875,2256599,0.0,0.0
2025-03-21 00:00:00+00:00,2980.0,2988.0,2942.0,2980.0,2978.414794921875,2156966,0.0,0.0
2025-03-24 00:00:00+00:00,3016.0,3032.0,2998.0,3008.0,3006.39990234375,920622,0.0,0.0
2025-03-25 00:00:00+00:00,3008.0,3018.0,2976.0,2990.0,2988.40966796875,628143,0.0,0.0
2025-03-26 00:00:00+00:00,2996.0,3006.0,2978.0,2986.0,2984.41162109375,536220,0.0,0.0
2025-03-27 00:00:00+00:00,2968.0,2990.0,2964.0,2988.0,2986.41064453125,776994,0.0,0.0
2025-03-28 00:00:00+00:00,2982.0,2994.0,2963.031005859375,2974.0,2972.417724609375,530324,0.0,0.0
2025-03-31 00:00:00+01:00,2976.0,2994.0,2950.0,2966.0,2964.42236328125,896533,0.0,0.0
2025-04-01 00:00:00+01:00,2982.0,2984.0,2930.0,2940.0,2938.43603515625,694791,0.0,0.0
2025-04-02 00:00:00+01:00,2954.0,3034.0,2946.0,3034.0,3032.385986328125,929297,0.0,0.0
2025-04-03 00:00:00+01:00,3020.0,3068.0,2986.0,3038.0,3036.384033203125,1124574,0.0,0.0
2025-04-04 00:00:00+01:00,3038.0,3064.0,2972.0,3010.0,3008.39892578125,1347870,0.0,0.0
2025-04-07 00:00:00+01:00,2942.0,3004.0,2852.0,2862.0,2860.4775390625,2476779,0.0,0.0
2025-04-08 00:00:00+01:00,2870.0,2958.0,2834.0,2942.0,2940.434814453125,1234859,0.0,0.0
2025-04-09 00:00:00+01:00,2898.0,2930.0,2854.0,2886.0,2884.46484375,1603569,0.0,0.0
2025-04-10 00:00:00+01:00,2962.0,3030.0,2962.0,2972.0,2970.4189453125,999729,0.0,0.0
2025-04-11 00:00:00+01:00,2986.0,3032.0,2972.0,3002.0,3000.403076171875,841616,0.0,0.0
2025-04-14 00:00:00+01:00,3042.0,3072.0,3026.0,3042.0,3040.3818359375,460876,0.0,0.0
2025-04-15 00:00:00+01:00,3054.0,3096.0,3042.0,3078.0,3076.36279296875,626211,0.0,0.0
2025-04-16 00:00:00+01:00,2470.0,2506.0,2218.0,2290.0,2288.781982421875,5290263,0.0,0.0
2025-04-17 00:00:00+01:00,2278.0,2362.0,2276.0,2288.0,2286.782958984375,3366556,0.0,0.0
2025-04-22 00:00:00+01:00,2282.0,2372.591064453125,2252.0,2370.0,2368.739013671875,1439379,0.0,0.0
2025-04-23 00:00:00+01:00,2380.0,2440.0,2358.0,2386.0,2384.730712890625,2167765,0.0,0.0
2025-04-24 00:00:00+01:00,2364.0,2394.0,2301.125,2318.0,2316.76708984375,1597025,0.0,0.0
2025-04-25 00:00:00+01:00,2330.0,2342.0,2292.0,2292.0,2290.78076171875,1296905,0.0,0.0
2025-04-28 00:00:00+01:00,2286.0,2320.0,2272.0,2296.0,2294.77880859375,1762116,0.0,0.0
2025-04-29 00:00:00+01:00,2304.0,2372.0,2298.0,2310.0,2308.771240234375,641297,0.0,0.0
2025-04-30 00:00:00+01:00,2304.0,2350.0,2304.0,2350.0,2348.75,1114883,0.0,0.0
2025-05-01 00:00:00+01:00,2376.0,2376.0,2310.0,2320.0,2318.76611328125,570412,0.0,0.0
2025-05-02 00:00:00+01:00,2332.0,2380.0,2316.0,2380.0,2378.73388671875,2086286,0.0,0.0
2025-05-06 00:00:00+01:00,2496.0,2496.0,2376.0,2402.0,2400.722412109375,1273934,0.0,0.0
2025-05-07 00:00:00+01:00,2402.0,2444.0,2396.0,2400.0,2398.72314453125,827859,0.0,0.0
2025-05-08 00:00:00+01:00,2406.0,2458.0,2400.0,2456.0,2454.693603515625,906892,0.0,0.0
2025-05-09 00:00:00+01:00,2442.0,2480.0,2396.0,2464.0,2462.689453125,1591009,0.0,0.0
2025-05-12 00:00:00+01:00,2484.0,2538.0,2474.0,2538.0,2536.64990234375,866152,0.0,0.0
2025-05-13 00:00:00+01:00,2532.0,2552.0,2520.0,2520.0,2518.659423828125,933310,0.0,0.0
2025-05-14 00:00:00+01:00,2522.0,2532.0,2494.0,2500.0,2498.669921875,788391,0.0,0.0
2025-05-15 00:00:00+01:00,2484.0,2526.0,2476.0,2514.0,2512.662841796875,621983,0.0,0.0
2025-05-16 00:00:00+01:00,2524.0,2544.0,2512.0,2520.0,2518.659423828125,581112,0.0,0.0
2025-05-19 00:00:00+01:00,2500.0,2526.0,2498.0,2526.0,2524.656494140625,477186,0.0,0.0
2025-05-20 00:00:00+01:00,2532.0,2542.0,2490.0,2490.0,2488.67529296875,1922454,0.0,0.0
2025-05-21 00:00:00+01:00,2490.0,2508.0,2442.0,2442.0,2440.700927734375,1359043,0.0,0.0
2025-05-22 00:00:00+01:00,2374.0,2418.0,2364.0,2418.0,2417.24609375,4620669,53.8,0.0
2025-05-23 00:00:00+01:00,2424.0,2432.0,2366.0,2376.0,2375.25927734375,652265,0.0,0.0
2025-05-27 00:00:00+01:00,2422.0,2434.0,2400.0,2424.0,2423.244384765625,1225673,0.0,0.0
2025-05-28 00:00:00+01:00,2422.0,2442.0,2396.0,2398.0,2397.25244140625,956353,0.0,0.0
2025-05-29 00:00:00+01:00,2402.0,2414.0,2376.0,2382.0,2381.257568359375,459416,0.0,0.0
2025-05-30 00:00:00+01:00,2382.0,2392.0,2360.0,2376.0,2375.25927734375,1621737,0.0,0.0
2025-06-02 00:00:00+01:00,2358.0,2374.0,2336.0,2346.0,2345.268798828125,549909,0.0,0.0
2025-06-03 00:00:00+01:00,2348.0,2354.0,2314.0,2314.0,2313.27880859375,901931,0.0,0.0
2025-06-04 00:00:00+01:00,2318.0,2324.0,2290.0,2294.0,2293.284912109375,1111019,0.0,0.0
2025-06-05 00:00:00+01:00,2292.0,2300.0,2262.0,2288.0,2287.28662109375,1138376,0.0,0.0
2025-06-06 00:00:00+01:00,2270.0,2300.0,2252.94091796875,2274.0,2273.291259765625,1081855,0.0,0.0
2025-06-09 00:00:00+01:00,2272.0,2308.0,2272.0,2296.0,2295.2841796875,888505,0.0,0.0
2025-06-10 00:00:00+01:00,2310.0,2386.89892578125,2302.0,2336.0,2335.27197265625,1284031,0.0,0.0
2025-06-11 00:00:00+01:00,2340.0,2352.0,2314.0,2314.0,2313.27880859375,699447,0.0,0.0
2025-06-12 00:00:00+01:00,2300.0,2368.0,2300.0,2314.0,2313.27880859375,559698,0.0,0.0
2025-06-13 00:00:00+01:00,2290.0,2306.0,2278.0,2284.0,2283.2880859375,611332,0.0,0.0
2025-06-16 00:00:00+01:00,2292.0,2318.0,2270.0,2302.0,2301.282470703125,542905,0.0,0.0
2025-06-17 00:00:00+01:00,2268.0,2290.948974609375,2218.0,2236.0,2235.30322265625,1966189,0.0,0.0
2025-06-18 00:00:00+01:00,2242.0,2252.0,2210.0,2222.0,2221.307373046875,1372260,0.0,0.0
2025-06-19 00:00:00+01:00,2218.0,2270.0,2216.0,2252.0,2251.298095703125,1102836,0.0,0.0
2025-06-20 00:00:00+01:00,2264.0,2286.0,2246.0,2272.0,2271.291748046875,2096173,0.0,0.0
2025-06-23 00:00:00+01:00,2254.0,2336.0,2254.0,2320.0,2319.27685546875,998794,0.0,0.0
2025-06-24 00:00:00+01:00,2346.0,2394.0,2300.0,2328.0,2327.2744140625,1250428,0.0,0.0
2025-06-25 00:00:00+01:00,2330.0,2364.0,2318.0,2324.0,2323.275634765625,1056534,0.0,0.0
2025-06-26 00:00:00+01:00,2318.0,2339.98095703125,2314.0,2330.0,2329.273681640625,651876,0.0,0.0
2025-06-27 00:00:00+01:00,2326.0,2348.0,2318.0,2344.0,2343.26953125,1131692,0.0,0.0
2025-06-30 00:00:00+01:00,2344.0,2348.0,2320.0,2320.0,2319.27685546875,960296,0.0,0.0
2025-07-01 00:00:00+01:00,2326.0,2360.0,2310.0,2360.0,2359.264404296875,558873,0.0,0.0
2025-07-02 00:00:00+01:00,2358.0,2358.0,2316.0,2332.0,2331.27294921875,839626,0.0,0.0
2025-07-03 00:00:00+01:00,2346.0,2362.0,2333.800048828125,2338.0,2337.271240234375,1508232,0.0,0.0
2025-07-04 00:00:00+01:00,2326.0,2348.0,2322.0,2340.0,2339.2705078125,331081,0.0,0.0
2025-07-07 00:00:00+01:00,2348.0,2362.0,2301.322998046875,2316.0,2315.278076171875,685789,0.0,0.0
2025-07-08 00:00:00+01:00,2312.0,2312.0,2274.0,2304.0,2303.281982421875,1651708,0.0,0.0
2025-07-09 00:00:00+01:00,2300.0,2320.0,2284.0,2306.0,2305.28125,377260,0.0,0.0
2025-07-10 00:00:00+01:00,2326.0,2340.0,2308.0,2340.0,2339.2705078125,379133,0.0,0.0
2025-07-11 00:00:00+01:00,2330.0,2340.0,2288.0,2300.0,2299.282958984375,432844,0.0,0.0
2025-07-14 00:00:00+01:00,2284.0,2300.0,2276.0,2276.0,2275.29052734375,739989,0.0,0.0
2025-07-15 00:00:00+01:00,2288.0,2320.0,2284.0,2298.0,2297.28369140625,485296,0.0,0.0
2025-07-16 00:00:00+01:00,2280.0,2302.0,2274.0,2274.0,2273.291259765625,434866,0.0,0.0
2025-07-17 00:00:00+01:00,2302.0,2314.0,2290.0,2300.0,2299.282958984375,447340,0.0,0.0
2025-07-18 00:00:00+01:00,2310.0,2316.0,2294.0,2304.0,2303.281982421875,622377,0.0,0.0
2025-07-21 00:00:00+01:00,2296.0,2314.0,2272.0,2278.0,2277.289794921875,384930,0.0,0.0
2025-07-22 00:00:00+01:00,2270.0,2280.0,2250.0,2270.0,2269.29248046875,1478707,0.0,0.0
2025-07-23 00:00:00+01:00,2288.0,2312.803955078125,2278.0,2308.0,2307.280517578125,910331,0.0,0.0
2025-07-24 00:00:00+01:00,2320.0,2346.0,2298.426025390625,2330.0,2329.273681640625,701000,0.0,0.0
2025-07-25 00:00:00+01:00,2334.0,2334.0,2296.0,2316.0,2315.278076171875,426679,0.0,0.0
2025-07-28 00:00:00+01:00,2374.0,2374.0,2300.0,2302.0,2301.282470703125,728068,0.0,0.0
2025-07-29 00:00:00+01:00,2302.0,2318.0,2296.0,2310.0,2309.27978515625,401749,0.0,0.0
2025-07-30 00:00:00+01:00,2312.0,2314.0,2284.0,2286.0,2285.287353515625,585853,0.0,0.0
2025-07-31 00:00:00+01:00,2294.0,2308.0,2247.389892578125,2254.0,2253.29736328125,625728,0.0,0.0
2025-08-01 00:00:00+01:00,2244.0,2258.0,2226.0,2240.0,2239.3017578125,1744510,0.0,0.0
2025-08-04 00:00:00+01:00,2248.0,2251.23193359375,2222.0,2240.0,2239.3017578125,1745711,0.0,0.0
2025-08-05 00:00:00+01:00,2240.0,2260.0,2234.0,2240.0,2239.3017578125,513965,0.0,0.0
2025-08-06 00:00:00+01:00,2256.0,2274.0,2240.0,2248.0,2247.29931640625,1586182,0.0,0.0
2025-08-07 00:00:00+01:00,2258.0,2282.0,2246.0,2268.0,2267.29296875,800606,0.0,0.0
2025-08-08 00:00:00+01:00,2272.0,2276.0,2252.0,2268.0,2267.29296875,494296,0.0,0.0
2025-08-11 00:00:00+01:00,2268.0,2284.0,2246.0,2246.0,2245.2998046875,422437,0.0,0.0
2025-08-12 00:00:00+01:00,2254.0,2270.0,2240.0,2270.0,2269.29248046875,322914,0.0,0.0
2025-08-13 00:00:00+01:00,2272.0,2280.0,2226.0,2278.0,2277.289794921875,898153,0.0,0.0
2025-08-14 00:00:00+01:00,2286.0,2286.0,2262.0,2276.0,2275.29052734375,624262,0.0,0.0
2025-08-15 00:00:00+01:00,2288.0,2300.0,2272.0,2280.0,2279.289306640625,698418,0.0,0.0
2025-08-18 00:00:00+01:00,2280.0,2298.0,2264.0,2270.0,2269.29248046875,420190,0.0,0.0
2025-08-19 00:00:00+01:00,2268.0,2338.0,2268.0,2334.0,2333.2724609375,662074,0.0,0.0
2025-08-20 00:00:00+01:00,2320.0,2368.0,2314.0,2362.0,2361.263671875,744914,0.0,0.0
2025-08-21 00:00:00+01:00,2356.0,2368.0,2351.7958984375,2368.0,2367.261962890625,611614,0.0,0.0
2025-08-22 00:00:00+01:00,2360.0,2400.0,2354.528076171875,2384.0,2383.2568359375,693570,0.0,0.0
2025-08-26 00:00:00+01:00,2452.0,2546.173095703125,2432.0,2506.0,2505.21875,2163455,0.0,0.0
2025-08-27 00:00:00+01:00,2506.0,2524.0,2456.0,2490.0,2489.223876953125,1433970,0.0,0.0
2025-08-28 00:00:00+01:00,2508.0,2550.0,2480.0,2490.0,2489.223876953125,1018788,0.0,0.0
2025-08-29 00:00:00+01:00,2492.0,2532.0,2492.0,2502.0,2501.219970703125,1071041,0.0,0.0
2025-09-01 00:00:00+01:00,2502.0,2528.0,2502.0,2514.0,2513.21630859375,827472,0.0,0.0
2025-09-02 00:00:00+01:00,2504.0,2522.0,2498.0,2512.0,2511.217041015625,2206764,0.0,0.0
2025-09-03 00:00:00+01:00,2524.0,2576.0,2522.0,2544.0,2543.20703125,896303,0.0,0.0
2025-09-04 00:00:00+01:00,2548.0,2556.0,2536.0,2554.0,2553.203857421875,828694,0.0,0.0
2025-09-05 00:00:00+01:00,2558.0,2609.424072265625,2558.0,2588.0,2587.193359375,1109426,0.0,0.0
2025-09-08 00:00:00+01:00,2592.0,2600.0,2546.0,2582.0,2581.195068359375,2632006,0.0,0.0
2025-09-09 00:00:00+01:00,2590.0,2602.0,2536.0,2546.0,2545.206298828125,1059428,0.0,0.0
2025-09-10 00:00:00+01:00,2532.0,2558.0,2510.0,2516.0,2515.215576171875,1151228,0.0,0.0
2025-09-11 00:00:00+01:00,2522.0,2546.0,2510.0,2526.0,2525.212646484375,1655844,0.0,0.0
2025-09-12 00:00:00+01:00,2542.0,2545.0,2484.0,2496.0,2495.22216796875,1068125,0.0,0.0
2025-09-15 00:00:00+01:00,2502.0,2518.0,2458.0,2458.0,2457.23388671875,2024681,0.0,0.0
2025-09-16 00:00:00+01:00,2462.0,2480.0,2444.0,2460.0,2459.233154296875,843118,0.0,0.0
2025-09-17 00:00:00+01:00,2476.0,2480.0,2464.0,2472.0,2471.229248046875,1131755,0.0,0.0
2025-09-18 00:00:00+01:00,2472.0,2486.0,2450.0,2450.0,2449.236328125,848171,0.0,0.0
2025-09-19 00:00:00+01:00,2448.0,2456.0,2419.758056640625,2420.0,2419.245849609375,1322978,0.0,0.0
2025-09-22 00:00:00+01:00,2422.0,2432.0,2404.0,2404.0,2403.250732421875,575002,0.0,0.0
2025-09-23 00:00:00+01:00,2414.0,2442.0,2412.0,2412.0,2411.248291015625,698604,0.0,0.0
2025-09-24 00:00:00+01:00,2402.0,2414.0,2386.0,2390.0,2389.255126953125,1240085,0.0,0.0
2025-09-25 00:00:00+01:00,2396.0,2396.0,2356.0,2360.0,2359.264404296875,725352,0.0,0.0
2025-09-26 00:00:00+01:00,2354.0,2360.0,2330.0,2336.0,2335.27197265625,1177039,0.0,0.0
2025-09-29 00:00:00+01:00,2350.0,2360.0,2324.0,2332.0,2331.27294921875,797603,0.0,0.0
2025-09-30 00:00:00+01:00,2324.0,2356.0,2306.0,2346.0,2345.268798828125,1324736,0.0,0.0
2025-10-01 00:00:00+01:00,2326.0,2380.0,2316.0,2368.0,2367.261962890625,805916,0.0,0.0
2025-10-02 00:00:00+01:00,2378.0,2386.0,2356.0,2384.0,2383.2568359375,2131112,0.0,0.0
2025-10-03 00:00:00+01:00,2406.0,2492.0,2396.0,2490.0,2489.223876953125,915053,0.0,0.0
2025-10-06 00:00:00+01:00,2488.0,2488.176025390625,2434.0,2450.0,2449.236328125,579986,0.0,0.0
2025-10-07 00:00:00+01:00,2446.0,2468.0,2438.0,2460.0,2459.233154296875,355963,0.0,0.0
2025-10-08 00:00:00+01:00,2454.0,2458.0,2419.047119140625,2438.0,2437.239990234375,759025,0.0,0.0
2025-10-09 00:00:00+01:00,2448.0,2458.0,2408.0,2424.0,2423.244384765625,392998,0.0,0.0
2025-10-10 00:00:00+01:00,2428.0,2460.0,2424.0,2438.0,2437.239990234375,669929,0.0,0.0
2025-10-13 00:00:00+01:00,2434.0,2456.0,2418.0,2426.0,2425.24365234375,1062395,0.0,0.0
2025-10-14 00:00:00+01:00,2412.0,2428.0,2398.0,2398.0,2397.25244140625,620101,0.0,0.0
2025-10-15 00:00:00+01:00,2404.0,2416.0,2381.40087890625,2404.0,2403.250732421875,583972,0.0,0.0
2025-10-16 00:00:00+01:00,2412.0,2426.0,2398.0,2412.0,2411.248291015625,601066,0.0,0.0
2025-10-17 00:00:00+01:00,2400.0,2446.0,2382.0,2438.0,2437.239990234375,611787,0.0,0.0
2025-10-20 00:00:00+01:00,2440.0,2472.0,2418.0,2450.0,2449.236328125,1035016,0.0,0.0
2025-10-21 00:00:00+01:00,2392.0,2468.0,2354.0,2462.0,2461.232421875,1183113,0.0,0.0
2025-10-22 00:00:00+01:00,2472.0,2472.0,2424.2509765625,2456.0,2455.234375,661875,0.0,0.0
2025-10-23 00:00:00+01:00,2448.0,2472.0,2446.0,2446.0,2445.237548828125,376525,0.0,0.0
2025-10-24 00:00:00+01:00,2460.0,2468.0,2436.0,2436.0,2435.24072265625,577523,0.0,0.0
2025-10-27 00:00:00+00:00,2432.0,2436.0,2402.0,2402.0,2401.251220703125,595995,0.0,0.0
2025-10-28 00:00:00+00:00,2404.0,2416.0,2368.0,2368.0,2367.261962890625,739321,0.0,0.0
2025-10-29 00:00:00+00:00,2360.0,2378.0,2346.0,2350.0,2349.267578125,745480,0.0,0.0
2025-10-30 00:00:00+00:00,2352.0,2352.0,2330.0,2336.0,2335.27197265625,592499,0.0,0.0
2025-10-31 00:00:00+00:00,2338.0,2342.0,2308.0,2312.0,2311.279541015625,756562,0.0,0.0
2025-11-03 00:00:00+00:00,2302.0,2316.0,2252.0,2266.0,2265.293701171875,583676,0.0,0.0
2025-11-04 00:00:00+00:00,2256.0,2278.0,2244.14794921875,2260.0,2259.295654296875,1655882,0.0,0.0
2025-11-05 00:00:00+00:00,2254.0,2296.0,2242.0,2286.0,2285.287353515625,652435,0.0,0.0
2025-11-06 00:00:00+00:00,2272.0,2284.0,2220.0,2228.0,2227.3056640625,521736,0.0,0.0
2025-11-07 00:00:00+00:00,2232.0,2236.0,2188.0,2210.0,2209.31103515625,529395,0.0,0.0
2025-11-10 00:00:00+00:00,2220.0,2220.0,2190.0,2202.0,2201.3134765625,571882,0.0,0.0
2025-11-11 00:00:00+00:00,2208.0,2256.0,2202.0,2250.0,2249.298583984375,546475,0.0,0.0
2025-11-12 00:00:00+00:00,2240.0,2244.0,2214.0,2242.0,2241.301025390625,745273,0.0,0.0
2025-11-13 00:00:00+00:00,2224.0,2234.0,2204.0,2214.0,2213.50927734375,2877267,20.2,0.0
2025-11-14 00:00:00+00:00,2206.0,2210.0,2178.0,2178.0,2177.517333984375,577443,0.0,0.0
2025-11-17 00:00:00+00:00,2178.0,2178.0,2150.0,2156.0,2155.522216796875,1571524,0.0,0.0
2025-11-18 00:00:00+00:00,2132.0,2140.0,2102.0,2104.0,2103.53369140625,1255923,0.0,0.0
2025-11-19 00:00:00+00:00,2104.0,2110.0,2084.0,2092.0,2091.536376953125,467538,0.0,0.0
2025-11-20 00:00:00+00:00,2100.0,2112.0,2072.89794921875,2090.0,2089.536865234375,685564,0.0,0.0
2025-11-21 00:00:00+00:00,2096.0,2148.0,2084.0,2126.0,2125.52880859375,593840,0.0,0.0
2025-11-24 00:00:00+00:00,2132.0,2140.0,2112.0,2122.0,2121.52978515625,1352972,0.0,0.0
2025-11-25 00:00:00+00:00,2126.0,2170.06005859375,2112.0,2150.0,2149.5234375,670120,0.0,0.0
2025-11-26 00:00:00+00:00,2150.0,2161.080078125,2132.0,2140.0,2139.525634765625,733036,0.0,0.0
2025-11-27 00:00:00+00:00,2144.0,2150.0,2122.0,2140.0,2139.525634765625,257491,0.0,0.0
2025-11-28 00:00:00+00:00,2150.0,2174.0,2132.0,2164.0,2163.5205078125,774403,0.0,0.0
2025-12-01 00:00:00+00:00,2160.0,2203.8798828125,2148.0,2188.0,2187.51513671875,704029,0.0,0.0
2025-12-02 00:00:00+00:00,2184.0,2202.030029296875,2170.0,2172.0,2171.5185546875,894472,0.0,0.0
2025-12-03 00:00:00+00:00,2180.0,2180.0,2136.0,2152.0,2151.523193359375,575121,0.0,0.0
2025-12-04 00:00:00+00:00,2164.0,2174.0,2142.0,2160.0,2159.521240234375,405625,0.0,0.0
2025-12-05 00:00:00+00:00,2156.0,2168.0,2144.0,2152.0,2151.523193359375,652544,0.0,0.0
2025-12-08 00:00:00+00:00,2146.0,2162.0,2120.0,2132.0,2131.527587890625,506046,0.0,0.0
2025-12-09 00:00:00+00:00,2116.0,2168.0,2116.0,2166.0,2165.52001953125,2223062,0.0,0.0
2025-12-10 00:00:00+00:00,2166.0,2172.0,2146.0,2156.0,2155.522216796875,560393,0.0,0.0
2025-12-11 00:00:00+00:00,2164.0,2180.0,2124.0,2168.0,2167.51953125,2028834,0.0,0.0
2025-12-12 00:00:00+00:00,2162.0,2170.0,2138.0,2150.0,2149.5234375,960186,0.0,0.0
2025-12-15 00:00:00+00:00,2154.0,2216.0,2148.0,2194.0,2193.513671875,455925,0.0,0.0
2025-12-16 00:00:00+00:00,2200.0,2228.0,2190.0,2220.0,2219.508056640625,707172,0.0,0.0
2025-12-17 00:00:00+00:00,2168.0,2184.0,2050.0,2176.0,2175.517822265625,1101409,0.0,0.0
2025-12-18 00:00:00+00:00,2166.0,2190.0,2122.0,2122.0,2121.52978515625,2704943,0.0,0.0
2025-12-19 00:00:00+00:00,2104.0,2140.0,2093.89501953125,2094.0,2093.535888671875,2077101,0.0,0.0
2025-12-22 00:00:00+00:00,2090.0,2104.0,2080.0,2080.0,2079.5390625,1184925,0.0,0.0
2025-12-23 00:00:00+00:00,2084.0,2100.0,2074.0,2074.0,2073.540283203125,454947,0.0,0.0
2025-12-24 00:00:00+00:00,2076.0,2086.0,2074.0,2080.0,2079.5390625,81339,0.0,0.0
2025-12-29 00:00:00+00:00,2072.0,2094.0,2066.0,2072.0,2071.540771484375,584507,0.0,0.0
2025-12-30 00:00:00+00:00,2070.0,2088.0,2066.0,2088.0,2087.537353515625,1881519,0.0,0.0
