Date,Open,High,Low,Close,Adj Close,Volume,Dividends,Stock Splits
2022-01-03 00:00:00-05:00,101.37000274658203,101.83999633789062,99.77999877929688,101.70999908447266,96.0837631225586,1516500,0.0,0.0
2022-01-04 00:00:00-05:00,100.88999938964844,102.55000305175781,99.56999969482422,101.81999969482422,96.18769073486328,1472900,0.0,0.0
2022-01-05 00:00:00-05:00,102.06999969482422,103.22000122070312,102.05000305175781,102.54000091552734,96.86786651611328,1450200,0.0,0.0
2022-01-06 00:00:00-05:00,102.5199966430664,104.0,102.26000213623047,102.70999908447266,97.0284652709961,1345900,0.0,0.0
2022-01-07 00:00:00-05:00,102.70999908447266,104.38999938964844,102.41999816894531,103.5999984741211,97.86922454833984,1968100,0.0,0.0
2022-01-10 00:00:00-05:00,103.55999755859375,104.38999938964844,102.36000061035156,102.80000305175781,97.11346435546875,2272100,0.0,0.0
2022-01-11 00:00:00-05:00,102.52999877929688,102.91999816894531,100.3499984741211,101.81999969482422,96.18769073486328,2544200,0.0,0.0
2022-01-12 00:00:00-05:00,101.33999633789062,102.72000122070312,100.66000366210938,102.5999984741211,96.9245376586914,1999000,0.0,0.0
2022-01-13 00:00:00-05:00,102.48999786376953,104.0199966430664,101.9800033569336,103.29000091552734,97.57637786865234,2316300,0.0,0.0
2022-01-14 00:00:00-05:00,103.19000244140625,104.41000366210938,102.87000274658203,104.22000122070312,98.4549331665039,1333800,0.0,0.0
2022-01-18 00:00:00-05:00,104.30000305175781,104.5,102.41999816894531,103.22000122070312,97.51023864746094,2541600,0.0,0.0
2022-01-19 00:00:00-05:00,103.4000015258789,104.83999633789062,102.7699966430664,102.93000030517578,97.23628997802734,1984600,0.0,0.0
2022-01-20 00:00:00-05:00,102.5199966430664,104.05999755859375,101.80000305175781,101.9800033569336,96.33885192871094,1633700,0.0,0.0
2022-01-21 00:00:00-05:00,102.66999816894531,104.43000030517578,102.66999816894531,103.4000015258789,97.68029022216797,1777000,0.0,0.0
2022-01-24 00:00:00-05:00,104.0,104.4800033569336,100.69999694824219,102.41999816894531,96.75448608398438,2249800,0.0,0.0
2022-01-25 00:00:00-05:00,102.44999694824219,102.81999969482422,100.7699966430664,101.62999725341797,96.00819396972656,1751900,0.0,0.0
2022-01-26 00:00:00-05:00,98.31999969482422,100.83000183105469,97.6500015258789,98.94999694824219,93.47643280029297,3531000,0.0,0.0
2022-01-27 00:00:00-05:00,99.41000366210938,100.4000015258789,98.20999908447266,98.66000366210938,93.20248413085938,2608700,0.0,0.0
2022-01-28 00:00:00-05:00,96.66000366210938,103.08000183105469,95.86000061035156,103.0,97.30240631103516,3393600,0.0,0.0
2022-01-31 00:00:00-05:00,102.5,103.80000305175781,101.25,102.6500015258789,96.9717788696289,4746800,0.0,0.0
2022-02-01 00:00:00-05:00,102.93000030517578,103.19999694824219,100.8499984741211,102.1500015258789,96.49944305419922,1551800,0.0,0.0
2022-02-02 00:00:00-05:00,102.16999816894531,103.56999969482422,101.69000244140625,103.19000244140625,97.48191833496094,1806000,0.0,0.0
2022-02-03 00:00:00-05:00,102.01000213623047,104.08999633789062,102.01000213623047,103.04000091552734,97.34020233154297,1603200,0.0,0.0
2022-02-04 00:00:00-05:00,102.19000244140625,102.52999877929688,100.38999938964844,100.9800033569336,95.3941650390625,2709700,0.0,0.0
2022-02-07 00:00:00-05:00,101.43000030517578,101.81999969482422,100.68000030517578,101.13999938964844,95.54530334472656,1573500,0.0,0.0
2022-02-08 00:00:00-05:00,101.55000305175781,101.80000305175781,100.70999908447266,100.80000305175781,95.22411346435547,1760900,0.0,0.0
2022-02-09 00:00:00-05:00,101.27999877929688,101.43000030517578,100.23999786376953,100.4800033569336,94.92180633544922,1619200,0.0,0.0
2022-02-10 00:00:00-05:00,100.19000244140625,100.2699966430664,98.3499984741211,98.70999908447266,93.24971008300781,2014000,0.0,0.0
2022-02-11 00:00:00-05:00,99.16999816894531,99.23999786376953,97.7699966430664,97.9000015258789,92.48452758789062,4228200,0.0,0.0
2022-02-14 00:00:00-05:00,97.87000274658203,98.56999969482422,96.8499984741211,97.56999969482422,92.42106628417969,2061500,0.263,0.0
2022-02-15 00:00:00-05:00,97.80000305175781,98.9800033569336,96.30000305175781,96.68000030517578,91.5780258178711,1535600,0.0,0.0
2022-02-16 00:00:00-05:00,96.66999816894531,97.12999725341797,95.0999984741211,96.02999877929688,90.96232604980469,1543400,0.0,0.0
2022-02-17 00:00:00-05:00,96.04000091552734,97.43000030517578,95.29000091552734,96.94999694824219,91.83378601074219,1309100,0.0,0.0
2022-02-18 00:00:00-05:00,96.94999694824219,98.9800033569336,96.47000122070312,98.77999877929688,93.56720733642578,2724300,0.0,0.0
2022-02-22 00:00:00-05:00,98.29000091552734,98.58000183105469,96.3499984741211,96.72000122070312,91.61591339111328,1667500,0.0,0.0
2022-02-23 00:00:00-05:00,97.05000305175781,97.75,96.08000183105469,96.30000305175781,91.21807861328125,1185100,0.0,0.0
2022-02-24 00:00:00-05:00,95.44999694824219,96.51000213623047,93.86000061035156,95.05999755859375,90.04351043701172,1930600,0.0,0.0
2022-02-25 00:00:00-05:00,95.73999786376953,98.70999908447266,95.31999969482422,98.69999694824219,93.49143981933594,1417500,0.0,0.0
2022-02-28 00:00:00-05:00,97.44999694824219,98.20999908447266,96.62999725341797,97.8499984741211,92.68628692626953,2187500,0.0,0.0
2022-03-01 00:00:00-05:00,97.72000122070312,98.5999984741211,96.36000061035156,96.88999938964844,91.77694702148438,1428900,0.0,0.0
2022-03-02 00:00:00-05:00,95.94999694824219,97.5,95.45999908447266,96.9800033569336,91.8622055053711,1404900,0.0,0.0
2022-03-03 00:00:00-05:00,97.44000244140625,99.54000091552734,97.20999908447266,99.19999694824219,93.96503448486328,1668000,0.0,0.0
2022-03-04 00:00:00-05:00,98.36000061035156,100.8499984741211,98.12999725341797,100.69000244140625,95.37641906738281,1324500,0.0,0.0
2022-03-07 00:00:00-05:00,100.30000305175781,102.77999877929688,99.12999725341797,101.70999908447266,96.34259033203125,1717800,0.0,0.0
2022-03-08 00:00:00-05:00,101.04000091552734,102.08000183105469,95.1500015258789,95.31999969482422,90.28980255126953,2233800,0.0,0.0
2022-03-09 00:00:00-05:00,96.26000213623047,97.62999725341797,94.62999725341797,97.05999755859375,91.9379653930664,1642100,0.0,0.0
2022-03-10 00:00:00-05:00,96.91000366210938,97.20999908447266,95.38999938964844,95.91999816894531,90.8581314086914,1329600,0.0,0.0
2022-03-11 00:00:00-05:00,96.02999877929688,97.05999755859375,95.0999984741211,95.1500015258789,90.12876892089844,896200,0.0,0.0
2022-03-14 00:00:00-04:00,95.93000030517578,96.81999969482422,95.30999755859375,96.62999725341797,91.5306625366211,1086100,0.0,0.0
2022-03-15 00:00:00-04:00,97.86000061035156,99.23999786376953,96.62999725341797,98.94999694824219,93.72821807861328,1298400,0.0,0.0
2022-03-16 00:00:00-04:00,99.0199966430664,99.0199966430664,95.55000305175781,97.08999633789062,91.96638488769531,1346100,0.0,0.0
2022-03-17 00:00:00-04:00,97.30999755859375,97.80999755859375,96.2699966430664,97.27999877929688,92.14637756347656,1068100,0.0,0.0
2022-03-18 00:00:00-04:00,97.52999877929688,97.52999877929688,96.0999984741211,96.94000244140625,91.82431030273438,2033300,0.0,0.0
2022-03-21 00:00:00-04:00,97.0,98.11000061035156,96.18000030517578,97.54000091552734,92.39265441894531,1231600,0.0,0.0
2022-03-22 00:00:00-04:00,98.23999786376953,98.80999755859375,96.45999908447266,97.86000061035156,92.69577026367188,1145800,0.0,0.0
2022-03-23 00:00:00-04:00,98.16000366210938,98.47000122070312,96.63999938964844,97.13999938964844,92.01375579833984,629200,0.0,0.0
2022-03-24 00:00:00-04:00,97.18000030517578,97.7699966430664,96.66000366210938,97.23999786376953,92.10846710205078,687500,0.0,0.0
2022-03-25 00:00:00-04:00,97.6500015258789,98.58000183105469,97.36000061035156,97.97000122070312,92.79996490478516,673600,0.0,0.0
2022-03-28 00:00:00-04:00,98.11000061035156,99.2300033569336,97.62000274658203,99.2300033569336,93.99347686767578,610400,0.0,0.0
2022-03-29 00:00:00-04:00,99.48999786376953,100.80000305175781,99.44999694824219,99.81999969482422,94.55232238769531,982100,0.0,0.0
2022-03-30 00:00:00-04:00,99.43000030517578,99.79000091552734,97.5,99.2300033569336,93.99347686767578,1057600,0.0,0.0
2022-03-31 00:00:00-04:00,98.94000244140625,100.08999633789062,97.94000244140625,99.37999725341797,94.13555145263672,1775100,0.0,0.0
2022-04-01 00:00:00-04:00,99.48999786376953,101.37000274658203,99.08000183105469,101.36000061035156,96.01105499267578,1114300,0.0,0.0
2022-04-04 00:00:00-04:00,100.75,100.8499984741211,98.56999969482422,100.80999755859375,95.49008178710938,1044800,0.0,0.0
2022-04-05 00:00:00-04:00,100.41999816894531,102.58999633789062,100.41999816894531,100.9000015258789,95.5753402709961,1077000,0.0,0.0
2022-04-06 00:00:00-04:00,101.19000244140625,102.33000183105469,100.0999984741211,102.08000183105469,96.69306182861328,1078100,0.0,0.0
2022-04-07 00:00:00-04:00,102.26000213623047,103.75,102.04000091552734,103.41999816894531,97.96234893798828,969300,0.0,0.0
2022-04-08 00:00:00-04:00,103.61000061035156,104.18000030517578,102.83999633789062,103.44999694824219,97.99075317382812,889600,0.0,0.0
2022-04-11 00:00:00-04:00,103.4000015258789,104.6500015258789,102.69000244140625,103.9800033569336,98.49279022216797,1205300,0.0,0.0
2022-04-12 00:00:00-04:00,103.55000305175781,105.1500015258789,103.16000366210938,103.91000366210938,98.4264907836914,1453000,0.0,0.0
2022-04-13 00:00:00-04:00,103.76000213623047,104.26000213623047,102.38999938964844,102.8499984741211,97.42242431640625,1219000,0.0,0.0
2022-04-14 00:00:00-04:00,103.27999877929688,103.87000274658203,102.3499984741211,102.6500015258789,97.23299407958984,998600,0.0,0.0
2022-04-18 00:00:00-04:00,102.6500015258789,102.97000122070312,101.0199966430664,101.20999908447266,95.86897277832031,854000,0.0,0.0
2022-04-19 00:00:00-04:00,101.12000274658203,102.5,100.7699966430664,102.3499984741211,96.94881439208984,1057100,0.0,0.0
2022-04-20 00:00:00-04:00,102.68000030517578,104.18000030517578,102.68000030517578,103.08000183105469,97.64028930664062,1312100,0.0,0.0
2022-04-21 00:00:00-04:00,103.08999633789062,104.29000091552734,102.7300033569336,102.95999908447266,97.52662658691406,1073000,0.0,0.0
2022-04-22 00:00:00-04:00,103.73999786376953,104.41999816894531,102.63999938964844,102.79000091552734,97.3656005859375,1029500,0.0,0.0
2022-04-25 00:00:00-04:00,103.19000244140625,104.51000213623047,101.73999786376953,104.02999877929688,98.5401611328125,1101700,0.0,0.0
2022-04-26 00:00:00-04:00,104.0999984741211,104.44000244140625,102.4800033569336,102.58999633789062,97.17613220214844,1292800,0.0,0.0
2022-04-27 00:00:00-04:00,102.83000183105469,105.27999877929688,102.73999786376953,104.16000366210938,98.6633071899414,1806300,0.0,0.0
2022-04-28 00:00:00-04:00,99.37000274658203,101.70999908447266,97.69999694824219,100.4000015258789,95.10171508789062,2406300,0.0,0.0
2022-04-29 00:00:00-04:00,99.5,100.20999908447266,97.4000015258789,97.55999755859375,92.41158294677734,1669900,0.0,0.0
2022-05-02 00:00:00-04:00,97.73999786376953,98.45999908447266,95.19000244140625,96.23999786376953,91.16127014160156,1406100,0.0,0.0
2022-05-03 00:00:00-04:00,96.33999633789062,96.97000122070312,95.16000366210938,95.66000366210938,90.61185455322266,1167300,0.0,0.0
2022-05-04 00:00:00-04:00,95.63999938964844,96.80999755859375,95.38999938964844,96.52999877929688,91.43594360351562,1197000,0.0,0.0
2022-05-05 00:00:00-04:00,96.08999633789062,96.37999725341797,93.98999786376953,94.77999877929688,89.77828216552734,1697800,0.0,0.0
2022-05-06 00:00:00-04:00,94.73999786376953,95.9000015258789,94.33999633789062,95.7300033569336,90.67817687988281,1206300,0.0,0.0
2022-05-09 00:00:00-04:00,95.19999694824219,99.55999755859375,94.66999816894531,98.36000061035156,93.16937255859375,2072300,0.0,0.0
2022-05-10 00:00:00-04:00,98.5,99.44999694824219,97.2699966430664,98.0,92.82837677001953,1304000,0.0,0.0
2022-05-11 00:00:00-04:00,98.01000213623047,99.41000366210938,97.44999694824219,97.68000030517578,92.52526092529297,1285100,0.0,0.0
2022-05-12 00:00:00-04:00,98.3499984741211,98.87999725341797,96.69000244140625,97.69000244140625,92.53473663330078,1514000,0.0,0.0
2022-05-13 00:00:00-04:00,97.56999969482422,98.20999908447266,96.7699966430664,98.1500015258789,93.22142028808594,924600,0.263,0.0
2022-05-16 00:00:00-04:00,98.02999877929688,99.04000091552734,96.91999816894531,98.63999938964844,93.68682861328125,1128900,0.0,0.0
2022-05-17 00:00:00-04:00,98.2300033569336,98.52999877929688,96.13999938964844,96.86000061035156,91.99620056152344,1001400,0.0,0.0
2022-05-18 00:00:00-04:00,96.4000015258789,96.45999908447266,89.98999786376953,90.19000244140625,85.66114044189453,1574100,0.0,0.0
2022-05-19 00:00:00-04:00,89.55000305175781,89.5999984741211,87.30999755859375,88.22000122070312,83.79006958007812,1478000,0.0,0.0
2022-05-20 00:00:00-04:00,88.37000274658203,88.86000061035156,86.91999816894531,88.75,84.29344940185547,1667800,0.0,0.0
2022-05-23 00:00:00-04:00,89.38999938964844,90.05000305175781,88.41999816894531,89.44999694824219,84.95829010009766,1094100,0.0,0.0
2022-05-24 00:00:00-04:00,89.4800033569336,90.51000213623047,88.7699966430664,90.43000030517578,85.88909912109375,1125900,0.0,0.0
2022-05-25 00:00:00-04:00,89.98999786376953,90.55999755859375,89.11000061035156,90.08999633789062,85.56615447998047,1051600,0.0,0.0
2022-05-26 00:00:00-04:00,90.63999938964844,91.55999755859375,89.70999908447266,89.80999755859375,85.30021667480469,1473900,0.0,0.0
2022-05-27 00:00:00-04:00,89.83999633789062,90.44999694824219,89.5,90.33000183105469,85.79410552978516,2103400,0.0,0.0
2022-05-31 00:00:00-04:00,90.2300033569336,90.8499984741211,88.66999816894531,90.05999755859375,85.53765869140625,2875800,0.0,0.0
2022-06-01 00:00:00-04:00,90.1500015258789,90.52999877929688,88.02999877929688,88.37000274658203,83.93254089355469,1436600,0.0,0.0
2022-06-02 00:00:00-04:00,88.93000030517578,89.23999786376953,87.13999938964844,89.06999969482422,84.59738159179688,1469300,0.0,0.0
2022-06-03 00:00:00-04:00,88.66999816894531,89.16999816894531,87.93000030517578,88.73999786376953,84.2839584350586,1276400,0.0,0.0
2022-06-06 00:00:00-04:00,88.88999938964844,89.29000091552734,87.80000305175781,88.16999816894531,83.74256896972656,1066000,0.0,0.0
2022-06-07 00:00:00-04:00,86.87999725341797,88.05999755859375,86.56999969482422,88.01000213623047,83.59061431884766,1106200,0.0,0.0
2022-06-08 00:00:00-04:00,87.8499984741211,88.33999633789062,87.41000366210938,87.47000122070312,83.07771301269531,868400,0.0,0.0
2022-06-09 00:00:00-04:00,87.68000030517578,88.27999877929688,85.94000244140625,85.9800033569336,81.66253662109375,1316600,0.0,0.0
2022-06-10 00:00:00-04:00,85.37000274658203,86.86000061035156,84.58999633789062,85.9000015258789,81.58657836914062,1835100,0.0,0.0
2022-06-13 00:00:00-04:00,85.0199966430664,85.80999755859375,84.48999786376953,84.8499984741211,80.58928680419922,1762500,0.0,0.0
2022-06-14 00:00:00-04:00,84.7300033569336,84.75,81.3499984741211,82.0,77.8824234008789,1756900,0.0,0.0
2022-06-15 00:00:00-04:00,82.63999938964844,83.77999877929688,80.93000030517578,81.5,77.40750122070312,2125700,0.0,0.0
2022-06-16 00:00:00-04:00,81.55000305175781,83.30000305175781,80.33999633789062,82.19999694824219,78.07234191894531,2190000,0.0,0.0
2022-06-17 00:00:00-04:00,82.37999725341797,82.9800033569336,81.05999755859375,82.12999725341797,78.00587463378906,2592500,0.0,0.0
2022-06-21 00:00:00-04:00,84.69999694824219,86.44999694824219,83.68000030517578,85.91000366210938,81.59606170654297,2060200,0.0,0.0
2022-06-22 00:00:00-04:00,85.68000030517578,88.12999725341797,85.61000061035156,87.58999633789062,83.19170379638672,1747800,0.0,0.0
2022-06-23 00:00:00-04:00,87.95999908447266,90.9000015258789,87.68000030517578,90.66999816894531,86.11702728271484,1772000,0.0,0.0
2022-06-24 00:00:00-04:00,91.3499984741211,92.30999755859375,90.66999816894531,91.61000061035156,87.00983428955078,3055500,0.0,0.0
2022-06-27 00:00:00-04:00,91.2300033569336,92.16999816894531,90.95999908447266,91.88999938964844,87.27577209472656,1331100,0.0,0.0
2022-06-28 00:00:00-04:00,92.55999755859375,92.69999694824219,90.98999786376953,91.12999725341797,86.5539321899414,930800,0.0,0.0
2022-06-29 00:00:00-04:00,91.33999633789062,92.58000183105469,90.69000244140625,92.36000061035156,87.72217559814453,908400,0.0,0.0
2022-06-30 00:00:00-04:00,92.62000274658203,93.43000030517578,92.19999694824219,92.66000366210938,88.00713348388672,1808400,0.0,0.0
2022-07-01 00:00:00-04:00,93.12999725341797,94.37000274658203,92.5999984741211,94.25,89.51727294921875,1124100,0.0,0.0
2022-07-05 00:00:00-04:00,94.26000213623047,95.22000122070312,92.98999786376953,94.97000122070312,90.20111846923828,1435300,0.0,0.0
2022-07-06 00:00:00-04:00,95.55000305175781,96.2699966430664,94.86000061035156,94.98999786376953,90.22010040283203,1565100,0.0,0.0
2022-07-07 00:00:00-04:00,94.30999755859375,95.44000244140625,94.2300033569336,95.25,90.46704864501953,1920000,0.0,0.0
2022-07-08 00:00:00-04:00,95.26000213623047,95.77999877929688,94.51000213623047,94.70999908447266,89.95417785644531,1319700,0.0,0.0
2022-07-11 00:00:00-04:00,95.11000061035156,96.16000366210938,94.43000030517578,95.12999725341797,90.35308074951172,1079500,0.0,0.0
2022-07-12 00:00:00-04:00,95.0999984741211,96.25,94.26000213623047,94.69000244140625,89.9351806640625,1064000,0.0,0.0
2022-07-13 00:00:00-04:00,94.4000015258789,96.5,93.91000366210938,96.05000305175781,91.22688293457031,979000,0.0,0.0
2022-07-14 00:00:00-04:00,94.70999908447266,95.98999786376953,94.63999938964844,95.83000183105469,91.01791381835938,1003400,0.0,0.0
2022-07-15 00:00:00-04:00,96.08999633789062,96.26000213623047,95.05000305175781,95.58000183105469,90.78047943115234,1274700,0.0,0.0
2022-07-18 00:00:00-04:00,95.08000183105469,95.38999938964844,93.79000091552734,93.9800033569336,89.26081848144531,1351500,0.0,0.0
2022-07-19 00:00:00-04:00,94.6500015258789,94.80000305175781,93.81999969482422,94.08999633789062,89.36530303955078,1124300,0.0,0.0
2022-07-20 00:00:00-04:00,94.29000091552734,94.62000274658203,92.88999938964844,93.25,88.56747436523438,984500,0.0,0.0
2022-07-21 00:00:00-04:00,92.91000366210938,93.44000244140625,91.70999908447266,93.19000244140625,88.51049041748047,1435000,0.0,0.0
2022-07-22 00:00:00-04:00,93.48999786376953,94.30000305175781,93.36000061035156,94.05999755859375,89.33683013916016,685300,0.0,0.0
2022-07-25 00:00:00-04:00,93.91000366210938,94.20999908447266,93.19000244140625,94.13999938964844,89.41278076171875,1023400,0.0,0.0
2022-07-26 00:00:00-04:00,92.9800033569336,94.3499984741211,92.25,94.22000122070312,89.48878479003906,942500,0.0,0.0
2022-07-27 00:00:00-04:00,93.83999633789062,94.91999816894531,93.36000061035156,94.45999908447266,89.71673583984375,1111000,0.0,0.0
2022-07-28 00:00:00-04:00,94.36000061035156,96.54000091552734,94.33000183105469,96.20999908447266,91.37882995605469,938000,0.0,0.0
2022-07-29 00:00:00-04:00,90.25,91.08000183105469,87.58000183105469,87.97000122070312,83.55261993408203,3720900,0.0,0.0
2022-08-01 00:00:00-04:00,87.47000122070312,89.62000274658203,87.23999786376953,88.5999984741211,84.1510009765625,1931100,0.0,0.0
2022-08-02 00:00:00-04:00,88.98999786376953,89.04000091552734,86.86000061035156,87.05999755859375,82.68830108642578,1240800,0.0,0.0
2022-08-03 00:00:00-04:00,86.69999694824219,88.06999969482422,86.19000244140625,87.55000305175781,83.15370178222656,1655000,0.0,0.0
2022-08-04 00:00:00-04:00,87.41999816894531,88.4000015258789,86.80999755859375,86.97000122070312,82.60283660888672,1485000,0.0,0.0
2022-08-05 00:00:00-04:00,86.94000244140625,87.12999725341797,86.1500015258789,87.0,82.63131713867188,1004000,0.0,0.0
2022-08-08 00:00:00-04:00,87.2699966430664,87.76000213623047,86.95999908447266,87.62999725341797,83.22968292236328,1934300,0.0,0.0
2022-08-09 00:00:00-04:00,87.69999694824219,87.95999908447266,87.19999694824219,87.38999938964844,83.0017318725586,1485600,0.0,0.0
2022-08-10 00:00:00-04:00,87.81999969482422,88.2300033569336,87.45999908447266,88.08999633789062,83.66659545898438,1461600,0.0,0.0
2022-08-11 00:00:00-04:00,88.11000061035156,88.52999877929688,87.51000213623047,87.58999633789062,83.19170379638672,1484500,0.0,0.0
2022-08-12 00:00:00-04:00,87.62000274658203,88.04000091552734,86.95999908447266,87.69999694824219,83.54702758789062,2519200,0.263,0.0
2022-08-15 00:00:00-04:00,88.12999725341797,88.25,87.27999877929688,87.72000122070312,83.56607055664062,2239900,0.0,0.0
2022-08-16 00:00:00-04:00,87.77999877929688,88.81999969482422,87.7699966430664,88.36000061035156,84.17577362060547,2446600,0.0,0.0
2022-08-17 00:00:00-04:00,88.06999969482422,88.41999816894531,87.86000061035156,88.25,84.07098388671875,1184900,0.0,0.0
2022-08-18 00:00:00-04:00,88.5,88.75,87.77999877929688,88.7300033569336,84.52826690673828,2017000,0.0,0.0
2022-08-19 00:00:00-04:00,88.87000274658203,89.61000061035156,88.31999969482422,88.69999694824219,84.49967193603516,1291300,0.0,0.0
2022-08-22 00:00:00-04:00,88.55999755859375,89.1500015258789,87.83999633789062,88.16999816894531,83.99478149414062,1605600,0.0,0.0
2022-08-23 00:00:00-04:00,87.5199966430664,87.61000061035156,86.30000305175781,86.62999725341797,82.52769470214844,1301600,0.0,0.0
2022-08-24 00:00:00-04:00,86.69999694824219,87.19999694824219,86.2699966430664,86.76000213623047,82.65153503417969,921700,0.0,0.0
2022-08-25 00:00:00-04:00,86.44999694824219,86.77999877929688,85.77999877929688,86.72000122070312,82.61343383789062,1005900,0.0,0.0
2022-08-26 00:00:00-04:00,86.55999755859375,86.94999694824219,85.18000030517578,85.30000305175781,81.26068115234375,925600,0.0,0.0
2022-08-29 00:00:00-04:00,84.91999816894531,85.80000305175781,84.5999984741211,85.31999969482422,81.27973937988281,929900,0.0,0.0
2022-08-30 00:00:00-04:00,85.51000213623047,85.54000091552734,84.66000366210938,84.72000122070312,80.7081527709961,935900,0.0,0.0
2022-08-31 00:00:00-04:00,85.11000061035156,85.20999908447266,83.62000274658203,83.70999908447266,79.74597930908203,1664500,0.0,0.0
2022-09-01 00:00:00-04:00,83.62000274658203,84.91999816894531,83.16000366210938,84.86000061035156,80.84152221679688,2020100,0.0,0.0
2022-09-02 00:00:00-04:00,85.23999786376953,85.7300033569336,83.88999938964844,84.18000030517578,80.19371032714844,1476700,0.0,0.0
2022-09-06 00:00:00-04:00,81.87999725341797,82.94999694824219,80.0999984741211,80.2300033569336,76.43077850341797,2969600,0.0,0.0
2022-09-07 00:00:00-04:00,80.58000183105469,81.70999908447266,80.41000366210938,81.54000091552734,77.6787338256836,1829500,0.0,0.0
2022-09-08 00:00:00-04:00,80.87999725341797,81.22000122070312,79.3499984741211,80.83999633789062,77.01187133789062,1741100,0.0,0.0
2022-09-09 00:00:00-04:00,80.91999816894531,82.2699966430664,80.36000061035156,81.55999755859375,77.69779205322266,1646600,0.0,0.0
2022-09-12 00:00:00-04:00,81.5999984741211,82.79000091552734,81.2699966430664,82.25,78.35511016845703,1464100,0.0,0.0
2022-09-13 00:00:00-04:00,81.9800033569336,82.0,78.70999908447266,78.80999755859375,75.07801055908203,1788500,0.0,0.0
2022-09-14 00:00:00-04:00,78.76000213623047,79.05999755859375,77.16999816894531,77.54000091552734,73.86815643310547,1992800,0.0,0.0
2022-09-15 00:00:00-04:00,77.76000213623047,77.9000015258789,76.31999969482422,77.04000091552734,73.3918228149414,1870300,0.0,0.0
2022-09-16 00:00:00-04:00,77.11000061035156,77.43000030517578,76.41000366210938,76.54000091552734,72.91551971435547,1888100,0.0,0.0
2022-09-19 00:00:00-04:00,76.5,76.66999816894531,75.69000244140625,76.58999633789062,72.96314239501953,1300100,0.0,0.0
2022-09-20 00:00:00-04:00,75.9000015258789,76.26000213623047,74.68000030517578,75.08000183105469,71.52464294433594,1643900,0.0,0.0
2022-09-21 00:00:00-04:00,75.29000091552734,76.0199966430664,74.66999816894531,74.69000244140625,71.15310668945312,1335300,0.0,0.0
2022-09-22 00:00:00-04:00,74.38999938964844,75.6500015258789,74.16000366210938,75.19999694824219,71.63896942138672,1405300,0.0,0.0
2022-09-23 00:00:00-04:00,75.0199966430664,75.62000274658203,74.31999969482422,75.22000122070312,71.65801239013672,1184800,0.0,0.0
2022-09-26 00:00:00-04:00,75.44999694824219,75.91000366210938,74.83000183105469,75.26000213623047,71.69612884521484,1595500,0.0,0.0
2022-09-27 00:00:00-04:00,75.27999877929688,75.88999938964844,72.87000274658203,73.22000122070312,69.75272369384766,1736100,0.0,0.0
2022-09-28 00:00:00-04:00,73.75,74.48999786376953,72.86000061035156,74.01000213623047,70.50531005859375,1668600,0.0,0.0
2022-09-29 00:00:00-04:00,74.01000213623047,74.08000183105469,72.56999969482422,72.91999816894531,69.4669189453125,1269000,0.0,0.0
2022-09-30 00:00:00-04:00,72.94999694824219,73.29000091552734,71.37000274658203,71.44000244140625,68.05701446533203,1719500,0.0,0.0
2022-10-03 00:00:00-04:00,71.80000305175781,73.02999877929688,71.6500015258789,72.9000015258789,69.44786834716797,1372400,0.0,0.0
2022-10-04 00:00:00-04:00,72.9000015258789,73.97000122070312,72.58000183105469,73.3499984741211,69.87657165527344,1317100,0.0,0.0
2022-10-05 00:00:00-04:00,73.44000244140625,73.44000244140625,71.88999938964844,72.51000213623047,69.07634735107422,2572900,0.0,0.0
2022-10-06 00:00:00-04:00,72.62999725341797,72.63999938964844,71.66999816894531,71.81999969482422,68.41902160644531,1258400,0.0,0.0
2022-10-07 00:00:00-04:00,71.88999938964844,71.91999816894531,70.30999755859375,70.72000122070312,67.37110137939453,1177700,0.0,0.0
2022-10-10 00:00:00-04:00,70.41999816894531,71.30000305175781,70.16000366210938,71.16999816894531,67.79979705810547,788200,0.0,0.0
2022-10-11 00:00:00-04:00,71.29000091552734,72.58999633789062,71.22000122070312,71.91000366210938,68.5047607421875,1576500,0.0,0.0
2022-10-12 00:00:00-04:00,72.26000213623047,72.68000030517578,71.86000061035156,71.87999725341797,68.4761734008789,1449800,0.0,0.0
2022-10-13 00:00:00-04:00,71.30000305175781,73.41000366210938,70.91000366210938,73.11000061035156,69.6479263305664,1174400,0.0,0.0
2022-10-14 00:00:00-04:00,73.45999908447266,73.55000305175781,72.1500015258789,72.5,69.06681060791016,1465600,0.0,0.0
2022-10-17 00:00:00-04:00,72.95999908447266,74.44999694824219,72.95999908447266,73.9800033569336,70.47673034667969,1509000,0.0,0.0
2022-10-18 00:00:00-04:00,74.79000091552734,75.88999938964844,73.5999984741211,73.83999633789062,70.34335327148438,1105900,0.0,0.0
2022-10-19 00:00:00-04:00,74.02999877929688,75.0199966430664,73.29000091552734,73.62000274658203,70.1337890625,1512500,0.0,0.0
2022-10-20 00:00:00-04:00,73.55999755859375,73.9800033569336,72.13999938964844,72.20999908447266,68.7905502319336,1451100,0.0,0.0
2022-10-21 00:00:00-04:00,71.8499984741211,73.33999633789062,71.20999908447266,73.19000244140625,69.7241439819336,1306200,0.0,0.0
2022-10-24 00:00:00-04:00,73.63999938964844,74.48999786376953,73.12000274658203,74.16999816894531,70.65772247314453,1272600,0.0,0.0
2022-10-25 00:00:00-04:00,74.16000366210938,75.79000091552734,73.44000244140625,75.62000274658203,72.03907775878906,1723900,0.0,0.0
2022-10-26 00:00:00-04:00,75.91999816894531,77.01000213623047,75.70999908447266,76.55999755859375,72.9345474243164,1751300,0.0,0.0
2022-10-27 00:00:00-04:00,76.86000061035156,78.16000366210938,76.47000122070312,76.51000213623047,72.88691711425781,2362300,0.0,0.0
2022-10-28 00:00:00-04:00,76.83000183105469,77.41999816894531,74.56999969482422,76.37000274658203,72.75355529785156,3341500,0.0,0.0
2022-10-31 00:00:00-04:00,76.38999938964844,76.97000122070312,73.26000213623047,74.12999725341797,70.61963653564453,4854500,0.0,0.0
2022-11-01 00:00:00-04:00,74.52999877929688,75.5999984741211,73.4800033569336,73.63999938964844,70.15282440185547,2328500,0.0,0.0
2022-11-02 00:00:00-04:00,73.55000305175781,74.48999786376953,72.08000183105469,72.47000122070312,69.0382308959961,2147200,0.0,0.0
2022-11-03 00:00:00-04:00,71.47000122070312,72.18000030517578,70.45999908447266,71.4800033569336,68.09513092041016,2277300,0.0,0.0
2022-11-04 00:00:00-04:00,71.94000244140625,72.30999755859375,70.30000305175781,71.4000015258789,68.01890563964844,2215300,0.0,0.0
2022-11-07 00:00:00-05:00,72.26000213623047,72.98999786376953,71.75,72.86000061035156,69.40977478027344,1302400,0.0,0.0
2022-11-08 00:00:00-05:00,72.77999877929688,73.58000183105469,72.2699966430664,72.87999725341797,69.4288101196289,1243200,0.0,0.0
2022-11-09 00:00:00-05:00,72.91999816894531,73.51000213623047,72.36000061035156,72.52999877929688,69.09539031982422,1205000,0.0,0.0
2022-11-10 00:00:00-05:00,74.04000091552734,75.0999984741211,72.9800033569336,74.94000244140625,71.39127349853516,1750000,0.0,0.0
2022-11-11 00:00:00-05:00,74.91999816894531,75.12999725341797,73.20999908447266,74.47000122070312,70.94355010986328,2015300,0.0,0.0
2022-11-14 00:00:00-05:00,74.5199966430664,76.4000015258789,74.45999908447266,74.4800033569336,71.20453643798828,1422100,0.263,0.0
2022-11-15 00:00:00-05:00,75.2300033569336,75.70999908447266,74.33000183105469,75.51000213623047,72.18924713134766,1754900,0.0,0.0
2022-11-16 00:00:00-05:00,75.95999908447266,76.81999969482422,75.26000213623047,75.30000305175781,71.98846435546875,1275400,0.0,0.0
2022-11-17 00:00:00-05:00,74.87999725341797,75.27999877929688,74.23999786376953,75.2300033569336,71.92155456542969,1624500,0.0,0.0
2022-11-18 00:00:00-05:00,75.93000030517578,76.52999877929688,75.86000061035156,76.41999816894531,73.0592041015625,1499400,0.0,0.0
2022-11-21 00:00:00-05:00,76.58999633789062,78.16000366210938,76.23999786376953,77.5999984741211,74.18731689453125,1309500,0.0,0.0
2022-11-22 00:00:00-05:00,77.81999969482422,78.26000213623047,77.43000030517578,78.08999633789062,74.65575408935547,1274500,0.0,0.0
2022-11-23 00:00:00-05:00,78.43000030517578,78.68000030517578,78.0999984741211,78.56999969482422,75.11463928222656,1066500,0.0,0.0
2022-11-25 00:00:00-05:00,78.94000244140625,78.94000244140625,78.18000030517578,78.88999938964844,75.42059326171875,495700,0.0,0.0
2022-11-28 00:00:00-05:00,78.81999969482422,79.68000030517578,78.72000122070312,79.48999786376953,75.99418640136719,1542900,0.0,0.0
2022-11-29 00:00:00-05:00,79.20999908447266,80.36000061035156,78.80000305175781,79.48999786376953,75.99418640136719,1480200,0.0,0.0
2022-11-30 00:00:00-05:00,79.3499984741211,81.9000015258789,79.05999755859375,81.87000274658203,78.26953125,2362800,0.0,0.0
2022-12-01 00:00:00-05:00,82.37999725341797,83.58999633789062,81.7300033569336,82.23999786376953,78.62326049804688,1584100,0.0,0.0
2022-12-02 00:00:00-05:00,81.94000244140625,83.44000244140625,81.7699966430664,83.06999969482422,79.41675567626953,2056100,0.0,0.0
2022-12-05 00:00:00-05:00,81.93000030517578,82.11000061035156,80.30999755859375,80.38999938964844,76.8546142578125,1424300,0.0,0.0
2022-12-06 00:00:00-05:00,80.77999877929688,81.04000091552734,80.02999877929688,80.44000244140625,76.90242767333984,1396000,0.0,0.0
2022-12-07 00:00:00-05:00,80.62999725341797,81.22000122070312,79.7699966430664,80.69999694824219,77.1509780883789,1217500,0.0,0.0
2022-12-08 00:00:00-05:00,80.2699966430664,81.19000244140625,80.2699966430664,81.1500015258789,77.58118438720703,1189400,0.0,0.0
2022-12-09 00:00:00-05:00,80.66999816894531,81.16999816894531,79.83999633789062,80.02999877929688,76.51042938232422,1750700,0.0,0.0
2022-12-12 00:00:00-05:00,80.30999755859375,81.38999938964844,79.58000183105469,81.19000244140625,77.61942291259766,1077200,0.0,0.0
2022-12-13 00:00:00-05:00,82.13999938964844,82.66999816894531,81.13999938964844,81.98999786376953,78.3842544555664,2069600,0.0,0.0
2022-12-14 00:00:00-05:00,81.83000183105469,82.88999938964844,81.83000183105469,82.20999908447266,78.5945816040039,1554700,0.0,0.0
2022-12-15 00:00:00-05:00,81.54000091552734,81.94000244140625,80.41999816894531,81.58999633789062,78.00184631347656,1884500,0.0,0.0
2022-12-16 00:00:00-05:00,81.18000030517578,81.52999877929688,79.86000061035156,80.11000061035156,76.58694458007812,2526600,0.0,0.0
2022-12-19 00:00:00-05:00,80.04000091552734,80.95999908447266,79.38999938964844,79.88999938964844,76.37660217285156,1304600,0.0,0.0
2022-12-20 00:00:00-05:00,79.69000244140625,80.36000061035156,78.91999816894531,79.81999969482422,76.30968475341797,994900,0.0,0.0
2022-12-21 00:00:00-05:00,80.01000213623047,81.16000366210938,79.81999969482422,80.98999786376953,77.42821502685547,814800,0.0,0.0
2022-12-22 00:00:00-05:00,80.80999755859375,81.91000366210938,80.5199966430664,81.83999633789062,78.24082946777344,1136200,0.0,0.0
2022-12-23 00:00:00-05:00,81.73999786376953,82.19000244140625,81.23999786376953,82.05999755859375,78.45116424560547,538700,0.0,0.0
2022-12-27 00:00:00-05:00,82.12999725341797,82.44999694824219,81.72000122070312,81.91000366210938,78.3077621459961,809400,0.0,0.0
2022-12-28 00:00:00-05:00,82.0199966430664,82.44000244140625,80.91000366210938,80.91999816894531,77.36129760742188,686800,0.0,0.0
2022-12-29 00:00:00-05:00,81.05000305175781,81.87999725341797,81.01000213623047,81.58000183105469,77.9922866821289,587000,0.0,0.0
2022-12-30 00:00:00-05:00,81.5,81.5,79.97000122070312,80.61000061035156,77.06493377685547,917800,0.0,0.0
2023-01-03 00:00:00-05:00,80.75,82.08999633789062,80.33999633789062,82.0199966430664,78.41291809082031,1566400,0.0,0.0
2023-01-04 00:00:00-05:00,82.08000183105469,83.06999969482422,81.75,82.79000091552734,79.1490707397461,1562200,0.0,0.0
2023-01-05 00:00:00-05:00,82.44000244140625,82.7699966430664,81.61000061035156,81.9800033569336,78.37467956542969,915300,0.0,0.0
2023-01-06 00:00:00-05:00,82.80000305175781,84.0,82.55000305175781,83.58999633789062,79.91387939453125,902700,0.0,0.0
2023-01-09 00:00:00-05:00,83.33000183105469,83.73999786376953,82.20999908447266,82.25,78.63282012939453,1626100,0.0,0.0
2023-01-10 00:00:00-05:00,82.33999633789062,82.72000122070312,81.04000091552734,81.29000091552734,77.71502685546875,1018000,0.0,0.0
2023-01-11 00:00:00-05:00,81.69000244140625,81.97000122070312,80.87000274658203,81.72000122070312,78.12612915039062,1054200,0.0,0.0
2023-01-12 00:00:00-05:00,81.8499984741211,81.95999908447266,80.9000015258789,81.38999938964844,77.81063842773438,1155500,0.0,0.0
2023-01-13 00:00:00-05:00,81.20999908447266,82.0,81.12999725341797,81.91000366210938,78.3077621459961,778200,0.0,0.0
2023-01-17 00:00:00-05:00,84.94000244140625,86.04000091552734,84.47000122070312,84.72000122070312,80.99420166015625,2686600,0.0,0.0
2023-01-18 00:00:00-05:00,84.37999725341797,84.66999816894531,82.05000305175781,82.05999755859375,78.45116424560547,1381000,0.0,0.0
2023-01-19 00:00:00-05:00,81.19999694824219,81.66000366210938,80.54000091552734,80.55000305175781,77.00758361816406,1283000,0.0,0.0
2023-01-20 00:00:00-05:00,80.43000030517578,83.26000213623047,79.55000305175781,83.19999694824219,79.54104614257812,1506500,0.0,0.0
2023-01-23 00:00:00-05:00,83.30999755859375,83.79000091552734,82.69000244140625,83.41999816894531,79.75135040283203,1009900,0.0,0.0
2023-01-24 00:00:00-05:00,83.41000366210938,83.95999908447266,82.2699966430664,82.72000122070312,79.08213806152344,1090300,0.0,0.0
2023-01-25 00:00:00-05:00,81.83000183105469,82.4000015258789,80.62000274658203,82.12000274658203,78.5085220336914,1134300,0.0,0.0
2023-01-26 00:00:00-05:00,81.91000366210938,82.2300033569336,80.83999633789062,81.29000091552734,77.71502685546875,845000,0.0,0.0
2023-01-27 00:00:00-05:00,80.73999786376953,81.08000183105469,78.62999725341797,79.55000305175781,76.05156707763672,2374100,0.0,0.0
2023-01-30 00:00:00-05:00,79.72000122070312,80.95999908447266,79.43000030517578,80.58999633789062,77.04582214355469,1599200,0.0,0.0
2023-01-31 00:00:00-05:00,80.77999877929688,81.05999755859375,80.1500015258789,80.86000061035156,77.303955078125,2090800,0.0,0.0
2023-02-01 00:00:00-05:00,80.7300033569336,81.70999908447266,80.06999969482422,81.4000015258789,77.82019805908203,2051800,0.0,0.0
2023-02-02 00:00:00-05:00,80.7699966430664,80.94999694824219,79.33999633789062,79.80999755859375,76.30010986328125,1810000,0.0,0.0
2023-02-03 00:00:00-05:00,79.4000015258789,84.4000015258789,79.4000015258789,82.9000015258789,79.25421142578125,2290300,0.0,0.0
2023-02-06 00:00:00-05:00,84.51000213623047,84.8499984741211,82.47000122070312,83.29000091552734,79.6270751953125,2026800,0.0,0.0
2023-02-07 00:00:00-05:00,82.72000122070312,83.33000183105469,82.0999984741211,82.94000244140625,79.29248046875,1590200,0.0,0.0
2023-02-08 00:00:00-05:00,82.62999725341797,83.9000015258789,82.4000015258789,83.23999786376953,79.57928466796875,1313300,0.0,0.0
2023-02-09 00:00:00-05:00,83.66999816894531,84.11000061035156,81.94000244140625,81.98999786376953,78.3842544555664,1256300,0.0,0.0
2023-02-10 00:00:00-05:00,82.08000183105469,83.22000122070312,81.79000091552734,82.88999938964844,79.24468231201172,1290700,0.0,0.0
2023-02-13 00:00:00-05:00,82.20999908447266,83.69999694824219,82.20999908447266,83.38999938964844,79.7226791381836,1529800,0.0,0.0
2023-02-14 00:00:00-05:00,83.8499984741211,83.8499984741211,82.2699966430664,82.79000091552734,79.4090347290039,692000,0.273,0.0
2023-02-15 00:00:00-05:00,82.69000244140625,83.72000122070312,82.26000213623047,83.45999908447266,80.05166625976562,841200,0.0,0.0
2023-02-16 00:00:00-05:00,82.69000244140625,83.0199966430664,81.91999816894531,82.79000091552734,79.4090347290039,1439500,0.0,0.0
2023-02-17 00:00:00-05:00,82.87999725341797,83.79000091552734,82.2300033569336,83.77999877929688,80.35859680175781,1816400,0.0,0.0
2023-02-21 00:00:00-05:00,83.44000244140625,84.33000183105469,83.23999786376953,83.98999786376953,80.56002807617188,1341000,0.0,0.0
2023-02-22 00:00:00-05:00,84.41000366210938,85.08999633789062,83.8499984741211,84.08000183105469,80.64635467529297,1421400,0.0,0.0
2023-02-23 00:00:00-05:00,83.93000030517578,84.33999633789062,83.25,84.0199966430664,80.58879089355469,1233500,0.0,0.0
2023-02-24 00:00:00-05:00,83.54000091552734,83.91999816894531,83.12000274658203,83.56999969482422,80.15718841552734,1445400,0.0,0.0
2023-02-27 00:00:00-05:00,83.86000061035156,84.2699966430664,83.58000183105469,83.87999725341797,80.45452880859375,1071800,0.0,0.0
2023-02-28 00:00:00-05:00,83.29000091552734,84.0,83.19000244140625,83.77999877929688,80.35859680175781,1439100,0.0,0.0
2023-03-01 00:00:00-05:00,83.47000122070312,83.52999877929688,82.41000366210938,83.12999725341797,79.73513793945312,1320100,0.0,0.0
2023-03-02 00:00:00-05:00,83.20999908447266,84.55999755859375,83.20999908447266,84.4800033569336,81.03001403808594,1046900,0.0,0.0
2023-03-03 00:00:00-05:00,84.66999816894531,84.79000091552734,83.86000061035156,84.22000122070312,80.78065490722656,1179500,0.0,0.0
2023-03-06 00:00:00-05:00,84.0,84.4000015258789,83.47000122070312,83.5999984741211,80.18595886230469,1496600,0.0,0.0
2023-03-07 00:00:00-05:00,83.58000183105469,84.13999938964844,83.08000183105469,83.66999816894531,80.25311279296875,1578800,0.0,0.0
2023-03-08 00:00:00-05:00,83.66999816894531,83.69000244140625,82.81999969482422,83.6500015258789,80.23392486572266,1393400,0.0,0.0
2023-03-09 00:00:00-05:00,84.06999969482422,84.58000183105469,83.25,83.62999725341797,80.2147445678711,1073600,0.0,0.0
2023-03-10 00:00:00-05:00,83.88999938964844,84.26000213623047,83.43000030517578,83.87999725341797,80.45452880859375,1727200,0.0,0.0
2023-03-13 00:00:00-04:00,84.06999969482422,85.79000091552734,84.0199966430664,84.41000366210938,80.96287536621094,1406200,0.0,0.0
2023-03-14 00:00:00-04:00,84.54000091552734,85.06999969482422,84.0,84.7699966430664,81.30816650390625,1014400,0.0,0.0
2023-03-15 00:00:00-04:00,84.68000030517578,86.43000030517578,84.45999908447266,86.19000244140625,82.67019653320312,1440700,0.0,0.0
2023-03-16 00:00:00-04:00,86.44999694824219,86.55999755859375,85.30000305175781,85.95999908447266,82.44956970214844,1276600,0.0,0.0
2023-03-17 00:00:00-04:00,86.12000274658203,86.5,85.02999877929688,85.45999908447266,81.97000122070312,2425400,0.0,0.0
2023-03-20 00:00:00-04:00,86.08000183105469,86.44000244140625,85.33000183105469,85.72000122070312,82.2193832397461,1424600,0.0,0.0
2023-03-21 00:00:00-04:00,85.55999755859375,85.88999938964844,83.9800033569336,84.54000091552734,81.08757781982422,1481200,0.0,0.0
2023-03-22 00:00:00-04:00,84.54000091552734,85.54000091552734,84.16000366210938,84.2300033569336,80.79022979736328,1502400,0.0,0.0
2023-03-23 00:00:00-04:00,84.16999816894531,85.41000366210938,84.0999984741211,84.31999969482422,80.87654876708984,1025800,0.0,0.0
2023-03-24 00:00:00-04:00,84.87000274658203,86.22000122070312,84.75,85.9800033569336,82.46878051757812,829200,0.0,0.0
2023-03-27 00:00:00-04:00,86.41999816894531,86.80999755859375,85.86000061035156,86.05999755859375,82.54547882080078,906200,0.0,0.0
2023-03-28 00:00:00-04:00,86.30000305175781,86.75,86.06999969482422,86.4000015258789,82.87162780761719,908600,0.0,0.0
2023-03-29 00:00:00-04:00,86.44000244140625,86.83000183105469,86.30000305175781,86.73999786376953,83.19772338867188,908300,0.0,0.0
2023-03-30 00:00:00-04:00,86.55000305175781,86.8499984741211,86.0199966430664,86.83999633789062,83.29364013671875,880400,0.0,0.0
2023-03-31 00:00:00-04:00,86.9000015258789,88.5999984741211,86.87999725341797,88.41000366210938,84.79953002929688,1362800,0.0,0.0
2023-04-03 00:00:00-04:00,88.0199966430664,89.12000274658203,87.87999725341797,88.87000274658203,85.24073791503906,1363200,0.0,0.0
2023-04-04 00:00:00-04:00,89.19000244140625,89.8499984741211,88.69000244140625,88.83000183105469,85.20237731933594,947300,0.0,0.0
2023-04-05 00:00:00-04:00,89.26000213623047,90.48999786376953,89.13999938964844,89.70999908447266,86.04643249511719,1671800,0.0,0.0
2023-04-06 00:00:00-04:00,90.08999633789062,90.66999816894531,89.70999908447266,90.61000061035156,86.90968322753906,1264700,0.0,0.0
2023-04-10 00:00:00-04:00,90.25,90.69000244140625,89.58000183105469,90.54000091552734,86.84254455566406,1070500,0.0,0.0
2023-04-11 00:00:00-04:00,90.62999725341797,90.9800033569336,90.44000244140625,90.58999633789062,86.89049530029297,705700,0.0,0.0
2023-04-12 00:00:00-04:00,90.19999694824219,90.75,89.70999908447266,89.76000213623047,86.09439086914062,1110600,0.0,0.0
2023-04-13 00:00:00-04:00,89.80000305175781,90.13999938964844,88.9800033569336,89.66000366210938,85.99848175048828,1269200,0.0,0.0
2023-04-14 00:00:00-04:00,89.12999725341797,89.45999908447266,88.4000015258789,88.54000091552734,84.9242172241211,1102600,0.0,0.0
2023-04-17 00:00:00-04:00,88.94000244140625,90.02999877929688,88.48999786376953,89.94999694824219,86.2766342163086,997200,0.0,0.0
2023-04-18 00:00:00-04:00,89.61000061035156,89.93000030517578,89.0199966430664,89.4000015258789,85.74909973144531,887600,0.0,0.0
2023-04-19 00:00:00-04:00,89.45999908447266,89.58999633789062,88.81999969482422,89.5199966430664,85.86419677734375,909800,0.0,0.0
2023-04-20 00:00:00-04:00,90.1500015258789,90.72000122070312,89.30000305175781,90.23999786376953,86.55480194091797,1020700,0.0,0.0
2023-04-21 00:00:00-04:00,91.0,91.62000274658203,90.77999877929688,91.61000061035156,87.86884307861328,1514400,0.0,0.0
2023-04-24 00:00:00-04:00,91.19000244140625,92.44000244140625,91.0199966430664,91.86000061035156,88.108642578125,1318700,0.0,0.0
2023-04-25 00:00:00-04:00,92.36000061035156,93.30000305175781,91.66999816894531,92.4800033569336,88.70332336425781,1159700,0.0,0.0
2023-04-26 00:00:00-04:00,91.62000274658203,92.55999755859375,91.27999877929688,92.0,88.242919921875,1446900,0.0,0.0
2023-04-27 00:00:00-04:00,93.93000030517578,98.22000122070312,93.91000366210938,97.30000305175781,93.32648468017578,2442700,0.0,0.0
2023-04-28 00:00:00-04:00,97.7300033569336,98.12000274658203,96.94000244140625,97.12000274658203,93.15382385253906,2458500,0.0,0.0
2023-05-01 00:00:00-04:00,96.7699966430664,97.25,95.93000030517578,96.66000366210938,92.71261596679688,2666900,0.0,0.0
2023-05-02 00:00:00-04:00,96.70999908447266,97.18000030517578,95.94000244140625,97.0199966430664,93.05789947509766,1834400,0.0,0.0
2023-05-03 00:00:00-04:00,97.1500015258789,98.33000183105469,97.0,97.43000030517578,93.451171875,1810500,0.0,0.0
2023-05-04 00:00:00-04:00,97.51000213623047,97.98999786376953,96.68000030517578,97.66000366210938,93.67178344726562,1591400,0.0,0.0
2023-05-05 00:00:00-04:00,97.12000274658203,98.18000030517578,97.11000061035156,97.52999877929688,93.54707336425781,1114700,0.0,0.0
2023-05-08 00:00:00-04:00,97.08999633789062,97.38999938964844,96.4800033569336,96.61000061035156,92.66466522216797,1402300,0.0,0.0
2023-05-09 00:00:00-04:00,96.94999694824219,96.94999694824219,95.88999938964844,95.94000244140625,92.02201843261719,1970500,0.0,0.0
2023-05-10 00:00:00-04:00,95.80000305175781,96.5,95.72000122070312,96.20999908447266,92.28099822998047,1517500,0.0,0.0
2023-05-11 00:00:00-04:00,96.44000244140625,96.79000091552734,95.9800033569336,96.37999725341797,92.44403839111328,1454700,0.0,0.0
2023-05-12 00:00:00-04:00,96.05999755859375,96.9000015258789,96.05999755859375,96.86000061035156,93.1683349609375,1162200,0.273,0.0
2023-05-15 00:00:00-04:00,97.25,97.4800033569336,95.91000366210938,96.12000274658203,92.45655059814453,1199900,0.0,0.0
2023-05-16 00:00:00-04:00,95.9800033569336,95.9800033569336,95.11000061035156,95.66999816894531,92.02368927001953,1725500,0.0,0.0
2023-05-17 00:00:00-04:00,95.76000213623047,95.88999938964844,94.30000305175781,94.79000091552734,91.17724609375,1612300,0.0,0.0
2023-05-18 00:00:00-04:00,94.25,94.66000366210938,93.5,94.54000091552734,90.93678283691406,1665800,0.0,0.0
2023-05-19 00:00:00-04:00,94.83000183105469,95.22000122070312,94.4800033569336,95.02999877929688,91.40808868408203,1817900,0.0,0.0
2023-05-22 00:00:00-04:00,94.70999908447266,95.63999938964844,94.58999633789062,94.79000091552734,91.17724609375,1652300,0.0,0.0
2023-05-23 00:00:00-04:00,94.27999877929688,94.72000122070312,93.73999786376953,93.91999816894531,90.34040069580078,1494100,0.0,0.0
2023-05-24 00:00:00-04:00,93.83999633789062,94.19000244140625,93.41000366210938,93.68000030517578,90.10956573486328,1059000,0.0,0.0
2023-05-25 00:00:00-04:00,93.5,93.86000061035156,92.94999694824219,93.48999786376953,89.92679595947266,1421400,0.0,0.0
2023-05-26 00:00:00-04:00,93.2699966430664,94.27999877929688,93.16999816894531,93.97000122070312,90.38849639892578,1774300,0.0,0.0
2023-05-30 00:00:00-04:00,93.12000274658203,93.69000244140625,91.66999816894531,91.72000122070312,88.22425842285156,1218100,0.0,0.0
2023-05-31 00:00:00-04:00,91.93000030517578,92.62000274658203,91.44999694824219,92.44999694824219,88.92644500732422,7182600,0.0,0.0
2023-06-01 00:00:00-04:00,92.66999816894531,93.19999694824219,92.05000305175781,92.75,89.21500396728516,1314700,0.0,0.0
2023-06-02 00:00:00-04:00,92.1500015258789,93.81999969482422,92.08000183105469,93.80999755859375,90.23458099365234,1084800,0.0,0.0
2023-06-05 00:00:00-04:00,93.79000091552734,94.87000274658203,93.79000091552734,94.6500015258789,91.04257202148438,869100,0.0,0.0
2023-06-06 00:00:00-04:00,94.93000030517578,95.19000244140625,92.44000244140625,92.9000015258789,89.3592758178711,950500,0.0,0.0
2023-06-07 00:00:00-04:00,92.4000015258789,92.77999877929688,91.80999755859375,92.51000213623047,88.98413848876953,1202300,0.0,0.0
2023-06-08 00:00:00-04:00,92.94000244140625,93.94000244140625,92.75,93.8499984741211,90.27305603027344,945200,0.0,0.0
2023-06-09 00:00:00-04:00,93.52999877929688,94.31999969482422,93.45999908447266,94.0999984741211,90.51354217529297,1105000,0.0,0.0
2023-06-12 00:00:00-04:00,94.47000122070312,94.54000091552734,93.41999816894531,94.19000244140625,90.60010528564453,1046400,0.0,0.0
2023-06-13 00:00:00-04:00,93.66999816894531,94.97000122070312,93.52999877929688,94.94999694824219,91.33112335205078,1548800,0.0,0.0
2023-06-14 00:00:00-04:00,95.05999755859375,95.6500015258789,94.76000213623047,95.37000274658203,91.7351303100586,902100,0.0,0.0
2023-06-15 00:00:00-04:00,95.88999938964844,96.0999984741211,95.2699966430664,95.83999633789062,92.18721771240234,1183700,0.0,0.0
2023-06-16 00:00:00-04:00,96.04000091552734,96.9800033569336,96.0,96.16000366210938,92.49504089355469,1903300,0.0,0.0
2023-06-20 00:00:00-04:00,96.29000091552734,96.62999725341797,94.41000366210938,94.43000030517578,90.83096313476562,1281500,0.0,0.0
2023-06-21 00:00:00-04:00,95.30999755859375,96.58999633789062,94.66999816894531,96.3499984741211,92.67778015136719,1570000,0.0,0.0
2023-06-22 00:00:00-04:00,96.91999816894531,97.83000183105469,96.87999725341797,97.55000305175781,93.83203887939453,1787700,0.0,0.0
2023-06-23 00:00:00-04:00,97.73999786376953,97.97000122070312,96.87999725341797,97.12000274658203,93.4184341430664,5221400,0.0,0.0
2023-06-26 00:00:00-04:00,97.01000213623047,97.6500015258789,95.93000030517578,97.41999816894531,93.7070083618164,2235900,0.0,0.0
2023-06-27 00:00:00-04:00,97.2699966430664,98.80999755859375,97.19000244140625,98.77999877929688,95.01517486572266,1389900,0.0,0.0
2023-06-28 00:00:00-04:00,98.26000213623047,98.88999938964844,97.61000061035156,98.47000122070312,94.71698760986328,2181500,0.0,0.0
2023-06-29 00:00:00-04:00,98.19999694824219,99.11000061035156,97.72000122070312,98.97000122070312,95.19792938232422,1454100,0.0,0.0
2023-06-30 00:00:00-04:00,99.16999816894531,100.38999938964844,99.16999816894531,100.2300033569336,96.409912109375,1457400,0.0,0.0
2023-07-03 00:00:00-04:00,100.19999694824219,100.48999786376953,99.62000274658203,100.19999694824219,96.38104248046875,1187800,0.0,0.0
2023-07-05 00:00:00-04:00,100.0,100.37999725341797,99.55000305175781,99.91999816894531,96.1117172241211,1065900,0.0,0.0
2023-07-06 00:00:00-04:00,99.45999908447266,100.5199966430664,99.22000122070312,100.2300033569336,96.409912109375,1315500,0.0,0.0
2023-07-07 00:00:00-04:00,99.98999786376953,100.04000091552734,98.66000366210938,98.97000122070312,95.19792938232422,1517300,0.0,0.0
2023-07-10 00:00:00-04:00,99.2699966430664,99.8499984741211,98.08000183105469,98.29000091552734,94.54383087158203,909200,0.0,0.0
2023-07-11 00:00:00-04:00,98.27999877929688,98.5199966430664,97.11000061035156,97.80000305175781,94.0725326538086,1061800,0.0,0.0
2023-07-12 00:00:00-04:00,97.69999694824219,98.47000122070312,97.44000244140625,98.25,94.50536346435547,770300,0.0,0.0
2023-07-13 00:00:00-04:00,97.94999694824219,98.44999694824219,97.44999694824219,98.0199966430664,94.28413391113281,728500,0.0,0.0
2023-07-14 00:00:00-04:00,98.04000091552734,98.94000244140625,97.62000274658203,98.81999969482422,95.05364227294922,693100,0.0,0.0
2023-07-17 00:00:00-04:00,98.7300033569336,98.95999908447266,98.0,98.38999938964844,94.64004516601562,700500,0.0,0.0
2023-07-18 00:00:00-04:00,98.37999725341797,99.26000213623047,97.83000183105469,98.18000030517578,94.43803405761719,1011400,0.0,0.0
2023-07-19 00:00:00-04:00,98.3499984741211,98.55999755859375,97.3499984741211,98.2699966430664,94.52459716796875,1716700,0.0,0.0
2023-07-20 00:00:00-04:00,97.9800033569336,98.05000305175781,96.02999877929688,97.23999786376953,93.53386688232422,1767100,0.0,0.0
2023-07-21 00:00:00-04:00,97.30000305175781,98.6500015258789,97.30000305175781,98.12999725341797,94.38993835449219,1306900,0.0,0.0
2023-07-24 00:00:00-04:00,98.06999969482422,98.33999633789062,97.6500015258789,98.08000183105469,94.34185028076172,976100,0.0,0.0
2023-07-25 00:00:00-04:00,98.37000274658203,98.37000274658203,97.19000244140625,97.97000122070312,94.23603820800781,1261700,0.0,0.0
2023-07-26 00:00:00-04:00,97.93000030517578,98.33999633789062,97.30000305175781,97.91000366210938,94.17831420898438,1268200,0.0,0.0
2023-07-27 00:00:00-04:00,97.87999725341797,98.2300033569336,95.83999633789062,95.94999694824219,92.29302215576172,2559000,0.0,0.0
2023-07-28 00:00:00-04:00,97.0199966430664,98.4000015258789,95.94999694824219,97.1500015258789,93.4472885131836,1787700,0.0,0.0
2023-07-31 00:00:00-04:00,97.37000274658203,97.5,94.69000244140625,95.66999816894531,92.02368927001953,3309000,0.0,0.0
2023-08-01 00:00:00-04:00,95.80000305175781,96.66000366210938,95.80000305175781,96.37000274658203,92.69701385498047,1177100,0.0,0.0
2023-08-02 00:00:00-04:00,96.55000305175781,97.55999755859375,95.91999816894531,96.77999877929688,93.09140014648438,1418600,0.0,0.0
2023-08-03 00:00:00-04:00,97.12000274658203,97.22000122070312,95.0999984741211,95.11000061035156,91.48504638671875,1576400,0.0,0.0
2023-08-04 00:00:00-04:00,94.93000030517578,95.3499984741211,94.37999725341797,94.62999725341797,91.02334594726562,1142800,0.0,0.0
2023-08-07 00:00:00-04:00,94.6500015258789,95.79000091552734,94.6500015258789,95.68000030517578,92.0333251953125,906800,0.0,0.0
2023-08-08 00:00:00-04:00,96.1500015258789,96.1500015258789,95.23999786376953,95.5,91.86017608642578,1392500,0.0,0.0
2023-08-09 00:00:00-04:00,95.51000213623047,96.75,95.44999694824219,96.05000305175781,92.38921356201172,1095700,0.0,0.0
2023-08-10 00:00:00-04:00,96.38999938964844,97.18000030517578,95.30999755859375,95.55000305175781,91.90826416015625,1338800,0.0,0.0
2023-08-11 00:00:00-04:00,95.83000183105469,96.43000030517578,95.47000122070312,95.98999786376953,92.33151245117188,1172400,0.0,0.0
2023-08-14 00:00:00-04:00,95.94000244140625,96.43000030517578,94.95999908447266,95.16000366210938,91.79421997070312,996300,0.273,0.0
2023-08-15 00:00:00-04:00,94.95999908447266,95.08000183105469,94.04000091552734,94.19000244140625,90.85850524902344,766500,0.0,0.0
2023-08-16 00:00:00-04:00,94.06999969482422,94.48999786376953,93.36000061035156,93.61000061035156,90.29903411865234,1099100,0.0,0.0
2023-08-17 00:00:00-04:00,93.80000305175781,93.91999816894531,92.12999725341797,92.16999816894531,88.90997314453125,1251100,0.0,0.0
2023-08-18 00:00:00-04:00,91.83000183105469,93.18000030517578,91.37999725341797,93.08999633789062,89.79742431640625,1312200,0.0,0.0
2023-08-21 00:00:00-04:00,92.72000122070312,93.04000091552734,91.93000030517578,92.44999694824219,89.1800765991211,928100,0.0,0.0
2023-08-22 00:00:00-04:00,92.2300033569336,93.18000030517578,91.87999725341797,92.70999908447266,89.43087005615234,913400,0.0,0.0
2023-08-23 00:00:00-04:00,93.01000213623047,93.4800033569336,91.98999786376953,92.48999786376953,89.21863555908203,773400,0.0,0.0
2023-08-24 00:00:00-04:00,92.48999786376953,93.7699966430664,92.37999725341797,92.83999633789062,89.5562515258789,773000,0.0,0.0
2023-08-25 00:00:00-04:00,93.23999786376953,93.55000305175781,92.87999725341797,93.30000305175781,89.99999237060547,701400,0.0,0.0
2023-08-28 00:00:00-04:00,94.61000061035156,94.8499984741211,93.95999908447266,94.44000244140625,91.09968566894531,957900,0.0,0.0
2023-08-29 00:00:00-04:00,94.41999816894531,95.55000305175781,93.83999633789062,95.44000244140625,92.06431579589844,1004500,0.0,0.0
2023-08-30 00:00:00-04:00,95.37999725341797,96.16999816894531,95.37999725341797,96.01000213623047,92.6141357421875,964400,0.0,0.0
2023-08-31 00:00:00-04:00,96.0999984741211,97.05000305175781,95.83999633789062,96.7699966430664,93.34725952148438,2718900,0.0,0.0
2023-09-01 00:00:00-04:00,96.91000366210938,97.31999969482422,96.02999877929688,96.26000213623047,92.85530853271484,1481100,0.0,0.0
2023-09-05 00:00:00-04:00,95.94999694824219,96.30999755859375,94.77999877929688,95.16999816894531,91.80384826660156,1144100,0.0,0.0
2023-09-06 00:00:00-04:00,95.2699966430664,95.77999877929688,93.91999816894531,94.12000274658203,90.79100799560547,1511700,0.0,0.0
2023-09-07 00:00:00-04:00,94.63999938964844,97.19999694824219,94.63999938964844,96.5199966430664,93.10610961914062,1629000,0.0,0.0
2023-09-08 00:00:00-04:00,96.25,96.80000305175781,95.45999908447266,95.66999816894531,92.28617095947266,971800,0.0,0.0
2023-09-11 00:00:00-04:00,96.93000030517578,96.93000030517578,95.81999969482422,96.31999969482422,92.91317749023438,778800,0.0,0.0
2023-09-12 00:00:00-04:00,96.4800033569336,96.61000061035156,95.0199966430664,95.30000305175781,91.92924499511719,747300,0.0,0.0
2023-09-13 00:00:00-04:00,95.31999969482422,95.8499984741211,94.94999694824219,95.69999694824219,92.31510162353516,1134800,0.0,0.0
2023-09-14 00:00:00-04:00,95.69000244140625,95.8499984741211,94.94000244140625,95.5999984741211,92.2186508178711,1242100,0.0,0.0
2023-09-15 00:00:00-04:00,95.56999969482422,96.54000091552734,95.05999755859375,95.22000122070312,91.85208892822266,2241300,0.0,0.0
2023-09-18 00:00:00-04:00,95.63999938964844,95.63999938964844,94.87999725341797,95.1500015258789,91.78456115722656,852500,0.0,0.0
2023-09-19 00:00:00-04:00,94.95999908447266,95.66999816894531,93.93000030517578,94.83999633789062,91.48551940917969,989100,0.0,0.0
2023-09-20 00:00:00-04:00,95.19000244140625,95.69000244140625,94.79000091552734,95.11000061035156,91.74597930908203,841100,0.0,0.0
2023-09-21 00:00:00-04:00,95.0999984741211,95.58999633789062,94.79000091552734,95.0199966430664,91.6591567993164,1133800,0.0,0.0
2023-09-22 00:00:00-04:00,94.87999725341797,95.47000122070312,94.45999908447266,94.69000244140625,91.34082794189453,837700,0.0,0.0
2023-09-25 00:00:00-04:00,94.5999984741211,94.7300033569336,93.51000213623047,93.83999633789062,90.52090454101562,685500,0.0,0.0
2023-09-26 00:00:00-04:00,93.91000366210938,93.91000366210938,93.04000091552734,93.08000183105469,89.78777313232422,1047300,0.0,0.0
2023-09-27 00:00:00-04:00,93.06999969482422,93.43000030517578,91.5999984741211,91.97000122070312,88.71703338623047,1099500,0.0,0.0
2023-09-28 00:00:00-04:00,92.27999877929688,92.37999725341797,91.55999755859375,91.88999938964844,88.63987731933594,1503100,0.0,0.0
2023-09-29 00:00:00-04:00,92.27999877929688,92.54000091552734,91.31999969482422,91.62999725341797,88.38906860351562,1158500,0.0,0.0
2023-10-02 00:00:00-04:00,91.47000122070312,91.98999786376953,91.18000030517578,91.6500015258789,88.40836334228516,1191300,0.0,0.0
2023-10-03 00:00:00-04:00,91.55000305175781,92.12000274658203,90.75,90.97000122070312,87.75241088867188,1174600,0.0,0.0
2023-10-04 00:00:00-04:00,91.12000274658203,92.0999984741211,90.5199966430664,92.05000305175781,88.79421997070312,1380500,0.0,0.0
2023-10-05 00:00:00-04:00,91.56999969482422,91.91999816894531,90.12999725341797,90.2300033569336,87.03857421875,1503900,0.0,0.0
2023-10-06 00:00:00-04:00,90.06999969482422,90.12000274658203,85.7300033569336,85.98999786376953,82.94854736328125,4247000,0.0,0.0
2023-10-09 00:00:00-04:00,85.91999816894531,86.9000015258789,85.13999938964844,86.63999938964844,83.5755615234375,2178400,0.0,0.0
2023-10-10 00:00:00-04:00,87.31999969482422,88.47000122070312,86.83000183105469,88.1500015258789,85.03215789794922,1989600,0.0,0.0
2023-10-11 00:00:00-04:00,88.0999984741211,88.33000183105469,86.70999908447266,87.6500015258789,84.54984283447266,1687600,0.0,0.0
2023-10-12 00:00:00-04:00,87.63999938964844,87.69000244140625,85.75,86.08999633789062,83.04501342773438,1577900,0.0,0.0
2023-10-13 00:00:00-04:00,86.30000305175781,87.72000122070312,86.1500015258789,87.69999694824219,84.59806060791016,1341700,0.0,0.0
2023-10-16 00:00:00-04:00,88.30000305175781,89.68000030517578,87.68000030517578,88.94000244140625,85.79420471191406,1420800,0.0,0.0
2023-10-17 00:00:00-04:00,88.7300033569336,89.33999633789062,88.12000274658203,89.12000274658203,85.96783447265625,1102600,0.0,0.0
2023-10-18 00:00:00-04:00,89.66000366210938,90.83999633789062,89.38999938964844,90.25,87.05786895751953,1443500,0.0,0.0
2023-10-19 00:00:00-04:00,90.54000091552734,90.77999877929688,89.16000366210938,89.5999984741211,86.43087005615234,1082000,0.0,0.0
2023-10-20 00:00:00-04:00,89.9000015258789,90.55999755859375,89.41000366210938,90.12000274658203,86.93246459960938,1759600,0.0,0.0
2023-10-23 00:00:00-04:00,90.63999938964844,91.70999908447266,90.12999725341797,91.05000305175781,87.82958984375,2175000,0.0,0.0
2023-10-24 00:00:00-04:00,91.02999877929688,92.13999938964844,90.88999938964844,91.58000183105469,88.34083557128906,1850700,0.0,0.0
2023-10-25 00:00:00-04:00,91.36000061035156,92.73999786376953,91.04000091552734,92.23999786376953,88.97749328613281,1729600,0.0,0.0
2023-10-26 00:00:00-04:00,92.19999694824219,93.12999725341797,91.80999755859375,92.22000122070312,88.95818328857422,1509600,0.0,0.0
2023-10-27 00:00:00-04:00,91.77999877929688,92.54000091552734,89.87000274658203,90.11000061035156,86.92283630371094,1274500,0.0,0.0
2023-10-30 00:00:00-04:00,90.7300033569336,91.12000274658203,89.7300033569336,90.76000213623047,87.54983520507812,1215000,0.0,0.0
2023-10-31 00:00:00-04:00,91.12999725341797,91.30999755859375,90.36000061035156,90.94000244140625,87.72346496582031,1842900,0.0,0.0
2023-11-01 00:00:00-04:00,91.37000274658203,91.37000274658203,90.02999877929688,90.2699966430664,87.0771713256836,1852600,0.0,0.0
2023-11-02 00:00:00-04:00,90.87999725341797,91.97000122070312,90.5,91.95999908447266,88.70738983154297,2378400,0.0,0.0
2023-11-03 00:00:00-04:00,85.30000305175781,86.86000061035156,82.25,86.80000305175781,83.72989654541016,4526200,0.0,0.0
2023-11-06 00:00:00-05:00,86.80999755859375,87.69000244140625,86.2300033569336,86.87999725341797,83.80706024169922,2165500,0.0,0.0
2023-11-07 00:00:00-05:00,86.66999816894531,88.91000366210938,86.41000366210938,88.70999908447266,85.57234191894531,2443400,0.0,0.0
2023-11-08 00:00:00-05:00,88.9800033569336,89.41999816894531,88.37000274658203,88.62000274658203,85.48554992675781,2049300,0.0,0.0
2023-11-09 00:00:00-05:00,88.88999938964844,89.87999725341797,88.45999908447266,89.6500015258789,86.47909545898438,1848300,0.0,0.0
2023-11-10 00:00:00-05:00,89.77999877929688,89.93000030517578,89.0999984741211,89.72000122070312,86.54661560058594,1372600,0.0,0.0
2023-11-13 00:00:00-05:00,89.51000213623047,91.16000366210938,89.05000305175781,90.93000030517578,87.71382141113281,1580500,0.0,0.0
2023-11-14 00:00:00-05:00,91.11000061035156,92.0199966430664,90.75,91.77999877929688,88.80034637451172,1736100,0.273,0.0
2023-11-15 00:00:00-05:00,91.83000183105469,92.66999816894531,91.51000213623047,91.6500015258789,88.67459106445312,1726900,0.0,0.0
2023-11-16 00:00:00-05:00,91.6500015258789,93.16000366210938,91.63999938964844,92.87999725341797,89.86463165283203,1539600,0.0,0.0
2023-11-17 00:00:00-05:00,93.08000183105469,93.08000183105469,92.0199966430664,92.4000015258789,89.4002456665039,1773600,0.0,0.0
2023-11-20 00:00:00-05:00,92.04000091552734,92.20999908447266,91.19999694824219,91.44999694824219,88.48107147216797,1709100,0.0,0.0
2023-11-21 00:00:00-05:00,91.81999969482422,93.36000061035156,91.30000305175781,92.81999969482422,89.80660247802734,1295500,0.0,0.0
2023-11-22 00:00:00-05:00,93.23999786376953,94.12999725341797,93.23999786376953,94.0999984741211,91.0450439453125,1270300,0.0,0.0
2023-11-24 00:00:00-05:00,94.0199966430664,94.83999633789062,93.43000030517578,94.83000183105469,91.75135040283203,695700,0.0,0.0
2023-11-27 00:00:00-05:00,94.47000122070312,95.27999877929688,94.37000274658203,95.25,92.15770721435547,1231800,0.0,0.0
2023-11-28 00:00:00-05:00,95.4800033569336,95.9000015258789,94.87999725341797,95.0999984741211,92.01258087158203,1837600,0.0,0.0
2023-11-29 00:00:00-05:00,95.19999694824219,95.44999694824219,94.5,94.66000366210938,91.58685302734375,1602300,0.0,0.0
2023-11-30 00:00:00-05:00,94.4800033569336,96.68000030517578,93.69000244140625,96.62999725341797,93.4928970336914,3966400,0.0,0.0
2023-12-01 00:00:00-05:00,96.54000091552734,96.87999725341797,95.06999969482422,95.37000274658203,92.2738037109375,1490500,0.0,0.0
2023-12-04 00:00:00-05:00,94.68000030517578,95.94000244140625,94.41999816894531,95.0999984741211,92.01258087158203,1308600,0.0,0.0
2023-12-05 00:00:00-05:00,94.86000061035156,94.91999816894531,93.16000366210938,93.48999786376953,90.45484161376953,1337600,0.0,0.0
2023-12-06 00:00:00-05:00,93.12999725341797,94.12999725341797,92.91999816894531,93.52999877929688,90.49353790283203,1630300,0.0,0.0
2023-12-07 00:00:00-05:00,93.61000061035156,94.33000183105469,92.9800033569336,94.1500015258789,91.09342956542969,915100,0.0,0.0
2023-12-08 00:00:00-05:00,93.91000366210938,93.91000366210938,92.55999755859375,92.94000244140625,89.9227066040039,963100,0.0,0.0
2023-12-11 00:00:00-05:00,93.27999877929688,93.55999755859375,92.62999725341797,93.36000061035156,90.32906341552734,971900,0.0,0.0
2023-12-12 00:00:00-05:00,93.63999938964844,94.45999908447266,93.2699966430664,94.45999908447266,91.39335632324219,1049100,0.0,0.0
2023-12-13 00:00:00-05:00,93.30000305175781,95.12000274658203,91.51000213623047,94.97000122070312,91.88678741455078,1620400,0.0,0.0
2023-12-14 00:00:00-05:00,94.61000061035156,94.7699966430664,91.30000305175781,91.36000061035156,88.39400482177734,2178900,0.0,0.0
2023-12-15 00:00:00-05:00,90.69000244140625,91.73999786376953,90.26000213623047,91.5,88.52946472167969,2904600,0.0,0.0
2023-12-18 00:00:00-05:00,92.30000305175781,93.05000305175781,91.44000244140625,92.93000030517578,89.91303253173828,951000,0.0,0.0
2023-12-19 00:00:00-05:00,92.83999633789062,93.37000274658203,92.33999633789062,92.72000122070312,89.70984649658203,1257100,0.0,0.0
2023-12-20 00:00:00-05:00,92.43000030517578,93.12999725341797,91.38999938964844,91.41999816894531,88.4520492553711,1153200,0.0,0.0
2023-12-21 00:00:00-05:00,91.87000274658203,92.2300033569336,90.69000244140625,91.79000091552734,88.81002807617188,1166900,0.0,0.0
2023-12-22 00:00:00-05:00,92.0199966430664,92.56999969482422,91.47000122070312,91.9000015258789,88.91645812988281,813700,0.0,0.0
2023-12-26 00:00:00-05:00,92.0,92.58000183105469,91.58000183105469,92.27999877929688,89.28412628173828,778600,0.0,0.0
2023-12-27 00:00:00-05:00,92.12999725341797,93.0,91.83000183105469,92.9800033569336,89.96141052246094,828900,0.0,0.0
2023-12-28 00:00:00-05:00,93.08000183105469,94.18000030517578,92.80000305175781,93.98999786376953,90.9385986328125,1046600,0.0,0.0
2023-12-29 00:00:00-05:00,94.0,94.63999938964844,93.97000122070312,94.55999755859375,91.4901123046875,1196600,0.0,0.0
2024-01-02 00:00:00-05:00,94.37000274658203,95.72000122070312,94.2699966430664,94.56999969482422,91.49978637695312,1419700,0.0,0.0
2024-01-03 00:00:00-05:00,95.05000305175781,95.05000305175781,93.58999633789062,93.94999694824219,90.89991760253906,1230200,0.0,0.0
2024-01-04 00:00:00-05:00,94.04000091552734,94.86000061035156,93.69999694824219,94.5199966430664,91.45140838623047,1162600,0.0,0.0
2024-01-05 00:00:00-05:00,94.55000305175781,94.55000305175781,93.31999969482422,93.87000274658203,90.822509765625,1056400,0.0,0.0
2024-01-08 00:00:00-05:00,94.18000030517578,94.4000015258789,93.44999694824219,94.37000274658203,91.30628967285156,1244600,0.0,0.0
2024-01-09 00:00:00-05:00,94.33000183105469,96.01000213623047,93.91000366210938,95.9800033569336,92.86400604248047,1372900,0.0,0.0
2024-01-10 00:00:00-05:00,95.91999816894531,96.69000244140625,95.81999969482422,96.4800033569336,93.34778594970703,1165500,0.0,0.0
2024-01-11 00:00:00-05:00,96.55000305175781,97.72000122070312,96.08000183105469,97.54000091552734,94.37336730957031,1324100,0.0,0.0
2024-01-12 00:00:00-05:00,97.87000274658203,98.0199966430664,96.95999908447266,97.6500015258789,94.47978973388672,984800,0.0,0.0
2024-01-16 00:00:00-05:00,97.66999816894531,98.22000122070312,97.13999938964844,98.16000366210938,94.9732437133789,1408800,0.0,0.0
2024-01-17 00:00:00-05:00,98.2699966430664,99.43000030517578,98.05000305175781,98.69999694824219,95.49571228027344,1369400,0.0,0.0
2024-01-18 00:00:00-05:00,98.05999755859375,98.70999908447266,97.51000213623047,97.83000183105469,94.65394592285156,1262100,0.0,0.0
2024-01-19 00:00:00-05:00,98.04000091552734,98.04000091552734,96.72000122070312,96.93000030517578,93.78317260742188,1430800,0.0,0.0
2024-01-22 00:00:00-05:00,96.69999694824219,98.05999755859375,96.55000305175781,97.62000274658203,94.45077514648438,1260700,0.0,0.0
2024-01-23 00:00:00-05:00,98.0,99.91999816894531,98.0,99.51000213623047,96.27941131591797,1295800,0.0,0.0
2024-01-24 00:00:00-05:00,98.66000366210938,99.05000305175781,97.06999969482422,97.0999984741211,93.94764709472656,1194200,0.0,0.0
2024-01-25 00:00:00-05:00,97.41999816894531,98.0999984741211,97.06999969482422,98.06999969482422,94.88616943359375,1134300,0.0,0.0
2024-01-26 00:00:00-05:00,98.19999694824219,99.13999938964844,97.9800033569336,99.12000274658203,95.9020767211914,1201000,0.0,0.0
2024-01-29 00:00:00-05:00,99.36000061035156,99.83999633789062,99.11000061035156,99.5999984741211,96.36649322509766,1814300,0.0,0.0
2024-01-30 00:00:00-05:00,100.0,100.7699966430664,99.33000183105469,100.5,97.23726654052734,1504400,0.0,0.0
2024-01-31 00:00:00-05:00,100.79000091552734,101.0,99.37000274658203,99.8499984741211,96.60836029052734,1850700,0.0,0.0
2024-02-01 00:00:00-05:00,99.9000015258789,101.79000091552734,99.27999877929688,101.77999877929688,98.4757080078125,2111100,0.0,0.0
2024-02-02 00:00:00-05:00,101.76000213623047,103.20999908447266,98.44999694824219,99.37000274658203,96.14395141601562,2343800,0.0,0.0
2024-02-05 00:00:00-05:00,100.0,100.93000030517578,99.26000213623047,100.18000030517578,96.92766571044922,2771300,0.0,0.0
2024-02-06 00:00:00-05:00,100.4000015258789,101.30000305175781,99.94999694824219,100.16000366210938,96.90830993652344,1931700,0.0,0.0
2024-02-07 00:00:00-05:00,100.73999786376953,101.75,99.97000122070312,100.75,97.4791488647461,1981800,0.0,0.0
2024-02-08 00:00:00-05:00,100.47000122070312,101.0,99.75,99.94000244140625,96.69544219970703,1385100,0.0,0.0
2024-02-09 00:00:00-05:00,99.83999633789062,100.08000183105469,98.1500015258789,98.83000183105469,95.6214828491211,1377200,0.0,0.0
2024-02-12 00:00:00-05:00,98.58999633789062,98.80000305175781,97.5999984741211,98.58000183105469,95.37960815429688,1370100,0.0,0.0
2024-02-13 00:00:00-05:00,98.83000183105469,99.44000244140625,97.33000183105469,97.87999725341797,94.70232391357422,1308200,0.0,0.0
2024-02-14 00:00:00-05:00,97.6500015258789,97.87000274658203,96.08999633789062,97.0,94.1240005493164,1372600,0.284,0.0
2024-02-15 00:00:00-05:00,97.44999694824219,98.06999969482422,96.95999908447266,97.38999938964844,94.50243377685547,883700,0.0,0.0
2024-02-16 00:00:00-05:00,97.88999938964844,98.48999786376953,96.8499984741211,97.77999877929688,94.88086700439453,1321400,0.0,0.0
2024-02-20 00:00:00-05:00,98.33999633789062,99.2699966430664,97.8499984741211,98.05000305175781,95.14286804199219,1019700,0.0,0.0
2024-02-21 00:00:00-05:00,98.18000030517578,99.19000244140625,98.0999984741211,98.61000061035156,95.68626403808594,707400,0.0,0.0
2024-02-22 00:00:00-05:00,98.0199966430664,99.7300033569336,97.02999877929688,99.63999938964844,96.68572235107422,1032400,0.0,0.0
2024-02-23 00:00:00-05:00,100.38999938964844,100.7300033569336,99.3499984741211,100.4000015258789,97.42318725585938,1164200,0.0,0.0
2024-02-26 00:00:00-05:00,100.37999725341797,100.88999938964844,100.16999816894531,100.41999816894531,97.44258880615234,838700,0.0,0.0
2024-02-27 00:00:00-05:00,100.05000305175781,100.70999908447266,99.1500015258789,99.88999938964844,96.9283218383789,891700,0.0,0.0
2024-02-28 00:00:00-05:00,99.9000015258789,100.4800033569336,99.58999633789062,100.12000274658203,97.15149688720703,767800,0.0,0.0
2024-02-29 00:00:00-05:00,100.0999984741211,100.6500015258789,99.54000091552734,100.12000274658203,97.15149688720703,1597700,0.0,0.0
2024-03-01 00:00:00-05:00,100.22000122070312,100.33999633789062,99.12000274658203,100.27999877929688,97.3067398071289,956200,0.0,0.0
2024-03-04 00:00:00-05:00,99.69999694824219,101.22000122070312,99.45999908447266,100.94000244140625,97.94718170166016,1056900,0.0,0.0
2024-03-05 00:00:00-05:00,101.08000183105469,102.33999633789062,100.58999633789062,101.91000366210938,98.88843536376953,1575800,0.0,0.0
2024-03-06 00:00:00-05:00,101.62000274658203,103.04000091552734,101.62000274658203,102.44000244140625,99.40270233154297,1050900,0.0,0.0
2024-03-07 00:00:00-05:00,102.62000274658203,104.23999786376953,102.13999938964844,104.12000274658203,101.03289031982422,1367600,0.0,0.0
2024-03-08 00:00:00-05:00,103.73999786376953,104.76000213623047,103.11000061035156,104.12000274658203,101.03289031982422,954100,0.0,0.0
2024-03-11 00:00:00-04:00,104.7699966430664,105.30000305175781,103.44000244140625,103.8499984741211,100.77090454101562,1318500,0.0,0.0
2024-03-12 00:00:00-04:00,103.61000061035156,105.0199966430664,103.37999725341797,104.5,101.4016342163086,897600,0.0,0.0
2024-03-13 00:00:00-04:00,105.0,105.66999816894531,104.05999755859375,105.41999816894531,102.29434967041016,1122500,0.0,0.0
2024-03-14 00:00:00-04:00,104.98999786376953,105.37999725341797,103.91000366210938,104.37999725341797,101.28516387939453,1037000,0.0,0.0
2024-03-15 00:00:00-04:00,102.91999816894531,104.33999633789062,102.87000274658203,104.33999633789062,101.2463607788086,1892100,0.0,0.0
2024-03-18 00:00:00-04:00,104.0999984741211,105.2699966430664,104.0999984741211,104.26000213623047,101.16873931884766,907200,0.0,0.0
2024-03-19 00:00:00-04:00,104.87000274658203,105.08000183105469,104.12000274658203,104.86000061035156,101.7509536743164,1255600,0.0,0.0
2024-03-20 00:00:00-04:00,104.8499984741211,104.87999725341797,102.87999725341797,103.01000213623047,99.95580291748047,1190600,0.0,0.0
2024-03-21 00:00:00-04:00,102.79000091552734,104.19000244140625,102.27999877929688,103.87999725341797,100.79999542236328,1047200,0.0,0.0
2024-03-22 00:00:00-04:00,104.12999725341797,104.81999969482422,103.61000061035156,104.5999984741211,101.4986572265625,762800,0.0,0.0
2024-03-25 00:00:00-04:00,104.69999694824219,104.80000305175781,102.9000015258789,102.98999786376953,99.93638610839844,1011200,0.0,0.0
2024-03-26 00:00:00-04:00,103.48999786376953,103.75,102.80000305175781,102.83999633789062,99.79084014892578,1251900,0.0,0.0
2024-03-27 00:00:00-04:00,103.51000213623047,104.47000122070312,103.29000091552734,104.20999908447266,101.1202163696289,981300,0.0,0.0
2024-03-28 00:00:00-04:00,104.6500015258789,104.69999694824219,103.88999938964844,104.30999755859375,101.21724700927734,1731300,0.0,0.0
2024-04-01 00:00:00-04:00,103.91999816894531,105.1500015258789,103.52999877929688,105.0199966430664,101.90620422363281,1505300,0.0,0.0
2024-04-02 00:00:00-04:00,105.0,105.45999908447266,104.08000183105469,104.63999938964844,101.53748321533203,1477100,0.0,0.0
2024-04-03 00:00:00-04:00,104.48999786376953,104.87000274658203,102.93000030517578,103.16000366210938,100.10135650634766,1786900,0.0,0.0
2024-04-04 00:00:00-04:00,103.5999984741211,104.0199966430664,102.05000305175781,102.0999984741211,99.0727767944336,1469300,0.0,0.0
2024-04-05 00:00:00-04:00,101.91999816894531,102.45999908447266,101.43000030517578,102.0,98.97575378417969,1075000,0.0,0.0
2024-04-08 00:00:00-04:00,101.66999816894531,102.13999938964844,101.4000015258789,101.48999786376953,98.4808578491211,1092600,0.0,0.0
2024-04-09 00:00:00-04:00,101.79000091552734,102.0199966430664,100.66000366210938,101.88999938964844,98.86901092529297,819200,0.0,0.0
2024-04-10 00:00:00-04:00,101.55000305175781,102.88999938964844,101.5199966430664,102.58000183105469,99.53854370117188,1170000,0.0,0.0
2024-04-11 00:00:00-04:00,103.12999725341797,103.12999725341797,101.51000213623047,101.58000183105469,98.5682144165039,1242100,0.0,0.0
2024-04-12 00:00:00-04:00,101.23999786376953,102.16000366210938,100.69999694824219,101.08000183105469,98.0830307006836,1164600,0.0,0.0
2024-04-15 00:00:00-04:00,101.79000091552734,102.37000274658203,101.29000091552734,101.58000183105469,98.5682144165039,1218500,0.0,0.0
2024-04-16 00:00:00-04:00,102.04000091552734,103.7699966430664,102.04000091552734,103.25,100.18868255615234,1520500,0.0,0.0
2024-04-17 00:00:00-04:00,103.69999694824219,104.0,102.81999969482422,103.48999786376953,100.42157745361328,1414800,0.0,0.0
2024-04-18 00:00:00-04:00,103.75,103.91000366210938,102.4800033569336,103.19999694824219,100.14016723632812,809900,0.0,0.0
2024-04-19 00:00:00-04:00,103.0999984741211,104.61000061035156,102.0999984741211,104.3499984741211,101.2560806274414,1103900,0.0,0.0
2024-04-22 00:00:00-04:00,104.97000122070312,106.62000274658203,104.5,105.94999694824219,102.80863189697266,1243800,0.0,0.0
2024-04-23 00:00:00-04:00,107.02999877929688,107.41999816894531,105.80000305175781,106.70999908447266,103.54611206054688,1053800,0.0,0.0
2024-04-24 00:00:00-04:00,106.01000213623047,107.55999755859375,105.2699966430664,107.3499984741211,104.16712951660156,912800,0.0,0.0
2024-04-25 00:00:00-04:00,107.77999877929688,108.0999984741211,106.69999694824219,107.25,104.07008361816406,898500,0.0,0.0
2024-04-26 00:00:00-04:00,107.0199966430664,107.8499984741211,106.30999755859375,106.31999969482422,103.16765594482422,1037600,0.0,0.0
2024-04-29 00:00:00-04:00,106.41000366210938,107.04000091552734,105.94000244140625,106.91000366210938,103.74016571044922,1544600,0.0,0.0
2024-04-30 00:00:00-04:00,107.04000091552734,107.91999816894531,106.44999694824219,107.88999938964844,104.69109344482422,1620000,0.0,0.0
2024-05-01 00:00:00-04:00,107.54000091552734,108.68000030517578,106.05999755859375,106.26000213623047,103.10944366455078,1977900,0.0,0.0
2024-05-02 00:00:00-04:00,106.08999633789062,106.58000183105469,103.41000366210938,105.87999725341797,102.7406997680664,2024700,0.0,0.0
2024-05-03 00:00:00-04:00,105.22000122070312,106.31999969482422,103.91999816894531,106.11000061035156,102.96388244628906,1283900,0.0,0.0
2024-05-06 00:00:00-04:00,106.16999816894531,106.61000061035156,105.11000061035156,105.41000366210938,102.28465270996094,1224800,0.0,0.0
2024-05-07 00:00:00-04:00,106.11000061035156,107.16999816894531,105.7300033569336,106.93000030517578,103.75957489013672,972600,0.0,0.0
2024-05-08 00:00:00-04:00,107.62999725341797,107.72000122070312,106.33000183105469,106.77999877929688,103.61402893066406,1041500,0.0,0.0
2024-05-09 00:00:00-04:00,106.9800033569336,107.54000091552734,106.37000274658203,107.05000305175781,103.87601470947266,882500,0.0,0.0
2024-05-10 00:00:00-04:00,107.12000274658203,107.58000183105469,106.80999755859375,107.30999755859375,104.1283187866211,680700,0.0,0.0
2024-05-13 00:00:00-04:00,107.30000305175781,107.76000213623047,106.6500015258789,107.1500015258789,103.97305297851562,911400,0.0,0.0
2024-05-14 00:00:00-04:00,106.54000091552734,106.9800033569336,105.33999633789062,106.83000183105469,103.93802642822266,1215900,0.284,0.0
2024-05-15 00:00:00-04:00,106.43000030517578,107.37000274658203,106.3499984741211,107.18000030517578,104.2785415649414,844200,0.0,0.0
2024-05-16 00:00:00-04:00,107.45999908447266,107.91000366210938,106.56999969482422,106.68000030517578,103.79210662841797,1015100,0.0,0.0
2024-05-17 00:00:00-04:00,106.80000305175781,106.80000305175781,106.02999877929688,106.38999938964844,103.50993347167969,829700,0.0,0.0
2024-05-20 00:00:00-04:00,106.37000274658203,106.62999725341797,105.83999633789062,106.51000213623047,103.626708984375,705900,0.0,0.0
2024-05-21 00:00:00-04:00,106.94999694824219,107.30999755859375,106.45999908447266,107.05999755859375,104.16181182861328,843300,0.0,0.0
2024-05-22 00:00:00-04:00,106.87999725341797,107.4000015258789,106.55000305175781,107.30999755859375,104.405029296875,597200,0.0,0.0
2024-05-23 00:00:00-04:00,107.08000183105469,107.7300033569336,106.36000061035156,106.41999816894531,103.53913116455078,799400,0.0,0.0
2024-05-24 00:00:00-04:00,106.6500015258789,107.0,106.05000305175781,106.47000122070312,103.58777618408203,770800,0.0,0.0
2024-05-28 00:00:00-04:00,105.62000274658203,106.05999755859375,103.9000015258789,104.16000366210938,101.34031677246094,1631100,0.0,0.0
2024-05-29 00:00:00-04:00,104.06999969482422,104.06999969482422,103.19999694824219,103.30999755859375,100.51331329345703,1797100,0.0,0.0
2024-05-30 00:00:00-04:00,103.31999969482422,104.62999725341797,102.91000366210938,104.36000061035156,101.5348892211914,1071000,0.0,0.0
2024-05-31 00:00:00-04:00,104.36000061035156,107.18000030517578,104.31999969482422,107.01000213623047,104.11315155029297,2658900,0.0,0.0
2024-06-03 00:00:00-04:00,106.5999984741211,108.19000244140625,106.5999984741211,107.29000091552734,104.38557434082031,1502800,0.0,0.0
2024-06-04 00:00:00-04:00,107.72000122070312,108.33999633789062,107.30999755859375,108.11000061035156,105.18338775634766,1106300,0.0,0.0
2024-06-05 00:00:00-04:00,107.83999633789062,107.91999816894531,106.69999694824219,107.70999908447266,104.79420471191406,952500,0.0,0.0
2024-06-06 00:00:00-04:00,107.76000213623047,108.26000213623047,107.4000015258789,107.91000366210938,104.9887924194336,796200,0.0,0.0
2024-06-07 00:00:00-04:00,107.91000366210938,108.58000183105469,107.26000213623047,107.37999725341797,104.47314453125,830800,0.0,0.0
2024-06-10 00:00:00-04:00,107.12000274658203,107.7699966430664,105.93000030517578,107.72000122070312,104.80393981933594,1169400,0.0,0.0
2024-06-11 00:00:00-04:00,107.52999877929688,107.97000122070312,106.63999938964844,107.93000030517578,105.00824737548828,1438800,0.0,0.0
2024-06-12 00:00:00-04:00,107.62999725341797,107.66999816894531,105.70999908447266,106.38999938964844,103.50993347167969,1517800,0.0,0.0
2024-06-13 00:00:00-04:00,106.5999984741211,106.80000305175781,105.88999938964844,106.4800033569336,103.59750366210938,1304600,0.0,0.0
2024-06-14 00:00:00-04:00,106.1500015258789,107.76000213623047,106.02999877929688,107.69999694824219,104.78448486328125,1313000,0.0,0.0
2024-06-17 00:00:00-04:00,107.2300033569336,109.45999908447266,106.88999938964844,109.30000305175781,106.34117126464844,1080400,0.0,0.0
2024-06-18 00:00:00-04:00,109.04000091552734,110.30999755859375,108.77999877929688,109.91000366210938,106.93466186523438,1084300,0.0,0.0
2024-06-20 00:00:00-04:00,109.66000366210938,110.26000213623047,108.69000244140625,108.91000366210938,105.96172332763672,1011200,0.0,0.0
2024-06-21 00:00:00-04:00,109.44999694824219,110.12999725341797,108.61000061035156,108.93000030517578,105.9811782836914,1736700,0.0,0.0
2024-06-24 00:00:00-04:00,108.7300033569336,108.7300033569336,106.94999694824219,107.4800033569336,104.57044219970703,1578200,0.0,0.0
2024-06-25 00:00:00-04:00,107.0,107.0,104.58999633789062,104.8499984741211,102.01162719726562,1794300,0.0,0.0
2024-06-26 00:00:00-04:00,104.1500015258789,105.72000122070312,103.68000030517578,104.4800033569336,101.65164184570312,1530000,0.0,0.0
2024-06-27 00:00:00-04:00,104.62999725341797,104.66999816894531,103.79000091552734,104.01000213623047,101.19436645507812,1486200,0.0,0.0
2024-06-28 00:00:00-04:00,104.01000213623047,104.2699966430664,102.8499984741211,103.68000030517578,100.87328338623047,6988900,0.0,0.0
2024-07-01 00:00:00-04:00,104.11000061035156,105.33999633789062,103.70999908447266,104.87000274658203,102.03109741210938,1786300,0.0,0.0
2024-07-02 00:00:00-04:00,104.75,105.58999633789062,103.98999786376953,105.44000244140625,102.58566284179688,1362000,0.0,0.0
2024-07-03 00:00:00-04:00,105.44000244140625,105.66000366210938,105.04000091552734,105.52999877929688,102.67323303222656,831600,0.0,0.0
2024-07-05 00:00:00-04:00,105.72000122070312,106.7699966430664,105.27999877929688,106.58999633789062,103.70452880859375,998700,0.0,0.0
2024-07-08 00:00:00-04:00,106.66000366210938,106.66000366210938,104.81999969482422,105.58000183105469,102.72187042236328,1378700,0.0,0.0
2024-07-09 00:00:00-04:00,105.31999969482422,105.5199966430664,104.16999816894531,104.61000061035156,101.77812194824219,1221700,0.0,0.0
2024-07-10 00:00:00-04:00,105.06999969482422,105.45999908447266,104.38999938964844,104.8499984741211,102.01162719726562,1666700,0.0,0.0
2024-07-11 00:00:00-04:00,104.75,106.11000061035156,103.56999969482422,103.73999786376953,100.93167114257812,1894500,0.0,0.0
2024-07-12 00:00:00-04:00,104.06999969482422,104.91999816894531,104.0199966430664,104.16999816894531,101.35003662109375,1115600,0.0,0.0
2024-07-15 00:00:00-04:00,104.08999633789062,104.47000122070312,101.0999984741211,101.18000030517578,98.44097137451172,1924200,0.0,0.0
2024-07-16 00:00:00-04:00,101.61000061035156,103.45999908447266,101.58000183105469,102.33000183105469,99.55984497070312,1256200,0.0,0.0
2024-07-17 00:00:00-04:00,102.5,104.31999969482422,102.48999786376953,103.72000122070312,100.9122314453125,1681100,0.0,0.0
2024-07-18 00:00:00-04:00,103.52999877929688,104.4800033569336,101.94000244140625,102.16999816894531,99.40418243408203,1703500,0.0,0.0
2024-07-19 00:00:00-04:00,102.80000305175781,103.69000244140625,102.23999786376953,102.61000061035156,99.83226013183594,1190100,0.0,0.0
2024-07-22 00:00:00-04:00,101.94999694824219,102.0199966430664,99.30000305175781,100.63999938964844,97.91559600830078,1937300,0.0,0.0
2024-07-23 00:00:00-04:00,100.97000122070312,101.2300033569336,100.05000305175781,100.20999908447266,97.49723815917969,1480000,0.0,0.0
2024-07-24 00:00:00-04:00,100.08000183105469,100.9800033569336,99.2699966430664,100.3499984741211,97.6334457397461,1087300,0.0,0.0
2024-07-25 00:00:00-04:00,100.4800033569336,101.9000015258789,99.81999969482422,99.8499984741211,97.14698028564453,1130500,0.0,0.0
2024-07-26 00:00:00-04:00,100.05000305175781,102.05000305175781,99.37000274658203,101.37999725341797,98.63556671142578,1273400,0.0,0.0
2024-07-29 00:00:00-04:00,101.30000305175781,102.26000213623047,100.7699966430664,101.58999633789062,98.83988189697266,1349800,0.0,0.0
2024-07-30 00:00:00-04:00,98.36000061035156,99.62000274658203,97.6500015258789,99.43000030517578,96.73835754394531,2005400,0.0,0.0
2024-07-31 00:00:00-04:00,99.4800033569336,99.55000305175781,97.66000366210938,98.01000213623047,95.35680389404297,3040100,0.0,0.0
2024-08-01 00:00:00-04:00,98.37000274658203,100.23999786376953,97.87999725341797,100.01000213623047,97.30265045166016,2346400,0.0,0.0
2024-08-02 00:00:00-04:00,96.94000244140625,99.93000030517578,96.3499984741211,98.52999877929688,95.86271667480469,3855900,0.0,0.0
2024-08-05 00:00:00-04:00,99.0,100.88999938964844,98.7300033569336,99.91999816894531,97.21508026123047,2867900,0.0,0.0
2024-08-06 00:00:00-04:00,100.11000061035156,102.27999877929688,99.93000030517578,101.31999969482422,98.57720184326172,1735400,0.0,0.0
2024-08-07 00:00:00-04:00,101.30999755859375,102.80000305175781,100.75,101.58999633789062,98.83988189697266,1495200,0.0,0.0
2024-08-08 00:00:00-04:00,101.12999725341797,102.44999694824219,101.05999755859375,102.20999908447266,99.4430923461914,1097700,0.0,0.0
2024-08-09 00:00:00-04:00,102.25,102.58999633789062,101.2300033569336,102.25,99.48200225830078,1451000,0.0,0.0
2024-08-12 00:00:00-04:00,101.83000183105469,101.87000274658203,99.95999908447266,100.80999755859375,98.08098602294922,1120300,0.0,0.0
2024-08-13 00:00:00-04:00,100.87000274658203,101.22000122070312,99.76000213623047,100.18000030517578,97.46804809570312,1709800,0.0,0.0
2024-08-14 00:00:00-04:00,99.9800033569336,100.79000091552734,99.9800033569336,100.4800033569336,97.75993347167969,811800,0.0,0.0
2024-08-15 00:00:00-04:00,100.63999938964844,101.0199966430664,99.01000213623047,99.98999786376953,97.5589370727539,965100,0.284,0.0
2024-08-16 00:00:00-04:00,99.94999694824219,100.19000244140625,99.05999755859375,100.01000213623047,97.57845306396484,1843900,0.0,0.0
2024-08-19 00:00:00-04:00,99.91000366210938,100.58999633789062,99.77999877929688,100.16000366210938,97.72481536865234,1143100,0.0,0.0
2024-08-20 00:00:00-04:00,99.9800033569336,101.6500015258789,99.80999755859375,101.62999725341797,99.15906524658203,1170200,0.0,0.0
2024-08-21 00:00:00-04:00,101.56999969482422,102.83999633789062,101.56999969482422,102.37999725341797,99.89083099365234,816900,0.0,0.0
2024-08-22 00:00:00-04:00,103.1500015258789,103.27999877929688,102.41000366210938,102.63999938964844,100.1445083618164,923700,0.0,0.0
2024-08-23 00:00:00-04:00,102.63999938964844,102.88999938964844,101.20999908447266,102.16000366210938,99.67617797851562,865800,0.0,0.0
2024-08-26 00:00:00-04:00,102.0,102.76000213623047,101.73999786376953,101.80999755859375,99.3346939086914,760900,0.0,0.0
2024-08-27 00:00:00-04:00,101.97000122070312,102.02999877929688,100.75,101.1500015258789,98.69073486328125,847200,0.0,0.0
2024-08-28 00:00:00-04:00,101.9000015258789,101.9000015258789,100.63999938964844,101.56999969482422,99.10053253173828,1044500,0.0,0.0
2024-08-29 00:00:00-04:00,101.75,101.77999877929688,100.6500015258789,100.7699966430664,98.3199691772461,724400,0.0,0.0
2024-08-30 00:00:00-04:00,100.91999816894531,101.9800033569336,100.83999633789062,101.87999725341797,99.40298461914062,1437800,0.0,0.0
2024-09-03 00:00:00-04:00,101.95999908447266,105.72000122070312,101.77999877929688,105.29000091552734,102.7300796508789,1888600,0.0,0.0
2024-09-04 00:00:00-04:00,105.51000213623047,106.4800033569336,105.08000183105469,106.22000122070312,103.63746643066406,1501300,0.0,0.0
2024-09-05 00:00:00-04:00,106.25,106.47000122070312,104.80999755859375,105.48999786376953,102.92520141601562,1861500,0.0,0.0
2024-09-06 00:00:00-04:00,105.58000183105469,106.22000122070312,104.86000061035156,105.18000030517578,102.62276458740234,1350300,0.0,0.0
2024-09-09 00:00:00-04:00,104.23999786376953,105.62999725341797,103.55000305175781,105.5999984741211,103.03253936767578,1948000,0.0,0.0
2024-09-10 00:00:00-04:00,105.58000183105469,106.61000061035156,104.41999816894531,105.94000244140625,103.36428833007812,1449000,0.0,0.0
2024-09-11 00:00:00-04:00,105.63999938964844,105.98999786376953,102.79000091552734,103.26000213623047,100.74943542480469,1489200,0.0,0.0
2024-09-12 00:00:00-04:00,103.0199966430664,103.80999755859375,102.22000122070312,103.55000305175781,101.03238677978516,1257700,0.0,0.0
2024-09-13 00:00:00-04:00,103.31999969482422,104.25,102.97000122070312,104.04000091552734,101.51046752929688,1034900,0.0,0.0
2024-09-16 00:00:00-04:00,104.30000305175781,105.33000183105469,104.30000305175781,105.22000122070312,102.66178894042969,1114200,0.0,0.0
2024-09-17 00:00:00-04:00,104.0999984741211,105.08999633789062,103.66999816894531,103.81999969482422,101.29581451416016,1303600,0.0,0.0
2024-09-18 00:00:00-04:00,103.69999694824219,104.13999938964844,101.88999938964844,102.61000061035156,100.11524200439453,1522600,0.0,0.0
2024-09-19 00:00:00-04:00,102.38999938964844,103.16000366210938,101.55999755859375,101.58000183105469,99.11027526855469,1159500,0.0,0.0
2024-09-20 00:00:00-04:00,101.58999633789062,103.83999633789062,101.58999633789062,103.4000015258789,100.88603973388672,4692100,0.0,0.0
2024-09-23 00:00:00-04:00,102.87999725341797,104.1500015258789,102.51000213623047,103.5199966430664,101.00309753417969,1428000,0.0,0.0
2024-09-24 00:00:00-04:00,103.58000183105469,104.61000061035156,103.0,103.13999938964844,100.63235473632812,1573600,0.0,0.0
2024-09-25 00:00:00-04:00,103.98999786376953,104.23999786376953,102.81999969482422,102.94000244140625,100.43721771240234,904800,0.0,0.0
2024-09-26 00:00:00-04:00,102.66000366210938,103.66999816894531,102.20999908447266,102.91000366210938,100.40794372558594,1497100,0.0,0.0
2024-09-27 00:00:00-04:00,103.08000183105469,104.4800033569336,102.94000244140625,104.38999938964844,101.8519515991211,1359000,0.0,0.0
2024-09-30 00:00:00-04:00,105.0999984741211,105.44000244140625,104.12999725341797,104.72000122070312,102.17393493652344,1482200,0.0,0.0
2024-10-01 00:00:00-04:00,104.5999984741211,105.1500015258789,103.73999786376953,104.4800033569336,101.93977355957031,1826400,0.0,0.0
2024-10-02 00:00:00-04:00,104.51000213623047,104.73999786376953,102.76000213623047,103.26000213623047,100.74943542480469,1107400,0.0,0.0
2024-10-03 00:00:00-04:00,103.12999725341797,103.31999969482422,101.26000213623047,101.33999633789062,98.87610626220703,1537200,0.0,0.0
2024-10-04 00:00:00-04:00,100.72000122070312,101.33999633789062,100.4000015258789,101.04000091552734,98.58341217041016,1037100,0.0,0.0
2024-10-07 00:00:00-04:00,101.30000305175781,101.30000305175781,99.02999877929688,99.08999633789062,96.68081665039062,1470000,0.0,0.0
2024-10-08 00:00:00-04:00,99.0,100.2300033569336,98.62999725341797,100.08000183105469,97.6467514038086,1102500,0.0,0.0
2024-10-09 00:00:00-04:00,100.37999725341797,101.02999877929688,100.05000305175781,100.62999725341797,98.18336486816406,923800,0.0,0.0
2024-10-10 00:00:00-04:00,100.77999877929688,101.05999755859375,99.91000366210938,100.22000122070312,97.78334045410156,948100,0.0,0.0
2024-10-11 00:00:00-04:00,100.36000061035156,101.66000366210938,100.12000274658203,101.61000061035156,99.1395492553711,1119700,0.0,0.0
2024-10-14 00:00:00-04:00,101.95999908447266,103.3499984741211,101.41999816894531,103.16000366210938,100.65187072753906,1040100,0.0,0.0
2024-10-15 00:00:00-04:00,103.80999755859375,105.1500015258789,103.55000305175781,104.3499984741211,101.81293487548828,1332800,0.0,0.0
2024-10-16 00:00:00-04:00,103.30999755859375,104.80000305175781,102.98999786376953,104.66000366210938,102.11539459228516,1059500,0.0,0.0
2024-10-17 00:00:00-04:00,104.87000274658203,105.38999938964844,104.04000091552734,104.94999694824219,102.3983383178711,1052200,0.0,0.0
2024-10-18 00:00:00-04:00,104.93000030517578,105.1500015258789,103.79000091552734,104.33999633789062,101.80317687988281,1520100,0.0,0.0
2024-10-21 00:00:00-04:00,104.16000366210938,104.77999877929688,103.30999755859375,103.91000366210938,101.38362884521484,939700,0.0,0.0
2024-10-22 00:00:00-04:00,103.0199966430664,103.5999984741211,101.83999633789062,102.69000244140625,100.19329833984375,1183000,0.0,0.0
2024-10-23 00:00:00-04:00,102.55999755859375,102.7300033569336,101.6500015258789,102.55999755859375,100.06643676757812,891400,0.0,0.0
2024-10-24 00:00:00-04:00,103.0199966430664,103.37999725341797,102.2300033569336,102.62000274658203,100.12499237060547,1044300,0.0,0.0
2024-10-25 00:00:00-04:00,102.19000244140625,102.79000091552734,100.51000213623047,100.83999633789062,98.3882827758789,1159800,0.0,0.0
2024-10-28 00:00:00-04:00,101.30000305175781,101.58999633789062,100.54000091552734,101.05000305175781,98.59317016601562,1737000,0.0,0.0
2024-10-29 00:00:00-04:00,100.69000244140625,101.43000030517578,100.18000030517578,100.62999725341797,98.18336486816406,1378000,0.0,0.0
2024-10-30 00:00:00-04:00,100.58999633789062,100.87999725341797,100.0999984741211,100.5199966430664,98.07605743408203,1298500,0.0,0.0
2024-10-31 00:00:00-04:00,100.37999725341797,101.52999877929688,99.83000183105469,99.91000366210938,97.48088836669922,2716600,0.0,0.0
2024-11-01 00:00:00-04:00,105.75,106.02999877929688,102.91000366210938,104.75,102.20320129394531,2960200,0.0,0.0
2024-11-04 00:00:00-05:00,103.83000183105469,105.30999755859375,102.5,102.95999908447266,100.45672607421875,2407600,0.0,0.0
2024-11-05 00:00:00-05:00,102.80999755859375,104.16000366210938,102.55999755859375,104.13999938964844,101.6080322265625,1587000,0.0,0.0
2024-11-06 00:00:00-05:00,105.37999725341797,106.19000244140625,102.6500015258789,103.20999908447266,100.70064544677734,3047900,0.0,0.0
2024-11-07 00:00:00-05:00,103.62999725341797,104.62999725341797,102.48999786376953,103.91000366210938,101.38362884521484,1442400,0.0,0.0
2024-11-08 00:00:00-05:00,104.62000274658203,106.97000122070312,104.22000122070312,106.44999694824219,103.86186218261719,1421500,0.0,0.0
2024-11-11 00:00:00-05:00,106.56999969482422,107.88999938964844,106.29000091552734,107.70999908447266,105.09123992919922,1575900,0.0,0.0
2024-11-12 00:00:00-05:00,108.0,108.68000030517578,107.20999908447266,107.98999786376953,105.36442565917969,1542400,0.0,0.0
2024-11-13 00:00:00-05:00,108.12999725341797,108.38999938964844,107.0999984741211,107.26000213623047,104.65218353271484,1160800,0.0,0.0
2024-11-14 00:00:00-05:00,107.05000305175781,108.5,106.62999725341797,107.87999725341797,105.25711822509766,1263300,0.0,0.0
2024-11-15 00:00:00-05:00,107.9000015258789,109.5199966430664,107.16000366210938,109.0199966430664,106.65015411376953,1951800,0.284,0.0
2024-11-18 00:00:00-05:00,108.69999694824219,110.41000366210938,108.30999755859375,110.29000091552734,107.89254760742188,1361700,0.0,0.0
2024-11-19 00:00:00-05:00,110.08000183105469,111.44999694824219,109.80999755859375,110.91999816894531,108.50885009765625,1648600,0.0,0.0
2024-11-20 00:00:00-05:00,110.9000015258789,111.75,110.31999969482422,111.29000091552734,108.87081909179688,2195500,0.0,0.0
2024-11-21 00:00:00-05:00,111.83999633789062,112.8499984741211,110.91000366210938,112.25,109.8099365234375,1808300,0.0,0.0
2024-11-22 00:00:00-05:00,112.94000244140625,113.5,111.75,111.9000015258789,109.4675521850586,1712400,0.0,0.0
2024-11-25 00:00:00-05:00,112.44000244140625,113.0,110.25,110.41000366210938,108.00994110107422,2535600,0.0,0.0
2024-11-26 00:00:00-05:00,110.91000366210938,111.2300033569336,109.62000274658203,110.37999725341797,107.98058319091797,1254600,0.0,0.0
2024-11-27 00:00:00-05:00,110.93000030517578,111.70999908447266,110.05999755859375,110.36000061035156,107.96102142333984,1054000,0.0,0.0
2024-11-29 00:00:00-05:00,109.91999816894531,110.58000183105469,109.3499984741211,110.12999725341797,107.73602294921875,965200,0.0,0.0
2024-12-02 00:00:00-05:00,110.87999725341797,113.44000244140625,110.0,111.23999786376953,108.82189178466797,2076300,0.0,0.0
2024-12-03 00:00:00-05:00,111.29000091552734,111.4800033569336,109.69000244140625,109.95999908447266,107.5697250366211,1055500,0.0,0.0
2024-12-04 00:00:00-05:00,109.25,110.0,108.41000366210938,109.88999938964844,107.5012435913086,1058900,0.0,0.0
2024-12-05 00:00:00-05:00,109.43000030517578,110.80999755859375,109.0,109.16000366210938,106.78711700439453,1836200,0.0,0.0
2024-12-06 00:00:00-05:00,109.04000091552734,109.91999816894531,107.11000061035156,107.20999908447266,104.8794937133789,1818900,0.0,0.0
2024-12-09 00:00:00-05:00,107.0,107.06999969482422,105.58000183105469,105.88999938964844,103.58818817138672,1474400,0.0,0.0
2024-12-10 00:00:00-05:00,105.88999938964844,107.37999725341797,105.4800033569336,107.05999755859375,104.7327651977539,1604800,0.0,0.0
2024-12-11 00:00:00-05:00,107.37000274658203,109.12999725341797,105.44999694824219,105.58000183105469,103.2849349975586,1211300,0.0,0.0
2024-12-12 00:00:00-05:00,106.45999908447266,107.16000366210938,105.29000091552734,105.41000366210938,103.11862182617188,996400,0.0,0.0
2024-12-13 00:00:00-05:00,105.5199966430664,105.9000015258789,104.9800033569336,105.63999938964844,103.3436279296875,927000,0.0,0.0
2024-12-16 00:00:00-05:00,105.66999816894531,107.33999633789062,105.66999816894531,105.81999969482422,103.51970672607422,1463900,0.0,0.0
2024-12-17 00:00:00-05:00,105.5,107.02999877929688,105.20999908447266,105.80000305175781,103.50015258789062,1407500,0.0,0.0
2024-12-18 00:00:00-05:00,105.30000305175781,106.76000213623047,104.80999755859375,105.86000061035156,103.55884552001953,2221700,0.0,0.0
2024-12-19 00:00:00-05:00,105.5,106.51000213623047,104.79000091552734,105.8499984741211,103.54905700683594,1991200,0.0,0.0
2024-12-20 00:00:00-05:00,105.83999633789062,106.56999969482422,104.94999694824219,106.0999984741211,103.79363250732422,3432000,0.0,0.0
2024-12-23 00:00:00-05:00,106.0999984741211,106.45999908447266,104.77999877929688,105.43000030517578,103.13819122314453,814000,0.0,0.0
2024-12-24 00:00:00-05:00,105.30000305175781,106.52999877929688,105.04000091552734,106.45999908447266,104.14580535888672,369300,0.0,0.0
2024-12-26 00:00:00-05:00,105.97000122070312,107.02999877929688,105.81999969482422,106.73999786376953,104.41972351074219,656700,0.0,0.0
2024-12-27 00:00:00-05:00,105.91000366210938,107.30999755859375,105.66999816894531,105.94000244140625,103.63711547851562,762500,0.0,0.0
2024-12-30 00:00:00-05:00,105.38999938964844,105.66999816894531,104.01000213623047,104.62000274658203,102.3458023071289,733500,0.0,0.0
2024-12-31 00:00:00-05:00,104.87999725341797,105.41999816894531,104.31999969482422,104.70999908447266,102.433837890625,814600,0.0,0.0
2025-01-02 00:00:00-05:00,105.08000183105469,105.16000366210938,103.63999938964844,103.83999633789062,101.58274841308594,1231100,0.0,0.0
2025-01-03 00:00:00-05:00,103.9800033569336,105.0999984741211,103.08000183105469,104.63999938964844,102.36537170410156,1094300,0.0,0.0
2025-01-06 00:00:00-05:00,103.77999877929688,104.54000091552734,101.5199966430664,101.66999816894531,99.45992279052734,1515500,0.0,0.0
2025-01-07 00:00:00-05:00,102.23999786376953,102.95999908447266,102.0199966430664,102.80000305175781,100.56535339355469,1658500,0.0,0.0
2025-01-08 00:00:00-05:00,102.62999725341797,102.97000122070312,101.8499984741211,102.56999969482422,100.34036254882812,1608700,0.0,0.0
2025-01-10 00:00:00-05:00,101.45999908447266,102.69999694824219,100.86000061035156,101.41999816894531,99.21534729003906,1537800,0.0,0.0
2025-01-13 00:00:00-05:00,102.05000305175781,102.88999938964844,100.98999786376953,102.86000061035156,100.62405395507812,2021400,0.0,0.0
2025-01-14 00:00:00-05:00,103.02999877929688,105.38999938964844,102.86000061035156,105.27999877929688,102.99144744873047,2150700,0.0,0.0
2025-01-15 00:00:00-05:00,105.56999969482422,105.56999969482422,102.27999877929688,103.44000244140625,101.19145202636719,1548600,0.0,0.0
2025-01-16 00:00:00-05:00,103.54000091552734,106.51000213623047,103.41999816894531,106.2699966430664,103.9599380493164,1662600,0.0,0.0
2025-01-17 00:00:00-05:00,106.69999694824219,107.08999633789062,105.94999694824219,106.47000122070312,104.15557861328125,1712800,0.0,0.0
2025-01-21 00:00:00-05:00,106.94999694824219,107.47000122070312,106.08000183105469,106.66000366210938,104.34146118164062,1230000,0.0,0.0
2025-01-22 00:00:00-05:00,108.0,108.05000305175781,106.19000244140625,106.69999694824219,104.38057708740234,1474300,0.0,0.0
2025-01-23 00:00:00-05:00,106.41000366210938,106.6500015258789,105.01000213623047,106.29000091552734,103.97949981689453,1584200,0.0,0.0
2025-01-24 00:00:00-05:00,106.2300033569336,106.68000030517578,105.29000091552734,106.25,103.94036865234375,1208400,0.0,0.0
2025-01-27 00:00:00-05:00,108.16000366210938,109.56999969482422,107.55000305175781,109.38999938964844,107.01211547851562,1552800,0.0,0.0
2025-01-28 00:00:00-05:00,109.0199966430664,109.66999816894531,107.11000061035156,107.52999877929688,105.19254302978516,1265600,0.0,0.0
2025-01-29 00:00:00-05:00,107.4000015258789,107.87999725341797,106.5199966430664,106.7699966430664,104.44905853271484,1500100,0.0,0.0
2025-01-30 00:00:00-05:00,107.70999908447266,107.7699966430664,106.04000091552734,107.12000274658203,104.79145812988281,1928800,0.0,0.0
2025-01-31 00:00:00-05:00,107.0,107.0,104.77999877929688,105.5199966430664,103.22623443603516,3425100,0.0,0.0
2025-02-03 00:00:00-05:00,105.01000213623047,107.37000274658203,104.9000015258789,106.43000030517578,104.116455078125,2514100,0.0,0.0
2025-02-04 00:00:00-05:00,105.88999938964844,106.5199966430664,104.94000244140625,105.9800033569336,103.6762466430664,1622000,0.0,0.0
2025-02-05 00:00:00-05:00,106.27999877929688,107.44999694824219,105.45999908447266,107.19000244140625,104.85992431640625,1533400,0.0,0.0
2025-02-06 00:00:00-05:00,107.9000015258789,107.98999786376953,104.9000015258789,105.4000015258789,103.10884857177734,1337800,0.0,0.0
2025-02-07 00:00:00-05:00,105.12000274658203,105.26000213623047,104.30000305175781,105.0199966430664,102.73709106445312,855100,0.0,0.0
2025-02-10 00:00:00-05:00,104.77999877929688,104.94999694824219,103.86000061035156,104.55000305175781,102.27732849121094,1086500,0.0,0.0
2025-02-11 00:00:00-05:00,104.79000091552734,104.93000030517578,103.73999786376953,104.87999725341797,102.60015106201172,1222800,0.0,0.0
2025-02-12 00:00:00-05:00,104.27999877929688,106.48999786376953,104.27999877929688,105.94999694824219,103.64688873291016,1438200,0.0,0.0
2025-02-13 00:00:00-05:00,106.19999694824219,107.88999938964844,105.93000030517578,107.52999877929688,105.19254302978516,1230200,0.0,0.0
2025-02-14 00:00:00-05:00,107.0199966430664,107.22000122070312,104.9800033569336,105.0,103.00011444091797,1723600,0.295,0.0
2025-02-18 00:00:00-05:00,104.16999816894531,104.7300033569336,103.22000122070312,103.86000061035156,101.88182067871094,1237500,0.0,0.0
2025-02-19 00:00:00-05:00,104.33999633789062,105.05999755859375,103.91999816894531,104.36000061035156,102.37230682373047,1094700,0.0,0.0
2025-02-20 00:00:00-05:00,103.19999694824219,104.55999755859375,103.13999938964844,104.43000030517578,102.44097137451172,1727100,0.0,0.0
2025-02-21 00:00:00-05:00,104.1500015258789,105.58000183105469,103.02999877929688,105.33000183105469,103.32382202148438,1978500,0.0,0.0
2025-02-24 00:00:00-05:00,104.86000061035156,108.80000305175781,104.86000061035156,107.58999633789062,105.540771484375,1706600,0.0,0.0
2025-02-25 00:00:00-05:00,108.38999938964844,111.19999694824219,108.3499984741211,110.56999969482422,108.46402740478516,2470400,0.0,0.0
2025-02-26 00:00:00-05:00,109.9800033569336,110.0,108.41999816894531,108.58999633789062,106.52173614501953,1874400,0.0,0.0
2025-02-27 00:00:00-05:00,108.0,109.7300033569336,107.20999908447266,109.37000274658203,107.28688049316406,988800,0.0,0.0
2025-02-28 00:00:00-05:00,110.62000274658203,111.36000061035156,109.16000366210938,111.19999694824219,109.08202362060547,1949200,0.0,0.0
2025-03-03 00:00:00-05:00,110.83999633789062,112.13999938964844,110.05999755859375,112.05999755859375,109.9256362915039,1728200,0.0,0.0
2025-03-04 00:00:00-05:00,113.0,114.5999984741211,110.5999984741211,110.70999908447266,108.60135650634766,1583600,0.0,0.0
2025-03-05 00:00:00-05:00,110.83000183105469,112.23999786376953,110.23999786376953,110.66000366210938,108.55231475830078,1563900,0.0,0.0
2025-03-06 00:00:00-05:00,110.66000366210938,111.69999694824219,110.01000213623047,110.88999938964844,108.77792358398438,1716400,0.0,0.0
2025-03-07 00:00:00-05:00,110.75,113.8499984741211,110.30000305175781,112.33000183105469,110.19049835205078,1696800,0.0,0.0
2025-03-10 00:00:00-04:00,113.38999938964844,116.45999908447266,112.94000244140625,113.19999694824219,111.04393768310547,2232400,0.0,0.0
2025-03-11 00:00:00-04:00,112.75,113.27999877929688,111.55000305175781,112.19000244140625,110.05316925048828,1535400,0.0,0.0
2025-03-12 00:00:00-04:00,110.2300033569336,110.7699966430664,108.55999755859375,109.02999877929688,106.9533462524414,1540400,0.0,0.0
2025-03-13 00:00:00-04:00,109.08999633789062,110.4000015258789,108.69000244140625,109.76000213623047,107.66944885253906,2196900,0.0,0.0
2025-03-14 00:00:00-04:00,108.94999694824219,109.54000091552734,108.16999816894531,109.0999984741211,107.02202606201172,938200,0.0,0.0
2025-03-17 00:00:00-04:00,108.8499984741211,110.23999786376953,108.55999755859375,109.31999969482422,107.23782348632812,1616100,0.0,0.0
2025-03-18 00:00:00-04:00,109.05999755859375,109.19000244140625,107.25,107.37999725341797,105.33478546142578,1207100,0.0,0.0
2025-03-19 00:00:00-04:00,107.22000122070312,108.23999786376953,106.80000305175781,108.02999877929688,105.97240447998047,1413800,0.0,0.0
2025-03-20 00:00:00-04:00,107.98999786376953,108.44000244140625,107.11000061035156,108.06999969482422,106.01163482666016,1391200,0.0,0.0
2025-03-21 00:00:00-04:00,108.3499984741211,109.16999816894531,106.56999969482422,107.1500015258789,105.10916900634766,2538700,0.0,0.0
2025-03-24 00:00:00-04:00,106.80000305175781,107.91999816894531,105.94999694824219,106.9000015258789,104.86392974853516,1424400,0.0,0.0
2025-03-25 00:00:00-04:00,106.87000274658203,107.0999984741211,104.2300033569336,104.7300033569336,102.73526000976562,1084000,0.0,0.0
2025-03-26 00:00:00-04:00,104.83999633789062,106.55000305175781,104.83999633789062,106.30999755859375,104.28515625,1187300,0.0,0.0
2025-03-27 00:00:00-04:00,107.38999938964844,108.54000091552734,106.3499984741211,108.38999938964844,106.32554626464844,1051500,0.0,0.0
2025-03-28 00:00:00-04:00,109.06999969482422,109.48999786376953,108.16000366210938,109.11000061035156,107.03182983398438,1138400,0.0,0.0
2025-03-31 00:00:00-04:00,109.51000213623047,110.22000122070312,108.93000030517578,110.08999633789062,107.99315643310547,3010300,0.0,0.0
2025-04-01 00:00:00-04:00,110.58999633789062,111.0,108.37999725341797,109.47000122070312,107.3849868774414,1518100,0.0,0.0
2025-04-02 00:00:00-04:00,109.6500015258789,110.04000091552734,107.73999786376953,108.31999969482422,106.25687408447266,2056300,0.0,0.0
2025-04-03 00:00:00-04:00,109.77999877929688,112.3499984741211,109.37999725341797,110.76000213623047,108.65040588378906,2597000,0.0,0.0
2025-04-04 00:00:00-04:00,111.68000030517578,113.91000366210938,105.87000274658203,106.08999633789062,104.06935119628906,3154300,0.0,0.0
2025-04-07 00:00:00-04:00,103.61000061035156,106.16999816894531,101.88999938964844,102.55000305175781,100.59677124023438,3061300,0.0,0.0
2025-04-08 00:00:00-04:00,104.0199966430664,104.83999633789062,100.91000366210938,101.5999984741211,99.66487121582031,2387200,0.0,0.0
2025-04-09 00:00:00-04:00,100.83000183105469,104.63999938964844,100.0,101.91000366210938,99.9689712524414,2203300,0.0,0.0
2025-04-10 00:00:00-04:00,102.55999755859375,104.62999725341797,101.23999786376953,103.7699966430664,101.79353332519531,2262700,0.0,0.0
2025-04-11 00:00:00-04:00,103.12000274658203,105.2300033569336,102.05999755859375,104.3499984741211,102.36248779296875,1524300,0.0,0.0
2025-04-14 00:00:00-04:00,104.54000091552734,106.20999908447266,103.16000366210938,105.58000183105469,103.5690689086914,1684300,0.0,0.0
2025-04-15 00:00:00-04:00,106.94999694824219,107.05000305175781,104.25,105.06999969482422,103.06877899169922,2307400,0.0,0.0
2025-04-16 00:00:00-04:00,105.62999725341797,106.12000274658203,102.55999755859375,102.95999908447266,100.99896240234375,1236400,0.0,0.0
2025-04-17 00:00:00-04:00,103.5,105.87000274658203,103.08999633789062,105.37000274658203,103.36306762695312,1704500,0.0,0.0
2025-04-21 00:00:00-04:00,105.0,105.52999877929688,102.37999725341797,103.13999938964844,101.175537109375,2038700,0.0,0.0
2025-04-22 00:00:00-04:00,103.16000366210938,104.20999908447266,101.76000213623047,103.8499984741211,101.87200927734375,2022800,0.0,0.0
2025-04-23 00:00:00-04:00,102.94999694824219,103.62999725341797,100.58000183105469,102.12999725341797,100.18476867675781,2938400,0.0,0.0
2025-04-24 00:00:00-04:00,101.05000305175781,101.55999755859375,99.25,100.20999908447266,98.30134582519531,2662800,0.0,0.0
2025-04-25 00:00:00-04:00,101.08999633789062,101.29000091552734,98.3499984741211,99.30999755859375,97.4184799194336,2777200,0.0,0.0
2025-04-28 00:00:00-04:00,99.16000366210938,99.79000091552734,98.3499984741211,98.80999755859375,96.92800903320312,2754500,0.0,0.0
2025-04-29 00:00:00-04:00,98.18000030517578,99.2699966430664,97.54000091552734,99.01000213623047,97.12419891357422,2568200,0.0,0.0
2025-04-30 00:00:00-04:00,99.98999786376953,100.04000091552734,97.69999694824219,99.33999633789062,97.4478988647461,3142900,0.0,0.0
2025-05-01 00:00:00-04:00,92.98999786376953,93.93000030517578,91.7699966430664,92.37999725341797,90.6204833984375,4640800,0.0,0.0
2025-05-02 00:00:00-04:00,92.75,93.98999786376953,92.30999755859375,92.94000244140625,91.1698226928711,3110400,0.0,0.0
2025-05-05 00:00:00-04:00,93.27999877929688,93.6500015258789,91.91999816894531,92.77999877929688,91.01286315917969,1976900,0.0,0.0
2025-05-06 00:00:00-04:00,91.69000244140625,92.54000091552734,91.08000183105469,92.06999969482422,90.3163833618164,2060500,0.0,0.0
2025-05-07 00:00:00-04:00,92.01000213623047,92.72000122070312,91.55000305175781,91.98999786376953,90.23789978027344,2089300,0.0,0.0
2025-05-08 00:00:00-04:00,91.68000030517578,93.47000122070312,91.44000244140625,92.18000030517578,90.4242935180664,2017500,0.0,0.0
2025-05-09 00:00:00-04:00,91.77999877929688,92.43000030517578,91.44000244140625,91.56999969482422,89.82591247558594,1892500,0.0,0.0
2025-05-12 00:00:00-04:00,91.25,95.44999694824219,90.98999786376953,95.18000030517578,93.36714172363281,3965100,0.0,0.0
2025-05-13 00:00:00-04:00,94.83999633789062,94.93000030517578,93.12000274658203,94.0999984741211,92.30772399902344,3675500,0.0,0.0
2025-05-14 00:00:00-04:00,93.66000366210938,93.83000183105469,92.05000305175781,93.16000366210938,91.38562774658203,2539100,0.0,0.0
2025-05-15 00:00:00-04:00,93.25,94.63999938964844,92.61000061035156,94.55999755859375,93.05361938476562,1908300,0.295,0.0
2025-05-16 00:00:00-04:00,94.63999938964844,95.94000244140625,94.25,95.81999969482422,94.29354858398438,2058100,0.0,0.0
2025-05-19 00:00:00-04:00,95.81999969482422,96.22000122070312,95.33999633789062,95.97000122070312,94.44116973876953,2250000,0.0,0.0
2025-05-20 00:00:00-04:00,95.8499984741211,96.93000030517578,95.62000274658203,96.8499984741211,95.30713653564453,2410500,0.0,0.0
2025-05-21 00:00:00-04:00,96.16999816894531,96.95999908447266,95.45999908447266,95.83000183105469,94.30339813232422,2062800,0.0,0.0
2025-05-22 00:00:00-04:00,95.41000366210938,96.02999877929688,94.47000122070312,95.20999908447266,93.6932601928711,2431000,0.0,0.0
2025-05-23 00:00:00-04:00,95.44999694824219,96.11000061035156,94.66999816894531,95.94000244140625,94.41163635253906,1816000,0.0,0.0
2025-05-27 00:00:00-04:00,96.16000366210938,98.06999969482422,95.93000030517578,97.88999938964844,96.33058166503906,2790000,0.0,0.0
2025-05-28 00:00:00-04:00,98.26000213623047,99.16000366210938,97.75,97.95999908447266,96.39945983886719,2340800,0.0,0.0
2025-05-29 00:00:00-04:00,97.5999984741211,98.87999725341797,97.33000183105469,98.13999938964844,96.57659149169922,2304100,0.0,0.0
2025-05-30 00:00:00-04:00,98.16999816894531,99.1500015258789,97.88999938964844,98.30999755859375,96.74388122558594,4911600,0.0,0.0
2025-06-02 00:00:00-04:00,98.41999816894531,100.22000122070312,97.9000015258789,99.04000091552734,97.4622573852539,2658600,0.0,0.0
2025-06-03 00:00:00-04:00,98.69999694824219,99.94999694824219,97.58999633789062,99.54000091552734,97.95428466796875,3754100,0.0,0.0
2025-06-04 00:00:00-04:00,99.58999633789062,100.69000244140625,98.97000122070312,99.62999725341797,98.04285430908203,2171700,0.0,0.0
2025-06-05 00:00:00-04:00,99.61000061035156,99.61000061035156,98.70999908447266,98.98999786376953,97.41304016113281,1687500,0.0,0.0
2025-06-06 00:00:00-04:00,99.1500015258789,99.83000183105469,98.55999755859375,99.06999969482422,97.49178314208984,1550100,0.0,0.0
2025-06-09 00:00:00-04:00,98.63999938964844,99.5,97.83999633789062,98.70999908447266,97.13751220703125,2143400,0.0,0.0
2025-06-10 00:00:00-04:00,98.7699966430664,99.68000030517578,98.19999694824219,99.36000061035156,97.77716064453125,2152300,0.0,0.0
2025-06-11 00:00:00-04:00,99.19000244140625,99.58000183105469,98.61000061035156,99.0999984741211,97.52130126953125,1409400,0.0,0.0
2025-06-12 00:00:00-04:00,98.98999786376953,99.19999694824219,98.02999877929688,99.08000183105469,97.50162506103516,1730300,0.0,0.0
2025-06-13 00:00:00-04:00,98.5199966430664,99.55000305175781,96.91999816894531,97.08999633789062,95.5433120727539,2129100,0.0,0.0
2025-06-16 00:00:00-04:00,97.44000244140625,98.72000122070312,97.30000305175781,97.79000091552734,96.23217010498047,2117900,0.0,0.0
2025-06-17 00:00:00-04:00,97.0,97.12999725341797,95.86000061035156,96.16000366210938,94.62813568115234,2848400,0.0,0.0
2025-06-18 00:00:00-04:00,95.76000213623047,96.69999694824219,95.70999908447266,95.88999938964844,94.36244201660156,3076900,0.0,0.0
2025-06-20 00:00:00-04:00,95.6500015258789,97.04000091552734,95.37999725341797,96.43000030517578,94.89383697509766,4741900,0.0,0.0
2025-06-23 00:00:00-04:00,96.2300033569336,97.11000061035156,95.5199966430664,96.94999694824219,95.40554809570312,2010100,0.0,0.0
2025-06-24 00:00:00-04:00,96.97000122070312,97.19999694824219,95.66000366210938,96.0199966430664,94.49034881591797,1843000,0.0,0.0
2025-06-25 00:00:00-04:00,95.62999725341797,95.62999725341797,94.51000213623047,95.25,93.73262786865234,2033300,0.0,0.0
2025-06-26 00:00:00-04:00,95.58000183105469,96.18000030517578,94.58000183105469,94.97000122070312,93.45709228515625,2057500,0.0,0.0
2025-06-27 00:00:00-04:00,94.98999786376953,95.5,94.48999786376953,94.77999877929688,93.2701187133789,3093600,0.0,0.0
2025-06-30 00:00:00-04:00,94.6500015258789,96.33999633789062,94.63999938964844,96.11000061035156,94.57892608642578,2824400,0.0,0.0
2025-07-01 00:00:00-04:00,96.2300033569336,98.0199966430664,95.48999786376953,97.63999938964844,96.08455657958984,2415000,0.0,0.0
2025-07-02 00:00:00-04:00,97.69000244140625,98.18000030517578,97.12999725341797,98.02999877929688,96.46834564208984,1608900,0.0,0.0
2025-07-03 00:00:00-04:00,98.26000213623047,98.69000244140625,97.37000274658203,98.41000366210938,96.84230041503906,1204900,0.0,0.0
2025-07-07 00:00:00-04:00,98.31999969482422,98.87000274658203,97.80000305175781,98.58000183105469,97.00958251953125,2389900,0.0,0.0
2025-07-08 00:00:00-04:00,97.9000015258789,98.3499984741211,97.3499984741211,98.04000091552734,96.47818756103516,1723600,0.0,0.0
2025-07-09 00:00:00-04:00,98.05999755859375,98.55000305175781,97.56999969482422,98.38999938964844,96.82261657714844,2472600,0.0,0.0
2025-07-10 00:00:00-04:00,98.38999938964844,99.86000061035156,98.13999938964844,99.08999633789062,97.5114517211914,1603200,0.0,0.0
2025-07-11 00:00:00-04:00,98.70999908447266,99.20999908447266,97.2300033569336,98.05000305175781,96.488037109375,1425800,0.0,0.0
2025-07-14 00:00:00-04:00,97.05000305175781,97.31999969482422,96.12000274658203,97.06999969482422,95.52363586425781,1822900,0.0,0.0
2025-07-15 00:00:00-04:00,96.66999816894531,97.04000091552734,95.45999908447266,95.51000213623047,93.98849487304688,2036900,0.0,0.0
2025-07-16 00:00:00-04:00,95.93000030517578,96.36000061035156,95.27999877929688,96.30999755859375,94.77574157714844,2043500,0.0,0.0
2025-07-17 00:00:00-04:00,97.0999984741211,97.6500015258789,96.37999725341797,97.02999877929688,95.4842758178711,1271000,0.0,0.0
2025-07-18 00:00:00-04:00,96.72000122070312,97.30999755859375,96.18000030517578,96.5999984741211,95.06112670898438,1983000,0.0,0.0
2025-07-21 00:00:00-04:00,96.44999694824219,97.27999877929688,96.16999816894531,96.48999786376953,94.95287322998047,2034600,0.0,0.0
2025-07-22 00:00:00-04:00,96.70999908447266,98.77999877929688,96.68000030517578,98.11000061035156,96.54707336425781,1840600,0.0,0.0
2025-07-23 00:00:00-04:00,98.30000305175781,98.4000015258789,96.7699966430664,97.05999755859375,95.51380157470703,2294200,0.0,0.0
2025-07-24 00:00:00-04:00,97.4800033569336,97.9000015258789,96.91000366210938,97.27999877929688,95.73029327392578,2411900,0.0,0.0
2025-07-25 00:00:00-04:00,97.18000030517578,97.61000061035156,96.05999755859375,97.2300033569336,95.68109130859375,1652700,0.0,0.0
2025-07-28 00:00:00-04:00,96.83000183105469,97.19999694824219,95.58999633789062,95.68000030517578,94.1557846069336,3007100,0.0,0.0
2025-07-29 00:00:00-04:00,95.94000244140625,97.36000061035156,95.33999633789062,96.76000213623047,95.21858215332031,2035000,0.0,0.0
2025-07-30 00:00:00-04:00,96.66999816894531,97.1500015258789,95.41999816894531,95.94999694824219,94.42147827148438,2216800,0.0,0.0
2025-07-31 00:00:00-04:00,95.29000091552734,95.55000305175781,93.30999755859375,93.7699966430664,92.27620697021484,4360100,0.0,0.0
2025-08-01 00:00:00-04:00,93.0,94.37000274658203,92.04000091552734,94.01000213623047,92.51239776611328,4729700,0.0,0.0
2025-08-04 00:00:00-04:00,93.30000305175781,94.16999816894531,91.29000091552734,91.5,90.04237365722656,2882900,0.0,0.0
2025-08-05 00:00:00-04:00,91.16000366210938,92.41999816894531,91.12999725341797,91.13999938964844,89.68810272216797,2475700,0.0,0.0
2025-08-06 00:00:00-04:00,91.12999725341797,92.80000305175781,90.83000183105469,92.5,91.02643585205078,2253400,0.0,0.0
2025-08-07 00:00:00-04:00,92.7699966430664,93.29000091552734,92.0,92.62999725341797,91.15437316894531,1988900,0.0,0.0
2025-08-08 00:00:00-04:00,92.41000366210938,93.05999755859375,90.51000213623047,90.91999816894531,89.47160339355469,1670300,0.0,0.0
2025-08-11 00:00:00-04:00,91.0199966430664,92.0199966430664,90.98999786376953,91.66000366210938,90.1998291015625,2470700,0.0,0.0
2025-08-12 00:00:00-04:00,91.73999786376953,92.29000091552734,91.31999969482422,92.25,90.78042602539062,2308900,0.0,0.0
2025-08-13 00:00:00-04:00,92.1500015258789,94.37999725341797,92.04000091552734,93.69000244140625,92.1974868774414,2390600,0.0,0.0
2025-08-14 00:00:00-04:00,93.19999694824219,93.37999725341797,92.37000274658203,92.5999984741211,91.12484741210938,1588400,0.0,0.0
2025-08-15 00:00:00-04:00,92.88999938964844,93.1500015258789,92.11000061035156,92.4800033569336,91.29761505126953,1962200,0.295,0.0
2025-08-18 00:00:00-04:00,92.62000274658203,94.06999969482422,92.37999725341797,92.80000305175781,91.61351013183594,2252200,0.0,0.0
2025-08-19 00:00:00-04:00,93.05000305175781,94.19999694824219,92.68000030517578,94.05999755859375,92.85740661621094,2275900,0.0,0.0
2025-08-20 00:00:00-04:00,94.54000091552734,95.88999938964844,93.8499984741211,94.91000366210938,93.69654846191406,1741300,0.0,0.0
2025-08-21 00:00:00-04:00,94.52999877929688,95.05000305175781,94.0199966430664,94.95999908447266,93.74589538574219,1778400,0.0,0.0
2025-08-22 00:00:00-04:00,95.38999938964844,95.9800033569336,94.54000091552734,95.0199966430664,93.80512237548828,1717000,0.0,0.0
2025-08-25 00:00:00-04:00,94.73999786376953,95.08000183105469,92.73999786376953,92.75,91.56416320800781,2429100,0.0,0.0
2025-08-26 00:00:00-04:00,92.72000122070312,92.8499984741211,91.69999694824219,92.37999725341797,91.19889068603516,2463800,0.0,0.0
2025-08-27 00:00:00-04:00,92.41999816894531,93.12000274658203,92.41999816894531,93.02999877929688,91.840576171875,1225900,0.0,0.0
2025-08-28 00:00:00-04:00,92.79000091552734,92.95999908447266,91.9000015258789,92.08999633789062,90.91259002685547,1511200,0.0,0.0
2025-08-29 00:00:00-04:00,92.62000274658203,93.38999938964844,92.08999633789062,93.16000366210938,91.96891784667969,1364300,0.0,0.0
2025-09-02 00:00:00-04:00,93.45999908447266,94.02999877929688,92.7300033569336,93.25,92.05776977539062,1971400,0.0,0.0
2025-09-03 00:00:00-04:00,92.8499984741211,93.44000244140625,92.0,93.27999877929688,92.0873794555664,1603400,0.0,0.0
2025-09-04 00:00:00-04:00,93.25,95.41000366210938,93.25,95.2300033569336,94.012451171875,1532900,0.0,0.0
2025-09-05 00:00:00-04:00,94.94999694824219,96.52999877929688,94.88999938964844,95.80000305175781,94.5751724243164,2928400,0.0,0.0
2025-09-08 00:00:00-04:00,95.4000015258789,95.41999816894531,93.98999786376953,94.58000183105469,93.37076568603516,2223300,0.0,0.0
2025-09-09 00:00:00-04:00,94.37000274658203,95.19999694824219,94.02999877929688,94.91000366210938,93.69654846191406,1281100,0.0,0.0
2025-09-10 00:00:00-04:00,94.36000061035156,94.36000061035156,92.23999786376953,93.0,91.81096649169922,1884300,0.0,0.0
2025-09-11 00:00:00-04:00,93.19999694824219,94.66999816894531,93.0199966430664,94.41999816894531,93.21280670166016,1270600,0.0,0.0
2025-09-12 00:00:00-04:00,93.94999694824219,94.51000213623047,92.94000244140625,92.94000244140625,91.7517318725586,1480200,0.0,0.0
2025-09-15 00:00:00-04:00,93.04000091552734,93.27999877929688,91.04000091552734,91.25,90.08333587646484,2270000,0.0,0.0
2025-09-16 00:00:00-04:00,91.25,91.87999725341797,91.19000244140625,91.5199966430664,90.34988403320312,2036800,0.0,0.0
2025-09-17 00:00:00-04:00,91.87000274658203,92.94000244140625,91.62000274658203,92.0,90.82374572753906,1754800,0.0,0.0
2025-09-18 00:00:00-04:00,91.16999816894531,92.43000030517578,91.05000305175781,92.06999969482422,90.89285278320312,1586300,0.0,0.0
2025-09-19 00:00:00-04:00,91.88999938964844,92.0999984741211,90.22000122070312,90.3499984741211,89.19483184814453,4641500,0.0,0.0
2025-09-22 00:00:00-04:00,90.37000274658203,90.55000305175781,86.6500015258789,86.68000030517578,85.57176208496094,3331600,0.0,0.0
2025-09-23 00:00:00-04:00,86.79000091552734,87.5,85.66999816894531,87.19000244140625,86.07524871826172,2570500,0.0,0.0
2025-09-24 00:00:00-04:00,86.88999938964844,87.31999969482422,86.31999969482422,86.86000061035156,85.74946594238281,2264900,0.0,0.0
2025-09-25 00:00:00-04:00,87.54000091552734,87.61000061035156,85.61000061035156,85.83999633789062,84.74250030517578,1817300,0.0,0.0
2025-09-26 00:00:00-04:00,86.08000183105469,86.7699966430664,85.83999633789062,86.69999694824219,85.59149932861328,2198000,0.0,0.0
2025-09-29 00:00:00-04:00,86.4000015258789,86.56999969482422,85.08000183105469,86.16999816894531,85.06828308105469,2676100,0.0,0.0
2025-09-30 00:00:00-04:00,86.0,87.87999725341797,85.79000091552734,87.62999725341797,86.50961303710938,2433200,0.0,0.0
2025-10-01 00:00:00-04:00,87.72000122070312,88.5199966430664,87.08999633789062,87.91999816894531,86.79590606689453,2071400,0.0,0.0
2025-10-02 00:00:00-04:00,87.58999633789062,88.62999725341797,87.26000213623047,88.4000015258789,87.26978302001953,1676300,0.0,0.0
2025-10-03 00:00:00-04:00,88.18000030517578,88.83999633789062,87.76000213623047,87.9000015258789,86.77616882324219,1184800,0.0,0.0
2025-10-06 00:00:00-04:00,87.91999816894531,89.16000366210938,87.73999786376953,88.88999938964844,87.75350952148438,2352000,0.0,0.0
2025-10-07 00:00:00-04:00,88.9000015258789,90.5199966430664,88.2300033569336,90.01000213623047,88.85919189453125,2282100,0.0,0.0
2025-10-08 00:00:00-04:00,89.80999755859375,90.63999938964844,88.69999694824219,88.91999816894531,87.78311920166016,1621400,0.0,0.0
2025-10-09 00:00:00-04:00,88.5999984741211,88.73999786376953,87.52999877929688,87.62000274658203,86.49974822998047,1256300,0.0,0.0
2025-10-10 00:00:00-04:00,87.8499984741211,88.80000305175781,87.30000305175781,87.69999694824219,86.5787124633789,2208900,0.0,0.0
2025-10-13 00:00:00-04:00,86.66000366210938,87.30999755859375,86.08000183105469,86.5199966430664,85.413818359375,2033300,0.0,0.0
2025-10-14 00:00:00-04:00,86.98999786376953,87.18000030517578,86.13999938964844,86.93000030517578,85.81857299804688,1400800,0.0,0.0
2025-10-15 00:00:00-04:00,86.30999755859375,86.87999725341797,86.13999938964844,86.37999725341797,85.27559661865234,1612600,0.0,0.0
2025-10-16 00:00:00-04:00,86.5,87.7300033569336,86.30999755859375,87.25,86.13447570800781,2560800,0.0,0.0
2025-10-17 00:00:00-04:00,87.87000274658203,88.58999633789062,87.27999877929688,88.4800033569336,87.3487548828125,1604900,0.0,0.0
2025-10-20 00:00:00-04:00,88.44999694824219,88.58999633789062,87.0999984741211,88.08000183105469,86.95386505126953,1990900,0.0,0.0
2025-10-21 00:00:00-04:00,87.44999694824219,88.2300033569336,87.11000061035156,87.98999786376953,86.86502075195312,2228500,0.0,0.0
2025-10-22 00:00:00-04:00,88.23999786376953,89.69000244140625,87.83999633789062,88.12000274658203,86.99335479736328,1681000,0.0,0.0
2025-10-23 00:00:00-04:00,88.05999755859375,88.05999755859375,86.19999694824219,86.70999908447266,85.60137939453125,1869900,0.0,0.0
2025-10-24 00:00:00-04:00,87.7300033569336,88.5,85.66999816894531,85.88999938964844,84.7918701171875,2268300,0.0,0.0
2025-10-27 00:00:00-04:00,85.69999694824219,86.0999984741211,85.12999725341797,85.63999938964844,84.54505920410156,2139700,0.0,0.0
2025-10-28 00:00:00-04:00,85.4000015258789,85.69000244140625,84.25,84.26000213623047,83.18270874023438,1898100,0.0,0.0
2025-10-29 00:00:00-04:00,83.73999786376953,83.80999755859375,81.69000244140625,81.83999633789062,80.79364776611328,2518900,0.0,0.0
2025-10-30 00:00:00-04:00,82.4800033569336,83.43000030517578,81.33000183105469,81.80000305175781,80.75416564941406,4243600,0.0,0.0
2025-10-31 00:00:00-04:00,86.97000122070312,88.18000030517578,84.01000213623047,87.69000244140625,86.56885528564453,6606000,0.0,0.0
2025-11-03 00:00:00-05:00,87.37000274658203,87.47000122070312,84.6500015258789,86.27999877929688,85.17687225341797,3685000,0.0,0.0
2025-11-04 00:00:00-05:00,86.66999816894531,86.77999877929688,85.37000274658203,86.5999984741211,85.49278259277344,2366900,0.0,0.0
2025-11-05 00:00:00-05:00,86.33000183105469,86.70999908447266,85.93000030517578,86.66999816894531,85.5618896484375,1991900,0.0,0.0
2025-11-06 00:00:00-05:00,86.20999908447266,87.44000244140625,86.12000274658203,86.20999908447266,85.10777282714844,1344800,0.0,0.0
2025-11-07 00:00:00-05:00,86.83999633789062,87.45999908447266,86.0999984741211,86.86000061035156,85.74946594238281,2504900,0.0,0.0
2025-11-10 00:00:00-05:00,86.11000061035156,86.47000122070312,84.0999984741211,84.63999938964844,83.55784606933594,2799000,0.0,0.0
2025-11-11 00:00:00-05:00,85.08000183105469,86.1500015258789,84.75,85.51000213623047,84.4167251586914,1970400,0.0,0.0
2025-11-12 00:00:00-05:00,85.12999725341797,86.01000213623047,84.66000366210938,85.37999725341797,84.28839111328125,2113500,0.0,0.0
2025-11-13 00:00:00-05:00,85.95999908447266,85.97000122070312,84.88999938964844,84.94000244140625,83.85400390625,1962300,0.0,0.0
2025-11-14 00:00:00-05:00,85.05999755859375,85.48999786376953,83.93000030517578,84.0999984741211,83.3141098022461,2473200,0.295,0.0
2025-11-17 00:00:00-05:00,83.72000122070312,84.12999725341797,82.9800033569336,83.0199966430664,82.24419403076172,2284000,0.0,0.0
2025-11-18 00:00:00-05:00,83.37000274658203,83.9000015258789,82.4800033569336,82.88999938964844,82.11541748046875,2422500,0.0,0.0
2025-11-19 00:00:00-05:00,83.01000213623047,83.38999938964844,82.29000091552734,82.5199966430664,81.74886322021484,1786100,0.0,0.0
2025-11-20 00:00:00-05:00,82.0,83.80999755859375,81.80000305175781,83.33999633789062,82.56120300292969,2287100,0.0,0.0
2025-11-21 00:00:00-05:00,83.76000213623047,85.11000061035156,83.23999786376953,84.0199966430664,83.23484802246094,3073700,0.0,0.0
2025-11-24 00:00:00-05:00,83.75,83.95999908447266,82.30000305175781,82.73999786376953,81.96681213378906,4216000,0.0,0.0
2025-11-25 00:00:00-05:00,82.88999938964844,84.30000305175781,82.88999938964844,84.16000366210938,83.37354278564453,2312300,0.0,0.0
2025-11-26 00:00:00-05:00,83.72000122070312,84.86000061035156,83.56999969482422,84.55000305175781,83.75990295410156,1906600,0.0,0.0
2025-11-28 00:00:00-05:00,84.29000091552734,85.30000305175781,84.20999908447266,85.16000366210938,84.36420440673828,1054000,0.0,0.0
2025-12-01 00:00:00-05:00,84.87999725341797,85.11000061035156,84.19999694824219,84.58000183105469,83.78961944580078,2746600,0.0,0.0
2025-12-02 00:00:00-05:00,83.9000015258789,84.47000122070312,82.97000122070312,83.54000091552734,82.75933837890625,3269400,0.0,0.0
2025-12-03 00:00:00-05:00,83.66999816894531,84.86000061035156,83.47000122070312,83.91000366210938,83.1258773803711,1884100,0.0,0.0
2025-12-04 00:00:00-05:00,83.91000366210938,84.3499984741211,83.37000274658203,83.94999694824219,83.1655044555664,2155600,0.0,0.0
2025-12-05 00:00:00-05:00,83.72000122070312,84.9000015258789,83.51000213623047,84.5199966430664,83.73017883300781,2645900,0.0,0.0
2025-12-08 00:00:00-05:00,83.77999877929688,84.13999938964844,81.48999786376953,81.5999984741211,80.83746337890625,3288700,0.0,0.0
2025-12-09 00:00:00-05:00,81.61000061035156,83.83999633789062,81.61000061035156,82.62999725341797,81.85784149169922,3726800,0.0,0.0
2025-12-10 00:00:00-05:00,83.0999984741211,85.05000305175781,82.93000030517578,83.30999755859375,82.53147888183594,4126500,0.0,0.0
2025-12-11 00:00:00-05:00,83.83000183105469,84.23999786376953,83.12999725341797,83.56999969482422,82.78905487060547,2797300,0.0,0.0
2025-12-12 00:00:00-05:00,83.76000213623047,85.31999969482422,83.43000030517578,84.61000061035156,83.8193359375,2414500,0.0,0.0
2025-12-15 00:00:00-05:00,84.88999938964844,85.29000091552734,84.6500015258789,85.01000213623047,84.2155990600586,2739700,0.0,0.0
2025-12-16 00:00:00-05:00,85.29000091552734,85.48999786376953,83.87999725341797,84.55000305175781,83.75990295410156,2213500,0.0,0.0
2025-12-17 00:00:00-05:00,85.93000030517578,87.7699966430664,85.83999633789062,86.5199966430664,85.71149444580078,2295700,0.0,0.0
2025-12-18 00:00:00-05:00,86.23999786376953,86.9000015258789,85.05000305175781,85.06999969482422,84.27503967285156,2610800,0.0,0.0
2025-12-19 00:00:00-05:00,85.12999725341797,85.23999786376953,84.38999938964844,85.08000183105469,84.28495025634766,4448100,0.0,0.0
2025-12-22 00:00:00-05:00,84.20999908447266,84.75,83.88999938964844,84.23999786376953,83.45278930664062,2048400,0.0,0.0
2025-12-23 00:00:00-05:00,84.08999633789062,85.44000244140625,83.88999938964844,85.25,84.45335388183594,1544300,0.0,0.0
2025-12-24 00:00:00-05:00,85.12999725341797,85.58999633789062,85.01000213623047,85.45999908447266,84.6613998413086,516200,0.0,0.0
2025-12-26 00:00:00-05:00,85.41000366210938,86.04000091552734,85.05000305175781,85.38999938964844,84.59205627441406,928000,0.0,0.0
2025-12-29 00:00:00-05:00,85.58999633789062,85.7300033569336,85.22000122070312,85.33999633789062,84.54251098632812,1778500,0.0,0.0
2025-12-30 00:00:00-05:00,85.12000274658203,85.13999938964844,84.30999755859375,84.44000244140625,83.65092468261719,1381500,0.0,0.0
