Date,Open,High,Low,Close,Adj Close,Volume,Dividends,Stock Splits
2022-01-03 00:00:00-05:00,100.11000061035156,100.69000244140625,96.44000244140625,97.4000015258789,97.4000015258789,213800,0.0,0.0
2022-01-04 00:00:00-05:00,97.79000091552734,99.87000274658203,97.79000091552734,98.83000183105469,98.83000183105469,334400,0.0,0.0
2022-01-05 00:00:00-05:00,99.36000061035156,99.91000366210938,96.7699966430664,96.80000305175781,96.80000305175781,301100,0.0,0.0
2022-01-06 00:00:00-05:00,97.27999877929688,97.87000274658203,96.19999694824219,96.7699966430664,96.7699966430664,251800,0.0,0.0
2022-01-07 00:00:00-05:00,96.88999938964844,97.27999877929688,94.75,95.81999969482422,95.81999969482422,300400,0.0,0.0
2022-01-10 00:00:00-05:00,96.93000030517578,101.37000274658203,96.93000030517578,99.5,99.5,908600,0.0,0.0
2022-01-11 00:00:00-05:00,99.9000015258789,100.11000061035156,97.23999786376953,99.12000274658203,99.12000274658203,357700,0.0,0.0
2022-01-12 00:00:00-05:00,99.04000091552734,101.13999938964844,98.41999816894531,98.4800033569336,98.4800033569336,254500,0.0,0.0
2022-01-13 00:00:00-05:00,98.4800033569336,99.20999908447266,97.55000305175781,97.88999938964844,97.88999938964844,245100,0.0,0.0
2022-01-14 00:00:00-05:00,97.19000244140625,97.97000122070312,95.47000122070312,96.52999877929688,96.52999877929688,209400,0.0,0.0
2022-01-18 00:00:00-05:00,95.63999938964844,95.79000091552734,94.38999938964844,95.08999633789062,95.08999633789062,264900,0.0,0.0
2022-01-19 00:00:00-05:00,95.80000305175781,96.51000213623047,94.87999725341797,95.16999816894531,95.16999816894531,214200,0.0,0.0
2022-01-20 00:00:00-05:00,95.18000030517578,96.88999938964844,94.0199966430664,94.18000030517578,94.18000030517578,384100,0.0,0.0
2022-01-21 00:00:00-05:00,93.62000274658203,95.5199966430664,92.73999786376953,93.1500015258789,93.1500015258789,348600,0.0,0.0
2022-01-24 00:00:00-05:00,90.68000030517578,95.06999969482422,90.05999755859375,94.80000305175781,94.80000305175781,346800,0.0,0.0
2022-01-25 00:00:00-05:00,93.79000091552734,93.79000091552734,89.86000061035156,91.30999755859375,91.30999755859375,566400,0.0,0.0
2022-01-26 00:00:00-05:00,92.30000305175781,94.41000366210938,90.22000122070312,91.05999755859375,91.05999755859375,292600,0.0,0.0
2022-01-27 00:00:00-05:00,91.83000183105469,92.80999755859375,88.3499984741211,88.83000183105469,88.83000183105469,305700,0.0,0.0
2022-01-28 00:00:00-05:00,88.7300033569336,91.0,87.11000061035156,90.91999816894531,90.91999816894531,211900,0.0,0.0
2022-01-31 00:00:00-05:00,90.27999877929688,92.61000061035156,90.12999725341797,92.55000305175781,92.55000305175781,361700,0.0,0.0
2022-02-01 00:00:00-05:00,93.08999633789062,94.02999877929688,91.80000305175781,93.3499984741211,93.3499984741211,224300,0.0,0.0
2022-02-02 00:00:00-05:00,92.69999694824219,94.06999969482422,92.27999877929688,93.16999816894531,93.16999816894531,303200,0.0,0.0
2022-02-03 00:00:00-05:00,92.0,93.4800033569336,90.97000122070312,91.2300033569336,91.2300033569336,180400,0.0,0.0
2022-02-04 00:00:00-05:00,90.4800033569336,92.06999969482422,90.13999938964844,91.19000244140625,91.19000244140625,137800,0.0,0.0
2022-02-07 00:00:00-05:00,91.37000274658203,92.87000274658203,91.1500015258789,91.75,91.75,161700,0.0,0.0
2022-02-08 00:00:00-05:00,92.16999816894531,93.69000244140625,91.97000122070312,93.3499984741211,93.3499984741211,158700,0.0,0.0
2022-02-09 00:00:00-05:00,95.91999816894531,98.88999938964844,95.91000366210938,97.26000213623047,97.26000213623047,539700,0.0,0.0
2022-02-10 00:00:00-05:00,95.5,98.43000030517578,95.05999755859375,95.4000015258789,95.4000015258789,687500,0.0,0.0
2022-02-11 00:00:00-05:00,95.02999877929688,96.68000030517578,93.56999969482422,94.41999816894531,94.41999816894531,327800,0.0,0.0
2022-02-14 00:00:00-05:00,94.48999786376953,95.43000030517578,93.7699966430664,94.9000015258789,94.9000015258789,1073900,0.0,0.0
2022-02-15 00:00:00-05:00,95.69000244140625,96.69999694824219,94.58999633789062,96.2699966430664,96.2699966430664,193600,0.0,0.0
2022-02-16 00:00:00-05:00,95.76000213623047,97.6500015258789,95.0,97.25,97.25,999500,0.0,0.0
2022-02-17 00:00:00-05:00,96.31999969482422,97.31999969482422,95.45999908447266,95.48999786376953,95.48999786376953,194600,0.0,0.0
2022-02-18 00:00:00-05:00,95.26000213623047,96.51000213623047,94.37999725341797,95.52999877929688,95.52999877929688,245300,0.0,0.0
2022-02-22 00:00:00-05:00,93.80999755859375,95.0,92.87000274658203,93.1500015258789,93.1500015258789,483700,0.0,0.0
2022-02-23 00:00:00-05:00,97.5,102.0,92.68000030517578,93.16000366210938,93.16000366210938,1096800,0.0,0.0
2022-02-24 00:00:00-05:00,90.48999786376953,91.43000030517578,88.80000305175781,91.22000122070312,91.22000122070312,562900,0.0,0.0
2022-02-25 00:00:00-05:00,91.80000305175781,97.2300033569336,91.05000305175781,96.95999908447266,96.95999908447266,729100,0.0,0.0
2022-02-28 00:00:00-05:00,95.56999969482422,98.19000244140625,93.98999786376953,95.43000030517578,95.43000030517578,578200,0.0,0.0
2022-03-01 00:00:00-05:00,95.5,96.70999908447266,93.41000366210938,94.4000015258789,94.4000015258789,472800,0.0,0.0
2022-03-02 00:00:00-05:00,95.33999633789062,100.05999755859375,95.20999908447266,99.16999816894531,99.16999816894531,501400,0.0,0.0
2022-03-03 00:00:00-05:00,100.37000274658203,101.62000274658203,99.66000366210938,100.88999938964844,100.88999938964844,336300,0.0,0.0
2022-03-04 00:00:00-05:00,99.52999877929688,100.2699966430664,98.41000366210938,99.58999633789062,99.58999633789062,351200,0.0,0.0
2022-03-07 00:00:00-05:00,99.4800033569336,100.76000213623047,97.11000061035156,97.88999938964844,97.88999938964844,560700,0.0,0.0
2022-03-08 00:00:00-05:00,97.75,102.73999786376953,96.4000015258789,101.0,101.0,1156900,0.0,0.0
2022-03-09 00:00:00-05:00,103.76000213623047,106.9000015258789,102.62999725341797,104.02999877929688,104.02999877929688,840100,0.0,0.0
2022-03-10 00:00:00-05:00,102.25,106.12999725341797,102.0199966430664,105.94999694824219,105.94999694824219,485800,0.0,0.0
2022-03-11 00:00:00-05:00,106.52999877929688,109.4800033569336,105.55999755859375,105.66999816894531,105.66999816894531,603600,0.0,0.0
2022-03-14 00:00:00-04:00,105.83999633789062,107.30000305175781,104.55000305175781,106.9800033569336,106.9800033569336,368500,0.0,0.0
2022-03-15 00:00:00-04:00,107.62000274658203,108.51000213623047,104.94000244140625,105.7699966430664,105.7699966430664,485500,0.0,0.0
2022-03-16 00:00:00-04:00,106.51000213623047,108.98999786376953,105.37000274658203,107.76000213623047,107.76000213623047,567600,0.0,0.0
2022-03-17 00:00:00-04:00,107.55999755859375,110.63999938964844,106.69999694824219,110.47000122070312,110.47000122070312,708000,0.0,0.0
2022-03-18 00:00:00-04:00,109.83000183105469,110.66999816894531,108.63999938964844,108.80000305175781,108.80000305175781,683000,0.0,0.0
2022-03-21 00:00:00-04:00,109.0,110.38999938964844,107.55000305175781,108.19999694824219,108.19999694824219,1287600,0.0,0.0
2022-03-22 00:00:00-04:00,108.27999877929688,109.02999877929688,107.11000061035156,107.44000244140625,107.44000244140625,631700,0.0,0.0
2022-03-23 00:00:00-04:00,106.26000213623047,107.31999969482422,105.6500015258789,105.7699966430664,105.7699966430664,369700,0.0,0.0
2022-03-24 00:00:00-04:00,106.20999908447266,107.48999786376953,105.68000030517578,105.7699966430664,105.7699966430664,595500,0.0,0.0
2022-03-25 00:00:00-04:00,106.16000366210938,107.38999938964844,105.8499984741211,107.37000274658203,107.37000274658203,702100,0.0,0.0
2022-03-28 00:00:00-04:00,107.69999694824219,109.62000274658203,107.68000030517578,107.76000213623047,107.76000213623047,359400,0.0,0.0
2022-03-29 00:00:00-04:00,109.26000213623047,112.16999816894531,108.38999938964844,111.38999938964844,111.38999938964844,542500,0.0,0.0
2022-03-30 00:00:00-04:00,112.11000061035156,112.91999816894531,110.56999969482422,112.5999984741211,112.5999984741211,460600,0.0,0.0
2022-03-31 00:00:00-04:00,112.2300033569336,113.70999908447266,111.62999725341797,111.63999938964844,111.63999938964844,378600,0.0,0.0
2022-04-01 00:00:00-04:00,112.08000183105469,115.0,112.05999755859375,112.93000030517578,112.93000030517578,538200,0.0,0.0
2022-04-04 00:00:00-04:00,112.27999877929688,113.37000274658203,109.2699966430664,110.41999816894531,110.41999816894531,578200,0.0,0.0
2022-04-05 00:00:00-04:00,112.4000015258789,113.5,110.70999908447266,110.93000030517578,110.93000030517578,640000,0.0,0.0
2022-04-06 00:00:00-04:00,110.19000244140625,111.0999984741211,108.66000366210938,109.91999816894531,109.91999816894531,699900,0.0,0.0
2022-04-07 00:00:00-04:00,109.30000305175781,110.19999694824219,108.33999633789062,109.05999755859375,109.05999755859375,658800,0.0,0.0
2022-04-08 00:00:00-04:00,109.23999786376953,110.69999694824219,108.72000122070312,109.05000305175781,109.05000305175781,419000,0.0,0.0
2022-04-11 00:00:00-04:00,108.58999633789062,110.05999755859375,107.55999755859375,108.11000061035156,108.11000061035156,324900,0.0,0.0
2022-04-12 00:00:00-04:00,108.51000213623047,109.66000366210938,107.19000244140625,107.55999755859375,107.55999755859375,221900,0.0,0.0
2022-04-13 00:00:00-04:00,107.30000305175781,108.72000122070312,106.83000183105469,108.33000183105469,108.33000183105469,222400,0.0,0.0
2022-04-14 00:00:00-04:00,108.41000366210938,109.69000244140625,107.58999633789062,107.86000061035156,107.86000061035156,252900,0.0,0.0
2022-04-18 00:00:00-04:00,107.55000305175781,108.66999816894531,106.91999816894531,107.58999633789062,107.58999633789062,163400,0.0,0.0
2022-04-19 00:00:00-04:00,107.88999938964844,109.5199966430664,107.8499984741211,109.44999694824219,109.44999694824219,239800,0.0,0.0
2022-04-20 00:00:00-04:00,109.91000366210938,111.47000122070312,109.56999969482422,110.05999755859375,110.05999755859375,270000,0.0,0.0
2022-04-21 00:00:00-04:00,111.43000030517578,112.19000244140625,108.5199966430664,108.7699966430664,108.7699966430664,170100,0.0,0.0
2022-04-22 00:00:00-04:00,108.66000366210938,108.66000366210938,106.0199966430664,106.05999755859375,106.05999755859375,247500,0.0,0.0
2022-04-25 00:00:00-04:00,105.70999908447266,106.08000183105469,103.1500015258789,104.38999938964844,104.38999938964844,303900,0.0,0.0
2022-04-26 00:00:00-04:00,104.2300033569336,105.66000366210938,103.16999816894531,103.20999908447266,103.20999908447266,241800,0.0,0.0
2022-04-27 00:00:00-04:00,103.73999786376953,105.8499984741211,103.23999786376953,104.75,104.75,228100,0.0,0.0
2022-04-28 00:00:00-04:00,105.5999984741211,106.97000122070312,103.98999786376953,106.22000122070312,106.22000122070312,682500,0.0,0.0
2022-04-29 00:00:00-04:00,106.16999816894531,107.43000030517578,104.48999786376953,104.93000030517578,104.93000030517578,513500,0.0,0.0
2022-05-02 00:00:00-04:00,104.37999725341797,105.0199966430664,99.66000366210938,101.0199966430664,101.0199966430664,779900,0.0,0.0
2022-05-03 00:00:00-04:00,101.83000183105469,104.61000061035156,101.83000183105469,102.94999694824219,102.94999694824219,573800,0.0,0.0
2022-05-04 00:00:00-04:00,99.37000274658203,101.69000244140625,95.04000091552734,98.44999694824219,98.44999694824219,691200,0.0,0.0
2022-05-05 00:00:00-04:00,98.2300033569336,99.37000274658203,94.83999633789062,96.08000183105469,96.08000183105469,587400,0.0,0.0
2022-05-06 00:00:00-04:00,95.27999877929688,97.06999969482422,94.7300033569336,96.43000030517578,96.43000030517578,470700,0.0,0.0
2022-05-09 00:00:00-04:00,95.44000244140625,96.27999877929688,89.4800033569336,89.98999786376953,89.98999786376953,565100,0.0,0.0
2022-05-10 00:00:00-04:00,90.48999786376953,92.55999755859375,89.18000030517578,91.08999633789062,91.08999633789062,591800,0.0,0.0
2022-05-11 00:00:00-04:00,90.27999877929688,92.4800033569336,87.91999816894531,88.05999755859375,88.05999755859375,382300,0.0,0.0
2022-05-12 00:00:00-04:00,87.25,89.04000091552734,85.66999816894531,88.25,88.25,705200,0.0,0.0
2022-05-13 00:00:00-04:00,89.56999969482422,91.58999633789062,88.55999755859375,90.8499984741211,90.8499984741211,278100,0.0,0.0
2022-05-16 00:00:00-04:00,89.72000122070312,91.66000366210938,89.27999877929688,90.7699966430664,90.7699966430664,220200,0.0,0.0
2022-05-17 00:00:00-04:00,91.55000305175781,92.44000244140625,90.91000366210938,91.38999938964844,91.38999938964844,392100,0.0,0.0
2022-05-18 00:00:00-04:00,90.8499984741211,91.1500015258789,88.55999755859375,88.75,88.75,333300,0.0,0.0
2022-05-19 00:00:00-04:00,87.69999694824219,91.55999755859375,87.31999969482422,90.43000030517578,90.43000030517578,607400,0.0,0.0
2022-05-20 00:00:00-04:00,90.7300033569336,91.11000061035156,88.0199966430664,90.36000061035156,90.36000061035156,410300,0.0,0.0
2022-05-23 00:00:00-04:00,90.9000015258789,91.80999755859375,89.48999786376953,91.0999984741211,91.0999984741211,278300,0.0,0.0
2022-05-24 00:00:00-04:00,90.61000061035156,90.83000183105469,88.5,89.23999786376953,89.23999786376953,269900,0.0,0.0
2022-05-25 00:00:00-04:00,88.9000015258789,90.0199966430664,87.61000061035156,88.72000122070312,88.72000122070312,457400,0.0,0.0
2022-05-26 00:00:00-04:00,89.58999633789062,91.58999633789062,89.25,90.7699966430664,90.7699966430664,492500,0.0,0.0
2022-05-27 00:00:00-04:00,91.54000091552734,93.69000244140625,91.37000274658203,93.44000244140625,93.44000244140625,414100,0.0,0.0
2022-05-31 00:00:00-04:00,93.13999938964844,93.83999633789062,91.66000366210938,93.4000015258789,93.4000015258789,492000,0.0,0.0
2022-06-01 00:00:00-04:00,93.80999755859375,95.33000183105469,92.29000091552734,94.95999908447266,94.95999908447266,517500,0.0,0.0
2022-06-02 00:00:00-04:00,95.05000305175781,96.16999816894531,93.66999816894531,95.86000061035156,95.86000061035156,238900,0.0,0.0
2022-06-03 00:00:00-04:00,94.79000091552734,96.7300033569336,94.54000091552734,96.4800033569336,96.4800033569336,191800,0.0,0.0
2022-06-06 00:00:00-04:00,97.80000305175781,97.80000305175781,96.20999908447266,96.30000305175781,96.30000305175781,275500,0.0,0.0
2022-06-07 00:00:00-04:00,95.7300033569336,99.94999694824219,95.45999908447266,99.93000030517578,99.93000030517578,387700,0.0,0.0
2022-06-08 00:00:00-04:00,99.19999694824219,100.1500015258789,96.43000030517578,96.7699966430664,96.7699966430664,317900,0.0,0.0
2022-06-09 00:00:00-04:00,96.7699966430664,96.77999877929688,94.16999816894531,94.22000122070312,94.22000122070312,198100,0.0,0.0
2022-06-10 00:00:00-04:00,92.69999694824219,93.12000274658203,90.31999969482422,90.88999938964844,90.88999938964844,242600,0.0,0.0
2022-06-13 00:00:00-04:00,88.70999908447266,89.13999938964844,87.37000274658203,87.95999908447266,87.95999908447266,425100,0.0,0.0
2022-06-14 00:00:00-04:00,88.1500015258789,88.63999938964844,86.58999633789062,87.4000015258789,87.4000015258789,283600,0.0,0.0
2022-06-15 00:00:00-04:00,88.08999633789062,88.55999755859375,85.38999938964844,86.75,86.75,320400,0.0,0.0
2022-06-16 00:00:00-04:00,84.98999786376953,85.11000061035156,81.55999755859375,82.86000061035156,82.86000061035156,460100,0.0,0.0
2022-06-17 00:00:00-04:00,82.5999984741211,84.19999694824219,81.94000244140625,83.04000091552734,83.04000091552734,445800,0.0,0.0
2022-06-21 00:00:00-04:00,83.5999984741211,85.02999877929688,82.6500015258789,84.08999633789062,84.08999633789062,388500,0.0,0.0
2022-06-22 00:00:00-04:00,82.9800033569336,84.55000305175781,82.12999725341797,83.55000305175781,83.55000305175781,220100,0.0,0.0
2022-06-23 00:00:00-04:00,83.55999755859375,83.83999633789062,82.61000061035156,83.41000366210938,83.41000366210938,173000,0.0,0.0
2022-06-24 00:00:00-04:00,84.26000213623047,87.08000183105469,84.25,86.91999816894531,86.91999816894531,570000,0.0,0.0
2022-06-27 00:00:00-04:00,87.1500015258789,87.55000305175781,86.5,87.0,87.0,248000,0.0,0.0
2022-06-28 00:00:00-04:00,87.4800033569336,88.8499984741211,87.29000091552734,87.80000305175781,87.80000305175781,284300,0.0,0.0
2022-06-29 00:00:00-04:00,88.29000091552734,88.47000122070312,85.97000122070312,87.58000183105469,87.58000183105469,173500,0.0,0.0
2022-06-30 00:00:00-04:00,86.18000030517578,88.11000061035156,85.72000122070312,87.66999816894531,87.66999816894531,248600,0.0,0.0
2022-07-01 00:00:00-04:00,87.83000183105469,90.37000274658203,87.55999755859375,90.31999969482422,90.31999969482422,238100,0.0,0.0
2022-07-05 00:00:00-04:00,88.73999786376953,88.73999786376953,85.94999694824219,87.06999969482422,87.06999969482422,367600,0.0,0.0
2022-07-06 00:00:00-04:00,87.16999816894531,88.48999786376953,86.16999816894531,86.43000030517578,86.43000030517578,351600,0.0,0.0
2022-07-07 00:00:00-04:00,86.94999694824219,88.51000213623047,86.94999694824219,87.51000213623047,87.51000213623047,293800,0.0,0.0
2022-07-08 00:00:00-04:00,87.5,89.0,87.25,88.30999755859375,88.30999755859375,225600,0.0,0.0
2022-07-11 00:00:00-04:00,87.0199966430664,88.44999694824219,86.91999816894531,87.30000305175781,87.30000305175781,135800,0.0,0.0
2022-07-12 00:00:00-04:00,86.7300033569336,87.61000061035156,85.2300033569336,85.45999908447266,85.45999908447266,257000,0.0,0.0
2022-07-13 00:00:00-04:00,84.87999725341797,86.2300033569336,84.51000213623047,85.61000061035156,85.61000061035156,170700,0.0,0.0
2022-07-14 00:00:00-04:00,84.55000305175781,85.79000091552734,83.55999755859375,85.52999877929688,85.52999877929688,182600,0.0,0.0
2022-07-15 00:00:00-04:00,86.5199966430664,87.06999969482422,85.45999908447266,86.76000213623047,86.76000213623047,188000,0.0,0.0
2022-07-18 00:00:00-04:00,87.87000274658203,88.4800033569336,86.02999877929688,86.43000030517578,86.43000030517578,186800,0.0,0.0
2022-07-19 00:00:00-04:00,87.2300033569336,90.33000183105469,87.02999877929688,90.06999969482422,90.06999969482422,176800,0.0,0.0
2022-07-20 00:00:00-04:00,90.1500015258789,91.8499984741211,89.36000061035156,91.63999938964844,91.63999938964844,216000,0.0,0.0
2022-07-21 00:00:00-04:00,91.44999694824219,92.3499984741211,91.04000091552734,92.2699966430664,92.2699966430664,173600,0.0,0.0
2022-07-22 00:00:00-04:00,92.16000366210938,93.25,90.9800033569336,91.54000091552734,91.54000091552734,168700,0.0,0.0
2022-07-25 00:00:00-04:00,91.73999786376953,92.5199966430664,91.04000091552734,92.23999786376953,92.23999786376953,211800,0.0,0.0
2022-07-26 00:00:00-04:00,91.66999816894531,92.22000122070312,90.80000305175781,91.9000015258789,91.9000015258789,243700,0.0,0.0
2022-07-27 00:00:00-04:00,92.38999938964844,94.30999755859375,91.52999877929688,93.79000091552734,93.79000091552734,179300,0.0,0.0
2022-07-28 00:00:00-04:00,94.19999694824219,96.77999877929688,94.02999877929688,96.43000030517578,96.43000030517578,197600,0.0,0.0
2022-07-29 00:00:00-04:00,96.80000305175781,98.37000274658203,96.37999725341797,97.58999633789062,97.58999633789062,326800,0.0,0.0
2022-08-01 00:00:00-04:00,96.7699966430664,98.37999725341797,95.48999786376953,97.73999786376953,97.73999786376953,273100,0.0,0.0
2022-08-02 00:00:00-04:00,97.72000122070312,99.13999938964844,96.9000015258789,98.2300033569336,98.2300033569336,547600,0.0,0.0
2022-08-03 00:00:00-04:00,106.41000366210938,110.63999938964844,105.62999725341797,108.1500015258789,108.1500015258789,821300,0.0,0.0
2022-08-04 00:00:00-04:00,109.94999694824219,112.3499984741211,106.4800033569336,106.91999816894531,106.91999816894531,836200,0.0,0.0
2022-08-05 00:00:00-04:00,106.11000061035156,110.0999984741211,106.05000305175781,110.08999633789062,110.08999633789062,474800,0.0,0.0
2022-08-08 00:00:00-04:00,111.0,113.19000244140625,111.0,111.73999786376953,111.73999786376953,451800,0.0,0.0
2022-08-09 00:00:00-04:00,111.95999908447266,112.08000183105469,108.91000366210938,109.69000244140625,109.69000244140625,327600,0.0,0.0
2022-08-10 00:00:00-04:00,111.0999984741211,113.0999984741211,110.81999969482422,112.6500015258789,112.6500015258789,439900,0.0,0.0
2022-08-11 00:00:00-04:00,114.20999908447266,115.87000274658203,113.19999694824219,114.9800033569336,114.9800033569336,435100,0.0,0.0
2022-08-12 00:00:00-04:00,116.2300033569336,118.91999816894531,114.80999755859375,118.79000091552734,118.79000091552734,684400,0.0,0.0
2022-08-15 00:00:00-04:00,118.11000061035156,118.33000183105469,115.87000274658203,116.33000183105469,116.33000183105469,337100,0.0,0.0
2022-08-16 00:00:00-04:00,115.0199966430664,118.16000366210938,115.0199966430664,118.12999725341797,118.12999725341797,275600,0.0,0.0
2022-08-17 00:00:00-04:00,116.68000030517578,118.0,116.68000030517578,117.4800033569336,117.4800033569336,225100,0.0,0.0
2022-08-18 00:00:00-04:00,117.37000274658203,118.38999938964844,116.80000305175781,118.22000122070312,118.22000122070312,230300,0.0,0.0
2022-08-19 00:00:00-04:00,117.55000305175781,117.63999938964844,116.16000366210938,117.04000091552734,117.04000091552734,193000,0.0,0.0
2022-08-22 00:00:00-04:00,114.97000122070312,116.1500015258789,114.23999786376953,115.01000213623047,115.01000213623047,250500,0.0,0.0
2022-08-23 00:00:00-04:00,115.2300033569336,117.9000015258789,114.5,117.31999969482422,117.31999969482422,380500,0.0,0.0
2022-08-24 00:00:00-04:00,117.69999694824219,122.81999969482422,117.37999725341797,122.27999877929688,122.27999877929688,643100,0.0,0.0
2022-08-25 00:00:00-04:00,122.80000305175781,124.33000183105469,121.5999984741211,122.33999633789062,122.33999633789062,361100,0.0,0.0
2022-08-26 00:00:00-04:00,122.36000061035156,122.56999969482422,118.76000213623047,118.94999694824219,118.94999694824219,294000,0.0,0.0
2022-08-29 00:00:00-04:00,117.77999877929688,120.33000183105469,117.27999877929688,119.02999877929688,119.02999877929688,234200,0.0,0.0
2022-08-30 00:00:00-04:00,119.44999694824219,119.66999816894531,116.41000366210938,117.7300033569336,117.7300033569336,198300,0.0,0.0
2022-08-31 00:00:00-04:00,117.69999694824219,118.88999938964844,117.19000244140625,117.41999816894531,117.41999816894531,283200,0.0,0.0
2022-09-01 00:00:00-04:00,116.5199966430664,118.12000274658203,115.1500015258789,116.51000213623047,116.51000213623047,380300,0.0,0.0
2022-09-02 00:00:00-04:00,118.7699966430664,120.13999938964844,116.18000030517578,116.77999877929688,116.77999877929688,282800,0.0,0.0
2022-09-06 00:00:00-04:00,116.75,117.56999969482422,115.26000213623047,116.31999969482422,116.31999969482422,264600,0.0,0.0
2022-09-07 00:00:00-04:00,115.83999633789062,120.06999969482422,115.52999877929688,119.62000274658203,119.62000274658203,489500,0.0,0.0
2022-09-08 00:00:00-04:00,118.9800033569336,122.30999755859375,118.76000213623047,121.81999969482422,121.81999969482422,503800,0.0,0.0
2022-09-09 00:00:00-04:00,122.45999908447266,123.33999633789062,121.66000366210938,122.41000366210938,122.41000366210938,379900,0.0,0.0
2022-09-12 00:00:00-04:00,123.44000244140625,124.48999786376953,123.1500015258789,123.66000366210938,123.66000366210938,445600,0.0,0.0
2022-09-13 00:00:00-04:00,120.9800033569336,122.4000015258789,119.77999877929688,119.77999877929688,119.77999877929688,433400,0.0,0.0
2022-09-14 00:00:00-04:00,120.08000183105469,122.06999969482422,119.54000091552734,120.56999969482422,120.56999969482422,588200,0.0,0.0
2022-09-15 00:00:00-04:00,120.12000274658203,121.55999755859375,119.52999877929688,120.30999755859375,120.30999755859375,467100,0.0,0.0
2022-09-16 00:00:00-04:00,118.66999816894531,118.66999816894531,114.41000366210938,115.98999786376953,115.98999786376953,839500,0.0,0.0
2022-09-19 00:00:00-04:00,114.3499984741211,118.12000274658203,114.20999908447266,118.08999633789062,118.08999633789062,328600,0.0,0.0
2022-09-20 00:00:00-04:00,117.58999633789062,117.91999816894531,115.56999969482422,116.55000305175781,116.55000305175781,343200,0.0,0.0
2022-09-21 00:00:00-04:00,117.38999938964844,118.77999877929688,115.58000183105469,115.69999694824219,115.69999694824219,349000,0.0,0.0
2022-09-22 00:00:00-04:00,115.61000061035156,116.08000183105469,110.69000244140625,112.45999908447266,112.45999908447266,523300,0.0,0.0
2022-09-23 00:00:00-04:00,110.56999969482422,111.16000366210938,108.0999984741211,109.62000274658203,109.62000274658203,656500,0.0,0.0
2022-09-26 00:00:00-04:00,109.08000183105469,109.80999755859375,106.91999816894531,107.6500015258789,107.6500015258789,404900,0.0,0.0
2022-09-27 00:00:00-04:00,108.83999633789062,110.0199966430664,106.70999908447266,107.80000305175781,107.80000305175781,377600,0.0,0.0
2022-09-28 00:00:00-04:00,108.4800033569336,112.69000244140625,107.77999877929688,111.8499984741211,111.8499984741211,370300,0.0,0.0
2022-09-29 00:00:00-04:00,110.5,110.55999755859375,108.30999755859375,109.3499984741211,109.3499984741211,458900,0.0,0.0
2022-09-30 00:00:00-04:00,109.48999786376953,112.22000122070312,109.1500015258789,109.9800033569336,109.9800033569336,415500,0.0,0.0
2022-10-03 00:00:00-04:00,111.44999694824219,115.2300033569336,111.0199966430664,115.02999877929688,115.02999877929688,689200,0.0,0.0
2022-10-04 00:00:00-04:00,117.02999877929688,119.18000030517578,117.0199966430664,117.0999984741211,117.0999984741211,368100,0.0,0.0
2022-10-05 00:00:00-04:00,115.63999938964844,119.44000244140625,114.81999969482422,119.12999725341797,119.12999725341797,662800,0.0,0.0
2022-10-06 00:00:00-04:00,118.51000213623047,119.41999816894531,116.48999786376953,118.41000366210938,118.41000366210938,422100,0.0,0.0
2022-10-07 00:00:00-04:00,117.48999786376953,117.5999984741211,115.0,115.94000244140625,115.94000244140625,381100,0.0,0.0
2022-10-10 00:00:00-04:00,116.26000213623047,116.47000122070312,113.70999908447266,114.7699966430664,114.7699966430664,436300,0.0,0.0
2022-10-11 00:00:00-04:00,114.01000213623047,115.7699966430664,112.9000015258789,114.1500015258789,114.1500015258789,378500,0.0,0.0
2022-10-12 00:00:00-04:00,114.55999755859375,114.55999755859375,111.9800033569336,112.45999908447266,112.45999908447266,226900,0.0,0.0
2022-10-13 00:00:00-04:00,110.2699966430664,116.55000305175781,109.06999969482422,115.9800033569336,115.9800033569336,314600,0.0,0.0
2022-10-14 00:00:00-04:00,117.18000030517578,117.95999908447266,113.5999984741211,114.36000061035156,114.36000061035156,428600,0.0,0.0
2022-10-17 00:00:00-04:00,116.44999694824219,116.68000030517578,113.91999816894531,114.86000061035156,114.86000061035156,424300,0.0,0.0
2022-10-18 00:00:00-04:00,117.33000183105469,119.18000030517578,116.04000091552734,118.94999694824219,118.94999694824219,357200,0.0,0.0
2022-10-19 00:00:00-04:00,118.5199966430664,119.56999969482422,116.86000061035156,117.44999694824219,117.44999694824219,327900,0.0,0.0
2022-10-20 00:00:00-04:00,117.02999877929688,117.41000366210938,114.5999984741211,115.41999816894531,115.41999816894531,484100,0.0,0.0
2022-10-21 00:00:00-04:00,115.52999877929688,118.83000183105469,113.81999969482422,118.55000305175781,118.55000305175781,260200,0.0,0.0
2022-10-24 00:00:00-04:00,119.2699966430664,120.81999969482422,117.63999938964844,118.5,118.5,286500,0.0,0.0
2022-10-25 00:00:00-04:00,118.36000061035156,120.18000030517578,117.88999938964844,118.5999984741211,118.5999984741211,313700,0.0,0.0
2022-10-26 00:00:00-04:00,119.55000305175781,119.81999969482422,117.05000305175781,117.98999786376953,117.98999786376953,278600,0.0,0.0
2022-10-27 00:00:00-04:00,119.20999908447266,121.68000030517578,118.2300033569336,119.5,119.5,338000,0.0,0.0
2022-10-28 00:00:00-04:00,119.73999786376953,123.9800033569336,119.16000366210938,122.87999725341797,122.87999725341797,450200,0.0,0.0
2022-10-31 00:00:00-04:00,122.18000030517578,123.27999877929688,120.81999969482422,122.45999908447266,122.45999908447266,592500,0.0,0.0
2022-11-01 00:00:00-04:00,123.72000122070312,123.80000305175781,121.11000061035156,121.47000122070312,121.47000122070312,688200,0.0,0.0
2022-11-02 00:00:00-04:00,122.0,122.97000122070312,115.9000015258789,119.22000122070312,119.22000122070312,878500,0.0,0.0
2022-11-03 00:00:00-04:00,116.83999633789062,117.48999786376953,110.8499984741211,111.7300033569336,111.7300033569336,882500,0.0,0.0
2022-11-04 00:00:00-04:00,113.72000122070312,115.63999938964844,111.44000244140625,111.93000030517578,111.93000030517578,505300,0.0,0.0
2022-11-07 00:00:00-05:00,112.52999877929688,113.33000183105469,110.05999755859375,111.44000244140625,111.44000244140625,392800,0.0,0.0
2022-11-08 00:00:00-05:00,111.87999725341797,115.04000091552734,111.30000305175781,114.72000122070312,114.72000122070312,417700,0.0,0.0
2022-11-09 00:00:00-05:00,113.2699966430664,114.98999786376953,112.22000122070312,112.29000091552734,112.29000091552734,368100,0.0,0.0
2022-11-10 00:00:00-05:00,116.98999786376953,118.3499984741211,115.5,118.3499984741211,118.3499984741211,506900,0.0,0.0
2022-11-11 00:00:00-05:00,119.30999755859375,119.73999786376953,115.5199966430664,115.55999755859375,115.55999755859375,460500,0.0,0.0
2022-11-14 00:00:00-05:00,115.0199966430664,116.0199966430664,111.08999633789062,111.18000030517578,111.18000030517578,444300,0.0,0.0
2022-11-15 00:00:00-05:00,112.75,113.47000122070312,111.18000030517578,111.86000061035156,111.86000061035156,410000,0.0,0.0
2022-11-16 00:00:00-05:00,111.75,115.81999969482422,111.70999908447266,115.69999694824219,115.69999694824219,422300,0.0,0.0
2022-11-17 00:00:00-05:00,114.73999786376953,117.62999725341797,113.83000183105469,116.33000183105469,116.33000183105469,514700,0.0,0.0
2022-11-18 00:00:00-05:00,117.66000366210938,118.25,114.66000366210938,117.0,117.0,365700,0.0,0.0
2022-11-21 00:00:00-05:00,116.83000183105469,118.25,116.06999969482422,118.02999877929688,118.02999877929688,224500,0.0,0.0
2022-11-22 00:00:00-05:00,118.93000030517578,120.91999816894531,118.3499984741211,120.72000122070312,120.72000122070312,297700,0.0,0.0
2022-11-23 00:00:00-05:00,120.73999786376953,122.77999877929688,120.66000366210938,122.62000274658203,122.62000274658203,225400,0.0,0.0
2022-11-25 00:00:00-05:00,122.12999725341797,123.37000274658203,122.12999725341797,123.37000274658203,123.37000274658203,117900,0.0,0.0
2022-11-28 00:00:00-05:00,122.58000183105469,123.22000122070312,119.45999908447266,119.62999725341797,119.62999725341797,601700,0.0,0.0
2022-11-29 00:00:00-05:00,118.88999938964844,119.68000030517578,114.86000061035156,115.45999908447266,115.45999908447266,523600,0.0,0.0
2022-11-30 00:00:00-05:00,115.30999755859375,120.12000274658203,115.30999755859375,120.0,120.0,501700,0.0,0.0
2022-12-01 00:00:00-05:00,120.97000122070312,122.06999969482422,119.56999969482422,120.69999694824219,120.69999694824219,331000,0.0,0.0
2022-12-02 00:00:00-05:00,119.37000274658203,125.41000366210938,119.37000274658203,124.0199966430664,124.0199966430664,380500,0.0,0.0
2022-12-05 00:00:00-05:00,122.79000091552734,123.5,117.41000366210938,117.5999984741211,117.5999984741211,341400,0.0,0.0
2022-12-06 00:00:00-05:00,117.5999984741211,118.62000274658203,115.69999694824219,117.12999725341797,117.12999725341797,336100,0.0,0.0
2022-12-07 00:00:00-05:00,117.16999816894531,119.80999755859375,116.76000213623047,118.7699966430664,118.7699966430664,255000,0.0,0.0
2022-12-08 00:00:00-05:00,119.02999877929688,119.83999633789062,117.30999755859375,118.48999786376953,118.48999786376953,257000,0.0,0.0
2022-12-09 00:00:00-05:00,118.55999755859375,119.0999984741211,116.12000274658203,116.16000366210938,116.16000366210938,225800,0.0,0.0
2022-12-12 00:00:00-05:00,116.69999694824219,118.2300033569336,116.41000366210938,118.16000366210938,118.16000366210938,292100,0.0,0.0
2022-12-13 00:00:00-05:00,122.38999938964844,122.68000030517578,118.2300033569336,120.19999694824219,120.19999694824219,402200,0.0,0.0
2022-12-14 00:00:00-05:00,119.4000015258789,120.62000274658203,118.2699966430664,118.76000213623047,118.76000213623047,281700,0.0,0.0
2022-12-15 00:00:00-05:00,117.7699966430664,118.23999786376953,116.01000213623047,116.5,116.5,316700,0.0,0.0
2022-12-16 00:00:00-05:00,115.2699966430664,116.47000122070312,114.44999694824219,115.0,115.0,994000,0.0,0.0
2022-12-19 00:00:00-05:00,114.63999938964844,114.63999938964844,109.36000061035156,112.55000305175781,112.55000305175781,519400,0.0,0.0
2022-12-20 00:00:00-05:00,112.2300033569336,113.73999786376953,111.47000122070312,112.94999694824219,112.94999694824219,279700,0.0,0.0
2022-12-21 00:00:00-05:00,114.0999984741211,116.31999969482422,113.06999969482422,116.30999755859375,116.30999755859375,220900,0.0,0.0
2022-12-22 00:00:00-05:00,115.26000213623047,115.26000213623047,112.47000122070312,113.61000061035156,113.61000061035156,172000,0.0,0.0
2022-12-23 00:00:00-05:00,113.58000183105469,114.91000366210938,112.80000305175781,114.77999877929688,114.77999877929688,119900,0.0,0.0
2022-12-27 00:00:00-05:00,114.68000030517578,115.04000091552734,113.88999938964844,114.98999786376953,114.98999786376953,91100,0.0,0.0
2022-12-28 00:00:00-05:00,115.38999938964844,115.48999786376953,113.0,113.13999938964844,113.13999938964844,153500,0.0,0.0
2022-12-29 00:00:00-05:00,113.83000183105469,115.76000213623047,113.47000122070312,115.08999633789062,115.08999633789062,193700,0.0,0.0
2022-12-30 00:00:00-05:00,113.98999786376953,115.02999877929688,113.12999725341797,114.12000274658203,114.12000274658203,127100,0.0,0.0
2023-01-03 00:00:00-05:00,114.91999816894531,115.62999725341797,112.63999938964844,113.73999786376953,113.73999786376953,301100,0.0,0.0
2023-01-04 00:00:00-05:00,114.05999755859375,114.91999816894531,112.12999725341797,113.29000091552734,113.29000091552734,246700,0.0,0.0
2023-01-05 00:00:00-05:00,112.69000244140625,113.5,110.95999908447266,111.0199966430664,111.0199966430664,206600,0.0,0.0
2023-01-06 00:00:00-05:00,111.91999816894531,115.7699966430664,111.18000030517578,115.05000305175781,115.05000305175781,213800,0.0,0.0
2023-01-09 00:00:00-05:00,116.16999816894531,118.61000061035156,115.6500015258789,117.16000366210938,117.16000366210938,236700,0.0,0.0
2023-01-10 00:00:00-05:00,115.73999786376953,116.22000122070312,113.56999969482422,116.19999694824219,116.19999694824219,237000,0.0,0.0
2023-01-11 00:00:00-05:00,116.95999908447266,120.44000244140625,116.80000305175781,119.70999908447266,119.70999908447266,349400,0.0,0.0
2023-01-12 00:00:00-05:00,120.08999633789062,120.2300033569336,117.87000274658203,118.63999938964844,118.63999938964844,194200,0.0,0.0
2023-01-13 00:00:00-05:00,117.95999908447266,121.83000183105469,117.0,121.37999725341797,121.37999725341797,238000,0.0,0.0
2023-01-17 00:00:00-05:00,121.29000091552734,122.9800033569336,120.7300033569336,122.5,122.5,302600,0.0,0.0
2023-01-18 00:00:00-05:00,122.56999969482422,124.47000122070312,121.0,121.98999786376953,121.98999786376953,498700,0.0,0.0
2023-01-19 00:00:00-05:00,120.94999694824219,122.70999908447266,120.94999694824219,121.58000183105469,121.58000183105469,259800,0.0,0.0
2023-01-20 00:00:00-05:00,122.19000244140625,124.9000015258789,122.02999877929688,124.80999755859375,124.80999755859375,309000,0.0,0.0
2023-01-23 00:00:00-05:00,125.0,128.94000244140625,124.80000305175781,128.1999969482422,128.1999969482422,433500,0.0,0.0
2023-01-24 00:00:00-05:00,128.2899932861328,130.1300048828125,127.5199966430664,128.36000061035156,128.36000061035156,332000,0.0,0.0
2023-01-25 00:00:00-05:00,127.7300033569336,129.5,127.12000274658203,129.42999267578125,129.42999267578125,248200,0.0,0.0
2023-01-26 00:00:00-05:00,130.25,131.0800018310547,126.68000030517578,127.72000122070312,127.72000122070312,235600,0.0,0.0
2023-01-27 00:00:00-05:00,127.30000305175781,128.1199951171875,126.80999755859375,127.38999938964844,127.38999938964844,153100,0.0,0.0
2023-01-30 00:00:00-05:00,126.88999938964844,129.52999877929688,126.52999877929688,128.27000427246094,128.27000427246094,287600,0.0,0.0
2023-01-31 00:00:00-05:00,129.19000244140625,130.30999755859375,128.30999755859375,130.3000030517578,130.3000030517578,305900,0.0,0.0
2023-02-01 00:00:00-05:00,129.08999633789062,131.35000610351562,128.00999450683594,130.58999633789062,130.58999633789062,227200,0.0,0.0
2023-02-02 00:00:00-05:00,131.07000732421875,131.5800018310547,129.8300018310547,130.88999938964844,130.88999938964844,319000,0.0,0.0
2023-02-03 00:00:00-05:00,130.19000244140625,132.6300048828125,129.3000030517578,131.91000366210938,131.91000366210938,357700,0.0,0.0
2023-02-06 00:00:00-05:00,130.9499969482422,132.32000732421875,130.72000122070312,131.16000366210938,131.16000366210938,423400,0.0,0.0
2023-02-07 00:00:00-05:00,130.5800018310547,133.1999969482422,130.11000061035156,132.64999389648438,132.64999389648438,346200,0.0,0.0
2023-02-08 00:00:00-05:00,131.99000549316406,134.5,131.99000549316406,133.75,133.75,399700,0.0,0.0
2023-02-09 00:00:00-05:00,133.92999267578125,134.3300018310547,132.35000610351562,132.97999572753906,132.97999572753906,384900,0.0,0.0
2023-02-10 00:00:00-05:00,132.63999938964844,134.47000122070312,132.0500030517578,134.13999938964844,134.13999938964844,199400,0.0,0.0
2023-02-13 00:00:00-05:00,134.27000427246094,135.0,133.7899932861328,134.27000427246094,134.27000427246094,222700,0.0,0.0
2023-02-14 00:00:00-05:00,133.58999633789062,135.10000610351562,132.7100067138672,133.33999633789062,133.33999633789062,265600,0.0,0.0
2023-02-15 00:00:00-05:00,132.0500030517578,135.07000732421875,131.5399932861328,133.41000366210938,133.41000366210938,363400,0.0,0.0
2023-02-16 00:00:00-05:00,132.1999969482422,136.47999572753906,132.1999969482422,134.80999755859375,134.80999755859375,335100,0.0,0.0
2023-02-17 00:00:00-05:00,134.8699951171875,135.69000244140625,133.58999633789062,134.72999572753906,134.72999572753906,176400,0.0,0.0
2023-02-21 00:00:00-05:00,134.00999450683594,135.1699981689453,132.63999938964844,133.30999755859375,133.30999755859375,190800,0.0,0.0
2023-02-22 00:00:00-05:00,133.4499969482422,136.74000549316406,133.2899932861328,134.67999267578125,134.67999267578125,469300,0.0,0.0
2023-02-23 00:00:00-05:00,135.02000427246094,135.6300048828125,131.42999267578125,133.47999572753906,133.47999572753906,522200,0.0,0.0
2023-02-24 00:00:00-05:00,132.58999633789062,133.17999267578125,130.92999267578125,132.1699981689453,132.1699981689453,748900,0.0,0.0
2023-02-27 00:00:00-05:00,133.0,134.50999450683594,131.8000030517578,133.08999633789062,133.08999633789062,469700,0.0,0.0
2023-02-28 00:00:00-05:00,132.94000244140625,133.57000732421875,131.0500030517578,132.07000732421875,132.07000732421875,518300,0.0,0.0
2023-03-01 00:00:00-05:00,129.8699951171875,133.8300018310547,125.56999969482422,133.30999755859375,133.30999755859375,527500,0.0,0.0
2023-03-02 00:00:00-05:00,135.25,137.27999877929688,133.39999389648438,136.30999755859375,136.30999755859375,565700,0.0,0.0
2023-03-03 00:00:00-05:00,135.75,136.80999755859375,134.39999389648438,136.47000122070312,136.47000122070312,379500,0.0,0.0
2023-03-06 00:00:00-05:00,136.3300018310547,136.99000549316406,134.9600067138672,135.02000427246094,135.02000427246094,462100,0.0,0.0
2023-03-07 00:00:00-05:00,135.39999389648438,136.14999389648438,133.91000366210938,136.02999877929688,136.02999877929688,473200,0.0,0.0
2023-03-08 00:00:00-05:00,136.32000732421875,138.99000549316406,136.32000732421875,138.22999572753906,138.22999572753906,689300,0.0,0.0
2023-03-09 00:00:00-05:00,138.6999969482422,140.69000244140625,137.2899932861328,137.58999633789062,137.58999633789062,441100,0.0,0.0
2023-03-10 00:00:00-05:00,137.3699951171875,137.57000732421875,133.97999572753906,134.49000549316406,134.49000549316406,925700,0.0,0.0
2023-03-13 00:00:00-04:00,133.05999755859375,134.25,130.07000732421875,130.16000366210938,130.16000366210938,632800,0.0,0.0
2023-03-14 00:00:00-04:00,132.0,137.00999450683594,131.42999267578125,136.39999389648438,136.39999389648438,644900,0.0,0.0
2023-03-15 00:00:00-04:00,134.5500030517578,135.02000427246094,131.0800018310547,133.07000732421875,133.07000732421875,823700,0.0,0.0
2023-03-16 00:00:00-04:00,132.22000122070312,136.44000244140625,131.63999938964844,135.97999572753906,135.97999572753906,392600,0.0,0.0
2023-03-17 00:00:00-04:00,136.10000610351562,136.57000732421875,133.4499969482422,134.32000732421875,134.32000732421875,745200,0.0,0.0
2023-03-20 00:00:00-04:00,134.72999572753906,136.58999633789062,134.3800048828125,135.02000427246094,135.02000427246094,313600,0.0,0.0
2023-03-21 00:00:00-04:00,136.8300018310547,139.4499969482422,136.05999755859375,137.88999938964844,137.88999938964844,400700,0.0,0.0
2023-03-22 00:00:00-04:00,137.36000061035156,137.99000549316406,133.41000366210938,133.6300048828125,133.6300048828125,477500,0.0,0.0
2023-03-23 00:00:00-04:00,133.4600067138672,136.0,131.88999938964844,132.72000122070312,132.72000122070312,298400,0.0,0.0
2023-03-24 00:00:00-04:00,131.99000549316406,131.99000549316406,129.92999267578125,131.11000061035156,131.11000061035156,436200,0.0,0.0
2023-03-27 00:00:00-04:00,132.27000427246094,134.44000244140625,132.00999450683594,132.27999877929688,132.27999877929688,342300,0.0,0.0
2023-03-28 00:00:00-04:00,131.8699951171875,133.6699981689453,131.8699951171875,133.0,133.0,326100,0.0,0.0
2023-03-29 00:00:00-04:00,134.13999938964844,135.97999572753906,133.52000427246094,135.14999389648438,135.14999389648438,418600,0.0,0.0
2023-03-30 00:00:00-04:00,136.1999969482422,139.86000061035156,135.19000244140625,138.75999450683594,138.75999450683594,500900,0.0,0.0
2023-03-31 00:00:00-04:00,139.99000549316406,144.1999969482422,138.49000549316406,142.55999755859375,142.55999755859375,671800,0.0,0.0
2023-04-03 00:00:00-04:00,141.8000030517578,143.7899932861328,139.8699951171875,140.9199981689453,140.9199981689453,468400,0.0,0.0
2023-04-04 00:00:00-04:00,141.47000122070312,141.47000122070312,135.6999969482422,136.25,136.25,277600,0.0,0.0
2023-04-05 00:00:00-04:00,135.88999938964844,136.19000244140625,132.9600067138672,134.07000732421875,134.07000732421875,374200,0.0,0.0
2023-04-06 00:00:00-04:00,134.9600067138672,135.7100067138672,133.27000427246094,133.94000244140625,133.94000244140625,420200,0.0,0.0
2023-04-10 00:00:00-04:00,133.38999938964844,137.13999938964844,133.38999938964844,137.0500030517578,137.0500030517578,263300,0.0,0.0
2023-04-11 00:00:00-04:00,137.25,139.2899932861328,136.50999450683594,138.39999389648438,138.39999389648438,463900,0.0,0.0
2023-04-12 00:00:00-04:00,139.1699981689453,141.58999633789062,139.1699981689453,140.88999938964844,140.88999938964844,280600,0.0,0.0
2023-04-13 00:00:00-04:00,141.8300018310547,143.7899932861328,141.4600067138672,143.6300048828125,143.6300048828125,288800,0.0,0.0
2023-04-14 00:00:00-04:00,143.47999572753906,144.7899932861328,142.75999450683594,143.5399932861328,143.5399932861328,309400,0.0,0.0
2023-04-17 00:00:00-04:00,143.5399932861328,145.0399932861328,142.35000610351562,143.30999755859375,143.30999755859375,248800,0.0,0.0
2023-04-18 00:00:00-04:00,145.52999877929688,146.0500030517578,143.13999938964844,143.1999969482422,143.1999969482422,295900,0.0,0.0
2023-04-19 00:00:00-04:00,142.9600067138672,145.5500030517578,142.44000244140625,144.27000427246094,144.27000427246094,385600,0.0,0.0
2023-04-20 00:00:00-04:00,143.67999267578125,146.02999877929688,142.7899932861328,144.05999755859375,144.05999755859375,325400,0.0,0.0
2023-04-21 00:00:00-04:00,143.9600067138672,145.67999267578125,143.24000549316406,143.9199981689453,143.9199981689453,344000,0.0,0.0
2023-04-24 00:00:00-04:00,143.82000732421875,145.7100067138672,143.82000732421875,144.27000427246094,144.27000427246094,250100,0.0,0.0
2023-04-25 00:00:00-04:00,144.17999267578125,144.17999267578125,141.80999755859375,142.22000122070312,142.22000122070312,177000,0.0,0.0
2023-04-26 00:00:00-04:00,141.72000122070312,142.6199951171875,140.67999267578125,142.3000030517578,142.3000030517578,413600,0.0,0.0
2023-04-27 00:00:00-04:00,142.64999389648438,144.50999450683594,141.3000030517578,144.25999450683594,144.25999450683594,382800,0.0,0.0
2023-04-28 00:00:00-04:00,143.6300048828125,145.75999450683594,143.6300048828125,145.16000366210938,145.16000366210938,204400,0.0,0.0
2023-05-01 00:00:00-04:00,145.16000366210938,147.75999450683594,145.16000366210938,146.14999389648438,146.14999389648438,272300,0.0,0.0
2023-05-02 00:00:00-04:00,145.6199951171875,146.44000244140625,144.00999450683594,146.05999755859375,146.05999755859375,327100,0.0,0.0
2023-05-03 00:00:00-04:00,144.3300018310547,144.69000244140625,129.6999969482422,137.50999450683594,137.50999450683594,1519800,0.0,0.0
2023-05-04 00:00:00-04:00,137.38999938964844,138.35000610351562,135.8800048828125,136.5399932861328,136.5399932861328,473900,0.0,0.0
2023-05-05 00:00:00-04:00,136.8699951171875,138.1300048828125,135.2899932861328,135.6999969482422,135.6999969482422,481300,0.0,0.0
2023-05-08 00:00:00-04:00,136.5399932861328,137.16000366210938,134.38999938964844,136.77000427246094,136.77000427246094,381200,0.0,0.0
2023-05-09 00:00:00-04:00,136.6699981689453,139.49000549316406,136.13999938964844,139.0399932861328,139.0399932861328,346700,0.0,0.0
2023-05-10 00:00:00-04:00,140.55999755859375,141.52000427246094,137.9199981689453,139.1999969482422,139.1999969482422,280600,0.0,0.0
2023-05-11 00:00:00-04:00,138.77999877929688,140.22000122070312,137.08999633789062,139.9600067138672,139.9600067138672,289500,0.0,0.0
2023-05-12 00:00:00-04:00,140.0500030517578,140.72999572753906,137.52999877929688,138.50999450683594,138.50999450683594,208900,0.0,0.0
2023-05-15 00:00:00-04:00,138.60000610351562,140.38999938964844,137.99000549316406,139.52999877929688,139.52999877929688,250100,0.0,0.0
2023-05-16 00:00:00-04:00,138.80999755859375,141.14999389648438,137.07000732421875,140.60000610351562,140.60000610351562,449100,0.0,0.0
2023-05-17 00:00:00-04:00,141.75,142.17999267578125,140.60000610351562,141.5,141.5,241300,0.0,0.0
2023-05-18 00:00:00-04:00,140.6199951171875,141.22000122070312,138.5500030517578,140.0800018310547,140.0800018310547,192200,0.0,0.0
2023-05-19 00:00:00-04:00,141.1300048828125,141.3300018310547,138.35000610351562,138.64999389648438,138.64999389648438,184100,0.0,0.0
2023-05-22 00:00:00-04:00,139.32000732421875,146.14999389648438,138.7899932861328,145.6199951171875,145.6199951171875,466200,0.0,0.0
2023-05-23 00:00:00-04:00,144.5399932861328,144.5399932861328,141.4499969482422,143.80999755859375,143.80999755859375,400200,0.0,0.0
2023-05-24 00:00:00-04:00,143.55999755859375,145.47000122070312,142.57000732421875,144.60000610351562,144.60000610351562,310000,0.0,0.0
2023-05-25 00:00:00-04:00,145.0,145.47000122070312,142.61000061035156,143.77999877929688,143.77999877929688,368000,0.0,0.0
2023-05-26 00:00:00-04:00,143.99000549316406,145.38999938964844,143.6699981689453,145.0800018310547,145.0800018310547,501500,0.0,0.0
2023-05-30 00:00:00-04:00,145.27999877929688,145.9499969482422,142.17999267578125,144.1699981689453,144.1699981689453,386400,0.0,0.0
2023-05-31 00:00:00-04:00,143.7899932861328,144.63999938964844,139.13999938964844,140.39999389648438,140.39999389648438,648700,0.0,0.0
2023-06-01 00:00:00-04:00,141.10000610351562,143.5500030517578,140.69000244140625,143.49000549316406,143.49000549316406,307300,0.0,0.0
2023-06-02 00:00:00-04:00,144.2100067138672,151.3000030517578,144.2100067138672,150.91000366210938,150.91000366210938,502400,0.0,0.0
2023-06-05 00:00:00-04:00,149.55999755859375,150.5,146.16000366210938,149.05999755859375,149.05999755859375,267300,0.0,0.0
2023-06-06 00:00:00-04:00,149.2899932861328,153.8699951171875,149.05999755859375,153.27999877929688,153.27999877929688,542300,0.0,0.0
2023-06-07 00:00:00-04:00,153.8300018310547,156.47000122070312,153.4499969482422,156.0800018310547,156.0800018310547,421600,0.0,0.0
2023-06-08 00:00:00-04:00,155.42999267578125,158.72000122070312,154.82000732421875,157.36000061035156,157.36000061035156,417700,0.0,0.0
2023-06-09 00:00:00-04:00,157.0,157.38999938964844,153.3800048828125,156.3800048828125,156.3800048828125,448200,0.0,0.0
2023-06-12 00:00:00-04:00,156.11000061035156,158.38999938964844,154.97000122070312,157.6199951171875,157.6199951171875,287000,0.0,0.0
2023-06-13 00:00:00-04:00,157.67999267578125,158.32000732421875,155.0500030517578,155.36000061035156,155.36000061035156,343800,0.0,0.0
2023-06-14 00:00:00-04:00,154.97999572753906,157.25999450683594,153.27000427246094,153.97000122070312,153.97000122070312,644300,0.0,0.0
2023-06-15 00:00:00-04:00,153.8300018310547,156.4199981689453,152.9199981689453,156.02000427246094,156.02000427246094,322000,0.0,0.0
2023-06-16 00:00:00-04:00,156.8300018310547,157.02999877929688,155.1199951171875,156.6699981689453,156.6699981689453,576700,0.0,0.0
2023-06-20 00:00:00-04:00,155.80999755859375,159.19000244140625,154.7899932861328,158.19000244140625,158.19000244140625,417500,0.0,0.0
2023-06-21 00:00:00-04:00,157.75999450683594,160.5,156.2899932861328,159.5399932861328,159.5399932861328,341600,0.0,0.0
2023-06-22 00:00:00-04:00,158.6300048828125,158.97999572753906,153.1999969482422,154.25999450683594,154.25999450683594,530200,0.0,0.0
2023-06-23 00:00:00-04:00,153.77999877929688,156.64999389648438,152.13999938964844,155.4199981689453,155.4199981689453,628900,0.0,0.0
2023-06-26 00:00:00-04:00,155.0800018310547,156.8300018310547,153.80999755859375,156.11000061035156,156.11000061035156,305500,0.0,0.0
2023-06-27 00:00:00-04:00,156.64999389648438,159.55999755859375,156.42999267578125,158.1699981689453,158.1699981689453,239900,0.0,0.0
2023-06-28 00:00:00-04:00,157.8699951171875,160.1999969482422,157.52000427246094,160.02000427246094,160.02000427246094,383700,0.0,0.0
2023-06-29 00:00:00-04:00,160.0399932861328,162.88999938964844,159.69000244140625,162.0399932861328,162.0399932861328,387100,0.0,0.0
2023-06-30 00:00:00-04:00,163.61000061035156,164.8000030517578,162.82000732421875,164.42999267578125,164.42999267578125,359600,0.0,0.0
2023-07-03 00:00:00-04:00,163.49000549316406,164.57000732421875,162.6999969482422,163.1699981689453,163.1699981689453,223100,0.0,0.0
2023-07-05 00:00:00-04:00,162.25999450683594,165.8800048828125,160.3699951171875,165.02000427246094,165.02000427246094,404300,0.0,0.0
2023-07-06 00:00:00-04:00,163.82000732421875,165.5500030517578,162.36000061035156,164.1999969482422,164.1999969482422,321000,0.0,0.0
2023-07-07 00:00:00-04:00,163.47000122070312,168.8699951171875,163.47000122070312,167.67999267578125,167.67999267578125,490800,0.0,0.0
2023-07-10 00:00:00-04:00,167.30999755859375,172.0800018310547,165.8699951171875,171.8699951171875,171.8699951171875,410400,0.0,0.0
2023-07-11 00:00:00-04:00,172.02000427246094,172.5399932861328,166.6999969482422,168.0800018310547,168.0800018310547,670600,0.0,0.0
2023-07-12 00:00:00-04:00,169.55999755859375,170.74000549316406,166.07000732421875,166.1300048828125,166.1300048828125,451400,0.0,0.0
2023-07-13 00:00:00-04:00,166.36000061035156,167.27000427246094,164.6300048828125,165.3800048828125,165.3800048828125,289500,0.0,0.0
2023-07-14 00:00:00-04:00,165.6699981689453,165.6699981689453,163.08999633789062,165.27000427246094,165.27000427246094,228800,0.0,0.0
2023-07-17 00:00:00-04:00,165.6300048828125,167.75,165.0,167.22000122070312,167.22000122070312,173200,0.0,0.0
2023-07-18 00:00:00-04:00,166.5500030517578,167.57000732421875,164.8800048828125,165.55999755859375,165.55999755859375,209000,0.0,0.0
2023-07-19 00:00:00-04:00,166.47000122070312,166.5,163.32000732421875,165.5399932861328,165.5399932861328,371000,0.0,0.0
2023-07-20 00:00:00-04:00,165.27999877929688,170.72999572753906,165.19000244140625,170.0800018310547,170.0800018310547,506100,0.0,0.0
2023-07-21 00:00:00-04:00,171.0399932861328,171.0399932861328,168.9499969482422,169.13999938964844,169.13999938964844,503100,0.0,0.0
2023-07-24 00:00:00-04:00,169.13999938964844,170.25999450683594,168.86000061035156,169.32000732421875,169.32000732421875,310400,0.0,0.0
2023-07-25 00:00:00-04:00,169.11000061035156,170.86000061035156,167.97000122070312,170.0,170.0,243200,0.0,0.0
2023-07-26 00:00:00-04:00,169.0,170.0800018310547,167.27999877929688,167.47999572753906,167.47999572753906,307300,0.0,0.0
2023-07-27 00:00:00-04:00,168.02999877929688,168.10000610351562,164.64999389648438,165.49000549316406,165.49000549316406,324200,0.0,0.0
2023-07-28 00:00:00-04:00,166.58999633789062,167.0399932861328,164.38999938964844,165.19000244140625,165.19000244140625,304400,0.0,0.0
2023-07-31 00:00:00-04:00,165.6199951171875,167.0500030517578,164.63999938964844,166.25999450683594,166.25999450683594,284300,0.0,0.0
2023-08-01 00:00:00-04:00,166.47000122070312,169.27000427246094,165.89999389648438,166.74000549316406,166.74000549316406,385900,0.0,0.0
2023-08-02 00:00:00-04:00,165.6699981689453,174.10000610351562,164.3800048828125,167.8000030517578,167.8000030517578,593400,0.0,0.0
2023-08-03 00:00:00-04:00,168.92999267578125,171.47999572753906,165.57000732421875,167.27999877929688,167.27999877929688,503300,0.0,0.0
2023-08-04 00:00:00-04:00,167.77999877929688,171.10000610351562,165.8800048828125,167.1300048828125,167.1300048828125,339300,0.0,0.0
2023-08-07 00:00:00-04:00,167.6699981689453,170.25999450683594,167.10000610351562,168.88999938964844,168.88999938964844,504100,0.0,0.0
2023-08-08 00:00:00-04:00,168.77000427246094,171.22999572753906,168.4499969482422,170.7899932861328,170.7899932861328,391900,0.0,0.0
2023-08-09 00:00:00-04:00,171.25999450683594,175.49000549316406,170.38999938964844,174.2899932861328,174.2899932861328,426000,0.0,0.0
2023-08-10 00:00:00-04:00,173.89999389648438,175.39999389648438,170.8300018310547,172.7100067138672,172.7100067138672,443500,0.0,0.0
2023-08-11 00:00:00-04:00,172.6300048828125,176.6300048828125,172.6300048828125,174.72999572753906,174.72999572753906,354100,0.0,0.0
2023-08-14 00:00:00-04:00,174.7100067138672,178.3300018310547,174.7100067138672,177.72000122070312,177.72000122070312,272500,0.0,0.0
2023-08-15 00:00:00-04:00,176.6999969482422,177.4499969482422,173.92999267578125,174.22000122070312,174.22000122070312,271900,0.0,0.0
2023-08-16 00:00:00-04:00,174.22000122070312,174.8300018310547,172.64999389648438,172.72999572753906,172.72999572753906,219600,0.0,0.0
2023-08-17 00:00:00-04:00,172.35000610351562,173.5399932861328,167.75,168.05999755859375,168.05999755859375,249500,0.0,0.0
2023-08-18 00:00:00-04:00,167.22000122070312,172.4600067138672,167.22000122070312,171.52999877929688,171.52999877929688,265900,0.0,0.0
2023-08-21 00:00:00-04:00,171.52999877929688,172.74000549316406,170.33999633789062,172.2100067138672,172.2100067138672,243100,0.0,0.0
2023-08-22 00:00:00-04:00,172.27000427246094,172.5800018310547,169.11000061035156,170.42999267578125,170.42999267578125,251000,0.0,0.0
2023-08-23 00:00:00-04:00,170.88999938964844,172.0399932861328,170.02000427246094,171.72999572753906,171.72999572753906,205000,0.0,0.0
2023-08-24 00:00:00-04:00,170.74000549316406,171.9199981689453,168.69000244140625,168.75999450683594,168.75999450683594,135800,0.0,0.0
2023-08-25 00:00:00-04:00,170.08999633789062,171.13999938964844,168.25999450683594,169.97999572753906,169.97999572753906,155000,0.0,0.0
2023-08-28 00:00:00-04:00,169.88999938964844,172.4499969482422,169.88999938964844,171.5399932861328,171.5399932861328,145800,0.0,0.0
2023-08-29 00:00:00-04:00,171.02999877929688,171.97000122070312,169.5500030517578,171.52999877929688,171.52999877929688,254200,0.0,0.0
2023-08-30 00:00:00-04:00,172.36000061035156,172.36000061035156,169.10000610351562,169.3699951171875,169.3699951171875,208700,0.0,0.0
2023-08-31 00:00:00-04:00,169.35000610351562,170.2100067138672,168.10000610351562,169.33999633789062,169.33999633789062,248600,0.0,0.0
2023-09-01 00:00:00-04:00,170.30999755859375,174.4600067138672,170.19000244140625,173.3699951171875,173.3699951171875,189800,0.0,0.0
2023-09-05 00:00:00-04:00,171.5,171.67999267578125,165.58999633789062,165.92999267578125,165.92999267578125,332600,0.0,0.0
2023-09-06 00:00:00-04:00,165.50999450683594,169.69000244140625,165.50999450683594,167.6300048828125,167.6300048828125,267200,0.0,0.0
2023-09-07 00:00:00-04:00,167.8300018310547,167.94000244140625,165.6999969482422,167.25,167.25,319300,0.0,0.0
2023-09-08 00:00:00-04:00,167.44000244140625,167.86000061035156,164.83999633789062,165.35000610351562,165.35000610351562,490100,0.0,0.0
2023-09-11 00:00:00-04:00,166.60000610351562,166.60000610351562,162.5399932861328,165.35000610351562,165.35000610351562,380600,0.0,0.0
2023-09-12 00:00:00-04:00,165.13999938964844,168.33999633789062,165.13999938964844,167.22000122070312,167.22000122070312,226700,0.0,0.0
2023-09-13 00:00:00-04:00,166.80999755859375,167.92999267578125,165.57000732421875,166.24000549316406,166.24000549316406,181500,0.0,0.0
2023-09-14 00:00:00-04:00,167.16000366210938,169.75999450683594,167.08999633789062,169.5399932861328,169.5399932861328,202600,0.0,0.0
2023-09-15 00:00:00-04:00,168.44000244140625,169.8699951171875,166.97999572753906,168.13999938964844,168.13999938964844,791800,0.0,0.0
2023-09-18 00:00:00-04:00,168.16000366210938,169.99000549316406,167.25,168.22999572753906,168.22999572753906,119000,0.0,0.0
2023-09-19 00:00:00-04:00,168.5399932861328,169.8800048828125,168.5399932861328,169.38999938964844,169.38999938964844,211500,0.0,0.0
2023-09-20 00:00:00-04:00,170.02000427246094,172.11000061035156,168.8699951171875,169.25999450683594,169.25999450683594,266400,0.0,0.0
2023-09-21 00:00:00-04:00,168.8300018310547,169.07000732421875,166.4600067138672,167.1999969482422,167.1999969482422,262000,0.0,0.0
2023-09-22 00:00:00-04:00,167.0500030517578,169.3699951171875,166.39999389648438,167.22000122070312,167.22000122070312,156900,0.0,0.0
2023-09-25 00:00:00-04:00,167.05999755859375,169.77000427246094,166.10000610351562,169.02000427246094,169.02000427246094,163800,0.0,0.0
2023-09-26 00:00:00-04:00,168.30999755859375,169.8000030517578,164.27000427246094,164.27999877929688,164.27999877929688,176700,0.0,0.0
2023-09-27 00:00:00-04:00,165.11000061035156,168.41000366210938,163.5399932861328,167.57000732421875,167.57000732421875,202000,0.0,0.0
2023-09-28 00:00:00-04:00,167.88999938964844,168.77000427246094,167.13999938964844,168.1300048828125,168.1300048828125,148100,0.0,0.0
2023-09-29 00:00:00-04:00,168.72999572753906,169.55999755859375,166.47000122070312,167.36000061035156,167.36000061035156,382800,0.0,0.0
2023-10-02 00:00:00-04:00,167.13999938964844,167.16000366210938,163.1199951171875,163.8300018310547,163.8300018310547,254800,0.0,0.0
2023-10-03 00:00:00-04:00,163.5500030517578,164.27000427246094,161.5399932861328,162.27000427246094,162.27000427246094,147200,0.0,0.0
2023-10-04 00:00:00-04:00,162.0,163.0399932861328,160.9199981689453,162.5800018310547,162.5800018310547,162900,0.0,0.0
2023-10-05 00:00:00-04:00,162.5399932861328,162.69000244140625,160.5399932861328,161.97999572753906,161.97999572753906,233200,0.0,0.0
2023-10-06 00:00:00-04:00,161.3699951171875,162.82000732421875,157.77000427246094,162.0800018310547,162.0800018310547,308600,0.0,0.0
2023-10-09 00:00:00-04:00,161.8300018310547,164.57000732421875,160.82000732421875,163.91000366210938,163.91000366210938,156500,0.0,0.0
2023-10-10 00:00:00-04:00,164.0399932861328,166.35000610351562,162.77999877929688,165.30999755859375,165.30999755859375,198300,0.0,0.0
2023-10-11 00:00:00-04:00,163.9199981689453,167.77999877929688,163.9199981689453,167.5399932861328,167.5399932861328,185800,0.0,0.0
2023-10-12 00:00:00-04:00,167.69000244140625,167.69000244140625,159.6300048828125,159.75,159.75,259100,0.0,0.0
2023-10-13 00:00:00-04:00,160.02999877929688,160.25,157.55999755859375,159.39999389648438,159.39999389648438,178000,0.0,0.0
2023-10-16 00:00:00-04:00,159.97000122070312,160.66000366210938,157.97000122070312,159.85000610351562,159.85000610351562,204900,0.0,0.0
2023-10-17 00:00:00-04:00,159.2899932861328,165.94000244140625,159.2899932861328,164.6699981689453,164.6699981689453,339900,0.0,0.0
2023-10-18 00:00:00-04:00,163.83999633789062,164.82000732421875,162.42999267578125,162.5,162.5,220800,0.0,0.0
2023-10-19 00:00:00-04:00,161.17999267578125,162.52999877929688,158.24000549316406,158.83999633789062,158.83999633789062,277000,0.0,0.0
2023-10-20 00:00:00-04:00,158.9499969482422,158.9499969482422,155.80999755859375,156.83999633789062,156.83999633789062,257400,0.0,0.0
2023-10-23 00:00:00-04:00,155.94000244140625,157.88999938964844,154.69000244140625,155.3300018310547,155.3300018310547,280900,0.0,0.0
2023-10-24 00:00:00-04:00,155.9600067138672,157.94000244140625,155.0800018310547,155.44000244140625,155.44000244140625,206200,0.0,0.0
2023-10-25 00:00:00-04:00,155.47000122070312,157.2899932861328,153.77000427246094,154.24000549316406,154.24000549316406,159900,0.0,0.0
2023-10-26 00:00:00-04:00,154.63999938964844,154.63999938964844,151.47999572753906,152.10000610351562,152.10000610351562,271900,0.0,0.0
2023-10-27 00:00:00-04:00,152.22000122070312,153.86000061035156,150.33999633789062,151.02000427246094,151.02000427246094,220300,0.0,0.0
2023-10-30 00:00:00-04:00,151.91000366210938,152.82000732421875,150.47000122070312,152.3800048828125,152.3800048828125,185100,0.0,0.0
2023-10-31 00:00:00-04:00,152.6300048828125,154.5399932861328,151.99000549316406,153.6699981689453,153.6699981689453,324200,0.0,0.0
2023-11-01 00:00:00-04:00,141.0,147.8000030517578,132.9199981689453,147.33999633789062,147.33999633789062,1265600,0.0,0.0
2023-11-02 00:00:00-04:00,147.6199951171875,155.91000366210938,146.66000366210938,155.0399932861328,155.0399932861328,654900,0.0,0.0
2023-11-03 00:00:00-04:00,156.41000366210938,156.8699951171875,152.72000122070312,154.60000610351562,154.60000610351562,303500,0.0,0.0
2023-11-06 00:00:00-05:00,155.3300018310547,155.64999389648438,153.5800018310547,154.38999938964844,154.38999938964844,256900,0.0,0.0
2023-11-07 00:00:00-05:00,152.6999969482422,155.02999877929688,152.57000732421875,154.7100067138672,154.7100067138672,282400,0.0,0.0
2023-11-08 00:00:00-05:00,155.6999969482422,156.5,154.3300018310547,155.69000244140625,155.69000244140625,290600,0.0,0.0
2023-11-09 00:00:00-05:00,156.8300018310547,157.39999389648438,154.89999389648438,155.52999877929688,155.52999877929688,227400,0.0,0.0
2023-11-10 00:00:00-05:00,155.9499969482422,161.5500030517578,155.9499969482422,161.27000427246094,161.27000427246094,331200,0.0,0.0
2023-11-13 00:00:00-05:00,161.00999450683594,162.6300048828125,159.9199981689453,161.32000732421875,161.32000732421875,237200,0.0,0.0
2023-11-14 00:00:00-05:00,163.6699981689453,166.85000610351562,163.33999633789062,166.30999755859375,166.30999755859375,252600,0.0,0.0
2023-11-15 00:00:00-05:00,166.50999450683594,168.3800048828125,164.4199981689453,164.91000366210938,164.91000366210938,319400,0.0,0.0
2023-11-16 00:00:00-05:00,165.24000549316406,165.72999572753906,163.5500030517578,164.13999938964844,164.13999938964844,217900,0.0,0.0
2023-11-17 00:00:00-05:00,165.16000366210938,165.16000366210938,163.88999938964844,164.42999267578125,164.42999267578125,233500,0.0,0.0
2023-11-20 00:00:00-05:00,164.35000610351562,166.3699951171875,164.0800018310547,165.85000610351562,165.85000610351562,181600,0.0,0.0
2023-11-21 00:00:00-05:00,164.72999572753906,165.60000610351562,162.88999938964844,164.08999633789062,164.08999633789062,342400,0.0,0.0
2023-11-22 00:00:00-05:00,164.6999969482422,165.77000427246094,163.55999755859375,165.02999877929688,165.02999877929688,313200,0.0,0.0
2023-11-24 00:00:00-05:00,165.0500030517578,165.5800018310547,162.13999938964844,162.91000366210938,162.91000366210938,349400,0.0,0.0
2023-11-27 00:00:00-05:00,162.88999938964844,163.5,160.75,162.6199951171875,162.6199951171875,464600,0.0,0.0
2023-11-28 00:00:00-05:00,161.52000427246094,163.75,159.27999877929688,159.94000244140625,159.94000244140625,498300,0.0,0.0
2023-11-29 00:00:00-05:00,160.47000122070312,161.02000427246094,159.22000122070312,160.16000366210938,160.16000366210938,442600,0.0,0.0
2023-11-30 00:00:00-05:00,160.61000061035156,161.82000732421875,158.4199981689453,161.66000366210938,161.66000366210938,461300,0.0,0.0
2023-12-01 00:00:00-05:00,161.72999572753906,166.91000366210938,161.72999572753906,166.86000061035156,166.86000061035156,313600,0.0,0.0
2023-12-04 00:00:00-05:00,166.3300018310547,171.63999938964844,166.3300018310547,170.22000122070312,170.22000122070312,429800,0.0,0.0
2023-12-05 00:00:00-05:00,169.4499969482422,169.4499969482422,165.05999755859375,165.7899932861328,165.7899932861328,276000,0.0,0.0
2023-12-06 00:00:00-05:00,166.1300048828125,167.83999633789062,163.44000244140625,163.5399932861328,163.5399932861328,197300,0.0,0.0
2023-12-07 00:00:00-05:00,165.60000610351562,169.7899932861328,163.57000732421875,169.57000732421875,169.57000732421875,301200,0.0,0.0
2023-12-08 00:00:00-05:00,170.22999572753906,171.82000732421875,169.9499969482422,171.30999755859375,171.30999755859375,230800,0.0,0.0
2023-12-11 00:00:00-05:00,171.9499969482422,174.24000549316406,171.7100067138672,172.83999633789062,172.83999633789062,319000,0.0,0.0
2023-12-12 00:00:00-05:00,173.0,174.69000244140625,172.11000061035156,173.69000244140625,173.69000244140625,274100,0.0,0.0
2023-12-13 00:00:00-05:00,173.58999633789062,176.22000122070312,172.39999389648438,175.77000427246094,175.77000427246094,347900,0.0,0.0
2023-12-14 00:00:00-05:00,177.97000122070312,178.52000427246094,175.5500030517578,177.7100067138672,177.7100067138672,283600,0.0,0.0
2023-12-15 00:00:00-05:00,176.52999877929688,177.3800048828125,172.75,174.75,174.75,631500,0.0,0.0
2023-12-18 00:00:00-05:00,175.16000366210938,177.82000732421875,173.55999755859375,176.75999450683594,176.75999450683594,340300,0.0,0.0
2023-12-19 00:00:00-05:00,177.64999389648438,178.99000549316406,176.3800048828125,178.07000732421875,178.07000732421875,277200,0.0,0.0
2023-12-20 00:00:00-05:00,177.44000244140625,179.49000549316406,176.1199951171875,176.88999938964844,176.88999938964844,292700,0.0,0.0
2023-12-21 00:00:00-05:00,177.30999755859375,177.8300018310547,174.8800048828125,176.0399932861328,176.0399932861328,340700,0.0,0.0
2023-12-22 00:00:00-05:00,176.75999450683594,177.83999633789062,175.8000030517578,176.77000427246094,176.77000427246094,226000,0.0,0.0
2023-12-26 00:00:00-05:00,176.86000061035156,178.55999755859375,175.02999877929688,178.5,178.5,218900,0.0,0.0
2023-12-27 00:00:00-05:00,178.63999938964844,179.1199951171875,176.55999755859375,177.8800048828125,177.8800048828125,209600,0.0,0.0
2023-12-28 00:00:00-05:00,177.6699981689453,177.6699981689453,175.47000122070312,175.9499969482422,175.9499969482422,223200,0.0,0.0
2023-12-29 00:00:00-05:00,175.88999938964844,176.42999267578125,173.02000427246094,174.50999450683594,174.50999450683594,395800,0.0,0.0
2024-01-02 00:00:00-05:00,173.25999450683594,174.14999389648438,170.35000610351562,170.63999938964844,170.63999938964844,358100,0.0,0.0
2024-01-03 00:00:00-05:00,169.58999633789062,169.63999938964844,161.5,162.05999755859375,162.05999755859375,716200,0.0,0.0
2024-01-04 00:00:00-05:00,163.19000244140625,165.8800048828125,161.38999938964844,165.64999389648438,165.64999389648438,640000,0.0,0.0
2024-01-05 00:00:00-05:00,165.16000366210938,167.19000244140625,164.67999267578125,164.6999969482422,164.6999969482422,404800,0.0,0.0
2024-01-08 00:00:00-05:00,164.6999969482422,167.2899932861328,163.08999633789062,167.22999572753906,167.22999572753906,317700,0.0,0.0
2024-01-09 00:00:00-05:00,165.77999877929688,167.17999267578125,163.97999572753906,166.63999938964844,166.63999938964844,272500,0.0,0.0
2024-01-10 00:00:00-05:00,166.1199951171875,167.99000549316406,165.3000030517578,167.9600067138672,167.9600067138672,260300,0.0,0.0
2024-01-11 00:00:00-05:00,168.0,168.61000061035156,165.99000549316406,166.7100067138672,166.7100067138672,237900,0.0,0.0
2024-01-12 00:00:00-05:00,167.0,167.00999450683594,164.5500030517578,166.4199981689453,166.4199981689453,246700,0.0,0.0
2024-01-16 00:00:00-05:00,165.3000030517578,165.3000030517578,162.36000061035156,164.11000061035156,164.11000061035156,222900,0.0,0.0
2024-01-17 00:00:00-05:00,162.8300018310547,165.3000030517578,162.6199951171875,164.33999633789062,164.33999633789062,292200,0.0,0.0
2024-01-18 00:00:00-05:00,165.0,166.60000610351562,163.72000122070312,165.77000427246094,165.77000427246094,305700,0.0,0.0
2024-01-19 00:00:00-05:00,165.9600067138672,169.77000427246094,165.36000061035156,169.77000427246094,169.77000427246094,337400,0.0,0.0
2024-01-22 00:00:00-05:00,170.86000061035156,173.58999633789062,170.6199951171875,173.10000610351562,173.10000610351562,297500,0.0,0.0
2024-01-23 00:00:00-05:00,173.55999755859375,174.5500030517578,170.97000122070312,171.52999877929688,171.52999877929688,369400,0.0,0.0
2024-01-24 00:00:00-05:00,172.52000427246094,172.52000427246094,168.00999450683594,168.0800018310547,168.0800018310547,336700,0.0,0.0
2024-01-25 00:00:00-05:00,170.1699981689453,172.0,167.27999877929688,168.2100067138672,168.2100067138672,181000,0.0,0.0
2024-01-26 00:00:00-05:00,168.86000061035156,171.08999633789062,167.35000610351562,169.1300048828125,169.1300048828125,562300,0.0,0.0
2024-01-29 00:00:00-05:00,169.49000549316406,172.0500030517578,168.2100067138672,171.4600067138672,171.4600067138672,239700,0.0,0.0
2024-01-30 00:00:00-05:00,170.89999389648438,173.0399932861328,170.3300018310547,172.61000061035156,172.61000061035156,170900,0.0,0.0
2024-01-31 00:00:00-05:00,172.97999572753906,172.97999572753906,167.86000061035156,167.9600067138672,167.9600067138672,369600,0.0,0.0
2024-02-01 00:00:00-05:00,168.77000427246094,172.85000610351562,167.86000061035156,172.6199951171875,172.6199951171875,414600,0.0,0.0
2024-02-02 00:00:00-05:00,171.0500030517578,174.4600067138672,169.64999389648438,172.8699951171875,172.8699951171875,328300,0.0,0.0
2024-02-05 00:00:00-05:00,171.69000244140625,172.1199951171875,169.6199951171875,171.22000122070312,171.22000122070312,177800,0.0,0.0
2024-02-06 00:00:00-05:00,171.88999938964844,177.58999633789062,171.88999938964844,176.5800018310547,176.5800018310547,312700,0.0,0.0
2024-02-07 00:00:00-05:00,177.25,180.22000122070312,176.0500030517578,176.89999389648438,176.89999389648438,335200,0.0,0.0
2024-02-08 00:00:00-05:00,177.3000030517578,179.52999877929688,176.3000030517578,178.10000610351562,178.10000610351562,318600,0.0,0.0
2024-02-09 00:00:00-05:00,178.88999938964844,180.02999877929688,177.57000732421875,179.8800048828125,179.8800048828125,210300,0.0,0.0
2024-02-12 00:00:00-05:00,179.7899932861328,180.25999450683594,178.5800018310547,179.86000061035156,179.86000061035156,146400,0.0,0.0
2024-02-13 00:00:00-05:00,176.7100067138672,183.85000610351562,176.27000427246094,179.49000549316406,179.49000549316406,458400,0.0,0.0
2024-02-14 00:00:00-05:00,181.00999450683594,183.0399932861328,180.25,182.9199981689453,182.9199981689453,360500,0.0,0.0
2024-02-15 00:00:00-05:00,183.2899932861328,186.2100067138672,182.61000061035156,185.72000122070312,185.72000122070312,282200,0.0,0.0
2024-02-16 00:00:00-05:00,185.39999389648438,187.83999633789062,185.39999389648438,186.25,186.25,182600,0.0,0.0
2024-02-20 00:00:00-05:00,184.97999572753906,189.05999755859375,184.97999572753906,187.39999389648438,187.39999389648438,593600,0.0,0.0
2024-02-21 00:00:00-05:00,185.8800048828125,186.69000244140625,176.02000427246094,181.49000549316406,181.49000549316406,815200,0.0,0.0
2024-02-22 00:00:00-05:00,182.58999633789062,186.9600067138672,180.24000549316406,182.4499969482422,182.4499969482422,738000,0.0,0.0
2024-02-23 00:00:00-05:00,183.0800018310547,185.5399932861328,180.32000732421875,184.32000732421875,184.32000732421875,240100,0.0,0.0
2024-02-26 00:00:00-05:00,184.02999877929688,186.97999572753906,183.27000427246094,183.9600067138672,183.9600067138672,238600,0.0,0.0
2024-02-27 00:00:00-05:00,183.52999877929688,184.42999267578125,180.8800048828125,182.7100067138672,182.7100067138672,329200,0.0,0.0
2024-02-28 00:00:00-05:00,182.35000610351562,183.8000030517578,180.3800048828125,181.02999877929688,181.02999877929688,320100,0.0,0.0
2024-02-29 00:00:00-05:00,181.1999969482422,182.47000122070312,180.52999877929688,182.10000610351562,182.10000610351562,329400,0.0,0.0
2024-03-01 00:00:00-05:00,182.25,184.5,180.3699951171875,184.02000427246094,184.02000427246094,222600,0.0,0.0
2024-03-04 00:00:00-05:00,184.3000030517578,186.80999755859375,183.83999633789062,185.27999877929688,185.27999877929688,264400,0.0,0.0
2024-03-05 00:00:00-05:00,184.50999450683594,190.64999389648438,184.22999572753906,189.8000030517578,189.8000030517578,491000,0.0,0.0
2024-03-06 00:00:00-05:00,191.10000610351562,193.02999877929688,189.58999633789062,190.00999450683594,190.00999450683594,283500,0.0,0.0
2024-03-07 00:00:00-05:00,190.7899932861328,192.42999267578125,190.07000732421875,190.77000427246094,190.77000427246094,145300,0.0,0.0
2024-03-08 00:00:00-05:00,190.47999572753906,191.3800048828125,187.0399932861328,188.13999938964844,188.13999938964844,193200,0.0,0.0
2024-03-11 00:00:00-04:00,187.0800018310547,187.1300048828125,184.50999450683594,186.63999938964844,186.63999938964844,318000,0.0,0.0
2024-03-12 00:00:00-04:00,186.63999938964844,188.1699981689453,185.22000122070312,187.3699951171875,187.3699951171875,360000,0.0,0.0
2024-03-13 00:00:00-04:00,187.42999267578125,188.6199951171875,186.2899932861328,187.3300018310547,187.3300018310547,265300,0.0,0.0
2024-03-14 00:00:00-04:00,187.58999633789062,189.36000061035156,186.9499969482422,188.55999755859375,188.55999755859375,305200,0.0,0.0
2024-03-15 00:00:00-04:00,187.72999572753906,191.41000366210938,187.1999969482422,187.83999633789062,187.83999633789062,640800,0.0,0.0
2024-03-18 00:00:00-04:00,188.6199951171875,192.3699951171875,188.3699951171875,191.2899932861328,191.2899932861328,296400,0.0,0.0
2024-03-19 00:00:00-04:00,191.35000610351562,193.25,188.72999572753906,191.74000549316406,191.74000549316406,328900,0.0,0.0
2024-03-20 00:00:00-04:00,191.66000366210938,194.7899932861328,191.66000366210938,193.35000610351562,193.35000610351562,289000,0.0,0.0
2024-03-21 00:00:00-04:00,194.05999755859375,197.2100067138672,194.05999755859375,195.6300048828125,195.6300048828125,355300,0.0,0.0
2024-03-22 00:00:00-04:00,195.6999969482422,196.14999389648438,193.86000061035156,194.8300018310547,194.8300018310547,196100,0.0,0.0
2024-03-25 00:00:00-04:00,194.4600067138672,200.14999389648438,193.75,198.80999755859375,198.80999755859375,344800,0.0,0.0
2024-03-26 00:00:00-04:00,199.63999938964844,200.13999938964844,197.4600067138672,198.49000549316406,198.49000549316406,221500,0.0,0.0
2024-03-27 00:00:00-04:00,199.8699951171875,201.00999450683594,198.66000366210938,200.57000732421875,200.57000732421875,246800,0.0,0.0
2024-03-28 00:00:00-04:00,201.89999389648438,202.5800018310547,200.74000549316406,201.30999755859375,201.30999755859375,321900,0.0,0.0
2024-04-01 00:00:00-04:00,200.75,200.75,195.3000030517578,197.0399932861328,197.0399932861328,328400,0.0,0.0
2024-04-02 00:00:00-04:00,196.05999755859375,196.63999938964844,193.75999450683594,195.4499969482422,195.4499969482422,226300,0.0,0.0
2024-04-03 00:00:00-04:00,195.22000122070312,197.19000244140625,194.50999450683594,196.92999267578125,196.92999267578125,266200,0.0,0.0
2024-04-04 00:00:00-04:00,198.44000244140625,201.14999389648438,195.86000061035156,195.94000244140625,195.94000244140625,480000,0.0,0.0
2024-04-05 00:00:00-04:00,196.35000610351562,199.57000732421875,195.64999389648438,198.6699981689453,198.6699981689453,167200,0.0,0.0
2024-04-08 00:00:00-04:00,199.02000427246094,202.42999267578125,198.63999938964844,202.35000610351562,202.35000610351562,271600,0.0,0.0
2024-04-09 00:00:00-04:00,203.3699951171875,204.05999755859375,201.57000732421875,203.4499969482422,203.4499969482422,418700,0.0,0.0
2024-04-10 00:00:00-04:00,200.67999267578125,202.92999267578125,199.14999389648438,200.35000610351562,200.35000610351562,252200,0.0,0.0
2024-04-11 00:00:00-04:00,200.58999633789062,201.5500030517578,199.07000732421875,200.3800048828125,200.3800048828125,178100,0.0,0.0
2024-04-12 00:00:00-04:00,199.6300048828125,200.27999877929688,196.22000122070312,196.77000427246094,196.77000427246094,180600,0.0,0.0
2024-04-15 00:00:00-04:00,199.41000366210938,199.41000366210938,193.61000061035156,194.63999938964844,194.63999938964844,288600,0.0,0.0
2024-04-16 00:00:00-04:00,195.24000549316406,196.22999572753906,192.00999450683594,194.16000366210938,194.16000366210938,221400,0.0,0.0
2024-04-17 00:00:00-04:00,194.85000610351562,194.85000610351562,191.0500030517578,191.77999877929688,191.77999877929688,234900,0.0,0.0
2024-04-18 00:00:00-04:00,192.11000061035156,193.55999755859375,190.1300048828125,190.89999389648438,190.89999389648438,160500,0.0,0.0
2024-04-19 00:00:00-04:00,191.38999938964844,194.2899932861328,190.9499969482422,193.7100067138672,193.7100067138672,353400,0.0,0.0
2024-04-22 00:00:00-04:00,195.5500030517578,196.35000610351562,194.07000732421875,195.4499969482422,195.4499969482422,305900,0.0,0.0
2024-04-23 00:00:00-04:00,196.14999389648438,201.25,196.14999389648438,201.02000427246094,201.02000427246094,271500,0.0,0.0
2024-04-24 00:00:00-04:00,200.9199981689453,202.10000610351562,195.86000061035156,196.0,196.0,393000,0.0,0.0
2024-04-25 00:00:00-04:00,195.02000427246094,195.89999389648438,192.05999755859375,194.63999938964844,194.63999938964844,360600,0.0,0.0
2024-04-26 00:00:00-04:00,194.41000366210938,195.55999755859375,193.5,194.0,194.0,277300,0.0,0.0
2024-04-29 00:00:00-04:00,193.9499969482422,195.1699981689453,192.69000244140625,193.1300048828125,193.1300048828125,261200,0.0,0.0
2024-04-30 00:00:00-04:00,192.72000122070312,194.0,189.32000732421875,189.4499969482422,189.4499969482422,329600,0.0,0.0
2024-05-01 00:00:00-04:00,192.50999450683594,206.2899932861328,192.50999450683594,202.36000061035156,202.36000061035156,805700,0.0,0.0
2024-05-02 00:00:00-04:00,203.14999389648438,205.91000366210938,201.7100067138672,205.5500030517578,205.5500030517578,485000,0.0,0.0
2024-05-03 00:00:00-04:00,209.0,210.25999450683594,206.91000366210938,207.35000610351562,207.35000610351562,330600,0.0,0.0
2024-05-06 00:00:00-04:00,209.4499969482422,215.33999633789062,209.4199981689453,212.5399932861328,212.5399932861328,407600,0.0,0.0
2024-05-07 00:00:00-04:00,213.5800018310547,215.6999969482422,212.5399932861328,213.42999267578125,213.42999267578125,402700,0.0,0.0
2024-05-08 00:00:00-04:00,212.6999969482422,214.47000122070312,208.83999633789062,210.14999389648438,210.14999389648438,194800,0.0,0.0
2024-05-09 00:00:00-04:00,209.89999389648438,212.36000061035156,209.05999755859375,212.02000427246094,212.02000427246094,175000,0.0,0.0
2024-05-10 00:00:00-04:00,212.6699981689453,214.14999389648438,210.5,211.33999633789062,211.33999633789062,341800,0.0,0.0
2024-05-13 00:00:00-04:00,211.8300018310547,213.1199951171875,210.83999633789062,212.1199951171875,212.1199951171875,168900,0.0,0.0
2024-05-14 00:00:00-04:00,213.52999877929688,215.00999450683594,211.4600067138672,213.9600067138672,213.9600067138672,162600,0.0,0.0
2024-05-15 00:00:00-04:00,215.02000427246094,216.72999572753906,211.9499969482422,212.7100067138672,212.7100067138672,375000,0.0,0.0
2024-05-16 00:00:00-04:00,212.69000244140625,212.69000244140625,210.17999267578125,210.92999267578125,210.92999267578125,226400,0.0,0.0
2024-05-17 00:00:00-04:00,211.25999450683594,213.25999450683594,210.39999389648438,213.11000061035156,213.11000061035156,313300,0.0,0.0
2024-05-20 00:00:00-04:00,213.49000549316406,214.6999969482422,211.83999633789062,214.0800018310547,214.0800018310547,186800,0.0,0.0
2024-05-21 00:00:00-04:00,214.2899932861328,215.72000122070312,213.3800048828125,215.52000427246094,215.52000427246094,195500,0.0,0.0
2024-05-22 00:00:00-04:00,215.6999969482422,216.25999450683594,213.44000244140625,214.89999389648438,214.89999389648438,214300,0.0,0.0
2024-05-23 00:00:00-04:00,216.02000427246094,218.72000122070312,213.9600067138672,215.25999450683594,215.25999450683594,248000,0.0,0.0
2024-05-24 00:00:00-04:00,215.97999572753906,218.1300048828125,213.3300018310547,217.85000610351562,217.85000610351562,208000,0.0,0.0
2024-05-28 00:00:00-04:00,217.80999755859375,217.8699951171875,214.11000061035156,214.58999633789062,214.58999633789062,178300,0.0,0.0
2024-05-29 00:00:00-04:00,212.36000061035156,212.82000732421875,210.5,211.58999633789062,211.58999633789062,301500,0.0,0.0
2024-05-30 00:00:00-04:00,212.4600067138672,214.7100067138672,210.8000030517578,214.3699951171875,214.3699951171875,313600,0.0,0.0
2024-05-31 00:00:00-04:00,214.75,216.6699981689453,212.41000366210938,216.58999633789062,216.58999633789062,228300,0.0,0.0
2024-06-03 00:00:00-04:00,218.10000610351562,219.27999877929688,212.9499969482422,215.58999633789062,215.58999633789062,269000,0.0,0.0
2024-06-04 00:00:00-04:00,215.07000732421875,215.07000732421875,211.5500030517578,212.47000122070312,212.47000122070312,234200,0.0,0.0
2024-06-05 00:00:00-04:00,213.99000549316406,221.52000427246094,213.49000549316406,218.92999267578125,218.92999267578125,502700,0.0,0.0
2024-06-06 00:00:00-04:00,218.36000061035156,220.6300048828125,215.67999267578125,217.6699981689453,217.6699981689453,218100,0.0,0.0
2024-06-07 00:00:00-04:00,217.0500030517578,218.3300018310547,213.5500030517578,213.89999389648438,213.89999389648438,251700,0.0,0.0
2024-06-10 00:00:00-04:00,212.32000732421875,216.7899932861328,212.02000427246094,215.6699981689453,215.6699981689453,390400,0.0,0.0
2024-06-11 00:00:00-04:00,215.25999450683594,217.27999877929688,213.91000366210938,215.77999877929688,215.77999877929688,270400,0.0,0.0
2024-06-12 00:00:00-04:00,218.74000549316406,223.52999877929688,216.1300048828125,221.6699981689453,221.6699981689453,299400,0.0,0.0
2024-06-13 00:00:00-04:00,221.6699981689453,222.19000244140625,218.5399932861328,221.4499969482422,221.4499969482422,193400,0.0,0.0
2024-06-14 00:00:00-04:00,218.9199981689453,221.16000366210938,216.77000427246094,220.97000122070312,220.97000122070312,246500,0.0,0.0
2024-06-17 00:00:00-04:00,220.5399932861328,228.17999267578125,220.22999572753906,226.10000610351562,226.10000610351562,364800,0.0,0.0
2024-06-18 00:00:00-04:00,225.75,227.19000244140625,224.2899932861328,226.94000244140625,226.94000244140625,291500,0.0,0.0
2024-06-20 00:00:00-04:00,226.30999755859375,228.35000610351562,223.86000061035156,225.66000366210938,225.66000366210938,250200,0.0,0.0
2024-06-21 00:00:00-04:00,226.0,226.3699951171875,223.88999938964844,226.1300048828125,226.1300048828125,516400,0.0,0.0
2024-06-24 00:00:00-04:00,227.99000549316406,230.00999450683594,226.77000427246094,227.99000549316406,227.99000549316406,248900,0.0,0.0
2024-06-25 00:00:00-04:00,227.99000549316406,229.3800048828125,227.1999969482422,228.92999267578125,228.92999267578125,375500,0.0,0.0
2024-06-26 00:00:00-04:00,226.7899932861328,229.0,224.9600067138672,227.97999572753906,227.97999572753906,348900,0.0,0.0
2024-06-27 00:00:00-04:00,228.52000427246094,229.19000244140625,226.4600067138672,228.88999938964844,228.88999938964844,245900,0.0,0.0
2024-06-28 00:00:00-04:00,229.27999877929688,231.14999389648438,224.5399932861328,226.14999389648438,226.14999389648438,543700,0.0,0.0
2024-07-01 00:00:00-04:00,227.50999450683594,227.50999450683594,219.92999267578125,220.6300048828125,220.6300048828125,617000,0.0,0.0
2024-07-02 00:00:00-04:00,220.57000732421875,222.22000122070312,217.36000061035156,219.5500030517578,219.5500030517578,510300,0.0,0.0
2024-07-03 00:00:00-04:00,219.5500030517578,224.9499969482422,218.9600067138672,224.30999755859375,224.30999755859375,172000,0.0,0.0
2024-07-05 00:00:00-04:00,223.25,225.22000122070312,219.66000366210938,222.5800018310547,222.5800018310547,192800,0.0,0.0
2024-07-08 00:00:00-04:00,223.1199951171875,224.9600067138672,222.52000427246094,223.19000244140625,223.19000244140625,331700,0.0,0.0
2024-07-09 00:00:00-04:00,223.14999389648438,224.58999633789062,219.75,220.24000549316406,220.24000549316406,341300,0.0,0.0
2024-07-10 00:00:00-04:00,221.0500030517578,224.4499969482422,220.24000549316406,223.52999877929688,223.52999877929688,195900,0.0,0.0
2024-07-11 00:00:00-04:00,226.61000061035156,227.11000061035156,223.3300018310547,226.44000244140625,226.44000244140625,224400,0.0,0.0
2024-07-12 00:00:00-04:00,227.44000244140625,229.99000549316406,225.63999938964844,227.05999755859375,227.05999755859375,295300,0.0,0.0
2024-07-15 00:00:00-04:00,227.86000061035156,231.47999572753906,226.94000244140625,228.52999877929688,228.52999877929688,250600,0.0,0.0
2024-07-16 00:00:00-04:00,229.72000122070312,236.77999877929688,229.72000122070312,236.16000366210938,236.16000366210938,312200,0.0,0.0
2024-07-17 00:00:00-04:00,233.69000244140625,237.35000610351562,229.3800048828125,229.4600067138672,229.4600067138672,234200,0.0,0.0
2024-07-18 00:00:00-04:00,229.33999633789062,232.02999877929688,226.3699951171875,227.27999877929688,227.27999877929688,178500,0.0,0.0
2024-07-19 00:00:00-04:00,227.4600067138672,228.80999755859375,226.1300048828125,227.72999572753906,227.72999572753906,345400,0.0,0.0
2024-07-22 00:00:00-04:00,228.38999938964844,233.80999755859375,226.14999389648438,233.58999633789062,233.58999633789062,315700,0.0,0.0
2024-07-23 00:00:00-04:00,233.74000549316406,236.32000732421875,231.6699981689453,233.3699951171875,233.3699951171875,206200,0.0,0.0
2024-07-24 00:00:00-04:00,231.75999450683594,233.61000061035156,227.00999450683594,227.32000732421875,227.32000732421875,217700,0.0,0.0
2024-07-25 00:00:00-04:00,227.32000732421875,229.05999755859375,222.1300048828125,222.3699951171875,222.3699951171875,322900,0.0,0.0
2024-07-26 00:00:00-04:00,224.33999633789062,225.69000244140625,223.22000122070312,223.6300048828125,223.6300048828125,304000,0.0,0.0
2024-07-29 00:00:00-04:00,223.9499969482422,225.25,221.77999877929688,222.8699951171875,222.8699951171875,364200,0.0,0.0
2024-07-30 00:00:00-04:00,223.61000061035156,226.5399932861328,223.14999389648438,224.4199981689453,224.4199981689453,371200,0.0,0.0
2024-07-31 00:00:00-04:00,228.5,240.4499969482422,223.33999633789062,238.72999572753906,238.72999572753906,564100,0.0,0.0
2024-08-01 00:00:00-04:00,241.27999877929688,246.27999877929688,236.72000122070312,242.38999938964844,242.38999938964844,529900,0.0,0.0
2024-08-02 00:00:00-04:00,236.0800018310547,237.30999755859375,232.8699951171875,235.0,235.0,456000,0.0,0.0
2024-08-05 00:00:00-04:00,222.27999877929688,231.11000061035156,220.0,227.14999389648438,227.14999389648438,316100,0.0,0.0
2024-08-06 00:00:00-04:00,227.9600067138672,233.97999572753906,227.02999877929688,230.0,230.0,273500,0.0,0.0
2024-08-07 00:00:00-04:00,233.14999389648438,233.14999389648438,227.6300048828125,228.08999633789062,228.08999633789062,265600,0.0,0.0
2024-08-08 00:00:00-04:00,230.02999877929688,235.6199951171875,229.1699981689453,234.4499969482422,234.4499969482422,242800,0.0,0.0
2024-08-09 00:00:00-04:00,235.13999938964844,235.13999938964844,231.8300018310547,232.94000244140625,232.94000244140625,277500,0.0,0.0
2024-08-12 00:00:00-04:00,233.27999877929688,234.49000549316406,230.3800048828125,230.92999267578125,230.92999267578125,293200,0.0,0.0
2024-08-13 00:00:00-04:00,233.17999267578125,235.22000122070312,230.4600067138672,234.35000610351562,234.35000610351562,184700,0.0,0.0
2024-08-14 00:00:00-04:00,235.66000366210938,237.4199981689453,233.1999969482422,236.38999938964844,236.38999938964844,202700,0.0,0.0
2024-08-15 00:00:00-04:00,240.0,241.25999450683594,236.75,237.8300018310547,237.8300018310547,265100,0.0,0.0
2024-08-16 00:00:00-04:00,237.8300018310547,238.3300018310547,235.13999938964844,236.64999389648438,236.64999389648438,142900,0.0,0.0
2024-08-19 00:00:00-04:00,236.72999572753906,242.10000610351562,235.82000732421875,241.50999450683594,241.50999450683594,238200,0.0,0.0
2024-08-20 00:00:00-04:00,241.64999389648438,242.38999938964844,237.91000366210938,238.9499969482422,238.9499969482422,135700,0.0,0.0
2024-08-21 00:00:00-04:00,240.00999450683594,243.35000610351562,238.6999969482422,242.89999389648438,242.89999389648438,144400,0.0,0.0
2024-08-22 00:00:00-04:00,244.0500030517578,245.52000427246094,241.4600067138672,243.99000549316406,243.99000549316406,184900,0.0,0.0
2024-08-23 00:00:00-04:00,245.67999267578125,247.24000549316406,243.58999633789062,244.91000366210938,244.91000366210938,164100,0.0,0.0
2024-08-26 00:00:00-04:00,246.16000366210938,246.97000122070312,243.6199951171875,244.02999877929688,244.02999877929688,136800,0.0,0.0
2024-08-27 00:00:00-04:00,243.0800018310547,246.0500030517578,242.02000427246094,244.3699951171875,244.3699951171875,157300,0.0,0.0
2024-08-28 00:00:00-04:00,244.49000549316406,244.50999450683594,241.5500030517578,241.55999755859375,241.55999755859375,220200,0.0,0.0
2024-08-29 00:00:00-04:00,242.22000122070312,244.7899932861328,240.42999267578125,242.05999755859375,242.05999755859375,346900,0.0,0.0
2024-08-30 00:00:00-04:00,242.72000122070312,245.9600067138672,241.33999633789062,245.89999389648438,245.89999389648438,171000,0.0,0.0
2024-09-03 00:00:00-04:00,244.2100067138672,244.99000549316406,235.08999633789062,236.50999450683594,236.50999450683594,321400,0.0,0.0
2024-09-04 00:00:00-04:00,236.35000610351562,238.52999877929688,235.36000061035156,237.0399932861328,237.0399932861328,184400,0.0,0.0
2024-09-05 00:00:00-04:00,236.75999450683594,237.25999450683594,232.22999572753906,236.33999633789062,236.33999633789062,181700,0.0,0.0
2024-09-06 00:00:00-04:00,236.33999633789062,238.25999450683594,231.22000122070312,231.75999450683594,231.75999450683594,257700,0.0,0.0
2024-09-09 00:00:00-04:00,235.49000549316406,237.4199981689453,232.91000366210938,234.8300018310547,234.8300018310547,226000,0.0,0.0
2024-09-10 00:00:00-04:00,235.8699951171875,241.13999938964844,234.97999572753906,239.14999389648438,239.14999389648438,342500,0.0,0.0
2024-09-11 00:00:00-04:00,237.55999755859375,240.17999267578125,232.75999450683594,239.82000732421875,239.82000732421875,188300,0.0,0.0
2024-09-12 00:00:00-04:00,239.32000732421875,240.67999267578125,236.32000732421875,240.47999572753906,240.47999572753906,209800,0.0,0.0
2024-09-13 00:00:00-04:00,241.9600067138672,246.6199951171875,241.6699981689453,243.97000122070312,243.97000122070312,120700,0.0,0.0
2024-09-16 00:00:00-04:00,244.08999633789062,247.52000427246094,243.97999572753906,244.3000030517578,244.3000030517578,156800,0.0,0.0
2024-09-17 00:00:00-04:00,244.99000549316406,245.1999969482422,241.13999938964844,241.82000732421875,241.82000732421875,134800,0.0,0.0
2024-09-18 00:00:00-04:00,242.0500030517578,244.02999877929688,238.60000610351562,239.8300018310547,239.8300018310547,160400,0.0,0.0
2024-09-19 00:00:00-04:00,244.05999755859375,247.74000549316406,242.61000061035156,247.4199981689453,247.4199981689453,164900,0.0,0.0
2024-09-20 00:00:00-04:00,246.2899932861328,247.14999389648438,243.8699951171875,246.8800048828125,246.8800048828125,303500,0.0,0.0
2024-09-23 00:00:00-04:00,248.36000061035156,251.64999389648438,248.3000030517578,249.19000244140625,249.19000244140625,180400,0.0,0.0
2024-09-24 00:00:00-04:00,249.47000122070312,250.0,246.64999389648438,248.36000061035156,248.36000061035156,132200,0.0,0.0
2024-09-25 00:00:00-04:00,248.85000610351562,248.85000610351562,244.6999969482422,245.75999450683594,245.75999450683594,138800,0.0,0.0
2024-09-26 00:00:00-04:00,247.61000061035156,248.0,243.07000732421875,243.27999877929688,243.27999877929688,225300,0.0,0.0
2024-09-27 00:00:00-04:00,243.22000122070312,243.22000122070312,237.50999450683594,238.42999267578125,238.42999267578125,329600,0.0,0.0
2024-09-30 00:00:00-04:00,237.52999877929688,242.16000366210938,237.52999877929688,241.7100067138672,241.7100067138672,224500,0.0,0.0
2024-10-01 00:00:00-04:00,241.3800048828125,243.10000610351562,238.8699951171875,240.9499969482422,240.9499969482422,143900,0.0,0.0
2024-10-02 00:00:00-04:00,239.57000732421875,243.17999267578125,239.4600067138672,242.6199951171875,242.6199951171875,158700,0.0,0.0
2024-10-03 00:00:00-04:00,242.0,244.6300048828125,240.91000366210938,243.60000610351562,243.60000610351562,189500,0.0,0.0
2024-10-04 00:00:00-04:00,245.50999450683594,248.0,244.60000610351562,245.7899932861328,245.7899932861328,296800,0.0,0.0
2024-10-07 00:00:00-04:00,244.07000732421875,246.7899932861328,243.75999450683594,246.58999633789062,246.58999633789062,150000,0.0,0.0
2024-10-08 00:00:00-04:00,248.4199981689453,252.5,247.6999969482422,251.42999267578125,251.42999267578125,185900,0.0,0.0
2024-10-09 00:00:00-04:00,251.9600067138672,254.94000244140625,251.9600067138672,254.22000122070312,254.22000122070312,331500,0.0,0.0
2024-10-10 00:00:00-04:00,252.38999938964844,255.27000427246094,251.4499969482422,254.36000061035156,254.36000061035156,242400,0.0,0.0
2024-10-11 00:00:00-04:00,254.82000732421875,258.5799865722656,254.82000732421875,258.54998779296875,258.54998779296875,189900,0.0,0.0
2024-10-14 00:00:00-04:00,260.0,261.80999755859375,258.07000732421875,259.69000244140625,259.69000244140625,303800,0.0,0.0
2024-10-15 00:00:00-04:00,260.739990234375,261.6300048828125,254.75,255.17999267578125,255.17999267578125,258300,0.0,0.0
2024-10-16 00:00:00-04:00,255.5800018310547,259.32000732421875,255.5800018310547,258.20001220703125,258.20001220703125,225100,0.0,0.0
2024-10-17 00:00:00-04:00,258.82000732421875,260.2799987792969,255.92999267578125,256.92999267578125,256.92999267578125,124400,0.0,0.0
2024-10-18 00:00:00-04:00,257.0799865722656,258.1000061035156,255.80999755859375,256.9599914550781,256.9599914550781,123800,0.0,0.0
2024-10-21 00:00:00-04:00,256.57000732421875,258.239990234375,255.17999267578125,257.95001220703125,257.95001220703125,104300,0.0,0.0
2024-10-22 00:00:00-04:00,255.85000610351562,258.5299987792969,254.33999633789062,257.9700012207031,257.9700012207031,142700,0.0,0.0
2024-10-23 00:00:00-04:00,256.8299865722656,258.57000732421875,254.55999755859375,256.7300109863281,256.7300109863281,161400,0.0,0.0
2024-10-24 00:00:00-04:00,257.45001220703125,257.45001220703125,254.4199981689453,255.49000549316406,255.49000549316406,109100,0.0,0.0
2024-10-25 00:00:00-04:00,256.4599914550781,256.4599914550781,252.22000122070312,253.8699951171875,253.8699951171875,190500,0.0,0.0
2024-10-28 00:00:00-04:00,254.7100067138672,257.8299865722656,253.2899932861328,256.5199890136719,256.5199890136719,173000,0.0,0.0
2024-10-29 00:00:00-04:00,259.0899963378906,267.1099853515625,258.3500061035156,263.3900146484375,263.3900146484375,534600,0.0,0.0
2024-10-30 00:00:00-04:00,235.0,244.47999572753906,220.10000610351562,235.14999389648438,235.14999389648438,1439700,0.0,0.0
2024-10-31 00:00:00-04:00,232.82000732421875,235.44000244140625,231.00999450683594,231.25999450683594,231.25999450683594,700200,0.0,0.0
2024-11-01 00:00:00-04:00,232.99000549316406,239.6199951171875,232.30999755859375,233.0,233.0,574500,0.0,0.0
2024-11-04 00:00:00-05:00,234.5399932861328,241.1199951171875,233.94000244140625,237.6999969482422,237.6999969482422,418300,0.0,0.0
2024-11-05 00:00:00-05:00,237.35000610351562,241.74000549316406,237.02999877929688,241.1999969482422,241.1999969482422,361500,0.0,0.0
2024-11-06 00:00:00-05:00,251.82000732421875,260.989990234375,251.1300048828125,259.6700134277344,259.6700134277344,797000,0.0,0.0
2024-11-07 00:00:00-05:00,260.42999267578125,264.69000244140625,256.7799987792969,259.29998779296875,259.29998779296875,331600,0.0,0.0
2024-11-08 00:00:00-05:00,260.0,261.6700134277344,257.75,260.260009765625,260.260009765625,314700,0.0,0.0
2024-11-11 00:00:00-05:00,264.1300048828125,265.7200012207031,261.45001220703125,263.1000061035156,263.1000061035156,197600,0.0,0.0
2024-11-12 00:00:00-05:00,263.55999755859375,264.57000732421875,259.2799987792969,260.6300048828125,260.6300048828125,262500,0.0,0.0
2024-11-13 00:00:00-05:00,260.8299865722656,261.760009765625,258.7099914550781,259.0899963378906,259.0899963378906,314700,0.0,0.0
2024-11-14 00:00:00-05:00,258.0,259.2300109863281,249.14999389648438,250.55999755859375,250.55999755859375,243100,0.0,0.0
2024-11-15 00:00:00-05:00,249.77999877929688,252.4199981689453,247.14999389648438,247.38999938964844,247.38999938964844,278200,0.0,0.0
2024-11-18 00:00:00-05:00,246.52999877929688,247.3300018310547,241.49000549316406,243.57000732421875,243.57000732421875,270700,0.0,0.0
2024-11-19 00:00:00-05:00,240.52999877929688,246.89999389648438,240.0,246.75999450683594,246.75999450683594,230200,0.0,0.0
2024-11-20 00:00:00-05:00,246.75999450683594,248.25,243.83999633789062,247.47000122070312,247.47000122070312,245500,0.0,0.0
2024-11-21 00:00:00-05:00,247.80999755859375,251.80999755859375,246.1199951171875,250.02999877929688,250.02999877929688,202000,0.0,0.0
2024-11-22 00:00:00-05:00,249.94000244140625,254.35000610351562,249.94000244140625,252.5,252.5,353600,0.0,0.0
2024-11-25 00:00:00-05:00,255.02999877929688,261.9599914550781,255.02999877929688,259.0,259.0,376900,0.0,0.0
2024-11-26 00:00:00-05:00,258.5,261.7799987792969,258.07000732421875,259.95001220703125,259.95001220703125,259100,0.0,0.0
2024-11-27 00:00:00-05:00,261.3299865722656,263.42999267578125,257.4599914550781,257.67999267578125,257.67999267578125,305600,0.0,0.0
2024-11-29 00:00:00-05:00,259.04998779296875,261.3599853515625,258.32000732421875,260.0899963378906,260.0899963378906,186400,0.0,0.0
2024-12-02 00:00:00-05:00,260.510009765625,260.6600036621094,255.0500030517578,255.17999267578125,255.17999267578125,166100,0.0,0.0
2024-12-03 00:00:00-05:00,254.3300018310547,256.760009765625,252.77999877929688,256.2200012207031,256.2200012207031,182900,0.0,0.0
2024-12-04 00:00:00-05:00,256.2200012207031,257.5,254.75999450683594,255.69000244140625,255.69000244140625,208000,0.0,0.0
2024-12-05 00:00:00-05:00,253.52999877929688,255.44000244140625,246.5500030517578,246.67999267578125,246.67999267578125,323300,0.0,0.0
2024-12-06 00:00:00-05:00,248.5800018310547,250.22000122070312,246.33999633789062,248.0,248.0,336700,0.0,0.0
2024-12-09 00:00:00-05:00,247.9499969482422,248.27000427246094,240.63999938964844,240.86000061035156,240.86000061035156,345600,0.0,0.0
2024-12-10 00:00:00-05:00,240.7899932861328,244.57000732421875,238.66000366210938,242.11000061035156,242.11000061035156,347600,0.0,0.0
2024-12-11 00:00:00-05:00,246.13999938964844,252.25999450683594,246.13999938964844,251.9499969482422,251.9499969482422,422900,0.0,0.0
2024-12-12 00:00:00-05:00,252.0,253.14999389648438,246.92999267578125,247.47999572753906,247.47999572753906,219500,0.0,0.0
2024-12-13 00:00:00-05:00,247.27999877929688,248.38999938964844,242.8300018310547,244.27999877929688,244.27999877929688,160500,0.0,0.0
2024-12-16 00:00:00-05:00,245.05999755859375,250.3699951171875,243.64999389648438,247.47000122070312,247.47000122070312,205700,0.0,0.0
2024-12-17 00:00:00-05:00,244.3699951171875,245.4600067138672,238.5800018310547,239.5399932861328,239.5399932861328,282400,0.0,0.0
2024-12-18 00:00:00-05:00,239.94000244140625,244.2100067138672,234.8300018310547,235.0500030517578,235.0500030517578,432200,0.0,0.0
2024-12-19 00:00:00-05:00,236.52000427246094,240.24000549316406,232.75999450683594,233.60000610351562,233.60000610351562,294900,0.0,0.0
2024-12-20 00:00:00-05:00,231.97000122070312,235.27999877929688,229.69000244140625,230.52999877929688,230.52999877929688,955000,0.0,0.0
2024-12-23 00:00:00-05:00,230.00999450683594,230.00999450683594,226.00999450683594,228.61000061035156,228.61000061035156,370400,0.0,0.0
2024-12-24 00:00:00-05:00,228.61000061035156,231.5800018310547,227.7100067138672,230.94000244140625,230.94000244140625,117400,0.0,0.0
2024-12-26 00:00:00-05:00,228.99000549316406,233.02000427246094,228.94000244140625,231.3300018310547,231.3300018310547,136500,0.0,0.0
2024-12-27 00:00:00-05:00,229.10000610351562,231.5500030517578,226.72999572753906,229.57000732421875,229.57000732421875,177500,0.0,0.0
2024-12-30 00:00:00-05:00,227.0,231.3000030517578,226.5500030517578,230.16000366210938,230.16000366210938,233100,0.0,0.0
2024-12-31 00:00:00-05:00,231.72000122070312,232.9499969482422,228.75,230.13999938964844,230.13999938964844,276700,0.0,0.0
2025-01-02 00:00:00-05:00,231.35000610351562,234.30999755859375,228.49000549316406,229.5,229.5,363900,0.0,0.0
2025-01-03 00:00:00-05:00,229.5500030517578,232.25999450683594,226.41000366210938,231.77000427246094,231.77000427246094,236100,0.0,0.0
2025-01-06 00:00:00-05:00,232.52000427246094,235.0,229.4600067138672,229.9199981689453,229.9199981689453,258700,0.0,0.0
2025-01-07 00:00:00-05:00,230.75,232.9199981689453,227.3800048828125,228.27000427246094,228.27000427246094,376100,0.0,0.0
2025-01-08 00:00:00-05:00,228.1300048828125,230.80999755859375,227.00999450683594,230.0800018310547,230.0800018310547,413100,0.0,0.0
2025-01-10 00:00:00-05:00,227.77000427246094,231.1699981689453,227.24000549316406,229.7100067138672,229.7100067138672,308000,0.0,0.0
2025-01-13 00:00:00-05:00,227.25999450683594,230.17999267578125,227.25999450683594,229.9600067138672,229.9600067138672,307300,0.0,0.0
2025-01-14 00:00:00-05:00,231.00999450683594,235.89999389648438,230.52999877929688,234.89999389648438,234.89999389648438,350500,0.0,0.0
2025-01-15 00:00:00-05:00,239.0399932861328,240.1999969482422,235.75999450683594,237.0,237.0,306300,0.0,0.0
2025-01-16 00:00:00-05:00,237.5800018310547,241.3000030517578,236.94000244140625,239.22000122070312,239.22000122070312,417100,0.0,0.0
2025-01-17 00:00:00-05:00,240.6999969482422,242.91000366210938,239.07000732421875,241.0399932861328,241.0399932861328,388000,0.0,0.0
2025-01-21 00:00:00-05:00,244.05999755859375,247.50999450683594,243.49000549316406,246.10000610351562,246.10000610351562,380300,0.0,0.0
2025-01-22 00:00:00-05:00,247.39999389648438,247.4199981689453,243.32000732421875,243.47000122070312,243.47000122070312,259000,0.0,0.0
2025-01-23 00:00:00-05:00,242.25,242.97000122070312,239.11000061035156,241.80999755859375,241.80999755859375,236200,0.0,0.0
2025-01-24 00:00:00-05:00,240.77000427246094,242.97000122070312,238.0500030517578,239.74000549316406,239.74000549316406,359900,0.0,0.0
2025-01-27 00:00:00-05:00,233.94000244140625,239.4600067138672,229.58999633789062,237.9499969482422,237.9499969482422,406500,0.0,0.0
2025-01-28 00:00:00-05:00,238.33999633789062,239.5399932861328,234.19000244140625,236.07000732421875,236.07000732421875,234600,0.0,0.0
2025-01-29 00:00:00-05:00,235.14999389648438,238.3300018310547,234.5,235.0,235.0,294800,0.0,0.0
2025-01-30 00:00:00-05:00,236.75,240.6300048828125,235.44000244140625,238.5399932861328,238.5399932861328,284400,0.0,0.0
2025-01-31 00:00:00-05:00,238.67999267578125,239.85000610351562,232.4600067138672,233.0,233.0,448000,0.0,0.0
2025-02-03 00:00:00-05:00,228.47000122070312,235.14999389648438,227.5399932861328,234.19000244140625,234.19000244140625,325400,0.0,0.0
2025-02-04 00:00:00-05:00,233.6300048828125,236.08999633789062,232.17999267578125,235.2100067138672,235.2100067138672,244400,0.0,0.0
2025-02-05 00:00:00-05:00,236.9600067138672,238.24000549316406,234.6300048828125,236.24000549316406,236.24000549316406,222900,0.0,0.0
2025-02-06 00:00:00-05:00,236.0,237.13999938964844,233.11000061035156,236.85000610351562,236.85000610351562,227600,0.0,0.0
2025-02-07 00:00:00-05:00,237.02999877929688,237.2100067138672,232.7100067138672,234.3699951171875,234.3699951171875,385900,0.0,0.0
2025-02-10 00:00:00-05:00,235.6699981689453,237.6699981689453,233.77000427246094,235.72999572753906,235.72999572753906,207900,0.0,0.0
2025-02-11 00:00:00-05:00,234.36000061035156,235.0500030517578,232.19000244140625,233.97000122070312,233.97000122070312,288800,0.0,0.0
2025-02-12 00:00:00-05:00,230.82000732421875,233.36000061035156,230.82000732421875,231.6699981689453,231.6699981689453,206800,0.0,0.0
2025-02-13 00:00:00-05:00,232.50999450683594,234.3000030517578,230.0,231.0800018310547,231.0800018310547,396700,0.0,0.0
2025-02-14 00:00:00-05:00,233.19000244140625,233.5800018310547,228.6199951171875,229.77999877929688,229.77999877929688,399700,0.0,0.0
2025-02-18 00:00:00-05:00,228.7899932861328,230.61000061035156,223.72999572753906,226.6999969482422,226.6999969482422,1177500,0.0,0.0
2025-02-19 00:00:00-05:00,226.6999969482422,226.6999969482422,212.22000122070312,219.8000030517578,219.8000030517578,1897000,0.0,0.0
2025-02-20 00:00:00-05:00,217.0,217.42999267578125,210.44000244140625,212.17999267578125,212.17999267578125,947700,0.0,0.0
2025-02-21 00:00:00-05:00,215.0,218.92999267578125,211.3000030517578,218.00999450683594,218.00999450683594,1006300,0.0,0.0
2025-02-24 00:00:00-05:00,218.0,218.72000122070312,211.60000610351562,211.64999389648438,211.64999389648438,997400,0.0,0.0
2025-02-25 00:00:00-05:00,211.52999877929688,214.2899932861328,209.44000244140625,214.22000122070312,214.22000122070312,617300,0.0,0.0
2025-02-26 00:00:00-05:00,214.35000610351562,217.36000061035156,212.72999572753906,213.58999633789062,213.58999633789062,318400,0.0,0.0
2025-02-27 00:00:00-05:00,213.57000732421875,215.0,209.9600067138672,210.52000427246094,210.52000427246094,362400,0.0,0.0
2025-02-28 00:00:00-05:00,210.75999450683594,213.69000244140625,209.27999877929688,213.5500030517578,213.5500030517578,624500,0.0,0.0
2025-03-03 00:00:00-05:00,214.10000610351562,215.86000061035156,207.3300018310547,207.7899932861328,207.7899932861328,480900,0.0,0.0
2025-03-04 00:00:00-05:00,205.11000061035156,205.11000061035156,198.8300018310547,201.27999877929688,201.27999877929688,686600,0.0,0.0
2025-03-05 00:00:00-05:00,201.50999450683594,203.00999450683594,198.14999389648438,202.2100067138672,202.2100067138672,740100,0.0,0.0
2025-03-06 00:00:00-05:00,198.4600067138672,202.2100067138672,196.66000366210938,197.52999877929688,197.52999877929688,292700,0.0,0.0
2025-03-07 00:00:00-05:00,197.5,199.63999938964844,192.3699951171875,197.07000732421875,197.07000732421875,527900,0.0,0.0
2025-03-10 00:00:00-04:00,194.7100067138672,196.02000427246094,187.80999755859375,188.13999938964844,188.13999938964844,897200,0.0,0.0
2025-03-11 00:00:00-04:00,188.39999389648438,193.9600067138672,186.5399932861328,192.1300048828125,192.1300048828125,805300,0.0,0.0
2025-03-12 00:00:00-04:00,194.5399932861328,198.42999267578125,192.97000122070312,195.14999389648438,195.14999389648438,537900,0.0,0.0
2025-03-13 00:00:00-04:00,194.63999938964844,194.63999938964844,188.77000427246094,189.60000610351562,189.60000610351562,400700,0.0,0.0
2025-03-14 00:00:00-04:00,191.36000061035156,193.9499969482422,191.25999450683594,192.89999389648438,192.89999389648438,467600,0.0,0.0
2025-03-17 00:00:00-04:00,192.16000366210938,195.32000732421875,192.16000366210938,193.8000030517578,193.8000030517578,350600,0.0,0.0
2025-03-18 00:00:00-04:00,193.1199951171875,196.6300048828125,193.1199951171875,194.91000366210938,194.91000366210938,403700,0.0,0.0
2025-03-19 00:00:00-04:00,194.3800048828125,198.39999389648438,194.3800048828125,196.75999450683594,196.75999450683594,378900,0.0,0.0
2025-03-20 00:00:00-04:00,195.1199951171875,199.75,193.94000244140625,197.89999389648438,197.89999389648438,495800,0.0,0.0
2025-03-21 00:00:00-04:00,196.38999938964844,197.1699981689453,193.72000122070312,196.42999267578125,196.42999267578125,509400,0.0,0.0
2025-03-24 00:00:00-04:00,198.9199981689453,200.97000122070312,198.9199981689453,200.3000030517578,200.3000030517578,256800,0.0,0.0
2025-03-25 00:00:00-04:00,200.32000732421875,202.0800018310547,197.72999572753906,200.74000549316406,200.74000549316406,353400,0.0,0.0
2025-03-26 00:00:00-04:00,201.3699951171875,202.22999572753906,198.88999938964844,199.4199981689453,199.4199981689453,293200,0.0,0.0
2025-03-27 00:00:00-04:00,199.24000549316406,202.49000549316406,197.92999267578125,199.42999267578125,199.42999267578125,243500,0.0,0.0
2025-03-28 00:00:00-04:00,199.19000244140625,199.77999877929688,195.38999938964844,197.14999389648438,197.14999389648438,421800,0.0,0.0
2025-03-31 00:00:00-04:00,194.9600067138672,197.75,193.16000366210938,197.10000610351562,197.10000610351562,653000,0.0,0.0
2025-04-01 00:00:00-04:00,196.66000366210938,200.92999267578125,195.75,200.8300018310547,200.8300018310547,500600,0.0,0.0
2025-04-02 00:00:00-04:00,197.4499969482422,206.07000732421875,196.02000427246094,205.92999267578125,205.92999267578125,445200,0.0,0.0
2025-04-03 00:00:00-04:00,198.11000061035156,199.97000122070312,194.1300048828125,198.50999450683594,198.50999450683594,632500,0.0,0.0
2025-04-04 00:00:00-04:00,190.19000244140625,193.91000366210938,184.52000427246094,189.3000030517578,189.3000030517578,894700,0.0,0.0
2025-04-07 00:00:00-04:00,184.0,194.10000610351562,178.2899932861328,186.36000061035156,186.36000061035156,871500,0.0,0.0
2025-04-08 00:00:00-04:00,192.69000244140625,195.5500030517578,179.6300048828125,182.10000610351562,182.10000610351562,615100,0.0,0.0
2025-04-09 00:00:00-04:00,179.49000549316406,199.64999389648438,179.47000122070312,197.83999633789062,197.83999633789062,738200,0.0,0.0
2025-04-10 00:00:00-04:00,194.1699981689453,196.2899932861328,189.22000122070312,194.05999755859375,194.05999755859375,497700,0.0,0.0
2025-04-11 00:00:00-04:00,193.83999633789062,201.89999389648438,193.13999938964844,200.3000030517578,200.3000030517578,563300,0.0,0.0
2025-04-14 00:00:00-04:00,203.3000030517578,205.52999877929688,199.66000366210938,202.4199981689453,202.4199981689453,425500,0.0,0.0
2025-04-15 00:00:00-04:00,203.2100067138672,206.35000610351562,202.14999389648438,205.97999572753906,205.97999572753906,654300,0.0,0.0
2025-04-16 00:00:00-04:00,205.32000732421875,206.82000732421875,201.35000610351562,204.75,204.75,752700,0.0,0.0
2025-04-17 00:00:00-04:00,205.3800048828125,208.0,204.94000244140625,206.94000244140625,206.94000244140625,348500,0.0,0.0
2025-04-21 00:00:00-04:00,206.0800018310547,207.44000244140625,202.0399932861328,204.39999389648438,204.39999389648438,560700,0.0,0.0
2025-04-22 00:00:00-04:00,207.11000061035156,210.0,206.4199981689453,208.3800048828125,208.3800048828125,565200,0.0,0.0
2025-04-23 00:00:00-04:00,213.83999633789062,214.5,208.30999755859375,209.57000732421875,209.57000732421875,280300,0.0,0.0
2025-04-24 00:00:00-04:00,209.52999877929688,212.6300048828125,207.85000610351562,212.0,212.0,270400,0.0,0.0
2025-04-25 00:00:00-04:00,211.0,212.58999633789062,209.3300018310547,211.94000244140625,211.94000244140625,307400,0.0,0.0
2025-04-28 00:00:00-04:00,211.88999938964844,213.92999267578125,210.0,212.6300048828125,212.6300048828125,360600,0.0,0.0
2025-04-29 00:00:00-04:00,211.5500030517578,214.08999633789062,209.47000122070312,214.08999633789062,214.08999633789062,470200,0.0,0.0
2025-04-30 00:00:00-04:00,203.75,214.57000732421875,203.75,213.94000244140625,213.94000244140625,895600,0.0,0.0
2025-05-01 00:00:00-04:00,218.00999450683594,221.1300048828125,216.0800018310547,217.3800048828125,217.3800048828125,569300,0.0,0.0
2025-05-02 00:00:00-04:00,219.64999389648438,223.5,219.22999572753906,222.11000061035156,222.11000061035156,358100,0.0,0.0
2025-05-05 00:00:00-04:00,221.38999938964844,224.0,220.66000366210938,222.7899932861328,222.7899932861328,265700,0.0,0.0
2025-05-06 00:00:00-04:00,220.75,222.8300018310547,219.80999755859375,222.10000610351562,222.10000610351562,288700,0.0,0.0
2025-05-07 00:00:00-04:00,222.5,223.8699951171875,221.14999389648438,222.63999938964844,222.63999938964844,336400,0.0,0.0
2025-05-08 00:00:00-04:00,224.8800048828125,229.67999267578125,224.10000610351562,226.6999969482422,226.6999969482422,324700,0.0,0.0
2025-05-09 00:00:00-04:00,226.6699981689453,228.72999572753906,223.3000030517578,225.66000366210938,225.66000366210938,226800,0.0,0.0
2025-05-12 00:00:00-04:00,230.38999938964844,230.38999938964844,225.6199951171875,228.5399932861328,228.5399932861328,327200,0.0,0.0
2025-05-13 00:00:00-04:00,229.47999572753906,231.08999633789062,227.9199981689453,228.8000030517578,228.8000030517578,482300,0.0,0.0
2025-05-14 00:00:00-04:00,228.19000244140625,230.25,227.5,229.92999267578125,229.92999267578125,345100,0.0,0.0
2025-05-15 00:00:00-04:00,229.75,230.38999938964844,228.22999572753906,229.64999389648438,229.64999389648438,268300,0.0,0.0
2025-05-16 00:00:00-04:00,229.9199981689453,233.0399932861328,228.38999938964844,232.89999389648438,232.89999389648438,230000,0.0,0.0
2025-05-19 00:00:00-04:00,231.1199951171875,232.63999938964844,229.1999969482422,232.4600067138672,232.4600067138672,256700,0.0,0.0
2025-05-20 00:00:00-04:00,235.42999267578125,235.42999267578125,232.72999572753906,233.5,233.5,266700,0.0,0.0
2025-05-21 00:00:00-04:00,231.64999389648438,232.33999633789062,227.9499969482422,228.1199951171875,228.1199951171875,224600,0.0,0.0
2025-05-22 00:00:00-04:00,228.39999389648438,229.0,225.17999267578125,227.72000122070312,227.72000122070312,209300,0.0,0.0
2025-05-23 00:00:00-04:00,226.13999938964844,227.97999572753906,224.11000061035156,226.50999450683594,226.50999450683594,301100,0.0,0.0
2025-05-27 00:00:00-04:00,228.39999389648438,229.19000244140625,226.25999450683594,229.13999938964844,229.13999938964844,388400,0.0,0.0
2025-05-28 00:00:00-04:00,229.86000061035156,229.86000061035156,226.80999755859375,226.80999755859375,226.80999755859375,179300,0.0,0.0
2025-05-29 00:00:00-04:00,226.86000061035156,227.02000427246094,223.86000061035156,225.6699981689453,225.6699981689453,170000,0.0,0.0
2025-05-30 00:00:00-04:00,226.22000122070312,227.3800048828125,223.75999450683594,226.7899932861328,226.7899932861328,219200,0.0,0.0
2025-06-02 00:00:00-04:00,225.55999755859375,226.74000549316406,223.7899932861328,225.77000427246094,225.77000427246094,169500,0.0,0.0
2025-06-03 00:00:00-04:00,225.89999389648438,227.3800048828125,225.17999267578125,226.55999755859375,226.55999755859375,227800,0.0,0.0
2025-06-04 00:00:00-04:00,227.0800018310547,227.0800018310547,224.02000427246094,224.10000610351562,224.10000610351562,406600,0.0,0.0
2025-06-05 00:00:00-04:00,224.0800018310547,225.0,222.86000061035156,224.72999572753906,224.72999572753906,360200,0.0,0.0
2025-06-06 00:00:00-04:00,226.47999572753906,227.52000427246094,224.0800018310547,225.97999572753906,225.97999572753906,317800,0.0,0.0
2025-06-09 00:00:00-04:00,226.22000122070312,226.74000549316406,222.58999633789062,225.32000732421875,225.32000732421875,437500,0.0,0.0
2025-06-10 00:00:00-04:00,225.39999389648438,226.0500030517578,223.52999877929688,224.13999938964844,224.13999938964844,283100,0.0,0.0
2025-06-11 00:00:00-04:00,225.35000610351562,226.69000244140625,222.41000366210938,225.80999755859375,225.80999755859375,384600,0.0,0.0
2025-06-12 00:00:00-04:00,225.74000549316406,228.30999755859375,224.13999938964844,227.49000549316406,227.49000549316406,228900,0.0,0.0
2025-06-13 00:00:00-04:00,226.74000549316406,228.3800048828125,225.72000122070312,226.86000061035156,226.86000061035156,249400,0.0,0.0
2025-06-16 00:00:00-04:00,228.3000030517578,230.38999938964844,226.49000549316406,226.67999267578125,226.67999267578125,187800,0.0,0.0
2025-06-17 00:00:00-04:00,224.58999633789062,226.5,223.63999938964844,225.57000732421875,225.57000732421875,368400,0.0,0.0
2025-06-18 00:00:00-04:00,224.97000122070312,226.82000732421875,220.9600067138672,226.33999633789062,226.33999633789062,357400,0.0,0.0
2025-06-20 00:00:00-04:00,227.75,228.61000061035156,225.19000244140625,226.02000427246094,226.02000427246094,446600,0.0,0.0
2025-06-23 00:00:00-04:00,226.0399932861328,230.0,224.88999938964844,230.0,230.0,329500,0.0,0.0
2025-06-24 00:00:00-04:00,230.6199951171875,233.2100067138672,226.8000030517578,232.64999389648438,232.64999389648438,338000,0.0,0.0
2025-06-25 00:00:00-04:00,233.32000732421875,233.3699951171875,227.99000549316406,228.4499969482422,228.4499969482422,276300,0.0,0.0
2025-06-26 00:00:00-04:00,230.75,232.08999633789062,228.61000061035156,230.25,230.25,500600,0.0,0.0
2025-06-27 00:00:00-04:00,230.0,231.83999633789062,229.02999877929688,231.0500030517578,231.0500030517578,506500,0.0,0.0
2025-06-30 00:00:00-04:00,231.47999572753906,232.5500030517578,230.6999969482422,231.17999267578125,231.17999267578125,224500,0.0,0.0
2025-07-01 00:00:00-04:00,229.85000610351562,232.02999877929688,228.0800018310547,229.5500030517578,229.5500030517578,647300,0.0,0.0
2025-07-02 00:00:00-04:00,229.3300018310547,230.99000549316406,226.9600067138672,230.33999633789062,230.33999633789062,402100,0.0,0.0
2025-07-03 00:00:00-04:00,231.25999450683594,234.74000549316406,231.0500030517578,234.14999389648438,234.14999389648438,332400,0.0,0.0
2025-07-07 00:00:00-04:00,234.1699981689453,235.83999633789062,231.9499969482422,234.7100067138672,234.7100067138672,422500,0.0,0.0
2025-07-08 00:00:00-04:00,234.0,235.47999572753906,232.1999969482422,232.1999969482422,232.1999969482422,298100,0.0,0.0
2025-07-09 00:00:00-04:00,232.63999938964844,233.8699951171875,230.35000610351562,230.49000549316406,230.49000549316406,236200,0.0,0.0
2025-07-10 00:00:00-04:00,230.05999755859375,233.05999755859375,228.75,231.25,231.25,386200,0.0,0.0
2025-07-11 00:00:00-04:00,230.47000122070312,234.72000122070312,230.2899932861328,232.8800048828125,232.8800048828125,298300,0.0,0.0
2025-07-14 00:00:00-04:00,232.72999572753906,234.6199951171875,231.1699981689453,231.52999877929688,231.52999877929688,418500,0.0,0.0
2025-07-15 00:00:00-04:00,231.16000366210938,232.5,228.6699981689453,228.75,228.75,327200,0.0,0.0
2025-07-16 00:00:00-04:00,228.75,230.0800018310547,225.55999755859375,227.9499969482422,227.9499969482422,306700,0.0,0.0
2025-07-17 00:00:00-04:00,227.19000244140625,229.9199981689453,226.22000122070312,228.85000610351562,228.85000610351562,358400,0.0,0.0
2025-07-18 00:00:00-04:00,229.41000366210938,229.41000366210938,227.2100067138672,227.75999450683594,227.75999450683594,383600,0.0,0.0
2025-07-21 00:00:00-04:00,227.97000122070312,228.64999389648438,225.80999755859375,225.83999633789062,225.83999633789062,325900,0.0,0.0
2025-07-22 00:00:00-04:00,226.3000030517578,228.5800018310547,226.00999450683594,227.2899932861328,227.2899932861328,330600,0.0,0.0
2025-07-23 00:00:00-04:00,227.85000610351562,230.33999633789062,226.22000122070312,229.9199981689453,229.9199981689453,360700,0.0,0.0
2025-07-24 00:00:00-04:00,229.3000030517578,231.25999450683594,227.4499969482422,230.92999267578125,230.92999267578125,265500,0.0,0.0
2025-07-25 00:00:00-04:00,232.35000610351562,235.8800048828125,231.41000366210938,235.2100067138672,235.2100067138672,358000,0.0,0.0
2025-07-28 00:00:00-04:00,235.2100067138672,236.55999755859375,233.38999938964844,234.0800018310547,234.0800018310547,385000,0.0,0.0
2025-07-29 00:00:00-04:00,237.35000610351562,239.33999633789062,235.9499969482422,238.2899932861328,238.2899932861328,496300,0.0,0.0
2025-07-30 00:00:00-04:00,223.0399932861328,236.74000549316406,218.4600067138672,230.92999267578125,230.92999267578125,1015600,0.0,0.0
2025-07-31 00:00:00-04:00,232.11000061035156,236.80999755859375,230.91000366210938,235.80999755859375,235.80999755859375,622700,0.0,0.0
2025-08-01 00:00:00-04:00,234.32000732421875,235.52999877929688,231.44000244140625,234.1699981689453,234.1699981689453,513900,0.0,0.0
2025-08-04 00:00:00-04:00,235.02000427246094,236.8300018310547,234.0800018310547,236.42999267578125,236.42999267578125,442600,0.0,0.0
2025-08-05 00:00:00-04:00,236.2100067138672,242.27000427246094,236.2100067138672,241.97000122070312,241.97000122070312,492700,0.0,0.0
2025-08-06 00:00:00-04:00,242.3300018310547,243.82000732421875,240.0800018310547,242.39999389648438,242.39999389648438,434800,0.0,0.0
2025-08-07 00:00:00-04:00,244.0,244.49000549316406,239.89999389648438,242.10000610351562,242.10000610351562,352400,0.0,0.0
2025-08-08 00:00:00-04:00,242.10000610351562,243.00999450683594,235.5399932861328,237.25,237.25,428000,0.0,0.0
2025-08-11 00:00:00-04:00,237.02000427246094,238.69000244140625,236.72000122070312,238.02999877929688,238.02999877929688,246100,0.0,0.0
2025-08-12 00:00:00-04:00,239.00999450683594,245.22999572753906,238.3300018310547,245.05999755859375,245.05999755859375,365100,0.0,0.0
2025-08-13 00:00:00-04:00,246.4199981689453,251.42999267578125,246.22000122070312,250.42999267578125,250.42999267578125,543400,0.0,0.0
2025-08-14 00:00:00-04:00,250.17999267578125,251.05999755859375,245.22000122070312,247.0500030517578,247.0500030517578,454400,0.0,0.0
2025-08-15 00:00:00-04:00,246.86000061035156,248.47999572753906,243.11000061035156,243.1300048828125,243.1300048828125,298500,0.0,0.0
2025-08-18 00:00:00-04:00,243.35000610351562,244.10000610351562,241.63999938964844,242.42999267578125,242.42999267578125,209400,0.0,0.0
2025-08-19 00:00:00-04:00,242.14999389648438,245.42999267578125,242.14999389648438,245.0399932861328,245.0399932861328,205600,0.0,0.0
2025-08-20 00:00:00-04:00,245.38999938964844,245.99000549316406,243.02999877929688,243.97999572753906,243.97999572753906,300600,0.0,0.0
2025-08-21 00:00:00-04:00,242.97999572753906,246.0500030517578,242.27999877929688,244.55999755859375,244.55999755859375,263800,0.0,0.0
2025-08-22 00:00:00-04:00,245.80999755859375,249.5,244.83999633789062,248.49000549316406,248.49000549316406,219500,0.0,0.0
2025-08-25 00:00:00-04:00,247.9499969482422,248.8300018310547,244.11000061035156,244.30999755859375,244.30999755859375,197100,0.0,0.0
2025-08-26 00:00:00-04:00,244.1300048828125,246.42999267578125,244.0,244.32000732421875,244.32000732421875,310600,0.0,0.0
2025-08-27 00:00:00-04:00,243.88999938964844,246.8000030517578,243.88999938964844,245.61000061035156,245.61000061035156,273600,0.0,0.0
2025-08-28 00:00:00-04:00,244.99000549316406,245.63999938964844,242.58999633789062,243.67999267578125,243.67999267578125,236700,0.0,0.0
2025-08-29 00:00:00-04:00,243.72999572753906,246.52000427246094,240.94000244140625,242.2100067138672,242.2100067138672,436100,0.0,0.0
2025-09-02 00:00:00-04:00,240.5800018310547,241.52999877929688,237.0,240.8699951171875,240.8699951171875,187900,0.0,0.0
2025-09-03 00:00:00-04:00,239.5800018310547,241.0500030517578,238.8699951171875,240.94000244140625,240.94000244140625,270300,0.0,0.0
2025-09-04 00:00:00-04:00,241.08999633789062,245.52999877929688,240.64999389648438,245.1300048828125,245.1300048828125,266300,0.0,0.0
2025-09-05 00:00:00-04:00,246.0,247.19000244140625,235.75,236.25,236.25,869900,0.0,0.0
2025-09-08 00:00:00-04:00,236.6999969482422,239.6199951171875,234.85000610351562,238.32000732421875,238.32000732421875,539600,0.0,0.0
2025-09-09 00:00:00-04:00,238.1199951171875,238.1199951171875,234.6300048828125,236.5,236.5,286300,0.0,0.0
2025-09-10 00:00:00-04:00,236.0,237.3699951171875,232.88999938964844,234.3800048828125,234.3800048828125,341100,0.0,0.0
2025-09-11 00:00:00-04:00,234.0,239.0800018310547,234.0,238.5,238.5,261700,0.0,0.0
2025-09-12 00:00:00-04:00,238.36000061035156,238.36000061035156,234.74000549316406,236.02999877929688,236.02999877929688,242700,0.0,0.0
2025-09-15 00:00:00-04:00,236.35000610351562,237.25999450683594,234.0,234.8699951171875,234.8699951171875,249600,0.0,0.0
2025-09-16 00:00:00-04:00,234.7100067138672,235.47999572753906,231.44000244140625,235.41000366210938,235.41000366210938,456400,0.0,0.0
2025-09-17 00:00:00-04:00,235.39999389648438,239.05999755859375,233.3300018310547,236.33999633789062,236.33999633789062,458100,0.0,0.0
2025-09-18 00:00:00-04:00,236.77999877929688,238.66000366210938,234.8300018310547,237.13999938964844,237.13999938964844,296900,0.0,0.0
2025-09-19 00:00:00-04:00,237.3699951171875,237.3699951171875,232.44000244140625,234.55999755859375,234.55999755859375,831500,0.0,0.0
2025-09-22 00:00:00-04:00,235.1699981689453,237.7100067138672,233.4600067138672,236.99000549316406,236.99000549316406,229100,0.0,0.0
2025-09-23 00:00:00-04:00,237.74000549316406,239.22000122070312,234.80999755859375,236.13999938964844,236.13999938964844,223200,0.0,0.0
2025-09-24 00:00:00-04:00,236.07000732421875,236.97000122070312,232.94000244140625,233.00999450683594,233.00999450683594,316000,0.0,0.0
2025-09-25 00:00:00-04:00,232.80999755859375,233.6199951171875,231.1699981689453,231.77999877929688,231.77999877929688,435500,0.0,0.0
2025-09-26 00:00:00-04:00,233.16000366210938,234.00999450683594,230.7100067138672,231.9499969482422,231.9499969482422,377900,0.0,0.0
2025-09-29 00:00:00-04:00,232.08999633789062,233.49000549316406,229.89999389648438,233.4600067138672,233.4600067138672,335400,0.0,0.0
2025-09-30 00:00:00-04:00,233.25,234.3699951171875,229.49000549316406,232.22000122070312,232.22000122070312,454100,0.0,0.0
2025-10-01 00:00:00-04:00,230.72999572753906,231.64999389648438,227.80999755859375,228.0800018310547,228.0800018310547,449400,0.0,0.0
2025-10-02 00:00:00-04:00,227.3300018310547,229.7100067138672,226.49000549316406,227.3699951171875,227.3699951171875,376900,0.0,0.0
2025-10-03 00:00:00-04:00,228.00999450683594,230.08999633789062,226.22999572753906,228.33999633789062,228.33999633789062,283400,0.0,0.0
2025-10-06 00:00:00-04:00,228.6999969482422,232.74000549316406,226.6699981689453,232.27999877929688,232.27999877929688,473300,0.0,0.0
2025-10-07 00:00:00-04:00,232.2899932861328,232.66000366210938,228.7100067138672,232.0,232.0,717100,0.0,0.0
2025-10-08 00:00:00-04:00,233.0800018310547,235.63999938964844,231.30999755859375,235.5,235.5,358800,0.0,0.0
2025-10-09 00:00:00-04:00,234.99000549316406,237.39999389648438,228.6300048828125,232.22000122070312,232.22000122070312,772100,0.0,0.0
2025-10-10 00:00:00-04:00,232.60000610351562,235.42999267578125,229.72999572753906,233.9499969482422,233.9499969482422,737300,0.0,0.0
2025-10-13 00:00:00-04:00,233.85000610351562,237.74000549316406,232.44000244140625,236.97000122070312,236.97000122070312,657000,0.0,0.0
2025-10-14 00:00:00-04:00,235.80999755859375,239.25999450683594,234.42999267578125,235.99000549316406,235.99000549316406,450700,0.0,0.0
2025-10-15 00:00:00-04:00,236.1699981689453,238.50999450683594,228.4199981689453,231.85000610351562,231.85000610351562,551300,0.0,0.0
2025-10-16 00:00:00-04:00,232.36000061035156,232.92999267578125,228.63999938964844,232.10000610351562,232.10000610351562,592900,0.0,0.0
2025-10-17 00:00:00-04:00,232.39999389648438,237.24000549316406,231.08999633789062,237.1999969482422,237.1999969482422,638000,0.0,0.0
2025-10-20 00:00:00-04:00,237.5500030517578,244.0500030517578,237.5500030517578,243.3800048828125,243.3800048828125,729700,0.0,0.0
2025-10-21 00:00:00-04:00,243.0399932861328,243.0399932861328,239.30999755859375,239.44000244140625,239.44000244140625,330400,0.0,0.0
2025-10-22 00:00:00-04:00,240.00999450683594,242.66000366210938,236.30999755859375,236.44000244140625,236.44000244140625,398100,0.0,0.0
2025-10-23 00:00:00-04:00,237.25999450683594,243.9199981689453,235.63999938964844,243.58999633789062,243.58999633789062,482300,0.0,0.0
2025-10-24 00:00:00-04:00,245.0800018310547,247.60000610351562,243.00999450683594,245.36000061035156,245.36000061035156,534400,0.0,0.0
2025-10-27 00:00:00-04:00,245.3800048828125,247.0,240.89999389648438,242.22000122070312,242.22000122070312,489900,0.0,0.0
2025-10-28 00:00:00-04:00,240.52000427246094,248.07000732421875,238.85000610351562,246.19000244140625,246.19000244140625,638100,0.0,0.0
2025-10-29 00:00:00-04:00,213.47000122070312,228.33999633789062,212.9499969482422,217.9199981689453,217.9199981689453,2608500,0.0,0.0
2025-10-30 00:00:00-04:00,217.3000030517578,221.9499969482422,212.30999755859375,215.30999755859375,215.30999755859375,1289200,0.0,0.0
2025-10-31 00:00:00-04:00,213.7899932861328,215.0,207.88999938964844,210.50999450683594,210.50999450683594,1267400,0.0,0.0
2025-11-03 00:00:00-05:00,210.72000122070312,210.74000549316406,206.1300048828125,208.7100067138672,208.7100067138672,706600,0.0,0.0
2025-11-04 00:00:00-05:00,209.77000427246094,209.94000244140625,205.83999633789062,208.7899932861328,208.7899932861328,443700,0.0,0.0
2025-11-05 00:00:00-05:00,207.83999633789062,209.75,206.1999969482422,206.92999267578125,206.92999267578125,527300,0.0,0.0
2025-11-06 00:00:00-05:00,206.52000427246094,208.30999755859375,203.74000549316406,205.1199951171875,205.1199951171875,568600,0.0,0.0
2025-11-07 00:00:00-05:00,205.02000427246094,208.5800018310547,203.39999389648438,207.92999267578125,207.92999267578125,608700,0.0,0.0
2025-11-10 00:00:00-05:00,207.22999572753906,209.24000549316406,203.97999572753906,207.02000427246094,207.02000427246094,614800,0.0,0.0
2025-11-11 00:00:00-05:00,207.4199981689453,208.77999877929688,204.94000244140625,207.30999755859375,207.30999755859375,354300,0.0,0.0
2025-11-12 00:00:00-05:00,207.82000732421875,209.9600067138672,207.17999267578125,207.89999389648438,207.89999389648438,627300,0.0,0.0
2025-11-13 00:00:00-05:00,207.24000549316406,209.36000061035156,203.8800048828125,204.2899932861328,204.2899932861328,521300,0.0,0.0
2025-11-14 00:00:00-05:00,202.58999633789062,206.66000366210938,202.58999633789062,205.85000610351562,205.85000610351562,493600,0.0,0.0
2025-11-17 00:00:00-05:00,205.0500030517578,206.52999877929688,201.4499969482422,201.72999572753906,201.72999572753906,363300,0.0,0.0
2025-11-18 00:00:00-05:00,201.6999969482422,209.82000732421875,201.33999633789062,209.27999877929688,209.27999877929688,636600,0.0,0.0
2025-11-19 00:00:00-05:00,209.5,213.3800048828125,207.16000366210938,212.17999267578125,212.17999267578125,905600,0.0,0.0
2025-11-20 00:00:00-05:00,213.0,213.67999267578125,207.0,209.1199951171875,209.1199951171875,732200,0.0,0.0
2025-11-21 00:00:00-05:00,210.77999877929688,217.27000427246094,209.57000732421875,217.0399932861328,217.0399932861328,836600,0.0,0.0
2025-11-24 00:00:00-05:00,215.9600067138672,218.13999938964844,214.52000427246094,215.05999755859375,215.05999755859375,637200,0.0,0.0
2025-11-25 00:00:00-05:00,215.6699981689453,225.24000549316406,213.85000610351562,223.86000061035156,223.86000061035156,864800,0.0,0.0
2025-11-26 00:00:00-05:00,224.24000549316406,228.58999633789062,222.10000610351562,227.0800018310547,227.0800018310547,590100,0.0,0.0
2025-11-28 00:00:00-05:00,228.07000732421875,229.25,225.64999389648438,227.55999755859375,227.55999755859375,253500,0.0,0.0
2025-12-01 00:00:00-05:00,226.55999755859375,231.86000061035156,226.55999755859375,228.5399932861328,228.5399932861328,841500,0.0,0.0
2025-12-02 00:00:00-05:00,229.61000061035156,242.17999267578125,228.5800018310547,239.5500030517578,239.5500030517578,1324000,0.0,0.0
2025-12-03 00:00:00-05:00,239.0,240.0,233.82000732421875,237.00999450683594,237.00999450683594,687500,0.0,0.0
2025-12-04 00:00:00-05:00,237.32000732421875,238.8300018310547,235.25,236.36000061035156,236.36000061035156,364300,0.0,0.0
2025-12-05 00:00:00-05:00,236.47000122070312,238.07000732421875,234.10000610351562,237.36000061035156,237.36000061035156,339300,0.0,0.0
2025-12-08 00:00:00-05:00,237.38999938964844,240.22999572753906,236.19000244140625,238.99000549316406,238.99000549316406,498000,0.0,0.0
2025-12-09 00:00:00-05:00,239.49000549316406,241.39999389648438,237.0399932861328,237.25,237.25,578900,0.0,0.0
2025-12-10 00:00:00-05:00,237.1999969482422,240.27999877929688,235.1199951171875,238.7899932861328,238.7899932861328,393900,0.0,0.0
2025-12-11 00:00:00-05:00,239.5399932861328,243.52000427246094,239.5399932861328,241.6999969482422,241.6999969482422,342700,0.0,0.0
2025-12-12 00:00:00-05:00,243.10000610351562,243.10000610351562,240.14999389648438,241.83999633789062,241.83999633789062,308700,0.0,0.0
2025-12-15 00:00:00-05:00,242.5,242.88999938964844,239.32000732421875,240.7100067138672,240.7100067138672,540200,0.0,0.0
2025-12-16 00:00:00-05:00,241.05999755859375,241.99000549316406,239.35000610351562,240.02000427246094,240.02000427246094,368100,0.0,0.0
2025-12-17 00:00:00-05:00,238.91000366210938,241.72000122070312,237.6199951171875,237.82000732421875,237.82000732421875,243500,0.0,0.0
2025-12-18 00:00:00-05:00,239.19000244140625,242.49000549316406,237.77000427246094,238.72999572753906,238.72999572753906,343500,0.0,0.0
2025-12-19 00:00:00-05:00,238.86000061035156,242.05999755859375,238.2899932861328,239.3000030517578,239.3000030517578,735800,0.0,0.0
2025-12-22 00:00:00-05:00,239.6999969482422,241.85000610351562,237.80999755859375,239.0,239.0,527300,0.0,0.0
2025-12-23 00:00:00-05:00,239.5399932861328,241.80999755859375,238.24000549316406,239.8000030517578,239.8000030517578,256100,0.0,0.0
2025-12-24 00:00:00-05:00,240.3000030517578,241.4499969482422,238.97999572753906,240.19000244140625,240.19000244140625,187600,0.0,0.0
2025-12-26 00:00:00-05:00,240.35000610351562,241.3300018310547,239.22999572753906,240.8300018310547,240.8300018310547,102900,0.0,0.0
2025-12-29 00:00:00-05:00,241.0800018310547,241.22999572753906,239.0,240.2100067138672,240.2100067138672,211500,0.0,0.0
2025-12-30 00:00:00-05:00,239.58999633789062,240.02999877929688,237.6300048828125,237.77999877929688,237.77999877929688,161100,0.0,0.0
