Date,Open,High,Low,Close,Adj Close,Volume,Dividends,Stock Splits
2022-01-03 00:00:00-05:00,376.6099853515625,376.7799987792969,356.7799987792969,362.1099853515625,362.1099853515625,433700,0.0,0.0
2022-01-04 00:00:00-05:00,358.05999755859375,360.0,340.989990234375,347.7699890136719,347.7699890136719,601900,0.0,0.0
2022-01-05 00:00:00-05:00,347.5899963378906,348.05999755859375,333.7699890136719,335.32000732421875,335.32000732421875,544100,0.0,0.0
2022-01-06 00:00:00-05:00,334.010009765625,339.57000732421875,330.1700134277344,333.94000244140625,333.94000244140625,585000,0.0,0.0
2022-01-07 00:00:00-05:00,333.6300048828125,338.739990234375,328.5199890136719,328.67999267578125,328.67999267578125,549200,0.0,0.0
2022-01-10 00:00:00-05:00,323.8500061035156,334.5199890136719,319.20001220703125,334.1099853515625,334.1099853515625,489500,0.0,0.0
2022-01-11 00:00:00-05:00,338.67999267578125,360.239990234375,338.67999267578125,357.95001220703125,357.95001220703125,1012400,0.0,0.0
2022-01-12 00:00:00-05:00,358.0,366.010009765625,355.8500061035156,359.8599853515625,359.8599853515625,516400,0.0,0.0
2022-01-13 00:00:00-05:00,356.6499938964844,359.0400085449219,346.7099914550781,351.8500061035156,351.8500061035156,448700,0.0,0.0
2022-01-14 00:00:00-05:00,349.70001220703125,356.3399963378906,347.1400146484375,355.010009765625,355.010009765625,464100,0.0,0.0
2022-01-18 00:00:00-05:00,349.05999755859375,350.5799865722656,337.260009765625,340.2300109863281,340.2300109863281,437200,0.0,0.0
2022-01-19 00:00:00-05:00,343.05999755859375,349.0,336.1400146484375,336.67999267578125,336.67999267578125,386800,0.0,0.0
2022-01-20 00:00:00-05:00,339.75,345.32000732421875,331.6099853515625,332.1000061035156,332.1000061035156,425700,0.0,0.0
2022-01-21 00:00:00-05:00,334.94000244140625,335.04998779296875,324.0299987792969,324.6600036621094,324.6600036621094,381300,0.0,0.0
2022-01-24 00:00:00-05:00,321.5400085449219,330.7699890136719,307.3500061035156,330.0899963378906,330.0899963378906,480600,0.0,0.0
2022-01-25 00:00:00-05:00,323.17999267578125,323.9200134277344,315.1300048828125,317.8500061035156,317.8500061035156,444500,0.0,0.0
2022-01-26 00:00:00-05:00,322.4200134277344,324.3599853515625,308.5,310.8800048828125,310.8800048828125,444500,0.0,0.0
2022-01-27 00:00:00-05:00,315.5899963378906,319.44000244140625,312.0799865722656,312.239990234375,312.239990234375,443400,0.0,0.0
2022-01-28 00:00:00-05:00,312.8299865722656,321.9599914550781,308.1199951171875,321.7300109863281,321.7300109863281,281000,0.0,0.0
2022-01-31 00:00:00-05:00,322.8999938964844,329.989990234375,322.8699951171875,329.760009765625,329.760009765625,402200,0.0,0.0
2022-02-01 00:00:00-05:00,331.989990234375,337.0199890136719,327.3299865722656,335.489990234375,335.489990234375,300200,0.0,0.0
2022-02-02 00:00:00-05:00,336.04998779296875,346.7900085449219,334.17999267578125,343.0799865722656,343.0799865722656,463500,0.0,0.0
2022-02-03 00:00:00-05:00,337.20001220703125,342.489990234375,335.45001220703125,337.04998779296875,337.04998779296875,308700,0.0,0.0
2022-02-04 00:00:00-05:00,335.0,338.0,330.54998779296875,335.6499938964844,335.6499938964844,368200,0.0,0.0
2022-02-07 00:00:00-05:00,336.4800109863281,340.70001220703125,333.7099914550781,334.7699890136719,334.7699890136719,228800,0.0,0.0
2022-02-08 00:00:00-05:00,331.3999938964844,341.82000732421875,331.3999938964844,337.04998779296875,337.04998779296875,417000,0.0,0.0
2022-02-09 00:00:00-05:00,342.489990234375,349.8399963378906,342.489990234375,346.9599914550781,346.9599914550781,272700,0.0,0.0
2022-02-10 00:00:00-05:00,338.8699951171875,348.5,336.6600036621094,339.6000061035156,339.6000061035156,265900,0.0,0.0
2022-02-11 00:00:00-05:00,337.94000244140625,344.510009765625,329.69000244140625,330.9599914550781,330.9599914550781,374200,0.0,0.0
2022-02-14 00:00:00-05:00,329.25,331.29998779296875,324.6199951171875,327.44000244140625,327.44000244140625,458000,0.0,0.0
2022-02-15 00:00:00-05:00,333.17999267578125,334.6300048828125,307.67999267578125,312.6300048828125,312.6300048828125,1288000,0.0,0.0
2022-02-16 00:00:00-05:00,294.0,308.1300048828125,286.9700012207031,305.2799987792969,305.2799987792969,1286600,0.0,0.0
2022-02-17 00:00:00-05:00,306.0,306.5400085449219,289.0199890136719,291.6300048828125,291.6300048828125,947700,0.0,0.0
2022-02-18 00:00:00-05:00,293.32000732421875,299.9200134277344,290.1300048828125,293.6099853515625,293.6099853515625,654500,0.0,0.0
2022-02-22 00:00:00-05:00,291.04998779296875,293.3399963378906,285.3699951171875,289.5799865722656,289.5799865722656,671900,0.0,0.0
2022-02-23 00:00:00-05:00,292.75,296.1300048828125,283.17999267578125,283.57000732421875,283.57000732421875,1030700,0.0,0.0
2022-02-24 00:00:00-05:00,277.1199951171875,291.94000244140625,276.3299865722656,290.0299987792969,290.0299987792969,602400,0.0,0.0
2022-02-25 00:00:00-05:00,287.5299987792969,296.1600036621094,286.0400085449219,296.1600036621094,296.1600036621094,486900,0.0,0.0
2022-02-28 00:00:00-05:00,293.1600036621094,293.92999267578125,285.3299865722656,291.1600036621094,291.1600036621094,640700,0.0,0.0
2022-03-01 00:00:00-05:00,288.8299865722656,292.75,282.4599914550781,284.44000244140625,284.44000244140625,542000,0.0,0.0
2022-03-02 00:00:00-05:00,286.04998779296875,289.82000732421875,283.7799987792969,286.989990234375,286.989990234375,693800,0.0,0.0
2022-03-03 00:00:00-05:00,290.25,290.25,281.04998779296875,284.1499938964844,284.1499938964844,531800,0.0,0.0
2022-03-04 00:00:00-05:00,283.04998779296875,285.510009765625,274.8800048828125,278.0,278.0,549200,0.0,0.0
2022-03-07 00:00:00-05:00,280.9599914550781,280.9599914550781,261.82000732421875,266.4700012207031,266.4700012207031,812400,0.0,0.0
2022-03-08 00:00:00-05:00,266.6499938964844,266.6499938964844,251.3000030517578,256.6600036621094,256.6600036621094,841900,0.0,0.0
2022-03-09 00:00:00-05:00,265.3500061035156,271.6099853515625,263.2699890136719,268.489990234375,268.489990234375,672000,0.0,0.0
2022-03-10 00:00:00-05:00,262.6300048828125,267.92999267578125,259.2799987792969,266.57000732421875,266.57000732421875,411300,0.0,0.0
2022-03-11 00:00:00-05:00,270.30999755859375,270.8500061035156,259.3299865722656,259.5400085449219,259.5400085449219,644200,0.0,0.0
2022-03-14 00:00:00-04:00,261.20001220703125,268.04998779296875,255.33999633789062,255.50999450683594,255.50999450683594,457300,0.0,0.0
2022-03-15 00:00:00-04:00,257.5799865722656,260.1499938964844,253.80999755859375,259.2300109863281,259.2300109863281,599900,0.0,0.0
2022-03-16 00:00:00-04:00,262.8500061035156,271.510009765625,260.010009765625,270.7699890136719,270.7699890136719,477200,0.0,0.0
2022-03-17 00:00:00-04:00,269.54998779296875,281.8599853515625,269.30999755859375,281.70001220703125,281.70001220703125,548100,0.0,0.0
2022-03-18 00:00:00-04:00,280.8500061035156,291.6000061035156,279.67999267578125,286.7699890136719,286.7699890136719,739700,0.0,0.0
2022-03-21 00:00:00-04:00,284.5799865722656,289.05999755859375,283.010009765625,286.6099853515625,286.6099853515625,340900,0.0,0.0
2022-03-22 00:00:00-04:00,286.3500061035156,297.489990234375,285.989990234375,295.3800048828125,295.3800048828125,620200,0.0,0.0
2022-03-23 00:00:00-04:00,292.510009765625,292.510009765625,277.6300048828125,278.7099914550781,278.7099914550781,406900,0.0,0.0
2022-03-24 00:00:00-04:00,280.1700134277344,281.7900085449219,275.6700134277344,281.04998779296875,281.04998779296875,279500,0.0,0.0
2022-03-25 00:00:00-04:00,282.7699890136719,283.05999755859375,273.0,279.1000061035156,279.1000061035156,342200,0.0,0.0
2022-03-28 00:00:00-04:00,278.6499938964844,282.70001220703125,276.4200134277344,282.67999267578125,282.67999267578125,340200,0.0,0.0
2022-03-29 00:00:00-04:00,287.5899963378906,292.80999755859375,287.5899963378906,290.95001220703125,290.95001220703125,363700,0.0,0.0
2022-03-30 00:00:00-04:00,290.0199890136719,292.25,288.1700134277344,289.8599853515625,289.8599853515625,360500,0.0,0.0
2022-03-31 00:00:00-04:00,289.4800109863281,292.260009765625,283.92999267578125,283.9700012207031,283.9700012207031,375600,0.0,0.0
2022-04-01 00:00:00-04:00,286.1199951171875,291.0199890136719,283.9700012207031,288.6600036621094,288.6600036621094,305600,0.0,0.0
2022-04-04 00:00:00-04:00,288.5899963378906,291.2099914550781,286.0,287.2699890136719,287.2699890136719,293600,0.0,0.0
2022-04-05 00:00:00-04:00,288.2699890136719,291.3299865722656,283.5899963378906,288.6600036621094,288.6600036621094,684000,0.0,0.0
2022-04-06 00:00:00-04:00,287.1600036621094,287.1600036621094,276.94000244140625,286.0199890136719,286.0199890136719,462800,0.0,0.0
2022-04-07 00:00:00-04:00,286.510009765625,303.8299865722656,284.4800109863281,302.0199890136719,302.0199890136719,647400,0.0,0.0
2022-04-08 00:00:00-04:00,299.95001220703125,308.1499938964844,298.7699890136719,302.3999938964844,302.3999938964844,567400,0.0,0.0
2022-04-11 00:00:00-04:00,302.3900146484375,302.3900146484375,288.8399963378906,290.6700134277344,290.6700134277344,448400,0.0,0.0
2022-04-12 00:00:00-04:00,296.57000732421875,296.57000732421875,283.4800109863281,286.6499938964844,286.6499938964844,498800,0.0,0.0
2022-04-13 00:00:00-04:00,286.05999755859375,291.75,284.7699890136719,289.82000732421875,289.82000732421875,299700,0.0,0.0
2022-04-14 00:00:00-04:00,289.82000732421875,290.19000244140625,281.5899963378906,284.6300048828125,284.6300048828125,389200,0.0,0.0
2022-04-18 00:00:00-04:00,283.760009765625,284.8800048828125,275.489990234375,277.2300109863281,277.2300109863281,412700,0.0,0.0
2022-04-19 00:00:00-04:00,277.6400146484375,290.19000244140625,277.2300109863281,288.54998779296875,288.54998779296875,526800,0.0,0.0
2022-04-20 00:00:00-04:00,290.75,297.92999267578125,286.45001220703125,296.8500061035156,296.8500061035156,412000,0.0,0.0
2022-04-21 00:00:00-04:00,299.3800048828125,301.1000061035156,291.07000732421875,292.0,292.0,588100,0.0,0.0
2022-04-22 00:00:00-04:00,288.8299865722656,288.8299865722656,272.54998779296875,273.0299987792969,273.0299987792969,394300,0.0,0.0
2022-04-25 00:00:00-04:00,257.04998779296875,259.6499938964844,249.69000244140625,253.33999633789062,253.33999633789062,909200,0.0,0.0
2022-04-26 00:00:00-04:00,249.80999755859375,253.3699951171875,230.6199951171875,231.6699981689453,231.6699981689453,1170000,0.0,0.0
2022-04-27 00:00:00-04:00,234.2899932861328,241.66000366210938,232.4499969482422,238.9499969482422,238.9499969482422,950200,0.0,0.0
2022-04-28 00:00:00-04:00,235.0,245.91000366210938,234.61000061035156,242.1699981689453,242.1699981689453,819600,0.0,0.0
2022-04-29 00:00:00-04:00,242.22000122070312,252.05999755859375,240.5399932861328,241.50999450683594,241.50999450683594,640500,0.0,0.0
2022-05-02 00:00:00-04:00,239.75999450683594,245.91000366210938,234.8000030517578,245.8800048828125,245.8800048828125,836200,0.0,0.0
2022-05-03 00:00:00-04:00,246.22999572753906,254.49000549316406,245.49000549316406,251.19000244140625,251.19000244140625,1066500,0.0,0.0
2022-05-04 00:00:00-04:00,265.0,265.0,240.27000427246094,257.510009765625,257.510009765625,1065100,0.0,0.0
2022-05-05 00:00:00-04:00,257.4700012207031,257.5,245.35000610351562,248.19000244140625,248.19000244140625,755000,0.0,0.0
2022-05-06 00:00:00-04:00,247.3800048828125,247.91000366210938,239.6300048828125,241.9600067138672,241.9600067138672,606700,0.0,0.0
2022-05-09 00:00:00-04:00,238.6199951171875,240.1199951171875,227.2899932861328,228.85000610351562,228.85000610351562,783100,0.0,0.0
2022-05-10 00:00:00-04:00,234.1199951171875,236.6199951171875,225.25,229.25,229.25,608300,0.0,0.0
2022-05-11 00:00:00-04:00,227.7100067138672,231.22000122070312,221.5399932861328,222.30999755859375,222.30999755859375,734400,0.0,0.0
2022-05-12 00:00:00-04:00,219.47999572753906,229.5,217.1999969482422,226.7100067138672,226.7100067138672,704400,0.0,0.0
2022-05-13 00:00:00-04:00,232.25,239.58999633789062,232.00999450683594,235.80999755859375,235.80999755859375,470200,0.0,0.0
2022-05-16 00:00:00-04:00,233.24000549316406,237.27000427246094,229.9499969482422,231.1999969482422,231.1999969482422,288300,0.0,0.0
2022-05-17 00:00:00-04:00,237.6999969482422,239.8000030517578,231.0,236.2100067138672,236.2100067138672,354600,0.0,0.0
2022-05-18 00:00:00-04:00,231.52999877929688,234.38999938964844,223.9600067138672,225.02000427246094,225.02000427246094,439900,0.0,0.0
2022-05-19 00:00:00-04:00,224.32000732421875,234.83999633789062,223.9199981689453,231.77000427246094,231.77000427246094,412100,0.0,0.0
2022-05-20 00:00:00-04:00,234.14999389648438,236.05999755859375,226.0800018310547,232.63999938964844,232.63999938964844,368500,0.0,0.0
2022-05-23 00:00:00-04:00,234.49000549316406,234.49000549316406,225.92999267578125,231.24000549316406,231.24000549316406,503800,0.0,0.0
2022-05-24 00:00:00-04:00,229.58999633789062,230.99000549316406,221.1199951171875,223.35000610351562,223.35000610351562,468100,0.0,0.0
2022-05-25 00:00:00-04:00,221.89999389648438,225.38999938964844,219.17999267578125,223.47999572753906,223.47999572753906,403900,0.0,0.0
2022-05-26 00:00:00-04:00,225.5,231.27000427246094,224.16000366210938,230.2100067138672,230.2100067138672,411300,0.0,0.0
2022-05-27 00:00:00-04:00,232.6199951171875,244.44000244140625,231.69000244140625,244.41000366210938,244.41000366210938,447900,0.0,0.0
2022-05-31 00:00:00-04:00,242.77000427246094,242.77000427246094,231.50999450683594,234.0800018310547,234.0800018310547,496500,0.0,0.0
2022-06-01 00:00:00-04:00,235.2100067138672,237.91000366210938,224.1699981689453,229.69000244140625,229.69000244140625,297300,0.0,0.0
2022-06-02 00:00:00-04:00,229.9600067138672,245.35000610351562,227.80999755859375,245.25,245.25,475100,0.0,0.0
2022-06-03 00:00:00-04:00,240.63999938964844,245.1999969482422,239.08999633789062,242.97999572753906,242.97999572753906,732100,0.0,0.0
2022-06-06 00:00:00-04:00,246.6300048828125,247.64999389648438,242.39999389648438,245.02000427246094,245.02000427246094,291600,0.0,0.0
2022-06-07 00:00:00-04:00,243.13999938964844,248.02000427246094,242.7100067138672,247.2100067138672,247.2100067138672,342500,0.0,0.0
2022-06-08 00:00:00-04:00,231.8000030517578,239.91000366210938,228.9199981689453,236.89999389648438,236.89999389648438,999000,0.0,0.0
2022-06-09 00:00:00-04:00,234.6300048828125,235.64999389648438,225.41000366210938,225.7100067138672,225.7100067138672,650100,0.0,0.0
2022-06-10 00:00:00-04:00,221.82000732421875,221.82000732421875,214.6699981689453,219.5,219.5,549100,0.0,0.0
2022-06-13 00:00:00-04:00,211.5399932861328,213.47999572753906,208.72999572753906,210.67999267578125,210.67999267578125,726100,0.0,0.0
2022-06-14 00:00:00-04:00,210.69000244140625,211.38999938964844,203.3699951171875,209.5,209.5,570100,0.0,0.0
2022-06-15 00:00:00-04:00,214.77000427246094,217.1199951171875,208.3300018310547,212.88999938964844,212.88999938964844,489500,0.0,0.0
2022-06-16 00:00:00-04:00,208.33999633789062,208.3699951171875,203.44000244140625,205.11000061035156,205.11000061035156,398500,0.0,0.0
2022-06-17 00:00:00-04:00,206.50999450683594,210.80999755859375,204.0500030517578,204.1300048828125,204.1300048828125,782200,0.0,0.0
2022-06-21 00:00:00-04:00,207.6300048828125,210.1699981689453,206.0399932861328,208.5800018310547,208.5800018310547,422100,0.0,0.0
2022-06-22 00:00:00-04:00,206.27999877929688,211.7100067138672,205.97999572753906,209.82000732421875,209.82000732421875,300200,0.0,0.0
2022-06-23 00:00:00-04:00,210.0,222.47999572753906,210.0,220.5800018310547,220.5800018310547,451900,0.0,0.0
2022-06-24 00:00:00-04:00,222.75,226.42999267578125,220.22999572753906,226.32000732421875,226.32000732421875,497100,0.0,0.0
2022-06-27 00:00:00-04:00,226.83999633789062,227.58999633789062,223.57000732421875,225.49000549316406,225.49000549316406,355400,0.0,0.0
2022-06-28 00:00:00-04:00,225.86000061035156,226.88999938964844,217.2899932861328,217.5,217.5,320300,0.0,0.0
2022-06-29 00:00:00-04:00,217.5,219.9600067138672,213.3699951171875,219.4600067138672,219.4600067138672,381200,0.0,0.0
2022-06-30 00:00:00-04:00,217.91000366210938,218.0,212.58999633789062,213.97000122070312,213.97000122070312,596900,0.0,0.0
2022-07-01 00:00:00-04:00,214.8699951171875,219.3800048828125,214.08999633789062,218.8300018310547,218.8300018310547,275700,0.0,0.0
2022-07-05 00:00:00-04:00,214.7899932861328,223.16000366210938,213.82000732421875,222.72000122070312,222.72000122070312,275300,0.0,0.0
2022-07-06 00:00:00-04:00,223.74000549316406,228.13999938964844,220.6199951171875,226.00999450683594,226.00999450683594,568100,0.0,0.0
2022-07-07 00:00:00-04:00,223.25999450683594,230.0,223.25999450683594,229.42999267578125,229.42999267578125,388400,0.0,0.0
2022-07-08 00:00:00-04:00,228.99000549316406,234.6300048828125,228.1199951171875,231.4199981689453,231.4199981689453,590500,0.0,0.0
2022-07-11 00:00:00-04:00,228.0399932861328,230.0800018310547,223.4499969482422,224.55999755859375,224.55999755859375,258300,0.0,0.0
2022-07-12 00:00:00-04:00,223.16000366210938,226.97000122070312,216.52999877929688,217.52000427246094,217.52000427246094,284400,0.0,0.0
2022-07-13 00:00:00-04:00,212.42999267578125,216.3300018310547,211.60000610351562,214.38999938964844,214.38999938964844,394900,0.0,0.0
2022-07-14 00:00:00-04:00,210.25999450683594,212.52000427246094,203.72000122070312,210.42999267578125,210.42999267578125,458800,0.0,0.0
2022-07-15 00:00:00-04:00,215.61000061035156,221.0399932861328,212.0,219.75,219.75,443300,0.0,0.0
2022-07-18 00:00:00-04:00,221.17999267578125,223.49000549316406,211.4499969482422,212.60000610351562,212.60000610351562,446600,0.0,0.0
2022-07-19 00:00:00-04:00,217.86000061035156,226.32000732421875,214.17999267578125,226.00999450683594,226.00999450683594,445100,0.0,0.0
2022-07-20 00:00:00-04:00,226.17999267578125,231.58999633789062,224.63999938964844,230.22000122070312,230.22000122070312,381500,0.0,0.0
2022-07-21 00:00:00-04:00,231.42999267578125,238.82000732421875,229.52999877929688,238.0399932861328,238.0399932861328,518000,0.0,0.0
2022-07-22 00:00:00-04:00,237.9600067138672,238.24000549316406,233.19000244140625,237.00999450683594,237.00999450683594,446200,0.0,0.0
2022-07-25 00:00:00-04:00,236.83999633789062,237.63999938964844,232.00999450683594,235.32000732421875,235.32000732421875,323700,0.0,0.0
2022-07-26 00:00:00-04:00,233.72000122070312,233.72000122070312,226.02000427246094,232.72999572753906,232.72999572753906,320300,0.0,0.0
2022-07-27 00:00:00-04:00,234.64999389648438,238.75,229.52999877929688,237.36000061035156,237.36000061035156,475200,0.0,0.0
2022-07-28 00:00:00-04:00,239.4499969482422,247.39999389648438,235.61000061035156,245.80999755859375,245.80999755859375,486200,0.0,0.0
2022-07-29 00:00:00-04:00,247.5,250.69000244140625,243.32000732421875,250.5399932861328,250.5399932861328,425700,0.0,0.0
2022-08-01 00:00:00-04:00,247.32000732421875,250.82000732421875,245.52000427246094,249.67999267578125,249.67999267578125,456300,0.0,0.0
2022-08-02 00:00:00-04:00,247.50999450683594,250.22999572753906,242.97000122070312,243.66000366210938,243.66000366210938,908000,0.0,0.0
2022-08-03 00:00:00-04:00,218.91000366210938,225.86000061035156,216.24000549316406,221.3800048828125,221.3800048828125,1723200,0.0,0.0
2022-08-04 00:00:00-04:00,221.0,232.2100067138672,220.9600067138672,227.63999938964844,227.63999938964844,884200,0.0,0.0
2022-08-05 00:00:00-04:00,223.82000732421875,227.02999877929688,222.99000549316406,223.3800048828125,223.3800048828125,550900,0.0,0.0
2022-08-08 00:00:00-04:00,223.3699951171875,227.85000610351562,218.94000244140625,220.67999267578125,220.67999267578125,470200,0.0,0.0
2022-08-09 00:00:00-04:00,219.10000610351562,219.80999755859375,214.14999389648438,214.47999572753906,214.47999572753906,537600,0.0,0.0
2022-08-10 00:00:00-04:00,220.13999938964844,226.57000732421875,217.5,226.52000427246094,226.52000427246094,658200,0.0,0.0
2022-08-11 00:00:00-04:00,229.3699951171875,241.17999267578125,226.1999969482422,226.47000122070312,226.47000122070312,720700,0.0,0.0
2022-08-12 00:00:00-04:00,227.39999389648438,233.07000732421875,225.72000122070312,233.00999450683594,233.00999450683594,375100,0.0,0.0
2022-08-15 00:00:00-04:00,231.66000366210938,235.9600067138672,228.6999969482422,231.88999938964844,231.88999938964844,771800,0.0,0.0
2022-08-16 00:00:00-04:00,220.5,229.97999572753906,220.39999389648438,228.1199951171875,228.1199951171875,471700,0.0,0.0
2022-08-17 00:00:00-04:00,225.24000549316406,227.10000610351562,219.3699951171875,220.0500030517578,220.0500030517578,591300,0.0,0.0
2022-08-18 00:00:00-04:00,220.00999450683594,221.38999938964844,216.8000030517578,220.14999389648438,220.14999389648438,280300,0.0,0.0
2022-08-19 00:00:00-04:00,219.25999450683594,220.82000732421875,216.2899932861328,217.58999633789062,217.58999633789062,540800,0.0,0.0
2022-08-22 00:00:00-04:00,213.75,218.02000427246094,210.6999969482422,211.89999389648438,211.89999389648438,609600,0.0,0.0
2022-08-23 00:00:00-04:00,211.32000732421875,213.49000549316406,207.02999877929688,210.80999755859375,210.80999755859375,652600,0.0,0.0
2022-08-24 00:00:00-04:00,211.64999389648438,211.97999572753906,208.88999938964844,209.74000549316406,209.74000549316406,315000,0.0,0.0
2022-08-25 00:00:00-04:00,212.86000061035156,214.75999450683594,210.55999755859375,213.85000610351562,213.85000610351562,394300,0.0,0.0
2022-08-26 00:00:00-04:00,213.1699981689453,213.19000244140625,204.22000122070312,204.80999755859375,204.80999755859375,621600,0.0,0.0
2022-08-29 00:00:00-04:00,202.4199981689453,205.8000030517578,201.22000122070312,203.6199951171875,203.6199951171875,484000,0.0,0.0
2022-08-30 00:00:00-04:00,204.52000427246094,207.0399932861328,200.89999389648438,205.44000244140625,205.44000244140625,668000,0.0,0.0
2022-08-31 00:00:00-04:00,207.72000122070312,207.72000122070312,202.75,205.25,205.25,659100,0.0,0.0
2022-09-01 00:00:00-04:00,203.63999938964844,204.33999633789062,200.44000244140625,203.24000549316406,203.24000549316406,592700,0.0,0.0
2022-09-02 00:00:00-04:00,205.6699981689453,208.22000122070312,199.3000030517578,200.24000549316406,200.24000549316406,463200,0.0,0.0
2022-09-06 00:00:00-04:00,201.5800018310547,201.75,198.0,200.16000366210938,200.16000366210938,457500,0.0,0.0
2022-09-07 00:00:00-04:00,200.4499969482422,209.11000061035156,199.24000549316406,208.38999938964844,208.38999938964844,429400,0.0,0.0
2022-09-08 00:00:00-04:00,206.16000366210938,213.72999572753906,204.3000030517578,213.6199951171875,213.6199951171875,511600,0.0,0.0
2022-09-09 00:00:00-04:00,215.72999572753906,219.44000244140625,214.75,218.24000549316406,218.24000549316406,357800,0.0,0.0
2022-09-12 00:00:00-04:00,218.66000366210938,224.69000244140625,218.38999938964844,223.35000610351562,223.35000610351562,558700,0.0,0.0
2022-09-13 00:00:00-04:00,214.4600067138672,217.27999877929688,210.0,213.4600067138672,213.4600067138672,1081400,0.0,0.0
2022-09-14 00:00:00-04:00,213.47000122070312,214.17999267578125,201.4499969482422,202.32000732421875,202.32000732421875,567700,0.0,0.0
2022-09-15 00:00:00-04:00,202.11000061035156,210.0500030517578,201.27999877929688,203.61000061035156,203.61000061035156,877100,0.0,0.0
2022-09-16 00:00:00-04:00,202.0,203.22999572753906,196.89999389648438,199.7100067138672,199.7100067138672,865900,0.0,0.0
2022-09-19 00:00:00-04:00,197.0,200.0399932861328,195.1199951171875,199.85000610351562,199.85000610351562,526800,0.0,0.0
2022-09-20 00:00:00-04:00,196.5500030517578,197.86000061035156,191.27000427246094,194.17999267578125,194.17999267578125,444500,0.0,0.0
2022-09-21 00:00:00-04:00,195.49000549316406,197.36000061035156,190.52999877929688,190.80999755859375,190.80999755859375,504200,0.0,0.0
2022-09-22 00:00:00-04:00,189.8000030517578,190.0399932861328,183.22999572753906,184.8300018310547,184.8300018310547,565700,0.0,0.0
2022-09-23 00:00:00-04:00,183.30999755859375,188.0800018310547,182.02000427246094,187.50999450683594,187.50999450683594,800600,0.0,0.0
2022-09-26 00:00:00-04:00,187.11000061035156,190.0,181.42999267578125,185.16000366210938,185.16000366210938,559400,0.0,0.0
2022-09-27 00:00:00-04:00,188.0800018310547,189.5500030517578,181.36000061035156,182.44000244140625,182.44000244140625,526000,0.0,0.0
2022-09-28 00:00:00-04:00,183.92999267578125,189.27999877929688,183.9199981689453,187.4199981689453,187.4199981689453,432700,0.0,0.0
2022-09-29 00:00:00-04:00,185.42999267578125,190.39999389648438,183.75,190.00999450683594,190.00999450683594,731400,0.0,0.0
2022-09-30 00:00:00-04:00,196.50999450683594,206.19000244140625,195.49000549316406,196.8000030517578,196.8000030517578,1570500,0.0,0.0
2022-10-03 00:00:00-04:00,197.88999938964844,206.75999450683594,196.47999572753906,203.7899932861328,203.7899932861328,769500,0.0,0.0
2022-10-04 00:00:00-04:00,208.13999938964844,213.44000244140625,207.30999755859375,213.1300048828125,213.1300048828125,721400,0.0,0.0
2022-10-05 00:00:00-04:00,210.75999450683594,216.4499969482422,207.2100067138672,215.42999267578125,215.42999267578125,409200,0.0,0.0
2022-10-06 00:00:00-04:00,214.60000610351562,215.9199981689453,209.33999633789062,210.80999755859375,210.80999755859375,363300,0.0,0.0
2022-10-07 00:00:00-04:00,208.0,209.77000427246094,204.7100067138672,205.3300018310547,205.3300018310547,455800,0.0,0.0
2022-10-10 00:00:00-04:00,206.13999938964844,206.5800018310547,199.5399932861328,201.36000061035156,201.36000061035156,301900,0.0,0.0
2022-10-11 00:00:00-04:00,199.35000610351562,200.35000610351562,195.4499969482422,197.11000061035156,197.11000061035156,554300,0.0,0.0
2022-10-12 00:00:00-04:00,198.17999267578125,198.2100067138672,194.25,197.3699951171875,197.3699951171875,367700,0.0,0.0
2022-10-13 00:00:00-04:00,192.22999572753906,201.49000549316406,189.75999450683594,199.72000122070312,199.72000122070312,439100,0.0,0.0
2022-10-14 00:00:00-04:00,202.02999877929688,203.44000244140625,195.30999755859375,197.22000122070312,197.22000122070312,399900,0.0,0.0
2022-10-17 00:00:00-04:00,201.4199981689453,206.4499969482422,200.72999572753906,205.58999633789062,205.58999633789062,313500,0.0,0.0
2022-10-18 00:00:00-04:00,211.6199951171875,213.9199981689453,204.49000549316406,205.86000061035156,205.86000061035156,316200,0.0,0.0
2022-10-19 00:00:00-04:00,205.0,205.0,197.5,199.60000610351562,199.60000610351562,369900,0.0,0.0
2022-10-20 00:00:00-04:00,199.49000549316406,203.74000549316406,198.22000122070312,199.49000549316406,199.49000549316406,569100,0.0,0.0
2022-10-21 00:00:00-04:00,200.44000244140625,200.52000427246094,194.52999877929688,200.17999267578125,200.17999267578125,529500,0.0,0.0
2022-10-24 00:00:00-04:00,202.02999877929688,203.3800048828125,197.6699981689453,200.85000610351562,200.85000610351562,439700,0.0,0.0
2022-10-25 00:00:00-04:00,213.19000244140625,223.25,212.1300048828125,219.1199951171875,219.1199951171875,1051900,0.0,0.0
2022-10-26 00:00:00-04:00,218.22999572753906,224.00999450683594,216.69000244140625,221.17999267578125,221.17999267578125,559900,0.0,0.0
2022-10-27 00:00:00-04:00,221.82000732421875,221.82000732421875,208.0500030517578,208.97000122070312,208.97000122070312,981800,0.0,0.0
2022-10-28 00:00:00-04:00,208.8800048828125,214.52000427246094,207.66000366210938,214.47000122070312,214.47000122070312,331900,0.0,0.0
2022-10-31 00:00:00-04:00,211.97999572753906,215.2100067138672,210.27000427246094,212.25,212.25,430900,0.0,0.0
2022-11-01 00:00:00-04:00,216.99000549316406,216.99000549316406,203.42999267578125,207.2899932861328,207.2899932861328,1123000,0.0,0.0
2022-11-02 00:00:00-04:00,222.25,233.0,214.9499969482422,215.75,215.75,1222500,0.0,0.0
2022-11-03 00:00:00-04:00,211.00999450683594,219.82000732421875,204.4600067138672,217.16000366210938,217.16000366210938,658700,0.0,0.0
2022-11-04 00:00:00-04:00,219.77999877929688,220.91000366210938,211.38999938964844,220.33999633789062,220.33999633789062,733200,0.0,0.0
2022-11-07 00:00:00-05:00,221.9499969482422,226.91000366210938,220.55999755859375,226.02999877929688,226.02999877929688,610700,0.0,0.0
2022-11-08 00:00:00-05:00,225.74000549316406,229.14999389648438,221.25999450683594,222.47999572753906,222.47999572753906,443500,0.0,0.0
2022-11-09 00:00:00-05:00,220.52999877929688,228.5399932861328,219.7899932861328,221.08999633789062,221.08999633789062,415100,0.0,0.0
2022-11-10 00:00:00-05:00,231.83999633789062,240.35000610351562,231.83999633789062,237.6999969482422,237.6999969482422,1097900,0.0,0.0
2022-11-11 00:00:00-05:00,240.19000244140625,248.1699981689453,238.0800018310547,246.27999877929688,246.27999877929688,1074100,0.0,0.0
2022-11-14 00:00:00-05:00,243.8000030517578,248.0399932861328,242.30999755859375,242.99000549316406,242.99000549316406,342500,0.0,0.0
2022-11-15 00:00:00-05:00,247.5800018310547,252.39999389648438,244.72000122070312,250.07000732421875,250.07000732421875,585900,0.0,0.0
2022-11-16 00:00:00-05:00,248.58999633789062,248.9499969482422,239.3000030517578,239.38999938964844,239.38999938964844,468300,0.0,0.0
2022-11-17 00:00:00-05:00,234.3699951171875,238.36000061035156,221.72999572753906,237.52999877929688,237.52999877929688,1250100,0.0,0.0
2022-11-18 00:00:00-05:00,242.3699951171875,243.6300048828125,239.2100067138672,242.14999389648438,242.14999389648438,587200,0.0,0.0
2022-11-21 00:00:00-05:00,240.77999877929688,242.82000732421875,238.27000427246094,240.83999633789062,240.83999633789062,306200,0.0,0.0
2022-11-22 00:00:00-05:00,242.3699951171875,242.8000030517578,238.97999572753906,242.1300048828125,242.1300048828125,230300,0.0,0.0
2022-11-23 00:00:00-05:00,242.14999389648438,244.22000122070312,240.64999389648438,241.0800018310547,241.0800018310547,324100,0.0,0.0
2022-11-25 00:00:00-05:00,241.02999877929688,243.27000427246094,239.42999267578125,242.9199981689453,242.9199981689453,124500,0.0,0.0
2022-11-28 00:00:00-05:00,241.67999267578125,242.97999572753906,234.2100067138672,237.11000061035156,237.11000061035156,358000,0.0,0.0
2022-11-29 00:00:00-05:00,237.33999633789062,243.5,237.0,239.5,239.5,691700,0.0,0.0
2022-11-30 00:00:00-05:00,240.3300018310547,241.91000366210938,210.36000061035156,228.57000732421875,228.57000732421875,1994800,0.0,0.0
2022-12-01 00:00:00-05:00,231.49000549316406,232.49000549316406,222.6999969482422,226.1999969482422,226.1999969482422,1149700,0.0,0.0
2022-12-02 00:00:00-05:00,222.0,224.72000122070312,218.0,222.66000366210938,222.66000366210938,651700,0.0,0.0
2022-12-05 00:00:00-05:00,219.89999389648438,220.92999267578125,213.50999450683594,215.11000061035156,215.11000061035156,672600,0.0,0.0
2022-12-06 00:00:00-05:00,212.5800018310547,216.2899932861328,207.22999572753906,211.2100067138672,211.2100067138672,587800,0.0,0.0
2022-12-07 00:00:00-05:00,211.63999938964844,215.47999572753906,209.4499969482422,212.99000549316406,212.99000549316406,476400,0.0,0.0
2022-12-08 00:00:00-05:00,212.89999389648438,215.91000366210938,210.07000732421875,210.07000732421875,210.07000732421875,728600,0.0,0.0
2022-12-09 00:00:00-05:00,209.0,214.5399932861328,207.5399932861328,210.1699981689453,210.1699981689453,441200,0.0,0.0
2022-12-12 00:00:00-05:00,206.13999938964844,206.85000610351562,197.02999877929688,201.94000244140625,201.94000244140625,1060700,0.0,0.0
2022-12-13 00:00:00-05:00,211.27000427246094,211.61000061035156,205.58999633789062,209.61000061035156,209.61000061035156,753700,0.0,0.0
2022-12-14 00:00:00-05:00,207.52000427246094,215.24000549316406,205.66000366210938,214.3300018310547,214.3300018310547,887000,0.0,0.0
2022-12-15 00:00:00-05:00,213.33999633789062,234.47000122070312,213.27999877929688,218.5,218.5,1608000,0.0,0.0
2022-12-16 00:00:00-05:00,216.5800018310547,218.7100067138672,214.11000061035156,215.4199981689453,215.4199981689453,1178900,0.0,0.0
2022-12-19 00:00:00-05:00,214.5399932861328,219.88999938964844,211.08999633789062,216.52999877929688,216.52999877929688,663000,0.0,0.0
2022-12-20 00:00:00-05:00,216.64999389648438,218.25999450683594,212.72000122070312,213.00999450683594,213.00999450683594,463200,0.0,0.0
2022-12-21 00:00:00-05:00,214.94000244140625,221.0,214.13999938964844,220.30999755859375,220.30999755859375,378600,0.0,0.0
2022-12-22 00:00:00-05:00,218.07000732421875,218.9499969482422,212.24000549316406,218.36000061035156,218.36000061035156,354500,0.0,0.0
2022-12-23 00:00:00-05:00,218.32000732421875,219.11000061035156,216.22000122070312,218.5,218.5,285200,0.0,0.0
2022-12-27 00:00:00-05:00,218.11000061035156,221.47999572753906,215.13999938964844,218.9199981689453,218.9199981689453,423300,0.0,0.0
2022-12-28 00:00:00-05:00,219.47000122070312,222.75999450683594,215.00999450683594,215.0399932861328,215.0399932861328,280400,0.0,0.0
2022-12-29 00:00:00-05:00,217.3699951171875,224.6300048828125,217.3699951171875,223.5500030517578,223.5500030517578,447500,0.0,0.0
2022-12-30 00:00:00-05:00,221.27000427246094,222.7100067138672,214.77000427246094,217.89999389648438,217.89999389648438,472000,0.0,0.0
2023-01-03 00:00:00-05:00,220.32000732421875,220.32000732421875,216.1199951171875,218.39999389648438,218.39999389648438,350600,0.0,0.0
2023-01-04 00:00:00-05:00,221.30999755859375,222.8699951171875,219.36000061035156,221.92999267578125,221.92999267578125,309700,0.0,0.0
2023-01-05 00:00:00-05:00,218.57000732421875,220.9600067138672,215.47999572753906,220.0800018310547,220.0800018310547,334300,0.0,0.0
2023-01-06 00:00:00-05:00,222.69000244140625,222.75,215.11000061035156,219.83999633789062,219.83999633789062,486200,0.0,0.0
2023-01-09 00:00:00-05:00,222.35000610351562,230.4600067138672,221.5800018310547,227.75,227.75,473400,0.0,0.0
2023-01-10 00:00:00-05:00,227.30999755859375,234.27999877929688,227.30999755859375,234.1300048828125,234.1300048828125,445100,0.0,0.0
2023-01-11 00:00:00-05:00,239.9600067138672,250.25999450683594,237.72999572753906,246.94000244140625,246.94000244140625,797300,0.0,0.0
2023-01-12 00:00:00-05:00,237.47999572753906,242.08999633789062,229.6999969482422,232.25,232.25,802200,0.0,0.0
2023-01-13 00:00:00-05:00,230.35000610351562,234.30999755859375,229.9199981689453,232.6199951171875,232.6199951171875,407200,0.0,0.0
2023-01-17 00:00:00-05:00,231.63999938964844,238.7100067138672,230.88999938964844,236.52999877929688,236.52999877929688,641100,0.0,0.0
2023-01-18 00:00:00-05:00,237.6999969482422,241.8800048828125,234.4600067138672,234.52999877929688,234.52999877929688,499700,0.0,0.0
2023-01-19 00:00:00-05:00,232.97999572753906,234.9499969482422,228.0399932861328,233.52999877929688,233.52999877929688,332100,0.0,0.0
2023-01-20 00:00:00-05:00,233.74000549316406,243.5500030517578,232.8000030517578,243.1699981689453,243.1699981689453,555200,0.0,0.0
2023-01-23 00:00:00-05:00,244.3800048828125,254.0500030517578,243.14999389648438,252.5500030517578,252.5500030517578,874700,0.0,0.0
2023-01-24 00:00:00-05:00,248.5500030517578,252.47999572753906,245.13999938964844,246.25999450683594,246.25999450683594,462700,0.0,0.0
2023-01-25 00:00:00-05:00,243.0500030517578,245.7100067138672,238.3800048828125,240.9199981689453,240.9199981689453,544700,0.0,0.0
2023-01-26 00:00:00-05:00,244.27999877929688,245.49000549316406,241.67999267578125,244.2899932861328,244.2899932861328,285700,0.0,0.0
2023-01-27 00:00:00-05:00,242.6300048828125,246.8800048828125,240.13999938964844,245.08999633789062,245.08999633789062,366800,0.0,0.0
2023-01-30 00:00:00-05:00,242.36000061035156,244.08999633789062,236.9199981689453,239.77000427246094,239.77000427246094,373700,0.0,0.0
2023-01-31 00:00:00-05:00,240.7100067138672,243.61000061035156,239.36000061035156,243.25,243.25,267900,0.0,0.0
2023-02-01 00:00:00-05:00,243.2100067138672,248.97000122070312,241.25999450683594,248.2100067138672,248.2100067138672,304700,0.0,0.0
2023-02-02 00:00:00-05:00,251.0399932861328,260.5199890136719,250.0,259.9200134277344,259.9200134277344,769700,0.0,0.0
2023-02-03 00:00:00-05:00,254.97999572753906,258.1099853515625,249.0,250.35000610351562,250.35000610351562,411300,0.0,0.0
2023-02-06 00:00:00-05:00,246.72999572753906,250.0,246.22000122070312,246.91000366210938,246.91000366210938,274400,0.0,0.0
2023-02-07 00:00:00-05:00,245.94000244140625,253.61000061035156,244.89999389648438,252.63999938964844,252.63999938964844,255400,0.0,0.0
2023-02-08 00:00:00-05:00,251.9199981689453,262.0,251.88999938964844,257.8399963378906,257.8399963378906,898300,0.0,0.0
2023-02-09 00:00:00-05:00,259.260009765625,259.6099853515625,249.24000549316406,249.82000732421875,249.82000732421875,779200,0.0,0.0
2023-02-10 00:00:00-05:00,247.75999450683594,251.1300048828125,242.7899932861328,245.44000244140625,245.44000244140625,553600,0.0,0.0
2023-02-13 00:00:00-05:00,244.97999572753906,253.92999267578125,243.6699981689453,253.5,253.5,468600,0.0,0.0
2023-02-14 00:00:00-05:00,249.9600067138672,255.60000610351562,249.91000366210938,251.74000549316406,251.74000549316406,405500,0.0,0.0
2023-02-15 00:00:00-05:00,248.92999267578125,253.47999572753906,247.94000244140625,251.52999877929688,251.52999877929688,349100,0.0,0.0
2023-02-16 00:00:00-05:00,246.5399932861328,257.17999267578125,246.5399932861328,254.25,254.25,555200,0.0,0.0
2023-02-17 00:00:00-05:00,252.1999969482422,252.1999969482422,245.4499969482422,249.75999450683594,249.75999450683594,619900,0.0,0.0
2023-02-21 00:00:00-05:00,246.4199981689453,247.35000610351562,243.00999450683594,243.60000610351562,243.60000610351562,523600,0.0,0.0
2023-02-22 00:00:00-05:00,215.57000732421875,221.08999633789062,207.00999450683594,219.08999633789062,219.08999633789062,2281200,0.0,0.0
2023-02-23 00:00:00-05:00,220.50999450683594,228.72000122070312,220.50999450683594,227.27999877929688,227.27999877929688,1145000,0.0,0.0
2023-02-24 00:00:00-05:00,224.3699951171875,225.00999450683594,215.0,219.80999755859375,219.80999755859375,779800,0.0,0.0
2023-02-27 00:00:00-05:00,224.0800018310547,228.50999450683594,221.57000732421875,221.66000366210938,221.66000366210938,625000,0.0,0.0
2023-02-28 00:00:00-05:00,220.42999267578125,223.57000732421875,218.27000427246094,219.33999633789062,219.33999633789062,863100,0.0,0.0
2023-03-01 00:00:00-05:00,218.64999389648438,223.1300048828125,218.52000427246094,222.9199981689453,222.9199981689453,372800,0.0,0.0
2023-03-02 00:00:00-05:00,220.94000244140625,227.35000610351562,220.72000122070312,226.3300018310547,226.3300018310547,428000,0.0,0.0
2023-03-03 00:00:00-05:00,227.72000122070312,232.0500030517578,225.91000366210938,232.0,232.0,417600,0.0,0.0
2023-03-06 00:00:00-05:00,232.6699981689453,233.91000366210938,225.4499969482422,225.52000427246094,225.52000427246094,385300,0.0,0.0
2023-03-07 00:00:00-05:00,225.02000427246094,226.94000244140625,219.9199981689453,221.1199951171875,221.1199951171875,361700,0.0,0.0
2023-03-08 00:00:00-05:00,220.52999877929688,221.3800048828125,217.8699951171875,218.7899932861328,218.7899932861328,224400,0.0,0.0
2023-03-09 00:00:00-05:00,219.60000610351562,224.0,214.83999633789062,214.9199981689453,214.9199981689453,522600,0.0,0.0
2023-03-10 00:00:00-05:00,213.58999633789062,213.58999633789062,198.97999572753906,202.5399932861328,202.5399932861328,1307300,0.0,0.0
2023-03-13 00:00:00-04:00,201.69000244140625,206.72999572753906,196.24000549316406,202.02000427246094,202.02000427246094,805500,0.0,0.0
2023-03-14 00:00:00-04:00,206.16000366210938,210.3699951171875,201.97000122070312,205.02000427246094,205.02000427246094,517300,0.0,0.0
2023-03-15 00:00:00-04:00,201.3699951171875,201.97999572753906,188.85000610351562,194.89999389648438,194.89999389648438,974100,0.0,0.0
2023-03-16 00:00:00-04:00,192.66000366210938,196.52000427246094,190.22000122070312,193.55999755859375,193.55999755859375,703900,0.0,0.0
2023-03-17 00:00:00-04:00,191.27999877929688,193.3699951171875,188.86000061035156,192.9199981689453,192.9199981689453,1096600,0.0,0.0
2023-03-20 00:00:00-04:00,192.86000061035156,195.75999450683594,191.22999572753906,192.58999633789062,192.58999633789062,422900,0.0,0.0
2023-03-21 00:00:00-04:00,196.05999755859375,199.1199951171875,194.10000610351562,198.6699981689453,198.6699981689453,635600,0.0,0.0
2023-03-22 00:00:00-04:00,198.61000061035156,202.74000549316406,196.14999389648438,196.2899932861328,196.2899932861328,579600,0.0,0.0
2023-03-23 00:00:00-04:00,198.02999877929688,200.8300018310547,191.25,193.7100067138672,193.7100067138672,588300,0.0,0.0
2023-03-24 00:00:00-04:00,191.9600067138672,195.0800018310547,189.55999755859375,193.7899932861328,193.7899932861328,571600,0.0,0.0
2023-03-27 00:00:00-04:00,196.49000549316406,198.35000610351562,193.5,197.4600067138672,197.4600067138672,376300,0.0,0.0
2023-03-28 00:00:00-04:00,195.0500030517578,196.0,190.9600067138672,191.88999938964844,191.88999938964844,598300,0.0,0.0
2023-03-29 00:00:00-04:00,194.42999267578125,197.61000061035156,192.00999450683594,197.5800018310547,197.5800018310547,404200,0.0,0.0
2023-03-30 00:00:00-04:00,200.58999633789062,201.94000244140625,196.85000610351562,198.02999877929688,198.02999877929688,357900,0.0,0.0
2023-03-31 00:00:00-04:00,199.74000549316406,202.4199981689453,198.52999877929688,201.82000732421875,201.82000732421875,465700,0.0,0.0
2023-04-03 00:00:00-04:00,201.1199951171875,202.08999633789062,193.82000732421875,200.25999450683594,200.25999450683594,477800,0.0,0.0
2023-04-04 00:00:00-04:00,201.08999633789062,201.10000610351562,197.00999450683594,197.88999938964844,197.88999938964844,319300,0.0,0.0
2023-04-05 00:00:00-04:00,195.0,198.24000549316406,193.86000061035156,195.74000549316406,195.74000549316406,491100,0.0,0.0
2023-04-06 00:00:00-04:00,195.5800018310547,196.64999389648438,191.49000549316406,196.58999633789062,196.58999633789062,508800,0.0,0.0
2023-04-10 00:00:00-04:00,195.72000122070312,199.8699951171875,195.67999267578125,199.74000549316406,199.74000549316406,397700,0.0,0.0
2023-04-11 00:00:00-04:00,200.3699951171875,203.33999633789062,200.3699951171875,202.4199981689453,202.4199981689453,338400,0.0,0.0
2023-04-12 00:00:00-04:00,205.50999450683594,205.50999450683594,200.30999755859375,201.47000122070312,201.47000122070312,306900,0.0,0.0
2023-04-13 00:00:00-04:00,202.63999938964844,206.27000427246094,201.4199981689453,205.60000610351562,205.60000610351562,357200,0.0,0.0
2023-04-14 00:00:00-04:00,205.22000122070312,205.97000122070312,202.19000244140625,203.69000244140625,203.69000244140625,277500,0.0,0.0
2023-04-17 00:00:00-04:00,204.60000610351562,209.75999450683594,203.88999938964844,208.5500030517578,208.5500030517578,450600,0.0,0.0
2023-04-18 00:00:00-04:00,210.0500030517578,210.0500030517578,205.49000549316406,206.02000427246094,206.02000427246094,408900,0.0,0.0
2023-04-19 00:00:00-04:00,205.0399932861328,206.11000061035156,200.67999267578125,202.8699951171875,202.8699951171875,772100,0.0,0.0
2023-04-20 00:00:00-04:00,200.5,201.67999267578125,195.77999877929688,197.94000244140625,197.94000244140625,505100,0.0,0.0
2023-04-21 00:00:00-04:00,198.5800018310547,201.52000427246094,197.25,200.89999389648438,200.89999389648438,493700,0.0,0.0
2023-04-24 00:00:00-04:00,201.9499969482422,204.41000366210938,200.8300018310547,203.8300018310547,203.8300018310547,367600,0.0,0.0
2023-04-25 00:00:00-04:00,203.30999755859375,203.80999755859375,184.91000366210938,187.60000610351562,187.60000610351562,1619400,0.0,0.0
2023-04-26 00:00:00-04:00,186.07000732421875,190.47000122070312,184.05999755859375,187.00999450683594,187.00999450683594,632400,0.0,0.0
2023-04-27 00:00:00-04:00,187.02999877929688,187.75,181.22000122070312,183.7100067138672,183.7100067138672,931800,0.0,0.0
2023-04-28 00:00:00-04:00,183.17999267578125,190.8699951171875,182.0800018310547,190.1199951171875,190.1199951171875,584900,0.0,0.0
2023-05-01 00:00:00-04:00,190.27000427246094,194.25,189.2899932861328,190.10000610351562,190.10000610351562,258900,0.0,0.0
2023-05-02 00:00:00-04:00,188.8000030517578,191.47000122070312,187.75,189.0,189.0,595100,0.0,0.0
2023-05-03 00:00:00-04:00,190.44000244140625,195.6699981689453,189.0500030517578,191.4600067138672,191.4600067138672,451700,0.0,0.0
2023-05-04 00:00:00-04:00,191.30999755859375,192.9199981689453,189.33999633789062,189.47999572753906,189.47999572753906,323500,0.0,0.0
2023-05-05 00:00:00-04:00,191.7100067138672,192.0500030517578,187.72999572753906,191.25,191.25,498100,0.0,0.0
2023-05-08 00:00:00-04:00,191.9600067138672,192.8000030517578,189.3800048828125,189.8800048828125,189.8800048828125,415400,0.0,0.0
2023-05-09 00:00:00-04:00,187.97999572753906,189.25,186.11000061035156,187.47999572753906,187.47999572753906,442100,0.0,0.0
2023-05-10 00:00:00-04:00,190.39999389648438,191.32000732421875,185.61000061035156,186.3000030517578,186.3000030517578,805600,0.0,0.0
2023-05-11 00:00:00-04:00,189.39999389648438,200.47999572753906,187.92999267578125,195.75,195.75,1166900,0.0,0.0
2023-05-12 00:00:00-04:00,196.9199981689453,196.9199981689453,188.07000732421875,191.24000549316406,191.24000549316406,588700,0.0,0.0
2023-05-15 00:00:00-04:00,190.77000427246094,193.69000244140625,188.85000610351562,192.36000061035156,192.36000061035156,418700,0.0,0.0
2023-05-16 00:00:00-04:00,190.9199981689453,191.6300048828125,186.85000610351562,188.17999267578125,188.17999267578125,398700,0.0,0.0
2023-05-17 00:00:00-04:00,188.10000610351562,198.41000366210938,185.58999633789062,196.77999877929688,196.77999877929688,1052100,0.0,0.0
2023-05-18 00:00:00-04:00,197.27000427246094,199.5399932861328,194.52999877929688,199.25999450683594,199.25999450683594,595800,0.0,0.0
2023-05-19 00:00:00-04:00,200.3300018310547,200.69000244140625,197.5500030517578,198.3300018310547,198.3300018310547,749000,0.0,0.0
2023-05-22 00:00:00-04:00,198.80999755859375,202.5500030517578,197.02999877929688,201.33999633789062,201.33999633789062,580900,0.0,0.0
2023-05-23 00:00:00-04:00,200.16000366210938,205.2899932861328,198.4199981689453,202.3000030517578,202.3000030517578,561300,0.0,0.0
2023-05-24 00:00:00-04:00,199.47999572753906,201.52999877929688,191.72999572753906,199.3800048828125,199.3800048828125,726500,0.0,0.0
2023-05-25 00:00:00-04:00,199.7100067138672,202.0,194.2100067138672,194.88999938964844,194.88999938964844,514700,0.0,0.0
2023-05-26 00:00:00-04:00,195.27999877929688,197.13999938964844,193.72999572753906,194.1199951171875,194.1199951171875,304500,0.0,0.0
2023-05-30 00:00:00-04:00,194.13999938964844,199.27999877929688,194.13999938964844,196.0500030517578,196.0500030517578,604100,0.0,0.0
2023-05-31 00:00:00-04:00,194.47999572753906,197.1999969482422,190.4600067138672,193.3800048828125,193.3800048828125,663100,0.0,0.0
2023-06-01 00:00:00-04:00,194.0,196.9600067138672,190.42999267578125,196.33999633789062,196.33999633789062,315500,0.0,0.0
2023-06-02 00:00:00-04:00,199.38999938964844,202.8300018310547,197.0500030517578,200.67999267578125,200.67999267578125,424100,0.0,0.0
2023-06-05 00:00:00-04:00,199.8800048828125,200.80999755859375,196.16000366210938,199.11000061035156,199.11000061035156,365300,0.0,0.0
2023-06-06 00:00:00-04:00,199.5800018310547,202.64999389648438,198.50999450683594,201.5800018310547,201.5800018310547,324300,0.0,0.0
2023-06-07 00:00:00-04:00,199.66000366210938,206.22999572753906,197.2899932861328,203.4499969482422,203.4499969482422,373800,0.0,0.0
2023-06-08 00:00:00-04:00,203.38999938964844,203.9600067138672,199.33999633789062,203.1699981689453,203.1699981689453,343700,0.0,0.0
2023-06-09 00:00:00-04:00,203.47999572753906,204.99000549316406,197.5500030517578,197.67999267578125,197.67999267578125,294400,0.0,0.0
2023-06-12 00:00:00-04:00,197.83999633789062,207.9199981689453,197.83999633789062,205.47999572753906,205.47999572753906,475200,0.0,0.0
2023-06-13 00:00:00-04:00,205.25999450683594,209.07000732421875,205.25999450683594,208.0,208.0,392400,0.0,0.0
2023-06-14 00:00:00-04:00,208.75999450683594,210.72000122070312,206.99000549316406,207.4199981689453,207.4199981689453,549700,0.0,0.0
2023-06-15 00:00:00-04:00,207.05999755859375,209.74000549316406,206.08999633789062,208.97000122070312,208.97000122070312,350100,0.0,0.0
2023-06-16 00:00:00-04:00,210.72000122070312,211.9600067138672,206.08999633789062,209.99000549316406,209.99000549316406,667700,0.0,0.0
2023-06-20 00:00:00-04:00,205.3000030517578,211.83999633789062,204.05999755859375,209.52999877929688,209.52999877929688,725900,0.0,0.0
2023-06-21 00:00:00-04:00,207.77000427246094,208.83999633789062,203.97000122070312,206.30999755859375,206.30999755859375,450600,0.0,0.0
2023-06-22 00:00:00-04:00,204.9499969482422,204.9499969482422,201.1300048828125,204.1699981689453,204.1699981689453,438800,0.0,0.0
2023-06-23 00:00:00-04:00,201.8300018310547,209.39999389648438,201.47999572753906,207.80999755859375,207.80999755859375,1665000,0.0,0.0
2023-06-26 00:00:00-04:00,207.4600067138672,208.6300048828125,205.14999389648438,206.3000030517578,206.3000030517578,352200,0.0,0.0
2023-06-27 00:00:00-04:00,206.5500030517578,207.02999877929688,201.1199951171875,204.3300018310547,204.3300018310547,446100,0.0,0.0
2023-06-28 00:00:00-04:00,203.7100067138672,207.2899932861328,202.5,205.74000549316406,205.74000549316406,440500,0.0,0.0
2023-06-29 00:00:00-04:00,205.92999267578125,209.49000549316406,204.3300018310547,209.17999267578125,209.17999267578125,271000,0.0,0.0
2023-06-30 00:00:00-04:00,211.5399932861328,212.91000366210938,209.49000549316406,210.25,210.25,396300,0.0,0.0
2023-07-03 00:00:00-04:00,209.7899932861328,210.9499969482422,207.5399932861328,208.6699981689453,208.6699981689453,192900,0.0,0.0
2023-07-05 00:00:00-04:00,208.1300048828125,209.86000061035156,206.10000610351562,206.9199981689453,206.9199981689453,259700,0.0,0.0
2023-07-06 00:00:00-04:00,203.82000732421875,208.27999877929688,201.02999877929688,207.36000061035156,207.36000061035156,416900,0.0,0.0
2023-07-07 00:00:00-04:00,207.22999572753906,209.0399932861328,206.3800048828125,206.88999938964844,206.88999938964844,264500,0.0,0.0
2023-07-10 00:00:00-04:00,202.89999389648438,210.0800018310547,202.89999389648438,208.8000030517578,208.8000030517578,401200,0.0,0.0
2023-07-11 00:00:00-04:00,208.52999877929688,210.5500030517578,204.66000366210938,208.30999755859375,208.30999755859375,362200,0.0,0.0
2023-07-12 00:00:00-04:00,212.38999938964844,212.82000732421875,209.92999267578125,211.0,211.0,197700,0.0,0.0
2023-07-13 00:00:00-04:00,211.4499969482422,211.6300048828125,208.22999572753906,209.16000366210938,209.16000366210938,343800,0.0,0.0
2023-07-14 00:00:00-04:00,209.30999755859375,209.97999572753906,207.3300018310547,207.55999755859375,207.55999755859375,305300,0.0,0.0
2023-07-17 00:00:00-04:00,207.64999389648438,210.16000366210938,204.25999450683594,209.33999633789062,209.33999633789062,316400,0.0,0.0
2023-07-18 00:00:00-04:00,208.5,208.5,200.5,201.33999633789062,201.33999633789062,858900,0.0,0.0
2023-07-19 00:00:00-04:00,201.82000732421875,205.10000610351562,201.67999267578125,204.02000427246094,204.02000427246094,776600,0.0,0.0
2023-07-20 00:00:00-04:00,205.38999938964844,205.38999938964844,202.13999938964844,203.99000549316406,203.99000549316406,321200,0.0,0.0
2023-07-21 00:00:00-04:00,202.02000427246094,207.22999572753906,197.5500030517578,206.3800048828125,206.3800048828125,688700,0.0,0.0
2023-07-24 00:00:00-04:00,201.8800048828125,207.32000732421875,201.8800048828125,207.25,207.25,285100,0.0,0.0
2023-07-25 00:00:00-04:00,205.10000610351562,212.3800048828125,205.10000610351562,211.07000732421875,211.07000732421875,407500,0.0,0.0
2023-07-26 00:00:00-04:00,211.27000427246094,213.99000549316406,209.24000549316406,213.02999877929688,213.02999877929688,497900,0.0,0.0
2023-07-27 00:00:00-04:00,214.0,215.42999267578125,208.05999755859375,208.50999450683594,208.50999450683594,278100,0.0,0.0
2023-07-28 00:00:00-04:00,211.24000549316406,211.47999572753906,205.86000061035156,210.49000549316406,210.49000549316406,408900,0.0,0.0
2023-07-31 00:00:00-04:00,210.91000366210938,212.97999572753906,209.30999755859375,209.5399932861328,209.5399932861328,317200,0.0,0.0
2023-08-01 00:00:00-04:00,208.0,210.7100067138672,206.80999755859375,209.30999755859375,209.30999755859375,263800,0.0,0.0
2023-08-02 00:00:00-04:00,207.6199951171875,208.5,204.24000549316406,206.00999450683594,206.00999450683594,383100,0.0,0.0
2023-08-03 00:00:00-04:00,205.8800048828125,206.32000732421875,201.52000427246094,201.5399932861328,201.5399932861328,627800,0.0,0.0
2023-08-04 00:00:00-04:00,201.6699981689453,209.22000122070312,201.02999877929688,206.89999389648438,206.89999389648438,678100,0.0,0.0
2023-08-07 00:00:00-04:00,207.10000610351562,208.0,204.1199951171875,205.27999877929688,205.27999877929688,616700,0.0,0.0
2023-08-08 00:00:00-04:00,203.85000610351562,206.6199951171875,201.9199981689453,206.24000549316406,206.24000549316406,573800,0.0,0.0
2023-08-09 00:00:00-04:00,212.27000427246094,218.8300018310547,210.97999572753906,215.8000030517578,215.8000030517578,958600,0.0,0.0
2023-08-10 00:00:00-04:00,216.02000427246094,217.80999755859375,214.0,217.61000061035156,217.61000061035156,775900,0.0,0.0
2023-08-11 00:00:00-04:00,217.33999633789062,217.72000122070312,212.5500030517578,214.4600067138672,214.4600067138672,491600,0.0,0.0
2023-08-14 00:00:00-04:00,212.6199951171875,217.30999755859375,212.6199951171875,216.89999389648438,216.89999389648438,340300,0.0,0.0
2023-08-15 00:00:00-04:00,215.47999572753906,216.27000427246094,209.4600067138672,210.07000732421875,210.07000732421875,556900,0.0,0.0
2023-08-16 00:00:00-04:00,207.88999938964844,208.75,201.8300018310547,201.97000122070312,201.97000122070312,584300,0.0,0.0
2023-08-17 00:00:00-04:00,202.11000061035156,203.19000244140625,199.5,199.8699951171875,199.8699951171875,452300,0.0,0.0
2023-08-18 00:00:00-04:00,197.6300048828125,199.6999969482422,196.85000610351562,198.89999389648438,198.89999389648438,417500,0.0,0.0
2023-08-21 00:00:00-04:00,199.02999877929688,201.6300048828125,198.66000366210938,200.91000366210938,200.91000366210938,310100,0.0,0.0
2023-08-22 00:00:00-04:00,201.0,202.61000061035156,198.8800048828125,200.22000122070312,200.22000122070312,289800,0.0,0.0
2023-08-23 00:00:00-04:00,201.8000030517578,203.39999389648438,201.24000549316406,202.0,202.0,278600,0.0,0.0
2023-08-24 00:00:00-04:00,202.41000366210938,203.22999572753906,198.39999389648438,198.6199951171875,198.6199951171875,388800,0.0,0.0
2023-08-25 00:00:00-04:00,198.6999969482422,202.16000366210938,198.6999969482422,200.38999938964844,200.38999938964844,249300,0.0,0.0
2023-08-28 00:00:00-04:00,200.83999633789062,202.27999877929688,197.88999938964844,198.75999450683594,198.75999450683594,317800,0.0,0.0
2023-08-29 00:00:00-04:00,199.7100067138672,204.3300018310547,198.9600067138672,203.88999938964844,203.88999938964844,290200,0.0,0.0
2023-08-30 00:00:00-04:00,204.6300048828125,210.89999389648438,204.6300048828125,209.67999267578125,209.67999267578125,354900,0.0,0.0
2023-08-31 00:00:00-04:00,209.6999969482422,211.25,206.55999755859375,206.82000732421875,206.82000732421875,400400,0.0,0.0
2023-09-01 00:00:00-04:00,209.35000610351562,210.38999938964844,206.92999267578125,209.6199951171875,209.6199951171875,282400,0.0,0.0
2023-09-05 00:00:00-04:00,209.05999755859375,209.05999755859375,204.1999969482422,204.2899932861328,204.2899932861328,371100,0.0,0.0
2023-09-06 00:00:00-04:00,204.0500030517578,206.13999938964844,203.55999755859375,204.44000244140625,204.44000244140625,263100,0.0,0.0
2023-09-07 00:00:00-04:00,202.55999755859375,205.33999633789062,201.80999755859375,204.38999938964844,204.38999938964844,367500,0.0,0.0
2023-09-08 00:00:00-04:00,203.58999633789062,204.0800018310547,198.61000061035156,199.74000549316406,199.74000549316406,555900,0.0,0.0
2023-09-11 00:00:00-04:00,200.75,203.27000427246094,199.5399932861328,199.66000366210938,199.66000366210938,419400,0.0,0.0
2023-09-12 00:00:00-04:00,198.8800048828125,199.9199981689453,195.0399932861328,197.11000061035156,197.11000061035156,519300,0.0,0.0
2023-09-13 00:00:00-04:00,195.05999755859375,205.02999877929688,195.05999755859375,203.61000061035156,203.61000061035156,620000,0.0,0.0
2023-09-14 00:00:00-04:00,205.85000610351562,208.14999389648438,201.6999969482422,207.75999450683594,207.75999450683594,543900,0.0,0.0
2023-09-15 00:00:00-04:00,207.30999755859375,212.60000610351562,205.72000122070312,207.8800048828125,207.8800048828125,628800,0.0,0.0
2023-09-18 00:00:00-04:00,207.3699951171875,211.97999572753906,205.99000549316406,210.57000732421875,210.57000732421875,667200,0.0,0.0
2023-09-19 00:00:00-04:00,209.88999938964844,211.2100067138672,208.4600067138672,208.52999877929688,208.52999877929688,775500,0.0,0.0
2023-09-20 00:00:00-04:00,210.1999969482422,213.0399932861328,207.8800048828125,208.6300048828125,208.6300048828125,725100,0.0,0.0
2023-09-21 00:00:00-04:00,205.0,205.0,193.5800018310547,198.14999389648438,198.14999389648438,1248500,0.0,0.0
2023-09-22 00:00:00-04:00,196.07000732421875,202.72000122070312,192.39999389648438,199.6199951171875,199.6199951171875,765000,0.0,0.0
2023-09-25 00:00:00-04:00,198.25999450683594,199.0,196.13999938964844,197.57000732421875,197.57000732421875,395100,0.0,0.0
2023-09-26 00:00:00-04:00,196.5500030517578,197.97999572753906,194.1999969482422,194.44000244140625,194.44000244140625,337300,0.0,0.0
2023-09-27 00:00:00-04:00,195.07000732421875,195.27000427246094,191.10000610351562,194.94000244140625,194.94000244140625,403600,0.0,0.0
2023-09-28 00:00:00-04:00,194.05999755859375,196.75999450683594,192.75,195.30999755859375,195.30999755859375,433600,0.0,0.0
2023-09-29 00:00:00-04:00,198.0399932861328,198.89999389648438,195.47000122070312,195.97999572753906,195.97999572753906,365600,0.0,0.0
2023-10-02 00:00:00-04:00,195.4199981689453,195.4199981689453,191.0,193.38999938964844,193.38999938964844,524100,0.0,0.0
2023-10-03 00:00:00-04:00,191.58999633789062,193.00999450683594,190.58999633789062,191.67999267578125,191.67999267578125,317700,0.0,0.0
2023-10-04 00:00:00-04:00,192.4199981689453,193.75999450683594,187.00999450683594,190.89999389648438,190.89999389648438,415200,0.0,0.0
2023-10-05 00:00:00-04:00,189.8699951171875,192.3000030517578,187.25,191.14999389648438,191.14999389648438,481300,0.0,0.0
2023-10-06 00:00:00-04:00,189.63999938964844,195.55999755859375,188.7899932861328,193.4600067138672,193.4600067138672,439200,0.0,0.0
2023-10-09 00:00:00-04:00,191.72000122070312,194.02999877929688,190.92999267578125,193.07000732421875,193.07000732421875,227500,0.0,0.0
2023-10-10 00:00:00-04:00,193.44000244140625,197.6699981689453,192.8000030517578,195.6300048828125,195.6300048828125,279700,0.0,0.0
2023-10-11 00:00:00-04:00,195.97999572753906,197.41000366210938,194.13999938964844,197.0800018310547,197.0800018310547,233000,0.0,0.0
2023-10-12 00:00:00-04:00,196.3800048828125,196.3800048828125,188.1199951171875,189.02999877929688,189.02999877929688,346500,0.0,0.0
2023-10-13 00:00:00-04:00,189.11000061035156,191.50999450683594,187.0,191.02000427246094,191.02000427246094,333800,0.0,0.0
2023-10-16 00:00:00-04:00,191.6300048828125,195.5500030517578,188.9199981689453,192.74000549316406,192.74000549316406,297800,0.0,0.0
2023-10-17 00:00:00-04:00,190.7899932861328,194.39999389648438,190.07000732421875,191.9499969482422,191.9499969482422,300200,0.0,0.0
2023-10-18 00:00:00-04:00,190.10000610351562,190.97999572753906,184.74000549316406,185.16000366210938,185.16000366210938,442400,0.0,0.0
2023-10-19 00:00:00-04:00,185.74000549316406,189.47999572753906,185.35000610351562,187.39999389648438,187.39999389648438,806400,0.0,0.0
2023-10-20 00:00:00-04:00,187.3800048828125,189.4600067138672,184.97999572753906,185.41000366210938,185.41000366210938,461900,0.0,0.0
2023-10-23 00:00:00-04:00,184.08999633789062,184.66000366210938,181.1199951171875,181.25,181.25,379600,0.0,0.0
2023-10-24 00:00:00-04:00,181.30999755859375,185.67999267578125,180.97000122070312,183.64999389648438,183.64999389648438,428900,0.0,0.0
2023-10-25 00:00:00-04:00,181.22000122070312,181.25999450683594,170.89999389648438,172.69000244140625,172.69000244140625,1005700,0.0,0.0
2023-10-26 00:00:00-04:00,173.1199951171875,176.97999572753906,172.11000061035156,175.07000732421875,175.07000732421875,549700,0.0,0.0
2023-10-27 00:00:00-04:00,176.4199981689453,177.33999633789062,172.24000549316406,172.58999633789062,172.58999633789062,438700,0.0,0.0
2023-10-30 00:00:00-04:00,174.77000427246094,175.07000732421875,164.4199981689453,164.52000427246094,164.52000427246094,1217400,0.0,0.0
2023-10-31 00:00:00-04:00,166.58999633789062,170.47000122070312,165.91000366210938,168.36000061035156,168.36000061035156,818800,0.0,0.0
2023-11-01 00:00:00-04:00,167.77999877929688,168.2899932861328,161.64999389648438,167.52000427246094,167.52000427246094,680800,0.0,0.0
2023-11-02 00:00:00-04:00,169.17999267578125,174.82000732421875,169.0,174.7100067138672,174.7100067138672,543400,0.0,0.0
2023-11-03 00:00:00-04:00,178.80999755859375,183.52000427246094,178.80999755859375,181.91000366210938,181.91000366210938,564200,0.0,0.0
2023-11-06 00:00:00-05:00,181.05999755859375,184.30999755859375,180.30999755859375,181.3699951171875,181.3699951171875,623700,0.0,0.0
2023-11-07 00:00:00-05:00,181.19000244140625,185.33999633789062,180.38999938964844,182.80999755859375,182.80999755859375,663400,0.0,0.0
2023-11-08 00:00:00-05:00,179.0,185.3800048828125,173.57000732421875,175.97000122070312,175.97000122070312,953000,0.0,0.0
2023-11-09 00:00:00-05:00,177.2100067138672,177.99000549316406,168.42999267578125,169.47000122070312,169.47000122070312,640100,0.0,0.0
2023-11-10 00:00:00-05:00,170.4199981689453,173.11000061035156,166.8699951171875,171.99000549316406,171.99000549316406,642600,0.0,0.0
2023-11-13 00:00:00-05:00,170.77000427246094,172.0,168.24000549316406,170.02999877929688,170.02999877929688,614100,0.0,0.0
2023-11-14 00:00:00-05:00,175.9499969482422,179.80999755859375,174.9199981689453,178.3699951171875,178.3699951171875,1184300,0.0,0.0
2023-11-15 00:00:00-05:00,179.00999450683594,189.58999633789062,179.00999450683594,187.57000732421875,187.57000732421875,1066700,0.0,0.0
2023-11-16 00:00:00-05:00,188.02000427246094,190.32000732421875,186.3800048828125,189.55999755859375,189.55999755859375,526500,0.0,0.0
2023-11-17 00:00:00-05:00,191.9499969482422,191.9499969482422,188.63999938964844,189.0399932861328,189.0399932861328,429100,0.0,0.0
2023-11-20 00:00:00-05:00,188.9600067138672,191.61000061035156,186.9199981689453,190.52999877929688,190.52999877929688,327700,0.0,0.0
2023-11-21 00:00:00-05:00,190.75999450683594,194.8699951171875,190.00999450683594,192.25,192.25,502000,0.0,0.0
2023-11-22 00:00:00-05:00,194.25,198.82000732421875,194.17999267578125,194.9499969482422,194.9499969482422,387300,0.0,0.0
2023-11-24 00:00:00-05:00,194.82000732421875,196.9199981689453,194.4600067138672,196.91000366210938,196.91000366210938,142600,0.0,0.0
2023-11-27 00:00:00-05:00,196.05999755859375,197.8699951171875,194.33999633789062,194.6999969482422,194.6999969482422,414500,0.0,0.0
2023-11-28 00:00:00-05:00,194.19000244140625,197.1699981689453,191.8000030517578,195.22000122070312,195.22000122070312,413400,0.0,0.0
2023-11-29 00:00:00-05:00,197.27000427246094,198.30999755859375,195.9499969482422,197.10000610351562,197.10000610351562,468800,0.0,0.0
2023-11-30 00:00:00-05:00,197.41000366210938,199.0500030517578,194.6699981689453,197.0800018310547,197.0800018310547,409000,0.0,0.0
2023-12-01 00:00:00-05:00,196.3699951171875,201.82000732421875,195.75999450683594,201.67999267578125,201.67999267578125,321200,0.0,0.0
2023-12-04 00:00:00-05:00,199.97999572753906,202.69000244140625,199.57000732421875,200.61000061035156,200.61000061035156,400100,0.0,0.0
2023-12-05 00:00:00-05:00,199.27999877929688,199.27999877929688,196.0,198.33999633789062,198.33999633789062,330100,0.0,0.0
2023-12-06 00:00:00-05:00,200.50999450683594,202.75999450683594,199.5500030517578,200.67999267578125,200.67999267578125,298100,0.0,0.0
2023-12-07 00:00:00-05:00,200.3000030517578,203.60000610351562,200.0800018310547,202.77000427246094,202.77000427246094,433800,0.0,0.0
2023-12-08 00:00:00-05:00,202.38999938964844,204.9499969482422,201.49000549316406,204.4600067138672,204.4600067138672,507700,0.0,0.0
2023-12-11 00:00:00-05:00,205.0,208.27999877929688,204.74000549316406,206.5,206.5,458100,0.0,0.0
2023-12-12 00:00:00-05:00,207.1699981689453,210.9600067138672,204.66000366210938,210.72999572753906,210.72999572753906,582900,0.0,0.0
2023-12-13 00:00:00-05:00,210.8800048828125,218.4600067138672,208.8800048828125,217.97999572753906,217.97999572753906,400600,0.0,0.0
2023-12-14 00:00:00-05:00,221.5,231.7899932861328,220.08999633789062,229.25999450683594,229.25999450683594,1071500,0.0,0.0
2023-12-15 00:00:00-05:00,229.3000030517578,230.97000122070312,226.13999938964844,230.80999755859375,230.80999755859375,926100,0.0,0.0
2023-12-18 00:00:00-05:00,232.74000549316406,233.80999755859375,227.22000122070312,228.08999633789062,228.08999633789062,561200,0.0,0.0
2023-12-19 00:00:00-05:00,230.14999389648438,236.0,229.13999938964844,235.64999389648438,235.64999389648438,510500,0.0,0.0
2023-12-20 00:00:00-05:00,236.8000030517578,239.1999969482422,231.30999755859375,231.6199951171875,231.6199951171875,436000,0.0,0.0
2023-12-21 00:00:00-05:00,234.4600067138672,236.0,232.3300018310547,235.72000122070312,235.72000122070312,369200,0.0,0.0
2023-12-22 00:00:00-05:00,237.1999969482422,238.47999572753906,234.66000366210938,236.22999572753906,236.22999572753906,263100,0.0,0.0
2023-12-26 00:00:00-05:00,236.75,239.63999938964844,235.10000610351562,238.1699981689453,238.1699981689453,270200,0.0,0.0
2023-12-27 00:00:00-05:00,238.4499969482422,239.75999450683594,237.11000061035156,238.83999633789062,238.83999633789062,268700,0.0,0.0
2023-12-28 00:00:00-05:00,239.16000366210938,239.83999633789062,238.0399932861328,238.77999877929688,238.77999877929688,329400,0.0,0.0
2023-12-29 00:00:00-05:00,237.11000061035156,238.49000549316406,235.25999450683594,236.39999389648438,236.39999389648438,226500,0.0,0.0
2024-01-02 00:00:00-05:00,234.55999755859375,237.2100067138672,232.8300018310547,234.25,234.25,550600,0.0,0.0
2024-01-03 00:00:00-05:00,230.82000732421875,231.3000030517578,221.85000610351562,224.02000427246094,224.02000427246094,532800,0.0,0.0
2024-01-04 00:00:00-05:00,222.8000030517578,224.97000122070312,222.24000549316406,223.35000610351562,223.35000610351562,475900,0.0,0.0
2024-01-05 00:00:00-05:00,221.0800018310547,226.69000244140625,221.0800018310547,223.88999938964844,223.88999938964844,309200,0.0,0.0
2024-01-08 00:00:00-05:00,223.69000244140625,227.47000122070312,220.17999267578125,226.92999267578125,226.92999267578125,870300,0.0,0.0
2024-01-09 00:00:00-05:00,224.83999633789062,230.0800018310547,209.02000427246094,215.19000244140625,215.19000244140625,992800,0.0,0.0
2024-01-10 00:00:00-05:00,215.33999633789062,215.33999633789062,205.07000732421875,213.13999938964844,213.13999938964844,1096300,0.0,0.0
2024-01-11 00:00:00-05:00,214.07000732421875,215.5800018310547,209.8699951171875,213.4600067138672,213.4600067138672,676500,0.0,0.0
2024-01-12 00:00:00-05:00,214.82000732421875,216.22999572753906,211.35000610351562,211.49000549316406,211.49000549316406,351300,0.0,0.0
2024-01-16 00:00:00-05:00,208.14999389648438,208.50999450683594,205.00999450683594,206.42999267578125,206.42999267578125,653200,0.0,0.0
2024-01-17 00:00:00-05:00,204.35000610351562,206.97000122070312,201.00999450683594,203.52000427246094,203.52000427246094,489000,0.0,0.0
2024-01-18 00:00:00-05:00,203.32000732421875,206.39999389648438,201.27000427246094,206.11000061035156,206.11000061035156,342200,0.0,0.0
2024-01-19 00:00:00-05:00,206.6199951171875,212.25999450683594,205.02000427246094,212.02999877929688,212.02999877929688,1047500,0.0,0.0
2024-01-22 00:00:00-05:00,212.77999877929688,216.5399932861328,212.27000427246094,215.82000732421875,215.82000732421875,501700,0.0,0.0
2024-01-23 00:00:00-05:00,216.97999572753906,216.97999572753906,211.47999572753906,214.0500030517578,214.0500030517578,392000,0.0,0.0
2024-01-24 00:00:00-05:00,216.0500030517578,216.0500030517578,211.25999450683594,213.11000061035156,213.11000061035156,312900,0.0,0.0
2024-01-25 00:00:00-05:00,215.72000122070312,216.8000030517578,211.22999572753906,213.02999877929688,213.02999877929688,244100,0.0,0.0
2024-01-26 00:00:00-05:00,216.35000610351562,224.02999877929688,216.35000610351562,220.27999877929688,220.27999877929688,924500,0.0,0.0
2024-01-29 00:00:00-05:00,219.39999389648438,225.16000366210938,218.42999267578125,224.55999755859375,224.55999755859375,571600,0.0,0.0
2024-01-30 00:00:00-05:00,224.11000061035156,228.52000427246094,223.60000610351562,223.9600067138672,223.9600067138672,506200,0.0,0.0
2024-01-31 00:00:00-05:00,224.22000122070312,224.22000122070312,215.75999450683594,216.27999877929688,216.27999877929688,706100,0.0,0.0
2024-02-01 00:00:00-05:00,216.2100067138672,220.3300018310547,212.52000427246094,219.5399932861328,219.5399932861328,390900,0.0,0.0
2024-02-02 00:00:00-05:00,217.22999572753906,219.6300048828125,215.05999755859375,218.1699981689453,218.1699981689453,426000,0.0,0.0
2024-02-05 00:00:00-05:00,216.77000427246094,219.82000732421875,215.39999389648438,217.58999633789062,217.58999633789062,311200,0.0,0.0
2024-02-06 00:00:00-05:00,217.5800018310547,221.17999267578125,217.36000061035156,220.5,220.5,324900,0.0,0.0
2024-02-07 00:00:00-05:00,220.80999755859375,220.80999755859375,217.88999938964844,218.5800018310547,218.5800018310547,300400,0.0,0.0
2024-02-08 00:00:00-05:00,216.5399932861328,220.58999633789062,216.44000244140625,218.77000427246094,218.77000427246094,474100,0.0,0.0
2024-02-09 00:00:00-05:00,219.0,224.61000061035156,217.1300048828125,222.22000122070312,222.22000122070312,527700,0.0,0.0
2024-02-12 00:00:00-05:00,221.35000610351562,227.6699981689453,220.02999877929688,225.77999877929688,225.77999877929688,663700,0.0,0.0
2024-02-13 00:00:00-05:00,220.85000610351562,224.8699951171875,216.5,220.24000549316406,220.24000549316406,910900,0.0,0.0
2024-02-14 00:00:00-05:00,226.85000610351562,245.41000366210938,225.0,245.1199951171875,245.1199951171875,1655200,0.0,0.0
2024-02-15 00:00:00-05:00,242.0800018310547,245.97000122070312,236.38999938964844,245.39999389648438,245.39999389648438,1035100,0.0,0.0
2024-02-16 00:00:00-05:00,244.2100067138672,248.6699981689453,243.1300048828125,244.9600067138672,244.9600067138672,593500,0.0,0.0
2024-02-20 00:00:00-05:00,242.86000061035156,243.94000244140625,235.75,238.94000244140625,238.94000244140625,788800,0.0,0.0
2024-02-21 00:00:00-05:00,236.42999267578125,241.27999877929688,235.27999877929688,241.10000610351562,241.10000610351562,378900,0.0,0.0
2024-02-22 00:00:00-05:00,242.1199951171875,251.99000549316406,242.1199951171875,246.89999389648438,246.89999389648438,897900,0.0,0.0
2024-02-23 00:00:00-05:00,247.8300018310547,250.19000244140625,247.02000427246094,247.7100067138672,247.7100067138672,364800,0.0,0.0
2024-02-26 00:00:00-05:00,246.1699981689453,250.97999572753906,245.5500030517578,249.55999755859375,249.55999755859375,573100,0.0,0.0
2024-02-27 00:00:00-05:00,250.5500030517578,253.60000610351562,249.0399932861328,252.9499969482422,252.9499969482422,483200,0.0,0.0
2024-02-28 00:00:00-05:00,252.19000244140625,260.0400085449219,251.72999572753906,256.7300109863281,256.7300109863281,745200,0.0,0.0
2024-02-29 00:00:00-05:00,257.7699890136719,259.69000244140625,252.89999389648438,254.19000244140625,254.19000244140625,647200,0.0,0.0
2024-03-01 00:00:00-05:00,254.19000244140625,265.79998779296875,250.72999572753906,264.3800048828125,264.3800048828125,834600,0.0,0.0
2024-03-04 00:00:00-05:00,262.7200012207031,264.80999755859375,258.7900085449219,258.9200134277344,258.9200134277344,400300,0.0,0.0
2024-03-05 00:00:00-05:00,256.2699890136719,262.1199951171875,256.1099853515625,261.2699890136719,261.2699890136719,499900,0.0,0.0
2024-03-06 00:00:00-05:00,262.9700012207031,269.1000061035156,262.9700012207031,263.44000244140625,263.44000244140625,522500,0.0,0.0
2024-03-07 00:00:00-05:00,266.79998779296875,271.5400085449219,264.5199890136719,270.2699890136719,270.2699890136719,368400,0.0,0.0
2024-03-08 00:00:00-05:00,271.30999755859375,275.0,265.4100036621094,266.9700012207031,266.9700012207031,532300,0.0,0.0
2024-03-11 00:00:00-04:00,266.9800109863281,267.6000061035156,262.25,263.0899963378906,263.0899963378906,474500,0.0,0.0
2024-03-12 00:00:00-04:00,262.7900085449219,268.2099914550781,261.1700134277344,264.1199951171875,264.1199951171875,503400,0.0,0.0
2024-03-13 00:00:00-04:00,265.1700134277344,267.20001220703125,259.3599853515625,261.17999267578125,261.17999267578125,577600,0.0,0.0
2024-03-14 00:00:00-04:00,261.17999267578125,264.8599853515625,256.8299865722656,260.5,260.5,404600,0.0,0.0
2024-03-15 00:00:00-04:00,255.60000610351562,261.5799865722656,255.0399932861328,258.9700012207031,258.9700012207031,835200,0.0,0.0
2024-03-18 00:00:00-04:00,260.9100036621094,266.0,258.8800048828125,262.1300048828125,262.1300048828125,379800,0.0,0.0
2024-03-19 00:00:00-04:00,261.3699951171875,266.6099853515625,261.3699951171875,266.510009765625,266.510009765625,551700,0.0,0.0
2024-03-20 00:00:00-04:00,266.3299865722656,269.0,262.6199951171875,268.1700134277344,268.1700134277344,379800,0.0,0.0
2024-03-21 00:00:00-04:00,270.0,274.6199951171875,269.9599914550781,273.42999267578125,273.42999267578125,440900,0.0,0.0
2024-03-22 00:00:00-04:00,273.69000244140625,274.7699890136719,268.2300109863281,272.57000732421875,272.57000732421875,377600,0.0,0.0
2024-03-25 00:00:00-04:00,273.57000732421875,273.57000732421875,265.1600036621094,265.6099853515625,265.6099853515625,381000,0.0,0.0
2024-03-26 00:00:00-04:00,265.6400146484375,267.2900085449219,263.3500061035156,265.44000244140625,265.44000244140625,314800,0.0,0.0
2024-03-27 00:00:00-04:00,268.7900085449219,269.95001220703125,266.05999755859375,269.3699951171875,269.3699951171875,288900,0.0,0.0
2024-03-28 00:00:00-04:00,269.5899963378906,272.19000244140625,267.2300109863281,270.95001220703125,270.95001220703125,497500,0.0,0.0
2024-04-01 00:00:00-04:00,271.1199951171875,273.32000732421875,267.8299865722656,268.7300109863281,268.7300109863281,337500,0.0,0.0
2024-04-02 00:00:00-04:00,267.239990234375,267.8299865722656,258.8800048828125,261.82000732421875,261.82000732421875,553600,0.0,0.0
2024-04-03 00:00:00-04:00,261.1000061035156,261.54998779296875,258.1700134277344,259.30999755859375,259.30999755859375,606400,0.0,0.0
2024-04-04 00:00:00-04:00,261.95001220703125,264.7099914550781,250.1300048828125,250.66000366210938,250.66000366210938,687300,0.0,0.0
2024-04-05 00:00:00-04:00,251.27999877929688,256.1300048828125,249.36000061035156,253.10000610351562,253.10000610351562,529900,0.0,0.0
2024-04-08 00:00:00-04:00,253.94000244140625,257.5199890136719,253.00999450683594,254.9199981689453,254.9199981689453,442600,0.0,0.0
2024-04-09 00:00:00-04:00,257.2799987792969,258.55999755859375,256.0400085449219,257.1499938964844,257.1499938964844,328400,0.0,0.0
2024-04-10 00:00:00-04:00,250.1699981689453,251.30999755859375,246.3800048828125,247.49000549316406,247.49000549316406,486700,0.0,0.0
2024-04-11 00:00:00-04:00,249.3000030517578,250.72000122070312,246.24000549316406,246.4199981689453,246.4199981689453,320900,0.0,0.0
2024-04-12 00:00:00-04:00,244.07000732421875,246.57000732421875,239.66000366210938,241.33999633789062,241.33999633789062,389700,0.0,0.0
2024-04-15 00:00:00-04:00,244.32000732421875,244.41000366210938,234.1699981689453,235.92999267578125,235.92999267578125,462300,0.0,0.0
2024-04-16 00:00:00-04:00,235.9199981689453,235.9199981689453,231.39999389648438,232.33999633789062,232.33999633789062,336000,0.0,0.0
2024-04-17 00:00:00-04:00,234.39999389648438,234.39999389648438,229.85000610351562,230.08999633789062,230.08999633789062,499800,0.0,0.0
2024-04-18 00:00:00-04:00,228.02000427246094,233.72000122070312,223.49000549316406,227.5500030517578,227.5500030517578,710200,0.0,0.0
2024-04-19 00:00:00-04:00,227.13999938964844,230.33999633789062,225.64999389648438,226.77999877929688,226.77999877929688,409100,0.0,0.0
2024-04-22 00:00:00-04:00,228.9499969482422,232.6699981689453,225.7899932861328,232.55999755859375,232.55999755859375,544700,0.0,0.0
2024-04-23 00:00:00-04:00,237.8300018310547,242.91000366210938,236.22000122070312,240.1300048828125,240.1300048828125,611900,0.0,0.0
2024-04-24 00:00:00-04:00,239.27999877929688,244.55999755859375,237.44000244140625,239.42999267578125,239.42999267578125,705100,0.0,0.0
2024-04-25 00:00:00-04:00,237.30999755859375,237.30999755859375,225.97000122070312,227.80999755859375,227.80999755859375,762900,0.0,0.0
2024-04-26 00:00:00-04:00,227.38999938964844,230.86000061035156,227.38999938964844,229.02999877929688,229.02999877929688,322100,0.0,0.0
2024-04-29 00:00:00-04:00,230.8800048828125,233.27999877929688,230.30999755859375,232.10000610351562,232.10000610351562,323100,0.0,0.0
2024-04-30 00:00:00-04:00,231.30999755859375,232.17999267578125,225.5800018310547,229.0,229.0,512300,0.0,0.0
2024-05-01 00:00:00-04:00,229.8000030517578,237.6199951171875,226.44000244140625,232.69000244140625,232.69000244140625,534500,0.0,0.0
2024-05-02 00:00:00-04:00,233.85000610351562,233.85000610351562,225.74000549316406,229.88999938964844,229.88999938964844,409200,0.0,0.0
2024-05-03 00:00:00-04:00,233.61000061035156,238.3800048828125,232.3800048828125,233.47000122070312,233.47000122070312,466200,0.0,0.0
2024-05-06 00:00:00-04:00,235.60000610351562,235.88999938964844,232.72000122070312,235.27000427246094,235.27000427246094,427400,0.0,0.0
2024-05-07 00:00:00-04:00,236.89999389648438,238.22999572753906,235.38999938964844,236.3000030517578,236.3000030517578,473900,0.0,0.0
2024-05-08 00:00:00-04:00,235.27999877929688,236.8800048828125,233.0,235.2899932861328,235.2899932861328,610300,0.0,0.0
2024-05-09 00:00:00-04:00,236.0,238.91000366210938,226.0,230.08999633789062,230.08999633789062,1004400,0.0,0.0
2024-05-10 00:00:00-04:00,230.25999450683594,230.89999389648438,223.77999877929688,228.1199951171875,228.1199951171875,842500,0.0,0.0
2024-05-13 00:00:00-04:00,228.05999755859375,229.0,225.8699951171875,228.41000366210938,228.41000366210938,447300,0.0,0.0
2024-05-14 00:00:00-04:00,230.30999755859375,233.1699981689453,227.50999450683594,232.82000732421875,232.82000732421875,502300,0.0,0.0
2024-05-15 00:00:00-04:00,236.07000732421875,238.22000122070312,232.55999755859375,232.55999755859375,232.55999755859375,529500,0.0,0.0
2024-05-16 00:00:00-04:00,230.8300018310547,230.8300018310547,220.44000244140625,224.75,224.75,1301400,0.0,0.0
2024-05-17 00:00:00-04:00,225.2899932861328,225.2899932861328,220.3699951171875,221.61000061035156,221.61000061035156,927600,0.0,0.0
2024-05-20 00:00:00-04:00,222.3699951171875,223.17999267578125,218.97000122070312,223.05999755859375,223.05999755859375,473700,0.0,0.0
2024-05-21 00:00:00-04:00,222.83999633789062,223.5,219.77999877929688,221.47999572753906,221.47999572753906,375300,0.0,0.0
2024-05-22 00:00:00-04:00,220.97999572753906,222.11000061035156,218.3800048828125,219.0,219.0,360300,0.0,0.0
2024-05-23 00:00:00-04:00,220.2899932861328,220.2899932861328,215.67999267578125,217.5500030517578,217.5500030517578,340000,0.0,0.0
2024-05-24 00:00:00-04:00,217.88999938964844,217.88999938964844,215.67999267578125,217.2100067138672,217.2100067138672,312600,0.0,0.0
2024-05-28 00:00:00-04:00,217.8000030517578,218.63999938964844,212.32000732421875,214.50999450683594,214.50999450683594,534400,0.0,0.0
2024-05-29 00:00:00-04:00,211.8300018310547,212.8699951171875,209.72999572753906,211.47999572753906,211.47999572753906,362900,0.0,0.0
2024-05-30 00:00:00-04:00,211.13999938964844,212.30999755859375,208.27000427246094,209.72000122070312,209.72000122070312,469100,0.0,0.0
2024-05-31 00:00:00-04:00,209.89999389648438,211.69000244140625,206.38999938964844,208.44000244140625,208.44000244140625,762300,0.0,0.0
2024-06-03 00:00:00-04:00,209.64999389648438,210.05999755859375,204.9499969482422,207.92999267578125,207.92999267578125,742100,0.0,0.0
2024-06-04 00:00:00-04:00,207.38999938964844,210.25,204.3300018310547,210.22999572753906,210.22999572753906,602100,0.0,0.0
2024-06-05 00:00:00-04:00,210.6699981689453,216.50999450683594,208.75999450683594,216.1199951171875,216.1199951171875,809800,0.0,0.0
2024-06-06 00:00:00-04:00,217.6199951171875,222.77000427246094,215.00999450683594,221.6199951171875,221.6199951171875,679200,0.0,0.0
2024-06-07 00:00:00-04:00,219.2100067138672,219.72999572753906,214.69000244140625,214.7899932861328,214.7899932861328,464600,0.0,0.0
2024-06-10 00:00:00-04:00,212.9499969482422,215.61000061035156,210.97999572753906,214.50999450683594,214.50999450683594,594000,0.0,0.0
2024-06-11 00:00:00-04:00,212.77000427246094,214.38999938964844,209.33999633789062,210.42999267578125,210.42999267578125,499100,0.0,0.0
2024-06-12 00:00:00-04:00,213.8800048828125,217.19000244140625,213.1699981689453,213.83999633789062,213.83999633789062,390300,0.0,0.0
2024-06-13 00:00:00-04:00,212.88999938964844,214.27999877929688,210.2899932861328,212.44000244140625,212.44000244140625,337000,0.0,0.0
2024-06-14 00:00:00-04:00,211.10000610351562,211.10000610351562,206.30999755859375,209.47000122070312,209.47000122070312,407100,0.0,0.0
2024-06-17 00:00:00-04:00,208.22999572753906,209.05999755859375,207.02000427246094,208.41000366210938,208.41000366210938,396600,0.0,0.0
2024-06-18 00:00:00-04:00,208.9499969482422,211.49000549316406,207.13999938964844,209.8000030517578,209.8000030517578,336100,0.0,0.0
2024-06-20 00:00:00-04:00,207.1300048828125,210.4600067138672,206.4199981689453,209.6300048828125,209.6300048828125,478400,0.0,0.0
2024-06-21 00:00:00-04:00,210.3300018310547,212.3000030517578,208.69000244140625,211.60000610351562,211.60000610351562,681800,0.0,0.0
2024-06-24 00:00:00-04:00,212.00999450683594,213.6300048828125,209.77000427246094,209.85000610351562,209.85000610351562,347600,0.0,0.0
2024-06-25 00:00:00-04:00,209.16000366210938,210.30999755859375,204.0,206.38999938964844,206.38999938964844,454400,0.0,0.0
2024-06-26 00:00:00-04:00,205.8800048828125,206.97000122070312,203.60000610351562,206.7100067138672,206.7100067138672,311900,0.0,0.0
2024-06-27 00:00:00-04:00,205.41000366210938,207.75,205.2899932861328,207.35000610351562,207.35000610351562,292400,0.0,0.0
2024-06-28 00:00:00-04:00,205.9199981689453,209.6999969482422,204.42999267578125,206.5800018310547,206.5800018310547,666800,0.0,0.0
2024-07-01 00:00:00-04:00,207.47000122070312,211.89999389648438,202.57000732421875,203.24000549316406,203.24000549316406,418300,0.0,0.0
2024-07-02 00:00:00-04:00,203.10000610351562,204.10000610351562,201.08999633789062,201.47999572753906,201.47999572753906,448000,0.0,0.0
2024-07-03 00:00:00-04:00,202.75,204.3699951171875,200.86000061035156,201.4199981689453,201.4199981689453,176500,0.0,0.0
2024-07-05 00:00:00-04:00,201.4199981689453,201.9199981689453,197.5,199.66000366210938,199.66000366210938,516600,0.0,0.0
2024-07-08 00:00:00-04:00,201.52999877929688,204.00999450683594,198.39999389648438,202.4600067138672,202.4600067138672,456200,0.0,0.0
2024-07-09 00:00:00-04:00,202.4600067138672,203.58999633789062,199.99000549316406,201.85000610351562,201.85000610351562,352400,0.0,0.0
2024-07-10 00:00:00-04:00,199.99000549316406,203.85000610351562,198.00999450683594,202.7100067138672,202.7100067138672,526100,0.0,0.0
2024-07-11 00:00:00-04:00,206.4499969482422,212.50999450683594,205.50999450683594,210.8800048828125,210.8800048828125,441500,0.0,0.0
2024-07-12 00:00:00-04:00,212.1699981689453,217.27000427246094,211.00999450683594,216.19000244140625,216.19000244140625,531800,0.0,0.0
2024-07-15 00:00:00-04:00,215.5399932861328,220.4199981689453,214.41000366210938,216.25,216.25,474200,0.0,0.0
2024-07-16 00:00:00-04:00,217.27000427246094,228.52999877929688,217.27000427246094,227.30999755859375,227.30999755859375,468700,0.0,0.0
2024-07-17 00:00:00-04:00,226.5500030517578,231.38999938964844,223.02999877929688,223.14999389648438,223.14999389648438,384800,0.0,0.0
2024-07-18 00:00:00-04:00,221.4600067138672,226.50999450683594,216.97000122070312,218.5800018310547,218.5800018310547,341400,0.0,0.0
2024-07-19 00:00:00-04:00,219.22999572753906,219.75999450683594,214.7899932861328,218.24000549316406,218.24000549316406,484300,0.0,0.0
2024-07-22 00:00:00-04:00,222.4600067138672,228.44000244140625,217.67999267578125,227.6199951171875,227.6199951171875,453000,0.0,0.0
2024-07-23 00:00:00-04:00,225.8699951171875,225.8699951171875,219.3699951171875,220.27999877929688,220.27999877929688,694000,0.0,0.0
2024-07-24 00:00:00-04:00,220.07000732421875,225.24000549316406,218.9600067138672,222.41000366210938,222.41000366210938,344400,0.0,0.0
2024-07-25 00:00:00-04:00,221.00999450683594,229.61000061035156,218.3000030517578,221.80999755859375,221.80999755859375,848200,0.0,0.0
2024-07-26 00:00:00-04:00,224.27000427246094,233.9199981689453,224.27000427246094,233.47000122070312,233.47000122070312,646200,0.0,0.0
2024-07-29 00:00:00-04:00,233.4499969482422,238.1999969482422,232.22999572753906,237.9199981689453,237.9199981689453,692000,0.0,0.0
2024-07-30 00:00:00-04:00,239.72999572753906,246.83999633789062,236.94000244140625,245.2899932861328,245.2899932861328,815600,0.0,0.0
2024-07-31 00:00:00-04:00,246.25,249.9499969482422,242.55999755859375,244.10000610351562,244.10000610351562,837000,0.0,0.0
2024-08-01 00:00:00-04:00,244.60000610351562,254.14999389648438,240.5,242.83999633789062,242.83999633789062,870700,0.0,0.0
2024-08-02 00:00:00-04:00,236.8800048828125,236.8800048828125,226.75999450683594,233.60000610351562,233.60000610351562,568000,0.0,0.0
2024-08-05 00:00:00-04:00,225.25999450683594,230.3300018310547,219.05999755859375,226.39999389648438,226.39999389648438,628500,0.0,0.0
2024-08-06 00:00:00-04:00,227.57000732421875,234.89999389648438,225.50999450683594,228.8000030517578,228.8000030517578,746200,0.0,0.0
2024-08-07 00:00:00-04:00,191.83999633789062,209.75,191.83999633789062,199.9600067138672,199.9600067138672,3954900,0.0,0.0
2024-08-08 00:00:00-04:00,191.5,202.61000061035156,191.3699951171875,201.92999267578125,201.92999267578125,2322400,0.0,0.0
2024-08-09 00:00:00-04:00,203.77000427246094,204.74000549316406,198.72000122070312,200.97000122070312,200.97000122070312,1060200,0.0,0.0
2024-08-12 00:00:00-04:00,199.52000427246094,200.2100067138672,193.3300018310547,194.30999755859375,194.30999755859375,1539600,0.0,0.0
2024-08-13 00:00:00-04:00,194.67999267578125,203.67999267578125,193.63999938964844,203.49000549316406,203.49000549316406,957600,0.0,0.0
2024-08-14 00:00:00-04:00,204.82000732421875,205.6300048828125,198.47000122070312,198.5500030517578,198.5500030517578,726000,0.0,0.0
2024-08-15 00:00:00-04:00,202.75999450683594,205.39999389648438,201.19000244140625,202.08999633789062,202.08999633789062,745700,0.0,0.0
2024-08-16 00:00:00-04:00,201.7899932861328,203.52999877929688,200.44000244140625,201.8699951171875,201.8699951171875,436700,0.0,0.0
2024-08-19 00:00:00-04:00,202.3699951171875,205.0,201.61000061035156,204.02000427246094,204.02000427246094,418800,0.0,0.0
2024-08-20 00:00:00-04:00,204.52999877929688,205.1199951171875,202.27000427246094,202.5,202.5,552000,0.0,0.0
2024-08-21 00:00:00-04:00,203.0500030517578,204.52000427246094,201.41000366210938,204.3800048828125,204.3800048828125,563200,0.0,0.0
2024-08-22 00:00:00-04:00,204.5500030517578,205.08999633789062,200.6199951171875,201.3300018310547,201.3300018310547,452000,0.0,0.0
2024-08-23 00:00:00-04:00,204.99000549316406,205.75999450683594,201.9199981689453,205.27000427246094,205.27000427246094,595100,0.0,0.0
2024-08-26 00:00:00-04:00,206.0,206.3300018310547,202.80999755859375,204.60000610351562,204.60000610351562,400600,0.0,0.0
2024-08-27 00:00:00-04:00,203.97999572753906,204.27999877929688,200.61000061035156,203.3000030517578,203.3000030517578,346100,0.0,0.0
2024-08-28 00:00:00-04:00,202.74000549316406,202.83999633789062,196.25,196.9600067138672,196.9600067138672,607400,0.0,0.0
2024-08-29 00:00:00-04:00,199.1300048828125,202.3800048828125,197.61000061035156,199.2899932861328,199.2899932861328,448500,0.0,0.0
2024-08-30 00:00:00-04:00,200.22000122070312,200.22000122070312,194.5500030517578,197.75,197.75,635600,0.0,0.0
2024-09-03 00:00:00-04:00,195.24000549316406,198.5800018310547,191.39999389648438,192.0399932861328,192.0399932861328,861900,0.0,0.0
2024-09-04 00:00:00-04:00,192.00999450683594,192.42999267578125,190.17999267578125,191.77000427246094,191.77000427246094,818000,0.0,0.0
2024-09-05 00:00:00-04:00,192.0,192.75,187.10000610351562,191.19000244140625,191.19000244140625,633300,0.0,0.0
2024-09-06 00:00:00-04:00,191.10000610351562,191.66000366210938,186.55999755859375,187.9600067138672,187.9600067138672,526500,0.0,0.0
2024-09-09 00:00:00-04:00,188.42999267578125,190.77999877929688,187.11000061035156,188.16000366210938,188.16000366210938,458100,0.0,0.0
2024-09-10 00:00:00-04:00,187.75999450683594,193.2899932861328,186.2100067138672,190.02000427246094,190.02000427246094,779400,0.0,0.0
2024-09-11 00:00:00-04:00,189.05999755859375,194.13999938964844,187.8699951171875,193.58999633789062,193.58999633789062,640700,0.0,0.0
2024-09-12 00:00:00-04:00,193.6699981689453,195.0,189.6300048828125,194.32000732421875,194.32000732421875,444400,0.0,0.0
2024-09-13 00:00:00-04:00,195.05999755859375,198.94000244140625,194.88999938964844,198.61000061035156,198.61000061035156,487000,0.0,0.0
2024-09-16 00:00:00-04:00,200.0,205.0,199.30999755859375,203.72999572753906,203.72999572753906,794800,0.0,0.0
2024-09-17 00:00:00-04:00,205.1300048828125,208.08999633789062,204.6199951171875,206.2100067138672,206.2100067138672,515500,0.0,0.0
2024-09-18 00:00:00-04:00,207.11000061035156,211.9600067138672,204.0,206.10000610351562,206.10000610351562,526800,0.0,0.0
2024-09-19 00:00:00-04:00,212.2899932861328,213.61000061035156,208.77999877929688,209.6199951171875,209.6199951171875,707900,0.0,0.0
2024-09-20 00:00:00-04:00,207.5800018310547,208.02999877929688,203.32000732421875,205.7899932861328,205.7899932861328,1173100,0.0,0.0
2024-09-23 00:00:00-04:00,207.0,207.0,203.24000549316406,203.77000427246094,203.77000427246094,629500,0.0,0.0
2024-09-24 00:00:00-04:00,205.00999450683594,205.00999450683594,199.8800048828125,200.6199951171875,200.6199951171875,792000,0.0,0.0
2024-09-25 00:00:00-04:00,200.49000549316406,200.89999389648438,190.72000122070312,192.89999389648438,192.89999389648438,1048800,0.0,0.0
2024-09-26 00:00:00-04:00,196.30999755859375,199.25999450683594,194.5,198.25999450683594,198.25999450683594,615200,0.0,0.0
2024-09-27 00:00:00-04:00,199.5800018310547,201.6699981689453,197.0800018310547,198.30999755859375,198.30999755859375,486100,0.0,0.0
2024-09-30 00:00:00-04:00,196.9199981689453,198.97999572753906,194.1999969482422,196.97000122070312,196.97000122070312,505600,0.0,0.0
2024-10-01 00:00:00-04:00,194.8800048828125,194.8800048828125,191.5,194.0800018310547,194.0800018310547,460600,0.0,0.0
2024-10-02 00:00:00-04:00,191.00999450683594,194.82000732421875,189.3300018310547,192.89999389648438,192.89999389648438,675100,0.0,0.0
2024-10-03 00:00:00-04:00,191.32000732421875,193.89999389648438,189.3800048828125,189.58999633789062,189.58999633789062,855200,0.0,0.0
2024-10-04 00:00:00-04:00,194.35000610351562,194.35000610351562,189.8800048828125,190.74000549316406,190.74000549316406,544400,0.0,0.0
2024-10-07 00:00:00-04:00,187.99000549316406,189.5,185.97000122070312,189.22000122070312,189.22000122070312,879400,0.0,0.0
2024-10-08 00:00:00-04:00,188.89999389648438,189.5,186.67999267578125,186.8300018310547,186.8300018310547,718400,0.0,0.0
2024-10-09 00:00:00-04:00,188.0,189.4499969482422,186.02999877929688,187.6999969482422,187.6999969482422,523400,0.0,0.0
2024-10-10 00:00:00-04:00,185.5,196.25,185.5,191.42999267578125,191.42999267578125,828900,0.0,0.0
2024-10-11 00:00:00-04:00,191.2899932861328,194.74000549316406,190.5,192.97000122070312,192.97000122070312,365600,0.0,0.0
2024-10-14 00:00:00-04:00,192.49000549316406,194.13999938964844,190.32000732421875,193.13999938964844,193.13999938964844,448200,0.0,0.0
2024-10-15 00:00:00-04:00,191.97000122070312,198.57000732421875,191.97000122070312,193.8699951171875,193.8699951171875,553700,0.0,0.0
2024-10-16 00:00:00-04:00,192.7899932861328,197.0399932861328,192.6300048828125,195.11000061035156,195.11000061035156,516500,0.0,0.0
2024-10-17 00:00:00-04:00,198.07000732421875,198.60000610351562,195.5500030517578,197.77999877929688,197.77999877929688,695500,0.0,0.0
2024-10-18 00:00:00-04:00,199.13999938964844,200.52000427246094,195.75999450683594,197.77000427246094,197.77000427246094,707800,0.0,0.0
2024-10-21 00:00:00-04:00,196.60000610351562,197.63999938964844,194.91000366210938,195.0399932861328,195.0399932861328,592600,0.0,0.0
2024-10-22 00:00:00-04:00,191.00999450683594,191.00999450683594,180.75,185.94000244140625,185.94000244140625,1197000,0.0,0.0
2024-10-23 00:00:00-04:00,185.5399932861328,188.05999755859375,184.16000366210938,186.6300048828125,186.6300048828125,610700,0.0,0.0
2024-10-24 00:00:00-04:00,185.0,186.32000732421875,180.22000122070312,182.72999572753906,182.72999572753906,1053500,0.0,0.0
2024-10-25 00:00:00-04:00,184.14999389648438,184.5500030517578,181.52999877929688,182.1199951171875,182.1199951171875,501300,0.0,0.0
2024-10-28 00:00:00-04:00,185.2100067138672,188.0,184.25999450683594,186.52000427246094,186.52000427246094,506500,0.0,0.0
2024-10-29 00:00:00-04:00,186.0,186.4600067138672,182.22000122070312,184.0,184.0,692500,0.0,0.0
2024-10-30 00:00:00-04:00,181.19000244140625,186.3699951171875,180.24000549316406,181.38999938964844,181.38999938964844,792300,0.0,0.0
2024-10-31 00:00:00-04:00,178.91000366210938,181.22999572753906,176.47999572753906,178.5800018310547,178.5800018310547,1032100,0.0,0.0
2024-11-01 00:00:00-04:00,180.39999389648438,184.0399932861328,179.4600067138672,180.9600067138672,180.9600067138672,830400,0.0,0.0
2024-11-04 00:00:00-05:00,179.92999267578125,185.86000061035156,179.92999267578125,182.47999572753906,182.47999572753906,519200,0.0,0.0
2024-11-05 00:00:00-05:00,180.88999938964844,189.17999267578125,180.5,188.67999267578125,188.67999267578125,997700,0.0,0.0
2024-11-06 00:00:00-05:00,228.99000549316406,230.02000427246094,208.5500030517578,214.1999969482422,214.1999969482422,2284500,0.0,0.0
2024-11-07 00:00:00-05:00,215.75,217.60000610351562,209.97000122070312,210.2899932861328,210.2899932861328,852700,0.0,0.0
2024-11-08 00:00:00-05:00,210.2899932861328,216.14999389648438,208.52000427246094,215.38999938964844,215.38999938964844,625700,0.0,0.0
2024-11-11 00:00:00-05:00,217.6699981689453,222.10000610351562,217.0,220.69000244140625,220.69000244140625,774700,0.0,0.0
2024-11-12 00:00:00-05:00,220.0,221.60000610351562,213.35000610351562,215.94000244140625,215.94000244140625,756300,0.0,0.0
2024-11-13 00:00:00-05:00,216.1199951171875,217.75,205.5500030517578,206.5399932861328,206.5399932861328,982000,0.0,0.0
2024-11-14 00:00:00-05:00,206.5,208.10000610351562,195.97000122070312,196.89999389648438,196.89999389648438,974400,0.0,0.0
2024-11-15 00:00:00-05:00,195.4199981689453,196.0,183.35000610351562,187.74000549316406,187.74000549316406,1499000,0.0,0.0
2024-11-18 00:00:00-05:00,185.27999877929688,187.92999267578125,183.5800018310547,187.5,187.5,780000,0.0,0.0
2024-11-19 00:00:00-05:00,185.83999633789062,188.3800048828125,183.91000366210938,186.10000610351562,186.10000610351562,714400,0.0,0.0
2024-11-20 00:00:00-05:00,186.5399932861328,188.32000732421875,183.5500030517578,187.89999389648438,187.89999389648438,648100,0.0,0.0
2024-11-21 00:00:00-05:00,189.1999969482422,194.8800048828125,186.6199951171875,194.19000244140625,194.19000244140625,502300,0.0,0.0
2024-11-22 00:00:00-05:00,194.3800048828125,198.17999267578125,193.25999450683594,195.77000427246094,195.77000427246094,575700,0.0,0.0
2024-11-25 00:00:00-05:00,198.55999755859375,202.8699951171875,198.17999267578125,201.3000030517578,201.3000030517578,612700,0.0,0.0
2024-11-26 00:00:00-05:00,198.75,200.1999969482422,194.0500030517578,197.75,197.75,430800,0.0,0.0
2024-11-27 00:00:00-05:00,200.0500030517578,202.55999755859375,198.22999572753906,199.58999633789062,199.58999633789062,249500,0.0,0.0
2024-11-29 00:00:00-05:00,200.72999572753906,201.2899932861328,198.25,199.05999755859375,199.05999755859375,287800,0.0,0.0
2024-12-02 00:00:00-05:00,200.0,203.00999450683594,198.6699981689453,201.25,201.25,630300,0.0,0.0
2024-12-03 00:00:00-05:00,200.1699981689453,201.1199951171875,196.61000061035156,199.3000030517578,199.3000030517578,458600,0.0,0.0
2024-12-04 00:00:00-05:00,199.6699981689453,201.4199981689453,198.30999755859375,199.35000610351562,199.35000610351562,436600,0.0,0.0
2024-12-05 00:00:00-05:00,198.2899932861328,198.8300018310547,191.42999267578125,191.5399932861328,191.5399932861328,469200,0.0,0.0
2024-12-06 00:00:00-05:00,193.8000030517578,195.3699951171875,190.14999389648438,191.80999755859375,191.80999755859375,624500,0.0,0.0
2024-12-09 00:00:00-05:00,192.77000427246094,202.57000732421875,192.74000549316406,201.75,201.75,630100,0.0,0.0
2024-12-10 00:00:00-05:00,202.72000122070312,202.72000122070312,196.5,197.0500030517578,197.0500030517578,415500,0.0,0.0
2024-12-11 00:00:00-05:00,198.47000122070312,200.10000610351562,193.0,193.5500030517578,193.5500030517578,424600,0.0,0.0
2024-12-12 00:00:00-05:00,192.35000610351562,195.36000061035156,191.3000030517578,194.27000427246094,194.27000427246094,520500,0.0,0.0
2024-12-13 00:00:00-05:00,194.1699981689453,194.1699981689453,188.30999755859375,190.4600067138672,190.4600067138672,547300,0.0,0.0
2024-12-16 00:00:00-05:00,189.72000122070312,193.82000732421875,188.99000549316406,190.07000732421875,190.07000732421875,727800,0.0,0.0
2024-12-17 00:00:00-05:00,188.55999755859375,199.4499969482422,188.55999755859375,189.3300018310547,189.3300018310547,578900,0.0,0.0
2024-12-18 00:00:00-05:00,190.25999450683594,191.61000061035156,182.9199981689453,183.16000366210938,183.16000366210938,670600,0.0,0.0
2024-12-19 00:00:00-05:00,183.1999969482422,185.0500030517578,180.2100067138672,182.14999389648438,182.14999389648438,624400,0.0,0.0
2024-12-20 00:00:00-05:00,181.5399932861328,188.0399932861328,181.2899932861328,185.77000427246094,185.77000427246094,1139300,0.0,0.0
2024-12-23 00:00:00-05:00,185.1199951171875,186.75,184.5,185.38999938964844,185.38999938964844,520100,0.0,0.0
2024-12-24 00:00:00-05:00,185.11000061035156,186.47000122070312,184.4600067138672,186.2899932861328,186.2899932861328,231500,0.0,0.0
2024-12-26 00:00:00-05:00,184.88999938964844,187.17999267578125,183.72000122070312,186.64999389648438,186.64999389648438,382800,0.0,0.0
2024-12-27 00:00:00-05:00,185.6699981689453,188.32000732421875,184.75999450683594,186.16000366210938,186.16000366210938,514700,0.0,0.0
2024-12-30 00:00:00-05:00,184.33999633789062,185.10000610351562,180.6999969482422,183.4199981689453,183.4199981689453,509200,0.0,0.0
2024-12-31 00:00:00-05:00,184.39999389648438,185.97999572753906,183.2899932861328,184.60000610351562,184.60000610351562,322000,0.0,0.0
2025-01-02 00:00:00-05:00,186.9199981689453,187.32000732421875,181.30999755859375,182.63999938964844,182.63999938964844,485400,0.0,0.0
2025-01-03 00:00:00-05:00,183.38999938964844,187.10000610351562,181.17999267578125,185.8000030517578,185.8000030517578,408900,0.0,0.0
2025-01-06 00:00:00-05:00,187.6300048828125,192.97000122070312,186.13999938964844,189.5399932861328,189.5399932861328,652100,0.0,0.0
2025-01-07 00:00:00-05:00,190.86000061035156,193.55999755859375,187.97999572753906,189.75999450683594,189.75999450683594,807200,0.0,0.0
2025-01-08 00:00:00-05:00,189.2100067138672,189.49000549316406,184.32000732421875,187.91000366210938,187.91000366210938,493200,0.0,0.0
2025-01-10 00:00:00-05:00,183.97000122070312,188.25999450683594,183.97000122070312,186.1199951171875,186.1199951171875,911500,0.0,0.0
2025-01-13 00:00:00-05:00,186.33999633789062,190.67999267578125,184.5,190.13999938964844,190.13999938964844,670600,0.0,0.0
2025-01-14 00:00:00-05:00,179.8699951171875,185.0,175.61000061035156,178.0800018310547,178.0800018310547,1867900,0.0,0.0
2025-01-15 00:00:00-05:00,180.5,182.25,173.80999755859375,173.91000366210938,173.91000366210938,1212600,0.0,0.0
2025-01-16 00:00:00-05:00,168.6199951171875,168.6199951171875,160.85000610351562,165.8000030517578,165.8000030517578,2606400,0.0,0.0
2025-01-17 00:00:00-05:00,165.41000366210938,167.5,163.07000732421875,163.5,163.5,1146600,0.0,0.0
2025-01-21 00:00:00-05:00,165.27999877929688,171.75,165.0,169.80999755859375,169.80999755859375,1356600,0.0,0.0
2025-01-22 00:00:00-05:00,167.8699951171875,170.8300018310547,166.82000732421875,168.22000122070312,168.22000122070312,952600,0.0,0.0
2025-01-23 00:00:00-05:00,168.89999389648438,169.00999450683594,164.02000427246094,166.86000061035156,166.86000061035156,970900,0.0,0.0
2025-01-24 00:00:00-05:00,167.91000366210938,168.14999389648438,164.7100067138672,164.97000122070312,164.97000122070312,836500,0.0,0.0
2025-01-27 00:00:00-05:00,166.5500030517578,168.5500030517578,164.9199981689453,165.83999633789062,165.83999633789062,875400,0.0,0.0
2025-01-28 00:00:00-05:00,167.47000122070312,167.47000122070312,163.16000366210938,163.63999938964844,163.63999938964844,533900,0.0,0.0
2025-01-29 00:00:00-05:00,163.0,163.0,159.64999389648438,161.63999938964844,161.63999938964844,560900,0.0,0.0
2025-01-30 00:00:00-05:00,164.0,166.1999969482422,161.69000244140625,165.57000732421875,165.57000732421875,896100,0.0,0.0
2025-01-31 00:00:00-05:00,166.07000732421875,167.08999633789062,164.3800048828125,164.75999450683594,164.75999450683594,623000,0.0,0.0
2025-02-03 00:00:00-05:00,161.8000030517578,164.27999877929688,160.0,161.6199951171875,161.6199951171875,835500,0.0,0.0
2025-02-04 00:00:00-05:00,162.13999938964844,169.6699981689453,161.42999267578125,163.1199951171875,163.1199951171875,1476700,0.0,0.0
2025-02-05 00:00:00-05:00,165.83999633789062,166.1199951171875,163.1199951171875,165.8699951171875,165.8699951171875,671000,0.0,0.0
2025-02-06 00:00:00-05:00,167.17999267578125,168.83999633789062,164.92999267578125,166.27000427246094,166.27000427246094,1048500,0.0,0.0
2025-02-07 00:00:00-05:00,166.85000610351562,166.86000061035156,163.0,163.7899932861328,163.7899932861328,564400,0.0,0.0
2025-02-10 00:00:00-05:00,163.97999572753906,164.32000732421875,157.41000366210938,159.88999938964844,159.88999938964844,1709600,0.0,0.0
2025-02-11 00:00:00-05:00,157.3699951171875,158.47999572753906,154.00999450683594,154.89999389648438,154.89999389648438,946200,0.0,0.0
2025-02-12 00:00:00-05:00,152.38999938964844,154.72999572753906,150.7899932861328,154.0,154.0,1278400,0.0,0.0
2025-02-13 00:00:00-05:00,155.02000427246094,155.2899932861328,152.35000610351562,153.1699981689453,153.1699981689453,901100,0.0,0.0
2025-02-14 00:00:00-05:00,155.02000427246094,155.02000427246094,151.9199981689453,151.99000549316406,151.99000549316406,841100,0.0,0.0
2025-02-18 00:00:00-05:00,151.58999633789062,155.69000244140625,151.17999267578125,154.38999938964844,154.38999938964844,1910000,0.0,0.0
2025-02-19 00:00:00-05:00,159.27999877929688,166.44000244140625,155.14999389648438,165.0,165.0,1985200,0.0,0.0
2025-02-20 00:00:00-05:00,165.0,168.02000427246094,161.47000122070312,162.25,162.25,1804700,0.0,0.0
2025-02-21 00:00:00-05:00,162.38999938964844,165.0500030517578,161.3000030517578,163.02000427246094,163.02000427246094,1216600,0.0,0.0
2025-02-24 00:00:00-05:00,166.41000366210938,172.4499969482422,165.58999633789062,170.50999450683594,170.50999450683594,1382600,0.0,0.0
2025-02-25 00:00:00-05:00,170.63999938964844,172.42999267578125,165.99000549316406,167.10000610351562,167.10000610351562,2140600,0.0,0.0
2025-02-26 00:00:00-05:00,167.0,170.44000244140625,165.77000427246094,167.9600067138672,167.9600067138672,1524900,0.0,0.0
2025-02-27 00:00:00-05:00,166.80999755859375,167.9600067138672,163.4199981689453,164.8800048828125,164.8800048828125,1800900,0.0,0.0
2025-02-28 00:00:00-05:00,164.63999938964844,165.82000732421875,163.7100067138672,165.30999755859375,165.30999755859375,4191700,0.0,0.0
2025-03-03 00:00:00-05:00,165.88999938964844,166.72000122070312,162.17999267578125,163.5,163.5,1389700,0.0,0.0
2025-03-04 00:00:00-05:00,164.07000732421875,166.7100067138672,162.0,164.30999755859375,164.30999755859375,1173200,0.0,0.0
2025-03-05 00:00:00-05:00,164.69000244140625,167.99000549316406,164.36000061035156,167.5500030517578,167.5500030517578,892200,0.0,0.0
2025-03-06 00:00:00-05:00,166.16000366210938,170.61000061035156,164.16000366210938,169.27000427246094,169.27000427246094,1171400,0.0,0.0
2025-03-07 00:00:00-05:00,168.5,177.24000549316406,168.10000610351562,175.9199981689453,175.9199981689453,1169100,0.0,0.0
2025-03-10 00:00:00-04:00,173.77999877929688,181.44000244140625,173.77999877929688,175.1199951171875,175.1199951171875,1516900,0.0,0.0
2025-03-11 00:00:00-04:00,173.13999938964844,175.07000732421875,165.6699981689453,166.6300048828125,166.6300048828125,1209700,0.0,0.0
2025-03-12 00:00:00-04:00,167.5,171.19000244140625,165.35000610351562,170.58999633789062,170.58999633789062,976200,0.0,0.0
2025-03-13 00:00:00-04:00,169.36000061035156,172.25,166.85000610351562,166.92999267578125,166.92999267578125,1130000,0.0,0.0
2025-03-14 00:00:00-04:00,168.11000061035156,171.6300048828125,168.11000061035156,171.0399932861328,171.0399932861328,1034100,0.0,0.0
2025-03-17 00:00:00-04:00,171.02999877929688,175.60000610351562,170.5399932861328,175.00999450683594,175.00999450683594,1013300,0.0,0.0
2025-03-18 00:00:00-04:00,175.11000061035156,177.1199951171875,173.1300048828125,176.94000244140625,176.94000244140625,1011900,0.0,0.0
2025-03-19 00:00:00-04:00,176.05999755859375,178.80999755859375,173.1999969482422,173.8800048828125,173.8800048828125,1072500,0.0,0.0
2025-03-20 00:00:00-04:00,170.9199981689453,171.7100067138672,164.5500030517578,165.35000610351562,165.35000610351562,1542100,0.0,0.0
2025-03-21 00:00:00-04:00,162.94000244140625,167.94000244140625,162.67999267578125,167.27999877929688,167.27999877929688,1638900,0.0,0.0
2025-03-24 00:00:00-04:00,166.9199981689453,169.25999450683594,165.8300018310547,166.97999572753906,166.97999572753906,674600,0.0,0.0
2025-03-25 00:00:00-04:00,167.32000732421875,168.0,161.02000427246094,161.35000610351562,161.35000610351562,930100,0.0,0.0
2025-03-26 00:00:00-04:00,160.9199981689453,162.32000732421875,157.22999572753906,158.25,158.25,772100,0.0,0.0
2025-03-27 00:00:00-04:00,158.27000427246094,159.0800018310547,156.11000061035156,158.05999755859375,158.05999755859375,598800,0.0,0.0
2025-03-28 00:00:00-04:00,156.94000244140625,158.7100067138672,154.77000427246094,155.5500030517578,155.5500030517578,1078600,0.0,0.0
2025-03-31 00:00:00-04:00,153.72999572753906,153.82000732421875,146.63999938964844,150.52000427246094,150.52000427246094,1356000,0.0,0.0
2025-04-01 00:00:00-04:00,150.80999755859375,151.3699951171875,145.66000366210938,145.99000549316406,145.99000549316406,1019100,0.0,0.0
2025-04-02 00:00:00-04:00,143.97000122070312,150.16000366210938,142.75999450683594,149.27999877929688,149.27999877929688,1192900,0.0,0.0
2025-04-03 00:00:00-04:00,146.3300018310547,146.3300018310547,138.6999969482422,140.97999572753906,140.97999572753906,1012100,0.0,0.0
2025-04-04 00:00:00-04:00,137.99000549316406,140.14999389648438,132.99000549316406,136.89999389648438,136.89999389648438,1666200,0.0,0.0
2025-04-07 00:00:00-04:00,132.7899932861328,139.16000366210938,128.02999877929688,134.07000732421875,134.07000732421875,1984900,0.0,0.0
2025-04-08 00:00:00-04:00,136.86000061035156,137.9600067138672,122.05999755859375,123.61000061035156,123.61000061035156,1586300,0.0,0.0
2025-04-09 00:00:00-04:00,121.70999908447266,139.30999755859375,117.26000213623047,139.07000732421875,139.07000732421875,1974900,0.0,0.0
2025-04-10 00:00:00-04:00,136.27000427246094,136.58999633789062,95.97000122070312,99.94999694824219,99.94999694824219,6599400,0.0,0.0
2025-04-11 00:00:00-04:00,98.33000183105469,101.36000061035156,91.86000061035156,99.75,99.75,11604900,0.0,0.0
2025-04-14 00:00:00-04:00,104.08000183105469,107.66999816894531,100.22000122070312,106.5999984741211,106.5999984741211,3985300,0.0,0.0
2025-04-15 00:00:00-04:00,106.0999984741211,107.58000183105469,104.69000244140625,105.91999816894531,105.91999816894531,2845100,0.0,0.0
2025-04-16 00:00:00-04:00,105.77999877929688,107.2300033569336,103.12000274658203,104.25,104.25,1862200,0.0,0.0
2025-04-17 00:00:00-04:00,105.0,106.2300033569336,102.6500015258789,106.05000305175781,106.05000305175781,1658400,0.0,0.0
2025-04-21 00:00:00-04:00,103.9000015258789,103.91000366210938,99.80000305175781,102.66999816894531,102.66999816894531,2087400,0.0,0.0
2025-04-22 00:00:00-04:00,103.41999816894531,107.29000091552734,101.0,106.88999938964844,106.88999938964844,1647200,0.0,0.0
2025-04-23 00:00:00-04:00,109.22000122070312,116.05999755859375,107.5999984741211,109.0,109.0,2077800,0.0,0.0
2025-04-24 00:00:00-04:00,110.41999816894531,115.94000244140625,108.0999984741211,115.76000213623047,115.76000213623047,2633500,0.0,0.0
2025-04-25 00:00:00-04:00,113.8499984741211,115.25,112.12000274658203,114.66000366210938,114.66000366210938,1516200,0.0,0.0
2025-04-28 00:00:00-04:00,115.01000213623047,117.16000366210938,112.38999938964844,115.08000183105469,115.08000183105469,1372600,0.0,0.0
2025-04-29 00:00:00-04:00,114.70999908447266,117.86000061035156,113.94000244140625,117.29000091552734,117.29000091552734,1347400,0.0,0.0
2025-04-30 00:00:00-04:00,115.62000274658203,118.69000244140625,114.75,118.62000274658203,118.62000274658203,1499100,0.0,0.0
2025-05-01 00:00:00-04:00,119.37999725341797,120.13999938964844,114.23999786376953,116.88999938964844,116.88999938964844,990000,0.0,0.0
2025-05-02 00:00:00-04:00,120.22000122070312,121.80999755859375,118.25,118.45999908447266,118.45999908447266,938300,0.0,0.0
2025-05-05 00:00:00-04:00,118.66999816894531,120.88999938964844,117.12999725341797,119.44000244140625,119.44000244140625,970600,0.0,0.0
2025-05-06 00:00:00-04:00,117.44000244140625,120.0199966430664,113.88999938964844,115.41000366210938,115.41000366210938,2089300,0.0,0.0
2025-05-07 00:00:00-04:00,141.02999877929688,144.77000427246094,131.3000030517578,136.97000122070312,136.97000122070312,4234800,0.0,0.0
2025-05-08 00:00:00-04:00,140.6999969482422,143.86000061035156,137.0,141.36000061035156,141.36000061035156,2330400,0.0,0.0
2025-05-09 00:00:00-04:00,141.2100067138672,143.4600067138672,138.4600067138672,138.7899932861328,138.7899932861328,920300,0.0,0.0
2025-05-12 00:00:00-04:00,145.4499969482422,147.63999938964844,139.99000549316406,143.0800018310547,143.0800018310547,2343800,0.0,0.0
2025-05-13 00:00:00-04:00,142.22999572753906,145.63999938964844,141.19000244140625,144.02000427246094,144.02000427246094,1294700,0.0,0.0
2025-05-14 00:00:00-04:00,146.0,146.42999267578125,138.77999877929688,138.9499969482422,138.9499969482422,1595600,0.0,0.0
2025-05-15 00:00:00-04:00,138.1999969482422,139.3800048828125,135.11000061035156,138.88999938964844,138.88999938964844,964300,0.0,0.0
2025-05-16 00:00:00-04:00,138.99000549316406,142.60000610351562,137.67999267578125,140.97000122070312,140.97000122070312,1521100,0.0,0.0
2025-05-19 00:00:00-04:00,138.0,141.5,137.72000122070312,141.3800048828125,141.3800048828125,792300,0.0,0.0
2025-05-20 00:00:00-04:00,141.3699951171875,143.82000732421875,140.33999633789062,143.52999877929688,143.52999877929688,956400,0.0,0.0
2025-05-21 00:00:00-04:00,141.38999938964844,141.7100067138672,134.86000061035156,134.97999572753906,134.97999572753906,825800,0.0,0.0
2025-05-22 00:00:00-04:00,133.7899932861328,136.25999450683594,133.33999633789062,135.60000610351562,135.60000610351562,1306500,0.0,0.0
2025-05-23 00:00:00-04:00,134.2100067138672,137.0,133.85000610351562,136.72999572753906,136.72999572753906,775600,0.0,0.0
2025-05-27 00:00:00-04:00,140.11000061035156,140.64999389648438,138.61000061035156,138.64999389648438,138.64999389648438,802800,0.0,0.0
2025-05-28 00:00:00-04:00,137.9600067138672,138.88999938964844,136.1199951171875,136.25,136.25,621500,0.0,0.0
2025-05-29 00:00:00-04:00,138.22000122070312,138.60000610351562,135.77999877929688,137.6999969482422,137.6999969482422,497400,0.0,0.0
2025-05-30 00:00:00-04:00,136.4199981689453,136.94000244140625,134.0800018310547,135.6300048828125,135.6300048828125,807100,0.0,0.0
2025-06-02 00:00:00-04:00,134.8000030517578,135.44000244140625,132.5800018310547,135.0399932861328,135.0399932861328,514100,0.0,0.0
2025-06-03 00:00:00-04:00,135.22999572753906,139.72999572753906,132.64999389648438,138.49000549316406,138.49000549316406,654200,0.0,0.0
2025-06-04 00:00:00-04:00,138.89999389648438,145.92999267578125,138.80999755859375,143.22000122070312,143.22000122070312,849400,0.0,0.0
2025-06-05 00:00:00-04:00,143.36000061035156,144.8800048828125,140.77999877929688,141.1999969482422,141.1999969482422,728900,0.0,0.0
2025-06-06 00:00:00-04:00,143.1199951171875,145.64999389648438,143.1199951171875,144.6999969482422,144.6999969482422,938000,0.0,0.0
2025-06-09 00:00:00-04:00,146.55999755859375,149.02999877929688,144.88999938964844,147.4600067138672,147.4600067138672,925200,0.0,0.0
2025-06-10 00:00:00-04:00,149.39999389648438,152.42999267578125,147.3699951171875,151.0,151.0,780800,0.0,0.0
2025-06-11 00:00:00-04:00,151.42999267578125,154.42999267578125,149.25,151.11000061035156,151.11000061035156,718900,0.0,0.0
2025-06-12 00:00:00-04:00,150.16000366210938,152.63999938964844,148.5399932861328,151.88999938964844,151.88999938964844,910600,0.0,0.0
2025-06-13 00:00:00-04:00,148.6199951171875,152.63999938964844,148.6199951171875,149.4499969482422,149.4499969482422,699400,0.0,0.0
2025-06-16 00:00:00-04:00,150.2899932861328,151.58999633789062,147.9199981689453,151.02999877929688,151.02999877929688,823500,0.0,0.0
2025-06-17 00:00:00-04:00,149.3800048828125,150.5399932861328,143.16000366210938,145.0500030517578,145.0500030517578,979200,0.0,0.0
2025-06-18 00:00:00-04:00,145.16000366210938,147.10000610351562,143.05999755859375,145.2899932861328,145.2899932861328,633000,0.0,0.0
2025-06-20 00:00:00-04:00,146.08999633789062,147.74000549316406,144.36000061035156,147.4499969482422,147.4499969482422,1542800,0.0,0.0
2025-06-23 00:00:00-04:00,146.2100067138672,148.32000732421875,144.3699951171875,147.3800048828125,147.3800048828125,1487900,0.0,0.0
2025-06-24 00:00:00-04:00,149.00999450683594,149.67999267578125,146.83999633789062,148.39999389648438,148.39999389648438,823800,0.0,0.0
2025-06-25 00:00:00-04:00,148.00999450683594,152.50999450683594,146.0,150.2100067138672,150.2100067138672,749200,0.0,0.0
2025-06-26 00:00:00-04:00,151.33999633789062,153.72000122070312,150.17999267578125,151.58999633789062,151.58999633789062,880100,0.0,0.0
2025-06-27 00:00:00-04:00,152.0399932861328,152.6300048828125,148.41000366210938,150.00999450683594,150.00999450683594,814700,0.0,0.0
2025-06-30 00:00:00-04:00,150.8699951171875,152.9199981689453,148.6999969482422,151.72999572753906,151.72999572753906,857000,0.0,0.0
2025-07-01 00:00:00-04:00,151.0,160.39999389648438,150.35000610351562,154.39999389648438,154.39999389648438,1009100,0.0,0.0
2025-07-02 00:00:00-04:00,154.00999450683594,158.3800048828125,152.83999633789062,157.49000549316406,157.49000549316406,637200,0.0,0.0
2025-07-03 00:00:00-04:00,158.0800018310547,158.72000122070312,156.1699981689453,157.1199951171875,157.1199951171875,247100,0.0,0.0
2025-07-07 00:00:00-04:00,156.47999572753906,156.72000122070312,152.72999572753906,153.89999389648438,153.89999389648438,782900,0.0,0.0
2025-07-08 00:00:00-04:00,154.5500030517578,160.0,154.11000061035156,158.38999938964844,158.38999938964844,752400,0.0,0.0
2025-07-09 00:00:00-04:00,162.88999938964844,163.58999633789062,156.39999389648438,158.97000122070312,158.97000122070312,653900,0.0,0.0
2025-07-10 00:00:00-04:00,160.83999633789062,168.1199951171875,160.08999633789062,163.66000366210938,163.66000366210938,828700,0.0,0.0
2025-07-11 00:00:00-04:00,161.80999755859375,162.66000366210938,158.25999450683594,159.39999389648438,159.39999389648438,519000,0.0,0.0
2025-07-14 00:00:00-04:00,157.49000549316406,160.41000366210938,155.47999572753906,158.0399932861328,158.0399932861328,646900,0.0,0.0
2025-07-15 00:00:00-04:00,159.07000732421875,159.49000549316406,153.80999755859375,154.4199981689453,154.4199981689453,542600,0.0,0.0
2025-07-16 00:00:00-04:00,154.6300048828125,155.57000732421875,151.6699981689453,154.94000244140625,154.94000244140625,526600,0.0,0.0
2025-07-17 00:00:00-04:00,154.92999267578125,156.9499969482422,153.82000732421875,156.6999969482422,156.6999969482422,905600,0.0,0.0
2025-07-18 00:00:00-04:00,158.00999450683594,158.17999267578125,153.30999755859375,154.47999572753906,154.47999572753906,493600,0.0,0.0
2025-07-21 00:00:00-04:00,155.6300048828125,155.69000244140625,146.25999450683594,149.7899932861328,149.7899932861328,1055700,0.0,0.0
2025-07-22 00:00:00-04:00,157.4199981689453,167.8300018310547,155.47999572753906,163.36000061035156,163.36000061035156,1884100,0.0,0.0
2025-07-23 00:00:00-04:00,166.97999572753906,169.60000610351562,165.8800048828125,167.9499969482422,167.9499969482422,790800,0.0,0.0
2025-07-24 00:00:00-04:00,173.5,184.1699981689453,173.5,177.10000610351562,177.10000610351562,1744400,0.0,0.0
2025-07-25 00:00:00-04:00,177.14999389648438,177.57000732421875,173.3800048828125,176.92999267578125,176.92999267578125,740400,0.0,0.0
2025-07-28 00:00:00-04:00,175.86000061035156,180.44000244140625,175.2100067138672,178.99000549316406,178.99000549316406,849800,0.0,0.0
2025-07-29 00:00:00-04:00,178.16000366210938,179.4199981689453,175.0800018310547,178.4499969482422,178.4499969482422,737900,0.0,0.0
2025-07-30 00:00:00-04:00,179.11000061035156,180.02000427246094,174.13999938964844,176.19000244140625,176.19000244140625,536000,0.0,0.0
2025-07-31 00:00:00-04:00,174.72000122070312,176.14999389648438,169.0500030517578,169.63999938964844,169.63999938964844,670900,0.0,0.0
2025-08-01 00:00:00-04:00,166.57000732421875,167.8000030517578,161.82000732421875,166.91000366210938,166.91000366210938,823600,0.0,0.0
2025-08-04 00:00:00-04:00,165.55999755859375,168.61000061035156,164.9600067138672,167.9199981689453,167.9199981689453,623700,0.0,0.0
2025-08-05 00:00:00-04:00,167.47000122070312,168.3300018310547,164.3000030517578,167.49000549316406,167.49000549316406,1385800,0.0,0.0
2025-08-06 00:00:00-04:00,157.17999267578125,162.72000122070312,150.27999877929688,150.3300018310547,150.3300018310547,2241300,0.0,0.0
2025-08-07 00:00:00-04:00,153.3699951171875,154.97999572753906,149.52000427246094,149.77999877929688,149.77999877929688,1358600,0.0,0.0
2025-08-08 00:00:00-04:00,150.49000549316406,152.1300048828125,148.1300048828125,148.74000549316406,148.74000549316406,663900,0.0,0.0
2025-08-11 00:00:00-04:00,149.99000549316406,150.91000366210938,145.99000549316406,148.92999267578125,148.92999267578125,909800,0.0,0.0
2025-08-12 00:00:00-04:00,149.02999877929688,154.00999450683594,149.02999877929688,152.75,152.75,1032900,0.0,0.0
2025-08-13 00:00:00-04:00,153.33999633789062,155.42999267578125,151.55999755859375,155.0,155.0,2209000,0.0,0.0
2025-08-14 00:00:00-04:00,153.47000122070312,155.92999267578125,152.75,155.8000030517578,155.8000030517578,831600,0.0,0.0
2025-08-15 00:00:00-04:00,156.72000122070312,158.16000366210938,156.4499969482422,156.67999267578125,156.67999267578125,1038300,0.0,0.0
2025-08-18 00:00:00-04:00,156.5800018310547,158.19000244140625,156.38999938964844,156.97999572753906,156.97999572753906,649000,0.0,0.0
2025-08-19 00:00:00-04:00,157.58999633789062,160.0,156.8000030517578,158.47999572753906,158.47999572753906,627700,0.0,0.0
2025-08-20 00:00:00-04:00,157.9499969482422,159.6199951171875,156.49000549316406,159.5800018310547,159.5800018310547,592200,0.0,0.0
2025-08-21 00:00:00-04:00,158.2100067138672,158.2899932861328,154.42999267578125,154.5399932861328,154.5399932861328,394800,0.0,0.0
2025-08-22 00:00:00-04:00,155.9499969482422,164.5800018310547,154.7899932861328,161.83999633789062,161.83999633789062,1254500,0.0,0.0
2025-08-25 00:00:00-04:00,161.74000549316406,164.25999450683594,160.60000610351562,164.11000061035156,164.11000061035156,702700,0.0,0.0
2025-08-26 00:00:00-04:00,164.6999969482422,165.07000732421875,162.61000061035156,163.7100067138672,163.7100067138672,548500,0.0,0.0
2025-08-27 00:00:00-04:00,163.3300018310547,164.25,161.25999450683594,162.8000030517578,162.8000030517578,417300,0.0,0.0
2025-08-28 00:00:00-04:00,162.92999267578125,163.69000244140625,159.6199951171875,163.22000122070312,163.22000122070312,774400,0.0,0.0
2025-08-29 00:00:00-04:00,163.16000366210938,165.22000122070312,162.1199951171875,163.30999755859375,163.30999755859375,860200,0.0,0.0
2025-09-02 00:00:00-04:00,160.9499969482422,162.44000244140625,158.69000244140625,161.25,161.25,529000,0.0,0.0
2025-09-03 00:00:00-04:00,160.9499969482422,162.6999969482422,159.2100067138672,162.3300018310547,162.3300018310547,713700,0.0,0.0
2025-09-04 00:00:00-04:00,161.30999755859375,163.17999267578125,157.1999969482422,162.30999755859375,162.30999755859375,742700,0.0,0.0
2025-09-05 00:00:00-04:00,162.61000061035156,166.6199951171875,162.2899932861328,163.99000549316406,163.99000549316406,599000,0.0,0.0
2025-09-08 00:00:00-04:00,163.1699981689453,165.11000061035156,149.02999877929688,162.0,162.0,1181100,0.0,0.0
2025-09-09 00:00:00-04:00,167.5,167.5,153.17999267578125,157.3800048828125,157.3800048828125,1298600,0.0,0.0
2025-09-10 00:00:00-04:00,157.5500030517578,157.97000122070312,152.17999267578125,153.27000427246094,153.27000427246094,1097900,0.0,0.0
2025-09-11 00:00:00-04:00,154.13999938964844,159.77999877929688,153.52999877929688,159.74000549316406,159.74000549316406,664800,0.0,0.0
2025-09-12 00:00:00-04:00,158.19000244140625,158.8000030517578,152.88999938964844,152.88999938964844,152.88999938964844,768800,0.0,0.0
2025-09-15 00:00:00-04:00,153.0500030517578,154.1699981689453,151.63999938964844,152.24000549316406,152.24000549316406,470900,0.0,0.0
2025-09-16 00:00:00-04:00,150.55999755859375,152.92999267578125,149.89999389648438,151.60000610351562,151.60000610351562,775200,0.0,0.0
2025-09-17 00:00:00-04:00,151.60000610351562,157.00999450683594,151.27000427246094,152.72000122070312,152.72000122070312,1379200,0.0,0.0
2025-09-18 00:00:00-04:00,155.0,157.6300048828125,153.47000122070312,156.99000549316406,156.99000549316406,716200,0.0,0.0
2025-09-19 00:00:00-04:00,157.25999450683594,157.9499969482422,153.2100067138672,155.38999938964844,155.38999938964844,1280000,0.0,0.0
2025-09-22 00:00:00-04:00,154.49000549316406,156.11000061035156,151.41000366210938,153.88999938964844,153.88999938964844,1292300,0.0,0.0
2025-09-23 00:00:00-04:00,154.22000122070312,154.94000244140625,149.91000366210938,150.25,150.25,786800,0.0,0.0
2025-09-24 00:00:00-04:00,150.1300048828125,150.8699951171875,147.4600067138672,149.4499969482422,149.4499969482422,1276200,0.0,0.0
2025-09-25 00:00:00-04:00,148.38999938964844,148.38999938964844,144.25999450683594,145.57000732421875,145.57000732421875,884200,0.0,0.0
2025-09-26 00:00:00-04:00,146.0,149.1699981689453,145.32000732421875,148.55999755859375,148.55999755859375,762400,0.0,0.0
2025-09-29 00:00:00-04:00,148.9199981689453,148.9199981689453,145.47000122070312,146.99000549316406,146.99000549316406,752600,0.0,0.0
2025-09-30 00:00:00-04:00,147.5399932861328,156.7899932861328,146.89999389648438,156.4600067138672,156.4600067138672,1049300,0.0,0.0
2025-10-01 00:00:00-04:00,156.05999755859375,170.66000366210938,156.05999755859375,170.47999572753906,170.47999572753906,1292100,0.0,0.0
2025-10-02 00:00:00-04:00,173.25,178.19000244140625,173.14999389648438,175.36000061035156,175.36000061035156,1714700,0.0,0.0
2025-10-03 00:00:00-04:00,176.0,181.4499969482422,175.97000122070312,177.3300018310547,177.3300018310547,1112600,0.0,0.0
2025-10-06 00:00:00-04:00,178.14999389648438,179.63999938964844,174.75999450683594,174.9499969482422,174.9499969482422,856800,0.0,0.0
2025-10-07 00:00:00-04:00,175.22999572753906,176.14999389648438,168.32000732421875,170.10000610351562,170.10000610351562,900400,0.0,0.0
2025-10-08 00:00:00-04:00,170.0,174.33999633789062,168.99000549316406,173.47000122070312,173.47000122070312,917800,0.0,0.0
2025-10-09 00:00:00-04:00,173.39999389648438,174.72999572753906,171.3000030517578,172.13999938964844,172.13999938964844,883700,0.0,0.0
2025-10-10 00:00:00-04:00,172.47000122070312,174.3699951171875,166.92999267578125,167.02999877929688,167.02999877929688,725400,0.0,0.0
2025-10-13 00:00:00-04:00,170.07000732421875,172.2100067138672,167.69000244140625,170.63999938964844,170.63999938964844,698200,0.0,0.0
2025-10-14 00:00:00-04:00,168.42999267578125,172.41000366210938,166.86000061035156,170.1300048828125,170.1300048828125,580700,0.0,0.0
2025-10-15 00:00:00-04:00,170.22000122070312,173.02000427246094,168.7100067138672,170.72000122070312,170.72000122070312,531300,0.0,0.0
2025-10-16 00:00:00-04:00,172.9499969482422,177.75,172.0,174.9499969482422,174.9499969482422,1304200,0.0,0.0
2025-10-17 00:00:00-04:00,173.16000366210938,178.77000427246094,172.72000122070312,178.52000427246094,178.52000427246094,1027400,0.0,0.0
2025-10-20 00:00:00-04:00,179.35000610351562,184.22999572753906,178.52000427246094,184.13999938964844,184.13999938964844,815800,0.0,0.0
2025-10-21 00:00:00-04:00,185.0,190.41000366210938,184.99000549316406,188.25999450683594,188.25999450683594,1049300,0.0,0.0
2025-10-22 00:00:00-04:00,190.69000244140625,190.69000244140625,184.8800048828125,187.0,187.0,1376800,0.0,0.0
2025-10-23 00:00:00-04:00,191.0,195.25,188.97000122070312,190.97000122070312,190.97000122070312,1075600,0.0,0.0
2025-10-24 00:00:00-04:00,194.11000061035156,199.66000366210938,191.47999572753906,197.0399932861328,197.0399932861328,1741700,0.0,0.0
2025-10-27 00:00:00-04:00,197.24000549316406,198.0,193.41000366210938,195.27999877929688,195.27999877929688,936900,0.0,0.0
2025-10-28 00:00:00-04:00,193.4499969482422,193.47000122070312,187.02999877929688,187.92999267578125,187.92999267578125,1102900,0.0,0.0
2025-10-29 00:00:00-04:00,186.7100067138672,191.41000366210938,175.5800018310547,180.14999389648438,180.14999389648438,1590700,0.0,0.0
2025-10-30 00:00:00-04:00,177.1199951171875,182.05999755859375,177.1199951171875,179.11000061035156,179.11000061035156,784700,0.0,0.0
2025-10-31 00:00:00-04:00,178.38999938964844,181.55999755859375,178.1699981689453,180.07000732421875,180.07000732421875,950200,0.0,0.0
2025-11-03 00:00:00-05:00,178.4600067138672,178.94000244140625,173.88999938964844,178.86000061035156,178.86000061035156,670700,0.0,0.0
2025-11-04 00:00:00-05:00,176.0399932861328,180.19000244140625,175.8300018310547,177.85000610351562,177.85000610351562,1172800,0.0,0.0
2025-11-05 00:00:00-05:00,163.2899932861328,170.13999938964844,160.00999450683594,167.6999969482422,167.6999969482422,2827100,0.0,0.0
2025-11-06 00:00:00-05:00,167.72000122070312,175.0,165.6999969482422,170.8800048828125,170.8800048828125,1906800,0.0,0.0
2025-11-07 00:00:00-05:00,168.91000366210938,171.5,165.74000549316406,168.0500030517578,168.0500030517578,901000,0.0,0.0
2025-11-10 00:00:00-05:00,167.13999938964844,172.8300018310547,166.9600067138672,168.97000122070312,168.97000122070312,1163800,0.0,0.0
2025-11-11 00:00:00-05:00,169.6999969482422,175.5500030517578,167.60000610351562,173.5,173.5,929300,0.0,0.0
2025-11-12 00:00:00-05:00,173.02999877929688,174.4499969482422,171.05999755859375,171.5,171.5,1056900,0.0,0.0
2025-11-13 00:00:00-05:00,169.33999633789062,175.1199951171875,168.27999877929688,169.2100067138672,169.2100067138672,1144300,0.0,0.0
2025-11-14 00:00:00-05:00,167.0800018310547,169.0,165.0500030517578,167.80999755859375,167.80999755859375,1894500,0.0,0.0
2025-11-17 00:00:00-05:00,167.69000244140625,170.5399932861328,162.72000122070312,162.74000549316406,162.74000549316406,714200,0.0,0.0
2025-11-18 00:00:00-05:00,162.75,164.36000061035156,160.49000549316406,162.52999877929688,162.52999877929688,1289500,0.0,0.0
2025-11-19 00:00:00-05:00,161.8300018310547,162.64999389648438,156.72000122070312,161.63999938964844,161.63999938964844,751400,0.0,0.0
2025-11-20 00:00:00-05:00,162.8699951171875,165.47999572753906,160.7100067138672,162.0800018310547,162.0800018310547,579400,0.0,0.0
2025-11-21 00:00:00-05:00,163.58999633789062,172.38999938964844,157.49000549316406,167.63999938964844,167.63999938964844,1342700,0.0,0.0
2025-11-24 00:00:00-05:00,167.55999755859375,171.72000122070312,167.4499969482422,170.44000244140625,170.44000244140625,1747400,0.0,0.0
2025-11-25 00:00:00-05:00,170.50999450683594,178.5500030517578,170.50999450683594,178.0500030517578,178.0500030517578,789500,0.0,0.0
2025-11-26 00:00:00-05:00,179.0,179.19000244140625,176.6699981689453,178.94000244140625,178.94000244140625,351000,0.0,0.0
2025-11-28 00:00:00-05:00,178.0,178.5500030517578,176.92999267578125,178.13999938964844,178.13999938964844,225800,0.0,0.0
2025-12-01 00:00:00-05:00,177.32000732421875,180.9499969482422,175.7100067138672,176.08999633789062,176.08999633789062,896800,0.0,0.0
2025-12-02 00:00:00-05:00,173.99000549316406,177.00999450683594,172.9499969482422,174.75999450683594,174.75999450683594,636400,0.0,0.0
2025-12-03 00:00:00-05:00,180.91000366210938,185.92999267578125,180.0,184.6699981689453,184.6699981689453,770500,0.0,0.0
2025-12-04 00:00:00-05:00,186.61000061035156,186.72000122070312,176.3699951171875,184.0399932861328,184.0399932861328,992700,0.0,0.0
2025-12-05 00:00:00-05:00,185.00999450683594,185.89999389648438,182.7100067138672,184.30999755859375,184.30999755859375,705100,0.0,0.0
2025-12-08 00:00:00-05:00,184.38999938964844,189.14999389648438,183.42999267578125,187.1199951171875,187.1199951171875,810800,0.0,0.0
2025-12-09 00:00:00-05:00,186.8000030517578,191.33999633789062,185.92999267578125,185.99000549316406,185.99000549316406,1070100,0.0,0.0
2025-12-10 00:00:00-05:00,187.58999633789062,195.05999755859375,186.10000610351562,194.85000610351562,194.85000610351562,1107300,0.0,0.0
2025-12-11 00:00:00-05:00,194.92999267578125,196.3800048828125,192.3800048828125,194.42999267578125,194.42999267578125,639000,0.0,0.0
2025-12-12 00:00:00-05:00,194.3699951171875,195.50999450683594,192.08999633789062,193.02999877929688,193.02999877929688,515100,0.0,0.0
2025-12-15 00:00:00-05:00,197.0800018310547,200.5800018310547,195.10000610351562,198.14999389648438,198.14999389648438,843200,0.0,0.0
2025-12-16 00:00:00-05:00,197.30999755859375,198.32000732421875,194.5,195.22000122070312,195.22000122070312,722500,0.0,0.0
2025-12-17 00:00:00-05:00,194.55999755859375,198.9499969482422,194.55999755859375,195.97999572753906,195.97999572753906,586900,0.0,0.0
2025-12-18 00:00:00-05:00,197.32000732421875,199.92999267578125,193.6300048828125,193.85000610351562,193.85000610351562,670800,0.0,0.0
2025-12-19 00:00:00-05:00,193.4600067138672,198.33999633789062,191.88999938964844,197.05999755859375,197.05999755859375,1174500,0.0,0.0
2025-12-22 00:00:00-05:00,196.99000549316406,204.47000122070312,196.99000549316406,203.02000427246094,203.02000427246094,631700,0.0,0.0
2025-12-23 00:00:00-05:00,202.1999969482422,204.07000732421875,201.55999755859375,202.8699951171875,202.8699951171875,462200,0.0,0.0
2025-12-24 00:00:00-05:00,202.69000244140625,204.00999450683594,201.0399932861328,203.16000366210938,203.16000366210938,242000,0.0,0.0
2025-12-26 00:00:00-05:00,203.4199981689453,204.19000244140625,202.3300018310547,203.66000366210938,203.66000366210938,293300,0.0,0.0
2025-12-29 00:00:00-05:00,203.1699981689453,205.0,202.52000427246094,203.16000366210938,203.16000366210938,471500,0.0,0.0
2025-12-30 00:00:00-05:00,202.77000427246094,203.6300048828125,200.89999389648438,201.97999572753906,201.97999572753906,300800,0.0,0.0
