Date,Open,High,Low,Close,Adj Close,Volume,Dividends,Stock Splits
2022-01-03 00:00:00-05:00,85.29000091552734,85.58999633789062,81.18000030517578,83.6500015258789,83.6500015258789,235000,0.0,0.0
2022-01-04 00:00:00-05:00,84.04000091552734,84.44999694824219,83.31999969482422,84.12000274658203,84.12000274658203,262600,0.0,0.0
2022-01-05 00:00:00-05:00,84.31999969482422,84.5199966430664,82.51000213623047,82.72000122070312,82.72000122070312,335500,0.0,0.0
2022-01-06 00:00:00-05:00,82.72000122070312,83.55999755859375,81.81999969482422,83.0199966430664,83.0199966430664,237500,0.0,0.0
2022-01-07 00:00:00-05:00,82.86000061035156,83.06999969482422,80.2699966430664,80.30000305175781,80.30000305175781,175900,0.0,0.0
2022-01-10 00:00:00-05:00,79.1500015258789,79.7300033569336,78.04000091552734,79.66000366210938,79.66000366210938,253100,0.0,0.0
2022-01-11 00:00:00-05:00,79.5199966430664,80.05999755859375,77.66999816894531,78.81999969482422,78.81999969482422,306300,0.0,0.0
2022-01-12 00:00:00-05:00,79.2300033569336,79.8499984741211,78.55999755859375,78.91999816894531,78.91999816894531,225300,0.0,0.0
2022-01-13 00:00:00-05:00,79.05000305175781,79.98999786376953,78.33000183105469,78.3499984741211,78.3499984741211,165200,0.0,0.0
2022-01-14 00:00:00-05:00,77.66999816894531,77.9000015258789,76.0,76.30999755859375,76.30999755859375,242800,0.0,0.0
2022-01-18 00:00:00-05:00,75.58999633789062,75.80000305175781,74.48999786376953,75.41999816894531,75.41999816894531,248900,0.0,0.0
2022-01-19 00:00:00-05:00,75.54000091552734,76.41000366210938,75.05999755859375,75.43000030517578,75.43000030517578,184800,0.0,0.0
2022-01-20 00:00:00-05:00,75.93000030517578,76.98999786376953,74.72000122070312,74.9000015258789,74.9000015258789,223700,0.0,0.0
2022-01-21 00:00:00-05:00,74.62999725341797,76.5999984741211,74.5,74.88999938964844,74.88999938964844,255600,0.0,0.0
2022-01-24 00:00:00-05:00,74.30000305175781,76.0999984741211,73.4800033569336,75.83999633789062,75.83999633789062,312300,0.0,0.0
2022-01-25 00:00:00-05:00,75.12999725341797,75.63999938964844,72.44000244140625,72.62000274658203,72.62000274658203,230200,0.0,0.0
2022-01-26 00:00:00-05:00,72.83999633789062,74.5,72.08999633789062,73.13999938964844,73.13999938964844,229700,0.0,0.0
2022-01-27 00:00:00-05:00,73.68000030517578,74.72000122070312,72.37000274658203,73.0,73.0,231500,0.0,0.0
2022-01-28 00:00:00-05:00,72.94000244140625,74.55999755859375,72.23999786376953,74.55999755859375,74.55999755859375,155300,0.0,0.0
2022-01-31 00:00:00-05:00,74.16999816894531,76.05999755859375,73.94000244140625,75.9800033569336,75.9800033569336,194000,0.0,0.0
2022-02-01 00:00:00-05:00,75.4000015258789,76.8499984741211,74.93000030517578,76.48999786376953,76.48999786376953,246300,0.0,0.0
2022-02-02 00:00:00-05:00,76.62000274658203,77.16999816894531,76.06999969482422,76.94000244140625,76.94000244140625,214200,0.0,0.0
2022-02-03 00:00:00-05:00,76.69999694824219,77.3499984741211,76.38999938964844,76.80999755859375,76.80999755859375,294800,0.0,0.0
2022-02-04 00:00:00-05:00,76.29000091552734,77.16999816894531,75.4000015258789,75.66999816894531,75.66999816894531,266400,0.0,0.0
2022-02-07 00:00:00-05:00,75.4000015258789,76.12999725341797,75.06999969482422,75.44999694824219,75.44999694824219,282600,0.0,0.0
2022-02-08 00:00:00-05:00,75.06999969482422,76.37999725341797,74.81999969482422,75.91000366210938,75.91000366210938,266400,0.0,0.0
2022-02-09 00:00:00-05:00,77.06999969482422,77.91999816894531,76.13999938964844,76.5,76.5,225400,0.0,0.0
2022-02-10 00:00:00-05:00,75.41000366210938,76.63999938964844,75.0999984741211,75.9800033569336,75.9800033569336,261000,0.0,0.0
2022-02-11 00:00:00-05:00,76.18000030517578,76.9800033569336,73.87000274658203,74.41000366210938,74.41000366210938,122100,0.0,0.0
2022-02-14 00:00:00-05:00,74.66999816894531,74.98999786376953,73.08999633789062,73.69000244140625,73.69000244140625,116000,0.0,0.0
2022-02-15 00:00:00-05:00,74.27999877929688,75.02999877929688,73.63999938964844,73.88999938964844,73.88999938964844,102600,0.0,0.0
2022-02-16 00:00:00-05:00,73.80000305175781,74.62999725341797,72.95999908447266,74.30000305175781,74.30000305175781,157900,0.0,0.0
2022-02-17 00:00:00-05:00,73.58000183105469,75.91999816894531,73.58000183105469,74.44999694824219,74.44999694824219,224200,0.0,0.0
2022-02-18 00:00:00-05:00,72.86000061035156,76.05000305175781,72.86000061035156,75.05000305175781,75.05000305175781,260800,0.0,0.0
2022-02-22 00:00:00-05:00,74.41999816894531,74.69999694824219,71.19000244140625,71.27999877929688,71.27999877929688,439400,0.0,0.0
2022-02-23 00:00:00-05:00,71.38999938964844,72.31999969482422,70.12000274658203,70.23999786376953,70.23999786376953,366100,0.0,0.0
2022-02-24 00:00:00-05:00,69.30000305175781,71.94000244140625,69.0,71.63999938964844,71.63999938964844,428700,0.0,0.0
2022-02-25 00:00:00-05:00,72.04000091552734,75.41999816894531,71.80999755859375,75.36000061035156,75.36000061035156,1630800,0.0,0.0
2022-02-28 00:00:00-05:00,74.75,75.86000061035156,74.30000305175781,75.4000015258789,75.4000015258789,303400,0.0,0.0
2022-03-01 00:00:00-05:00,75.51000213623047,76.2699966430664,74.11000061035156,76.01000213623047,76.01000213623047,244600,0.0,0.0
2022-03-02 00:00:00-05:00,76.36000061035156,79.04000091552734,76.05999755859375,78.80999755859375,78.80999755859375,235600,0.0,0.0
2022-03-03 00:00:00-05:00,79.16999816894531,80.87000274658203,79.06999969482422,80.19999694824219,80.19999694824219,253700,0.0,0.0
2022-03-04 00:00:00-05:00,79.69000244140625,82.52999877929688,79.2699966430664,82.30999755859375,82.30999755859375,284000,0.0,0.0
2022-03-07 00:00:00-05:00,82.58000183105469,83.48999786376953,81.33999633789062,82.75,82.75,713700,0.0,0.0
2022-03-08 00:00:00-05:00,82.33000183105469,85.61000061035156,81.79000091552734,84.55999755859375,84.55999755859375,1271700,0.0,0.0
2022-03-09 00:00:00-05:00,84.55999755859375,87.73999786376953,83.75,87.5999984741211,87.5999984741211,747200,0.0,0.0
2022-03-10 00:00:00-05:00,86.68000030517578,91.44000244140625,86.44000244140625,91.23999786376953,91.23999786376953,1157200,0.0,0.0
2022-03-11 00:00:00-05:00,91.30999755859375,92.75,89.68000030517578,90.69999694824219,90.69999694824219,803800,0.0,0.0
2022-03-14 00:00:00-04:00,91.44000244140625,91.55000305175781,87.6500015258789,88.11000061035156,88.11000061035156,602800,0.0,0.0
2022-03-15 00:00:00-04:00,88.7699966430664,88.7699966430664,86.75,87.9000015258789,87.9000015258789,510200,0.0,0.0
2022-03-16 00:00:00-04:00,88.11000061035156,88.66000366210938,85.16000366210938,87.2699966430664,87.2699966430664,555300,0.0,0.0
2022-03-17 00:00:00-04:00,87.30000305175781,88.83000183105469,85.77999877929688,86.29000091552734,86.29000091552734,842700,0.0,0.0
2022-03-18 00:00:00-04:00,86.54000091552734,87.54000091552734,85.30000305175781,87.06999969482422,87.06999969482422,812100,0.0,0.0
2022-03-21 00:00:00-04:00,86.81999969482422,87.91999816894531,84.9800033569336,85.66999816894531,85.66999816894531,320500,0.0,0.0
2022-03-22 00:00:00-04:00,85.91000366210938,86.41999816894531,85.11000061035156,86.12000274658203,86.12000274658203,216000,0.0,0.0
2022-03-23 00:00:00-04:00,85.70999908447266,86.48999786376953,84.87000274658203,85.5999984741211,85.5999984741211,199500,0.0,0.0
2022-03-24 00:00:00-04:00,86.13999938964844,86.13999938964844,83.25,84.66000366210938,84.66000366210938,262000,0.0,0.0
2022-03-25 00:00:00-04:00,84.5,85.88999938964844,84.04000091552734,85.5199966430664,85.5199966430664,289000,0.0,0.0
2022-03-28 00:00:00-04:00,85.31999969482422,86.70999908447266,85.29000091552734,86.6500015258789,86.6500015258789,151200,0.0,0.0
2022-03-29 00:00:00-04:00,87.08000183105469,87.97000122070312,86.8499984741211,87.5,87.5,202700,0.0,0.0
2022-03-30 00:00:00-04:00,87.73999786376953,88.79000091552734,87.06999969482422,88.4000015258789,88.4000015258789,191700,0.0,0.0
2022-03-31 00:00:00-04:00,88.81999969482422,89.91999816894531,87.62000274658203,87.6500015258789,87.6500015258789,210900,0.0,0.0
2022-04-01 00:00:00-04:00,87.5999984741211,88.79000091552734,86.83999633789062,88.2300033569336,88.2300033569336,415200,0.0,0.0
2022-04-04 00:00:00-04:00,88.58000183105469,88.66000366210938,87.01000213623047,87.45999908447266,87.45999908447266,153200,0.0,0.0
2022-04-05 00:00:00-04:00,86.87999725341797,88.80999755859375,86.19000244140625,86.62000274658203,86.62000274658203,246500,0.0,0.0
2022-04-06 00:00:00-04:00,86.5,88.1500015258789,86.5,87.5,87.5,146500,0.0,0.0
2022-04-07 00:00:00-04:00,87.5999984741211,89.23999786376953,87.01000213623047,88.76000213623047,88.76000213623047,314500,0.0,0.0
2022-04-08 00:00:00-04:00,89.0,89.7699966430664,88.55000305175781,89.41000366210938,89.41000366210938,251200,0.0,0.0
2022-04-11 00:00:00-04:00,89.2699966430664,90.18000030517578,88.9000015258789,90.05000305175781,90.05000305175781,250100,0.0,0.0
2022-04-12 00:00:00-04:00,90.18000030517578,92.19999694824219,89.7699966430664,91.1500015258789,91.1500015258789,363800,0.0,0.0
2022-04-13 00:00:00-04:00,91.18000030517578,91.4800033569336,88.23999786376953,88.73999786376953,88.73999786376953,358800,0.0,0.0
2022-04-14 00:00:00-04:00,89.08999633789062,90.2699966430664,87.5,87.91000366210938,87.91000366210938,199400,0.0,0.0
2022-04-18 00:00:00-04:00,87.58000183105469,88.0,86.37999725341797,87.19999694824219,87.19999694824219,126900,0.0,0.0
2022-04-19 00:00:00-04:00,87.3499984741211,88.68000030517578,87.3499984741211,88.27999877929688,88.27999877929688,123000,0.0,0.0
2022-04-20 00:00:00-04:00,88.43000030517578,89.0,87.6500015258789,88.45999908447266,88.45999908447266,176100,0.0,0.0
2022-04-21 00:00:00-04:00,89.20999908447266,89.41000366210938,86.93000030517578,87.4000015258789,87.4000015258789,168400,0.0,0.0
2022-04-22 00:00:00-04:00,87.3499984741211,87.3499984741211,84.23999786376953,84.48999786376953,84.48999786376953,184200,0.0,0.0
2022-04-25 00:00:00-04:00,84.12000274658203,84.6500015258789,82.55999755859375,84.58000183105469,84.58000183105469,246300,0.0,0.0
2022-04-26 00:00:00-04:00,84.20999908447266,86.45999908447266,84.20999908447266,85.86000061035156,85.86000061035156,279700,0.0,0.0
2022-04-27 00:00:00-04:00,85.7699966430664,87.81999969482422,85.7699966430664,87.0999984741211,87.0999984741211,323500,0.0,0.0
2022-04-28 00:00:00-04:00,87.9800033569336,87.98999786376953,86.4800033569336,86.91999816894531,86.91999816894531,243900,0.0,0.0
2022-04-29 00:00:00-04:00,86.16000366210938,86.16000366210938,82.06999969482422,82.23999786376953,82.23999786376953,355100,0.0,0.0
2022-05-02 00:00:00-04:00,81.95999908447266,83.01000213623047,77.08000183105469,77.58000183105469,77.58000183105469,557900,0.0,0.0
2022-05-03 00:00:00-04:00,78.23999786376953,80.18000030517578,76.4800033569336,76.69999694824219,76.69999694824219,311200,0.0,0.0
2022-05-04 00:00:00-04:00,77.13999938964844,77.13999938964844,74.73999786376953,76.72000122070312,76.72000122070312,300000,0.0,0.0
2022-05-05 00:00:00-04:00,76.27999877929688,76.69000244140625,74.7699966430664,75.72000122070312,75.72000122070312,296900,0.0,0.0
2022-05-06 00:00:00-04:00,75.37999725341797,75.87999725341797,73.56999969482422,74.43000030517578,74.43000030517578,197800,0.0,0.0
2022-05-09 00:00:00-04:00,73.5999984741211,73.87000274658203,71.0,71.25,71.25,249200,0.0,0.0
2022-05-10 00:00:00-04:00,72.08000183105469,72.80999755859375,69.04000091552734,70.79000091552734,70.79000091552734,347000,0.0,0.0
2022-05-11 00:00:00-04:00,70.72000122070312,73.11000061035156,70.19999694824219,70.63999938964844,70.63999938964844,336100,0.0,0.0
2022-05-12 00:00:00-04:00,70.93000030517578,71.2699966430664,67.41000366210938,68.66999816894531,68.66999816894531,319300,0.0,0.0
2022-05-13 00:00:00-04:00,68.93000030517578,70.81999969482422,68.75,70.29000091552734,70.29000091552734,307500,0.0,0.0
2022-05-16 00:00:00-04:00,70.12999725341797,71.30000305175781,69.86000061035156,70.05000305175781,70.05000305175781,192800,0.0,0.0
2022-05-17 00:00:00-04:00,70.91000366210938,71.30000305175781,69.8499984741211,70.66000366210938,70.66000366210938,186600,0.0,0.0
2022-05-18 00:00:00-04:00,69.94999694824219,71.30000305175781,68.18000030517578,68.45999908447266,68.45999908447266,162300,0.0,0.0
2022-05-19 00:00:00-04:00,67.9800033569336,69.66999816894531,67.06999969482422,68.91999816894531,68.91999816894531,228300,0.0,0.0
2022-05-20 00:00:00-04:00,69.69000244140625,70.01000213623047,67.5199966430664,69.2699966430664,69.2699966430664,337000,0.0,0.0
2022-05-23 00:00:00-04:00,69.19999694824219,70.38999938964844,68.91999816894531,69.8499984741211,69.8499984741211,199300,0.0,0.0
2022-05-24 00:00:00-04:00,69.7300033569336,70.2300033569336,68.97000122070312,69.91999816894531,69.91999816894531,123700,0.0,0.0
2022-05-25 00:00:00-04:00,69.68000030517578,70.25,68.7699966430664,69.69999694824219,69.69999694824219,166200,0.0,0.0
2022-05-26 00:00:00-04:00,70.29000091552734,71.12999725341797,70.2699966430664,70.54000091552734,70.54000091552734,204000,0.0,0.0
2022-05-27 00:00:00-04:00,70.98999786376953,73.31999969482422,70.62999725341797,72.80999755859375,72.80999755859375,178500,0.0,0.0
2022-05-31 00:00:00-04:00,72.37999725341797,73.02999877929688,71.0199966430664,71.58000183105469,71.58000183105469,251200,0.0,0.0
2022-06-01 00:00:00-04:00,71.87000274658203,72.5,70.98999786376953,72.0,72.0,177100,0.0,0.0
2022-06-02 00:00:00-04:00,72.0199966430664,73.45999908447266,71.70999908447266,73.26000213623047,73.26000213623047,210600,0.0,0.0
2022-06-03 00:00:00-04:00,72.77999877929688,72.97000122070312,71.87000274658203,72.70999908447266,72.70999908447266,157000,0.0,0.0
2022-06-06 00:00:00-04:00,72.94000244140625,73.69000244140625,71.44000244140625,71.70999908447266,71.70999908447266,175900,0.0,0.0
2022-06-07 00:00:00-04:00,71.1500015258789,73.0999984741211,70.61000061035156,72.91999816894531,72.91999816894531,148400,0.0,0.0
2022-06-08 00:00:00-04:00,72.91999816894531,72.91999816894531,70.5999984741211,70.83999633789062,70.83999633789062,132700,0.0,0.0
2022-06-09 00:00:00-04:00,70.58999633789062,71.0999984741211,69.69000244140625,69.9800033569336,69.9800033569336,201400,0.0,0.0
2022-06-10 00:00:00-04:00,69.29000091552734,69.8499984741211,68.16999816894531,68.7699966430664,68.7699966430664,271600,0.0,0.0
2022-06-13 00:00:00-04:00,67.33999633789062,67.83000183105469,65.86000061035156,66.70999908447266,66.70999908447266,295400,0.0,0.0
2022-06-14 00:00:00-04:00,66.55999755859375,66.7300033569336,65.6500015258789,66.05000305175781,66.05000305175781,195700,0.0,0.0
2022-06-15 00:00:00-04:00,66.75,67.70999908447266,65.30999755859375,66.30000305175781,66.30000305175781,269900,0.0,0.0
2022-06-16 00:00:00-04:00,65.33000183105469,66.05000305175781,63.900001525878906,65.62000274658203,65.62000274658203,303700,0.0,0.0
2022-06-17 00:00:00-04:00,66.87000274658203,67.19999694824219,65.2699966430664,66.05999755859375,66.05999755859375,459900,0.0,0.0
2022-06-21 00:00:00-04:00,66.52999877929688,67.55999755859375,66.12999725341797,67.18000030517578,67.18000030517578,177300,0.0,0.0
2022-06-22 00:00:00-04:00,66.94999694824219,68.77999877929688,66.5,68.37999725341797,68.37999725341797,182100,0.0,0.0
2022-06-23 00:00:00-04:00,68.5,70.12000274658203,68.30000305175781,70.05999755859375,70.05999755859375,205100,0.0,0.0
2022-06-24 00:00:00-04:00,70.4800033569336,72.73999786376953,70.36000061035156,72.56999969482422,72.56999969482422,450100,0.0,0.0
2022-06-27 00:00:00-04:00,72.69999694824219,73.80000305175781,72.37000274658203,72.55999755859375,72.55999755859375,211300,0.0,0.0
2022-06-28 00:00:00-04:00,72.5,73.01000213623047,69.9000015258789,70.01000213623047,70.01000213623047,147900,0.0,0.0
2022-06-29 00:00:00-04:00,70.05000305175781,71.66999816894531,69.18000030517578,71.66000366210938,71.66000366210938,171300,0.0,0.0
2022-06-30 00:00:00-04:00,71.16999816894531,72.7300033569336,70.61000061035156,72.68000030517578,72.68000030517578,316300,0.0,0.0
2022-07-01 00:00:00-04:00,72.38999938964844,73.63999938964844,72.38999938964844,73.37999725341797,73.37999725341797,139600,0.0,0.0
2022-07-05 00:00:00-04:00,72.5,73.27999877929688,70.54000091552734,72.30000305175781,72.30000305175781,170500,0.0,0.0
2022-07-06 00:00:00-04:00,72.5,73.5,72.5,73.41999816894531,73.41999816894531,145100,0.0,0.0
2022-07-07 00:00:00-04:00,73.61000061035156,73.98999786376953,72.41000366210938,73.43000030517578,73.43000030517578,186500,0.0,0.0
2022-07-08 00:00:00-04:00,73.23999786376953,74.02999877929688,72.58000183105469,74.0199966430664,74.0199966430664,187700,0.0,0.0
2022-07-11 00:00:00-04:00,73.69999694824219,74.2300033569336,73.12000274658203,73.76000213623047,73.76000213623047,189900,0.0,0.0
2022-07-12 00:00:00-04:00,73.94000244140625,74.05000305175781,72.93000030517578,73.55000305175781,73.55000305175781,464000,0.0,0.0
2022-07-13 00:00:00-04:00,72.55000305175781,74.19000244140625,72.33000183105469,73.5999984741211,73.5999984741211,214400,0.0,0.0
2022-07-14 00:00:00-04:00,72.95999908447266,73.61000061035156,71.27999877929688,73.41999816894531,73.41999816894531,263300,0.0,0.0
2022-07-15 00:00:00-04:00,74.62000274658203,74.62000274658203,72.51000213623047,73.12999725341797,73.12999725341797,199500,0.0,0.0
2022-07-18 00:00:00-04:00,73.31999969482422,74.55000305175781,72.0199966430664,72.13999938964844,72.13999938964844,142100,0.0,0.0
2022-07-19 00:00:00-04:00,72.80999755859375,74.19000244140625,72.5,73.94000244140625,73.94000244140625,111500,0.0,0.0
2022-07-20 00:00:00-04:00,73.98999786376953,74.44000244140625,73.41000366210938,74.44000244140625,74.44000244140625,239100,0.0,0.0
2022-07-21 00:00:00-04:00,74.37000274658203,75.58999633789062,74.22000122070312,75.58999633789062,75.58999633789062,128800,0.0,0.0
2022-07-22 00:00:00-04:00,75.9800033569336,76.08000183105469,74.76000213623047,75.26000213623047,75.26000213623047,192900,0.0,0.0
2022-07-25 00:00:00-04:00,75.56999969482422,75.88999938964844,74.81999969482422,75.29000091552734,75.29000091552734,209600,0.0,0.0
2022-07-26 00:00:00-04:00,75.47000122070312,75.47000122070312,73.9800033569336,74.8499984741211,74.8499984741211,204000,0.0,0.0
2022-07-27 00:00:00-04:00,74.9000015258789,76.69999694824219,74.88999938964844,76.26000213623047,76.26000213623047,186300,0.0,0.0
2022-07-28 00:00:00-04:00,76.08999633789062,79.8499984741211,76.06999969482422,79.83999633789062,79.83999633789062,221100,0.0,0.0
2022-07-29 00:00:00-04:00,80.0199966430664,83.80999755859375,80.0199966430664,80.94999694824219,80.94999694824219,440200,0.0,0.0
2022-08-01 00:00:00-04:00,81.33999633789062,82.83000183105469,80.08999633789062,82.47000122070312,82.47000122070312,317000,0.0,0.0
2022-08-02 00:00:00-04:00,82.33999633789062,83.58999633789062,81.25,81.58000183105469,81.58000183105469,162300,0.0,0.0
2022-08-03 00:00:00-04:00,82.12999725341797,84.95999908447266,81.47000122070312,84.7699966430664,84.7699966430664,366600,0.0,0.0
2022-08-04 00:00:00-04:00,84.33000183105469,84.72000122070312,83.02999877929688,83.91999816894531,83.91999816894531,196400,0.0,0.0
2022-08-05 00:00:00-04:00,83.08999633789062,84.11000061035156,82.76000213623047,84.08000183105469,84.08000183105469,112200,0.0,0.0
2022-08-08 00:00:00-04:00,84.13999938964844,84.72000122070312,83.43000030517578,83.88999938964844,83.88999938964844,189600,0.0,0.0
2022-08-09 00:00:00-04:00,84.16000366210938,84.33999633789062,83.56999969482422,83.98999786376953,83.98999786376953,132700,0.0,0.0
2022-08-10 00:00:00-04:00,85.13999938964844,85.7699966430664,84.44999694824219,85.38999938964844,85.38999938964844,153600,0.0,0.0
2022-08-11 00:00:00-04:00,85.62999725341797,85.62999725341797,83.9000015258789,84.20999908447266,84.20999908447266,126800,0.0,0.0
2022-08-12 00:00:00-04:00,84.52999877929688,85.66999816894531,84.0999984741211,85.6500015258789,85.6500015258789,123900,0.0,0.0
2022-08-15 00:00:00-04:00,85.47000122070312,86.12999725341797,84.9000015258789,85.94000244140625,85.94000244140625,136800,0.0,0.0
2022-08-16 00:00:00-04:00,85.77999877929688,86.87000274658203,85.27999877929688,86.7300033569336,86.7300033569336,101800,0.0,0.0
2022-08-17 00:00:00-04:00,86.06999969482422,87.27999877929688,85.87000274658203,87.27999877929688,87.27999877929688,119000,0.0,0.0
2022-08-18 00:00:00-04:00,87.0,87.37000274658203,85.37000274658203,85.79000091552734,85.79000091552734,201900,0.0,0.0
2022-08-19 00:00:00-04:00,85.7699966430664,85.93000030517578,84.48999786376953,84.79000091552734,84.79000091552734,169600,0.0,0.0
2022-08-22 00:00:00-04:00,84.30000305175781,84.4800033569336,83.58000183105469,84.05000305175781,84.05000305175781,166600,0.0,0.0
2022-08-23 00:00:00-04:00,83.80999755859375,84.0999984741211,83.1500015258789,83.45999908447266,83.45999908447266,133400,0.0,0.0
2022-08-24 00:00:00-04:00,83.26000213623047,84.77999877929688,83.26000213623047,84.27999877929688,84.27999877929688,134500,0.0,0.0
2022-08-25 00:00:00-04:00,84.61000061035156,84.7300033569336,83.95999908447266,84.44000244140625,84.44000244140625,127800,0.0,0.0
2022-08-26 00:00:00-04:00,84.2699966430664,84.52999877929688,82.08999633789062,82.13999938964844,82.13999938964844,115900,0.0,0.0
2022-08-29 00:00:00-04:00,81.54000091552734,82.83000183105469,80.06999969482422,82.0,82.0,171900,0.0,0.0
2022-08-30 00:00:00-04:00,82.33999633789062,83.37999725341797,82.04000091552734,83.2300033569336,83.2300033569336,275400,0.0,0.0
2022-08-31 00:00:00-04:00,83.31999969482422,84.0999984741211,81.62000274658203,81.93000030517578,81.93000030517578,337100,0.0,0.0
2022-09-01 00:00:00-04:00,81.37999725341797,81.86000061035156,79.94000244140625,81.5,81.5,210500,0.0,0.0
2022-09-02 00:00:00-04:00,81.83000183105469,82.87999725341797,80.30999755859375,80.70999908447266,80.70999908447266,107500,0.0,0.0
2022-09-06 00:00:00-04:00,80.55000305175781,81.58000183105469,80.19000244140625,81.22000122070312,81.22000122070312,147300,0.0,0.0
2022-09-07 00:00:00-04:00,81.55999755859375,83.98999786376953,81.55000305175781,83.62999725341797,83.62999725341797,116500,0.0,0.0
2022-09-08 00:00:00-04:00,83.12999725341797,84.30999755859375,83.02999877929688,83.55000305175781,83.55000305175781,140600,0.0,0.0
2022-09-09 00:00:00-04:00,83.66000366210938,84.54000091552734,83.05000305175781,83.88999938964844,83.88999938964844,134800,0.0,0.0
2022-09-12 00:00:00-04:00,84.06999969482422,84.44000244140625,83.44999694824219,84.05000305175781,84.05000305175781,183300,0.0,0.0
2022-09-13 00:00:00-04:00,82.95999908447266,83.70999908447266,82.7300033569336,83.08999633789062,83.08999633789062,167700,0.0,0.0
2022-09-14 00:00:00-04:00,82.97000122070312,84.33999633789062,82.76000213623047,83.93000030517578,83.93000030517578,150700,0.0,0.0
2022-09-15 00:00:00-04:00,83.6500015258789,83.69999694824219,81.37999725341797,82.44999694824219,82.44999694824219,161400,0.0,0.0
2022-09-16 00:00:00-04:00,81.45999908447266,81.91000366210938,80.29000091552734,81.19999694824219,81.19999694824219,284100,0.0,0.0
2022-09-19 00:00:00-04:00,81.0999984741211,82.5,80.6500015258789,82.29000091552734,82.29000091552734,143500,0.0,0.0
2022-09-20 00:00:00-04:00,82.22000122070312,82.22000122070312,80.75,81.87000274658203,81.87000274658203,133800,0.0,0.0
2022-09-21 00:00:00-04:00,82.2300033569336,83.66999816894531,81.73999786376953,81.79000091552734,81.79000091552734,147900,0.0,0.0
2022-09-22 00:00:00-04:00,81.4000015258789,81.4000015258789,77.7699966430664,78.62999725341797,78.62999725341797,235200,0.0,0.0
2022-09-23 00:00:00-04:00,78.0999984741211,78.38999938964844,76.61000061035156,78.38999938964844,78.38999938964844,247300,0.0,0.0
2022-09-26 00:00:00-04:00,77.87999725341797,78.69000244140625,76.3499984741211,77.13999938964844,77.13999938964844,215900,0.0,0.0
2022-09-27 00:00:00-04:00,77.5,78.75,77.33000183105469,78.12999725341797,78.12999725341797,250400,0.0,0.0
2022-09-28 00:00:00-04:00,78.6500015258789,80.22000122070312,77.94000244140625,79.80000305175781,79.80000305175781,182000,0.0,0.0
2022-09-29 00:00:00-04:00,79.4800033569336,79.86000061035156,78.26000213623047,79.18000030517578,79.18000030517578,260500,0.0,0.0
2022-09-30 00:00:00-04:00,79.2300033569336,79.7300033569336,76.29000091552734,76.38999938964844,76.38999938964844,410700,0.0,0.0
2022-10-03 00:00:00-04:00,76.75,77.97000122070312,76.6500015258789,77.20999908447266,77.20999908447266,302000,0.0,0.0
2022-10-04 00:00:00-04:00,78.2300033569336,80.25,78.22000122070312,79.26000213623047,79.26000213623047,348800,0.0,0.0
2022-10-05 00:00:00-04:00,79.4000015258789,79.69000244140625,78.33000183105469,78.95999908447266,78.95999908447266,201000,0.0,0.0
2022-10-06 00:00:00-04:00,78.5999984741211,78.5999984741211,75.0999984741211,75.41000366210938,75.41000366210938,274500,0.0,0.0
2022-10-07 00:00:00-04:00,74.43000030517578,75.38999938964844,71.08999633789062,71.61000061035156,71.61000061035156,419500,0.0,0.0
2022-10-10 00:00:00-04:00,71.5,71.98999786376953,70.0999984741211,71.68000030517578,71.68000030517578,187000,0.0,0.0
2022-10-11 00:00:00-04:00,71.62000274658203,73.58999633789062,70.06999969482422,72.94999694824219,72.94999694824219,266700,0.0,0.0
2022-10-12 00:00:00-04:00,73.33000183105469,74.55000305175781,72.55000305175781,74.22000122070312,74.22000122070312,311900,0.0,0.0
2022-10-13 00:00:00-04:00,72.87000274658203,75.79000091552734,72.29000091552734,75.55000305175781,75.55000305175781,255200,0.0,0.0
2022-10-14 00:00:00-04:00,76.4000015258789,76.62999725341797,73.87000274658203,74.0,74.0,197100,0.0,0.0
2022-10-17 00:00:00-04:00,74.91999816894531,76.7699966430664,74.91000366210938,76.3499984741211,76.3499984741211,181600,0.0,0.0
2022-10-18 00:00:00-04:00,77.72000122070312,79.0199966430664,76.41000366210938,77.12999725341797,77.12999725341797,225700,0.0,0.0
2022-10-19 00:00:00-04:00,76.2699966430664,78.41999816894531,76.01000213623047,78.13999938964844,78.13999938964844,220300,0.0,0.0
2022-10-20 00:00:00-04:00,77.94999694824219,77.94999694824219,75.0,76.06999969482422,76.06999969482422,230000,0.0,0.0
2022-10-21 00:00:00-04:00,76.0999984741211,77.30999755859375,74.76000213623047,76.80000305175781,76.80000305175781,217400,0.0,0.0
2022-10-24 00:00:00-04:00,77.56999969482422,77.91999816894531,76.56999969482422,77.16999816894531,77.16999816894531,142600,0.0,0.0
2022-10-25 00:00:00-04:00,77.69000244140625,78.27999877929688,76.88999938964844,78.2300033569336,78.2300033569336,210500,0.0,0.0
2022-10-26 00:00:00-04:00,78.9800033569336,79.23999786376953,77.16999816894531,77.19000244140625,77.19000244140625,195300,0.0,0.0
2022-10-27 00:00:00-04:00,77.63999938964844,78.5999984741211,76.7300033569336,76.86000061035156,76.86000061035156,248400,0.0,0.0
2022-10-28 00:00:00-04:00,78.25,81.18000030517578,77.97000122070312,80.20999908447266,80.20999908447266,282200,0.0,0.0
2022-10-31 00:00:00-04:00,80.01000213623047,82.62999725341797,79.68000030517578,81.80999755859375,81.80999755859375,294500,0.0,0.0
2022-11-01 00:00:00-04:00,82.48999786376953,83.0,80.56999969482422,82.41999816894531,82.41999816894531,245700,0.0,0.0
2022-11-02 00:00:00-04:00,82.2300033569336,82.80000305175781,79.4800033569336,79.7300033569336,79.7300033569336,252100,0.0,0.0
2022-11-03 00:00:00-04:00,79.5,82.25,79.11000061035156,82.0,82.0,164900,0.0,0.0
2022-11-04 00:00:00-04:00,82.86000061035156,82.9000015258789,80.44999694824219,80.58999633789062,80.58999633789062,278500,0.0,0.0
2022-11-07 00:00:00-05:00,80.69999694824219,81.93000030517578,80.41999816894531,80.87000274658203,80.87000274658203,153800,0.0,0.0
2022-11-08 00:00:00-05:00,81.31999969482422,81.76000213623047,79.83000183105469,80.38999938964844,80.38999938964844,153300,0.0,0.0
2022-11-09 00:00:00-05:00,79.69999694824219,81.43000030517578,79.69999694824219,80.45999908447266,80.45999908447266,140300,0.0,0.0
2022-11-10 00:00:00-05:00,83.25,83.7300033569336,80.79000091552734,82.81999969482422,82.81999969482422,230600,0.0,0.0
2022-11-11 00:00:00-05:00,82.58999633789062,82.83999633789062,79.36000061035156,79.93000030517578,79.93000030517578,221700,0.0,0.0
2022-11-14 00:00:00-05:00,80.08000183105469,81.48999786376953,79.56999969482422,79.70999908447266,79.70999908447266,217900,0.0,0.0
2022-11-15 00:00:00-05:00,80.76000213623047,81.44000244140625,79.2699966430664,79.87000274658203,79.87000274658203,208000,0.0,0.0
2022-11-16 00:00:00-05:00,79.56999969482422,81.29000091552734,79.56999969482422,80.72000122070312,80.72000122070312,134700,0.0,0.0
2022-11-17 00:00:00-05:00,79.93000030517578,81.05999755859375,79.7699966430664,80.94999694824219,80.94999694824219,97500,0.0,0.0
2022-11-18 00:00:00-05:00,82.22000122070312,82.98999786376953,81.62000274658203,82.41999816894531,82.41999816894531,187200,0.0,0.0
2022-11-21 00:00:00-05:00,82.26000213623047,83.66999816894531,82.26000213623047,83.25,83.25,119700,0.0,0.0
2022-11-22 00:00:00-05:00,83.75,85.43000030517578,83.56999969482422,85.04000091552734,85.04000091552734,211900,0.0,0.0
2022-11-23 00:00:00-05:00,85.16999816894531,85.4800033569336,84.58999633789062,85.06999969482422,85.06999969482422,133800,0.0,0.0
2022-11-25 00:00:00-05:00,85.55999755859375,86.31999969482422,85.01000213623047,85.16999816894531,85.16999816894531,59100,0.0,0.0
2022-11-28 00:00:00-05:00,84.6500015258789,85.55999755859375,84.56999969482422,84.93000030517578,84.93000030517578,174300,0.0,0.0
2022-11-29 00:00:00-05:00,85.18000030517578,85.18000030517578,83.06999969482422,83.41000366210938,83.41000366210938,181000,0.0,0.0
2022-11-30 00:00:00-05:00,83.16000366210938,86.19000244140625,82.77999877929688,86.08999633789062,86.08999633789062,188500,0.0,0.0
2022-12-01 00:00:00-05:00,86.73999786376953,87.30999755859375,84.44000244140625,85.56999969482422,85.56999969482422,117100,0.0,0.0
2022-12-02 00:00:00-05:00,84.77999877929688,88.0199966430664,83.72000122070312,86.62999725341797,86.62999725341797,136700,0.0,0.0
2022-12-05 00:00:00-05:00,85.6500015258789,85.72000122070312,84.20999908447266,85.47000122070312,85.47000122070312,147500,0.0,0.0
2022-12-06 00:00:00-05:00,85.41000366210938,85.41000366210938,81.69999694824219,82.3499984741211,82.3499984741211,162000,0.0,0.0
2022-12-07 00:00:00-05:00,82.43000030517578,84.36000061035156,82.36000061035156,82.76000213623047,82.76000213623047,182000,0.0,0.0
2022-12-08 00:00:00-05:00,82.9000015258789,83.76000213623047,82.62000274658203,83.55000305175781,83.55000305175781,108800,0.0,0.0
2022-12-09 00:00:00-05:00,83.3499984741211,84.19000244140625,82.04000091552734,83.5999984741211,83.5999984741211,99000,0.0,0.0
2022-12-12 00:00:00-05:00,83.83999633789062,84.62000274658203,83.18000030517578,84.05999755859375,84.05999755859375,260300,0.0,0.0
2022-12-13 00:00:00-05:00,85.98999786376953,86.41000366210938,84.01000213623047,85.13999938964844,85.13999938964844,176900,0.0,0.0
2022-12-14 00:00:00-05:00,84.79000091552734,86.51000213623047,84.0,84.31999969482422,84.31999969482422,139900,0.0,0.0
2022-12-15 00:00:00-05:00,83.63999938964844,84.75,81.56999969482422,81.68000030517578,81.68000030517578,168900,0.0,0.0
2022-12-16 00:00:00-05:00,81.11000061035156,81.72000122070312,80.0199966430664,81.44000244140625,81.44000244140625,324000,0.0,0.0
2022-12-19 00:00:00-05:00,81.13999938964844,81.13999938964844,78.38999938964844,78.91999816894531,78.91999816894531,152700,0.0,0.0
2022-12-20 00:00:00-05:00,78.51000213623047,80.58000183105469,77.58999633789062,79.33000183105469,79.33000183105469,123600,0.0,0.0
2022-12-21 00:00:00-05:00,79.87000274658203,80.93000030517578,79.47000122070312,80.48999786376953,80.48999786376953,144900,0.0,0.0
2022-12-22 00:00:00-05:00,79.72000122070312,79.95999908447266,78.5999984741211,79.87999725341797,79.87999725341797,99100,0.0,0.0
2022-12-23 00:00:00-05:00,79.55000305175781,80.91000366210938,79.41000366210938,80.69999694824219,80.69999694824219,96900,0.0,0.0
2022-12-27 00:00:00-05:00,80.94999694824219,81.01000213623047,79.47000122070312,80.33999633789062,80.33999633789062,110600,0.0,0.0
2022-12-28 00:00:00-05:00,80.3499984741211,80.72000122070312,77.95999908447266,78.22000122070312,78.22000122070312,128700,0.0,0.0
2022-12-29 00:00:00-05:00,79.01000213623047,80.93000030517578,78.26000213623047,80.63999938964844,80.63999938964844,143600,0.0,0.0
2022-12-30 00:00:00-05:00,80.0999984741211,80.41999816894531,78.4800033569336,79.30999755859375,79.30999755859375,154200,0.0,0.0
2023-01-03 00:00:00-05:00,80.1500015258789,80.1500015258789,77.4800033569336,78.83999633789062,78.83999633789062,253800,0.0,0.0
2023-01-04 00:00:00-05:00,78.86000061035156,79.68000030517578,77.80999755859375,78.16999816894531,78.16999816894531,140500,0.0,0.0
2023-01-05 00:00:00-05:00,77.58999633789062,77.69999694824219,76.19000244140625,76.2300033569336,76.2300033569336,101800,0.0,0.0
2023-01-06 00:00:00-05:00,76.9800033569336,79.44000244140625,76.2300033569336,79.30999755859375,79.30999755859375,277000,0.0,0.0
2023-01-09 00:00:00-05:00,79.41000366210938,80.44999694824219,78.9800033569336,79.31999969482422,79.31999969482422,166500,0.0,0.0
2023-01-10 00:00:00-05:00,81.05000305175781,82.44000244140625,79.66999816894531,82.06999969482422,82.06999969482422,209300,0.0,0.0
2023-01-11 00:00:00-05:00,82.44000244140625,83.75,81.06999969482422,81.66999816894531,81.66999816894531,274000,0.0,0.0
2023-01-12 00:00:00-05:00,82.05999755859375,82.05999755859375,78.80999755859375,79.0,79.0,224100,0.0,0.0
2023-01-13 00:00:00-05:00,76.30000305175781,78.27999877929688,74.44999694824219,77.7699966430664,77.7699966430664,332800,0.0,0.0
2023-01-17 00:00:00-05:00,78.23999786376953,79.2300033569336,78.23999786376953,78.95999908447266,78.95999908447266,208100,0.0,0.0
2023-01-18 00:00:00-05:00,79.37000274658203,79.94000244140625,77.7300033569336,78.86000061035156,78.86000061035156,170500,0.0,0.0
2023-01-19 00:00:00-05:00,78.30000305175781,78.94999694824219,77.23999786376953,77.3499984741211,77.3499984741211,183200,0.0,0.0
2023-01-20 00:00:00-05:00,78.01000213623047,79.81999969482422,76.97000122070312,79.58000183105469,79.58000183105469,267000,0.0,0.0
2023-01-23 00:00:00-05:00,79.8499984741211,80.5999984741211,79.33999633789062,80.0,80.0,117500,0.0,0.0
2023-01-24 00:00:00-05:00,79.54000091552734,80.91999816894531,79.47000122070312,80.80000305175781,80.80000305175781,118000,0.0,0.0
2023-01-25 00:00:00-05:00,80.44000244140625,81.0999984741211,79.79000091552734,81.04000091552734,81.04000091552734,128900,0.0,0.0
2023-01-26 00:00:00-05:00,81.76000213623047,81.88999938964844,79.72000122070312,79.91000366210938,79.91000366210938,160700,0.0,0.0
2023-01-27 00:00:00-05:00,79.63999938964844,80.16000366210938,78.69999694824219,79.45999908447266,79.45999908447266,115000,0.0,0.0
2023-01-30 00:00:00-05:00,79.20999908447266,81.22000122070312,79.12999725341797,79.16000366210938,79.16000366210938,117400,0.0,0.0
2023-01-31 00:00:00-05:00,79.2699966430664,80.1500015258789,78.63999938964844,80.12000274658203,80.12000274658203,174200,0.0,0.0
2023-02-01 00:00:00-05:00,79.38999938964844,81.73999786376953,78.79000091552734,80.77999877929688,80.77999877929688,178300,0.0,0.0
2023-02-02 00:00:00-05:00,81.27999877929688,82.30999755859375,80.22000122070312,80.45999908447266,80.45999908447266,299100,0.0,0.0
2023-02-03 00:00:00-05:00,79.83000183105469,81.33000183105469,79.04000091552734,80.19999694824219,80.19999694824219,247500,0.0,0.0
2023-02-06 00:00:00-05:00,79.62999725341797,80.45999908447266,79.1500015258789,79.47000122070312,79.47000122070312,255800,0.0,0.0
2023-02-07 00:00:00-05:00,79.04000091552734,80.0999984741211,77.11000061035156,78.02999877929688,78.02999877929688,357800,0.0,0.0
2023-02-08 00:00:00-05:00,77.62999725341797,80.19999694824219,77.37000274658203,79.2300033569336,79.2300033569336,220500,0.0,0.0
2023-02-09 00:00:00-05:00,79.55000305175781,80.08000183105469,78.33000183105469,79.16000366210938,79.16000366210938,190500,0.0,0.0
2023-02-10 00:00:00-05:00,79.44000244140625,80.69999694824219,79.05999755859375,80.41999816894531,80.41999816894531,281500,0.0,0.0
2023-02-13 00:00:00-05:00,80.55999755859375,81.56999969482422,79.66999816894531,80.37999725341797,80.37999725341797,197100,0.0,0.0
2023-02-14 00:00:00-05:00,80.01000213623047,80.44000244140625,78.61000061035156,79.70999908447266,79.70999908447266,375200,0.0,0.0
2023-02-15 00:00:00-05:00,79.54000091552734,80.80000305175781,78.72000122070312,80.6500015258789,80.6500015258789,302000,0.0,0.0
2023-02-16 00:00:00-05:00,79.9000015258789,81.55000305175781,79.75,80.13999938964844,80.13999938964844,465400,0.0,0.0
2023-02-17 00:00:00-05:00,81.69000244140625,81.69000244140625,72.33000183105469,77.13999938964844,77.13999938964844,1030800,0.0,0.0
2023-02-21 00:00:00-05:00,76.80000305175781,78.61000061035156,75.87999725341797,76.66000366210938,76.66000366210938,373300,0.0,0.0
2023-02-22 00:00:00-05:00,77.02999877929688,77.98999786376953,76.0999984741211,76.75,76.75,256900,0.0,0.0
2023-02-23 00:00:00-05:00,76.76000213623047,76.86000061035156,74.87999725341797,76.52999877929688,76.52999877929688,448700,0.0,0.0
2023-02-24 00:00:00-05:00,75.87999725341797,77.44999694824219,75.5999984741211,77.30999755859375,77.30999755859375,248800,0.0,0.0
2023-02-27 00:00:00-05:00,77.55000305175781,79.30999755859375,76.62999725341797,78.44999694824219,78.44999694824219,395700,0.0,0.0
2023-02-28 00:00:00-05:00,78.16999816894531,79.08000183105469,77.5999984741211,77.81999969482422,77.81999969482422,591900,0.0,0.0
2023-03-01 00:00:00-05:00,77.63999938964844,77.87999725341797,76.55000305175781,77.01000213623047,77.01000213623047,176800,0.0,0.0
2023-03-02 00:00:00-05:00,76.87000274658203,77.23999786376953,76.38999938964844,76.94999694824219,76.94999694824219,120300,0.0,0.0
2023-03-03 00:00:00-05:00,77.0999984741211,77.80000305175781,76.25,77.44999694824219,77.44999694824219,195700,0.0,0.0
2023-03-06 00:00:00-05:00,77.19999694824219,78.37999725341797,76.9800033569336,78.31999969482422,78.31999969482422,223200,0.0,0.0
2023-03-07 00:00:00-05:00,78.44999694824219,78.68000030517578,77.13999938964844,77.86000061035156,77.86000061035156,198700,0.0,0.0
2023-03-08 00:00:00-05:00,77.81999969482422,78.54000091552734,77.63999938964844,78.13999938964844,78.13999938964844,235900,0.0,0.0
2023-03-09 00:00:00-05:00,78.20999908447266,79.27999877929688,77.61000061035156,77.91000366210938,77.91000366210938,241300,0.0,0.0
2023-03-10 00:00:00-05:00,77.43000030517578,77.56999969482422,75.30999755859375,75.41000366210938,75.41000366210938,248400,0.0,0.0
2023-03-13 00:00:00-04:00,75.4000015258789,79.48999786376953,75.0,79.2699966430664,79.2699966430664,420900,0.0,0.0
2023-03-14 00:00:00-04:00,80.12000274658203,83.55000305175781,79.7699966430664,83.02999877929688,83.02999877929688,528400,0.0,0.0
2023-03-15 00:00:00-04:00,82.25,83.19000244140625,80.7699966430664,81.5199966430664,81.5199966430664,509200,0.0,0.0
2023-03-16 00:00:00-04:00,80.94000244140625,82.25,80.0,80.56999969482422,80.56999969482422,429200,0.0,0.0
2023-03-17 00:00:00-04:00,80.88999938964844,81.51000213623047,79.06999969482422,79.1500015258789,79.1500015258789,440600,0.0,0.0
2023-03-20 00:00:00-04:00,79.18000030517578,80.6500015258789,78.94999694824219,79.87000274658203,79.87000274658203,213300,0.0,0.0
2023-03-21 00:00:00-04:00,80.51000213623047,81.48999786376953,78.8499984741211,79.2300033569336,79.2300033569336,292100,0.0,0.0
2023-03-22 00:00:00-04:00,79.04000091552734,79.58999633789062,77.93000030517578,78.0,78.0,185300,0.0,0.0
2023-03-23 00:00:00-04:00,77.91000366210938,78.9000015258789,76.80999755859375,77.69999694824219,77.69999694824219,252200,0.0,0.0
2023-03-24 00:00:00-04:00,77.58000183105469,79.13999938964844,77.0,78.95999908447266,78.95999908447266,165600,0.0,0.0
2023-03-27 00:00:00-04:00,79.26000213623047,79.93000030517578,78.77999877929688,78.98999786376953,78.98999786376953,155200,0.0,0.0
2023-03-28 00:00:00-04:00,78.62000274658203,80.08000183105469,77.95999908447266,79.98999786376953,79.98999786376953,274000,0.0,0.0
2023-03-29 00:00:00-04:00,80.30000305175781,80.94000244140625,80.12999725341797,80.37000274658203,80.37000274658203,212900,0.0,0.0
2023-03-30 00:00:00-04:00,80.51000213623047,81.27999877929688,80.51000213623047,80.79000091552734,80.79000091552734,126400,0.0,0.0
2023-03-31 00:00:00-04:00,81.20999908447266,82.75,81.20999908447266,82.66000366210938,82.66000366210938,279400,0.0,0.0
2023-04-03 00:00:00-04:00,82.08000183105469,82.38999938964844,80.88999938964844,81.86000061035156,81.86000061035156,246500,0.0,0.0
2023-04-04 00:00:00-04:00,82.08999633789062,82.08999633789062,80.55999755859375,81.18000030517578,81.18000030517578,175600,0.0,0.0
2023-04-05 00:00:00-04:00,81.48999786376953,82.08999633789062,81.0199966430664,81.80999755859375,81.80999755859375,159100,0.0,0.0
2023-04-06 00:00:00-04:00,82.0199966430664,82.0999984741211,81.29000091552734,81.80000305175781,81.80000305175781,109100,0.0,0.0
2023-04-10 00:00:00-04:00,81.3499984741211,83.5999984741211,81.01000213623047,83.55000305175781,83.55000305175781,250500,0.0,0.0
2023-04-11 00:00:00-04:00,83.55000305175781,84.94999694824219,82.93000030517578,83.88999938964844,83.88999938964844,263300,0.0,0.0
2023-04-12 00:00:00-04:00,84.25,85.3499984741211,84.0199966430664,84.87999725341797,84.87999725341797,214100,0.0,0.0
2023-04-13 00:00:00-04:00,84.8499984741211,85.72000122070312,84.72000122070312,85.69000244140625,85.69000244140625,177500,0.0,0.0
2023-04-14 00:00:00-04:00,85.31999969482422,85.93000030517578,84.16999816894531,84.4800033569336,84.4800033569336,153400,0.0,0.0
2023-04-17 00:00:00-04:00,84.72000122070312,85.75,84.62999725341797,85.68000030517578,85.68000030517578,115100,0.0,0.0
2023-04-18 00:00:00-04:00,85.94999694824219,86.37999725341797,85.18000030517578,86.05000305175781,86.05000305175781,180600,0.0,0.0
2023-04-19 00:00:00-04:00,85.66999816894531,87.77999877929688,85.66999816894531,87.20999908447266,87.20999908447266,316900,0.0,0.0
2023-04-20 00:00:00-04:00,86.52999877929688,88.06999969482422,86.52999877929688,87.91999816894531,87.91999816894531,167200,0.0,0.0
2023-04-21 00:00:00-04:00,88.11000061035156,89.16000366210938,87.55000305175781,88.98999786376953,88.98999786376953,193900,0.0,0.0
2023-04-24 00:00:00-04:00,89.54000091552734,91.0999984741211,88.18000030517578,88.2699966430664,88.2699966430664,270700,0.0,0.0
2023-04-25 00:00:00-04:00,88.01000213623047,89.75,87.62000274658203,89.5,89.5,221700,0.0,0.0
2023-04-26 00:00:00-04:00,88.91999816894531,89.37999725341797,86.12000274658203,86.56999969482422,86.56999969482422,280300,0.0,0.0
2023-04-27 00:00:00-04:00,86.80999755859375,88.0,86.2300033569336,87.4000015258789,87.4000015258789,272900,0.0,0.0
2023-04-28 00:00:00-04:00,87.87000274658203,89.41999816894531,86.66000366210938,89.0,89.0,323500,0.0,0.0
2023-05-01 00:00:00-04:00,88.94000244140625,90.87999725341797,88.06999969482422,89.5999984741211,89.5999984741211,310900,0.0,0.0
2023-05-02 00:00:00-04:00,89.69999694824219,89.98999786376953,88.41999816894531,89.52999877929688,89.52999877929688,215400,0.0,0.0
2023-05-03 00:00:00-04:00,89.95999908447266,90.9800033569336,88.51000213623047,89.37999725341797,89.37999725341797,153500,0.0,0.0
2023-05-04 00:00:00-04:00,89.16000366210938,89.69999694824219,88.37000274658203,89.05999755859375,89.05999755859375,182300,0.0,0.0
2023-05-05 00:00:00-04:00,89.68000030517578,91.41999816894531,89.68000030517578,90.7300033569336,90.7300033569336,188600,0.0,0.0
2023-05-08 00:00:00-04:00,90.52999877929688,91.55000305175781,90.25,91.20999908447266,91.20999908447266,143900,0.0,0.0
2023-05-09 00:00:00-04:00,91.19999694824219,92.4000015258789,91.05000305175781,91.86000061035156,91.86000061035156,114500,0.0,0.0
2023-05-10 00:00:00-04:00,92.87999725341797,93.86000061035156,92.41999816894531,93.37999725341797,93.37999725341797,132500,0.0,0.0
2023-05-11 00:00:00-04:00,93.08999633789062,94.81999969482422,93.08999633789062,94.30000305175781,94.30000305175781,231700,0.0,0.0
2023-05-12 00:00:00-04:00,94.19999694824219,95.66999816894531,93.3499984741211,94.52999877929688,94.52999877929688,201700,0.0,0.0
2023-05-15 00:00:00-04:00,94.43000030517578,95.5199966430664,94.05000305175781,95.51000213623047,95.51000213623047,246500,0.0,0.0
2023-05-16 00:00:00-04:00,95.06999969482422,95.77999877929688,94.54000091552734,95.0,95.0,233600,0.0,0.0
2023-05-17 00:00:00-04:00,95.45999908447266,95.45999908447266,94.2300033569336,95.02999877929688,95.02999877929688,243500,0.0,0.0
2023-05-18 00:00:00-04:00,95.05000305175781,95.58000183105469,93.87000274658203,94.58999633789062,94.58999633789062,284700,0.0,0.0
2023-05-19 00:00:00-04:00,95.0199966430664,95.18000030517578,94.05000305175781,94.16999816894531,94.16999816894531,277000,0.0,0.0
2023-05-22 00:00:00-04:00,94.44999694824219,94.75,93.19999694824219,93.56999969482422,93.56999969482422,180800,0.0,0.0
2023-05-23 00:00:00-04:00,93.12999725341797,93.68000030517578,92.19999694824219,92.83999633789062,92.83999633789062,169800,0.0,0.0
2023-05-24 00:00:00-04:00,92.62000274658203,93.51000213623047,92.48999786376953,93.05999755859375,93.05999755859375,172600,0.0,0.0
2023-05-25 00:00:00-04:00,92.76000213623047,93.0199966430664,91.62000274658203,92.26000213623047,92.26000213623047,168200,0.0,0.0
2023-05-26 00:00:00-04:00,92.33000183105469,93.0,91.86000061035156,92.37000274658203,92.37000274658203,136500,0.0,0.0
2023-05-30 00:00:00-04:00,92.25,93.0999984741211,91.83000183105469,92.55999755859375,92.55999755859375,130000,0.0,0.0
2023-05-31 00:00:00-04:00,92.80000305175781,92.88999938964844,90.04000091552734,90.16000366210938,90.16000366210938,314900,0.0,0.0
2023-06-01 00:00:00-04:00,90.38999938964844,91.79000091552734,89.20999908447266,91.5999984741211,91.5999984741211,220300,0.0,0.0
2023-06-02 00:00:00-04:00,92.08000183105469,94.06999969482422,91.58999633789062,93.81999969482422,93.81999969482422,271600,0.0,0.0
2023-06-05 00:00:00-04:00,93.0,93.41000366210938,91.77999877929688,91.9800033569336,91.9800033569336,158200,0.0,0.0
2023-06-06 00:00:00-04:00,91.9800033569336,93.51000213623047,91.63999938964844,92.68000030517578,92.68000030517578,164800,0.0,0.0
2023-06-07 00:00:00-04:00,92.62000274658203,93.79000091552734,92.16000366210938,92.29000091552734,92.29000091552734,202500,0.0,0.0
2023-06-08 00:00:00-04:00,92.19999694824219,93.19000244140625,91.69999694824219,93.12000274658203,93.12000274658203,130500,0.0,0.0
2023-06-09 00:00:00-04:00,92.83000183105469,92.8499984741211,91.41999816894531,92.5,92.5,115700,0.0,0.0
2023-06-12 00:00:00-04:00,92.73999786376953,92.9000015258789,91.91999816894531,92.45999908447266,92.45999908447266,181100,0.0,0.0
2023-06-13 00:00:00-04:00,90.38999938964844,92.27999877929688,87.0199966430664,87.87000274658203,87.87000274658203,675400,0.0,0.0
2023-06-14 00:00:00-04:00,86.98999786376953,88.30000305175781,85.91999816894531,87.41000366210938,87.41000366210938,2841900,0.0,0.0
2023-06-15 00:00:00-04:00,87.52999877929688,87.83999633789062,86.43000030517578,86.7699966430664,86.7699966430664,694800,0.0,0.0
2023-06-16 00:00:00-04:00,87.29000091552734,87.5,86.48999786376953,86.81999969482422,86.81999969482422,952100,0.0,0.0
2023-06-20 00:00:00-04:00,86.87000274658203,87.55000305175781,86.45999908447266,86.86000061035156,86.86000061035156,1072200,0.0,0.0
2023-06-21 00:00:00-04:00,86.86000061035156,87.23999786376953,85.31999969482422,86.44999694824219,86.44999694824219,360400,0.0,0.0
2023-06-22 00:00:00-04:00,86.41999816894531,86.97000122070312,85.88999938964844,86.47000122070312,86.47000122070312,309700,0.0,0.0
2023-06-23 00:00:00-04:00,85.80000305175781,87.0,85.48999786376953,85.62999725341797,85.62999725341797,1000700,0.0,0.0
2023-06-26 00:00:00-04:00,85.5,86.44000244140625,85.02999877929688,86.23999786376953,86.23999786376953,315500,0.0,0.0
2023-06-27 00:00:00-04:00,86.29000091552734,86.93000030517578,86.02999877929688,86.5999984741211,86.5999984741211,419300,0.0,0.0
2023-06-28 00:00:00-04:00,86.87999725341797,86.95999908447266,86.23999786376953,86.61000061035156,86.61000061035156,217900,0.0,0.0
2023-06-29 00:00:00-04:00,86.62999725341797,87.70999908447266,86.30999755859375,87.37999725341797,87.37999725341797,616300,0.0,0.0
2023-06-30 00:00:00-04:00,87.69000244140625,90.87999725341797,87.69000244140625,90.44999694824219,90.44999694824219,395600,0.0,0.0
2023-07-03 00:00:00-04:00,90.06999969482422,90.06999969482422,88.27999877929688,88.36000061035156,88.36000061035156,117300,0.0,0.0
2023-07-05 00:00:00-04:00,88.0,88.69999694824219,87.5199966430664,87.58000183105469,87.58000183105469,242700,0.0,0.0
2023-07-06 00:00:00-04:00,87.13999938964844,87.33000183105469,86.12999725341797,86.9800033569336,86.9800033569336,261000,0.0,0.0
2023-07-07 00:00:00-04:00,86.68000030517578,87.86000061035156,86.66999816894531,87.1500015258789,87.1500015258789,303100,0.0,0.0
2023-07-10 00:00:00-04:00,86.87000274658203,88.44999694824219,86.87000274658203,88.33999633789062,88.33999633789062,296400,0.0,0.0
2023-07-11 00:00:00-04:00,88.37000274658203,88.93000030517578,87.95999908447266,88.37000274658203,88.37000274658203,222500,0.0,0.0
2023-07-12 00:00:00-04:00,89.20999908447266,89.20999908447266,86.80000305175781,86.80999755859375,86.80999755859375,243000,0.0,0.0
2023-07-13 00:00:00-04:00,87.18000030517578,87.18000030517578,85.77999877929688,86.31999969482422,86.31999969482422,360300,0.0,0.0
2023-07-14 00:00:00-04:00,86.37999725341797,87.08000183105469,85.63999938964844,86.93000030517578,86.93000030517578,180000,0.0,0.0
2023-07-17 00:00:00-04:00,86.93000030517578,88.22000122070312,86.5,86.76000213623047,86.76000213623047,200600,0.0,0.0
2023-07-18 00:00:00-04:00,86.70999908447266,86.9000015258789,84.51000213623047,85.4000015258789,85.4000015258789,380300,0.0,0.0
2023-07-19 00:00:00-04:00,85.04000091552734,86.25,84.9800033569336,85.5999984741211,85.5999984741211,242300,0.0,0.0
2023-07-20 00:00:00-04:00,85.5,88.33000183105469,85.04000091552734,88.30999755859375,88.30999755859375,250800,0.0,0.0
2023-07-21 00:00:00-04:00,88.75,89.12000274658203,87.58000183105469,87.62999725341797,87.62999725341797,248400,0.0,0.0
2023-07-24 00:00:00-04:00,87.7300033569336,87.9800033569336,86.23999786376953,86.44000244140625,86.44000244140625,200600,0.0,0.0
2023-07-25 00:00:00-04:00,86.05000305175781,86.62000274658203,85.33000183105469,85.37000274658203,85.37000274658203,271500,0.0,0.0
2023-07-26 00:00:00-04:00,84.70999908447266,84.97000122070312,83.8499984741211,84.04000091552734,84.04000091552734,263400,0.0,0.0
2023-07-27 00:00:00-04:00,83.94999694824219,84.5999984741211,81.54000091552734,82.37000274658203,82.37000274658203,424200,0.0,0.0
2023-07-28 00:00:00-04:00,81.38999938964844,83.80999755859375,77.16000366210938,80.05999755859375,80.05999755859375,997800,0.0,0.0
2023-07-31 00:00:00-04:00,79.69999694824219,81.2300033569336,79.31999969482422,80.69000244140625,80.69000244140625,444900,0.0,0.0
2023-08-01 00:00:00-04:00,80.86000061035156,82.8499984741211,80.5199966430664,82.01000213623047,82.01000213623047,326600,0.0,0.0
2023-08-02 00:00:00-04:00,81.41000366210938,82.18000030517578,80.72000122070312,81.52999877929688,81.52999877929688,296300,0.0,0.0
2023-08-03 00:00:00-04:00,81.20999908447266,81.83000183105469,80.43000030517578,81.33000183105469,81.33000183105469,243000,0.0,0.0
2023-08-04 00:00:00-04:00,81.33000183105469,83.11000061035156,80.45999908447266,81.2300033569336,81.2300033569336,375600,0.0,0.0
2023-08-07 00:00:00-04:00,81.04000091552734,81.30000305175781,79.12999725341797,80.11000061035156,80.11000061035156,259800,0.0,0.0
2023-08-08 00:00:00-04:00,79.94000244140625,81.38999938964844,79.0,79.5199966430664,79.5199966430664,381000,0.0,0.0
2023-08-09 00:00:00-04:00,79.80999755859375,80.91999816894531,79.58000183105469,80.44999694824219,80.44999694824219,356000,0.0,0.0
2023-08-10 00:00:00-04:00,80.16000366210938,80.55999755859375,78.12999725341797,79.12000274658203,79.12000274658203,409200,0.0,0.0
2023-08-11 00:00:00-04:00,79.05999755859375,79.58999633789062,78.13999938964844,79.02999877929688,79.02999877929688,241200,0.0,0.0
2023-08-14 00:00:00-04:00,78.80000305175781,80.66000366210938,78.80000305175781,80.55000305175781,80.55000305175781,239500,0.0,0.0
2023-08-15 00:00:00-04:00,80.25,80.3499984741211,79.41999816894531,79.47000122070312,79.47000122070312,256700,0.0,0.0
2023-08-16 00:00:00-04:00,79.27999877929688,81.48999786376953,78.80999755859375,81.12000274658203,81.12000274658203,332800,0.0,0.0
2023-08-17 00:00:00-04:00,81.04000091552734,81.04000091552734,79.05000305175781,79.05999755859375,79.05999755859375,232000,0.0,0.0
2023-08-18 00:00:00-04:00,78.94000244140625,79.6500015258789,78.56999969482422,79.5999984741211,79.5999984741211,281300,0.0,0.0
2023-08-21 00:00:00-04:00,79.5999984741211,81.11000061035156,79.5999984741211,80.55000305175781,80.55000305175781,205700,0.0,0.0
2023-08-22 00:00:00-04:00,80.4000015258789,81.04000091552734,80.23999786376953,81.0,81.0,307900,0.0,0.0
2023-08-23 00:00:00-04:00,81.45999908447266,82.2300033569336,80.87999725341797,81.58999633789062,81.58999633789062,265500,0.0,0.0
2023-08-24 00:00:00-04:00,81.19000244140625,81.48999786376953,79.56999969482422,79.58000183105469,79.58000183105469,194500,0.0,0.0
2023-08-25 00:00:00-04:00,79.7699966430664,80.41999816894531,79.5,80.2300033569336,80.2300033569336,161600,0.0,0.0
2023-08-28 00:00:00-04:00,80.33000183105469,80.97000122070312,79.43000030517578,79.45999908447266,79.45999908447266,166600,0.0,0.0
2023-08-29 00:00:00-04:00,79.43000030517578,80.02999877929688,78.80000305175781,79.87000274658203,79.87000274658203,207100,0.0,0.0
2023-08-30 00:00:00-04:00,79.87000274658203,80.5199966430664,79.3499984741211,79.63999938964844,79.63999938964844,264900,0.0,0.0
2023-08-31 00:00:00-04:00,79.62999725341797,80.30000305175781,78.19000244140625,78.7699966430664,78.7699966430664,288200,0.0,0.0
2023-09-01 00:00:00-04:00,78.93000030517578,79.79000091552734,78.76000213623047,79.6500015258789,79.6500015258789,170800,0.0,0.0
2023-09-05 00:00:00-04:00,79.58999633789062,80.69000244140625,78.88999938964844,80.36000061035156,80.36000061035156,263000,0.0,0.0
2023-09-06 00:00:00-04:00,80.47000122070312,80.9800033569336,79.91000366210938,80.3499984741211,80.3499984741211,224700,0.0,0.0
2023-09-07 00:00:00-04:00,80.48999786376953,80.91999816894531,79.94000244140625,80.58999633789062,80.58999633789062,344800,0.0,0.0
2023-09-08 00:00:00-04:00,80.75,80.93000030517578,78.19999694824219,78.4000015258789,78.4000015258789,189900,0.0,0.0
2023-09-11 00:00:00-04:00,78.30999755859375,79.1500015258789,78.12000274658203,78.97000122070312,78.97000122070312,213400,0.0,0.0
2023-09-12 00:00:00-04:00,78.97000122070312,81.23999786376953,78.4000015258789,81.08000183105469,81.08000183105469,399600,0.0,0.0
2023-09-13 00:00:00-04:00,81.01000213623047,82.31999969482422,80.86000061035156,81.94000244140625,81.94000244140625,305100,0.0,0.0
2023-09-14 00:00:00-04:00,81.5999984741211,82.19999694824219,80.9000015258789,82.02999877929688,82.02999877929688,291000,0.0,0.0
2023-09-15 00:00:00-04:00,83.27999877929688,83.86000061035156,82.5,83.36000061035156,83.36000061035156,565900,0.0,0.0
2023-09-18 00:00:00-04:00,83.16000366210938,83.75,81.66999816894531,83.25,83.25,283800,0.0,0.0
2023-09-19 00:00:00-04:00,83.41000366210938,83.68000030517578,82.16999816894531,82.43000030517578,82.43000030517578,251900,0.0,0.0
2023-09-20 00:00:00-04:00,82.36000061035156,83.38999938964844,82.0199966430664,82.13999938964844,82.13999938964844,290100,0.0,0.0
2023-09-21 00:00:00-04:00,82.04000091552734,82.70999908447266,79.5,79.51000213623047,79.51000213623047,240600,0.0,0.0
2023-09-22 00:00:00-04:00,79.26000213623047,79.76000213623047,77.41000366210938,77.55999755859375,77.55999755859375,255400,0.0,0.0
2023-09-25 00:00:00-04:00,77.4800033569336,79.0199966430664,77.2699966430664,78.30000305175781,78.30000305175781,401900,0.0,0.0
2023-09-26 00:00:00-04:00,78.30000305175781,78.30999755859375,76.68000030517578,76.83999633789062,76.83999633789062,606100,0.0,0.0
2023-09-27 00:00:00-04:00,77.43000030517578,78.91999816894531,76.68000030517578,78.12000274658203,78.12000274658203,429200,0.0,0.0
2023-09-28 00:00:00-04:00,78.05999755859375,78.66000366210938,77.87999725341797,78.06999969482422,78.06999969482422,310800,0.0,0.0
2023-09-29 00:00:00-04:00,78.33999633789062,78.79000091552734,75.81999969482422,76.30000305175781,76.30000305175781,427500,0.0,0.0
2023-10-02 00:00:00-04:00,76.31999969482422,76.31999969482422,74.36000061035156,75.30000305175781,75.30000305175781,251300,0.0,0.0
2023-10-03 00:00:00-04:00,75.19000244140625,75.29000091552734,74.02999877929688,74.7699966430664,74.7699966430664,210700,0.0,0.0
2023-10-04 00:00:00-04:00,74.87999725341797,75.58000183105469,73.4000015258789,75.12999725341797,75.12999725341797,417900,0.0,0.0
2023-10-05 00:00:00-04:00,74.80000305175781,76.81999969482422,74.80000305175781,76.55999755859375,76.55999755859375,255100,0.0,0.0
2023-10-06 00:00:00-04:00,76.41999816894531,77.30000305175781,75.73999786376953,76.76000213623047,76.76000213623047,223700,0.0,0.0
2023-10-09 00:00:00-04:00,76.68000030517578,78.05000305175781,75.62000274658203,77.68000030517578,77.68000030517578,150600,0.0,0.0
2023-10-10 00:00:00-04:00,77.68000030517578,78.80999755859375,75.79000091552734,78.08999633789062,78.08999633789062,215600,0.0,0.0
2023-10-11 00:00:00-04:00,78.38999938964844,78.5199966430664,77.11000061035156,77.61000061035156,77.61000061035156,217100,0.0,0.0
2023-10-12 00:00:00-04:00,77.63999938964844,77.91000366210938,76.66000366210938,77.19000244140625,77.19000244140625,370400,0.0,0.0
2023-10-13 00:00:00-04:00,77.4000015258789,77.83000183105469,76.55999755859375,77.23999786376953,77.23999786376953,271400,0.0,0.0
2023-10-16 00:00:00-04:00,77.4000015258789,78.94999694824219,76.86000061035156,78.62000274658203,78.62000274658203,220400,0.0,0.0
2023-10-17 00:00:00-04:00,78.37000274658203,80.08000183105469,78.23999786376953,79.5199966430664,79.5199966430664,309300,0.0,0.0
2023-10-18 00:00:00-04:00,79.05000305175781,79.54000091552734,78.69000244140625,78.9800033569336,78.9800033569336,274200,0.0,0.0
2023-10-19 00:00:00-04:00,78.66000366210938,78.70999908447266,76.69999694824219,76.70999908447266,76.70999908447266,222600,0.0,0.0
2023-10-20 00:00:00-04:00,76.8499984741211,77.08000183105469,75.5999984741211,75.9000015258789,75.9000015258789,281700,0.0,0.0
2023-10-23 00:00:00-04:00,75.9000015258789,76.81999969482422,75.33000183105469,75.9000015258789,75.9000015258789,385300,0.0,0.0
2023-10-24 00:00:00-04:00,76.05999755859375,76.61000061035156,74.16999816894531,75.0,75.0,298400,0.0,0.0
2023-10-25 00:00:00-04:00,75.05999755859375,77.0999984741211,74.95999908447266,76.08999633789062,76.08999633789062,351000,0.0,0.0
2023-10-26 00:00:00-04:00,76.05999755859375,76.0999984741211,73.2699966430664,73.31999969482422,73.31999969482422,319000,0.0,0.0
2023-10-27 00:00:00-04:00,73.56999969482422,74.13999938964844,72.97000122070312,73.5199966430664,73.5199966430664,284200,0.0,0.0
2023-10-30 00:00:00-04:00,74.22000122070312,75.16999816894531,73.80999755859375,74.77999877929688,74.77999877929688,342500,0.0,0.0
2023-10-31 00:00:00-04:00,74.55999755859375,75.55000305175781,74.29000091552734,75.44999694824219,75.44999694824219,285800,0.0,0.0
2023-11-01 00:00:00-04:00,75.4800033569336,75.4800033569336,74.51000213623047,74.56999969482422,74.56999969482422,348200,0.0,0.0
2023-11-02 00:00:00-04:00,75.30999755859375,78.83000183105469,74.0,78.58000183105469,78.58000183105469,316200,0.0,0.0
2023-11-03 00:00:00-04:00,78.77999877929688,79.37999725341797,77.30999755859375,79.12999725341797,79.12999725341797,375100,0.0,0.0
2023-11-06 00:00:00-05:00,79.37999725341797,79.80000305175781,78.80000305175781,79.72000122070312,79.72000122070312,243700,0.0,0.0
2023-11-07 00:00:00-05:00,79.30999755859375,79.9800033569336,78.81999969482422,78.9000015258789,78.9000015258789,244300,0.0,0.0
2023-11-08 00:00:00-05:00,79.08999633789062,79.08999633789062,76.66999816894531,77.55999755859375,77.55999755859375,288700,0.0,0.0
2023-11-09 00:00:00-05:00,77.9000015258789,79.05999755859375,77.55999755859375,77.81999969482422,77.81999969482422,177700,0.0,0.0
2023-11-10 00:00:00-05:00,78.37999725341797,78.97000122070312,77.37999725341797,78.70999908447266,78.70999908447266,134800,0.0,0.0
2023-11-13 00:00:00-05:00,78.37000274658203,79.01000213623047,77.95999908447266,78.66999816894531,78.66999816894531,209400,0.0,0.0
2023-11-14 00:00:00-05:00,80.02999877929688,82.91000366210938,80.02999877929688,82.86000061035156,82.86000061035156,310500,0.0,0.0
2023-11-15 00:00:00-05:00,83.0,83.76000213623047,81.47000122070312,81.94000244140625,81.94000244140625,440900,0.0,0.0
2023-11-16 00:00:00-05:00,81.81999969482422,82.0,80.51000213623047,81.0999984741211,81.0999984741211,172500,0.0,0.0
2023-11-17 00:00:00-05:00,81.63999938964844,81.63999938964844,79.7699966430664,80.20999908447266,80.20999908447266,369900,0.0,0.0
2023-11-20 00:00:00-05:00,80.5999984741211,81.0999984741211,80.04000091552734,80.55000305175781,80.55000305175781,351600,0.0,0.0
2023-11-21 00:00:00-05:00,80.0999984741211,80.41999816894531,79.69000244140625,80.01000213623047,80.01000213623047,223800,0.0,0.0
2023-11-22 00:00:00-05:00,80.30000305175781,80.77999877929688,79.27999877929688,79.54000091552734,79.54000091552734,262900,0.0,0.0
2023-11-24 00:00:00-05:00,79.5,80.0999984741211,79.5,79.87000274658203,79.87000274658203,94000,0.0,0.0
2023-11-27 00:00:00-05:00,80.94000244140625,80.94000244140625,79.19999694824219,79.69000244140625,79.69000244140625,240500,0.0,0.0
2023-11-28 00:00:00-05:00,79.5199966430664,80.22000122070312,79.16000366210938,79.94000244140625,79.94000244140625,366800,0.0,0.0
2023-11-29 00:00:00-05:00,80.47000122070312,80.7300033569336,79.47000122070312,79.75,79.75,350700,0.0,0.0
2023-11-30 00:00:00-05:00,79.80000305175781,81.2699966430664,79.47000122070312,80.87999725341797,80.87999725341797,241000,0.0,0.0
2023-12-01 00:00:00-05:00,80.9000015258789,84.23999786376953,80.9000015258789,83.62000274658203,83.62000274658203,286900,0.0,0.0
2023-12-04 00:00:00-05:00,83.25,85.0199966430664,83.25,85.01000213623047,85.01000213623047,277200,0.0,0.0
2023-12-05 00:00:00-05:00,85.0199966430664,85.12000274658203,84.13999938964844,84.31999969482422,84.31999969482422,204300,0.0,0.0
2023-12-06 00:00:00-05:00,84.5999984741211,84.98999786376953,84.12999725341797,84.37999725341797,84.37999725341797,199400,0.0,0.0
2023-12-07 00:00:00-05:00,84.76000213623047,84.94000244140625,83.62000274658203,84.29000091552734,84.29000091552734,249200,0.0,0.0
2023-12-08 00:00:00-05:00,84.12000274658203,84.87000274658203,83.2699966430664,83.97000122070312,83.97000122070312,266900,0.0,0.0
2023-12-11 00:00:00-05:00,84.26000213623047,84.58000183105469,83.52999877929688,83.81999969482422,83.81999969482422,236300,0.0,0.0
2023-12-12 00:00:00-05:00,84.13999938964844,86.68000030517578,83.80999755859375,85.88999938964844,85.88999938964844,291900,0.0,0.0
2023-12-13 00:00:00-05:00,85.88999938964844,89.0999984741211,85.88999938964844,88.70999908447266,88.70999908447266,482700,0.0,0.0
2023-12-14 00:00:00-05:00,89.1500015258789,89.8499984741211,86.58999633789062,87.44000244140625,87.44000244140625,337800,0.0,0.0
2023-12-15 00:00:00-05:00,87.83999633789062,87.83999633789062,85.56999969482422,86.43000030517578,86.43000030517578,517400,0.0,0.0
2023-12-18 00:00:00-05:00,86.87999725341797,88.0,86.26000213623047,87.69999694824219,87.69999694824219,247200,0.0,0.0
2023-12-19 00:00:00-05:00,87.80999755859375,88.23999786376953,86.2300033569336,86.7300033569336,86.7300033569336,237300,0.0,0.0
2023-12-20 00:00:00-05:00,86.44000244140625,87.76000213623047,85.94999694824219,85.98999786376953,85.98999786376953,220500,0.0,0.0
2023-12-21 00:00:00-05:00,86.20999908447266,86.88999938964844,85.04000091552734,86.0,86.0,279200,0.0,0.0
2023-12-22 00:00:00-05:00,86.55999755859375,86.75,85.58000183105469,86.12000274658203,86.12000274658203,192800,0.0,0.0
2023-12-26 00:00:00-05:00,86.16999816894531,86.37000274658203,85.54000091552734,85.94999694824219,85.94999694824219,279500,0.0,0.0
2023-12-27 00:00:00-05:00,85.76000213623047,86.06999969482422,85.2699966430664,85.61000061035156,85.61000061035156,208200,0.0,0.0
2023-12-28 00:00:00-05:00,85.38999938964844,86.45999908447266,85.38999938964844,86.0199966430664,86.0199966430664,196700,0.0,0.0
2023-12-29 00:00:00-05:00,86.0,86.37999725341797,85.3499984741211,85.45999908447266,85.45999908447266,284900,0.0,0.0
2024-01-02 00:00:00-05:00,84.9800033569336,86.0999984741211,84.47000122070312,84.68000030517578,84.68000030517578,265900,0.0,0.0
2024-01-03 00:00:00-05:00,84.69000244140625,84.69000244140625,81.87000274658203,81.9000015258789,81.9000015258789,383100,0.0,0.0
2024-01-04 00:00:00-05:00,82.45999908447266,82.58999633789062,80.91000366210938,81.13999938964844,81.13999938964844,425800,0.0,0.0
2024-01-05 00:00:00-05:00,80.37000274658203,81.30999755859375,80.04000091552734,81.02999877929688,81.02999877929688,347200,0.0,0.0
2024-01-08 00:00:00-05:00,80.8499984741211,83.30000305175781,80.80999755859375,83.18000030517578,83.18000030517578,289100,0.0,0.0
2024-01-09 00:00:00-05:00,82.18000030517578,83.94999694824219,82.16999816894531,83.41999816894531,83.41999816894531,311600,0.0,0.0
2024-01-10 00:00:00-05:00,82.94999694824219,83.81999969482422,82.80999755859375,83.27999877929688,83.27999877929688,345700,0.0,0.0
2024-01-11 00:00:00-05:00,83.02999877929688,84.2300033569336,82.80000305175781,84.02999877929688,84.02999877929688,339500,0.0,0.0
2024-01-12 00:00:00-05:00,84.7699966430664,85.69000244140625,84.26000213623047,85.62000274658203,85.62000274658203,192800,0.0,0.0
2024-01-16 00:00:00-05:00,84.94999694824219,85.4800033569336,83.31999969482422,83.62000274658203,83.62000274658203,191200,0.0,0.0
2024-01-17 00:00:00-05:00,83.08999633789062,84.36000061035156,82.83999633789062,84.0,84.0,274700,0.0,0.0
2024-01-18 00:00:00-05:00,84.12999725341797,84.30999755859375,83.5,84.16000366210938,84.16000366210938,318000,0.0,0.0
2024-01-19 00:00:00-05:00,84.5199966430664,84.73999786376953,83.5999984741211,84.55999755859375,84.55999755859375,208000,0.0,0.0
2024-01-22 00:00:00-05:00,84.83999633789062,85.88999938964844,84.83999633789062,85.55000305175781,85.55000305175781,194200,0.0,0.0
2024-01-23 00:00:00-05:00,86.45999908447266,86.45999908447266,85.05999755859375,85.62999725341797,85.62999725341797,151500,0.0,0.0
2024-01-24 00:00:00-05:00,86.30999755859375,86.30999755859375,84.62000274658203,84.94000244140625,84.94000244140625,286700,0.0,0.0
2024-01-25 00:00:00-05:00,85.72000122070312,85.72000122070312,84.55999755859375,84.83999633789062,84.83999633789062,298000,0.0,0.0
2024-01-26 00:00:00-05:00,85.37999725341797,86.0,84.70999908447266,85.63999938964844,85.63999938964844,215200,0.0,0.0
2024-01-29 00:00:00-05:00,85.56999969482422,86.44000244140625,85.23999786376953,86.41999816894531,86.41999816894531,148600,0.0,0.0
2024-01-30 00:00:00-05:00,86.33999633789062,86.7699966430664,85.80999755859375,86.5,86.5,275200,0.0,0.0
2024-01-31 00:00:00-05:00,86.51000213623047,86.76000213623047,85.33000183105469,85.33999633789062,85.33999633789062,462000,0.0,0.0
2024-02-01 00:00:00-05:00,85.8499984741211,86.66999816894531,84.80999755859375,86.66999816894531,86.66999816894531,302300,0.0,0.0
2024-02-02 00:00:00-05:00,85.6500015258789,87.48999786376953,85.44000244140625,87.23999786376953,87.23999786376953,220100,0.0,0.0
2024-02-05 00:00:00-05:00,86.30000305175781,86.4800033569336,85.7699966430664,86.16000366210938,86.16000366210938,196500,0.0,0.0
2024-02-06 00:00:00-05:00,85.73999786376953,87.62000274658203,85.73999786376953,87.51000213623047,87.51000213623047,203700,0.0,0.0
2024-02-07 00:00:00-05:00,87.91999816894531,88.05999755859375,87.0199966430664,87.26000213623047,87.26000213623047,242700,0.0,0.0
2024-02-08 00:00:00-05:00,86.93000030517578,87.9000015258789,86.62999725341797,87.27999877929688,87.27999877929688,261300,0.0,0.0
2024-02-09 00:00:00-05:00,87.61000061035156,89.37000274658203,87.0999984741211,89.27999877929688,89.27999877929688,291300,0.0,0.0
2024-02-12 00:00:00-05:00,88.88999938964844,89.66000366210938,87.91999816894531,89.19000244140625,89.19000244140625,364400,0.0,0.0
2024-02-13 00:00:00-05:00,87.62999725341797,89.27999877929688,87.22000122070312,87.75,87.75,375300,0.0,0.0
2024-02-14 00:00:00-05:00,88.62000274658203,92.0,88.62000274658203,91.95999908447266,91.95999908447266,442700,0.0,0.0
2024-02-15 00:00:00-05:00,92.16000366210938,92.8499984741211,89.48999786376953,92.80000305175781,92.80000305175781,379200,0.0,0.0
2024-02-16 00:00:00-05:00,91.30000305175781,92.11000061035156,84.44999694824219,91.83000183105469,91.83000183105469,1086000,0.0,0.0
2024-02-20 00:00:00-05:00,91.66000366210938,92.45999908447266,90.06999969482422,90.70999908447266,90.70999908447266,422000,0.0,0.0
2024-02-21 00:00:00-05:00,90.5999984741211,91.3499984741211,90.02999877929688,90.68000030517578,90.68000030517578,302400,0.0,0.0
2024-02-22 00:00:00-05:00,90.4800033569336,91.45999908447266,90.4800033569336,91.2300033569336,91.2300033569336,300500,0.0,0.0
2024-02-23 00:00:00-05:00,91.30999755859375,92.9800033569336,91.0199966430664,92.36000061035156,92.36000061035156,226900,0.0,0.0
2024-02-26 00:00:00-05:00,92.12000274658203,93.11000061035156,90.8499984741211,91.25,91.25,242000,0.0,0.0
2024-02-27 00:00:00-05:00,91.76000213623047,92.16999816894531,90.55999755859375,91.04000091552734,91.04000091552734,178500,0.0,0.0
2024-02-28 00:00:00-05:00,90.4800033569336,91.41999816894531,90.08000183105469,90.25,90.25,280900,0.0,0.0
2024-02-29 00:00:00-05:00,91.33999633789062,91.37000274658203,88.88999938964844,90.0999984741211,90.0999984741211,276200,0.0,0.0
2024-03-01 00:00:00-05:00,90.08000183105469,91.13999938964844,89.69999694824219,91.11000061035156,91.11000061035156,314400,0.0,0.0
2024-03-04 00:00:00-05:00,91.23999786376953,92.4800033569336,90.94000244140625,92.2300033569336,92.2300033569336,276100,0.0,0.0
2024-03-05 00:00:00-05:00,92.33000183105469,92.87000274658203,91.31999969482422,92.3499984741211,92.3499984741211,375600,0.0,0.0
2024-03-06 00:00:00-05:00,92.3499984741211,93.1500015258789,90.95999908447266,93.11000061035156,93.11000061035156,249600,0.0,0.0
2024-03-07 00:00:00-05:00,93.66000366210938,94.22000122070312,93.12999725341797,94.22000122070312,94.22000122070312,261100,0.0,0.0
2024-03-08 00:00:00-05:00,94.91999816894531,95.70999908447266,93.19000244140625,93.2699966430664,93.2699966430664,297400,0.0,0.0
2024-03-11 00:00:00-04:00,93.11000061035156,93.8499984741211,92.05999755859375,93.81999969482422,93.81999969482422,223500,0.0,0.0
2024-03-12 00:00:00-04:00,93.5,94.23999786376953,93.0999984741211,93.87000274658203,93.87000274658203,194800,0.0,0.0
2024-03-13 00:00:00-04:00,93.68000030517578,94.87000274658203,93.47000122070312,94.86000061035156,94.86000061035156,226100,0.0,0.0
2024-03-14 00:00:00-04:00,95.0,95.41000366210938,93.76000213623047,94.48999786376953,94.48999786376953,369000,0.0,0.0
2024-03-15 00:00:00-04:00,94.8499984741211,96.0999984741211,94.41999816894531,96.06999969482422,96.06999969482422,445700,0.0,0.0
2024-03-18 00:00:00-04:00,95.87999725341797,97.04000091552734,95.87999725341797,96.45999908447266,96.45999908447266,285400,0.0,0.0
2024-03-19 00:00:00-04:00,96.6500015258789,97.38999938964844,96.47000122070312,97.22000122070312,97.22000122070312,265100,0.0,0.0
2024-03-20 00:00:00-04:00,97.2300033569336,98.22000122070312,96.61000061035156,97.5,97.5,260000,0.0,0.0
2024-03-21 00:00:00-04:00,97.5,99.38999938964844,96.97000122070312,98.69000244140625,98.69000244140625,231300,0.0,0.0
2024-03-22 00:00:00-04:00,99.0,99.05999755859375,97.02999877929688,97.0999984741211,97.0999984741211,230700,0.0,0.0
2024-03-25 00:00:00-04:00,97.5,98.16000366210938,96.38999938964844,96.38999938964844,96.38999938964844,198300,0.0,0.0
2024-03-26 00:00:00-04:00,96.80000305175781,96.80000305175781,95.73999786376953,96.11000061035156,96.11000061035156,213100,0.0,0.0
2024-03-27 00:00:00-04:00,96.68000030517578,98.88999938964844,96.68000030517578,98.77999877929688,98.77999877929688,315400,0.0,0.0
2024-03-28 00:00:00-04:00,99.0199966430664,100.29000091552734,98.54000091552734,98.87000274658203,98.87000274658203,316300,0.0,0.0
2024-04-01 00:00:00-04:00,99.0999984741211,99.0999984741211,96.76000213623047,97.25,97.25,179300,0.0,0.0
2024-04-02 00:00:00-04:00,96.37999725341797,97.19999694824219,94.52999877929688,95.04000091552734,95.04000091552734,365300,0.0,0.0
2024-04-03 00:00:00-04:00,94.48999786376953,95.52999877929688,94.16999816894531,94.27999877929688,94.27999877929688,443300,0.0,0.0
2024-04-04 00:00:00-04:00,94.88999938964844,95.66000366210938,93.43000030517578,93.86000061035156,93.86000061035156,285900,0.0,0.0
2024-04-05 00:00:00-04:00,93.58000183105469,94.95999908447266,93.58000183105469,94.48999786376953,94.48999786376953,215400,0.0,0.0
2024-04-08 00:00:00-04:00,94.51000213623047,96.01000213623047,94.4000015258789,95.66000366210938,95.66000366210938,177300,0.0,0.0
2024-04-09 00:00:00-04:00,96.22000122070312,96.93000030517578,95.55999755859375,96.72000122070312,96.72000122070312,185000,0.0,0.0
2024-04-10 00:00:00-04:00,94.7300033569336,96.97000122070312,94.38999938964844,96.63999938964844,96.63999938964844,280900,0.0,0.0
2024-04-11 00:00:00-04:00,96.7699966430664,97.72000122070312,96.2699966430664,97.18000030517578,97.18000030517578,248300,0.0,0.0
2024-04-12 00:00:00-04:00,96.55999755859375,97.33999633789062,94.04000091552734,95.23999786376953,95.23999786376953,371000,0.0,0.0
2024-04-15 00:00:00-04:00,95.55000305175781,95.87000274658203,94.44999694824219,95.63999938964844,95.63999938964844,279300,0.0,0.0
2024-04-16 00:00:00-04:00,95.63999938964844,96.16999816894531,94.20999908447266,94.30999755859375,94.30999755859375,238000,0.0,0.0
2024-04-17 00:00:00-04:00,94.94999694824219,94.94999694824219,92.4000015258789,92.44999694824219,92.44999694824219,339300,0.0,0.0
2024-04-18 00:00:00-04:00,92.5199966430664,93.04000091552734,92.06999969482422,92.37000274658203,92.37000274658203,232700,0.0,0.0
2024-04-19 00:00:00-04:00,92.44999694824219,93.62000274658203,92.11000061035156,93.43000030517578,93.43000030517578,219100,0.0,0.0
2024-04-22 00:00:00-04:00,93.80999755859375,94.87000274658203,93.52999877929688,94.08999633789062,94.08999633789062,156100,0.0,0.0
2024-04-23 00:00:00-04:00,94.6500015258789,96.0199966430664,93.2300033569336,95.43000030517578,95.43000030517578,165000,0.0,0.0
2024-04-24 00:00:00-04:00,95.16000366210938,96.30000305175781,94.13999938964844,94.98999786376953,94.98999786376953,187700,0.0,0.0
2024-04-25 00:00:00-04:00,94.72000122070312,94.93000030517578,93.58999633789062,94.31999969482422,94.31999969482422,317300,0.0,0.0
2024-04-26 00:00:00-04:00,93.3499984741211,93.3499984741211,86.41000366210938,90.05999755859375,90.05999755859375,607200,0.0,0.0
2024-04-29 00:00:00-04:00,89.61000061035156,91.73999786376953,88.86000061035156,90.81999969482422,90.81999969482422,301900,0.0,0.0
2024-04-30 00:00:00-04:00,90.66999816894531,91.30999755859375,90.08000183105469,90.4000015258789,90.4000015258789,210200,0.0,0.0
2024-05-01 00:00:00-04:00,90.19000244140625,90.9000015258789,88.88999938964844,90.18000030517578,90.18000030517578,228400,0.0,0.0
2024-05-02 00:00:00-04:00,90.91000366210938,91.72000122070312,90.12000274658203,91.55000305175781,91.55000305175781,171400,0.0,0.0
2024-05-03 00:00:00-04:00,92.4800033569336,93.0,91.13999938964844,91.62000274658203,91.62000274658203,232300,0.0,0.0
2024-05-06 00:00:00-04:00,91.80999755859375,94.30000305175781,91.80999755859375,94.27999877929688,94.27999877929688,183200,0.0,0.0
2024-05-07 00:00:00-04:00,94.8499984741211,95.37000274658203,94.08999633789062,95.3499984741211,95.3499984741211,247100,0.0,0.0
2024-05-08 00:00:00-04:00,94.9000015258789,96.04000091552734,94.9000015258789,95.62000274658203,95.62000274658203,243300,0.0,0.0
2024-05-09 00:00:00-04:00,95.80999755859375,96.8499984741211,95.04000091552734,96.77999877929688,96.77999877929688,193900,0.0,0.0
2024-05-10 00:00:00-04:00,97.06999969482422,97.72000122070312,96.88999938964844,97.51000213623047,97.51000213623047,237400,0.0,0.0
2024-05-13 00:00:00-04:00,98.27999877929688,98.27999877929688,95.68000030517578,96.47000122070312,96.47000122070312,270600,0.0,0.0
2024-05-14 00:00:00-04:00,97.33999633789062,98.44999694824219,96.66000366210938,97.62999725341797,97.62999725341797,218400,0.0,0.0
2024-05-15 00:00:00-04:00,98.4000015258789,98.63999938964844,96.02999877929688,97.61000061035156,97.61000061035156,226900,0.0,0.0
2024-05-16 00:00:00-04:00,97.86000061035156,98.3499984741211,96.9000015258789,97.62000274658203,97.62000274658203,137200,0.0,0.0
2024-05-17 00:00:00-04:00,97.66000366210938,98.68000030517578,97.19000244140625,98.55000305175781,98.55000305175781,130800,0.0,0.0
2024-05-20 00:00:00-04:00,98.33000183105469,100.27999877929688,98.0,100.26000213623047,100.26000213623047,210200,0.0,0.0
2024-05-21 00:00:00-04:00,99.9800033569336,100.41999816894531,98.3499984741211,98.80999755859375,98.80999755859375,296900,0.0,0.0
2024-05-22 00:00:00-04:00,98.52999877929688,99.08000183105469,97.83999633789062,98.87000274658203,98.87000274658203,272000,0.0,0.0
2024-05-23 00:00:00-04:00,98.80999755859375,99.61000061035156,97.19000244140625,97.86000061035156,97.86000061035156,270100,0.0,0.0
2024-05-24 00:00:00-04:00,98.01000213623047,99.75,97.2699966430664,99.75,99.75,144600,0.0,0.0
2024-05-28 00:00:00-04:00,99.98999786376953,99.98999786376953,98.68000030517578,99.43000030517578,99.43000030517578,320700,0.0,0.0
2024-05-29 00:00:00-04:00,98.4800033569336,99.02999877929688,97.52999877929688,98.11000061035156,98.11000061035156,321100,0.0,0.0
2024-05-30 00:00:00-04:00,98.47000122070312,99.52999877929688,98.27999877929688,99.25,99.25,201600,0.0,0.0
2024-05-31 00:00:00-04:00,99.43000030517578,100.73999786376953,98.30999755859375,100.58999633789062,100.58999633789062,302200,0.0,0.0
2024-06-03 00:00:00-04:00,101.9000015258789,101.98999786376953,97.73999786376953,98.91999816894531,98.91999816894531,425600,0.0,0.0
2024-06-04 00:00:00-04:00,98.63999938964844,99.26000213623047,97.08999633789062,97.4800033569336,97.4800033569336,402600,0.0,0.0
2024-06-05 00:00:00-04:00,97.76000213623047,100.0,96.54000091552734,98.33000183105469,98.33000183105469,344800,0.0,0.0
2024-06-06 00:00:00-04:00,98.37000274658203,99.04000091552734,95.87000274658203,96.47000122070312,96.47000122070312,332000,0.0,0.0
2024-06-07 00:00:00-04:00,96.12000274658203,96.41999816894531,95.05999755859375,95.36000061035156,95.36000061035156,188900,0.0,0.0
2024-06-10 00:00:00-04:00,95.08000183105469,96.47000122070312,95.08000183105469,95.95999908447266,95.95999908447266,158100,0.0,0.0
2024-06-11 00:00:00-04:00,95.33999633789062,96.08999633789062,94.75,95.05999755859375,95.05999755859375,189900,0.0,0.0
2024-06-12 00:00:00-04:00,96.61000061035156,97.88999938964844,96.37999725341797,97.13999938964844,97.13999938964844,308900,0.0,0.0
2024-06-13 00:00:00-04:00,96.56999969482422,97.37000274658203,95.9000015258789,96.91999816894531,96.91999816894531,137800,0.0,0.0
2024-06-14 00:00:00-04:00,96.05999755859375,96.87000274658203,95.4800033569336,96.37999725341797,96.37999725341797,201000,0.0,0.0
2024-06-17 00:00:00-04:00,96.05000305175781,98.93000030517578,95.88999938964844,98.58999633789062,98.58999633789062,258700,0.0,0.0
2024-06-18 00:00:00-04:00,98.91000366210938,100.30000305175781,98.23999786376953,99.48999786376953,99.48999786376953,341500,0.0,0.0
2024-06-20 00:00:00-04:00,98.83000183105469,99.69000244140625,97.55000305175781,98.33000183105469,98.33000183105469,262500,0.0,0.0
2024-06-21 00:00:00-04:00,98.08000183105469,98.52999877929688,97.44999694824219,98.19999694824219,98.19999694824219,500500,0.0,0.0
2024-06-24 00:00:00-04:00,98.44999694824219,100.51000213623047,98.2699966430664,100.02999877929688,100.02999877929688,269000,0.0,0.0
2024-06-25 00:00:00-04:00,100.01000213623047,100.51000213623047,98.9000015258789,99.33000183105469,99.33000183105469,254900,0.0,0.0
2024-06-26 00:00:00-04:00,99.01000213623047,99.73999786376953,98.05000305175781,98.44000244140625,98.44000244140625,345800,0.0,0.0
2024-06-27 00:00:00-04:00,99.04000091552734,99.87000274658203,98.44000244140625,99.79000091552734,99.79000091552734,229000,0.0,0.0
2024-06-28 00:00:00-04:00,100.11000061035156,100.97000122070312,99.05000305175781,99.22000122070312,99.22000122070312,731500,0.0,0.0
2024-07-01 00:00:00-04:00,99.51000213623047,100.05999755859375,95.63999938964844,96.58999633789062,96.58999633789062,333700,0.0,0.0
2024-07-02 00:00:00-04:00,96.95999908447266,97.0999984741211,95.87999725341797,96.86000061035156,96.86000061035156,224100,0.0,0.0
2024-07-03 00:00:00-04:00,97.37000274658203,98.47000122070312,96.87000274658203,97.98999786376953,97.98999786376953,85100,0.0,0.0
2024-07-05 00:00:00-04:00,97.69000244140625,98.37000274658203,96.73999786376953,97.93000030517578,97.93000030517578,137700,0.0,0.0
2024-07-08 00:00:00-04:00,98.37000274658203,100.16000366210938,98.0999984741211,100.05999755859375,100.05999755859375,304500,0.0,0.0
2024-07-09 00:00:00-04:00,100.44000244140625,101.04000091552734,99.61000061035156,100.29000091552734,100.29000091552734,279300,0.0,0.0
2024-07-10 00:00:00-04:00,100.11000061035156,102.0,98.91000366210938,101.63999938964844,101.63999938964844,275400,0.0,0.0
2024-07-11 00:00:00-04:00,103.58999633789062,104.77999877929688,101.16999816894531,101.6500015258789,101.6500015258789,463000,0.0,0.0
2024-07-12 00:00:00-04:00,102.79000091552734,103.20999908447266,101.45999908447266,102.98999786376953,102.98999786376953,368300,0.0,0.0
2024-07-15 00:00:00-04:00,103.36000061035156,106.06999969482422,103.16000366210938,105.26000213623047,105.26000213623047,511100,0.0,0.0
2024-07-16 00:00:00-04:00,105.9800033569336,107.19000244140625,105.20999908447266,105.37999725341797,105.37999725341797,610400,0.0,0.0
2024-07-17 00:00:00-04:00,105.04000091552734,107.77999877929688,104.62999725341797,106.76000213623047,106.76000213623047,635500,0.0,0.0
2024-07-18 00:00:00-04:00,106.63999938964844,107.43000030517578,106.04000091552734,106.37999725341797,106.37999725341797,310300,0.0,0.0
2024-07-19 00:00:00-04:00,106.47000122070312,107.37000274658203,105.12000274658203,106.19000244140625,106.19000244140625,179900,0.0,0.0
2024-07-22 00:00:00-04:00,106.5199966430664,108.58999633789062,105.66000366210938,107.72000122070312,107.72000122070312,311600,0.0,0.0
2024-07-23 00:00:00-04:00,107.5999984741211,108.06999969482422,105.54000091552734,105.7300033569336,105.7300033569336,385400,0.0,0.0
2024-07-24 00:00:00-04:00,105.62999725341797,107.41000366210938,105.06999969482422,105.47000122070312,105.47000122070312,345400,0.0,0.0
2024-07-25 00:00:00-04:00,105.72000122070312,106.25,101.69999694824219,101.7699966430664,101.7699966430664,448600,0.0,0.0
2024-07-26 00:00:00-04:00,103.01000213623047,103.23999786376953,101.5,101.91999816894531,101.91999816894531,431400,0.0,0.0
2024-07-29 00:00:00-04:00,102.58000183105469,103.29000091552734,101.69000244140625,102.4000015258789,102.4000015258789,623300,0.0,0.0
2024-07-30 00:00:00-04:00,102.94999694824219,105.63999938964844,102.16999816894531,102.63999938964844,102.63999938964844,641900,0.0,0.0
2024-07-31 00:00:00-04:00,103.20999908447266,105.02999877929688,102.37000274658203,103.55999755859375,103.55999755859375,474200,0.0,0.0
2024-08-01 00:00:00-04:00,103.11000061035156,104.02999877929688,100.22000122070312,102.29000091552734,102.29000091552734,602800,0.0,0.0
2024-08-02 00:00:00-04:00,96.06999969482422,105.52999877929688,91.01000213623047,105.45999908447266,105.45999908447266,680200,0.0,0.0
2024-08-05 00:00:00-04:00,105.0999984741211,105.38999938964844,100.98999786376953,101.83000183105469,101.83000183105469,472300,0.0,0.0
2024-08-06 00:00:00-04:00,101.69000244140625,104.36000061035156,100.93000030517578,101.9800033569336,101.9800033569336,331200,0.0,0.0
2024-08-07 00:00:00-04:00,102.30000305175781,104.70999908447266,102.0199966430664,102.9800033569336,102.9800033569336,268000,0.0,0.0
2024-08-08 00:00:00-04:00,103.80000305175781,104.87000274658203,102.87999725341797,103.86000061035156,103.86000061035156,192000,0.0,0.0
2024-08-09 00:00:00-04:00,104.06999969482422,104.06999969482422,102.7300033569336,103.22000122070312,103.22000122070312,183600,0.0,0.0
2024-08-12 00:00:00-04:00,103.0,103.22000122070312,101.9000015258789,102.27999877929688,102.27999877929688,216400,0.0,0.0
2024-08-13 00:00:00-04:00,103.26000213623047,103.79000091552734,102.1500015258789,103.41999816894531,103.41999816894531,189600,0.0,0.0
2024-08-14 00:00:00-04:00,103.80999755859375,103.97000122070312,102.95999908447266,103.56999969482422,103.56999969482422,172600,0.0,0.0
2024-08-15 00:00:00-04:00,104.94999694824219,106.25,104.16999816894531,105.37999725341797,105.37999725341797,180100,0.0,0.0
2024-08-16 00:00:00-04:00,105.0999984741211,105.94000244140625,104.7699966430664,105.12000274658203,105.12000274658203,119800,0.0,0.0
2024-08-19 00:00:00-04:00,104.91000366210938,105.87000274658203,104.2300033569336,105.83999633789062,105.83999633789062,140800,0.0,0.0
2024-08-20 00:00:00-04:00,105.91000366210938,106.22000122070312,104.80000305175781,106.01000213623047,106.01000213623047,195000,0.0,0.0
2024-08-21 00:00:00-04:00,106.69000244140625,106.69000244140625,104.72000122070312,105.62000274658203,105.62000274658203,247300,0.0,0.0
2024-08-22 00:00:00-04:00,105.86000061035156,106.19000244140625,105.08000183105469,105.25,105.25,182900,0.0,0.0
2024-08-23 00:00:00-04:00,105.87999725341797,107.37000274658203,105.23999786376953,107.0999984741211,107.0999984741211,237400,0.0,0.0
2024-08-26 00:00:00-04:00,107.94999694824219,108.62000274658203,107.12000274658203,107.58000183105469,107.58000183105469,234000,0.0,0.0
2024-08-27 00:00:00-04:00,107.30000305175781,107.68000030517578,105.81999969482422,105.87999725341797,105.87999725341797,160800,0.0,0.0
2024-08-28 00:00:00-04:00,105.94000244140625,107.19999694824219,105.94000244140625,106.83000183105469,106.83000183105469,113800,0.0,0.0
2024-08-29 00:00:00-04:00,107.11000061035156,107.98999786376953,106.33000183105469,106.70999908447266,106.70999908447266,165900,0.0,0.0
2024-08-30 00:00:00-04:00,107.06999969482422,108.04000091552734,106.22000122070312,107.86000061035156,107.86000061035156,128100,0.0,0.0
2024-09-03 00:00:00-04:00,107.62999725341797,107.62999725341797,104.4000015258789,104.75,104.75,236200,0.0,0.0
2024-09-04 00:00:00-04:00,104.75,105.43000030517578,104.3499984741211,105.23999786376953,105.23999786376953,153900,0.0,0.0
2024-09-05 00:00:00-04:00,105.19999694824219,105.19999694824219,103.41999816894531,104.69999694824219,104.69999694824219,159800,0.0,0.0
2024-09-06 00:00:00-04:00,104.9800033569336,105.43000030517578,103.08000183105469,103.55000305175781,103.55000305175781,216900,0.0,0.0
2024-09-09 00:00:00-04:00,104.4000015258789,105.8499984741211,103.56999969482422,105.37000274658203,105.37000274658203,205200,0.0,0.0
2024-09-10 00:00:00-04:00,105.83999633789062,106.41000366210938,104.0999984741211,105.19000244140625,105.19000244140625,322200,0.0,0.0
2024-09-11 00:00:00-04:00,104.55999755859375,105.13999938964844,102.37999725341797,104.75,104.75,192500,0.0,0.0
2024-09-12 00:00:00-04:00,105.05000305175781,106.52999877929688,103.95999908447266,106.41000366210938,106.41000366210938,160100,0.0,0.0
2024-09-13 00:00:00-04:00,107.3499984741211,108.4800033569336,106.2300033569336,108.05999755859375,108.05999755859375,165800,0.0,0.0
2024-09-16 00:00:00-04:00,108.37999725341797,108.73999786376953,107.56999969482422,108.4000015258789,108.4000015258789,170300,0.0,0.0
2024-09-17 00:00:00-04:00,108.68000030517578,109.08999633789062,106.68000030517578,106.7300033569336,106.7300033569336,218400,0.0,0.0
2024-09-18 00:00:00-04:00,101.36000061035156,101.94000244140625,99.9000015258789,100.55999755859375,100.55999755859375,3232100,0.0,0.0
2024-09-19 00:00:00-04:00,102.0,102.0199966430664,100.91999816894531,101.2300033569336,101.2300033569336,995900,0.0,0.0
2024-09-20 00:00:00-04:00,101.7300033569336,101.73999786376953,98.33000183105469,99.83000183105469,99.83000183105469,1511300,0.0,0.0
2024-09-23 00:00:00-04:00,100.19999694824219,100.9000015258789,99.30999755859375,100.0999984741211,100.0999984741211,474400,0.0,0.0
2024-09-24 00:00:00-04:00,99.8499984741211,100.66000366210938,98.88999938964844,100.12999725341797,100.12999725341797,408100,0.0,0.0
2024-09-25 00:00:00-04:00,100.1500015258789,100.19000244140625,99.3499984741211,100.01000213623047,100.01000213623047,406700,0.0,0.0
2024-09-26 00:00:00-04:00,100.37999725341797,100.68000030517578,98.2300033569336,98.26000213623047,98.26000213623047,327100,0.0,0.0
2024-09-27 00:00:00-04:00,98.41999816894531,99.88999938964844,98.33000183105469,98.36000061035156,98.36000061035156,520400,0.0,0.0
2024-09-30 00:00:00-04:00,98.05999755859375,99.62999725341797,97.68000030517578,99.48999786376953,99.48999786376953,322400,0.0,0.0
2024-10-01 00:00:00-04:00,99.0999984741211,99.4800033569336,97.66000366210938,98.5199966430664,98.5199966430664,302200,0.0,0.0
2024-10-02 00:00:00-04:00,98.37000274658203,98.69000244140625,97.7699966430664,98.26000213623047,98.26000213623047,173300,0.0,0.0
2024-10-03 00:00:00-04:00,98.26000213623047,99.80999755859375,97.79000091552734,99.25,99.25,273600,0.0,0.0
2024-10-04 00:00:00-04:00,99.97000122070312,100.1500015258789,98.83999633789062,98.94999694824219,98.94999694824219,202400,0.0,0.0
2024-10-07 00:00:00-04:00,98.2699966430664,98.2699966430664,97.05000305175781,97.5,97.5,283100,0.0,0.0
2024-10-08 00:00:00-04:00,98.12000274658203,98.79000091552734,97.2699966430664,98.30000305175781,98.30000305175781,263300,0.0,0.0
2024-10-09 00:00:00-04:00,98.2699966430664,99.94999694824219,97.47000122070312,99.2300033569336,99.2300033569336,263700,0.0,0.0
2024-10-10 00:00:00-04:00,98.43000030517578,99.1500015258789,97.83999633789062,99.0199966430664,99.0199966430664,328500,0.0,0.0
2024-10-11 00:00:00-04:00,98.9800033569336,101.04000091552734,98.80999755859375,101.01000213623047,101.01000213623047,415700,0.0,0.0
2024-10-14 00:00:00-04:00,100.87999725341797,102.37000274658203,100.87999725341797,102.16999816894531,102.16999816894531,364300,0.0,0.0
2024-10-15 00:00:00-04:00,102.61000061035156,104.22000122070312,102.61000061035156,103.88999938964844,103.88999938964844,415100,0.0,0.0
2024-10-16 00:00:00-04:00,104.43000030517578,105.62000274658203,104.30000305175781,105.62000274658203,105.62000274658203,532600,0.0,0.0
2024-10-17 00:00:00-04:00,105.88999938964844,106.47000122070312,105.31999969482422,106.30000305175781,106.30000305175781,331600,0.0,0.0
2024-10-18 00:00:00-04:00,106.12000274658203,106.55000305175781,103.55000305175781,104.06999969482422,104.06999969482422,404900,0.0,0.0
2024-10-21 00:00:00-04:00,104.47000122070312,105.04000091552734,103.16000366210938,104.0999984741211,104.0999984741211,366900,0.0,0.0
2024-10-22 00:00:00-04:00,103.55000305175781,104.11000061035156,102.86000061035156,103.13999938964844,103.13999938964844,236900,0.0,0.0
2024-10-23 00:00:00-04:00,102.72000122070312,103.38999938964844,102.5199966430664,103.13999938964844,103.13999938964844,292600,0.0,0.0
2024-10-24 00:00:00-04:00,103.41000366210938,103.56999969482422,102.13999938964844,102.16000366210938,102.16000366210938,285500,0.0,0.0
2024-10-25 00:00:00-04:00,102.38999938964844,103.43000030517578,99.75,100.01000213623047,100.01000213623047,201400,0.0,0.0
2024-10-28 00:00:00-04:00,100.51000213623047,101.51000213623047,100.33000183105469,101.02999877929688,101.02999877929688,235300,0.0,0.0
2024-10-29 00:00:00-04:00,100.38999938964844,102.69999694824219,100.38999938964844,102.41000366210938,102.41000366210938,306600,0.0,0.0
2024-10-30 00:00:00-04:00,102.25,103.06999969482422,101.12999725341797,101.29000091552734,101.29000091552734,324100,0.0,0.0
2024-10-31 00:00:00-04:00,99.5,101.27999877929688,97.80000305175781,97.87999725341797,97.87999725341797,421400,0.0,0.0
2024-11-01 00:00:00-04:00,97.98999786376953,100.2300033569336,97.95999908447266,99.33999633789062,99.33999633789062,303400,0.0,0.0
2024-11-04 00:00:00-05:00,99.16000366210938,100.72000122070312,99.16000366210938,99.44999694824219,99.44999694824219,345500,0.0,0.0
2024-11-05 00:00:00-05:00,99.63999938964844,101.91000366210938,99.44999694824219,101.81999969482422,101.81999969482422,345500,0.0,0.0
2024-11-06 00:00:00-05:00,105.27999877929688,107.43000030517578,103.98999786376953,106.91000366210938,106.91000366210938,468100,0.0,0.0
2024-11-07 00:00:00-05:00,106.41000366210938,107.72000122070312,106.05999755859375,106.5,106.5,327800,0.0,0.0
2024-11-08 00:00:00-05:00,107.26000213623047,108.04000091552734,106.16000366210938,106.58999633789062,106.58999633789062,348400,0.0,0.0
2024-11-11 00:00:00-05:00,107.48999786376953,109.19000244140625,107.23999786376953,107.51000213623047,107.51000213623047,282600,0.0,0.0
2024-11-12 00:00:00-05:00,107.48999786376953,108.80000305175781,107.2699966430664,107.51000213623047,107.51000213623047,297300,0.0,0.0
2024-11-13 00:00:00-05:00,111.01000213623047,111.01000213623047,107.87000274658203,109.87999725341797,109.87999725341797,365500,0.0,0.0
2024-11-14 00:00:00-05:00,109.30999755859375,110.25,106.0,107.0199966430664,107.0199966430664,335500,0.0,0.0
2024-11-15 00:00:00-05:00,107.33000183105469,107.37000274658203,105.75,106.55000305175781,106.55000305175781,332300,0.0,0.0
2024-11-18 00:00:00-05:00,106.37999725341797,108.5199966430664,106.19999694824219,108.01000213623047,108.01000213623047,290500,0.0,0.0
2024-11-19 00:00:00-05:00,106.62999725341797,109.5,106.62999725341797,109.36000061035156,109.36000061035156,289500,0.0,0.0
2024-11-20 00:00:00-05:00,109.16000366210938,109.5199966430664,107.91000366210938,109.05000305175781,109.05000305175781,279600,0.0,0.0
2024-11-21 00:00:00-05:00,109.25,112.63999938964844,109.1500015258789,111.33000183105469,111.33000183105469,346700,0.0,0.0
2024-11-22 00:00:00-05:00,111.5999984741211,112.8499984741211,111.5199966430664,112.55999755859375,112.55999755859375,317900,0.0,0.0
2024-11-25 00:00:00-05:00,113.25,114.55999755859375,112.41000366210938,112.91000366210938,112.91000366210938,449900,0.0,0.0
2024-11-26 00:00:00-05:00,112.4000015258789,113.37000274658203,111.20999908447266,111.5,111.5,232600,0.0,0.0
2024-11-27 00:00:00-05:00,111.88999938964844,113.16999816894531,111.5999984741211,112.27999877929688,112.27999877929688,187300,0.0,0.0
2024-11-29 00:00:00-05:00,113.12999725341797,113.5199966430664,112.62000274658203,113.20999908447266,113.20999908447266,107700,0.0,0.0
2024-12-02 00:00:00-05:00,113.29000091552734,114.63999938964844,112.58000183105469,113.93000030517578,113.93000030517578,304800,0.0,0.0
2024-12-03 00:00:00-05:00,114.12999725341797,114.45999908447266,112.95999908447266,113.93000030517578,113.93000030517578,408400,0.0,0.0
2024-12-04 00:00:00-05:00,113.93000030517578,114.87999725341797,111.95999908447266,112.12000274658203,112.12000274658203,251000,0.0,0.0
2024-12-05 00:00:00-05:00,111.6500015258789,111.69999694824219,110.20999908447266,110.69000244140625,110.69000244140625,242000,0.0,0.0
2024-12-06 00:00:00-05:00,111.4800033569336,112.43000030517578,110.88999938964844,111.20999908447266,111.20999908447266,216700,0.0,0.0
2024-12-09 00:00:00-05:00,111.20999908447266,112.12999725341797,109.5,109.66999816894531,109.66999816894531,236100,0.0,0.0
2024-12-10 00:00:00-05:00,110.22000122070312,110.23999786376953,108.44999694824219,109.08999633789062,109.08999633789062,248500,0.0,0.0
2024-12-11 00:00:00-05:00,109.37000274658203,111.16999816894531,108.94999694824219,110.11000061035156,110.11000061035156,298200,0.0,0.0
2024-12-12 00:00:00-05:00,110.12999725341797,111.16999816894531,108.08999633789062,108.19999694824219,108.19999694824219,230300,0.0,0.0
2024-12-13 00:00:00-05:00,108.0,108.61000061035156,105.70999908447266,106.05999755859375,106.05999755859375,265700,0.0,0.0
2024-12-16 00:00:00-05:00,105.69999694824219,108.83000183105469,105.69999694824219,106.80999755859375,106.80999755859375,440800,0.0,0.0
2024-12-17 00:00:00-05:00,106.20999908447266,107.55000305175781,105.30000305175781,106.5,106.5,368200,0.0,0.0
2024-12-18 00:00:00-05:00,106.66000366210938,108.19999694824219,105.25,105.94999694824219,105.94999694824219,457400,0.0,0.0
2024-12-19 00:00:00-05:00,106.29000091552734,108.19000244140625,105.11000061035156,105.38999938964844,105.38999938964844,308300,0.0,0.0
2024-12-20 00:00:00-05:00,104.72000122070312,106.80000305175781,104.69000244140625,105.97000122070312,105.97000122070312,724500,0.0,0.0
2024-12-23 00:00:00-05:00,105.66999816894531,107.3499984741211,103.72000122070312,104.80999755859375,104.80999755859375,325500,0.0,0.0
2024-12-24 00:00:00-05:00,104.55000305175781,106.26000213623047,104.06999969482422,106.23999786376953,106.23999786376953,72100,0.0,0.0
2024-12-26 00:00:00-05:00,105.79000091552734,107.70999908447266,105.68000030517578,107.55000305175781,107.55000305175781,231700,0.0,0.0
2024-12-27 00:00:00-05:00,106.80999755859375,107.3499984741211,105.0199966430664,106.16000366210938,106.16000366210938,205000,0.0,0.0
2024-12-30 00:00:00-05:00,105.36000061035156,105.97000122070312,104.0,105.41999816894531,105.41999816894531,203500,0.0,0.0
2024-12-31 00:00:00-05:00,105.94999694824219,106.30000305175781,105.58000183105469,105.80999755859375,105.80999755859375,296800,0.0,0.0
2025-01-02 00:00:00-05:00,106.23999786376953,106.47000122070312,103.66999816894531,104.19999694824219,104.19999694824219,212800,0.0,0.0
2025-01-03 00:00:00-05:00,103.94999694824219,105.54000091552734,103.19999694824219,105.19999694824219,105.19999694824219,234400,0.0,0.0
2025-01-06 00:00:00-05:00,105.08999633789062,106.29000091552734,104.54000091552734,105.91000366210938,105.91000366210938,284400,0.0,0.0
2025-01-07 00:00:00-05:00,105.83000183105469,106.5199966430664,104.68000030517578,105.41999816894531,105.41999816894531,256400,0.0,0.0
2025-01-08 00:00:00-05:00,104.94000244140625,107.87999725341797,104.83999633789062,107.41999816894531,107.41999816894531,246300,0.0,0.0
2025-01-10 00:00:00-05:00,106.2699966430664,108.18000030517578,105.45999908447266,106.93000030517578,106.93000030517578,297700,0.0,0.0
2025-01-13 00:00:00-05:00,105.86000061035156,108.80000305175781,105.55000305175781,108.69000244140625,108.69000244140625,323300,0.0,0.0
2025-01-14 00:00:00-05:00,108.69999694824219,111.12000274658203,108.36000061035156,110.69000244140625,110.69000244140625,335900,0.0,0.0
2025-01-15 00:00:00-05:00,112.62000274658203,112.63999938964844,111.08999633789062,112.11000061035156,112.11000061035156,239700,0.0,0.0
2025-01-16 00:00:00-05:00,112.16000366210938,113.44999694824219,111.72000122070312,111.80000305175781,111.80000305175781,311900,0.0,0.0
2025-01-17 00:00:00-05:00,112.87999725341797,112.98999786376953,111.2300033569336,111.48999786376953,111.48999786376953,234200,0.0,0.0
2025-01-21 00:00:00-05:00,111.94999694824219,112.70999908447266,110.7300033569336,110.87000274658203,110.87000274658203,302400,0.0,0.0
2025-01-22 00:00:00-05:00,110.37000274658203,110.4000015258789,107.79000091552734,107.83000183105469,107.83000183105469,343400,0.0,0.0
2025-01-23 00:00:00-05:00,106.27999877929688,107.3499984741211,105.48999786376953,106.04000091552734,106.04000091552734,389100,0.0,0.0
2025-01-24 00:00:00-05:00,105.61000061035156,106.70999908447266,104.70999908447266,105.02999877929688,105.02999877929688,245900,0.0,0.0
2025-01-27 00:00:00-05:00,105.1500015258789,107.54000091552734,104.68000030517578,106.94999694824219,106.94999694824219,447300,0.0,0.0
2025-01-28 00:00:00-05:00,106.97000122070312,107.79000091552734,105.37000274658203,106.48999786376953,106.48999786376953,300800,0.0,0.0
2025-01-29 00:00:00-05:00,106.31999969482422,107.02999877929688,105.94000244140625,106.33000183105469,106.33000183105469,268100,0.0,0.0
2025-01-30 00:00:00-05:00,107.45999908447266,109.62999725341797,107.30000305175781,108.91000366210938,108.91000366210938,211300,0.0,0.0
2025-01-31 00:00:00-05:00,109.8499984741211,109.8499984741211,106.58999633789062,107.54000091552734,107.54000091552734,277300,0.0,0.0
2025-02-03 00:00:00-05:00,106.7300033569336,109.41999816894531,106.5,108.94000244140625,108.94000244140625,292200,0.0,0.0
2025-02-04 00:00:00-05:00,108.3499984741211,108.80000305175781,106.94999694824219,107.7699966430664,107.7699966430664,254100,0.0,0.0
2025-02-05 00:00:00-05:00,108.37999725341797,110.02999877929688,107.55000305175781,109.5999984741211,109.5999984741211,370900,0.0,0.0
2025-02-06 00:00:00-05:00,109.72000122070312,110.25,107.70999908447266,108.5199966430664,108.5199966430664,229200,0.0,0.0
2025-02-07 00:00:00-05:00,108.48999786376953,108.8499984741211,107.01000213623047,108.0,108.0,320100,0.0,0.0
2025-02-10 00:00:00-05:00,107.76000213623047,108.93000030517578,107.33999633789062,108.5199966430664,108.5199966430664,334400,0.0,0.0
2025-02-11 00:00:00-05:00,107.8499984741211,108.8499984741211,106.81999969482422,107.47000122070312,107.47000122070312,328300,0.0,0.0
2025-02-12 00:00:00-05:00,106.44000244140625,108.66999816894531,106.44000244140625,106.70999908447266,106.70999908447266,327900,0.0,0.0
2025-02-13 00:00:00-05:00,109.29000091552734,109.29000091552734,103.55999755859375,106.7699966430664,106.7699966430664,439000,0.0,0.0
2025-02-14 00:00:00-05:00,107.44000244140625,112.37000274658203,107.44000244140625,111.36000061035156,111.36000061035156,518600,0.0,0.0
2025-02-18 00:00:00-05:00,111.91000366210938,115.12000274658203,111.37000274658203,115.01000213623047,115.01000213623047,643800,0.0,0.0
2025-02-19 00:00:00-05:00,114.91999816894531,115.91999816894531,113.91999816894531,115.86000061035156,115.86000061035156,555200,0.0,0.0
2025-02-20 00:00:00-05:00,115.37000274658203,115.97000122070312,114.7699966430664,115.69999694824219,115.69999694824219,418700,0.0,0.0
2025-02-21 00:00:00-05:00,116.30999755859375,116.30999755859375,113.66999816894531,113.98999786376953,113.98999786376953,312700,0.0,0.0
2025-02-24 00:00:00-05:00,114.41000366210938,114.7300033569336,111.83999633789062,111.9800033569336,111.9800033569336,333700,0.0,0.0
2025-02-25 00:00:00-05:00,112.66000366210938,112.9800033569336,111.0199966430664,111.13999938964844,111.13999938964844,420900,0.0,0.0
2025-02-26 00:00:00-05:00,110.37000274658203,111.80999755859375,108.9800033569336,109.05999755859375,109.05999755859375,360700,0.0,0.0
2025-02-27 00:00:00-05:00,108.58999633789062,110.29000091552734,107.87000274658203,107.91999816894531,107.91999816894531,478300,0.0,0.0
2025-02-28 00:00:00-05:00,108.05000305175781,112.20999908447266,108.05000305175781,112.0199966430664,112.0199966430664,465500,0.0,0.0
2025-03-03 00:00:00-05:00,112.0199966430664,114.3499984741211,112.0199966430664,113.76000213623047,113.76000213623047,417100,0.0,0.0
2025-03-04 00:00:00-05:00,113.55999755859375,115.69999694824219,112.94000244140625,113.7300033569336,113.7300033569336,665300,0.0,0.0
2025-03-05 00:00:00-05:00,113.36000061035156,113.80000305175781,109.55999755859375,111.62000274658203,111.62000274658203,563100,0.0,0.0
2025-03-06 00:00:00-05:00,110.87999725341797,110.87999725341797,108.29000091552734,109.77999877929688,109.77999877929688,438100,0.0,0.0
2025-03-07 00:00:00-05:00,109.83000183105469,112.79000091552734,108.77999877929688,112.47000122070312,112.47000122070312,481000,0.0,0.0
2025-03-10 00:00:00-04:00,111.43000030517578,112.91999816894531,107.30999755859375,108.94000244140625,108.94000244140625,507300,0.0,0.0
2025-03-11 00:00:00-04:00,109.26000213623047,110.13999938964844,106.76000213623047,107.30999755859375,107.30999755859375,320300,0.0,0.0
2025-03-12 00:00:00-04:00,108.69000244140625,109.30999755859375,104.69999694824219,105.13999938964844,105.13999938964844,422400,0.0,0.0
2025-03-13 00:00:00-04:00,104.91000366210938,106.44999694824219,103.77999877929688,106.2699966430664,106.2699966430664,295700,0.0,0.0
2025-03-14 00:00:00-04:00,106.56999969482422,108.1500015258789,105.36000061035156,107.5,107.5,329900,0.0,0.0
2025-03-17 00:00:00-04:00,107.0,109.93000030517578,107.0,109.43000030517578,109.43000030517578,341400,0.0,0.0
2025-03-18 00:00:00-04:00,108.69999694824219,109.12000274658203,106.26000213623047,107.52999877929688,107.52999877929688,330100,0.0,0.0
2025-03-19 00:00:00-04:00,107.25,111.30999755859375,106.83000183105469,110.88999938964844,110.88999938964844,289900,0.0,0.0
2025-03-20 00:00:00-04:00,110.51000213623047,111.43000030517578,110.18000030517578,110.79000091552734,110.79000091552734,242900,0.0,0.0
2025-03-21 00:00:00-04:00,109.87999725341797,110.77999877929688,109.0199966430664,110.45999908447266,110.45999908447266,587000,0.0,0.0
2025-03-24 00:00:00-04:00,111.72000122070312,112.80999755859375,110.04000091552734,110.81999969482422,110.81999969482422,251300,0.0,0.0
2025-03-25 00:00:00-04:00,110.9000015258789,113.41000366210938,110.9000015258789,112.7300033569336,112.7300033569336,446200,0.0,0.0
2025-03-26 00:00:00-04:00,113.11000061035156,113.47000122070312,110.6500015258789,110.69000244140625,110.69000244140625,324500,0.0,0.0
2025-03-27 00:00:00-04:00,111.44999694824219,112.06999969482422,109.9800033569336,110.73999786376953,110.73999786376953,244600,0.0,0.0
2025-03-28 00:00:00-04:00,110.97000122070312,111.87000274658203,110.58000183105469,110.69999694824219,110.69999694824219,246100,0.0,0.0
2025-03-31 00:00:00-04:00,110.02999877929688,112.5999984741211,110.02999877929688,111.51000213623047,111.51000213623047,591200,0.0,0.0
2025-04-01 00:00:00-04:00,111.62000274658203,113.75,111.55000305175781,112.68000030517578,112.68000030517578,553700,0.0,0.0
2025-04-02 00:00:00-04:00,111.66000366210938,114.38999938964844,111.19999694824219,114.29000091552734,114.29000091552734,413300,0.0,0.0
2025-04-03 00:00:00-04:00,111.7699966430664,115.27999877929688,111.7699966430664,114.9800033569336,114.9800033569336,608300,0.0,0.0
2025-04-04 00:00:00-04:00,111.83000183105469,116.16999816894531,108.52999877929688,108.56999969482422,108.56999969482422,1798800,0.0,0.0
2025-04-07 00:00:00-04:00,103.5999984741211,110.93000030517578,101.1500015258789,104.02999877929688,104.02999877929688,937800,0.0,0.0
2025-04-08 00:00:00-04:00,106.12999725341797,109.08999633789062,102.19999694824219,103.77999877929688,103.77999877929688,722900,0.0,0.0
2025-04-09 00:00:00-04:00,103.94000244140625,112.16000366210938,103.11000061035156,111.13999938964844,111.13999938964844,771400,0.0,0.0
2025-04-10 00:00:00-04:00,109.9800033569336,115.6500015258789,109.4000015258789,114.0,114.0,738700,0.0,0.0
2025-04-11 00:00:00-04:00,112.5,115.69000244140625,110.48999786376953,115.08000183105469,115.08000183105469,561400,0.0,0.0
2025-04-14 00:00:00-04:00,115.45999908447266,117.66000366210938,114.31999969482422,117.2300033569336,117.2300033569336,432200,0.0,0.0
2025-04-15 00:00:00-04:00,117.41999816894531,118.19000244140625,116.19000244140625,118.04000091552734,118.04000091552734,521000,0.0,0.0
2025-04-16 00:00:00-04:00,118.80000305175781,120.69000244140625,116.70999908447266,117.95999908447266,117.95999908447266,1832000,0.0,0.0
2025-04-17 00:00:00-04:00,117.83999633789062,119.44999694824219,117.29000091552734,118.30000305175781,118.30000305175781,696300,0.0,0.0
2025-04-21 00:00:00-04:00,117.33999633789062,117.98999786376953,113.08999633789062,114.68000030517578,114.68000030517578,384700,0.0,0.0
2025-04-22 00:00:00-04:00,115.5,116.41999816894531,113.0,113.70999908447266,113.70999908447266,458500,0.0,0.0
2025-04-23 00:00:00-04:00,115.30000305175781,116.58000183105469,111.5,113.25,113.25,665600,0.0,0.0
2025-04-24 00:00:00-04:00,113.16999816894531,115.70999908447266,110.2699966430664,115.4000015258789,115.4000015258789,522600,0.0,0.0
2025-04-25 00:00:00-04:00,114.3499984741211,115.8499984741211,112.19999694824219,115.5999984741211,115.5999984741211,392400,0.0,0.0
2025-04-28 00:00:00-04:00,115.79000091552734,116.66999816894531,115.18000030517578,116.18000030517578,116.18000030517578,340700,0.0,0.0
2025-04-29 00:00:00-04:00,115.41999816894531,117.5999984741211,115.41999816894531,117.2699966430664,117.2699966430664,366300,0.0,0.0
2025-04-30 00:00:00-04:00,116.05000305175781,118.11000061035156,115.25,117.44999694824219,117.44999694824219,469400,0.0,0.0
2025-05-01 00:00:00-04:00,117.12000274658203,117.72000122070312,115.29000091552734,117.33000183105469,117.33000183105469,510400,0.0,0.0
2025-05-02 00:00:00-04:00,115.98999786376953,118.16000366210938,113.91999816894531,116.75,116.75,609800,0.0,0.0
2025-05-05 00:00:00-04:00,117.54000091552734,119.7699966430664,116.0199966430664,118.23999786376953,118.23999786376953,492100,0.0,0.0
2025-05-06 00:00:00-04:00,117.52999877929688,120.88999938964844,117.12000274658203,120.37000274658203,120.37000274658203,620500,0.0,0.0
2025-05-07 00:00:00-04:00,120.19999694824219,121.23999786376953,118.80999755859375,120.25,120.25,404800,0.0,0.0
2025-05-08 00:00:00-04:00,120.66000366210938,121.04000091552734,118.33999633789062,118.47000122070312,118.47000122070312,399500,0.0,0.0
2025-05-09 00:00:00-04:00,118.13999938964844,118.79000091552734,117.36000061035156,118.5,118.5,264600,0.0,0.0
2025-05-12 00:00:00-04:00,119.5999984741211,119.70999908447266,111.91999816894531,113.23999786376953,113.23999786376953,655600,0.0,0.0
2025-05-13 00:00:00-04:00,113.41000366210938,114.3499984741211,112.05999755859375,112.2300033569336,112.2300033569336,712200,0.0,0.0
2025-05-14 00:00:00-04:00,112.2300033569336,113.5,109.12000274658203,110.0199966430664,110.0199966430664,1174400,0.0,0.0
2025-05-15 00:00:00-04:00,110.75,113.56999969482422,109.58000183105469,113.52999877929688,113.52999877929688,707000,0.0,0.0
2025-05-16 00:00:00-04:00,114.0,115.20999908447266,113.69999694824219,114.5199966430664,114.5199966430664,442900,0.0,0.0
2025-05-19 00:00:00-04:00,113.77999877929688,116.19999694824219,113.11000061035156,115.94999694824219,115.94999694824219,382000,0.0,0.0
2025-05-20 00:00:00-04:00,115.9800033569336,116.73999786376953,115.5999984741211,116.19000244140625,116.19000244140625,350100,0.0,0.0
2025-05-21 00:00:00-04:00,115.56999969482422,116.19999694824219,114.25,114.6500015258789,114.6500015258789,383600,0.0,0.0
2025-05-22 00:00:00-04:00,114.7300033569336,115.66999816894531,113.16000366210938,115.5,115.5,514000,0.0,0.0
2025-05-23 00:00:00-04:00,115.30000305175781,116.1500015258789,114.4800033569336,115.6500015258789,115.6500015258789,271300,0.0,0.0
2025-05-27 00:00:00-04:00,116.91000366210938,117.97000122070312,116.19000244140625,117.61000061035156,117.61000061035156,327800,0.0,0.0
2025-05-28 00:00:00-04:00,117.41000366210938,118.02999877929688,116.55000305175781,117.01000213623047,117.01000213623047,314600,0.0,0.0
2025-05-29 00:00:00-04:00,117.05999755859375,117.13999938964844,114.36000061035156,115.27999877929688,115.27999877929688,670300,0.0,0.0
2025-05-30 00:00:00-04:00,115.66000366210938,117.55000305175781,115.19000244140625,117.20999908447266,117.20999908447266,446400,0.0,0.0
2025-06-02 00:00:00-04:00,116.62999725341797,117.66999816894531,115.77999877929688,116.9800033569336,116.9800033569336,251600,0.0,0.0
2025-06-03 00:00:00-04:00,116.9800033569336,117.11000061035156,114.91000366210938,115.93000030517578,115.93000030517578,346600,0.0,0.0
2025-06-04 00:00:00-04:00,116.18000030517578,117.70999908447266,115.70999908447266,117.0999984741211,117.0999984741211,396400,0.0,0.0
2025-06-05 00:00:00-04:00,116.73999786376953,117.0999984741211,115.12000274658203,115.16999816894531,115.16999816894531,404700,0.0,0.0
2025-06-06 00:00:00-04:00,116.70999908447266,118.75,116.16999816894531,116.58000183105469,116.58000183105469,446200,0.0,0.0
2025-06-09 00:00:00-04:00,117.1500015258789,118.0,113.0,116.97000122070312,116.97000122070312,539200,0.0,0.0
2025-06-10 00:00:00-04:00,117.2300033569336,118.58999633789062,116.4000015258789,117.1500015258789,117.1500015258789,251300,0.0,0.0
2025-06-11 00:00:00-04:00,116.91000366210938,117.70999908447266,115.52999877929688,116.66999816894531,116.66999816894531,256300,0.0,0.0
2025-06-12 00:00:00-04:00,116.94999694824219,118.47000122070312,116.37999725341797,118.41999816894531,118.41999816894531,478100,0.0,0.0
2025-06-13 00:00:00-04:00,117.37999725341797,118.91000366210938,117.22000122070312,117.7699966430664,117.7699966430664,295600,0.0,0.0
2025-06-16 00:00:00-04:00,117.69000244140625,118.33000183105469,115.69999694824219,116.05999755859375,116.05999755859375,282500,0.0,0.0
2025-06-17 00:00:00-04:00,115.29000091552734,117.54000091552734,114.80999755859375,116.33999633789062,116.33999633789062,264300,0.0,0.0
2025-06-18 00:00:00-04:00,115.91999816894531,117.62999725341797,115.01000213623047,117.48999786376953,117.48999786376953,295100,0.0,0.0
2025-06-20 00:00:00-04:00,117.87000274658203,118.36000061035156,115.31999969482422,115.98999786376953,115.98999786376953,401500,0.0,0.0
2025-06-23 00:00:00-04:00,116.25,117.97000122070312,115.79000091552734,117.83000183105469,117.83000183105469,293100,0.0,0.0
2025-06-24 00:00:00-04:00,117.91000366210938,118.41999816894531,115.16999816894531,117.73999786376953,117.73999786376953,355900,0.0,0.0
2025-06-25 00:00:00-04:00,117.2699966430664,117.45999908447266,113.97000122070312,114.41999816894531,114.41999816894531,334800,0.0,0.0
2025-06-26 00:00:00-04:00,115.48999786376953,116.62999725341797,114.23999786376953,116.51000213623047,116.51000213623047,423800,0.0,0.0
2025-06-27 00:00:00-04:00,115.75,117.0,114.97000122070312,115.30999755859375,115.30999755859375,742600,0.0,0.0
2025-06-30 00:00:00-04:00,115.66000366210938,116.44999694824219,113.9000015258789,115.37999725341797,115.37999725341797,547800,0.0,0.0
2025-07-01 00:00:00-04:00,114.7699966430664,115.93000030517578,114.37000274658203,114.81999969482422,114.81999969482422,414200,0.0,0.0
2025-07-02 00:00:00-04:00,114.44999694824219,114.44999694824219,111.29000091552734,111.58999633789062,111.58999633789062,403400,0.0,0.0
2025-07-03 00:00:00-04:00,112.04000091552734,113.44999694824219,111.43000030517578,113.4000015258789,113.4000015258789,264800,0.0,0.0
2025-07-07 00:00:00-04:00,113.06999969482422,114.12000274658203,112.0,113.30000305175781,113.30000305175781,366900,0.0,0.0
2025-07-08 00:00:00-04:00,113.29000091552734,113.94999694824219,111.52999877929688,111.87000274658203,111.87000274658203,241100,0.0,0.0
2025-07-09 00:00:00-04:00,111.3499984741211,113.54000091552734,110.69999694824219,112.91999816894531,112.91999816894531,234600,0.0,0.0
2025-07-10 00:00:00-04:00,112.56999969482422,112.68000030517578,110.69000244140625,111.0999984741211,111.0999984741211,308000,0.0,0.0
2025-07-11 00:00:00-04:00,110.91000366210938,111.62000274658203,110.38999938964844,110.58999633789062,110.58999633789062,294100,0.0,0.0
2025-07-14 00:00:00-04:00,110.37000274658203,112.87999725341797,109.29000091552734,111.95999908447266,111.95999908447266,368300,0.0,0.0
2025-07-15 00:00:00-04:00,112.25,112.5,110.01000213623047,110.05000305175781,110.05000305175781,232500,0.0,0.0
2025-07-16 00:00:00-04:00,110.44000244140625,111.80000305175781,108.9800033569336,109.83999633789062,109.83999633789062,517100,0.0,0.0
2025-07-17 00:00:00-04:00,109.7300033569336,111.16000366210938,107.91999816894531,109.55999755859375,109.55999755859375,572700,0.0,0.0
2025-07-18 00:00:00-04:00,110.19999694824219,110.41999816894531,107.01000213623047,107.94000244140625,107.94000244140625,542000,0.0,0.0
2025-07-21 00:00:00-04:00,108.0,108.7699966430664,106.51000213623047,107.27999877929688,107.27999877929688,573200,0.0,0.0
2025-07-22 00:00:00-04:00,107.1500015258789,108.76000213623047,106.69999694824219,108.41000366210938,108.41000366210938,477000,0.0,0.0
2025-07-23 00:00:00-04:00,108.0,108.38999938964844,106.76000213623047,107.87999725341797,107.87999725341797,545200,0.0,0.0
2025-07-24 00:00:00-04:00,107.58999633789062,109.4800033569336,107.51000213623047,108.79000091552734,108.79000091552734,435300,0.0,0.0
2025-07-25 00:00:00-04:00,108.88999938964844,109.70999908447266,108.26000213623047,108.97000122070312,108.97000122070312,324800,0.0,0.0
2025-07-28 00:00:00-04:00,108.75,109.33999633789062,108.19000244140625,108.36000061035156,108.36000061035156,388700,0.0,0.0
2025-07-29 00:00:00-04:00,109.25,111.4800033569336,109.08999633789062,111.16000366210938,111.16000366210938,350900,0.0,0.0
2025-07-30 00:00:00-04:00,110.9000015258789,111.16000366210938,108.11000061035156,108.37000274658203,108.37000274658203,365200,0.0,0.0
2025-07-31 00:00:00-04:00,107.18000030517578,109.45999908447266,107.01000213623047,108.7300033569336,108.7300033569336,484500,0.0,0.0
2025-08-01 00:00:00-04:00,107.44999694824219,108.0,101.75,102.9800033569336,102.9800033569336,1129700,0.0,0.0
2025-08-04 00:00:00-04:00,102.83999633789062,104.19999694824219,101.62999725341797,102.54000091552734,102.54000091552734,802900,0.0,0.0
2025-08-05 00:00:00-04:00,102.16999816894531,103.05000305175781,99.08999633789062,99.19999694824219,99.19999694824219,1010200,0.0,0.0
2025-08-06 00:00:00-04:00,99.12999725341797,100.48999786376953,97.9800033569336,99.62000274658203,99.62000274658203,956700,0.0,0.0
2025-08-07 00:00:00-04:00,100.13999938964844,100.41000366210938,97.77999877929688,99.3499984741211,99.3499984741211,760500,0.0,0.0
2025-08-08 00:00:00-04:00,99.23999786376953,100.02999877929688,98.63999938964844,99.08000183105469,99.08000183105469,587200,0.0,0.0
2025-08-11 00:00:00-04:00,99.48999786376953,99.98999786376953,98.5,99.94999694824219,99.94999694824219,567500,0.0,0.0
2025-08-12 00:00:00-04:00,100.41999816894531,100.43000030517578,98.01000213623047,99.6500015258789,99.6500015258789,670600,0.0,0.0
2025-08-13 00:00:00-04:00,100.0,100.08999633789062,98.0999984741211,99.51000213623047,99.51000213623047,623400,0.0,0.0
2025-08-14 00:00:00-04:00,99.41999816894531,99.41999816894531,97.8499984741211,98.61000061035156,98.61000061035156,444700,0.0,0.0
2025-08-15 00:00:00-04:00,98.56999969482422,99.37999725341797,98.18000030517578,99.33999633789062,99.33999633789062,530800,0.0,0.0
2025-08-18 00:00:00-04:00,99.5,99.95999908447266,97.45999908447266,97.51000213623047,97.51000213623047,511000,0.0,0.0
2025-08-19 00:00:00-04:00,97.81999969482422,99.52999877929688,97.77999877929688,99.3499984741211,99.3499984741211,365600,0.0,0.0
2025-08-20 00:00:00-04:00,99.86000061035156,101.5999984741211,99.63999938964844,101.0999984741211,101.0999984741211,547200,0.0,0.0
2025-08-21 00:00:00-04:00,100.93000030517578,102.23999786376953,100.56999969482422,101.62000274658203,101.62000274658203,702700,0.0,0.0
2025-08-22 00:00:00-04:00,102.0199966430664,103.31999969482422,101.48999786376953,102.55000305175781,102.55000305175781,644600,0.0,0.0
2025-08-25 00:00:00-04:00,102.11000061035156,102.12000274658203,98.37999725341797,98.8499984741211,98.8499984741211,504300,0.0,0.0
2025-08-26 00:00:00-04:00,98.8499984741211,99.86000061035156,98.16999816894531,99.55000305175781,99.55000305175781,484500,0.0,0.0
2025-08-27 00:00:00-04:00,99.29000091552734,100.19999694824219,99.23999786376953,100.16000366210938,100.16000366210938,343000,0.0,0.0
2025-08-28 00:00:00-04:00,100.26000213623047,100.26000213623047,98.43000030517578,98.81999969482422,98.81999969482422,385500,0.0,0.0
2025-08-29 00:00:00-04:00,98.81999969482422,99.05000305175781,98.11000061035156,98.55999755859375,98.55999755859375,565700,0.0,0.0
2025-09-02 00:00:00-04:00,97.93000030517578,98.0999984741211,96.5,96.6500015258789,96.6500015258789,437400,0.0,0.0
2025-09-03 00:00:00-04:00,95.69999694824219,96.12000274658203,94.80999755859375,95.58999633789062,95.58999633789062,459500,0.0,0.0
2025-09-04 00:00:00-04:00,95.77999877929688,97.0199966430664,94.80999755859375,95.58000183105469,95.58000183105469,390500,0.0,0.0
2025-09-05 00:00:00-04:00,95.72000122070312,96.16000366210938,93.62999725341797,94.69000244140625,94.69000244140625,490600,0.0,0.0
2025-09-08 00:00:00-04:00,94.7300033569336,94.7300033569336,92.75,93.23999786376953,93.23999786376953,558800,0.0,0.0
2025-09-09 00:00:00-04:00,93.23999786376953,93.4800033569336,92.0199966430664,92.7699966430664,92.7699966430664,499300,0.0,0.0
2025-09-10 00:00:00-04:00,92.37999725341797,93.02999877929688,90.73999786376953,91.51000213623047,91.51000213623047,510600,0.0,0.0
2025-09-11 00:00:00-04:00,91.22000122070312,93.54000091552734,91.0999984741211,92.7300033569336,92.7300033569336,537500,0.0,0.0
2025-09-12 00:00:00-04:00,92.3499984741211,92.66000366210938,90.68000030517578,91.12999725341797,91.12999725341797,299300,0.0,0.0
2025-09-15 00:00:00-04:00,90.9800033569336,91.58999633789062,89.75,90.26000213623047,90.26000213623047,499300,0.0,0.0
2025-09-16 00:00:00-04:00,90.19999694824219,90.62999725341797,88.33999633789062,88.80000305175781,88.80000305175781,515500,0.0,0.0
2025-09-17 00:00:00-04:00,89.30999755859375,89.68000030517578,87.36000061035156,87.48999786376953,87.48999786376953,474600,0.0,0.0
2025-09-18 00:00:00-04:00,87.22000122070312,88.58999633789062,86.76000213623047,88.45999908447266,88.45999908447266,469700,0.0,0.0
2025-09-19 00:00:00-04:00,87.27999877929688,87.73999786376953,85.20999908447266,86.69000244140625,86.69000244140625,1023900,0.0,0.0
2025-09-22 00:00:00-04:00,86.54000091552734,88.94000244140625,85.62000274658203,88.91999816894531,88.91999816894531,827800,0.0,0.0
2025-09-23 00:00:00-04:00,88.93000030517578,89.62000274658203,87.44999694824219,89.37000274658203,89.37000274658203,634400,0.0,0.0
2025-09-24 00:00:00-04:00,88.86000061035156,90.77999877929688,88.5199966430664,90.73999786376953,90.73999786376953,713300,0.0,0.0
2025-09-25 00:00:00-04:00,90.54000091552734,91.88999938964844,87.5199966430664,88.20999908447266,88.20999908447266,730300,0.0,0.0
2025-09-26 00:00:00-04:00,88.6500015258789,89.63999938964844,87.44999694824219,89.58000183105469,89.58000183105469,472200,0.0,0.0
2025-09-29 00:00:00-04:00,89.8499984741211,91.0,89.1500015258789,90.97000122070312,90.97000122070312,592800,0.0,0.0
2025-09-30 00:00:00-04:00,91.19999694824219,95.58999633789062,91.05000305175781,94.87999725341797,94.87999725341797,1348600,0.0,0.0
2025-10-01 00:00:00-04:00,94.94000244140625,94.94999694824219,90.61000061035156,90.88999938964844,90.88999938964844,828300,0.0,0.0
2025-10-02 00:00:00-04:00,90.13999938964844,91.11000061035156,89.0,90.5999984741211,90.5999984741211,409500,0.0,0.0
2025-10-03 00:00:00-04:00,90.58999633789062,92.20999908447266,89.86000061035156,91.77999877929688,91.77999877929688,388300,0.0,0.0
2025-10-06 00:00:00-04:00,91.8499984741211,94.16999816894531,91.8499984741211,92.91000366210938,92.91000366210938,587300,0.0,0.0
2025-10-07 00:00:00-04:00,93.41000366210938,93.76000213623047,91.6500015258789,91.9000015258789,91.9000015258789,369700,0.0,0.0
2025-10-08 00:00:00-04:00,92.36000061035156,92.70999908447266,91.0,91.69000244140625,91.69000244140625,376500,0.0,0.0
2025-10-09 00:00:00-04:00,91.6500015258789,91.66000366210938,88.94000244140625,89.41000366210938,89.41000366210938,333400,0.0,0.0
2025-10-10 00:00:00-04:00,89.16999816894531,90.27999877929688,88.5,89.62999725341797,89.62999725341797,328500,0.0,0.0
2025-10-13 00:00:00-04:00,89.83000183105469,89.83000183105469,87.8499984741211,89.76000213623047,89.76000213623047,392500,0.0,0.0
2025-10-14 00:00:00-04:00,89.76000213623047,90.69000244140625,89.33000183105469,89.88999938964844,89.88999938964844,354200,0.0,0.0
2025-10-15 00:00:00-04:00,89.62999725341797,90.13999938964844,86.69999694824219,87.01000213623047,87.01000213623047,575200,0.0,0.0
2025-10-16 00:00:00-04:00,87.16000366210938,87.16000366210938,84.5999984741211,85.94000244140625,85.94000244140625,450600,0.0,0.0
2025-10-17 00:00:00-04:00,85.63999938964844,86.26000213623047,85.06999969482422,85.76000213623047,85.76000213623047,715500,0.0,0.0
2025-10-20 00:00:00-04:00,86.05999755859375,86.33000183105469,84.5,85.9000015258789,85.9000015258789,409200,0.0,0.0
2025-10-21 00:00:00-04:00,86.02999877929688,87.26000213623047,85.80000305175781,87.22000122070312,87.22000122070312,528700,0.0,0.0
2025-10-22 00:00:00-04:00,87.52999877929688,90.91999816894531,86.66000366210938,89.98999786376953,89.98999786376953,650400,0.0,0.0
2025-10-23 00:00:00-04:00,89.55999755859375,91.19999694824219,89.55000305175781,90.83000183105469,90.83000183105469,597400,0.0,0.0
2025-10-24 00:00:00-04:00,91.37000274658203,91.5,88.11000061035156,88.48999786376953,88.48999786376953,394400,0.0,0.0
2025-10-27 00:00:00-04:00,88.12999725341797,88.97000122070312,87.44000244140625,88.8499984741211,88.8499984741211,348400,0.0,0.0
2025-10-28 00:00:00-04:00,88.05000305175781,89.04000091552734,87.0,87.91000366210938,87.91000366210938,473100,0.0,0.0
2025-10-29 00:00:00-04:00,87.16999816894531,87.61000061035156,84.0,84.16999816894531,84.16999816894531,829300,0.0,0.0
2025-10-30 00:00:00-04:00,84.20999908447266,84.98999786376953,82.22000122070312,82.83999633789062,82.83999633789062,840200,0.0,0.0
2025-10-31 00:00:00-04:00,87.56999969482422,89.01000213623047,82.83999633789062,88.56999969482422,88.56999969482422,1022500,0.0,0.0
2025-11-03 00:00:00-05:00,90.55999755859375,90.55999755859375,87.79000091552734,88.72000122070312,88.72000122070312,929700,0.0,0.0
2025-11-04 00:00:00-05:00,89.55000305175781,90.75,89.18000030517578,89.94999694824219,89.94999694824219,642100,0.0,0.0
2025-11-05 00:00:00-05:00,89.55000305175781,90.12000274658203,87.5,90.0,90.0,659300,0.0,0.0
2025-11-06 00:00:00-05:00,89.22000122070312,90.02999877929688,88.19000244140625,88.30999755859375,88.30999755859375,641000,0.0,0.0
2025-11-07 00:00:00-05:00,88.4000015258789,88.4000015258789,86.69999694824219,88.08000183105469,88.08000183105469,439300,0.0,0.0
2025-11-10 00:00:00-05:00,87.58999633789062,88.41000366210938,85.91999816894531,87.86000061035156,87.86000061035156,584200,0.0,0.0
2025-11-11 00:00:00-05:00,88.02999877929688,88.66000366210938,86.94999694824219,88.25,88.25,332400,0.0,0.0
2025-11-12 00:00:00-05:00,87.95999908447266,88.5,86.76000213623047,87.4000015258789,87.4000015258789,705700,0.0,0.0
2025-11-13 00:00:00-05:00,86.63999938964844,88.91999816894531,86.63999938964844,88.36000061035156,88.36000061035156,797000,0.0,0.0
2025-11-14 00:00:00-05:00,86.58999633789062,89.80999755859375,86.51000213623047,89.19999694824219,89.19999694824219,456900,0.0,0.0
2025-11-17 00:00:00-05:00,89.38999938964844,89.76000213623047,88.0,89.0,89.0,575100,0.0,0.0
2025-11-18 00:00:00-05:00,89.05999755859375,91.56999969482422,89.04000091552734,91.20999908447266,91.20999908447266,521000,0.0,0.0
2025-11-19 00:00:00-05:00,91.06999969482422,92.94000244140625,90.76000213623047,91.91999816894531,91.91999816894531,533900,0.0,0.0
2025-11-20 00:00:00-05:00,91.91999816894531,93.31999969482422,91.55000305175781,93.0199966430664,93.0199966430664,633200,0.0,0.0
2025-11-21 00:00:00-05:00,92.94000244140625,95.80000305175781,90.75,95.05000305175781,95.05000305175781,981900,0.0,0.0
2025-11-24 00:00:00-05:00,94.0999984741211,95.05000305175781,92.93000030517578,94.51000213623047,94.51000213623047,790400,0.0,0.0
2025-11-25 00:00:00-05:00,95.11000061035156,97.5199966430664,94.97000122070312,96.91000366210938,96.91000366210938,453300,0.0,0.0
2025-11-26 00:00:00-05:00,96.9000015258789,97.91999816894531,96.3499984741211,96.72000122070312,96.72000122070312,507300,0.0,0.0
2025-11-28 00:00:00-05:00,96.47000122070312,97.04000091552734,95.62000274658203,96.38999938964844,96.38999938964844,210600,0.0,0.0
2025-12-01 00:00:00-05:00,96.38999938964844,98.2300033569336,95.66000366210938,96.13999938964844,96.13999938964844,562300,0.0,0.0
2025-12-02 00:00:00-05:00,95.91000366210938,96.8499984741211,94.75,95.5999984741211,95.5999984741211,434600,0.0,0.0
2025-12-03 00:00:00-05:00,95.72000122070312,97.20999908447266,95.43000030517578,95.68000030517578,95.68000030517578,544100,0.0,0.0
2025-12-04 00:00:00-05:00,95.63999938964844,96.1500015258789,94.12000274658203,94.70999908447266,94.70999908447266,427600,0.0,0.0
2025-12-05 00:00:00-05:00,94.12999725341797,95.9800033569336,93.68000030517578,94.56999969482422,94.56999969482422,361000,0.0,0.0
2025-12-08 00:00:00-05:00,98.44000244140625,101.0199966430664,98.44000244140625,99.22000122070312,99.22000122070312,2571000,0.0,0.0
2025-12-09 00:00:00-05:00,98.81999969482422,100.13999938964844,96.36000061035156,96.62000274658203,96.62000274658203,1568500,0.0,0.0
2025-12-10 00:00:00-05:00,96.7300033569336,98.97000122070312,96.08999633789062,97.80000305175781,97.80000305175781,1200300,0.0,0.0
2025-12-11 00:00:00-05:00,98.22000122070312,99.94999694824219,97.80999755859375,98.94999694824219,98.94999694824219,987800,0.0,0.0
2025-12-12 00:00:00-05:00,100.0,100.55000305175781,98.62000274658203,99.05000305175781,99.05000305175781,1045600,0.0,0.0
2025-12-15 00:00:00-05:00,99.7699966430664,101.58000183105469,99.69999694824219,100.47000122070312,100.47000122070312,1353800,0.0,0.0
2025-12-16 00:00:00-05:00,100.54000091552734,101.76000213623047,99.7699966430664,99.83000183105469,99.83000183105469,1359000,0.0,0.0
2025-12-17 00:00:00-05:00,99.62999725341797,101.69999694824219,99.13999938964844,99.44000244140625,99.44000244140625,1237900,0.0,0.0
2025-12-18 00:00:00-05:00,99.37000274658203,101.93000030517578,98.4000015258789,100.58999633789062,100.58999633789062,1397900,0.0,0.0
2025-12-19 00:00:00-05:00,100.37000274658203,101.2699966430664,98.27999877929688,98.48999786376953,98.48999786376953,11025800,0.0,0.0
2025-12-22 00:00:00-05:00,98.13999938964844,100.52999877929688,98.13999938964844,99.6500015258789,99.6500015258789,1137200,0.0,0.0
2025-12-23 00:00:00-05:00,99.72000122070312,100.41000366210938,99.23999786376953,99.95999908447266,99.95999908447266,1021100,0.0,0.0
2025-12-24 00:00:00-05:00,100.01000213623047,101.75,99.93000030517578,100.81999969482422,100.81999969482422,316000,0.0,0.0
2025-12-26 00:00:00-05:00,100.83999633789062,101.55000305175781,100.5199966430664,101.12999725341797,101.12999725341797,400700,0.0,0.0
2025-12-29 00:00:00-05:00,101.36000061035156,102.51000213623047,101.2300033569336,101.66000366210938,101.66000366210938,1264700,0.0,0.0
2025-12-30 00:00:00-05:00,101.30000305175781,101.7300033569336,100.23999786376953,100.29000091552734,100.29000091552734,738000,0.0,0.0
