Date,Open,High,Low,Close,Adj Close,Volume,Dividends,Stock Splits
2021-01-04 00:00:00+00:00,2212.0,2256.0,2194.0,2220.0,2218.21435546875,155603,0.0,0.0
2021-01-05 00:00:00+00:00,2176.0,2210.0,2170.0,2196.0,2194.23388671875,165402,0.0,0.0
2021-01-06 00:00:00+00:00,2206.0,2224.0,2160.0,2224.0,2222.21142578125,156705,0.0,0.0
2021-01-07 00:00:00+00:00,2236.0,2262.0,2216.0,2262.0,2260.180908203125,192291,0.0,0.0
2021-01-08 00:00:00+00:00,2274.0,2298.0,2222.0,2236.0,2234.201416015625,286179,0.0,0.0
2021-01-11 00:00:00+00:00,2192.0,2230.0,2162.0,2164.0,2162.259521484375,254103,0.0,0.0
2021-01-12 00:00:00+00:00,2176.0,2176.0,2095.56005859375,2136.0,2134.2822265625,161650,0.0,0.0
2021-01-13 00:00:00+00:00,2130.0,2146.0,2122.0,2140.0,2138.278564453125,124052,0.0,0.0
2021-01-14 00:00:00+00:00,2114.0,2128.0,2046.0,2072.0,2070.33349609375,182557,0.0,0.0
2021-01-15 00:00:00+00:00,2014.0,2136.0,2014.0,2122.0,2120.293212890625,217539,0.0,0.0
2021-01-18 00:00:00+00:00,2100.0,2140.0,2100.0,2120.0,2118.294921875,116994,0.0,0.0
2021-01-19 00:00:00+00:00,2170.0,2170.0,2104.0,2132.0,2130.28515625,244379,0.0,0.0
2021-01-20 00:00:00+00:00,2184.0,2290.0,2162.0,2258.0,2256.184326171875,277188,0.0,0.0
2021-01-21 00:00:00+00:00,2274.0,2356.424072265625,2274.0,2332.0,2330.12451171875,244152,0.0,0.0
2021-01-22 00:00:00+00:00,2360.0,2376.0,2314.0,2362.0,2360.099853515625,570099,0.0,0.0
2021-01-25 00:00:00+00:00,2380.0,2402.0,2356.0,2368.0,2366.095703125,209733,0.0,0.0
2021-01-26 00:00:00+00:00,2412.0,2412.0,2326.0,2328.0,2326.127685546875,222449,0.0,0.0
2021-01-27 00:00:00+00:00,2322.0,2382.0,2312.0,2330.0,2328.1259765625,295868,0.0,0.0
2021-01-28 00:00:00+00:00,2308.0,2350.0,2296.0,2340.0,2338.1181640625,242249,0.0,0.0
2021-01-29 00:00:00+00:00,2316.0,2336.0,2300.0,2318.0,2316.135986328125,248830,0.0,0.0
2021-02-01 00:00:00+00:00,2296.0,2360.0,2296.0,2350.0,2348.110107421875,255144,0.0,0.0
2021-02-02 00:00:00+00:00,2318.0,2386.0,2318.0,2372.0,2370.09228515625,124670,0.0,0.0
2021-02-03 00:00:00+00:00,2422.0,2422.0,2382.0,2390.0,2388.077880859375,284278,0.0,0.0
2021-02-04 00:00:00+00:00,2412.0,2422.0,2386.0,2404.0,2402.066162109375,194214,0.0,0.0
2021-02-05 00:00:00+00:00,2364.0,2418.0,2350.0,2350.0,2348.110107421875,203594,0.0,0.0
2021-02-08 00:00:00+00:00,2296.0,2382.0,2296.0,2380.0,2378.085693359375,174820,0.0,0.0
2021-02-09 00:00:00+00:00,2386.0,2394.0,2370.0,2386.0,2384.080810546875,885120,0.0,0.0
2021-02-10 00:00:00+00:00,2426.0,2426.0,2368.0,2400.0,2398.06982421875,138787,0.0,0.0
2021-02-11 00:00:00+00:00,2348.0,2460.0,2348.0,2454.0,2452.0263671875,188126,0.0,0.0
2021-02-12 00:00:00+00:00,2518.0,2548.0,2482.0,2534.0,2531.962158203125,203249,0.0,0.0
2021-02-15 00:00:00+00:00,2500.0,2560.0,2496.0,2510.0,2507.9814453125,187252,0.0,0.0
2021-02-16 00:00:00+00:00,2516.0,2574.0,2500.0,2558.0,2555.94287109375,298448,0.0,0.0
2021-02-17 00:00:00+00:00,2618.0,2618.0,2528.0,2546.0,2543.95263671875,533776,0.0,0.0
2021-02-18 00:00:00+00:00,2530.0,2570.0,2530.0,2550.0,2547.94921875,300893,0.0,0.0
2021-02-19 00:00:00+00:00,2570.0,2570.0,2526.0,2550.0,2547.94921875,275176,0.0,0.0
2021-02-22 00:00:00+00:00,2574.0,2574.0,2410.0,2432.0,2430.043701171875,428471,0.0,0.0
2021-02-23 00:00:00+00:00,2450.0,2466.0,2338.0,2378.0,2376.087158203125,654526,0.0,0.0
2021-02-24 00:00:00+00:00,2408.0,2432.0,2370.0,2390.0,2388.077880859375,349462,0.0,0.0
2021-02-25 00:00:00+00:00,2356.0,2416.0,2344.0,2360.0,2358.101806640625,339766,0.0,0.0
2021-02-26 00:00:00+00:00,2296.0,2358.0,2296.0,2318.0,2316.135986328125,465319,0.0,0.0
2021-03-01 00:00:00+00:00,2364.0,2374.0,2324.0,2352.0,2350.1083984375,669392,0.0,0.0
2021-03-02 00:00:00+00:00,2378.0,2392.0,2334.0,2346.0,2344.113037109375,884859,0.0,0.0
2021-03-03 00:00:00+00:00,2394.0,2394.0,2354.0,2370.0,2368.093505859375,355485,0.0,0.0
2021-03-04 00:00:00+00:00,2384.0,2394.0,2312.0,2340.0,2338.1181640625,395492,0.0,0.0
2021-03-05 00:00:00+00:00,2286.0,2380.0,2286.0,2370.0,2368.093505859375,415149,0.0,0.0
2021-03-08 00:00:00+00:00,2372.0,2401.47509765625,2328.0,2388.0,2386.07958984375,226343,0.0,0.0
2021-03-09 00:00:00+00:00,2450.0,2458.0,2376.0,2440.0,2438.037353515625,346627,0.0,0.0
2021-03-10 00:00:00+00:00,2400.0,2450.0,2400.0,2442.0,2440.035888671875,115036,0.0,0.0
2021-03-11 00:00:00+00:00,2502.0,2502.0,2446.0,2480.0,2478.005859375,155989,0.0,0.0
2021-03-12 00:00:00+00:00,2420.0,2488.0,2420.0,2458.0,2456.02294921875,213064,0.0,0.0
2021-03-15 00:00:00+00:00,2508.0,2508.0,2428.0,2438.0,2436.039306640625,100147,0.0,0.0
2021-03-16 00:00:00+00:00,2444.0,2473.89404296875,2444.0,2460.0,2458.02099609375,228127,0.0,0.0
2021-03-17 00:00:00+00:00,2420.0,2460.0,2408.0,2438.0,2436.039306640625,744974,0.0,0.0
2021-03-18 00:00:00+00:00,2410.0,2478.0,2410.0,2470.0,2468.013427734375,238147,0.0,0.0
2021-03-19 00:00:00+00:00,2446.0,2490.0,2442.0,2470.0,2468.013427734375,403276,0.0,0.0
2021-03-22 00:00:00+00:00,2424.0,2494.0,2424.0,2494.0,2491.994140625,132178,0.0,0.0
2021-03-23 00:00:00+00:00,2546.0,2552.0,2476.0,2536.0,2533.96044921875,226106,0.0,0.0
2021-03-24 00:00:00+00:00,2500.0,2590.0,2500.0,2560.0,2557.941162109375,249099,0.0,0.0
2021-03-25 00:00:00+00:00,2554.0,2578.0,2522.0,2540.0,2537.956787109375,636296,0.0,0.0
2021-03-26 00:00:00+00:00,2598.0,2598.0,2528.0,2548.0,2545.950927734375,152173,0.0,0.0
2021-03-29 00:00:00+01:00,2484.0,2588.0,2484.0,2550.0,2547.94921875,239204,0.0,0.0
2021-03-30 00:00:00+01:00,2546.0,2576.0,2526.0,2536.0,2533.96044921875,140240,0.0,0.0
2021-03-31 00:00:00+01:00,2596.0,2596.0,2534.0,2548.0,2545.950927734375,216540,0.0,0.0
2021-04-01 00:00:00+01:00,2530.0,2596.0,2530.0,2596.0,2593.911865234375,156097,0.0,0.0
2021-04-06 00:00:00+01:00,2642.0,2642.0,2602.0,2624.0,2621.889892578125,148253,0.0,0.0
2021-04-07 00:00:00+01:00,2580.0,2650.0,2580.0,2650.0,2647.868408203125,230953,0.0,0.0
2021-04-08 00:00:00+01:00,2678.0,2692.0,2644.0,2692.0,2689.834716796875,213635,0.0,0.0
2021-04-09 00:00:00+01:00,2732.0,2746.0,2700.0,2740.0,2737.79638671875,300535,0.0,0.0
2021-04-12 00:00:00+01:00,2790.0,2790.0,2708.0,2742.0,2739.79443359375,274200,0.0,0.0
2021-04-13 00:00:00+01:00,2748.0,2776.0,2729.544921875,2772.0,2769.7705078125,232837,0.0,0.0
2021-04-14 00:00:00+01:00,2760.0,2806.0,2760.0,2802.0,2799.74658203125,213281,0.0,0.0
2021-04-15 00:00:00+01:00,2870.0,2870.0,2792.0,2834.0,2831.720947265625,171476,0.0,0.0
2021-04-16 00:00:00+01:00,2826.0,2876.0,2826.0,2858.0,2855.701171875,338104,0.0,0.0
2021-04-19 00:00:00+01:00,2870.0,2874.0,2842.0,2854.0,2851.704833984375,195934,0.0,0.0
2021-04-20 00:00:00+01:00,2932.0,2932.0,2838.0,2850.0,2847.70751953125,519836,0.0,0.0
2021-04-21 00:00:00+01:00,2800.0,2856.0,2794.0,2856.0,2853.702880859375,346878,0.0,0.0
2021-04-22 00:00:00+01:00,2916.0,2916.0,2857.054931640625,2902.0,2899.665771484375,137993,0.0,0.0
2021-04-23 00:00:00+01:00,2966.0,2966.0,2882.0,2918.0,2915.653076171875,125531,0.0,0.0
2021-04-26 00:00:00+01:00,2912.0,2960.0,2902.0,2934.0,2931.640380859375,147360,0.0,0.0
2021-04-27 00:00:00+01:00,2876.0,2978.0,2876.0,2934.0,2931.640380859375,460671,0.0,0.0
2021-04-28 00:00:00+01:00,2872.0,2954.0,2872.0,2908.0,2905.661376953125,224295,0.0,0.0
2021-04-29 00:00:00+01:00,2848.0,2926.0,2848.0,2864.0,2861.697021484375,216249,0.0,0.0
2021-04-30 00:00:00+01:00,2858.0,2886.0,2844.0,2868.0,2865.693359375,294881,0.0,0.0
2021-05-04 00:00:00+01:00,2854.0,2864.0,2817.455078125,2842.0,2839.7138671875,156505,0.0,0.0
2021-05-05 00:00:00+01:00,2780.0,2876.0,2780.0,2874.0,2871.688720703125,148831,0.0,0.0
2021-05-06 00:00:00+01:00,2860.0,2880.0,2842.0,2874.0,2871.688720703125,214737,0.0,0.0
2021-05-07 00:00:00+01:00,2814.0,2898.0,2814.0,2866.0,2863.695068359375,201388,0.0,0.0
2021-05-10 00:00:00+01:00,2800.0,2862.0,2800.0,2814.0,2811.73681640625,270350,0.0,0.0
2021-05-11 00:00:00+01:00,2868.0,2868.0,2700.0,2728.0,2725.805908203125,318148,0.0,0.0
2021-05-12 00:00:00+01:00,2700.0,2752.0,2668.0,2668.0,2665.85400390625,287735,0.0,0.0
2021-05-13 00:00:00+01:00,2644.0,2696.0,2630.159912109375,2692.0,2689.834716796875,318218,0.0,0.0
2021-05-14 00:00:00+01:00,2716.0,2765.2099609375,2702.0,2750.0,2747.788330078125,207642,0.0,0.0
2021-05-17 00:00:00+01:00,2950.0,3038.0,2908.0,2942.0,2939.6337890625,401783,0.0,0.0
2021-05-18 00:00:00+01:00,2986.0,3032.0,2878.0,2908.0,2905.661376953125,370916,0.0,0.0
2021-05-19 00:00:00+01:00,2880.0,2898.0,2828.0,2860.0,2857.699462890625,229671,0.0,0.0
2021-05-20 00:00:00+01:00,2918.0,2918.0,2836.0,2916.0,2913.654541015625,165997,0.0,0.0
2021-05-21 00:00:00+01:00,2846.0,2952.0,2846.0,2932.0,2929.641845703125,294450,0.0,0.0
2021-05-24 00:00:00+01:00,2914.0,2928.0,2896.0,2920.0,2917.6513671875,172806,0.0,0.0
2021-05-25 00:00:00+01:00,2912.0,3044.0,2900.0,2968.0,2965.612548828125,292738,0.0,0.0
2021-05-26 00:00:00+01:00,2898.0,3056.0,2898.0,3024.0,3021.568115234375,258049,0.0,0.0
2021-05-27 00:00:00+01:00,3024.0,3024.0,3024.0,3024.0,3021.693115234375,0,12.5,0.0
2021-05-28 00:00:00+01:00,2992.0,2992.0,2882.0,2886.0,2883.798095703125,292172,0.0,0.0
2021-06-01 00:00:00+01:00,2874.0,2906.0,2870.0,2874.0,2871.8076171875,170073,0.0,0.0
2021-06-02 00:00:00+01:00,2878.0,2894.0,2862.0,2872.0,2869.808837890625,100667,0.0,0.0
2021-06-03 00:00:00+01:00,2870.0,2892.0,2864.0,2872.0,2869.808837890625,198337,0.0,0.0
2021-06-04 00:00:00+01:00,2866.0,2904.0,2866.0,2896.0,2893.790283203125,146672,0.0,0.0
2021-06-07 00:00:00+01:00,2890.0,2910.0,2884.0,2888.0,2885.796630859375,95589,0.0,0.0
2021-06-08 00:00:00+01:00,2894.0,2908.0,2880.0,2888.0,2885.796630859375,111368,0.0,0.0
2021-06-09 00:00:00+01:00,2850.0,2896.0,2828.0,2858.0,2855.8193359375,149667,0.0,0.0
2021-06-10 00:00:00+01:00,2814.0,2874.0,2812.0,2824.0,2821.845458984375,78650,0.0,0.0
2021-06-11 00:00:00+01:00,2800.0,2846.0,2800.0,2838.0,2835.8349609375,71077,0.0,0.0
2021-06-14 00:00:00+01:00,2908.0,2908.0,2850.0,2882.0,2879.80126953125,108627,0.0,0.0
2021-06-15 00:00:00+01:00,2924.0,2924.0,2882.0,2896.0,2893.790283203125,285040,0.0,0.0
2021-06-16 00:00:00+01:00,2910.0,2914.0,2866.0,2904.0,2901.784423828125,202840,0.0,0.0
2021-06-17 00:00:00+01:00,2850.0,2884.0,2814.0,2876.0,2873.8056640625,274874,0.0,0.0
2021-06-18 00:00:00+01:00,2888.0,2926.0,2878.0,2880.0,2877.802734375,443612,0.0,0.0
2021-06-21 00:00:00+01:00,2850.0,2924.0,2838.0,2924.0,2921.76904296875,230415,0.0,0.0
2021-06-22 00:00:00+01:00,2950.0,2966.0,2910.52490234375,2960.0,2957.741943359375,115001,0.0,0.0
2021-06-23 00:00:00+01:00,2890.0,2975.0,2890.0,2960.0,2957.741943359375,146561,0.0,0.0
2021-06-24 00:00:00+01:00,2906.0,2984.0,2906.0,2930.0,2927.76416015625,123634,0.0,0.0
2021-06-25 00:00:00+01:00,2866.0,2980.919921875,2866.0,2980.0,2977.7265625,72863,0.0,0.0
2021-06-28 00:00:00+01:00,2920.0,2976.530029296875,2920.0,2936.0,2933.76025390625,153364,0.0,0.0
2021-06-29 00:00:00+01:00,2876.0,2950.0,2876.0,2946.0,2943.75244140625,200142,0.0,0.0
2021-06-30 00:00:00+01:00,2956.0,2970.0,2904.0,2904.0,2901.784423828125,214768,0.0,0.0
2021-07-01 00:00:00+01:00,2918.0,2952.0,2884.0,2920.0,2917.77197265625,193223,0.0,0.0
2021-07-02 00:00:00+01:00,2980.0,2980.0,2922.0,2948.0,2945.7509765625,76968,0.0,0.0
2021-07-05 00:00:00+01:00,2920.0,2970.0,2912.0,2936.0,2933.76025390625,100990,0.0,0.0
2021-07-06 00:00:00+01:00,2916.0,2962.0,2914.0,2942.0,2939.75537109375,124217,0.0,0.0
2021-07-07 00:00:00+01:00,3000.0,3000.0,2947.56005859375,3000.0,2997.7109375,301108,0.0,0.0
2021-07-08 00:00:00+01:00,3000.0,3020.0,2931.0,2936.0,2933.76025390625,175354,0.0,0.0
2021-07-09 00:00:00+01:00,2988.0,2988.0,2926.0,2982.0,2979.724609375,145113,0.0,0.0
2021-07-12 00:00:00+01:00,2908.0,3022.0,2908.0,3016.0,3013.69921875,151534,0.0,0.0
2021-07-13 00:00:00+01:00,3046.0,3078.0,2998.0,3078.0,3075.651611328125,507808,0.0,0.0
2021-07-14 00:00:00+01:00,3062.0,3072.679931640625,3018.0,3064.0,3061.662353515625,280030,0.0,0.0
2021-07-15 00:00:00+01:00,3086.0,3092.0,3004.0,3010.0,3007.703125,144940,0.0,0.0
2021-07-16 00:00:00+01:00,3022.0,3030.0,2966.0,2966.0,2963.737060546875,216982,0.0,0.0
2021-07-19 00:00:00+01:00,2904.0,2968.0,2876.0,2912.0,2909.77783203125,259125,0.0,0.0
2021-07-20 00:00:00+01:00,2974.0,2974.0,2876.0,2888.0,2885.796630859375,285091,0.0,0.0
2021-07-21 00:00:00+01:00,2900.0,2920.0,2878.0,2898.0,2895.789306640625,321311,0.0,0.0
2021-07-22 00:00:00+01:00,2914.0,2986.0,2903.575927734375,2986.0,2983.7216796875,173154,0.0,0.0
2021-07-23 00:00:00+01:00,2920.0,3036.0,2920.0,3008.0,3005.704833984375,152933,0.0,0.0
2021-07-26 00:00:00+01:00,3082.0,3082.0,2970.0,2988.0,2985.720458984375,119157,0.0,0.0
2021-07-27 00:00:00+01:00,2914.0,2982.0,2912.0,2912.0,2909.77783203125,169118,0.0,0.0
2021-07-28 00:00:00+01:00,2950.0,2958.0,2904.0,2958.0,2955.742919921875,133381,0.0,0.0
2021-07-29 00:00:00+01:00,2940.0,2972.0,2928.0,2954.0,2951.746337890625,108695,0.0,0.0
2021-07-30 00:00:00+01:00,2936.0,2976.0,2926.0,2958.0,2955.742919921875,124329,0.0,0.0
2021-08-02 00:00:00+01:00,2960.0,3006.0,2946.0,2994.0,2991.7158203125,122793,0.0,0.0
2021-08-03 00:00:00+01:00,2912.0,3014.657958984375,2912.0,3006.0,3003.70654296875,152534,0.0,0.0
2021-08-04 00:00:00+01:00,3078.0,3078.0,2998.0,3008.0,3005.704833984375,151246,0.0,0.0
2021-08-05 00:00:00+01:00,3004.0,3048.0,2996.0,3006.0,3003.70654296875,104807,0.0,0.0
2021-08-06 00:00:00+01:00,3080.0,3080.0,2984.0,2986.0,2983.7216796875,157660,0.0,0.0
2021-08-09 00:00:00+01:00,3066.0,3066.0,2952.0,2986.0,2983.7216796875,149317,0.0,0.0
2021-08-10 00:00:00+01:00,3050.0,3050.0,2980.0,2980.0,2977.7265625,87596,0.0,0.0
2021-08-11 00:00:00+01:00,3060.0,3060.0,2972.0,2996.0,2993.71435546875,210661,0.0,0.0
2021-08-12 00:00:00+01:00,2912.0,3044.0,2912.0,3036.0,3033.68359375,52177,0.0,0.0
2021-08-13 00:00:00+01:00,3074.0,3074.0,3006.0,3016.0,3013.69921875,101426,0.0,0.0
2021-08-16 00:00:00+01:00,2998.0,3030.0,2998.0,3030.0,3027.688720703125,34874,0.0,0.0
2021-08-17 00:00:00+01:00,3094.0,3094.0,3010.0,3040.0,3037.680419921875,103884,0.0,0.0
2021-08-18 00:00:00+01:00,3060.0,3070.0,3024.0,3052.0,3049.67138671875,79938,0.0,0.0
2021-08-19 00:00:00+01:00,3014.0,3042.0,2996.0,3032.0,3029.6865234375,94592,0.0,0.0
2021-08-20 00:00:00+01:00,3032.0,3074.0,3014.0,3064.0,3061.662353515625,118533,0.0,0.0
2021-08-23 00:00:00+01:00,3138.0,3138.0,3066.0,3072.0,3069.656005859375,167230,0.0,0.0
2021-08-24 00:00:00+01:00,3084.0,3100.0,3046.0,3046.0,3043.67626953125,82335,0.0,0.0
2021-08-25 00:00:00+01:00,3046.0,3064.0,3035.0,3038.0,3035.681884765625,110165,0.0,0.0
2021-08-26 00:00:00+01:00,3000.0,3070.0,3000.0,3056.0,3053.667724609375,127899,0.0,0.0
2021-08-27 00:00:00+01:00,3060.0,3072.0,3030.0,3064.0,3061.662353515625,83650,0.0,0.0
2021-08-31 00:00:00+01:00,3078.0,3122.0,3060.0,3066.0,3063.660888671875,123060,0.0,0.0
2021-09-01 00:00:00+01:00,3146.0,3146.0,3076.0,3094.0,3091.639404296875,135300,0.0,0.0
2021-09-02 00:00:00+01:00,3024.0,3120.0,3024.0,3076.0,3073.653076171875,109023,0.0,0.0
2021-09-03 00:00:00+01:00,3138.0,3138.0,3052.0,3052.0,3049.67138671875,80943,0.0,0.0
2021-09-06 00:00:00+01:00,3072.0,3092.0,3046.0,3092.0,3089.640625,65380,0.0,0.0
2021-09-07 00:00:00+01:00,3084.0,3092.0,3054.0,3076.0,3073.653076171875,62189,0.0,0.0
2021-09-08 00:00:00+01:00,3002.0,3100.0,3002.0,3076.0,3073.653076171875,98437,0.0,0.0
2021-09-09 00:00:00+01:00,3006.0,3080.0,3006.0,3062.0,3059.66357421875,73744,0.0,0.0
2021-09-10 00:00:00+01:00,3000.0,3168.0,3000.0,3142.0,3139.6025390625,87574,0.0,0.0
2021-09-13 00:00:00+01:00,3154.0,3158.0,3088.0,3088.0,3085.643798828125,215918,0.0,0.0
2021-09-14 00:00:00+01:00,3146.0,3146.0,3080.0,3126.0,3123.61474609375,130595,0.0,0.0
2021-09-15 00:00:00+01:00,3050.0,3128.43994140625,3050.0,3092.0,3089.640625,136318,0.0,0.0
2021-09-16 00:00:00+01:00,3104.0,3174.0,3098.0,3146.0,3143.599365234375,250338,0.0,0.0
2021-09-17 00:00:00+01:00,3234.0,3234.0,3146.0,3166.0,3163.58447265625,331332,0.0,0.0
2021-09-20 00:00:00+01:00,3146.0,3148.0,3054.0,3066.0,3063.660888671875,95412,0.0,0.0
2021-09-21 00:00:00+01:00,3104.0,3106.0,3062.0,3106.0,3103.63037109375,94000,0.0,0.0
2021-09-22 00:00:00+01:00,3018.0,3134.0,3018.0,3124.0,3121.61669921875,161198,0.0,0.0
2021-09-23 00:00:00+01:00,3152.0,3152.0,3096.0,3108.0,3105.62841796875,76948,0.0,0.0
2021-09-24 00:00:00+01:00,3034.0,3086.0,3030.0,3040.0,3037.680419921875,83033,0.0,0.0
2021-09-27 00:00:00+01:00,3116.0,3116.0,2974.0,2982.0,2979.724609375,122933,0.0,0.0
2021-09-28 00:00:00+01:00,3054.0,3054.0,2818.0,2868.0,2865.81201171875,219548,0.0,0.0
2021-09-29 00:00:00+01:00,2876.0,2946.0,2866.0,2888.0,2885.796630859375,121380,0.0,0.0
2021-09-30 00:00:00+01:00,2968.0,2968.0,2842.0,2842.0,2839.831298828125,318774,0.0,0.0
2021-10-01 00:00:00+01:00,2870.0,2894.0,2810.0,2874.0,2871.8076171875,286441,0.0,0.0
2021-10-04 00:00:00+01:00,2880.0,2910.56005859375,2810.0,2810.0,2807.856201171875,167600,0.0,0.0
2021-10-05 00:00:00+01:00,2840.0,2858.0,2794.60009765625,2840.0,2837.833251953125,122567,0.0,0.0
2021-10-06 00:00:00+01:00,2818.0,2850.0,2744.0,2794.0,2791.86865234375,307721,0.0,0.0
2021-10-07 00:00:00+01:00,2844.0,2844.0,2756.0,2800.0,2797.86376953125,138424,0.0,0.0
2021-10-08 00:00:00+01:00,2796.0,2802.0,2776.0,2794.0,2791.86865234375,68105,0.0,0.0
2021-10-11 00:00:00+01:00,2786.0,2802.0,2740.0,2784.0,2781.876220703125,116769,0.0,0.0
2021-10-12 00:00:00+01:00,2730.0,2802.0,2730.0,2780.0,2777.87890625,115658,0.0,0.0
2021-10-13 00:00:00+01:00,2718.0,2880.0,2718.0,2864.0,2861.815185546875,201694,0.0,0.0
2021-10-14 00:00:00+01:00,2938.0,2938.0,2844.0,2900.0,2897.787353515625,165490,0.0,0.0
2021-10-15 00:00:00+01:00,2920.0,2920.0,2876.0,2908.0,2905.781494140625,124352,0.0,0.0
2021-10-18 00:00:00+01:00,2948.0,2948.0,2870.0,2910.0,2907.7802734375,85337,0.0,0.0
2021-10-19 00:00:00+01:00,2890.0,2958.0,2890.0,2928.0,2925.765869140625,131532,0.0,0.0
2021-10-20 00:00:00+01:00,2934.0,2980.0,2884.0,2948.0,2945.7509765625,165321,0.0,0.0
2021-10-21 00:00:00+01:00,2886.0,2970.0,2886.0,2950.0,2947.7490234375,131311,0.0,0.0
2021-10-22 00:00:00+01:00,2974.0,2980.0,2932.0,2932.0,2929.762939453125,267072,0.0,0.0
2021-10-25 00:00:00+01:00,2912.0,2956.0,2912.0,2944.0,2941.75390625,96759,0.0,0.0
2021-10-26 00:00:00+01:00,2882.0,3036.0,2882.0,3018.0,3015.697265625,135962,0.0,0.0
2021-10-27 00:00:00+01:00,3052.0,3058.0,2968.0,2970.0,2967.73388671875,129150,0.0,0.0
2021-10-28 00:00:00+01:00,3040.0,3040.0,2948.0,3000.0,2997.7109375,85634,0.0,0.0
2021-10-29 00:00:00+01:00,2986.0,3012.0,2936.0,3004.0,3001.708251953125,121007,0.0,0.0
2021-11-01 00:00:00+00:00,3006.0,3052.424072265625,2937.050048828125,3028.0,3025.689453125,134153,0.0,0.0
2021-11-02 00:00:00+00:00,2974.0,3068.0,2974.0,3020.0,3017.695556640625,79063,0.0,0.0
2021-11-03 00:00:00+00:00,2998.0,3070.0,2998.0,3052.0,3049.67138671875,128867,0.0,0.0
2021-11-04 00:00:00+00:00,3086.0,3152.0,3048.0,3148.0,3145.59814453125,142959,0.0,0.0
2021-11-05 00:00:00+00:00,3216.0,3224.0,3126.0,3200.0,3197.55859375,327871,0.0,0.0
2021-11-08 00:00:00+00:00,3240.0,3240.0,3198.0,3206.0,3203.553955078125,108622,0.0,0.0
2021-11-09 00:00:00+00:00,3286.0,3286.0,3190.0,3220.0,3217.54296875,160599,0.0,0.0
2021-11-10 00:00:00+00:00,3258.0,3276.0,3202.0,3248.0,3245.521484375,245478,0.0,0.0
2021-11-11 00:00:00+00:00,3238.0,3294.0,3194.0,3210.0,3207.551025390625,198054,0.0,0.0
2021-11-12 00:00:00+00:00,3202.0,3230.0,3172.0,3218.0,3215.544677734375,322229,0.0,0.0
2021-11-15 00:00:00+00:00,3258.0,3258.0,3212.0,3222.0,3219.54150390625,99018,0.0,0.0
2021-11-16 00:00:00+00:00,3162.0,3224.0,3146.0,3182.0,3179.57177734375,149447,0.0,0.0
2021-11-17 00:00:00+00:00,3170.0,3206.0,3164.0,3174.0,3171.57861328125,92863,0.0,0.0
2021-11-18 00:00:00+00:00,3180.0,3196.0,3174.0,3174.0,3171.57861328125,149466,0.0,0.0
2021-11-19 00:00:00+00:00,3252.0,3252.0,3160.0,3204.0,3201.555419921875,396146,0.0,0.0
2021-11-22 00:00:00+00:00,3210.0,3504.0,3210.0,3460.0,3457.3603515625,443514,0.0,0.0
2021-11-23 00:00:00+00:00,3434.0,3468.0,3160.0,3160.0,3157.589111328125,244045,0.0,0.0
2021-11-24 00:00:00+00:00,3162.0,3200.0,3114.0,3158.0,3155.590576171875,162222,0.0,0.0
2021-11-25 00:00:00+00:00,3192.0,3230.0,3160.0,3178.0,3175.5751953125,101657,0.0,0.0
2021-11-26 00:00:00+00:00,3120.0,3170.0,3104.0,3118.0,3115.62109375,119148,0.0,0.0
2021-11-29 00:00:00+00:00,3198.0,3250.0,3166.0,3212.0,3209.549560546875,185460,0.0,0.0
2021-11-30 00:00:00+00:00,3218.0,3254.0,3170.0,3206.0,3203.553955078125,398446,0.0,0.0
2021-12-01 00:00:00+00:00,3154.0,3266.0,3154.0,3266.0,3263.508056640625,470099,0.0,0.0
2021-12-02 00:00:00+00:00,3232.0,3268.0,3222.0,3250.0,3247.52001953125,190865,0.0,0.0
2021-12-03 00:00:00+00:00,3236.0,3309.89404296875,3236.0,3260.0,3257.512451171875,258997,0.0,0.0
2021-12-06 00:00:00+00:00,3320.0,3320.0,3236.0,3254.0,3251.517333984375,119403,0.0,0.0
2021-12-07 00:00:00+00:00,3316.0,3362.0,3280.0,3358.0,3355.437744140625,83043,0.0,0.0
2021-12-08 00:00:00+00:00,3280.0,3402.0,3280.0,3358.0,3355.437744140625,141221,0.0,0.0
2021-12-09 00:00:00+00:00,3298.0,3385.35009765625,3298.0,3376.0,3373.424072265625,61630,0.0,0.0
2021-12-10 00:00:00+00:00,3450.0,3450.0,3322.0,3322.0,3319.465087890625,148929,0.0,0.0
2021-12-13 00:00:00+00:00,3248.0,3358.0,3248.0,3298.0,3295.48388671875,52643,0.0,0.0
2021-12-14 00:00:00+00:00,3364.0,3364.0,3240.0,3240.0,3237.52783203125,298205,0.0,0.0
2021-12-15 00:00:00+00:00,3174.0,3280.0,3174.0,3280.0,3277.497802734375,449180,0.0,0.0
2021-12-16 00:00:00+00:00,3336.0,3336.0,3276.0,3284.0,3281.494384765625,112416,0.0,0.0
2021-12-17 00:00:00+00:00,3290.0,3296.0,3252.0,3292.0,3289.48828125,168623,0.0,0.0
2021-12-20 00:00:00+00:00,3214.0,3290.0,3202.0,3290.0,3287.489501953125,188585,0.0,0.0
2021-12-21 00:00:00+00:00,3310.0,3310.0,3256.0,3274.0,3271.502197265625,151348,0.0,0.0
2021-12-22 00:00:00+00:00,3272.0,3336.0,3260.0,3336.0,3333.455078125,82010,0.0,0.0
2021-12-23 00:00:00+00:00,3350.0,3382.0,3330.0,3348.0,3345.445556640625,64190,0.0,0.0
2021-12-24 00:00:00+00:00,3364.0,3413.52001953125,3326.0,3340.0,3337.451416015625,10915,0.0,0.0
2021-12-29 00:00:00+00:00,3368.0,3406.0,3350.0,3400.0,3397.40576171875,167060,0.0,0.0
2021-12-30 00:00:00+00:00,3390.0,3410.0,3384.0,3400.0,3397.40576171875,70009,0.0,0.0
2021-12-31 00:00:00+00:00,3390.0,3416.0,3348.0458984375,3374.0,3371.425537109375,43061,0.0,0.0
2022-01-04 00:00:00+00:00,3426.0,3446.0,3384.0,3400.0,3397.40576171875,171493,0.0,0.0
2022-01-05 00:00:00+00:00,3478.0,3478.0,3350.0,3384.0,3381.418212890625,177420,0.0,0.0
2022-01-06 00:00:00+00:00,3328.0,3372.0,3240.0,3254.0,3251.517333984375,130093,0.0,0.0
2022-01-07 00:00:00+00:00,3250.0,3256.6259765625,3198.0,3208.0,3205.55224609375,193409,0.0,0.0
2022-01-10 00:00:00+00:00,3244.0,3244.0,3041.0400390625,3054.0,3051.669921875,139165,0.0,0.0
2022-01-11 00:00:00+00:00,3050.0,3106.0,3026.0,3044.0,3041.67724609375,160074,0.0,0.0
2022-01-12 00:00:00+00:00,3068.0,3100.0,2998.0,3086.0,3083.645751953125,258889,0.0,0.0
2022-01-13 00:00:00+00:00,3076.0,3092.0,2966.0,2980.0,2977.7265625,179332,0.0,0.0
2022-01-14 00:00:00+00:00,2944.0,2962.0,2879.409912109375,2896.0,2893.790283203125,152278,0.0,0.0
2022-01-17 00:00:00+00:00,2910.0,2938.0,2868.10107421875,2916.0,2913.775146484375,120230,0.0,0.0
2022-01-18 00:00:00+00:00,2908.0,2910.0,2820.0,2820.0,2817.8486328125,365320,0.0,0.0
2022-01-19 00:00:00+00:00,2820.0,2888.0,2758.0,2880.0,2877.802734375,509324,0.0,0.0
2022-01-20 00:00:00+00:00,2830.0,2878.0,2828.0,2878.0,2876.1044921875,227304,30.1,0.0
2022-01-21 00:00:00+00:00,2850.0,2866.0,2802.0,2820.0,2818.14306640625,226487,0.0,0.0
2022-01-24 00:00:00+00:00,2772.0,2816.0,2612.0,2674.0,2672.239013671875,263638,0.0,0.0
2022-01-25 00:00:00+00:00,2704.0,2708.0,2630.0,2636.0,2634.26416015625,319881,0.0,0.0
2022-01-26 00:00:00+00:00,2700.0,2722.0,2658.0,2674.0,2672.239013671875,162362,0.0,0.0
2022-01-27 00:00:00+00:00,2616.0,2690.0,2606.0,2680.0,2678.235107421875,205972,0.0,0.0
2022-01-28 00:00:00+00:00,2734.0,2734.0,2670.0,2682.0,2680.233642578125,266649,0.0,0.0
2022-01-31 00:00:00+00:00,2712.0,2778.0,2710.0,2752.0,2750.1875,163813,0.0,0.0
2022-02-01 00:00:00+00:00,2774.0,2836.0,2766.0,2804.0,2802.153076171875,251825,0.0,0.0
2022-02-02 00:00:00+00:00,2750.0,2896.0,2750.0,2896.0,2894.0927734375,227016,0.0,0.0
2022-02-03 00:00:00+00:00,2870.0,2892.0,2844.0,2844.0,2842.126953125,279368,0.0,0.0
2022-02-04 00:00:00+00:00,2858.0,2874.0,2774.0,2774.0,2772.17333984375,351720,0.0,0.0
2022-02-07 00:00:00+00:00,2816.0,2816.0,2720.0,2722.0,2720.20751953125,173968,0.0,0.0
2022-02-08 00:00:00+00:00,2708.0,2770.0,2690.0,2736.0,2734.197998046875,187818,0.0,0.0
2022-02-09 00:00:00+00:00,2766.0,2824.0,2766.0,2798.0,2796.157470703125,110406,0.0,0.0
2022-02-10 00:00:00+00:00,2804.0,2828.0,2742.0,2772.0,2770.174560546875,96261,0.0,0.0
2022-02-11 00:00:00+00:00,2716.0,2742.0,2682.0,2694.0,2692.225830078125,83606,0.0,0.0
2022-02-14 00:00:00+00:00,2668.0,2668.0,2574.0,2628.0,2626.269287109375,172877,0.0,0.0
2022-02-15 00:00:00+00:00,2628.0,2692.0,2628.0,2686.0,2684.231201171875,222517,0.0,0.0
2022-02-16 00:00:00+00:00,2634.0,2684.0,2582.0,2604.0,2602.284912109375,294992,0.0,0.0
2022-02-17 00:00:00+00:00,2604.0,2656.0,2598.0,2620.0,2618.274658203125,201124,0.0,0.0
2022-02-18 00:00:00+00:00,2690.0,2690.0,2582.0,2586.0,2584.29736328125,94173,0.0,0.0
2022-02-21 00:00:00+00:00,2634.0,2634.0,2524.0,2568.0,2566.30908203125,192353,0.0,0.0
2022-02-22 00:00:00+00:00,2532.0,2610.0,2513.780029296875,2594.0,2592.2919921875,204688,0.0,0.0
2022-02-23 00:00:00+00:00,2646.0,2646.0,2560.0,2576.0,2574.3037109375,153687,0.0,0.0
2022-02-24 00:00:00+00:00,2508.0,2552.0,2466.0,2532.0,2530.332763671875,247080,0.0,0.0
2022-02-25 00:00:00+00:00,2598.0,2620.0,2556.0,2618.0,2616.276123046875,160946,0.0,0.0
2022-02-28 00:00:00+00:00,2588.0,2688.0,2582.0,2674.0,2672.239013671875,182457,0.0,0.0
2022-03-01 00:00:00+00:00,2650.0,2684.0,2604.0,2614.0,2612.278564453125,262740,0.0,0.0
2022-03-02 00:00:00+00:00,2608.0,2708.0,2601.60009765625,2708.0,2706.217041015625,203443,0.0,0.0
2022-03-03 00:00:00+00:00,2712.0,2748.0,2624.0,2624.0,2622.27197265625,221598,0.0,0.0
2022-03-04 00:00:00+00:00,2614.0,2658.0,2510.300048828125,2514.0,2512.344482421875,152530,0.0,0.0
2022-03-07 00:00:00+00:00,2454.0,2532.0,2384.0,2472.0,2470.371826171875,240968,0.0,0.0
2022-03-08 00:00:00+00:00,2464.0,2518.0,2420.0,2420.0,2418.406494140625,208946,0.0,0.0
2022-03-09 00:00:00+00:00,2464.0,2614.0,2454.0,2614.0,2612.278564453125,178655,0.0,0.0
2022-03-10 00:00:00+00:00,2614.0,2650.0,2578.0,2588.0,2586.2958984375,316120,0.0,0.0
2022-03-11 00:00:00+00:00,2590.0,2662.0,2570.0,2586.0,2584.29736328125,214656,0.0,0.0
2022-03-14 00:00:00+00:00,2542.0,2690.0,2542.0,2690.0,2688.228515625,207412,0.0,0.0
2022-03-15 00:00:00+00:00,2608.0,2670.0,2608.0,2642.0,2640.260009765625,143312,0.0,0.0
2022-03-16 00:00:00+00:00,2690.0,2728.0,2666.0,2728.0,2726.20361328125,394981,0.0,0.0
2022-03-17 00:00:00+00:00,2688.0,2740.0,2688.0,2724.0,2722.205810546875,396403,0.0,0.0
2022-03-18 00:00:00+00:00,2778.0,2780.0,2694.0,2780.0,2778.169189453125,407927,0.0,0.0
2022-03-21 00:00:00+00:00,2774.0,2785.6201171875,2746.0,2770.0,2768.175537109375,100784,0.0,0.0
2022-03-22 00:00:00+00:00,2676.0,2686.31689453125,2566.0,2610.0,2608.281005859375,396849,0.0,0.0
2022-03-23 00:00:00+00:00,2572.0,2640.0,2572.0,2618.0,2616.276123046875,236525,0.0,0.0
2022-03-24 00:00:00+00:00,2626.0,2644.0,2544.0,2544.0,2542.32470703125,112649,0.0,0.0
2022-03-25 00:00:00+00:00,2536.0,2573.343994140625,2486.0,2486.0,2484.363037109375,163616,0.0,0.0
2022-03-28 00:00:00+01:00,2482.0,2584.0,2473.06005859375,2574.0,2572.3046875,212615,0.0,0.0
2022-03-29 00:00:00+01:00,2608.0,2674.0,2588.0,2666.0,2664.244384765625,189431,0.0,0.0
2022-03-30 00:00:00+01:00,2630.0,2652.0,2596.0,2630.0,2628.26806640625,160506,0.0,0.0
2022-03-31 00:00:00+01:00,2656.0,2656.0,2618.0,2634.0,2632.265380859375,272883,0.0,0.0
2022-04-01 00:00:00+01:00,2610.0,2642.0,2601.008056640625,2614.0,2612.278564453125,104928,0.0,0.0
2022-04-04 00:00:00+01:00,2628.0,2654.0,2618.0,2636.0,2634.26416015625,89096,0.0,0.0
2022-04-05 00:00:00+01:00,2594.0,2652.0,2594.0,2630.0,2628.26806640625,165005,0.0,0.0
2022-04-06 00:00:00+01:00,2638.0,2652.0,2588.0,2608.0,2606.282470703125,283514,0.0,0.0
2022-04-07 00:00:00+01:00,2618.0,2640.0,2590.0,2622.0,2620.2734375,155677,0.0,0.0
2022-04-08 00:00:00+01:00,2684.0,2684.0,2590.0,2594.0,2592.2919921875,110382,0.0,0.0
2022-04-11 00:00:00+01:00,2660.0,2660.0,2512.0,2512.0,2510.345703125,172490,0.0,0.0
2022-04-12 00:00:00+01:00,2704.0,2834.0,2676.0,2800.0,2798.156005859375,689268,0.0,0.0
2022-04-13 00:00:00+01:00,2762.0,2856.0,2754.0,2856.0,2854.119140625,365066,0.0,0.0
2022-04-14 00:00:00+01:00,2854.0,2882.0,2842.0,2848.0,2846.12451171875,380759,0.0,0.0
2022-04-19 00:00:00+01:00,2834.0,2838.0,2770.0,2794.0,2792.16015625,166813,0.0,0.0
2022-04-20 00:00:00+01:00,2796.0,2884.0,2766.0,2884.0,2882.1005859375,307868,0.0,0.0
2022-04-21 00:00:00+01:00,2894.0,2920.0,2860.0,2884.0,2882.1005859375,306255,0.0,0.0
2022-04-22 00:00:00+01:00,2940.0,2940.0,2856.0,2856.0,2854.119140625,265716,0.0,0.0
2022-04-25 00:00:00+01:00,2820.0,2848.0,2796.0,2814.0,2812.146728515625,365472,0.0,0.0
2022-04-26 00:00:00+01:00,2868.0,2868.0,2696.0,2696.0,2694.224853515625,180292,0.0,0.0
2022-04-27 00:00:00+01:00,2710.0,2714.0,2636.0,2674.0,2672.239013671875,196700,0.0,0.0
2022-04-28 00:00:00+01:00,2718.0,2734.0,2678.0,2724.0,2722.205810546875,132223,0.0,0.0
2022-04-29 00:00:00+01:00,2726.0,2790.0,2726.0,2758.0,2756.183837890625,164043,0.0,0.0
2022-05-03 00:00:00+01:00,2684.0,2750.0,2680.0,2708.0,2706.217041015625,401418,0.0,0.0
2022-05-04 00:00:00+01:00,2736.0,2736.0,2648.0,2690.0,2688.228515625,233625,0.0,0.0
2022-05-05 00:00:00+01:00,2740.0,2772.0,2708.0,2726.0,2724.205322265625,436638,0.0,0.0
2022-05-06 00:00:00+01:00,2672.0,2716.181884765625,2532.0,2576.0,2574.3037109375,239103,0.0,0.0
2022-05-09 00:00:00+01:00,2558.0,2564.080078125,2452.0,2484.0,2482.364013671875,198496,0.0,0.0
2022-05-10 00:00:00+01:00,2428.0,2546.9599609375,2428.0,2494.0,2492.357421875,229678,0.0,0.0
2022-05-11 00:00:00+01:00,2520.0,2526.0,2460.0,2520.0,2518.340576171875,313013,0.0,0.0
2022-05-12 00:00:00+01:00,2456.0,2530.0,2434.0,2520.0,2518.340576171875,301763,0.0,0.0
2022-05-13 00:00:00+01:00,2578.0,2618.0,2530.0,2604.0,2602.284912109375,161030,0.0,0.0
2022-05-16 00:00:00+01:00,2606.0,2608.0,2354.0,2456.0,2454.3828125,624632,0.0,0.0
2022-05-17 00:00:00+01:00,2450.0,2490.0,2412.0,2434.0,2432.39697265625,456896,0.0,0.0
2022-05-18 00:00:00+01:00,2462.0,2470.0,2422.0,2422.0,2420.405029296875,290022,0.0,0.0
2022-05-19 00:00:00+01:00,2378.0,2406.0,2334.0,2400.0,2398.419677734375,305941,0.0,0.0
2022-05-20 00:00:00+01:00,2392.0,2480.0,2392.0,2440.0,2438.39306640625,306638,0.0,0.0
2022-05-23 00:00:00+01:00,2464.0,2496.0,2430.0,2496.0,2494.3564453125,250121,0.0,0.0
2022-05-24 00:00:00+01:00,2538.0,2538.0,2452.0,2480.0,2478.366943359375,319848,0.0,0.0
2022-05-25 00:00:00+01:00,2492.0,2520.0,2458.0,2520.0,2518.340576171875,236434,0.0,0.0
2022-05-26 00:00:00+01:00,2536.0,2544.0,2496.0,2540.0,2538.478271484375,135488,15.000001,0.0
2022-05-27 00:00:00+01:00,2570.0,2586.0,2532.0,2574.0,2572.457763671875,145346,0.0,0.0
2022-05-30 00:00:00+01:00,2538.0,2612.0,2538.0,2604.0,2602.43994140625,128111,0.0,0.0
2022-05-31 00:00:00+01:00,2600.0,2606.0,2572.0,2600.0,2598.442626953125,323827,0.0,0.0
2022-06-01 00:00:00+01:00,2612.0,2612.0,2554.60595703125,2572.0,2570.459228515625,606726,0.0,0.0
2022-06-06 00:00:00+01:00,2594.0,2622.0,2580.0,2608.0,2606.437744140625,122361,0.0,0.0
2022-06-07 00:00:00+01:00,2596.0,2616.0,2530.0,2566.0,2564.462890625,134185,0.0,0.0
2022-06-08 00:00:00+01:00,2526.0,2580.0,2526.0,2554.0,2552.469970703125,143621,0.0,0.0
2022-06-09 00:00:00+01:00,2538.0,2538.0,2464.0,2486.0,2484.510986328125,182890,0.0,0.0
2022-06-10 00:00:00+01:00,2474.0,2474.0,2384.0,2384.0,2382.572021484375,152106,0.0,0.0
2022-06-13 00:00:00+01:00,2338.0,2357.679931640625,2244.0,2256.0,2254.648681640625,143469,0.0,0.0
2022-06-14 00:00:00+01:00,2198.0,2262.0,2186.0,2206.0,2204.6787109375,646573,0.0,0.0
2022-06-15 00:00:00+01:00,2226.0,2264.0,2188.0,2262.0,2260.645263671875,328639,0.0,0.0
2022-06-16 00:00:00+01:00,2254.0,2258.0,2146.0,2158.0,2156.707275390625,277548,0.0,0.0
2022-06-17 00:00:00+01:00,2152.0,2242.0,2142.0,2196.0,2194.684814453125,276447,0.0,0.0
2022-06-20 00:00:00+01:00,2198.0,2218.0,2174.0,2192.0,2190.68701171875,107313,0.0,0.0
2022-06-21 00:00:00+01:00,2200.0,2216.0,2158.0,2178.0,2176.695556640625,118104,0.0,0.0
2022-06-22 00:00:00+01:00,2142.0,2170.0,2102.0,2166.0,2164.70263671875,190925,0.0,0.0
2022-06-23 00:00:00+01:00,2140.0,2158.0,2090.0,2158.0,2156.707275390625,122242,0.0,0.0
2022-06-24 00:00:00+01:00,2206.0,2232.0,2168.0,2232.0,2230.6630859375,199713,0.0,0.0
2022-06-27 00:00:00+01:00,2270.0,2282.0,2226.0,2276.0,2274.63671875,124385,0.0,0.0
2022-06-28 00:00:00+01:00,2292.0,2292.0,2228.0,2264.0,2262.643798828125,223683,0.0,0.0
2022-06-29 00:00:00+01:00,2240.0,2262.0,2212.0,2240.0,2238.658447265625,307106,0.0,0.0
2022-06-30 00:00:00+01:00,2220.0,2250.0,2192.0,2228.0,2226.665771484375,345583,0.0,0.0
2022-07-01 00:00:00+01:00,2202.0,2252.0,2202.0,2230.0,2228.664306640625,186606,0.0,0.0
2022-07-04 00:00:00+01:00,2250.0,2261.360107421875,2168.0,2176.0,2174.69677734375,103366,0.0,0.0
2022-07-05 00:00:00+01:00,2140.0,2204.0,2132.0,2202.0,2200.680908203125,323315,0.0,0.0
2022-07-06 00:00:00+01:00,2228.0,2292.0,2228.0,2282.0,2280.633056640625,158345,0.0,0.0
2022-07-07 00:00:00+01:00,2240.0,2340.0,2240.0,2326.0,2324.606689453125,160299,0.0,0.0
2022-07-08 00:00:00+01:00,2366.0,2366.0,2312.0,2366.0,2364.5830078125,256309,0.0,0.0
2022-07-11 00:00:00+01:00,2406.0,2406.0,2332.0,2384.0,2382.572021484375,136473,0.0,0.0
2022-07-12 00:00:00+01:00,2418.0,2418.0,2332.0,2342.0,2340.59716796875,582362,0.0,0.0
2022-07-13 00:00:00+01:00,2336.0,2356.0,2258.0,2292.0,2290.627197265625,403120,0.0,0.0
2022-07-14 00:00:00+01:00,2244.0,2354.0,2244.0,2328.0,2326.60546875,511447,0.0,0.0
2022-07-15 00:00:00+01:00,2392.0,2404.0,2338.0,2396.0,2394.564697265625,259096,0.0,0.0
2022-07-18 00:00:00+01:00,2412.0,2424.0,2394.0,2412.0,2410.55517578125,259013,0.0,0.0
2022-07-19 00:00:00+01:00,2388.0,2476.0,2368.0,2454.0,2452.530029296875,250646,0.0,0.0
2022-07-20 00:00:00+01:00,2434.0,2574.0,2434.0,2560.0,2558.466552734375,327883,0.0,0.0
2022-07-21 00:00:00+01:00,2558.0,2734.0,2558.0,2698.0,2696.383544921875,735790,0.0,0.0
2022-07-22 00:00:00+01:00,2704.0,2810.0,2692.0,2714.0,2712.37451171875,1023573,0.0,0.0
2022-07-25 00:00:00+01:00,2784.0,2784.0,2656.0,2656.0,2654.408935546875,176426,0.0,0.0
2022-07-26 00:00:00+01:00,2626.0,2652.0,2554.0,2596.0,2594.445068359375,231104,0.0,0.0
2022-07-27 00:00:00+01:00,2668.0,2668.0,2564.0,2644.0,2642.415771484375,120578,0.0,0.0
2022-07-28 00:00:00+01:00,2650.0,2718.0,2650.0,2712.0,2710.37548828125,270663,0.0,0.0
2022-07-29 00:00:00+01:00,2660.0,2754.0,2660.0,2748.0,2746.35400390625,257125,0.0,0.0
2022-08-01 00:00:00+01:00,2700.0,2780.0,2700.0,2768.0,2766.342041015625,149406,0.0,0.0
2022-08-02 00:00:00+01:00,2816.0,2816.0,2654.0,2700.0,2698.382568359375,127250,0.0,0.0
2022-08-03 00:00:00+01:00,2662.0,2716.0,2662.0,2716.0,2714.372802734375,64098,0.0,0.0
2022-08-04 00:00:00+01:00,2734.0,2790.0,2706.0,2784.0,2782.332275390625,117667,0.0,0.0
2022-08-05 00:00:00+01:00,2758.0,2778.0,2688.0,2694.0,2692.38623046875,173216,0.0,0.0
2022-08-08 00:00:00+01:00,2690.0,2726.0,2680.0,2698.0,2696.383544921875,127002,0.0,0.0
2022-08-09 00:00:00+01:00,2700.0,2720.0,2638.0,2656.0,2654.408935546875,86270,0.0,0.0
2022-08-10 00:00:00+01:00,2606.0,2744.0,2600.0,2738.0,2736.360107421875,217107,0.0,0.0
2022-08-11 00:00:00+01:00,2768.0,2768.0,2716.0,2726.0,2724.367431640625,95709,0.0,0.0
2022-08-12 00:00:00+01:00,2662.0,2716.0,2662.0,2702.0,2700.38134765625,117902,0.0,0.0
2022-08-15 00:00:00+01:00,2646.0,2786.0,2642.0,2776.0,2774.337158203125,97798,0.0,0.0
2022-08-16 00:00:00+01:00,2840.0,2840.0,2700.0,2736.0,2734.36083984375,82774,0.0,0.0
2022-08-17 00:00:00+01:00,2734.0,2768.0,2724.0,2740.0,2738.358642578125,151289,0.0,0.0
2022-08-18 00:00:00+01:00,2740.0,2778.0,2722.0,2778.0,2776.336181640625,465996,0.0,0.0
2022-08-19 00:00:00+01:00,2722.0,2768.0,2686.0,2728.0,2726.365966796875,133095,0.0,0.0
2022-08-22 00:00:00+01:00,2676.0,2720.0,2676.0,2706.0,2704.37890625,277924,0.0,0.0
2022-08-23 00:00:00+01:00,2672.0,2696.0,2634.0,2646.0,2644.415283203125,284985,0.0,0.0
2022-08-24 00:00:00+01:00,2680.0,2694.0,2618.3759765625,2676.0,2674.397216796875,170099,0.0,0.0
2022-08-25 00:00:00+01:00,2676.0,2704.0,2604.0,2626.0,2624.4267578125,205386,0.0,0.0
2022-08-26 00:00:00+01:00,2550.0,2642.0,2550.0,2554.0,2552.469970703125,178873,0.0,0.0
2022-08-30 00:00:00+01:00,2532.0,2594.0,2526.0,2536.0,2534.480712890625,188956,0.0,0.0
2022-08-31 00:00:00+01:00,2500.0,2558.0,2500.0,2512.0,2510.4951171875,344784,0.0,0.0
2022-09-01 00:00:00+01:00,2496.0,2496.0,2395.490966796875,2400.0,2398.5625,170670,0.0,0.0
2022-09-02 00:00:00+01:00,2456.0,2456.0,2388.0,2428.0,2426.545654296875,383056,0.0,0.0
2022-09-05 00:00:00+01:00,2360.0,2402.0,2350.0,2396.0,2394.564697265625,208260,0.0,0.0
2022-09-06 00:00:00+01:00,2388.0,2424.0,2380.0,2402.0,2400.561279296875,285091,0.0,0.0
2022-09-07 00:00:00+01:00,2374.0,2452.0,2374.0,2450.0,2448.5322265625,247177,0.0,0.0
2022-09-08 00:00:00+01:00,2506.0,2506.0,2412.0,2480.0,2478.5146484375,201249,0.0,0.0
2022-09-09 00:00:00+01:00,2522.0,2556.0,2490.0,2534.0,2532.482177734375,250476,0.0,0.0
2022-09-12 00:00:00+01:00,2568.422119140625,2604.0,2555.080078125,2596.0,2594.445068359375,272332,0.0,0.0
2022-09-13 00:00:00+01:00,2588.0,2630.0,2558.0,2576.0,2574.45703125,233767,0.0,0.0
2022-09-14 00:00:00+01:00,2514.0,2572.0,2504.0,2526.0,2524.4873046875,271771,0.0,0.0
2022-09-15 00:00:00+01:00,2480.0,2546.93994140625,2476.0,2488.0,2486.509765625,156142,0.0,0.0
2022-09-16 00:00:00+01:00,2452.0,2528.0,2452.0,2494.0,2492.505859375,404399,0.0,0.0
2022-09-20 00:00:00+01:00,2450.0,2534.0,2402.0,2418.0,2416.5517578125,189346,0.0,0.0
2022-09-21 00:00:00+01:00,2352.0,2482.0,2352.0,2482.0,2480.51318359375,177628,0.0,0.0
2022-09-22 00:00:00+01:00,2418.0,2472.0,2410.0,2410.0,2408.55615234375,226409,0.0,0.0
2022-09-23 00:00:00+01:00,2406.0,2432.0,2356.0,2408.0,2406.5576171875,366178,0.0,0.0
2022-09-26 00:00:00+01:00,2460.0,2460.0,2376.0,2422.0,2420.549072265625,359247,0.0,0.0
2022-09-27 00:00:00+01:00,2426.0,2460.0,2330.0,2338.0,2336.599853515625,190668,0.0,0.0
2022-09-28 00:00:00+01:00,2288.0,2360.0,2258.0,2360.0,2358.58642578125,762523,0.0,0.0
2022-09-29 00:00:00+01:00,2392.0,2392.0,2206.0,2226.0,2224.66650390625,313332,0.0,0.0
2022-09-30 00:00:00+01:00,2190.0,2324.0,2190.0,2324.0,2322.607666015625,333209,0.0,0.0
2022-10-03 00:00:00+01:00,2302.0,2364.0,2284.0,2358.0,2356.58740234375,224019,0.0,0.0
2022-10-04 00:00:00+01:00,2366.0,2480.0,2364.0,2480.0,2478.5146484375,251510,0.0,0.0
2022-10-05 00:00:00+01:00,2486.0,2498.0,2446.0,2472.0,2470.51904296875,208053,0.0,0.0
2022-10-06 00:00:00+01:00,2518.0,2532.0,2482.0,2510.0,2508.49658203125,290806,0.0,0.0
2022-10-07 00:00:00+01:00,2520.0,2520.0,2412.0,2424.0,2422.548095703125,190266,0.0,0.0
2022-10-10 00:00:00+01:00,2392.0,2442.0,2370.0,2400.0,2398.5625,129224,0.0,0.0
2022-10-11 00:00:00+01:00,2352.0,2418.0,2352.0,2392.0,2390.567138671875,190511,0.0,0.0
2022-10-12 00:00:00+01:00,2392.0,2410.0,2310.0,2324.0,2322.607666015625,252608,0.0,0.0
2022-10-13 00:00:00+01:00,2264.0,2348.0,2222.0,2320.0,2318.6103515625,235206,0.0,0.0
2022-10-14 00:00:00+01:00,2348.0,2410.0,2328.0,2348.0,2346.59375,375530,0.0,0.0
2022-10-17 00:00:00+01:00,2412.0,2446.0,2306.0,2410.0,2408.55615234375,179474,0.0,0.0
2022-10-18 00:00:00+01:00,2482.0,2482.0,2414.0,2444.0,2442.5361328125,232150,0.0,0.0
2022-10-19 00:00:00+01:00,2444.0,2452.0,2376.0,2378.0,2376.575439453125,136959,0.0,0.0
2022-10-20 00:00:00+01:00,2402.0,2402.0,2344.0,2360.0,2358.58642578125,189878,0.0,0.0
2022-10-21 00:00:00+01:00,2300.0,2348.62109375,2260.0,2314.0,2312.61376953125,130349,0.0,0.0
2022-10-24 00:00:00+01:00,2292.0,2410.0,2292.0,2382.0,2380.5732421875,115264,0.0,0.0
2022-10-25 00:00:00+01:00,2390.0,2466.0,2368.0,2466.0,2464.522705078125,226541,0.0,0.0
2022-10-26 00:00:00+01:00,2400.0,2534.0,2400.0,2532.0,2530.4833984375,134082,0.0,0.0
2022-10-27 00:00:00+01:00,2540.0,2582.0,2472.0,2532.0,2530.4833984375,302711,0.0,0.0
2022-10-28 00:00:00+01:00,2558.0,2558.0,2442.0,2510.0,2508.49658203125,104209,0.0,0.0
2022-10-31 00:00:00+00:00,2492.0,2530.0,2464.0,2486.0,2484.510986328125,92847,0.0,0.0
2022-11-01 00:00:00+00:00,2456.0,2582.0,2456.0,2516.0,2514.4931640625,170475,0.0,0.0
2022-11-02 00:00:00+00:00,2516.0,2530.1201171875,2498.0,2508.0,2506.497802734375,272312,0.0,0.0
2022-11-03 00:00:00+00:00,2470.0,2500.0,2400.0,2432.0,2430.543212890625,126929,0.0,0.0
2022-11-04 00:00:00+00:00,2494.0,2500.0,2428.0,2496.0,2494.5048828125,181583,0.0,0.0
2022-11-07 00:00:00+00:00,2538.0,2538.0,2461.6298828125,2490.0,2488.50830078125,143727,0.0,0.0
2022-11-08 00:00:00+00:00,2466.0,2556.0,2454.0,2556.0,2554.468994140625,160746,0.0,0.0
2022-11-09 00:00:00+00:00,2550.0,2592.0,2526.0,2592.0,2590.447021484375,150121,0.0,0.0
2022-11-10 00:00:00+00:00,2598.0,2754.0,2528.0,2754.0,2752.35009765625,223619,0.0,0.0
2022-11-11 00:00:00+00:00,2786.0,2800.0,2734.0,2784.0,2782.332275390625,186990,0.0,0.0
2022-11-14 00:00:00+00:00,2792.0,2792.0,2708.0,2748.0,2746.35400390625,168582,0.0,0.0
2022-11-15 00:00:00+00:00,2748.0,2780.0,2708.0,2736.0,2734.36083984375,206263,0.0,0.0
2022-11-16 00:00:00+00:00,2658.0,2732.0,2654.0,2684.0,2682.392333984375,191943,0.0,0.0
2022-11-17 00:00:00+00:00,2606.0,2706.0,2606.0,2692.0,2690.387451171875,288301,0.0,0.0
2022-11-18 00:00:00+00:00,2712.0,2800.0,2680.0,2800.0,2798.32275390625,353058,0.0,0.0
2022-11-21 00:00:00+00:00,2856.0,2954.0,2766.780029296875,2874.0,2872.2783203125,309042,0.0,0.0
2022-11-22 00:00:00+00:00,2864.0,2910.0,2760.0,2800.0,2798.32275390625,246984,0.0,0.0
2022-11-23 00:00:00+00:00,2802.0,2880.0,2764.0,2852.0,2850.291748046875,115568,0.0,0.0
2022-11-24 00:00:00+00:00,2860.0,2908.0,2822.0,2854.0,2852.29052734375,224763,0.0,0.0
2022-11-25 00:00:00+00:00,2820.0,2916.0,2820.0,2862.0,2860.285400390625,149724,0.0,0.0
2022-11-28 00:00:00+00:00,2840.0,2868.0,2814.0,2826.0,2824.30712890625,169178,0.0,0.0
2022-11-29 00:00:00+00:00,2838.0,2838.0,2748.0,2752.0,2750.351318359375,178387,0.0,0.0
2022-11-30 00:00:00+00:00,2808.0,2832.0,2760.0,2800.0,2798.32275390625,270939,0.0,0.0
2022-12-01 00:00:00+00:00,2868.0,2948.0,2814.0,2920.0,2918.250732421875,247028,0.0,0.0
2022-12-02 00:00:00+00:00,2976.0,2976.0,2856.0,2930.0,2928.24462890625,230295,0.0,0.0
2022-12-05 00:00:00+00:00,2992.0,2992.0,2910.0,2918.0,2916.252197265625,103004,0.0,0.0
2022-12-06 00:00:00+00:00,2934.0,2946.0,2868.0,2868.0,2866.281982421875,158457,0.0,0.0
2022-12-07 00:00:00+00:00,2868.0,2880.0,2803.760009765625,2838.0,2836.300048828125,248368,0.0,0.0
2022-12-08 00:00:00+00:00,2898.0,2898.0,2830.0,2842.0,2840.29736328125,157261,0.0,0.0
2022-12-09 00:00:00+00:00,2782.0,2912.0,2782.0,2906.0,2904.259521484375,233060,0.0,0.0
2022-12-12 00:00:00+00:00,2852.0,2926.0,2852.0,2908.0,2906.258056640625,215671,0.0,0.0
2022-12-13 00:00:00+00:00,2920.0,3022.0,2906.0,2950.0,2948.232666015625,283860,0.0,0.0
2022-12-14 00:00:00+00:00,2946.0,2950.0,2902.0,2942.0,2940.23779296875,184661,0.0,0.0
2022-12-15 00:00:00+00:00,2890.0,2910.919921875,2824.0,2836.0,2834.30126953125,297618,0.0,0.0
2022-12-16 00:00:00+00:00,2820.0,2828.0,2756.0,2796.0,2794.3251953125,393130,0.0,0.0
2022-12-19 00:00:00+00:00,2860.0,2860.0,2784.0,2792.0,2790.327392578125,64619,0.0,0.0
2022-12-20 00:00:00+00:00,2866.0,2866.0,2760.0,2800.0,2798.32275390625,126523,0.0,0.0
2022-12-21 00:00:00+00:00,2824.0,2842.0,2786.0,2842.0,2840.29736328125,120409,0.0,0.0
2022-12-22 00:00:00+00:00,2840.0,2860.0,2800.0,2808.0,2806.318115234375,85312,0.0,0.0
2022-12-23 00:00:00+00:00,2796.0,2822.0,2772.0,2814.0,2812.314208984375,44760,0.0,0.0
2022-12-28 00:00:00+00:00,2818.0,2840.0,2810.0,2824.0,2822.30810546875,125350,0.0,0.0
2022-12-29 00:00:00+00:00,2760.0,2836.0,2760.0,2830.0,2828.3046875,112735,0.0,0.0
2022-12-30 00:00:00+00:00,2880.0,2880.0,2776.0,2776.0,2774.337158203125,65090,0.0,0.0
2023-01-03 00:00:00+00:00,2816.0,2846.0,2792.0,2820.0,2818.310791015625,186116,0.0,0.0
2023-01-04 00:00:00+00:00,2780.0,2848.0,2780.0,2844.0,2842.296142578125,128158,0.0,0.0
2023-01-05 00:00:00+00:00,2860.0,2878.0,2826.0,2834.0,2832.302490234375,157084,0.0,0.0
2023-01-06 00:00:00+00:00,2854.0,2876.0,2808.0,2876.0,2874.27734375,209361,0.0,0.0
2023-01-09 00:00:00+00:00,2896.0,2908.0,2850.0,2888.0,2886.270263671875,156714,0.0,0.0
2023-01-10 00:00:00+00:00,2822.0,2872.0,2822.0,2840.0,2838.298828125,255980,0.0,0.0
2023-01-11 00:00:00+00:00,2848.0,2870.0,2808.0,2856.0,2854.2890625,193912,0.0,0.0
2023-01-12 00:00:00+00:00,2800.0,2866.0,2800.0,2864.0,2862.284423828125,185364,0.0,0.0
2023-01-13 00:00:00+00:00,2788.0,2870.0,2788.0,2870.0,2868.281005859375,164928,0.0,0.0
2023-01-16 00:00:00+00:00,2930.0,2930.0,2854.0,2908.0,2906.258056640625,108169,0.0,0.0
2023-01-17 00:00:00+00:00,2968.0,2968.0,2836.0,2848.0,2846.2939453125,339888,0.0,0.0
2023-01-18 00:00:00+00:00,2908.0,2914.0,2824.0,2856.0,2854.2890625,562198,0.0,0.0
2023-01-19 00:00:00+00:00,2810.0,2828.0,2760.0,2798.0,2796.703857421875,461686,38.800003,0.0
2023-01-20 00:00:00+00:00,2814.0,2816.0,2770.0,2770.0,2768.716552734375,301472,0.0,0.0
2023-01-23 00:00:00+00:00,2850.0,2850.0,2760.0,2776.0,2774.714111328125,518663,0.0,0.0
2023-01-24 00:00:00+00:00,2850.0,2850.0,2774.0,2786.0,2784.70947265625,143511,0.0,0.0
2023-01-25 00:00:00+00:00,2726.0,2788.0,2712.0,2716.0,2714.74169921875,249482,0.0,0.0
2023-01-26 00:00:00+00:00,2652.0,2742.0,2652.0,2712.0,2710.74365234375,243193,0.0,0.0
2023-01-27 00:00:00+00:00,2766.0,2766.0,2690.0,2728.0,2726.736328125,370382,0.0,0.0
2023-01-30 00:00:00+00:00,2700.0,2750.0,2700.0,2748.0,2746.727294921875,183600,0.0,0.0
2023-01-31 00:00:00+00:00,2748.0,2748.0,2692.0,2730.0,2728.7353515625,354133,0.0,0.0
2023-02-01 00:00:00+00:00,2720.0,2766.0,2716.0,2720.0,2718.740234375,308257,0.0,0.0
2023-02-02 00:00:00+00:00,2760.0,2903.740966796875,2746.0,2902.0,2900.6552734375,398286,0.0,0.0
2023-02-03 00:00:00+00:00,2828.0,2970.0,2828.0,2970.0,2968.6240234375,243459,0.0,0.0
2023-02-06 00:00:00+00:00,2970.0,2970.0,2924.0,2952.0,2950.632568359375,222415,0.0,0.0
2023-02-07 00:00:00+00:00,2948.0,2966.0,2844.0,2882.0,2880.6650390625,563223,0.0,0.0
2023-02-08 00:00:00+00:00,2820.0,2950.0,2820.0,2858.0,2856.67626953125,211089,0.0,0.0
2023-02-09 00:00:00+00:00,2936.0,2936.0,2874.0,2874.0,2872.668701171875,86755,0.0,0.0
2023-02-10 00:00:00+00:00,2928.0,2928.0,2772.0,2790.0,2788.707763671875,201296,0.0,0.0
2023-02-13 00:00:00+00:00,2792.0,2858.0,2792.0,2850.0,2848.6796875,104934,0.0,0.0
2023-02-14 00:00:00+00:00,2848.0,2866.0,2804.0,2814.0,2812.6962890625,183380,0.0,0.0
2023-02-15 00:00:00+00:00,2880.0,2880.0,2820.0,2854.0,2852.677978515625,330484,0.0,0.0
2023-02-16 00:00:00+00:00,2914.0,2914.0,2814.0,2848.0,2846.6806640625,174056,0.0,0.0
2023-02-17 00:00:00+00:00,2840.0,2872.0,2784.0,2864.0,2862.67333984375,342514,0.0,0.0
2023-02-20 00:00:00+00:00,2928.0,2928.0,2834.0,2852.0,2850.678955078125,106231,0.0,0.0
2023-02-21 00:00:00+00:00,2900.0,2900.0,2804.0,2804.0,2802.70068359375,182234,0.0,0.0
2023-02-22 00:00:00+00:00,2710.0,2782.0,2659.20703125,2778.0,2776.713134765625,219393,0.0,0.0
2023-02-23 00:00:00+00:00,2720.0,2800.0,2720.0,2766.0,2764.718994140625,178425,0.0,0.0
2023-02-24 00:00:00+00:00,2804.0,2804.0,2742.0,2760.0,2758.721435546875,200878,0.0,0.0
2023-02-27 00:00:00+00:00,2754.0,2810.0,2754.0,2810.0,2808.698486328125,126580,0.0,0.0
2023-02-28 00:00:00+00:00,2804.0,2815.922119140625,2758.0,2782.0,2780.711181640625,337614,0.0,0.0
2023-03-01 00:00:00+00:00,2784.0,2832.0,2778.0,2806.0,2804.7001953125,149740,0.0,0.0
2023-03-02 00:00:00+00:00,2780.0,2832.0,2780.0,2832.0,2830.68798828125,225374,0.0,0.0
2023-03-03 00:00:00+00:00,2890.0,2890.0,2830.0,2846.0,2844.68212890625,137253,0.0,0.0
2023-03-06 00:00:00+00:00,2820.0,2854.0,2814.0,2834.0,2832.687255859375,169016,0.0,0.0
2023-03-07 00:00:00+00:00,2820.0,2860.0,2820.0,2836.0,2834.686279296875,275773,0.0,0.0
2023-03-08 00:00:00+00:00,2768.0,2832.0,2768.0,2818.0,2816.694580078125,211091,0.0,0.0
2023-03-09 00:00:00+00:00,2760.0,2812.0,2756.0,2804.0,2802.70068359375,113701,0.0,0.0
2023-03-10 00:00:00+00:00,2752.0,2786.0,2734.0,2734.0,2732.7333984375,192489,0.0,0.0
2023-03-13 00:00:00+00:00,2686.0,2742.0,2640.0,2658.0,2656.76904296875,244558,0.0,0.0
2023-03-14 00:00:00+00:00,2664.0,2702.0,2626.0,2702.0,2700.748291015625,243314,0.0,0.0
2023-03-15 00:00:00+00:00,2640.0,2686.0,2574.0,2584.0,2582.802734375,249106,0.0,0.0
2023-03-16 00:00:00+00:00,2642.0,2642.0,2565.0,2636.0,2634.779052734375,203210,0.0,0.0
2023-03-17 00:00:00+00:00,2636.0,2854.035888671875,2524.4951171875,2720.0,2718.740234375,2999110,0.0,0.0
2023-03-20 00:00:00+00:00,2702.0,2736.0,2678.0,2716.0,2714.74169921875,295862,0.0,0.0
2023-03-21 00:00:00+00:00,2764.0,2764.0,2704.0,2704.0,2702.747314453125,781870,0.0,0.0
2023-03-22 00:00:00+00:00,2702.0,2732.0,2646.0,2720.0,2718.740234375,1028821,0.0,0.0
2023-03-23 00:00:00+00:00,2708.0,2776.0,2684.0048828125,2776.0,2774.714111328125,322203,0.0,0.0
2023-03-24 00:00:00+00:00,2776.0,2776.0,2703.659912109375,2728.0,2726.736328125,368475,0.0,0.0
2023-03-27 00:00:00+01:00,2770.0,2770.0,2720.0,2722.0,2720.739013671875,252425,0.0,0.0
2023-03-28 00:00:00+01:00,2796.0,2796.0,2678.0,2702.0,2700.748291015625,148513,0.0,0.0
2023-03-29 00:00:00+01:00,2732.0,2736.197021484375,2692.221923828125,2728.0,2726.736328125,139212,0.0,0.0
2023-03-30 00:00:00+01:00,2770.0,2802.0,2746.0,2798.0,2796.703857421875,241233,0.0,0.0
2023-03-31 00:00:00+01:00,2794.0,2810.0,2785.77099609375,2810.0,2808.698486328125,157833,0.0,0.0
2023-04-03 00:00:00+01:00,2848.0,2848.0,2748.0,2772.0,2770.716064453125,317995,0.0,0.0
2023-04-04 00:00:00+01:00,2830.0,2830.0,2726.0,2726.0,2724.737548828125,179179,0.0,0.0
2023-04-05 00:00:00+01:00,2720.0,2720.0,2624.0,2636.0,2634.779052734375,245924,0.0,0.0
2023-04-06 00:00:00+01:00,2662.0,2662.0,2588.0,2600.0,2598.795654296875,193099,0.0,0.0
2023-04-11 00:00:00+01:00,2608.0,2623.60009765625,2574.0,2592.0,2590.799072265625,586865,0.0,0.0
2023-04-12 00:00:00+01:00,2594.0,2648.0,2580.0,2638.0,2636.77783203125,376914,0.0,0.0
2023-04-13 00:00:00+01:00,2602.0,2673.1259765625,2602.0,2646.0,2644.7744140625,140986,0.0,0.0
2023-04-14 00:00:00+01:00,2678.0,2684.0,2650.009033203125,2668.0,2666.76416015625,151179,0.0,0.0
2023-04-17 00:00:00+01:00,2674.0,2720.0,2664.0,2680.0,2678.75830078125,293281,0.0,0.0
2023-04-18 00:00:00+01:00,2716.0,2716.0,2672.0,2678.0,2676.759521484375,202506,0.0,0.0
2023-04-19 00:00:00+01:00,2664.0,2672.0,2634.0,2634.0,2632.77978515625,228737,0.0,0.0
2023-04-20 00:00:00+01:00,2584.0,2666.0,2584.0,2656.0,2654.76953125,543122,0.0,0.0
2023-04-21 00:00:00+01:00,2600.0,2706.0,2600.0,2696.0,2694.75146484375,525962,0.0,0.0
2023-04-24 00:00:00+01:00,2712.0,2727.300048828125,2689.659912109375,2712.0,2710.74365234375,95782,0.0,0.0
2023-04-25 00:00:00+01:00,2758.0,2758.0,2682.0,2682.0,2680.757568359375,448585,0.0,0.0
2023-04-26 00:00:00+01:00,2632.0,2678.0,2632.0,2660.0,2658.767822265625,256991,0.0,0.0
2023-04-27 00:00:00+01:00,2602.0,2692.0,2602.0,2666.0,2664.76513671875,437006,0.0,0.0
2023-04-28 00:00:00+01:00,2670.0,2700.0,2658.0,2686.0,2684.755859375,92758,0.0,0.0
2023-05-02 00:00:00+01:00,2704.0,2742.0,2690.0,2732.0,2730.734619140625,227828,0.0,0.0
2023-05-03 00:00:00+01:00,2742.0,2768.0,2728.0,2728.0,2726.736328125,584495,0.0,0.0
2023-05-04 00:00:00+01:00,2780.0,2780.0,2644.0,2658.0,2656.76904296875,296762,0.0,0.0
2023-05-05 00:00:00+01:00,2720.0,2720.0,2654.0,2698.0,2696.75,101099,0.0,0.0
2023-05-09 00:00:00+01:00,2640.0,2704.0,2636.0,2654.0,2652.7705078125,136605,0.0,0.0
2023-05-10 00:00:00+01:00,2656.0,2694.0,2638.261962890625,2694.0,2692.751953125,194609,0.0,0.0
2023-05-11 00:00:00+01:00,2796.0,2866.0,2784.0,2840.0,2838.6845703125,385147,0.0,0.0
2023-05-12 00:00:00+01:00,2790.0,2874.0,2790.0,2850.0,2848.6796875,437827,0.0,0.0
2023-05-15 00:00:00+01:00,2882.0,2964.0,2816.0,2898.0,2896.65771484375,373093,0.0,0.0
2023-05-16 00:00:00+01:00,2900.0,2954.0,2892.0,2954.0,2952.631591796875,290732,0.0,0.0
2023-05-17 00:00:00+01:00,2952.0,3028.0,2924.0,3012.0,3010.604736328125,427606,0.0,0.0
2023-05-18 00:00:00+01:00,3030.0,3084.0,3022.0,3084.0,3082.5712890625,164020,0.0,0.0
2023-05-19 00:00:00+01:00,3072.0,3116.0,3064.0,3072.0,3070.576904296875,158783,0.0,0.0
2023-05-22 00:00:00+01:00,3076.0,3076.0,3004.533935546875,3044.0,3042.58935546875,119833,0.0,0.0
2023-05-23 00:00:00+01:00,3018.0,3044.0,2931.25,2944.0,2942.63623046875,174458,0.0,0.0
2023-05-24 00:00:00+01:00,2892.0,2906.0,2852.0,2880.0,2878.666015625,133792,0.0,0.0
2023-05-25 00:00:00+01:00,2850.0,2938.0,2850.0,2920.0,2918.814453125,93675,16.5,0.0
2023-05-26 00:00:00+01:00,2880.0,2968.0,2880.0,2954.0,2952.80078125,157545,0.0,0.0
2023-05-30 00:00:00+01:00,2982.0,3042.0,2952.0,3008.0,3006.778564453125,297805,0.0,0.0
2023-05-31 00:00:00+01:00,2996.0,3078.0,2948.0,3032.0,3030.768798828125,1550391,0.0,0.0
2023-06-01 00:00:00+01:00,2990.0,3036.0,2988.0,3008.0,3006.778564453125,368749,0.0,0.0
2023-06-02 00:00:00+01:00,2960.0,3070.0,2960.0,3056.0,3054.759033203125,134126,0.0,0.0
2023-06-05 00:00:00+01:00,3080.0,3090.0,3032.0,3060.0,3058.7578125,199506,0.0,0.0
2023-06-06 00:00:00+01:00,3054.0,3072.0,3032.0,3056.0,3054.759033203125,170739,0.0,0.0
2023-06-07 00:00:00+01:00,3050.0,3076.0,3042.0,3076.0,3074.751220703125,157306,0.0,0.0
2023-06-08 00:00:00+01:00,3100.0,3104.0400390625,3048.0,3100.0,3098.7412109375,145092,0.0,0.0
2023-06-09 00:00:00+01:00,3026.0,3100.0,3000.320068359375,3070.0,3068.753662109375,147742,0.0,0.0
2023-06-12 00:00:00+01:00,3070.0,3136.0,3070.0,3100.0,3098.7412109375,181638,0.0,0.0
2023-06-13 00:00:00+01:00,3050.0,3174.0,3050.0,3166.0,3164.71484375,309691,0.0,0.0
2023-06-14 00:00:00+01:00,3166.0,3174.0,3136.0,3150.0,3148.72119140625,277142,0.0,0.0
2023-06-15 00:00:00+01:00,3134.0,3142.0,3086.0,3126.0,3124.73095703125,180225,0.0,0.0
2023-06-16 00:00:00+01:00,3126.0,3154.0,3118.0,3120.0,3118.7333984375,433466,0.0,0.0
2023-06-19 00:00:00+01:00,3108.0,3114.0,3016.0,3032.0,3030.768798828125,308554,0.0,0.0
2023-06-20 00:00:00+01:00,3016.0,3042.0,2976.0,3022.0,3020.77294921875,107778,0.0,0.0
2023-06-21 00:00:00+01:00,2994.0,3002.0,2960.0,2962.0,2960.79736328125,310217,0.0,0.0
2023-06-22 00:00:00+01:00,2944.0,2958.0,2906.0,2954.0,2952.80078125,146239,0.0,0.0
2023-06-23 00:00:00+01:00,2894.0,2962.0,2894.0,2932.0,2930.8095703125,116837,0.0,0.0
2023-06-26 00:00:00+01:00,2946.0,2946.0,2866.0,2912.0,2910.817626953125,142948,0.0,0.0
2023-06-27 00:00:00+01:00,2978.0,2978.0,2874.0,2880.0,2878.830810546875,166702,0.0,0.0
2023-06-28 00:00:00+01:00,2902.0,2964.0,2888.1201171875,2956.0,2954.7998046875,215491,0.0,0.0
2023-06-29 00:00:00+01:00,2936.0,2962.0,2936.0,2952.0,2950.801513671875,142152,0.0,0.0
2023-06-30 00:00:00+01:00,2964.0,3006.0,2954.0,2984.0,2982.788330078125,216669,0.0,0.0
2023-07-03 00:00:00+01:00,2986.0,2992.0,2940.0,2952.0,2950.801513671875,175362,0.0,0.0
2023-07-04 00:00:00+01:00,2950.0,2964.0,2916.0,2964.0,2962.79638671875,601140,0.0,0.0
2023-07-05 00:00:00+01:00,2970.0,2970.0,2938.0,2946.0,2944.803955078125,161537,0.0,0.0
2023-07-06 00:00:00+01:00,2898.0,2948.0,2880.0,2880.0,2878.830810546875,261610,0.0,0.0
2023-07-07 00:00:00+01:00,2862.0,2886.0,2830.0,2876.0,2874.83251953125,113530,0.0,0.0
2023-07-10 00:00:00+01:00,2938.0,2938.0,2854.0,2906.0,2904.8203125,115306,0.0,0.0
2023-07-11 00:00:00+01:00,2896.0,2928.0,2884.0,2896.0,2894.82421875,212103,0.0,0.0
2023-07-12 00:00:00+01:00,2826.0,2978.0,2826.0,2964.0,2962.79638671875,226712,0.0,0.0
2023-07-13 00:00:00+01:00,3050.0,3140.0,3044.0,3070.0,3068.753662109375,325599,0.0,0.0
2023-07-14 00:00:00+01:00,3058.0,3080.0,3012.0,3064.0,3062.755859375,151848,0.0,0.0
2023-07-17 00:00:00+01:00,3084.0,3084.0,2986.0,2986.0,2984.787841796875,252078,0.0,0.0
2023-07-18 00:00:00+01:00,2998.0,3024.0,2984.0,3024.0,3022.7724609375,407612,0.0,0.0
2023-07-19 00:00:00+01:00,3100.0,3146.0,3080.0,3110.0,3108.7373046875,650153,0.0,0.0
2023-07-20 00:00:00+01:00,3110.0,3150.0,3098.0,3120.0,3118.7333984375,461538,0.0,0.0
2023-07-21 00:00:00+01:00,3132.0,3132.0,3092.0,3128.0,3126.72998046875,225452,0.0,0.0
2023-07-24 00:00:00+01:00,3106.0,3138.0,3100.0,3134.0,3132.727294921875,195198,0.0,0.0
2023-07-25 00:00:00+01:00,3146.0,3156.0,3108.0,3150.0,3148.72119140625,135055,0.0,0.0
2023-07-26 00:00:00+01:00,3140.0,3150.0,3116.0,3144.0,3142.723388671875,105367,0.0,0.0
2023-07-27 00:00:00+01:00,3162.0,3226.0,3142.0,3210.0,3208.69677734375,313160,0.0,0.0
2023-07-28 00:00:00+01:00,3194.0,3214.0,3182.0,3206.0,3204.698486328125,159270,0.0,0.0
2023-07-31 00:00:00+01:00,3196.0,3246.0,3188.0,3238.0,3236.685546875,145604,0.0,0.0
2023-08-01 00:00:00+01:00,3214.0,3258.0,3204.0,3250.0,3248.680419921875,146628,0.0,0.0
2023-08-02 00:00:00+01:00,3204.0,3248.0,3204.0,3216.0,3214.6943359375,204387,0.0,0.0
2023-08-03 00:00:00+01:00,3192.0,3240.0,3180.0,3226.0,3224.690185546875,306894,0.0,0.0
2023-08-04 00:00:00+01:00,3238.0,3260.0,3209.68994140625,3252.0,3250.6796875,159813,0.0,0.0
2023-08-07 00:00:00+01:00,3248.0,3258.0,3226.0,3256.0,3254.67822265625,190934,0.0,0.0
2023-08-08 00:00:00+01:00,3232.0,3268.0,3171.760009765625,3238.0,3236.685546875,115518,0.0,0.0
2023-08-09 00:00:00+01:00,3326.0,3326.0,3234.0,3272.0,3270.67138671875,722436,0.0,0.0
2023-08-10 00:00:00+01:00,3320.0,3320.0,3258.0,3308.0,3306.65673828125,142721,0.0,0.0
2023-08-11 00:00:00+01:00,3280.0,3316.0,3244.0,3244.0,3242.682861328125,336367,0.0,0.0
2023-08-14 00:00:00+01:00,3246.0,3258.0,3232.0,3254.0,3252.6787109375,422537,0.0,0.0
2023-08-15 00:00:00+01:00,3178.0,3290.0,3178.0,3280.0,3278.66845703125,475336,0.0,0.0
2023-08-16 00:00:00+01:00,3272.0,3346.0,3264.0,3290.0,3288.6640625,658793,0.0,0.0
2023-08-17 00:00:00+01:00,3228.0,3330.0,3156.0,3156.0,3154.718994140625,459854,0.0,0.0
2023-08-18 00:00:00+01:00,3176.0,3218.0,3082.0,3126.0,3124.73095703125,496462,0.0,0.0
2023-08-21 00:00:00+01:00,3050.0,3142.0,3050.0,3074.0,3072.751953125,296463,0.0,0.0
2023-08-22 00:00:00+01:00,3162.0,3162.0,3082.0,3094.0,3092.74365234375,426852,0.0,0.0
2023-08-23 00:00:00+01:00,3098.0,3136.0,3090.0,3120.0,3118.7333984375,451900,0.0,0.0
2023-08-24 00:00:00+01:00,3134.0,3160.0,3106.0,3118.0,3116.734130859375,235229,0.0,0.0
2023-08-25 00:00:00+01:00,3108.0,3144.0,3096.81005859375,3118.0,3116.734130859375,255875,0.0,0.0
2023-08-29 00:00:00+01:00,3206.0,3206.0,3128.0,3174.0,3172.71142578125,256670,0.0,0.0
2023-08-30 00:00:00+01:00,3142.0,3202.0,3138.0,3146.0,3144.72265625,343039,0.0,0.0
2023-08-31 00:00:00+01:00,3156.0,3160.0,3122.0,3134.0,3132.727294921875,621754,0.0,0.0
2023-09-01 00:00:00+01:00,3140.0,3154.0,3118.0,3134.0,3132.727294921875,282095,0.0,0.0
2023-09-04 00:00:00+01:00,3212.0,3212.0,3102.0,3148.0,3146.721923828125,222486,0.0,0.0
2023-09-05 00:00:00+01:00,3174.0,3174.0,3110.0,3110.0,3108.7373046875,228424,0.0,0.0
2023-09-06 00:00:00+01:00,3126.0,3166.0,3098.2099609375,3152.0,3150.719970703125,240469,0.0,0.0
2023-09-07 00:00:00+01:00,3170.0,3186.0,3124.0,3144.0,3142.723388671875,201348,0.0,0.0
2023-09-08 00:00:00+01:00,3180.0,3180.0,3130.0,3148.0,3146.721923828125,179707,0.0,0.0
2023-09-11 00:00:00+01:00,3210.0,3210.0,3098.0,3116.0,3114.73486328125,169454,0.0,0.0
2023-09-12 00:00:00+01:00,3042.0,3112.0,3042.0,3092.0,3090.74462890625,163918,0.0,0.0
2023-09-13 00:00:00+01:00,3096.0,3112.0,3048.0,3106.0,3104.73876953125,293480,0.0,0.0
2023-09-14 00:00:00+01:00,3078.0,3130.0,3058.0,3130.0,3128.729248046875,315999,0.0,0.0
2023-09-15 00:00:00+01:00,3166.0,3174.0,3098.0,3126.0,3124.73095703125,4147836,0.0,0.0
2023-09-18 00:00:00+01:00,3154.0,3162.0,3098.0,3114.0,3112.73583984375,213319,0.0,0.0
2023-09-19 00:00:00+01:00,3140.0,3140.0,3052.0,3064.0,3062.755859375,135549,0.0,0.0
2023-09-20 00:00:00+01:00,3078.0,3136.0,3072.0,3124.0,3122.7314453125,121597,0.0,0.0
2023-09-21 00:00:00+01:00,3112.0,3140.0,3076.0,3084.0,3082.747802734375,220214,0.0,0.0
2023-09-22 00:00:00+01:00,3052.0,3076.0,3035.986083984375,3074.0,3072.751953125,461931,0.0,0.0
2023-09-25 00:00:00+01:00,3082.0,3082.0,2976.0,3014.0,3012.776123046875,268272,0.0,0.0
2023-09-26 00:00:00+01:00,3018.0,3022.0,2968.0,2974.0,2972.792236328125,656452,0.0,0.0
2023-09-27 00:00:00+01:00,3030.0,3032.0,2944.0,2954.0,2952.80078125,560100,0.0,0.0
2023-09-28 00:00:00+01:00,2990.0,3002.0,2940.0,3002.0,3000.781005859375,431886,0.0,0.0
2023-09-29 00:00:00+01:00,3012.0,3040.0,2992.0,3004.0,3002.7802734375,438371,0.0,0.0
2023-10-02 00:00:00+01:00,2980.0,3018.0,2883.922119140625,2910.0,2908.81884765625,450885,0.0,0.0
2023-10-03 00:00:00+01:00,2900.0,2944.0,2886.0,2920.0,2918.814453125,140462,0.0,0.0
2023-10-04 00:00:00+01:00,2854.0,2928.0,2854.0,2904.0,2902.821044921875,283707,0.0,0.0
2023-10-05 00:00:00+01:00,2908.0,2956.0,2896.0,2902.0,2900.821533203125,264364,0.0,0.0
2023-10-06 00:00:00+01:00,2912.0,2954.0,2902.0,2954.0,2952.80078125,268742,0.0,0.0
2023-10-09 00:00:00+01:00,2880.0,2942.0,2880.0,2890.0,2888.82666015625,201941,0.0,0.0
2023-10-10 00:00:00+01:00,2920.0,2966.0,2918.0,2950.0,2948.80224609375,409779,0.0,0.0
2023-10-11 00:00:00+01:00,2942.0,2949.23193359375,2908.0,2938.0,2936.80712890625,701484,0.0,0.0
2023-10-12 00:00:00+01:00,2986.0,2988.0,2938.0,2944.0,2942.8046875,339253,0.0,0.0
2023-10-13 00:00:00+01:00,2968.0,2968.0,2907.924072265625,2908.0,2906.819580078125,210379,0.0,0.0
2023-10-16 00:00:00+01:00,2932.0,2942.0,2880.0,2910.0,2908.81884765625,290118,0.0,0.0
2023-10-17 00:00:00+01:00,2930.0,2954.0,2906.0,2942.0,2940.8056640625,213745,0.0,0.0
2023-10-18 00:00:00+01:00,2958.0,3010.0,2900.0,2918.0,2916.8154296875,604171,0.0,0.0
2023-10-19 00:00:00+01:00,2918.0,2940.0,2854.0,2854.0,2852.84130859375,381426,0.0,0.0
2023-10-20 00:00:00+01:00,2838.0,2856.0,2810.988037109375,2828.0,2826.852294921875,363787,0.0,0.0
2023-10-23 00:00:00+01:00,2858.0,2898.0,2816.0,2872.0,2870.833984375,167853,0.0,0.0
2023-10-24 00:00:00+01:00,2876.0,2886.0,2828.0,2828.0,2826.852294921875,187593,0.0,0.0
2023-10-25 00:00:00+01:00,2822.0,2844.0,2798.0,2818.0,2816.85595703125,208094,0.0,0.0
2023-10-26 00:00:00+01:00,2800.0,2820.0,2772.8798828125,2804.0,2802.861328125,180215,0.0,0.0
2023-10-27 00:00:00+01:00,2802.0,2824.0,2776.0,2816.0,2814.85693359375,293975,0.0,0.0
2023-10-30 00:00:00+00:00,2840.0,2844.0,2814.0,2824.0,2822.853271484375,393105,0.0,0.0
2023-10-31 00:00:00+00:00,2848.0,2878.0,2832.0,2842.0,2840.845947265625,216324,0.0,0.0
2023-11-01 00:00:00+00:00,2884.0,2900.0,2820.0,2886.0,2884.828369140625,250018,0.0,0.0
2023-11-02 00:00:00+00:00,2916.0,2968.0,2892.0,2928.0,2926.811279296875,297582,0.0,0.0
2023-11-03 00:00:00+00:00,2922.0,2986.0,2914.0,2968.0,2966.794921875,289866,0.0,0.0
2023-11-06 00:00:00+00:00,2968.0,2994.0,2910.0,2910.0,2908.81884765625,116864,0.0,0.0
2023-11-07 00:00:00+00:00,2900.0,2972.0,2892.0,2958.0,2956.799072265625,171226,0.0,0.0
2023-11-08 00:00:00+00:00,2950.0,2970.0,2937.9140625,2956.0,2954.7998046875,202310,0.0,0.0
2023-11-09 00:00:00+00:00,2948.0,3034.0,2945.699951171875,3032.0,3030.768798828125,385866,0.0,0.0
2023-11-10 00:00:00+00:00,3036.0,3044.0,2964.0,2986.0,2984.787841796875,405956,0.0,0.0
2023-11-13 00:00:00+00:00,2986.0,3008.0,2972.0,2996.0,2994.78369140625,170441,0.0,0.0
2023-11-14 00:00:00+00:00,2994.0,3046.0,2968.0,3040.0,3038.765869140625,399491,0.0,0.0
2023-11-15 00:00:00+00:00,3060.0,3098.0,3000.0,3022.0,3020.77294921875,352314,0.0,0.0
2023-11-16 00:00:00+00:00,3028.0,3078.0,2978.0,2992.0,2990.78515625,301986,0.0,0.0
2023-11-17 00:00:00+00:00,3024.0,3044.0,2992.0,3020.0,3018.773681640625,451069,0.0,0.0
2023-11-20 00:00:00+00:00,3082.0,3386.0,2992.0,3358.0,3356.636474609375,930102,0.0,0.0
2023-11-21 00:00:00+00:00,3336.0,3400.0,3284.0,3320.0,3318.65185546875,369510,0.0,0.0
2023-11-22 00:00:00+00:00,3340.0,3390.0,3324.0,3350.0,3348.639892578125,322995,0.0,0.0
2023-11-23 00:00:00+00:00,3362.0,3364.0,3318.0,3344.0,3342.642333984375,158305,0.0,0.0
2023-11-24 00:00:00+00:00,3332.0,3348.0,3306.0,3342.0,3340.64306640625,154506,0.0,0.0
2023-11-27 00:00:00+00:00,3342.0,3362.0,3324.0,3330.0,3328.64794921875,228698,0.0,0.0
2023-11-28 00:00:00+00:00,3330.0,3330.0,3290.0,3318.0,3316.653076171875,257179,0.0,0.0
2023-11-29 00:00:00+00:00,3322.0,3396.339111328125,3264.090087890625,3374.0,3372.6298828125,211510,0.0,0.0
2023-11-30 00:00:00+00:00,3384.0,3402.0,3350.0,3350.0,3348.639892578125,571891,0.0,0.0
2023-12-01 00:00:00+00:00,3368.0,3400.0,3354.0,3374.0,3372.6298828125,385607,0.0,0.0
2023-12-04 00:00:00+00:00,3364.0,3390.0,3322.0,3340.0,3338.643798828125,359752,0.0,0.0
2023-12-05 00:00:00+00:00,3326.0,3402.0,3296.0,3366.0,3364.633544921875,267141,0.0,0.0
2023-12-06 00:00:00+00:00,3390.0,3422.0,3364.0,3412.0,3410.61474609375,247944,0.0,0.0
2023-12-07 00:00:00+00:00,3412.0,3432.0,3382.0,3384.0,3382.6259765625,328560,0.0,0.0
2023-12-08 00:00:00+00:00,3416.0,3458.0,3382.0,3428.0,3426.60791015625,245710,0.0,0.0
2023-12-11 00:00:00+00:00,3438.0,3456.0,3412.0,3456.0,3454.596923828125,176706,0.0,0.0
2023-12-12 00:00:00+00:00,3472.0,3486.0,3454.0,3470.0,3468.59130859375,204144,0.0,0.0
2023-12-13 00:00:00+00:00,3478.0,3504.0,3466.0,3466.0,3464.5927734375,227970,0.0,0.0
2023-12-14 00:00:00+00:00,3522.0,3584.0,3500.0,3536.0,3534.564208984375,848314,0.0,0.0
2023-12-15 00:00:00+00:00,3554.0,3578.0,3535.919921875,3562.0,3560.5537109375,635998,0.0,0.0
2023-12-18 00:00:00+00:00,3554.0,3572.0,3514.0,3522.0,3520.570068359375,176001,0.0,0.0
2023-12-19 00:00:00+00:00,3590.0,3592.0,3514.0,3552.0,3550.557861328125,1145230,0.0,0.0
2023-12-20 00:00:00+00:00,3574.0,3622.0,3546.0,3596.0,3594.5400390625,150292,0.0,0.0
2023-12-21 00:00:00+00:00,3624.0,3626.0,3562.0,3604.0,3602.536376953125,172860,0.0,0.0
2023-12-22 00:00:00+00:00,3594.0,3594.0,3562.0,3580.0,3578.54638671875,57611,0.0,0.0
2023-12-27 00:00:00+00:00,3602.0,3642.0,3590.0,3608.0,3606.53515625,125624,0.0,0.0
2023-12-28 00:00:00+00:00,3632.0,3632.0,3582.0,3588.0,3586.543212890625,106006,0.0,0.0
2023-12-29 00:00:00+00:00,3594.0,3606.0,3582.0,3582.0,3580.545654296875,85938,0.0,0.0
2024-01-02 00:00:00+00:00,3512.0,3586.0,3426.0,3450.0,3448.599365234375,199745,0.0,0.0
2024-01-03 00:00:00+00:00,3418.0,3440.0,3354.0,3354.0,3352.638427734375,464588,0.0,0.0
2024-01-04 00:00:00+00:00,3332.0,3380.0,3302.0,3374.0,3372.6298828125,562484,0.0,0.0
2024-01-05 00:00:00+00:00,3372.0,3378.719970703125,3306.0,3346.0,3344.641357421875,204279,0.0,0.0
2024-01-08 00:00:00+00:00,3342.0,3392.0,3318.0,3384.0,3382.6259765625,266792,0.0,0.0
2024-01-09 00:00:00+00:00,3398.0,3398.0,3344.0,3370.0,3368.6318359375,134566,0.0,0.0
2024-01-10 00:00:00+00:00,3370.0,3374.0,3343.180908203125,3370.0,3368.6318359375,175911,0.0,0.0
2024-01-11 00:00:00+00:00,3398.0,3402.0,3326.0,3326.0,3324.64990234375,180854,0.0,0.0
2024-01-12 00:00:00+00:00,3346.0,3402.0,3320.0,3380.0,3378.627685546875,235312,0.0,0.0
2024-01-15 00:00:00+00:00,3382.0,3392.0,3300.0,3366.0,3364.633544921875,147636,0.0,0.0
2024-01-16 00:00:00+00:00,3362.0,3372.0,3338.0,3338.0,3336.644775390625,275012,0.0,0.0
2024-01-17 00:00:00+00:00,3262.0,3320.0,3248.0,3278.0,3276.6689453125,354812,0.0,0.0
2024-01-18 00:00:00+00:00,3276.0,3276.0,3235.924072265625,3274.0,3273.070068359375,205588,40.0,0.0
2024-01-19 00:00:00+00:00,3292.0,3300.0,3232.0,3232.0,3231.081787109375,1173382,0.0,0.0
2024-01-22 00:00:00+00:00,3280.0,3290.0,3264.0,3270.0,3269.0712890625,278400,0.0,0.0
2024-01-23 00:00:00+00:00,3296.0,3298.0,3228.0,3228.0,3227.083251953125,445252,0.0,0.0
2024-01-24 00:00:00+00:00,3250.0,3266.0,3224.0,3238.0,3237.080322265625,264073,0.0,0.0
2024-01-25 00:00:00+00:00,3210.0,3272.0,3200.0,3272.0,3271.070556640625,380732,0.0,0.0
2024-01-26 00:00:00+00:00,3278.0,3334.0,3260.0,3334.0,3333.052978515625,608089,0.0,0.0
2024-01-29 00:00:00+00:00,3336.0,3338.0,3286.0,3290.0,3289.0654296875,375450,0.0,0.0
2024-01-30 00:00:00+00:00,3316.0,3326.0,3294.0,3294.0,3293.064453125,612459,0.0,0.0
2024-01-31 00:00:00+00:00,3298.0,3301.98291015625,3252.0,3260.0,3259.073974609375,831363,0.0,0.0
2024-02-01 00:00:00+00:00,3248.0,3384.0,3248.0,3340.0,3339.05126953125,567370,0.0,0.0
2024-02-02 00:00:00+00:00,3266.0,3354.0,3266.0,3320.0,3319.056640625,265814,0.0,0.0
2024-02-05 00:00:00+00:00,3330.0,3340.0,3258.0,3258.0,3257.07470703125,1040639,0.0,0.0
2024-02-06 00:00:00+00:00,3268.0,3298.0,3262.0,3294.0,3293.064453125,706738,0.0,0.0
2024-02-07 00:00:00+00:00,3326.0,3332.0,3272.0,3290.0,3289.0654296875,546097,0.0,0.0
2024-02-08 00:00:00+00:00,3286.0,3386.0,3282.0,3386.0,3385.0380859375,388918,0.0,0.0
2024-02-09 00:00:00+00:00,3398.0,3414.0,3354.0,3380.0,3379.0400390625,220213,0.0,0.0
2024-02-12 00:00:00+00:00,3394.0,3438.0,3366.0,3386.0,3385.0380859375,167366,0.0,0.0
2024-02-13 00:00:00+00:00,3356.0,3366.0,3248.0,3300.0,3299.06298828125,299577,0.0,0.0
2024-02-14 00:00:00+00:00,3348.0,3348.0,3298.0,3310.0,3309.059814453125,152096,0.0,0.0
2024-02-15 00:00:00+00:00,3352.0,3368.0,3324.0,3332.0,3331.0537109375,228406,0.0,0.0
2024-02-16 00:00:00+00:00,3342.0,3426.0,3342.0,3426.0,3425.02685546875,260320,0.0,0.0
2024-02-19 00:00:00+00:00,3400.0,3428.0,3386.0,3406.0,3405.032470703125,187191,0.0,0.0
2024-02-20 00:00:00+00:00,3394.0,3422.0,3380.0,3402.0,3401.03369140625,177157,0.0,0.0
2024-02-21 00:00:00+00:00,3402.0,3411.990966796875,3352.0,3388.0,3387.037841796875,95027,0.0,0.0
2024-02-22 00:00:00+00:00,3364.0,3424.0,3354.0,3424.0,3423.027587890625,130222,0.0,0.0
2024-02-23 00:00:00+00:00,3386.0,3433.27587890625,3386.0,3428.0,3427.026123046875,165991,0.0,0.0
2024-02-26 00:00:00+00:00,3422.0,3462.0,3414.0,3450.0,3449.020263671875,195671,0.0,0.0
2024-02-27 00:00:00+00:00,3456.0,3460.0,3434.0,3448.0,3447.020751953125,219880,0.0,0.0
2024-02-28 00:00:00+00:00,3442.0,3452.0,3410.0,3442.0,3441.0224609375,1193221,0.0,0.0
2024-02-29 00:00:00+00:00,3460.0,3492.0,3454.0,3456.0,3455.018310546875,816981,0.0,0.0
2024-03-01 00:00:00+00:00,3498.0,3508.0,3436.412109375,3482.0,3481.010986328125,243996,0.0,0.0
2024-03-04 00:00:00+00:00,3462.0,3478.199951171875,3392.0,3430.0,3429.02587890625,190850,0.0,0.0
2024-03-05 00:00:00+00:00,3372.0,3430.0,3372.0,3382.0,3381.039306640625,179693,0.0,0.0
2024-03-06 00:00:00+00:00,3394.0,3418.0,3364.0,3416.0,3415.029541015625,394828,0.0,0.0
2024-03-07 00:00:00+00:00,3404.0,3432.0,3394.0,3412.0,3411.031005859375,220795,0.0,0.0
2024-03-08 00:00:00+00:00,3378.0,3426.0,3376.0,3418.0,3417.029296875,223217,0.0,0.0
2024-03-11 00:00:00+00:00,3392.0,3406.0,3368.0,3400.0,3399.0341796875,513704,0.0,0.0
2024-03-12 00:00:00+00:00,3430.0,3460.0,3410.0,3450.0,3449.020263671875,160542,0.0,0.0
2024-03-13 00:00:00+00:00,3454.0,3466.0,3398.0,3400.0,3399.0341796875,637566,0.0,0.0
2024-03-14 00:00:00+00:00,3394.0,3406.0,3362.0,3390.0,3389.037109375,411477,0.0,0.0
2024-03-15 00:00:00+00:00,3366.0,3414.0,3366.0,3380.0,3379.0400390625,268488,0.0,0.0
2024-03-18 00:00:00+00:00,3384.0,3412.0,3362.0,3374.0,3373.04150390625,101654,0.0,0.0
2024-03-19 00:00:00+00:00,3344.0,3362.0,3322.0,3344.0,3343.05029296875,145116,0.0,0.0
2024-03-20 00:00:00+00:00,3326.0,3394.0,3326.0,3372.0,3371.042236328125,169025,0.0,0.0
2024-03-21 00:00:00+00:00,3428.0,3448.0,3388.0,3448.0,3447.020751953125,200109,0.0,0.0
2024-03-22 00:00:00+00:00,3458.0,3482.0,3436.0,3452.0,3451.019287109375,130164,0.0,0.0
2024-03-25 00:00:00+00:00,3424.0,3442.0,3388.0,3396.0,3395.035400390625,94149,0.0,0.0
2024-03-26 00:00:00+00:00,3374.0,3426.0,3372.0,3426.0,3425.02685546875,176485,0.0,0.0
2024-03-27 00:00:00+00:00,3644.0,3870.0,3630.011962890625,3750.0,3748.93505859375,778181,0.0,0.0
2024-03-28 00:00:00+00:00,3686.0,3758.0,3680.0,3722.0,3720.94287109375,607837,0.0,0.0
2024-04-02 00:00:00+01:00,3744.0,3760.080078125,3634.0,3634.0,3632.9677734375,506915,0.0,0.0
2024-04-03 00:00:00+01:00,3628.0,3672.0,3600.0,3606.0,3604.9755859375,215683,0.0,0.0
2024-04-04 00:00:00+01:00,3598.0,3624.0,3578.0,3588.0,3586.98095703125,143096,0.0,0.0
2024-04-05 00:00:00+01:00,3542.0,3586.0,3530.0,3586.0,3584.981201171875,254363,0.0,0.0
2024-04-08 00:00:00+01:00,3620.0,3668.0,3618.0,3660.0,3658.96044921875,458470,0.0,0.0
2024-04-09 00:00:00+01:00,3658.0,3658.0,3584.0,3594.0,3592.97900390625,254681,0.0,0.0
2024-04-10 00:00:00+01:00,3620.0,3633.62109375,3582.0,3620.0,3618.971923828125,1053872,0.0,0.0
2024-04-11 00:00:00+01:00,3620.0,3652.0,3558.0,3590.0,3588.98046875,298803,0.0,0.0
2024-04-12 00:00:00+01:00,3650.0,3662.0,3538.0,3568.0,3566.986572265625,160852,0.0,0.0
2024-04-15 00:00:00+01:00,3574.0,3634.0,3534.0,3580.0,3578.983154296875,194718,0.0,0.0
2024-04-16 00:00:00+01:00,3520.0,3540.0,3468.0,3526.0,3524.998291015625,306488,0.0,0.0
2024-04-17 00:00:00+01:00,3504.0,3536.0,3498.0,3528.0,3526.998046875,186149,0.0,0.0
2024-04-18 00:00:00+01:00,3556.0,3572.0,3498.0,3538.0,3536.995361328125,1355273,0.0,0.0
2024-04-19 00:00:00+01:00,3506.0,3520.0,3488.0,3506.0,3505.00390625,497337,0.0,0.0
2024-04-22 00:00:00+01:00,3544.0,3594.0,3528.0,3542.0,3540.99365234375,215509,0.0,0.0
2024-04-23 00:00:00+01:00,3566.0,3592.0,3538.0,3564.0,3562.98779296875,171244,0.0,0.0
2024-04-24 00:00:00+01:00,3570.0,3610.0,3566.0,3582.0,3580.982666015625,662551,0.0,0.0
2024-04-25 00:00:00+01:00,3558.0,3594.0,3518.0,3564.0,3562.98779296875,220031,0.0,0.0
2024-04-26 00:00:00+01:00,3576.0,3616.0,3552.0,3616.0,3614.97265625,232305,0.0,0.0
2024-04-29 00:00:00+01:00,3612.0,3646.0,3602.0,3608.0,3606.975341796875,333447,0.0,0.0
2024-04-30 00:00:00+01:00,3614.0,3652.0,3600.0,3628.0,3626.969482421875,243007,0.0,0.0
2024-05-01 00:00:00+01:00,3576.0,3617.152099609375,3617.152099609375,3618.0,3616.97265625,45348,0.0,0.0
2024-05-02 00:00:00+01:00,3622.0,3732.0,3622.0,3710.0,3708.946044921875,419758,0.0,0.0
2024-05-03 00:00:00+01:00,3738.0,3786.0,3706.0,3710.0,3708.946044921875,227707,0.0,0.0
2024-05-07 00:00:00+01:00,3730.0,3764.0,3706.0,3748.0,3746.935302734375,200706,0.0,0.0
2024-05-08 00:00:00+01:00,3760.0,3818.0,3748.0,3816.0,3814.916259765625,368767,0.0,0.0
2024-05-09 00:00:00+01:00,3814.0,3854.0,3700.0,3848.0,3846.9072265625,184839,0.0,0.0
2024-05-10 00:00:00+01:00,3860.0,3918.0,3836.0,3902.0,3900.8916015625,180991,0.0,0.0
2024-05-13 00:00:00+01:00,4340.0,4340.0,4028.0,4060.0,4058.846923828125,503571,0.0,0.0
2024-05-14 00:00:00+01:00,4052.0,4116.0,3996.0,4086.0,4084.83935546875,355350,0.0,0.0
2024-05-15 00:00:00+01:00,4162.0,4170.0,4086.0,4122.0,4120.82861328125,289409,0.0,0.0
2024-05-16 00:00:00+01:00,4142.0,4210.0,4106.0,4210.0,4208.80419921875,243681,0.0,0.0
2024-05-17 00:00:00+01:00,4194.0,4234.0,4158.0,4192.0,4190.80908203125,206289,0.0,0.0
2024-05-20 00:00:00+01:00,4182.0,4218.0,4174.0,4212.0,4210.80322265625,160325,0.0,0.0
2024-05-21 00:00:00+01:00,4200.0,4216.7998046875,4172.0,4210.0,4208.80419921875,144882,0.0,0.0
2024-05-22 00:00:00+01:00,4200.0,4278.71484375,4196.0,4252.0,4250.79248046875,302483,0.0,0.0
2024-05-23 00:00:00+01:00,4204.0,4284.0,4138.0,4226.0,4224.9716796875,290969,17.3,0.0
2024-05-24 00:00:00+01:00,4170.0,4214.0,4144.0,4176.0,4174.98388671875,373203,0.0,0.0
2024-05-28 00:00:00+01:00,4190.0,4220.0,4108.0,4114.0,4112.99853515625,261929,0.0,0.0
2024-05-29 00:00:00+01:00,4094.0,4112.0,4042.0,4058.0,4057.01220703125,311962,0.0,0.0
2024-05-30 00:00:00+01:00,4034.0,4108.0,4012.0,4072.0,4071.00927734375,373810,0.0,0.0
2024-05-31 00:00:00+01:00,4074.0,4116.0,4058.0,4092.0,4091.004150390625,401982,0.0,0.0
2024-06-03 00:00:00+01:00,4168.0,4184.0,4088.0,4096.0,4095.003173828125,125960,0.0,0.0
2024-06-04 00:00:00+01:00,4074.0,4140.0,4060.0,4122.0,4120.99658203125,152547,0.0,0.0
2024-06-05 00:00:00+01:00,4124.0,4184.0,4116.0,4178.0,4176.9833984375,174620,0.0,0.0
2024-06-06 00:00:00+01:00,4176.0,4208.0,4158.0,4160.0,4158.98779296875,654116,0.0,0.0
2024-06-07 00:00:00+01:00,4166.0,4210.0,4150.0,4210.0,4208.97509765625,226762,0.0,0.0
2024-06-10 00:00:00+01:00,4170.0,4188.0,4090.0,4090.0,4089.0048828125,250707,0.0,0.0
2024-06-11 00:00:00+01:00,4102.0,4120.0,4064.0,4094.0,4093.003662109375,169993,0.0,0.0
2024-06-12 00:00:00+01:00,4088.0,4234.0,4082.0,4234.0,4232.97021484375,253021,0.0,0.0
2024-06-13 00:00:00+01:00,4220.0,4256.0,4158.0,4158.0,4156.98828125,148465,0.0,0.0
2024-06-14 00:00:00+01:00,4160.0,4178.0,4104.0,4158.0,4156.98828125,191339,0.0,0.0
2024-06-17 00:00:00+01:00,4172.0,4177.6767578125,4110.0,4124.0,4122.99609375,281494,0.0,0.0
2024-06-18 00:00:00+01:00,4132.0,4164.0,4128.0,4154.0,4152.9892578125,195760,0.0,0.0
2024-06-19 00:00:00+01:00,4164.0,4172.0,4118.0,4134.0,4132.994140625,301075,0.0,0.0
2024-06-20 00:00:00+01:00,4148.0,4186.0,4138.0,4186.0,4184.98095703125,621321,0.0,0.0
2024-06-21 00:00:00+01:00,4174.0,4182.0,4106.0,4126.0,4124.99609375,619053,0.0,0.0
2024-06-24 00:00:00+01:00,4128.0,4160.0,4096.0,4140.0,4138.99267578125,138922,0.0,0.0
2024-06-25 00:00:00+01:00,4138.0,4138.0,4096.0,4098.0,4097.00244140625,160125,0.0,0.0
2024-06-26 00:00:00+01:00,4122.0,4170.0,4088.0,4140.0,4138.99267578125,360788,0.0,0.0
2024-06-27 00:00:00+01:00,4158.0,4204.0,4132.0,4192.0,4190.9794921875,223700,0.0,0.0
2024-06-28 00:00:00+01:00,4224.0,4226.0,4136.0,4148.0,4146.99072265625,266048,0.0,0.0
2024-07-01 00:00:00+01:00,4184.0,4200.0,4122.0,4122.0,4120.99658203125,235131,0.0,0.0
2024-07-02 00:00:00+01:00,4090.0,4148.0,4056.0,4074.0,4073.008544921875,374772,0.0,0.0
2024-07-03 00:00:00+01:00,4094.0,4152.0,4058.0,4152.0,4150.9892578125,700435,0.0,0.0
2024-07-04 00:00:00+01:00,4168.0,4180.0,4145.626953125,4176.0,4174.98388671875,198735,0.0,0.0
2024-07-05 00:00:00+01:00,4202.0,4246.0,4154.0,4156.0,4154.98876953125,193214,0.0,0.0
2024-07-08 00:00:00+01:00,4130.0,4198.0,4128.0,4196.0,4194.9794921875,139592,0.0,0.0
2024-07-09 00:00:00+01:00,4206.0,4216.0,4146.0,4146.0,4144.99169921875,159797,0.0,0.0
2024-07-10 00:00:00+01:00,4204.0,4208.0,4150.0,4182.0,4180.982421875,164815,0.0,0.0
2024-07-11 00:00:00+01:00,4182.0,4272.0,4132.0,4258.0,4256.9638671875,239670,0.0,0.0
2024-07-12 00:00:00+01:00,4258.0,4308.0,4224.5,4308.0,4306.9521484375,171171,0.0,0.0
2024-07-15 00:00:00+01:00,4272.0,4298.0,4244.0,4298.0,4296.95361328125,163516,0.0,0.0
2024-07-16 00:00:00+01:00,4266.0,4352.0,4234.0,4340.0,4338.94384765625,311616,0.0,0.0
2024-07-17 00:00:00+01:00,4344.0,4374.0,4270.0,4276.0,4274.95947265625,260006,0.0,0.0
2024-07-18 00:00:00+01:00,4116.0,4294.0,4116.0,4224.0,4222.9716796875,279583,0.0,0.0
2024-07-19 00:00:00+01:00,4226.0,4302.0,4202.0,4270.0,4268.96142578125,575026,0.0,0.0
2024-07-22 00:00:00+01:00,4278.0,4342.0,4242.0,4312.0,4310.9501953125,267282,0.0,0.0
2024-07-23 00:00:00+01:00,4302.0,4318.0,4278.0,4304.0,4302.95263671875,400499,0.0,0.0
2024-07-24 00:00:00+01:00,4264.0,4296.0,4234.0,4266.0,4264.9619140625,181142,0.0,0.0
2024-07-25 00:00:00+01:00,4206.0,4236.0,4156.0,4224.0,4222.9716796875,215753,0.0,0.0
2024-07-26 00:00:00+01:00,4210.0,4359.5400390625,4210.0,4356.0,4354.9404296875,254045,0.0,0.0
2024-07-29 00:00:00+01:00,4388.0,4398.0,4341.18994140625,4358.0,4356.939453125,243583,0.0,0.0
2024-07-30 00:00:00+01:00,4342.0,4378.0,4340.0,4366.0,4364.9375,219117,0.0,0.0
2024-07-31 00:00:00+01:00,4426.0,4454.0,4388.0,4448.0,4446.91796875,316561,0.0,0.0
2024-08-01 00:00:00+01:00,4448.0,4518.0,4348.0,4380.0,4378.9345703125,263861,0.0,0.0
2024-08-02 00:00:00+01:00,4298.0,4310.0,4062.0,4074.0,4073.008544921875,473642,0.0,0.0
2024-08-05 00:00:00+01:00,3996.0,4082.0,3914.0,4032.0,4031.018798828125,502287,0.0,0.0
2024-08-06 00:00:00+01:00,4022.0,4070.0,3992.0,4000.0,3999.026611328125,233479,0.0,0.0
2024-08-07 00:00:00+01:00,4048.0,4118.0,4020.0,4102.0,4101.00146484375,211094,0.0,0.0
2024-08-08 00:00:00+01:00,4082.0,4100.0,4034.0,4088.0,4087.005126953125,130733,0.0,0.0
2024-08-09 00:00:00+01:00,4100.0,4150.0,4091.800048828125,4124.0,4122.99609375,448676,0.0,0.0
2024-08-12 00:00:00+01:00,4160.0,4214.0,4144.0,4154.0,4152.9892578125,248105,0.0,0.0
2024-08-13 00:00:00+01:00,4162.0,4182.0,4110.0,4160.0,4158.98779296875,176775,0.0,0.0
2024-08-14 00:00:00+01:00,4190.0,4236.0,4186.0,4236.0,4234.96923828125,159864,0.0,0.0
2024-08-15 00:00:00+01:00,4256.0,4306.0,4202.0,4288.0,4286.95654296875,239247,0.0,0.0
2024-08-16 00:00:00+01:00,4292.0,4294.0,4248.0,4286.0,4284.95703125,125946,0.0,0.0
2024-08-19 00:00:00+01:00,4262.0,4320.0,4242.0,4298.0,4296.95361328125,108300,0.0,0.0
2024-08-20 00:00:00+01:00,4298.0,4326.0,4250.0,4316.0,4314.94970703125,217154,0.0,0.0
2024-08-21 00:00:00+01:00,4314.0,4334.0,4288.0,4316.0,4314.94970703125,177996,0.0,0.0
2024-08-22 00:00:00+01:00,4334.0,4370.0,4314.0,4368.0,4366.93701171875,150491,0.0,0.0
2024-08-23 00:00:00+01:00,4378.0,4392.0,4336.0,4366.0,4364.9375,244766,0.0,0.0
2024-08-27 00:00:00+01:00,4380.0,4392.0,4314.0,4348.0,4346.94189453125,149024,0.0,0.0
2024-08-28 00:00:00+01:00,4362.0,4418.0,4348.0,4388.0,4386.93212890625,201221,0.0,0.0
2024-08-29 00:00:00+01:00,4392.0,4464.0,4392.0,4450.0,4448.9169921875,113333,0.0,0.0
2024-08-30 00:00:00+01:00,4436.0,4486.0,4436.0,4464.0,4462.91357421875,215784,0.0,0.0
2024-09-02 00:00:00+01:00,4464.0,4464.0,4342.0,4422.0,4420.923828125,156481,0.0,0.0
2024-09-03 00:00:00+01:00,4424.0,4466.0,4399.3828125,4410.0,4408.92724609375,383680,0.0,0.0
2024-09-04 00:00:00+01:00,4350.0,4386.0,4326.0,4378.0,4376.9345703125,181842,0.0,0.0
2024-09-05 00:00:00+01:00,4374.0,4386.0,4296.0,4338.0,4336.9443359375,301876,0.0,0.0
2024-09-06 00:00:00+01:00,4336.0,4402.0,4295.02099609375,4298.0,4296.95361328125,597274,0.0,0.0
2024-09-09 00:00:00+01:00,4324.0,4451.498046875,4322.0,4424.0,4422.92333984375,227326,0.0,0.0
2024-09-10 00:00:00+01:00,4410.0,4462.0,4406.0,4440.0,4438.91943359375,444070,0.0,0.0
2024-09-11 00:00:00+01:00,4452.0,4455.90380859375,4336.0,4374.0,4372.935546875,164758,0.0,0.0
2024-09-12 00:00:00+01:00,4438.0,4488.0,4418.0,4464.0,4462.91357421875,187912,0.0,0.0
2024-09-13 00:00:00+01:00,4470.0,4506.0,4466.0,4494.0,4492.90625,191287,0.0,0.0
2024-09-16 00:00:00+01:00,4482.0,4558.0,4479.83984375,4552.0,4550.89208984375,188334,0.0,0.0
2024-09-17 00:00:00+01:00,4594.0,4648.0,4566.0,4632.0,4630.87255859375,319363,0.0,0.0
2024-09-18 00:00:00+01:00,4632.0,4638.0,4484.0,4498.0,4496.90576171875,162072,0.0,0.0
2024-09-19 00:00:00+01:00,4544.0,4596.0,4530.0,4564.0,4562.88916015625,266171,0.0,0.0
2024-09-20 00:00:00+01:00,4566.0,4582.0,4472.0,4472.0,4470.91162109375,1705646,0.0,0.0
2024-09-23 00:00:00+01:00,4464.0,4488.0,4420.0,4464.0,4462.91357421875,319205,0.0,0.0
2024-09-24 00:00:00+01:00,4512.0,4518.0,4410.0,4438.0,4436.91943359375,141805,0.0,0.0
2024-09-25 00:00:00+01:00,4402.0,4482.0,4402.0,4462.0,4460.9140625,154322,0.0,0.0
2024-09-26 00:00:00+01:00,4520.0,4540.0,4480.0,4516.0,4514.9013671875,222928,0.0,0.0
2024-09-27 00:00:00+01:00,4484.0,4524.0,4470.43994140625,4480.0,4478.91015625,226708,0.0,0.0
2024-09-30 00:00:00+01:00,4444.0,4492.0,4424.0,4434.0,4432.9208984375,441967,0.0,0.0
2024-10-01 00:00:00+01:00,4446.0,4498.0,4406.0,4442.0,4440.9189453125,185378,0.0,0.0
2024-10-02 00:00:00+01:00,4362.0,4442.0,4362.0,4434.0,4432.9208984375,416606,0.0,0.0
2024-10-03 00:00:00+01:00,4400.0,4402.0,4194.0,4208.0,4206.97607421875,422157,0.0,0.0
2024-10-04 00:00:00+01:00,4196.0,4254.0,4176.0,4208.0,4206.97607421875,394582,0.0,0.0
2024-10-07 00:00:00+01:00,4252.0,4272.0,4229.55419921875,4246.0,4244.96728515625,232904,0.0,0.0
2024-10-08 00:00:00+01:00,4246.0,4288.0,4236.0,4250.0,4248.9658203125,690879,0.0,0.0
2024-10-09 00:00:00+01:00,4272.0,4288.0,4246.0,4272.0,4270.96044921875,279975,0.0,0.0
2024-10-10 00:00:00+01:00,4238.0,4272.0,4186.0,4202.0,4200.9775390625,278967,0.0,0.0
2024-10-11 00:00:00+01:00,4222.0,4272.0,4216.0,4272.0,4270.96044921875,350537,0.0,0.0
2024-10-14 00:00:00+01:00,4278.0,4328.0,4254.0,4328.0,4326.9462890625,161964,0.0,0.0
2024-10-15 00:00:00+01:00,4366.0,4424.18701171875,4352.0,4362.0,4360.9384765625,434105,0.0,0.0
2024-10-16 00:00:00+01:00,4374.0,4410.0,4318.0,4330.0,4328.9462890625,341387,0.0,0.0
2024-10-17 00:00:00+01:00,4338.0,4366.0,4304.0,4358.0,4356.939453125,163974,0.0,0.0
2024-10-18 00:00:00+01:00,4328.0,4374.0,4312.0,4362.0,4360.9384765625,131625,0.0,0.0
2024-10-21 00:00:00+01:00,4362.0,4410.0,4347.248046875,4372.0,4370.93603515625,230690,0.0,0.0
2024-10-22 00:00:00+01:00,4338.0,4352.0,4252.0,4304.0,4302.95263671875,352636,0.0,0.0
2024-10-23 00:00:00+01:00,4284.0,4307.47998046875,4245.01416015625,4292.0,4290.955078125,277720,0.0,0.0
2024-10-24 00:00:00+01:00,4298.0,4306.0,4264.0,4290.0,4288.9560546875,90128,0.0,0.0
2024-10-25 00:00:00+01:00,4292.0,4326.82177734375,4268.0,4310.0,4308.951171875,99908,0.0,0.0
2024-10-28 00:00:00+00:00,4320.0,4392.0,4304.0,4380.0,4378.9345703125,201640,0.0,0.0
2024-10-29 00:00:00+00:00,4320.0,4378.0,4276.0,4314.0,4312.9501953125,394908,0.0,0.0
2024-10-30 00:00:00+00:00,4296.0,4362.0,4292.18603515625,4338.0,4336.9443359375,276792,0.0,0.0
2024-10-31 00:00:00+00:00,4294.0,4320.0,4202.0,4258.0,4256.9638671875,309649,0.0,0.0
2024-11-01 00:00:00+00:00,4258.0,4306.0,4230.0,4288.0,4286.95654296875,125840,0.0,0.0
2024-11-04 00:00:00+00:00,4274.0,4298.0,4260.0,4286.0,4284.95703125,219171,0.0,0.0
2024-11-05 00:00:00+00:00,4286.0,4392.0,4262.0,4392.0,4390.93115234375,185102,0.0,0.0
2024-11-06 00:00:00+00:00,4462.0,4488.0,4370.0,4402.0,4400.92822265625,299014,0.0,0.0
2024-11-07 00:00:00+00:00,4428.0,4450.0,4394.0,4446.0,4444.91845703125,265761,0.0,0.0
2024-11-08 00:00:00+00:00,4462.0,4492.0,4404.0,4420.0,4418.92431640625,144531,0.0,0.0
2024-11-11 00:00:00+00:00,4452.0,4534.0,4442.0,4494.0,4492.90625,125955,0.0,0.0
2024-11-12 00:00:00+00:00,4464.0,4522.0,4454.0,4518.0,4516.900390625,217033,0.0,0.0
2024-11-13 00:00:00+00:00,4476.0,4608.0,4476.0,4594.0,4592.8818359375,406258,0.0,0.0
2024-11-14 00:00:00+00:00,4598.0,4653.0,4576.0,4596.0,4594.8818359375,284822,0.0,0.0
2024-11-15 00:00:00+00:00,4578.0,4620.0,4492.0,4492.0,4490.90673828125,335517,0.0,0.0
2024-11-18 00:00:00+00:00,4508.0,4536.0,4448.0,4536.0,4534.896484375,713631,0.0,0.0
2024-11-19 00:00:00+00:00,4450.0,4471.4619140625,4092.0,4174.0,4172.98388671875,906854,0.0,0.0
2024-11-20 00:00:00+00:00,4186.0,4218.0,4124.0,4124.0,4122.99609375,510300,0.0,0.0
2024-11-21 00:00:00+00:00,4114.0,4230.0,4104.0,4222.0,4220.97265625,492179,0.0,0.0
2024-11-22 00:00:00+00:00,4260.0,4476.0,4252.0,4466.0,4464.91357421875,385326,0.0,0.0
2024-11-25 00:00:00+00:00,4494.0,4518.0,4406.0,4510.0,4508.90283203125,374479,0.0,0.0
2024-11-26 00:00:00+00:00,4496.0,4504.7451171875,4443.77587890625,4476.0,4474.91064453125,270533,0.0,0.0
2024-11-27 00:00:00+00:00,4490.0,4490.0,4420.0,4444.0,4442.91845703125,256760,0.0,0.0
2024-11-28 00:00:00+00:00,4408.0,4486.0,4408.0,4438.0,4436.91943359375,137557,0.0,0.0
2024-11-29 00:00:00+00:00,4434.0,4474.0,4410.0,4460.0,4458.9150390625,339924,0.0,0.0
2024-12-02 00:00:00+00:00,4462.0,4514.0,4454.0,4514.0,4512.9013671875,172492,0.0,0.0
2024-12-03 00:00:00+00:00,4472.0,4554.0,4472.0,4554.0,4552.89208984375,188693,0.0,0.0
2024-12-04 00:00:00+00:00,4564.0,4600.43994140625,4538.0,4592.0,4590.88232421875,159548,0.0,0.0
2024-12-05 00:00:00+00:00,4578.0,4596.0,4484.0,4530.0,4528.8974609375,295739,0.0,0.0
2024-12-06 00:00:00+00:00,4512.0,4560.0,4490.0,4546.0,4544.89404296875,148070,0.0,0.0
2024-12-09 00:00:00+00:00,4576.0,4610.0,4523.97509765625,4572.0,4570.8876953125,280596,0.0,0.0
2024-12-10 00:00:00+00:00,4552.0,4606.0,4504.0,4506.0,4504.9033203125,173398,0.0,0.0
2024-12-11 00:00:00+00:00,4478.0,4570.0,4454.0,4544.0,4542.89404296875,600364,0.0,0.0
2024-12-12 00:00:00+00:00,4522.0,4532.0,4412.0,4452.0,4450.916015625,254825,0.0,0.0
2024-12-13 00:00:00+00:00,4454.0,4498.0,4389.0,4422.0,4420.923828125,144798,0.0,0.0
2024-12-16 00:00:00+00:00,4410.0,4414.0,4278.0,4406.0,4404.92822265625,266553,0.0,0.0
2024-12-17 00:00:00+00:00,4376.0,4396.0,4338.0,4366.0,4364.9375,232340,0.0,0.0
2024-12-18 00:00:00+00:00,4356.0,4396.0,4342.0,4370.0,4368.9365234375,353806,0.0,0.0
2024-12-19 00:00:00+00:00,4354.0,4372.0,4272.0,4288.0,4286.95654296875,204391,0.0,0.0
2024-12-20 00:00:00+00:00,4254.0,4328.0,4254.0,4304.0,4302.95263671875,496163,0.0,0.0
2024-12-23 00:00:00+00:00,4280.0,4284.0,4232.0,4244.0,4242.96728515625,147998,0.0,0.0
2024-12-24 00:00:00+00:00,4278.0,4318.0,4250.0,4292.0,4290.955078125,36286,0.0,0.0
2024-12-27 00:00:00+00:00,4272.0,4298.0,4246.0,4270.0,4268.96142578125,108252,0.0,0.0
2024-12-30 00:00:00+00:00,4226.0,4252.0,4196.0,4222.0,4220.97265625,96009,0.0,0.0
2024-12-31 00:00:00+00:00,4254.0,4256.0,4208.0,4250.0,4248.9658203125,78352,0.0,0.0
2025-01-02 00:00:00+00:00,4290.0,4298.0,4260.0,4270.0,4268.96142578125,112654,0.0,0.0
2025-01-03 00:00:00+00:00,4272.0,4276.0,4216.0,4218.0,4216.9736328125,103670,0.0,0.0
2025-01-06 00:00:00+00:00,4260.0,4330.0,4234.0,4262.0,4260.96240234375,108930,0.0,0.0
2025-01-07 00:00:00+00:00,4250.0,4310.0,4242.0,4268.0,4266.96142578125,214879,0.0,0.0
2025-01-08 00:00:00+00:00,4270.0,4304.0,4170.0,4198.0,4196.97802734375,166493,0.0,0.0
2025-01-09 00:00:00+00:00,4200.0,4224.0,4166.0,4216.0,4214.974609375,266408,0.0,0.0
2025-01-10 00:00:00+00:00,4186.0,4218.0,4140.0,4162.0,4160.98681640625,118952,0.0,0.0
2025-01-13 00:00:00+00:00,4142.0,4152.0,4064.0,4104.0,4103.00146484375,361455,0.0,0.0
2025-01-14 00:00:00+00:00,4126.0,4160.0,4082.0,4082.0,4081.0068359375,357267,0.0,0.0
2025-01-15 00:00:00+00:00,4188.0,4324.0,4184.0,4298.0,4296.95361328125,395523,0.0,0.0
2025-01-16 00:00:00+00:00,4256.0,4300.0,4238.0,4296.0,4295.3740234375,220710,42.0,0.0
2025-01-17 00:00:00+00:00,4336.0,4406.0,4316.0,4406.0,4405.3583984375,227242,0.0,0.0
2025-01-20 00:00:00+00:00,4402.0,4444.0,4392.0,4432.0,4431.3544921875,323001,0.0,0.0
2025-01-21 00:00:00+00:00,4446.0,4492.0,4410.0,4462.0,4461.35009765625,550566,0.0,0.0
2025-01-22 00:00:00+00:00,4464.0,4586.0,4442.0,4532.0,4531.33984375,526777,0.0,0.0
2025-01-23 00:00:00+00:00,4534.0,4552.0,4498.0,4498.0,4497.34521484375,238709,0.0,0.0
2025-01-24 00:00:00+00:00,4508.0,4530.0,4446.0,4470.0,4469.3486328125,199145,0.0,0.0
2025-01-27 00:00:00+00:00,4392.0,4414.0,4344.0,4374.0,4373.36279296875,219324,0.0,0.0
2025-01-28 00:00:00+00:00,4414.0,4466.0,4374.0,4408.0,4407.35791015625,144645,0.0,0.0
2025-01-29 00:00:00+00:00,4444.0,4492.0,4428.0,4440.0,4439.35302734375,135569,0.0,0.0
2025-01-30 00:00:00+00:00,4452.0,4556.0,4442.0,4520.0,4519.341796875,128973,0.0,0.0
2025-01-31 00:00:00+00:00,4522.0,4560.0,4506.0,4552.0,4551.3369140625,609434,0.0,0.0
2025-02-03 00:00:00+00:00,4474.0,4534.0,4423.10009765625,4520.0,4519.341796875,248095,0.0,0.0
2025-02-04 00:00:00+00:00,4500.0,4562.0,4490.0,4552.0,4551.3369140625,385435,0.0,0.0
2025-02-05 00:00:00+00:00,4508.0,4540.0,4460.0,4486.0,4485.34716796875,328925,0.0,0.0
2025-02-06 00:00:00+00:00,4522.0,4538.0,4476.0,4522.0,4521.341796875,481014,0.0,0.0
2025-02-07 00:00:00+00:00,4516.0,4544.0,4432.0,4436.0,4435.35400390625,83232,0.0,0.0
2025-02-10 00:00:00+00:00,4444.0,4520.0,4440.0,4496.0,4495.34521484375,125717,0.0,0.0
2025-02-11 00:00:00+00:00,4488.0,4612.0,4482.0,4612.0,4611.328125,602594,0.0,0.0
2025-02-12 00:00:00+00:00,4604.0,4654.0,4577.56201171875,4612.0,4611.328125,483466,0.0,0.0
2025-02-13 00:00:00+00:00,4688.0,4754.0,4642.0,4754.0,4753.30712890625,337471,0.0,0.0
2025-02-14 00:00:00+00:00,4768.0,4795.1689453125,4736.0,4742.0,4741.30908203125,301844,0.0,0.0
2025-02-17 00:00:00+00:00,4738.0,4762.0,4716.0,4762.0,4761.306640625,224047,0.0,0.0
2025-02-18 00:00:00+00:00,4770.0,4808.0,4738.0,4772.0,4771.3046875,764293,0.0,0.0
2025-02-19 00:00:00+00:00,4774.0,4798.0,4644.0,4688.0,4687.31689453125,201339,0.0,0.0
2025-02-20 00:00:00+00:00,4704.0,4734.0,4652.0,4666.0,4665.31982421875,189846,0.0,0.0
2025-02-21 00:00:00+00:00,4670.0,4702.0,4620.0,4636.0,4635.32470703125,184302,0.0,0.0
2025-02-24 00:00:00+00:00,4636.0,4638.7890625,4488.0,4526.0,4525.34033203125,206944,0.0,0.0
2025-02-25 00:00:00+00:00,4468.0,4518.0,4460.9599609375,4490.0,4489.345703125,195176,0.0,0.0
2025-02-26 00:00:00+00:00,4506.0,4550.0,4500.0,4500.0,4499.34423828125,384785,0.0,0.0
2025-02-27 00:00:00+00:00,4498.0,4514.0,4436.0,4490.0,4489.345703125,262762,0.0,0.0
2025-02-28 00:00:00+00:00,4438.0,4502.0,4438.0,4496.0,4495.34521484375,288790,0.0,0.0
2025-03-03 00:00:00+00:00,4500.0,4533.51806640625,4474.0,4494.0,4493.34521484375,334741,0.0,0.0
2025-03-04 00:00:00+00:00,4446.0,4474.0,4376.0,4400.0,4399.35888671875,267465,0.0,0.0
2025-03-05 00:00:00+00:00,4470.0,4554.0,4404.0,4404.0,4403.3583984375,425012,0.0,0.0
2025-03-06 00:00:00+00:00,4436.0,4454.0,4272.0,4336.0,4335.3681640625,485584,0.0,0.0
2025-03-07 00:00:00+00:00,4294.0,4300.0,4208.0,4282.0,4281.37646484375,231299,0.0,0.0
2025-03-10 00:00:00+00:00,4316.0,4332.0,4182.0,4182.0,4181.39111328125,262468,0.0,0.0
2025-03-11 00:00:00+00:00,4190.0,4196.0,3994.0,4016.0,4015.4150390625,398590,0.0,0.0
2025-03-12 00:00:00+00:00,4054.0,4088.0,4016.0,4070.0,4069.406982421875,560684,0.0,0.0
2025-03-13 00:00:00+00:00,4044.0,4054.0,3920.0,3920.0,3919.428955078125,426526,0.0,0.0
2025-03-14 00:00:00+00:00,3922.0,3992.0,3914.0,3960.0,3959.423095703125,492755,0.0,0.0
2025-03-17 00:00:00+00:00,3960.0,3972.0,3916.0,3948.0,3947.425048828125,682051,0.0,0.0
2025-03-18 00:00:00+00:00,3966.0,4000.0,3934.0,3968.0,3967.421875,497909,0.0,0.0
2025-03-19 00:00:00+00:00,3956.0,3962.0,3916.0,3962.0,3961.4228515625,542803,0.0,0.0
2025-03-20 00:00:00+00:00,3984.0,4050.0,3978.0,4050.0,4049.409912109375,286158,0.0,0.0
2025-03-21 00:00:00+00:00,4006.0,4016.0,3916.0,3934.0,3933.427001953125,524872,0.0,0.0
2025-03-24 00:00:00+00:00,3986.0,3992.0,3938.0,3982.0,3981.419921875,174807,0.0,0.0
2025-03-25 00:00:00+00:00,3974.0,4014.0,3908.178955078125,3960.0,3959.423095703125,207842,0.0,0.0
2025-03-26 00:00:00+00:00,3974.0,3996.0,3938.0,3970.0,3969.421630859375,160003,0.0,0.0
2025-03-27 00:00:00+00:00,3942.0,4004.0,3906.0,4004.0,4003.416748046875,236822,0.0,0.0
2025-03-28 00:00:00+00:00,3986.0,3988.0,3880.0,3910.0,3909.4306640625,262220,0.0,0.0
2025-03-31 00:00:00+01:00,3872.0,3876.889892578125,3812.0,3846.0,3845.439697265625,286638,0.0,0.0
2025-04-01 00:00:00+01:00,3906.0,3928.0,3862.0,3912.0,3911.43017578125,306372,0.0,0.0
2025-04-02 00:00:00+01:00,3900.0,3954.0,3852.0,3954.0,3953.424072265625,198922,0.0,0.0
2025-04-03 00:00:00+01:00,3866.0,3894.0,3726.0,3726.0,3725.457275390625,391437,0.0,0.0
2025-04-04 00:00:00+01:00,3692.0,3782.0,3644.0,3720.0,3719.4580078125,857786,0.0,0.0
2025-04-07 00:00:00+01:00,3574.0,3792.0,3532.0,3624.0,3623.47216796875,669847,0.0,0.0
2025-04-08 00:00:00+01:00,3680.0,3764.0,3636.0,3750.0,3749.453857421875,363727,0.0,0.0
2025-04-09 00:00:00+01:00,3640.0,3708.0,3620.0,3640.0,3639.4697265625,385257,0.0,0.0
2025-04-10 00:00:00+01:00,3906.0,3946.0,3780.0,3820.0,3819.443603515625,314184,0.0,0.0
2025-04-11 00:00:00+01:00,3842.0,3848.0,3744.0,3788.0,3787.4482421875,214755,0.0,0.0
2025-04-14 00:00:00+01:00,3864.0,3878.0,3826.0,3856.0,3855.438232421875,154636,0.0,0.0
2025-04-15 00:00:00+01:00,3862.0,3972.0,3852.0,3960.0,3959.423095703125,461465,0.0,0.0
2025-04-16 00:00:00+01:00,3876.0,3882.0,3792.0,3824.0,3823.44287109375,271017,0.0,0.0
2025-04-17 00:00:00+01:00,3812.0,3878.0,3778.0,3846.0,3845.439697265625,261189,0.0,0.0
2025-04-22 00:00:00+01:00,3850.0,3850.0,3728.0,3786.0,3785.448486328125,232169,0.0,0.0
2025-04-23 00:00:00+01:00,3818.0,3938.0,3792.0,3852.0,3851.438720703125,563798,0.0,0.0
2025-04-24 00:00:00+01:00,3844.0,3866.0,3792.0,3815.1201171875,3814.564453125,220488,0.0,0.0
2025-04-25 00:00:00+01:00,3890.0,3910.0,3856.0,3884.0,3883.434326171875,141556,0.0,0.0
2025-04-28 00:00:00+01:00,3884.0,3910.0,3852.0,3852.0,3851.438720703125,190397,0.0,0.0
2025-04-29 00:00:00+01:00,3844.0,3906.0,3826.0,3894.0,3893.432861328125,214677,0.0,0.0
2025-04-30 00:00:00+01:00,3912.0,3966.0,3908.3330078125,3962.0,3961.4228515625,478000,0.0,0.0
2025-05-01 00:00:00+01:00,3972.0,4000.0,3936.0,3994.0,3993.41796875,165543,0.0,0.0
2025-05-02 00:00:00+01:00,4000.0,4088.0,3972.0,4054.0,4053.40966796875,447830,0.0,0.0
2025-05-06 00:00:00+01:00,4072.0,4098.0,4042.0,4054.0,4053.40966796875,318939,0.0,0.0
2025-05-07 00:00:00+01:00,4036.0,4070.0,4006.0,4018.0,4017.41455078125,309232,0.0,0.0
2025-05-08 00:00:00+01:00,4050.0,4102.0,4036.0,4094.0,4093.403564453125,200427,0.0,0.0
2025-05-09 00:00:00+01:00,4096.0,4132.0,4094.0,4110.0,4109.4013671875,187851,0.0,0.0
2025-05-12 00:00:00+01:00,4138.0,4236.0,4122.0,4194.0,4193.38916015625,228360,0.0,0.0
2025-05-13 00:00:00+01:00,4188.0,4260.0,4188.0,4260.0,4259.37939453125,362066,0.0,0.0
2025-05-14 00:00:00+01:00,4264.0,4288.0,4184.0,4184.0,4183.39111328125,251860,0.0,0.0
2025-05-15 00:00:00+01:00,4160.0,4202.0,4144.0,4196.0,4195.38916015625,237673,0.0,0.0
2025-05-16 00:00:00+01:00,4200.0,4208.0,4152.0,4204.0,4203.38720703125,442859,0.0,0.0
2025-05-19 00:00:00+01:00,4168.0,4222.0,4146.0,4222.0,4221.38525390625,270121,0.0,0.0
2025-05-20 00:00:00+01:00,4990.0,5025.0,4571.09716796875,4860.0,4859.29248046875,937545,0.0,0.0
2025-05-21 00:00:00+01:00,4834.0,4888.0,4804.0,4874.0,4873.29052734375,335350,0.0,0.0
2025-05-22 00:00:00+01:00,4830.0,4850.0,4764.0,4764.0,4763.3056640625,469924,0.0,0.0
2025-05-23 00:00:00+01:00,4758.0,4780.0,4602.0,4656.0,4655.32177734375,354374,0.0,0.0
2025-05-27 00:00:00+01:00,4684.0,4748.0,4656.0,4730.0,4729.31103515625,213270,0.0,0.0
2025-05-28 00:00:00+01:00,4728.0,4786.8798828125,4690.0,4690.0,4689.31640625,199877,0.0,0.0
2025-05-29 00:00:00+01:00,4756.0,4762.0,4656.0,4692.0,4691.49853515625,362187,18.199999,0.0
2025-05-30 00:00:00+01:00,4674.0,4748.0,4658.0,4686.0,4685.4990234375,402108,0.0,0.0
2025-06-02 00:00:00+01:00,4638.0,4672.0,4580.0,4612.0,4611.5068359375,186127,0.0,0.0
2025-06-03 00:00:00+01:00,4622.0,4634.0,4558.0,4620.0,4619.50634765625,139730,0.0,0.0
2025-06-04 00:00:00+01:00,4600.0,4666.0,4600.0,4646.0,4645.50390625,131365,0.0,0.0
2025-06-05 00:00:00+01:00,4628.0,4688.0,4614.0,4648.0,4647.5029296875,311726,0.0,0.0
2025-06-06 00:00:00+01:00,4640.0,4668.31884765625,4632.0,4638.0,4637.50439453125,93402,0.0,0.0
2025-06-09 00:00:00+01:00,4670.0,4670.0,4606.0,4652.0,4651.5029296875,187242,0.0,0.0
2025-06-10 00:00:00+01:00,4620.0,4682.0,4610.10595703125,4662.0,4661.501953125,165414,0.0,0.0
2025-06-11 00:00:00+01:00,4676.0,4718.0,4664.0,4718.0,4717.49560546875,183279,0.0,0.0
2025-06-12 00:00:00+01:00,4662.0,4730.0,4662.0,4706.0,4705.4970703125,178285,0.0,0.0
2025-06-13 00:00:00+01:00,4660.0,4684.0,4632.0,4660.0,4659.501953125,102611,0.0,0.0
2025-06-16 00:00:00+01:00,4676.0,4720.0,4644.0,4716.0,4715.49609375,225253,0.0,0.0
2025-06-17 00:00:00+01:00,4688.0,4754.0,4676.0,4750.0,4749.49267578125,253131,0.0,0.0
2025-06-18 00:00:00+01:00,4762.0,4812.0,4730.0,4804.0,4803.48681640625,373089,0.0,0.0
2025-06-19 00:00:00+01:00,4794.0,4820.0,4755.18408203125,4784.0,4783.48876953125,205169,0.0,0.0
2025-06-20 00:00:00+01:00,4806.0,4838.0,4782.0,4782.0,4781.48876953125,585894,0.0,0.0
2025-06-23 00:00:00+01:00,4762.0,4810.0,4754.0,4788.0,4787.48876953125,190494,0.0,0.0
2025-06-24 00:00:00+01:00,4886.0,4904.0,4812.0,4868.0,4867.4794921875,388197,0.0,0.0
2025-06-25 00:00:00+01:00,4894.0,4910.0,4868.0,4886.0,4885.47802734375,266633,0.0,0.0
2025-06-26 00:00:00+01:00,4902.0,4912.0,4848.0,4876.0,4875.47900390625,317298,0.0,0.0
2025-06-27 00:00:00+01:00,4886.0,4960.0,4874.0,4956.0,4955.47021484375,211148,0.0,0.0
2025-06-30 00:00:00+01:00,4954.0,4974.0,4888.0,4888.0,4887.4775390625,154724,0.0,0.0
2025-07-01 00:00:00+01:00,4874.0,4908.0,4842.0,4850.0,4849.4814453125,301858,0.0,0.0
2025-07-02 00:00:00+01:00,4854.0,4854.0,4794.0,4830.0,4829.48388671875,254430,0.0,0.0
2025-07-03 00:00:00+01:00,4860.0,4906.0,4822.0,4878.0,4877.478515625,293663,0.0,0.0
2025-07-04 00:00:00+01:00,4830.0,4862.0,4818.0,4842.0,4841.48291015625,100507,0.0,0.0
2025-07-07 00:00:00+01:00,4846.0,4882.0,4834.0,4836.0,4835.4833984375,117913,0.0,0.0
2025-07-08 00:00:00+01:00,4836.0,4866.0,4814.0,4834.0,4833.4833984375,445205,0.0,0.0
2025-07-09 00:00:00+01:00,4812.0,4858.0,4800.0,4856.0,4855.48095703125,299043,0.0,0.0
2025-07-10 00:00:00+01:00,4832.0,4942.0,4832.0,4942.0,4941.4716796875,179941,0.0,0.0
2025-07-11 00:00:00+01:00,4930.0,4934.0,4882.0,4890.0,4889.4775390625,353386,0.0,0.0
2025-07-14 00:00:00+01:00,4864.0,4912.0,4842.0,4904.0,4903.47607421875,270024,0.0,0.0
2025-07-15 00:00:00+01:00,4920.0,5010.0,4912.0,4928.0,4927.4736328125,566196,0.0,0.0
2025-07-16 00:00:00+01:00,4898.0,4972.0,4894.0,4904.0,4903.47607421875,180244,0.0,0.0
2025-07-17 00:00:00+01:00,5525.0,5625.0,5205.0,5220.0,5219.44189453125,457805,0.0,0.0
2025-07-18 00:00:00+01:00,5250.0,5274.85009765625,5175.0,5200.0,5199.4443359375,183946,0.0,0.0
2025-07-21 00:00:00+01:00,5225.0,5235.0,5160.0,5170.0,5169.447265625,158958,0.0,0.0
2025-07-22 00:00:00+01:00,5150.0,5170.0,5045.0,5070.0,5069.45849609375,232642,0.0,0.0
2025-07-23 00:00:00+01:00,5125.0,5135.0,5090.0,5100.0,5099.455078125,144638,0.0,0.0
2025-07-24 00:00:00+01:00,5115.0,5277.5,5115.0,5260.0,5259.43798828125,211685,0.0,0.0
2025-07-25 00:00:00+01:00,5245.0,5295.0,5220.0,5295.0,5294.43408203125,234577,0.0,0.0
2025-07-28 00:00:00+01:00,5350.0,5355.0,5235.0,5235.0,5234.4404296875,254895,0.0,0.0
2025-07-29 00:00:00+01:00,5265.0,5320.0,5250.0,5290.0,5289.4345703125,258094,0.0,0.0
2025-07-30 00:00:00+01:00,5280.0,5345.0,5265.0,5335.0,5334.43017578125,272198,0.0,0.0
2025-07-31 00:00:00+01:00,5350.0,5416.81005859375,5340.0,5380.0,5379.4248046875,235445,0.0,0.0
2025-08-01 00:00:00+01:00,5360.0,5375.0,5305.0,5350.0,5349.42822265625,188870,0.0,0.0
2025-08-04 00:00:00+01:00,5385.0,5400.0,5346.52099609375,5390.0,5389.42431640625,228361,0.0,0.0
2025-08-05 00:00:00+01:00,5420.0,5460.0,5405.0,5415.0,5414.42138671875,254837,0.0,0.0
2025-08-06 00:00:00+01:00,5465.0,5465.0,5350.0,5410.0,5409.421875,195953,0.0,0.0
2025-08-07 00:00:00+01:00,5435.0,5450.0,5390.0,5420.0,5419.4208984375,176693,0.0,0.0
2025-08-08 00:00:00+01:00,5430.0,5435.0,5375.0,5415.0,5414.42138671875,158308,0.0,0.0
2025-08-11 00:00:00+01:00,5390.0,5420.0,5360.14990234375,5375.0,5374.42578125,256126,0.0,0.0
2025-08-12 00:00:00+01:00,5410.0,5445.0,5370.0,5445.0,5444.41845703125,281823,0.0,0.0
2025-08-13 00:00:00+01:00,5465.0,5480.44287109375,5425.0,5445.0,5444.41845703125,381258,0.0,0.0
2025-08-14 00:00:00+01:00,5355.0,5395.0,5185.0,5290.0,5289.4345703125,486872,0.0,0.0
2025-08-15 00:00:00+01:00,5315.0,5355.0,5275.0,5305.0,5304.4326171875,217212,0.0,0.0
2025-08-18 00:00:00+01:00,5330.0,5385.0,5290.0,5345.0,5344.4287109375,638396,0.0,0.0
2025-08-19 00:00:00+01:00,5350.0,5440.0,5350.0,5380.0,5379.4248046875,330244,0.0,0.0
2025-08-20 00:00:00+01:00,5355.0,5405.0,5315.0,5380.0,5379.4248046875,159552,0.0,0.0
2025-08-21 00:00:00+01:00,5360.0,5410.0,5360.0,5375.0,5374.42578125,341965,0.0,0.0
2025-08-22 00:00:00+01:00,5360.0,5450.0,5335.0,5430.0,5429.41943359375,132416,0.0,0.0
2025-08-26 00:00:00+01:00,5395.0,5470.0,5365.0,5435.0,5434.4189453125,381642,0.0,0.0
2025-08-27 00:00:00+01:00,5435.0,5450.0,5390.0,5420.0,5419.4208984375,128526,0.0,0.0
2025-08-28 00:00:00+01:00,5430.0,5445.0,5390.0,5430.0,5429.41943359375,149554,0.0,0.0
2025-08-29 00:00:00+01:00,5425.0,5480.0,5400.0,5400.0,5399.4228515625,217968,0.0,0.0
2025-09-01 00:00:00+01:00,5390.0,5470.0,5390.0,5470.0,5469.41552734375,174195,0.0,0.0
2025-09-02 00:00:00+01:00,5445.0,5480.0,5383.23193359375,5385.0,5384.42431640625,283814,0.0,0.0
2025-09-03 00:00:00+01:00,5400.0,5425.0,5305.0,5340.0,5339.42919921875,423145,0.0,0.0
2025-09-04 00:00:00+01:00,5340.0,5365.0,5310.0,5330.0,5329.43017578125,324729,0.0,0.0
2025-09-05 00:00:00+01:00,5340.0,5446.671875,5335.0,5405.0,5404.42236328125,294517,0.0,0.0
2025-09-08 00:00:00+01:00,5420.0,5505.0,5405.0,5495.0,5494.4130859375,277179,0.0,0.0
2025-09-09 00:00:00+01:00,5510.0,5520.0,5420.0,5430.0,5429.41943359375,264805,0.0,0.0
2025-09-10 00:00:00+01:00,5445.0,5487.5,5425.0,5440.0,5439.41845703125,175221,0.0,0.0
2025-09-11 00:00:00+01:00,5460.0,5565.0,5450.0,5540.0,5539.40771484375,238210,0.0,0.0
2025-09-12 00:00:00+01:00,5540.0,5575.0,5500.0,5540.0,5539.40771484375,167656,0.0,0.0
2025-09-15 00:00:00+01:00,5525.0,5575.0,5450.0,5500.0,5499.412109375,197312,0.0,0.0
2025-09-16 00:00:00+01:00,5505.0,5515.0,5420.0,5435.0,5434.4189453125,225800,0.0,0.0
2025-09-17 00:00:00+01:00,5415.0,5455.0,5410.0,5410.0,5409.421875,159480,0.0,0.0
2025-09-18 00:00:00+01:00,5410.0,5460.0,5400.0,5460.0,5459.41650390625,329080,0.0,0.0
2025-09-19 00:00:00+01:00,5470.0,5470.0,5375.0,5430.0,5429.41943359375,701432,0.0,0.0
2025-09-22 00:00:00+01:00,5440.0,5490.0,5400.0,5445.0,5444.41845703125,172309,0.0,0.0
2025-09-23 00:00:00+01:00,5465.0,5505.0,5385.0,5385.0,5384.42431640625,279636,0.0,0.0
2025-09-24 00:00:00+01:00,5355.0,5380.0,5300.16015625,5320.0,5319.431640625,318826,0.0,0.0
2025-09-25 00:00:00+01:00,5310.0,5330.0,5245.0,5315.0,5314.43212890625,172870,0.0,0.0
2025-09-26 00:00:00+01:00,5305.0,5330.0,5260.0,5270.0,5269.4365234375,524599,0.0,0.0
2025-09-29 00:00:00+01:00,5305.0,5310.0,5257.5,5270.0,5269.4365234375,366343,0.0,0.0
2025-09-30 00:00:00+01:00,5250.0,5325.0,5245.0,5305.0,5304.4326171875,645875,0.0,0.0
2025-10-01 00:00:00+01:00,5295.0,5310.0,5230.0,5260.0,5259.43798828125,294333,0.0,0.0
2025-10-02 00:00:00+01:00,5270.0,5310.0,5200.0,5255.0,5254.4384765625,316490,0.0,0.0
2025-10-03 00:00:00+01:00,5400.0,5470.0,5307.5,5375.0,5374.42578125,705781,0.0,0.0
2025-10-06 00:00:00+01:00,5365.0,5385.0,5320.0,5330.0,5329.43017578125,268222,0.0,0.0
2025-10-07 00:00:00+01:00,5315.0,5380.0,5305.0,5350.0,5349.42822265625,187128,0.0,0.0
2025-10-08 00:00:00+01:00,5370.0,5430.0,5350.0,5430.0,5429.41943359375,252008,0.0,0.0
2025-10-09 00:00:00+01:00,5420.0,5455.0,5405.0,5450.0,5449.41748046875,340255,0.0,0.0
2025-10-10 00:00:00+01:00,5440.0,5460.0,5335.0,5335.0,5334.43017578125,257074,0.0,0.0
2025-10-13 00:00:00+01:00,5335.0,5377.4951171875,5310.0,5365.0,5364.4267578125,199786,0.0,0.0
2025-10-14 00:00:00+01:00,5320.0,5330.0,5250.0,5320.0,5319.431640625,414081,0.0,0.0
2025-10-15 00:00:00+01:00,5325.0,5380.0,5275.0,5280.0,5279.43603515625,322412,0.0,0.0
2025-10-16 00:00:00+01:00,5300.0,5330.0,5235.0,5330.0,5329.43017578125,370510,0.0,0.0
2025-10-17 00:00:00+01:00,5255.0,5325.5,5198.32421875,5305.0,5304.4326171875,240664,0.0,0.0
2025-10-20 00:00:00+01:00,5315.0,5360.0,5280.0,5360.0,5359.42724609375,316093,0.0,0.0
2025-10-21 00:00:00+01:00,5240.0,5425.0,5240.0,5425.0,5424.42041015625,220165,0.0,0.0
2025-10-22 00:00:00+01:00,5430.0,5500.0,5340.0,5460.0,5459.41650390625,1585850,0.0,0.0
2025-10-23 00:00:00+01:00,5450.0,5555.0,5425.0,5555.0,5554.40625,396183,0.0,0.0
2025-10-24 00:00:00+01:00,5595.0,5690.0,5560.0,5650.0,5649.39599609375,235948,0.0,0.0
2025-10-27 00:00:00+00:00,5650.0,5700.0,5634.1748046875,5635.0,5634.39794921875,205844,0.0,0.0
2025-10-28 00:00:00+00:00,5615.0,5645.0,5592.5,5630.0,5629.3984375,253690,0.0,0.0
2025-10-29 00:00:00+00:00,5575.0,5645.0,5515.0,5600.0,5599.4013671875,276338,0.0,0.0
2025-10-30 00:00:00+00:00,5580.0,5602.5,5535.0,5595.0,5594.40185546875,140950,0.0,0.0
2025-10-31 00:00:00+00:00,5575.0,5630.0,5545.0,5610.0,5609.400390625,224545,0.0,0.0
2025-11-03 00:00:00+00:00,5605.0,5610.009765625,5560.0,5600.0,5599.4013671875,142980,0.0,0.0
2025-11-04 00:00:00+00:00,5535.0,5550.0,5420.0,5530.0,5529.4091796875,614305,0.0,0.0
2025-11-05 00:00:00+00:00,5500.0,5597.5,5470.0,5560.0,5559.40576171875,202398,0.0,0.0
2025-11-06 00:00:00+00:00,5445.0,5555.0,5355.0,5365.0,5364.4267578125,311211,0.0,0.0
2025-11-07 00:00:00+00:00,5390.0,5415.0,5260.0,5320.0,5319.431640625,272785,0.0,0.0
2025-11-10 00:00:00+00:00,5390.0,5420.0,5335.0,5390.0,5389.42431640625,350436,0.0,0.0
2025-11-11 00:00:00+00:00,5430.0,5480.0,5410.0,5445.0,5444.41845703125,181790,0.0,0.0
2025-11-12 00:00:00+00:00,5445.0,5495.0,5415.0,5460.0,5459.41650390625,287839,0.0,0.0
2025-11-13 00:00:00+00:00,5445.0,5520.0,5315.0,5325.0,5324.4306640625,317397,0.0,0.0
2025-11-14 00:00:00+00:00,5230.0,5310.0,5215.0,5275.0,5274.43603515625,352109,0.0,0.0
2025-11-17 00:00:00+00:00,5285.0,5305.0,5255.0,5260.0,5259.43798828125,477587,0.0,0.0
2025-11-18 00:00:00+00:00,5410.0,5445.0,5160.0,5290.0,5289.4345703125,1056066,0.0,0.0
2025-11-19 00:00:00+00:00,5310.0,5425.0,5210.0,5210.0,5209.443359375,465912,0.0,0.0
2025-11-20 00:00:00+00:00,5260.0,5380.0,5248.81005859375,5320.0,5319.431640625,324133,0.0,0.0
2025-11-21 00:00:00+00:00,5265.0,5435.0,5225.0,5365.0,5364.4267578125,227390,0.0,0.0
2025-11-24 00:00:00+00:00,5405.0,5455.0,5376.615234375,5390.0,5389.42431640625,356275,0.0,0.0
2025-11-25 00:00:00+00:00,5390.0,5410.0,5333.1279296875,5410.0,5409.421875,547780,0.0,0.0
2025-11-26 00:00:00+00:00,5435.0,5505.0,5425.0,5480.0,5479.41455078125,586599,0.0,0.0
2025-11-27 00:00:00+00:00,5505.0,5515.0,5435.0,5450.0,5449.41748046875,276261,0.0,0.0
2025-11-28 00:00:00+00:00,5485.0,5485.0,5425.0,5465.0,5464.41552734375,156638,0.0,0.0
2025-12-01 00:00:00+00:00,5470.0,5520.0,5410.0,5510.0,5509.4111328125,191050,0.0,0.0
2025-12-02 00:00:00+00:00,5500.0,5530.0,5430.0,5430.0,5429.41943359375,493752,0.0,0.0
2025-12-03 00:00:00+00:00,5435.0,5465.0,5400.0,5430.0,5429.41943359375,245408,0.0,0.0
2025-12-04 00:00:00+00:00,5465.0,5510.0,5445.0,5500.0,5499.412109375,628926,0.0,0.0
2025-12-05 00:00:00+00:00,5500.0,5545.0,5485.0,5485.0,5484.41357421875,185578,0.0,0.0
2025-12-08 00:00:00+00:00,5475.0,5510.0,5444.05810546875,5445.0,5444.41845703125,117071,0.0,0.0
2025-12-09 00:00:00+00:00,5445.0,5505.0,5435.0,5475.0,5474.4150390625,531578,0.0,0.0
2025-12-10 00:00:00+00:00,5415.0,5480.0,5410.0,5480.0,5479.41455078125,224223,0.0,0.0
2025-12-11 00:00:00+00:00,5495.0,5495.0,5385.0,5450.0,5449.41748046875,307630,0.0,0.0
2025-12-12 00:00:00+00:00,5455.0,5470.0,5315.0,5315.0,5314.43212890625,413432,0.0,0.0
2025-12-15 00:00:00+00:00,5350.0,5440.0,5340.0,5390.0,5389.42431640625,288965,0.0,0.0
2025-12-16 00:00:00+00:00,5330.0,5400.0,5305.0,5365.0,5364.4267578125,455682,0.0,0.0
2025-12-17 00:00:00+00:00,5375.0,5400.0,5300.0,5300.0,5299.43359375,248547,0.0,0.0
2025-12-18 00:00:00+00:00,5290.0,5350.0,5270.0,5340.0,5339.42919921875,818051,0.0,0.0
2025-12-19 00:00:00+00:00,5305.0,5390.0,5300.0,5375.0,5374.42578125,596774,0.0,0.0
2025-12-22 00:00:00+00:00,5355.0,5395.0,5335.0,5395.0,5394.42333984375,170667,0.0,0.0
2025-12-23 00:00:00+00:00,5380.0,5390.0,5325.0,5330.0,5329.43017578125,127018,0.0,0.0
2025-12-24 00:00:00+00:00,5280.0,5340.0,5280.0,5325.0,5324.4306640625,49978,0.0,0.0
2025-12-29 00:00:00+00:00,5320.0,5345.0,5275.0,5310.0,5309.4326171875,118573,0.0,0.0
2025-12-30 00:00:00+00:00,5325.0,5355.0,5295.0,5355.0,5354.427734375,138803,0.0,0.0
