Date,Open,High,Low,Close,Adj Close,Volume,Dividends,Stock Splits
2022-01-03 00:00:00-05:00,135.72999572753906,142.1199951171875,135.58999633789062,141.6999969482422,135.4312286376953,3071000,0.0,0.0
2022-01-04 00:00:00-05:00,143.17999267578125,146.44000244140625,140.75,145.42999267578125,138.99623107910156,3985000,0.0,0.0
2022-01-05 00:00:00-05:00,145.42999267578125,151.35000610351562,145.0,146.4199981689453,139.94241333007812,5054500,0.0,0.0
2022-01-06 00:00:00-05:00,148.02999877929688,153.57000732421875,147.52999877929688,151.25999450683594,144.56825256347656,4486800,0.0,0.0
2022-01-07 00:00:00-05:00,150.05999755859375,153.75999450683594,149.86000061035156,150.1999969482422,143.55517578125,2698000,0.0,0.0
2022-01-10 00:00:00-05:00,150.77999877929688,151.3800048828125,143.36000061035156,147.00999450683594,140.5063018798828,2505400,0.0,0.0
2022-01-11 00:00:00-05:00,147.5,149.8800048828125,145.75999450683594,149.10000610351562,142.50384521484375,2396100,0.0,0.0
2022-01-12 00:00:00-05:00,148.72999572753906,149.8699951171875,144.9499969482422,148.72999572753906,142.150146484375,1678700,0.0,0.0
2022-01-13 00:00:00-05:00,148.75,151.7899932861328,148.64999389648438,149.24000549316406,142.63763427734375,1565300,0.0,0.0
2022-01-14 00:00:00-05:00,147.8000030517578,150.6699981689453,147.5399932861328,150.5500030517578,143.88966369628906,2064700,0.0,0.0
2022-01-18 00:00:00-05:00,149.5399932861328,151.0,145.42999267578125,147.10000610351562,140.59230041503906,2243600,0.0,0.0
2022-01-19 00:00:00-05:00,147.0800018310547,148.92999267578125,145.74000549316406,145.86000061035156,139.40716552734375,1843600,0.0,0.0
2022-01-20 00:00:00-05:00,146.0,149.3800048828125,144.5800018310547,144.86000061035156,138.45140075683594,1737700,0.0,0.0
2022-01-21 00:00:00-05:00,146.3300018310547,146.3300018310547,140.6199951171875,140.77000427246094,134.54237365722656,2420400,0.0,0.0
2022-01-24 00:00:00-05:00,138.0,141.10000610351562,134.8000030517578,140.80999755859375,134.58058166503906,3157400,0.0,0.0
2022-01-25 00:00:00-05:00,138.52000427246094,141.0500030517578,135.14999389648438,139.5,133.3285369873047,2059300,0.0,0.0
2022-01-26 00:00:00-05:00,141.77000427246094,144.52000427246094,139.33999633789062,140.47999572753906,134.2651824951172,2492000,0.0,0.0
2022-01-27 00:00:00-05:00,141.8800048828125,144.58999633789062,139.3699951171875,141.02999877929688,134.7908477783203,2578300,0.0,0.0
2022-01-28 00:00:00-05:00,141.16000366210938,147.3300018310547,141.07000732421875,147.3300018310547,140.81211853027344,2942100,0.0,0.0
2022-01-31 00:00:00-05:00,145.3800048828125,149.9499969482422,144.9600067138672,149.8800048828125,143.2493438720703,2411300,0.0,0.0
2022-02-01 00:00:00-05:00,149.1699981689453,152.27999877929688,148.16000366210938,151.6199951171875,144.91236877441406,1769600,0.0,0.0
2022-02-02 00:00:00-05:00,152.0,152.9600067138672,149.52000427246094,150.8300018310547,144.1573028564453,2046600,0.0,0.0
2022-02-03 00:00:00-05:00,148.6300048828125,149.44000244140625,144.32000732421875,144.52999877929688,138.13601684570312,2325400,0.0,0.0
2022-02-04 00:00:00-05:00,143.08999633789062,146.77000427246094,142.38999938964844,145.7899932861328,139.34024047851562,2327100,0.0,0.0
2022-02-07 00:00:00-05:00,146.38999938964844,148.2899932861328,144.3699951171875,146.8699951171875,140.37246704101562,1919600,0.0,0.0
2022-02-08 00:00:00-05:00,144.38999938964844,144.5399932861328,140.3000030517578,144.02000427246094,137.64854431152344,3110800,0.0,0.0
2022-02-09 00:00:00-05:00,146.27000427246094,148.13999938964844,145.25999450683594,146.3699951171875,139.8946075439453,2496000,0.0,0.0
2022-02-10 00:00:00-05:00,142.5399932861328,152.99000549316406,142.02999877929688,145.52999877929688,139.09176635742188,2917800,0.0,0.0
2022-02-11 00:00:00-05:00,146.47000122070312,150.13999938964844,145.9199981689453,146.6999969482422,140.21002197265625,2151400,0.0,0.0
2022-02-14 00:00:00-05:00,146.72000122070312,148.52999877929688,145.6199951171875,146.9600067138672,140.45851135253906,1830400,0.0,0.0
2022-02-15 00:00:00-05:00,145.8300018310547,147.36000061035156,142.88999938964844,143.94000244140625,137.57211303710938,3163600,0.0,0.0
2022-02-16 00:00:00-05:00,143.60000610351562,144.9600067138672,142.42999267578125,144.2899932861328,137.90660095214844,2156500,0.0,0.0
2022-02-17 00:00:00-05:00,142.4600067138672,142.97000122070312,137.64999389648438,137.80999755859375,131.7133026123047,2332600,0.0,0.0
2022-02-18 00:00:00-05:00,137.75,138.5500030517578,135.3000030517578,136.6199951171875,130.57594299316406,2104900,0.0,0.0
2022-02-22 00:00:00-05:00,135.2899932861328,137.3800048828125,134.3800048828125,136.02000427246094,130.00254821777344,2353100,0.0,0.0
2022-02-23 00:00:00-05:00,136.3000030517578,137.00999450683594,133.1999969482422,133.52000427246094,127.61304473876953,1899800,0.0,0.0
2022-02-24 00:00:00-05:00,129.8000030517578,135.69000244140625,128.5,135.47000122070312,129.47683715820312,3697900,0.0,0.0
2022-02-25 00:00:00-05:00,135.47999572753906,138.4199981689453,134.02999877929688,137.58999633789062,131.5030517578125,1733200,0.0,0.0
2022-02-28 00:00:00-05:00,134.9600067138672,136.0500030517578,131.47000122070312,133.3800048828125,127.47930145263672,3116300,0.0,0.0
2022-03-01 00:00:00-05:00,132.6300048828125,134.19000244140625,127.73999786376953,128.9199981689453,123.21659088134766,2284000,0.0,0.0
2022-03-02 00:00:00-05:00,128.69000244140625,136.33999633789062,128.69000244140625,135.82000732421875,129.81134033203125,2806000,0.0,0.0
2022-03-03 00:00:00-05:00,136.42999267578125,136.72000122070312,129.72999572753906,130.47999572753906,124.70758819580078,2081100,0.0,0.0
2022-03-04 00:00:00-05:00,129.77999877929688,130.75,125.41000366210938,128.02999877929688,122.36597442626953,2906900,0.0,0.0
2022-03-07 00:00:00-05:00,127.70999908447266,127.95999908447266,122.58999633789062,122.6500015258789,117.2239761352539,2636900,0.0,0.0
2022-03-08 00:00:00-05:00,121.72000122070312,127.06999969482422,120.9800033569336,123.20999908447266,117.75918579101562,2031200,0.0,0.0
2022-03-09 00:00:00-05:00,126.9000015258789,128.60000610351562,126.23999786376953,128.10000610351562,122.43286895751953,1379900,0.0,0.0
2022-03-10 00:00:00-05:00,124.73999786376953,127.51000213623047,124.73999786376953,127.12000274658203,121.7337875366211,1145900,0.25,0.0
2022-03-11 00:00:00-05:00,128.8800048828125,128.8800048828125,126.61000061035156,126.98999786376953,121.60931396484375,1131000,0.0,0.0
2022-03-14 00:00:00-04:00,127.56999969482422,129.66000366210938,126.20999908447266,127.08999633789062,121.705078125,1197100,0.0,0.0
2022-03-15 00:00:00-04:00,127.98999786376953,129.5,126.1500015258789,128.5,123.0553207397461,1530600,0.0,0.0
2022-03-16 00:00:00-04:00,130.66000366210938,133.58999633789062,129.88999938964844,133.5500030517578,127.891357421875,1509100,0.0,0.0
2022-03-17 00:00:00-04:00,131.52000427246094,133.47999572753906,130.3300018310547,133.42999267578125,127.77642059326172,1674000,0.0,0.0
2022-03-18 00:00:00-04:00,132.99000549316406,135.1699981689453,132.27000427246094,135.0,129.27992248535156,3192200,0.0,0.0
2022-03-21 00:00:00-04:00,134.99000549316406,135.35000610351562,133.24000549316406,134.39999389648438,128.70533752441406,1787400,0.0,0.0
2022-03-22 00:00:00-04:00,135.30999755859375,138.38999938964844,135.08999633789062,136.9499969482422,131.1472930908203,1752800,0.0,0.0
2022-03-23 00:00:00-04:00,135.6199951171875,136.52999877929688,133.77000427246094,134.24000549316406,128.5521240234375,1605600,0.0,0.0
2022-03-24 00:00:00-04:00,134.17999267578125,135.41000366210938,133.5800018310547,134.92999267578125,129.2128448486328,1117700,0.0,0.0
2022-03-25 00:00:00-04:00,135.6300048828125,136.35000610351562,134.72999572753906,136.19000244140625,130.4194793701172,1746000,0.0,0.0
2022-03-28 00:00:00-04:00,136.07000732421875,136.35000610351562,133.41000366210938,135.50999450683594,129.76828002929688,1410200,0.0,0.0
2022-03-29 00:00:00-04:00,138.75,141.57000732421875,138.0,140.38999938964844,134.44149780273438,2033600,0.0,0.0
2022-03-30 00:00:00-04:00,139.60000610351562,140.25999450683594,136.02000427246094,137.52000427246094,131.69314575195312,1937900,0.0,0.0
2022-03-31 00:00:00-04:00,136.7899932861328,139.0800018310547,135.8000030517578,136.83999633789062,131.04196166992188,1799400,0.0,0.0
2022-04-01 00:00:00-04:00,137.8800048828125,139.92999267578125,136.5800018310547,139.77999877929688,133.8573455810547,1546400,0.0,0.0
2022-04-04 00:00:00-04:00,139.7899932861328,141.58999633789062,139.74000549316406,140.5,134.54689025878906,1676300,0.0,0.0
2022-04-05 00:00:00-04:00,140.7899932861328,141.44000244140625,138.85000610351562,139.38999938964844,133.48391723632812,1654900,0.0,0.0
2022-04-06 00:00:00-04:00,138.1699981689453,139.6999969482422,136.41000366210938,138.89999389648438,133.0146484375,2153000,0.0,0.0
2022-04-07 00:00:00-04:00,138.10000610351562,138.11000061035156,132.4600067138672,134.61000061035156,128.90643310546875,2330400,0.0,0.0
2022-04-08 00:00:00-04:00,134.0500030517578,136.25,133.0399932861328,134.91000366210938,129.1937255859375,1502300,0.0,0.0
2022-04-11 00:00:00-04:00,134.0,137.1999969482422,133.66000366210938,136.2100067138672,130.43865966796875,1202400,0.0,0.0
2022-04-12 00:00:00-04:00,136.57000732421875,137.6699981689453,134.08999633789062,135.07000732421875,129.3469696044922,1400700,0.0,0.0
2022-04-13 00:00:00-04:00,133.47999572753906,138.57000732421875,133.47999572753906,138.05999755859375,132.2102508544922,1324000,0.0,0.0
2022-04-14 00:00:00-04:00,138.6300048828125,142.0,138.49000549316406,139.9499969482422,134.02015686035156,1819800,0.0,0.0
2022-04-18 00:00:00-04:00,139.97999572753906,143.0800018310547,139.14999389648438,140.2100067138672,134.26914978027344,1269000,0.0,0.0
2022-04-19 00:00:00-04:00,140.7100067138672,145.17999267578125,140.39999389648438,144.60000610351562,138.47314453125,1547900,0.0,0.0
2022-04-20 00:00:00-04:00,145.72999572753906,146.7100067138672,143.41000366210938,143.50999450683594,137.42935180664062,1461900,0.0,0.0
2022-04-21 00:00:00-04:00,145.10000610351562,145.85000610351562,141.39999389648438,142.0,135.98329162597656,1282300,0.0,0.0
2022-04-22 00:00:00-04:00,141.1300048828125,141.2100067138672,134.10000610351562,134.44000244140625,128.74365234375,1887300,0.0,0.0
2022-04-25 00:00:00-04:00,133.66000366210938,136.0399932861328,130.36000061035156,135.72999572753906,129.97901916503906,1707700,0.0,0.0
2022-04-26 00:00:00-04:00,133.9499969482422,134.6300048828125,130.50999450683594,131.0500030517578,125.4972915649414,1267700,0.0,0.0
2022-04-27 00:00:00-04:00,131.32000732421875,137.49000549316406,131.32000732421875,136.17999267578125,130.40994262695312,2342200,0.0,0.0
2022-04-28 00:00:00-04:00,138.30999755859375,143.91000366210938,138.30999755859375,143.88999938964844,137.79322814941406,2805500,0.0,0.0
2022-04-29 00:00:00-04:00,141.97999572753906,143.69000244140625,136.4199981689453,136.97999572753906,131.176025390625,2685400,0.0,0.0
2022-05-02 00:00:00-04:00,133.3699951171875,133.5,118.76000213623047,124.36000061035156,119.09075164794922,7150000,0.0,0.0
2022-05-03 00:00:00-04:00,122.20999908447266,130.80999755859375,122.20999908447266,128.07000732421875,122.6435546875,3425600,0.0,0.0
2022-05-04 00:00:00-04:00,128.57000732421875,134.24000549316406,126.8499984741211,133.67999267578125,128.01583862304688,2107900,0.0,0.0
2022-05-05 00:00:00-04:00,131.19000244140625,132.32000732421875,124.47000122070312,125.88999938964844,120.55591583251953,2298800,0.0,0.0
2022-05-06 00:00:00-04:00,124.70999908447266,124.98999786376953,120.55999755859375,121.0,115.87310791015625,2114000,0.0,0.0
2022-05-09 00:00:00-04:00,118.9000015258789,120.56999969482422,116.9000015258789,118.37999725341797,113.36412048339844,2553500,0.0,0.0
2022-05-10 00:00:00-04:00,120.6500015258789,121.86000061035156,115.41999816894531,118.93000030517578,113.89082336425781,2445900,0.0,0.0
2022-05-11 00:00:00-04:00,118.0199966430664,121.19000244140625,116.22000122070312,117.23999786376953,112.27239990234375,1542400,0.0,0.0
2022-05-12 00:00:00-04:00,115.7699966430664,118.66999816894531,114.80000305175781,117.81999969482422,112.82783508300781,1784600,0.0,0.0
2022-05-13 00:00:00-04:00,119.3499984741211,123.8499984741211,119.05999755859375,122.19999694824219,117.02226257324219,1501800,0.0,0.0
2022-05-16 00:00:00-04:00,121.13999938964844,122.44000244140625,118.83999633789062,119.91999816894531,114.83885955810547,1371700,0.0,0.0
2022-05-17 00:00:00-04:00,123.33000183105469,124.02999877929688,120.5,123.98999786376953,118.73641204833984,1352700,0.0,0.0
2022-05-18 00:00:00-04:00,121.41999816894531,122.61000061035156,119.11000061035156,119.66999816894531,114.59944915771484,1729700,0.0,0.0
2022-05-19 00:00:00-04:00,118.01000213623047,122.16999816894531,117.58000183105469,120.47000122070312,115.36555480957031,1208700,0.0,0.0
2022-05-20 00:00:00-04:00,122.1500015258789,122.51000213623047,118.66000366210938,122.0999984741211,116.92649841308594,1105000,0.0,0.0
2022-05-23 00:00:00-04:00,123.91999816894531,125.12999725341797,120.77999877929688,125.0,119.70362854003906,1534800,0.0,0.0
2022-05-24 00:00:00-04:00,123.23999786376953,123.81999969482422,120.33000183105469,122.86000061035156,117.65430450439453,1123800,0.0,0.0
2022-05-25 00:00:00-04:00,121.69999694824219,126.69999694824219,121.55000305175781,125.48999786376953,120.17285919189453,1218100,0.0,0.0
2022-05-26 00:00:00-04:00,126.7300033569336,129.14999389648438,126.7300033569336,128.64999389648438,123.19895935058594,949000,0.0,0.0
2022-05-27 00:00:00-04:00,129.1300048828125,132.27000427246094,129.07000732421875,132.25,126.64643859863281,993000,0.0,0.0
2022-05-31 00:00:00-04:00,131.0500030517578,131.94000244140625,129.72999572753906,131.0399932861328,125.48770904541016,1782100,0.0,0.0
2022-06-01 00:00:00-04:00,131.19000244140625,131.7100067138672,126.3499984741211,127.51000213623047,122.10726165771484,1420200,0.0,0.0
2022-06-02 00:00:00-04:00,127.9800033569336,131.57000732421875,127.41000366210938,131.5500030517578,125.97611236572266,1072500,0.0,0.0
2022-06-03 00:00:00-04:00,129.97000122070312,130.63999938964844,128.67999267578125,129.67999267578125,124.18531036376953,1614700,0.0,0.0
2022-06-06 00:00:00-04:00,131.7899932861328,131.9600067138672,128.36000061035156,129.1699981689453,123.6969223022461,1126900,0.0,0.0
2022-06-07 00:00:00-04:00,127.08999633789062,129.14999389648438,126.6500015258789,128.8800048828125,123.41922760009766,1247800,0.0,0.0
2022-06-08 00:00:00-04:00,127.9000015258789,128.9600067138672,127.25,127.7300033569336,122.31795501708984,653300,0.0,0.0
2022-06-09 00:00:00-04:00,126.2300033569336,126.44000244140625,122.0199966430664,122.08999633789062,117.14620971679688,913400,0.25,0.0
2022-06-10 00:00:00-04:00,119.38999938964844,119.94000244140625,116.83999633789062,117.44000244140625,112.68450164794922,2033800,0.0,0.0
2022-06-13 00:00:00-04:00,114.08000183105469,114.62000274658203,109.33000183105469,110.1500015258789,105.689697265625,1974000,0.0,0.0
2022-06-14 00:00:00-04:00,110.05000305175781,112.76000213623047,109.68000030517578,112.1500015258789,107.60869598388672,1470700,0.0,0.0
2022-06-15 00:00:00-04:00,113.93000030517578,115.05999755859375,110.76000213623047,112.8499984741211,108.28035736083984,1670400,0.0,0.0
2022-06-16 00:00:00-04:00,109.23999786376953,109.23999786376953,105.5199966430664,106.9800033569336,102.6480712890625,1828500,0.0,0.0
2022-06-17 00:00:00-04:00,107.37999725341797,110.9800033569336,107.33000183105469,110.25,105.7856216430664,2759300,0.0,0.0
2022-06-21 00:00:00-04:00,112.33999633789062,113.79000091552734,110.93000030517578,111.5199966430664,107.00420379638672,1464800,0.0,0.0
2022-06-22 00:00:00-04:00,109.91999816894531,112.44000244140625,109.44000244140625,111.30000305175781,106.79312133789062,1125400,0.0,0.0
2022-06-23 00:00:00-04:00,111.91000366210938,113.69999694824219,111.05999755859375,112.9000015258789,108.32833099365234,1181000,0.0,0.0
2022-06-24 00:00:00-04:00,114.58999633789062,119.44999694824219,114.2300033569336,118.86000061035156,114.04698944091797,5806900,0.0,0.0
2022-06-27 00:00:00-04:00,118.22000122070312,118.47000122070312,114.94999694824219,117.0199966430664,112.281494140625,1592800,0.0,0.0
2022-06-28 00:00:00-04:00,118.0999984741211,119.80000305175781,113.12999725341797,113.3499984741211,108.76010131835938,1296400,0.0,0.0
2022-06-29 00:00:00-04:00,113.5199966430664,113.52999877929688,111.31999969482422,112.7699966430664,108.20359802246094,1024900,0.0,0.0
2022-06-30 00:00:00-04:00,110.55000305175781,112.12000274658203,108.51000213623047,110.63999938964844,106.15986633300781,2137200,0.0,0.0
2022-07-01 00:00:00-04:00,109.47000122070312,111.45999908447266,108.23999786376953,110.93000030517578,106.43811798095703,2265700,0.0,0.0
2022-07-05 00:00:00-04:00,109.41000366210938,111.94999694824219,107.7300033569336,111.83000183105469,107.30166625976562,1667700,0.0,0.0
2022-07-06 00:00:00-04:00,112.0199966430664,114.19999694824219,111.37999725341797,113.3499984741211,108.76010131835938,1201600,0.0,0.0
2022-07-07 00:00:00-04:00,113.69000244140625,114.5999984741211,111.93000030517578,113.63999938964844,109.03836822509766,1008800,0.0,0.0
2022-07-08 00:00:00-04:00,113.55999755859375,114.11000061035156,111.66000366210938,113.27999877929688,108.69295501708984,825700,0.0,0.0
2022-07-11 00:00:00-04:00,111.98999786376953,112.56999969482422,111.05999755859375,111.54000091552734,107.0234146118164,967800,0.0,0.0
2022-07-12 00:00:00-04:00,111.12999725341797,113.73999786376953,111.12999725341797,112.11000061035156,107.57032775878906,1021800,0.0,0.0
2022-07-13 00:00:00-04:00,109.66999816894531,113.06999969482422,108.69000244140625,112.7300033569336,108.16522216796875,1175700,0.0,0.0
2022-07-14 00:00:00-04:00,110.08000183105469,111.86000061035156,108.6500015258789,111.33000183105469,106.82190704345703,1366800,0.0,0.0
2022-07-15 00:00:00-04:00,113.87000274658203,116.6500015258789,113.0,114.80000305175781,110.15140533447266,1645500,0.0,0.0
2022-07-18 00:00:00-04:00,116.08999633789062,116.8499984741211,112.5,113.23999786376953,108.65454864501953,1509000,0.0,0.0
2022-07-19 00:00:00-04:00,116.0,118.52999877929688,115.63999938964844,118.2699966430664,113.48088836669922,1700700,0.0,0.0
2022-07-20 00:00:00-04:00,118.11000061035156,119.98999786376953,117.44000244140625,119.87000274658203,115.0160903930664,1892200,0.0,0.0
2022-07-21 00:00:00-04:00,119.56999969482422,120.93000030517578,118.70999908447266,120.2699966430664,115.39990234375,1304800,0.0,0.0
2022-07-22 00:00:00-04:00,119.3499984741211,121.6500015258789,118.0199966430664,118.70999908447266,113.90308380126953,1480200,0.0,0.0
2022-07-25 00:00:00-04:00,119.88999938964844,119.88999938964844,117.69000244140625,118.47000122070312,113.67280578613281,992400,0.0,0.0
2022-07-26 00:00:00-04:00,119.06999969482422,121.94999694824219,118.11000061035156,119.81999969482422,114.96810913085938,1709900,0.0,0.0
2022-07-27 00:00:00-04:00,121.33999633789062,122.48999786376953,119.27999877929688,120.31999969482422,115.44786834716797,1939700,0.0,0.0
2022-07-28 00:00:00-04:00,120.7300033569336,123.01000213623047,119.95999908447266,122.51000213623047,117.54920196533203,2114900,0.0,0.0
2022-07-29 00:00:00-04:00,122.36000061035156,123.36000061035156,121.19000244140625,122.31999969482422,117.36687469482422,2543400,0.0,0.0
2022-08-01 00:00:00-04:00,123.51000213623047,131.47999572753906,121.04000091552734,127.9800033569336,122.79769897460938,4798200,0.0,0.0
2022-08-02 00:00:00-04:00,126.72000122070312,127.87000274658203,124.5,126.44999694824219,121.32964324951172,2582100,0.0,0.0
2022-08-03 00:00:00-04:00,127.70999908447266,131.30999755859375,127.08000183105469,130.14999389648438,124.87982177734375,2649300,0.0,0.0
2022-08-04 00:00:00-04:00,129.60000610351562,131.39999389648438,127.73999786376953,128.60000610351562,123.39260864257812,2255900,0.0,0.0
2022-08-05 00:00:00-04:00,126.66000366210938,129.85000610351562,126.25,128.0,122.81687927246094,1166000,0.0,0.0
2022-08-08 00:00:00-04:00,129.16000366210938,131.0500030517578,128.6999969482422,129.3300018310547,124.09303283691406,2125400,0.0,0.0
2022-08-09 00:00:00-04:00,128.86000061035156,131.1300048828125,128.8300018310547,130.3800048828125,125.10050964355469,2026000,0.0,0.0
2022-08-10 00:00:00-04:00,133.9600067138672,136.17999267578125,132.5500030517578,132.60000610351562,127.2306137084961,2099700,0.0,0.0
2022-08-11 00:00:00-04:00,134.38999938964844,134.8800048828125,132.75999450683594,133.5500030517578,128.1421661376953,1811600,0.0,0.0
2022-08-12 00:00:00-04:00,134.39999389648438,135.99000549316406,134.27999877929688,135.44000244140625,129.95567321777344,1745100,0.0,0.0
2022-08-15 00:00:00-04:00,133.82000732421875,136.77999877929688,133.82000732421875,136.22999572753906,130.71365356445312,1577500,0.0,0.0
2022-08-16 00:00:00-04:00,135.0,136.8800048828125,133.27000427246094,136.14999389648438,130.6368865966797,1418100,0.0,0.0
2022-08-17 00:00:00-04:00,133.75999450683594,134.9199981689453,133.22999572753906,133.67999267578125,128.2668914794922,1384000,0.0,0.0
2022-08-18 00:00:00-04:00,133.3800048828125,134.60000610351562,132.66000366210938,134.24000549316406,128.80421447753906,1437100,0.0,0.0
2022-08-19 00:00:00-04:00,133.36000061035156,134.02000427246094,132.10000610351562,132.80999755859375,127.43209075927734,1510500,0.0,0.0
2022-08-22 00:00:00-04:00,130.52000427246094,131.7899932861328,129.47999572753906,129.9600067138672,124.69752502441406,1192200,0.0,0.0
2022-08-23 00:00:00-04:00,129.32000732421875,131.0800018310547,128.63999938964844,128.74000549316406,123.52693176269531,1160100,0.0,0.0
2022-08-24 00:00:00-04:00,129.02999877929688,129.44000244140625,127.56999969482422,128.0,122.81687927246094,1254700,0.0,0.0
2022-08-25 00:00:00-04:00,128.1199951171875,129.9600067138672,127.44999694824219,129.8699951171875,124.61115264892578,1214800,0.0,0.0
2022-08-26 00:00:00-04:00,130.11000061035156,130.39999389648438,124.98999786376953,125.12999725341797,120.0631103515625,1550600,0.0,0.0
2022-08-29 00:00:00-04:00,123.80999755859375,126.41000366210938,123.25,124.81999969482422,119.76564025878906,1676400,0.0,0.0
2022-08-30 00:00:00-04:00,125.56999969482422,126.13999938964844,123.83000183105469,124.69999694824219,119.6505126953125,1722700,0.0,0.0
2022-08-31 00:00:00-04:00,125.72000122070312,126.13999938964844,124.02999877929688,124.2300033569336,119.1995620727539,2018100,0.0,0.0
2022-09-01 00:00:00-04:00,123.66999816894531,124.9000015258789,121.44999694824219,124.8499984741211,119.79444885253906,1937400,0.0,0.0
2022-09-02 00:00:00-04:00,126.33999633789062,127.06999969482422,123.31999969482422,124.05000305175781,119.0268325805664,1632500,0.0,0.0
2022-09-06 00:00:00-04:00,125.1500015258789,126.41999816894531,123.18000030517578,126.33000183105469,121.21452331542969,2249600,0.0,0.0
2022-09-07 00:00:00-04:00,126.2300033569336,130.38999938964844,126.22000122070312,129.74000549316406,124.48644256591797,3262000,0.0,0.0
2022-09-08 00:00:00-04:00,128.94000244140625,132.16000366210938,128.35000610351562,131.72999572753906,126.39584350585938,2520300,0.0,0.0
2022-09-09 00:00:00-04:00,132.9499969482422,133.24000549316406,131.07000732421875,132.6300048828125,127.25939178466797,1803800,0.0,0.0
2022-09-12 00:00:00-04:00,133.64999389648438,136.63999938964844,133.1699981689453,136.4600067138672,130.93434143066406,2161600,0.0,0.0
2022-09-13 00:00:00-04:00,132.3699951171875,134.05999755859375,131.63999938964844,132.1699981689453,126.81804656982422,3822300,0.0,0.0
2022-09-14 00:00:00-04:00,131.9199981689453,135.58999633789062,131.4600067138672,132.4600067138672,127.0962905883789,3125400,0.0,0.0
2022-09-15 00:00:00-04:00,131.66000366210938,135.38999938964844,130.75999450683594,131.42999267578125,126.3464584350586,3002400,0.25,0.0
2022-09-16 00:00:00-04:00,129.61000061035156,131.0500030517578,127.95999908447266,130.67999267578125,125.62545013427734,3743100,0.0,0.0
2022-09-19 00:00:00-04:00,129.30999755859375,130.0399932861328,125.7699966430664,126.97000122070312,122.05896759033203,2781600,0.0,0.0
2022-09-20 00:00:00-04:00,125.61000061035156,126.4000015258789,123.19999694824219,124.16000366210938,119.35765838623047,2762600,0.0,0.0
2022-09-21 00:00:00-04:00,125.2300033569336,125.97000122070312,120.61000061035156,120.7300033569336,116.0603256225586,2653500,0.0,0.0
2022-09-22 00:00:00-04:00,120.12999725341797,120.8499984741211,115.13999938964844,116.08999633789062,111.59979248046875,3148400,0.0,0.0
2022-09-23 00:00:00-04:00,114.47000122070312,115.12999725341797,111.87000274658203,115.04000091552734,110.59040832519531,2741900,0.0,0.0
2022-09-26 00:00:00-04:00,114.68000030517578,116.1500015258789,111.29000091552734,111.80999755859375,107.4853286743164,3007600,0.0,0.0
2022-09-27 00:00:00-04:00,112.69000244140625,113.1500015258789,107.5199966430664,107.98999786376953,103.8130874633789,2427900,0.0,0.0
2022-09-28 00:00:00-04:00,107.77999877929688,111.16999816894531,107.16000366210938,110.7300033569336,106.44711303710938,1690000,0.0,0.0
2022-09-29 00:00:00-04:00,109.4800033569336,110.5,107.02999877929688,109.54000091552734,105.30313110351562,1640500,0.0,0.0
2022-09-30 00:00:00-04:00,109.22000122070312,111.18000030517578,107.97000122070312,108.05000305175781,103.87077331542969,1749200,0.0,0.0
2022-10-03 00:00:00-04:00,109.37000274658203,111.20999908447266,108.2699966430664,110.73999786376953,106.45672607421875,2003700,0.0,0.0
2022-10-04 00:00:00-04:00,113.1500015258789,116.33999633789062,112.54000091552734,116.1500015258789,111.65746307373047,1818700,0.0,0.0
2022-10-05 00:00:00-04:00,114.18000030517578,117.79000091552734,114.12999725341797,117.20999908447266,112.67648315429688,1191400,0.0,0.0
2022-10-06 00:00:00-04:00,116.7699966430664,116.87999725341797,113.19999694824219,113.30000305175781,108.9177017211914,3149800,0.0,0.0
2022-10-07 00:00:00-04:00,111.7699966430664,112.41999816894531,110.37999725341797,112.23999786376953,107.89869689941406,1748100,0.0,0.0
2022-10-10 00:00:00-04:00,112.19000244140625,112.4000015258789,108.44000244140625,109.75,105.50502014160156,1376500,0.0,0.0
2022-10-11 00:00:00-04:00,109.23999786376953,109.36000061035156,105.93000030517578,107.80999755859375,103.64005279541016,1632300,0.0,0.0
2022-10-12 00:00:00-04:00,107.73999786376953,108.30999755859375,106.37000274658203,107.18000030517578,103.03441619873047,1639700,0.0,0.0
2022-10-13 00:00:00-04:00,104.58000183105469,110.56999969482422,104.2300033569336,109.98999786376953,105.73572540283203,1622300,0.0,0.0
2022-10-14 00:00:00-04:00,111.7699966430664,113.58999633789062,109.80000305175781,110.05999755859375,105.80302429199219,1960400,0.0,0.0
2022-10-17 00:00:00-04:00,112.7300033569336,114.04000091552734,112.44000244140625,112.88999938964844,108.52356719970703,1636200,0.0,0.0
2022-10-18 00:00:00-04:00,115.0,115.4800033569336,112.44999694824219,113.66999816894531,109.27339935302734,2032700,0.0,0.0
2022-10-19 00:00:00-04:00,112.0,114.25,111.80999755859375,112.66999816894531,108.31208038330078,1431800,0.0,0.0
2022-10-20 00:00:00-04:00,112.9800033569336,115.25,112.29000091552734,112.77999877929688,108.4178237915039,1653000,0.0,0.0
2022-10-21 00:00:00-04:00,112.45999908447266,114.5999984741211,110.83000183105469,114.25,109.83094787597656,1619900,0.0,0.0
2022-10-24 00:00:00-04:00,114.81999969482422,116.3499984741211,113.3499984741211,115.66000366210938,111.1864242553711,1397300,0.0,0.0
2022-10-25 00:00:00-04:00,115.97000122070312,118.5199966430664,115.88999938964844,118.18000030517578,113.60896301269531,1599100,0.0,0.0
2022-10-26 00:00:00-04:00,119.29000091552734,123.9000015258789,119.08999633789062,120.61000061035156,115.94496154785156,2020500,0.0,0.0
2022-10-27 00:00:00-04:00,120.6500015258789,121.9000015258789,119.1500015258789,121.87000274658203,117.15625,2544300,0.0,0.0
2022-10-28 00:00:00-04:00,122.41000366210938,125.58999633789062,121.87999725341797,125.30999755859375,120.46317291259766,2654300,0.0,0.0
2022-10-31 00:00:00-04:00,124.0,124.16000366210938,113.63999938964844,114.26000213623047,109.840576171875,5555200,0.0,0.0
2022-11-01 00:00:00-04:00,115.06999969482422,116.12999725341797,113.12000274658203,113.66999816894531,109.27339935302734,3145700,0.0,0.0
2022-11-02 00:00:00-04:00,113.25,113.69999694824219,107.5,107.58000183105469,103.41893768310547,3735800,0.0,0.0
2022-11-03 00:00:00-04:00,104.16999816894531,104.30000305175781,93.98999786376953,94.33999633789062,90.69105529785156,7878500,0.0,0.0
2022-11-04 00:00:00-04:00,95.5,97.87999725341797,94.04000091552734,97.44999694824219,93.68075561523438,4761000,0.0,0.0
2022-11-07 00:00:00-05:00,98.38999938964844,99.19999694824219,95.44999694824219,99.13999938964844,95.3053970336914,2922600,0.0,0.0
2022-11-08 00:00:00-05:00,100.0199966430664,101.97000122070312,99.02999877929688,99.94000244140625,96.07447052001953,1939200,0.0,0.0
2022-11-09 00:00:00-05:00,99.02999877929688,99.05000305175781,96.23999786376953,96.83000183105469,93.08474731445312,2481900,0.0,0.0
2022-11-10 00:00:00-05:00,101.97000122070312,104.12999725341797,101.11000061035156,102.88999938964844,98.91035461425781,2657200,0.0,0.0
2022-11-11 00:00:00-05:00,102.62999725341797,105.2300033569336,102.05999755859375,104.37999725341797,100.34273529052734,3411100,0.0,0.0
2022-11-14 00:00:00-05:00,102.08000183105469,104.73999786376953,102.08000183105469,103.2300033569336,99.2372055053711,2434800,0.0,0.0
2022-11-15 00:00:00-05:00,105.5199966430664,106.0199966430664,101.11000061035156,102.27999877929688,98.3239517211914,2406500,0.0,0.0
2022-11-16 00:00:00-05:00,101.86000061035156,101.91000366210938,99.06999969482422,99.31999969482422,95.47842407226562,3262100,0.0,0.0
2022-11-17 00:00:00-05:00,97.30000305175781,97.83999633789062,96.41000366210938,97.66000366210938,93.88264465332031,2631000,0.0,0.0
2022-11-18 00:00:00-05:00,100.0,101.87999725341797,97.05999755859375,98.01000213623047,94.2191162109375,2112900,0.0,0.0
2022-11-21 00:00:00-05:00,97.56999969482422,97.76000213623047,94.68000030517578,96.11000061035156,92.39259338378906,2176100,0.0,0.0
2022-11-22 00:00:00-05:00,96.52999877929688,99.55999755859375,95.6500015258789,99.18000030517578,95.3438491821289,2000500,0.0,0.0
2022-11-23 00:00:00-05:00,98.4000015258789,101.13999938964844,98.36000061035156,100.16999816894531,96.29554748535156,1362900,0.0,0.0
2022-11-25 00:00:00-05:00,100.29000091552734,102.41999816894531,100.2300033569336,101.69999694824219,97.76637268066406,967800,0.0,0.0
2022-11-28 00:00:00-05:00,100.31999969482422,101.55999755859375,99.44999694824219,99.7699966430664,95.9110336303711,1839700,0.0,0.0
2022-11-29 00:00:00-05:00,99.79000091552734,100.5999984741211,98.63999938964844,99.83000183105469,95.96871948242188,2907400,0.0,0.0
2022-11-30 00:00:00-05:00,99.19000244140625,104.52999877929688,98.68000030517578,103.77999877929688,99.76593017578125,3056100,0.0,0.0
2022-12-01 00:00:00-05:00,103.73999786376953,105.33999633789062,103.08000183105469,103.52999877929688,99.52560424804688,2057800,0.0,0.0
2022-12-02 00:00:00-05:00,101.88999938964844,103.41000366210938,101.41000366210938,103.08000183105469,99.093017578125,2402200,0.0,0.0
2022-12-05 00:00:00-05:00,101.81999969482422,102.83000183105469,100.80999755859375,101.43000030517578,97.50682830810547,2470400,0.0,0.0
2022-12-06 00:00:00-05:00,101.30999755859375,101.44000244140625,96.83000183105469,97.6500015258789,93.87303161621094,2299600,0.0,0.0
2022-12-07 00:00:00-05:00,97.93000030517578,98.87999725341797,96.19999694824219,98.83999633789062,95.01700592041016,2677600,0.0,0.0
2022-12-08 00:00:00-05:00,99.75,101.05000305175781,98.29000091552734,98.93000030517578,95.103515625,1680200,0.0,0.0
2022-12-09 00:00:00-05:00,97.83999633789062,98.95999908447266,97.3499984741211,97.81999969482422,94.03645324707031,2090400,0.0,0.0
2022-12-12 00:00:00-05:00,98.05999755859375,99.94999694824219,97.58999633789062,99.63999938964844,95.78606414794922,2446200,0.0,0.0
2022-12-13 00:00:00-05:00,103.43000030517578,103.6500015258789,98.91000366210938,99.44999694824219,95.60338592529297,2469300,0.0,0.0
2022-12-14 00:00:00-05:00,99.33999633789062,100.13999938964844,96.2699966430664,97.7300033569336,93.94993591308594,3761500,0.0,0.0
2022-12-15 00:00:00-05:00,96.86000061035156,97.51000213623047,94.47000122070312,94.93000030517578,91.49227905273438,2964900,0.25,0.0
2022-12-16 00:00:00-05:00,94.0999984741211,95.4800033569336,92.75,94.77999877929688,91.34769439697266,5053300,0.0,0.0
2022-12-19 00:00:00-05:00,94.2699966430664,94.52999877929688,92.2699966430664,93.12999725341797,89.7574691772461,3001000,0.0,0.0
2022-12-20 00:00:00-05:00,92.3499984741211,94.2699966430664,92.31999969482422,94.0,90.59593963623047,3029900,0.0,0.0
2022-12-21 00:00:00-05:00,94.77999877929688,96.4000015258789,94.45999908447266,95.79000091552734,92.32113647460938,1805500,0.0,0.0
2022-12-22 00:00:00-05:00,94.6500015258789,95.16000366210938,92.52999877929688,94.55000305175781,91.12604522705078,1588400,0.0,0.0
2022-12-23 00:00:00-05:00,94.26000213623047,97.02999877929688,94.05999755859375,96.72000122070312,93.21744537353516,1454200,0.0,0.0
2022-12-27 00:00:00-05:00,96.5,98.01000213623047,96.3499984741211,97.68000030517578,94.14269256591797,1569600,0.0,0.0
2022-12-28 00:00:00-05:00,97.87000274658203,98.75,96.05999755859375,96.37000274658203,92.88011932373047,1158500,0.0,0.0
2022-12-29 00:00:00-05:00,97.13999938964844,99.83999633789062,96.72000122070312,99.19999694824219,95.6076431274414,1352500,0.0,0.0
2022-12-30 00:00:00-05:00,98.08000183105469,99.3499984741211,97.72000122070312,99.31999969482422,95.72329711914062,1374800,0.0,0.0
2023-01-03 00:00:00-05:00,100.70999908447266,102.02999877929688,99.02999877929688,100.19999694824219,96.5714340209961,1845900,0.0,0.0
2023-01-04 00:00:00-05:00,101.37999725341797,103.9800033569336,101.0,103.4800033569336,99.73265838623047,1735100,0.0,0.0
2023-01-05 00:00:00-05:00,102.52999877929688,102.94000244140625,101.0,101.9800033569336,98.2869644165039,1193700,0.0,0.0
2023-01-06 00:00:00-05:00,103.47000122070312,106.0,102.97000122070312,105.16999816894531,101.36145782470703,2002200,0.0,0.0
2023-01-09 00:00:00-05:00,105.20999908447266,107.61000061035156,104.97000122070312,106.45999908447266,102.60475158691406,1448300,0.0,0.0
2023-01-10 00:00:00-05:00,106.41999816894531,106.95999908447266,104.69000244140625,105.30999755859375,101.49637603759766,1115200,0.0,0.0
2023-01-11 00:00:00-05:00,105.8499984741211,106.30000305175781,104.63999938964844,105.5999984741211,101.77587890625,1140800,0.0,0.0
2023-01-12 00:00:00-05:00,105.93000030517578,108.4000015258789,105.77999877929688,108.3499984741211,104.42628479003906,1541000,0.0,0.0
2023-01-13 00:00:00-05:00,107.25,108.41999816894531,106.33000183105469,107.66000366210938,103.76129150390625,1356500,0.0,0.0
2023-01-17 00:00:00-05:00,110.76000213623047,111.95999908447266,108.69999694824219,111.45999908447266,107.42367553710938,2491400,0.0,0.0
2023-01-18 00:00:00-05:00,112.55999755859375,113.44000244140625,109.18000030517578,109.20999908447266,105.25515747070312,1959600,0.0,0.0
2023-01-19 00:00:00-05:00,107.54000091552734,109.36000061035156,107.08000183105469,108.63999938964844,104.7057876586914,1383000,0.0,0.0
2023-01-20 00:00:00-05:00,109.22000122070312,112.12000274658203,108.44999694824219,111.94000244140625,107.88631439208984,1303500,0.0,0.0
2023-01-23 00:00:00-05:00,112.18000030517578,114.20999908447266,111.16000366210938,113.43000030517578,109.32231903076172,1438800,0.0,0.0
2023-01-24 00:00:00-05:00,113.44999694824219,114.7300033569336,111.9800033569336,112.29000091552734,108.22361755371094,1021000,0.0,0.0
2023-01-25 00:00:00-05:00,110.3499984741211,111.91999816894531,108.80000305175781,111.68000030517578,107.6357192993164,1229500,0.0,0.0
2023-01-26 00:00:00-05:00,112.80000305175781,113.16999816894531,111.0199966430664,112.5199966430664,108.44527435302734,1207500,0.0,0.0
2023-01-27 00:00:00-05:00,112.31999969482422,113.33999633789062,111.52999877929688,112.70999908447266,108.6283950805664,1267200,0.0,0.0
2023-01-30 00:00:00-05:00,111.48999786376953,111.94000244140625,110.11000061035156,110.29000091552734,106.2960433959961,1315800,0.0,0.0
2023-01-31 00:00:00-05:00,110.12000274658203,112.81999969482422,109.95999908447266,112.72000122070312,108.6380386352539,1259100,0.0,0.0
2023-02-01 00:00:00-05:00,112.63999938964844,116.25,112.08000183105469,115.4800033569336,111.2981185913086,1366000,0.0,0.0
2023-02-02 00:00:00-05:00,117.1500015258789,119.12000274658203,115.7300033569336,116.1500015258789,111.9438247680664,1686700,0.0,0.0
2023-02-03 00:00:00-05:00,113.61000061035156,114.47000122070312,112.27999877929688,113.05999755859375,108.9657211303711,1525800,0.0,0.0
2023-02-06 00:00:00-05:00,111.63999938964844,112.79000091552734,110.87000274658203,111.16999816894531,107.1441650390625,1397600,0.0,0.0
2023-02-07 00:00:00-05:00,110.81999969482422,114.63999938964844,110.6500015258789,114.2699966430664,110.13191223144531,1601800,0.0,0.0
2023-02-08 00:00:00-05:00,113.62000274658203,114.11000061035156,111.22000122070312,111.62999725341797,107.58750915527344,1078500,0.0,0.0
2023-02-09 00:00:00-05:00,113.30999755859375,114.94999694824219,111.56999969482422,111.63999938964844,107.59715270996094,2199300,0.0,0.0
2023-02-10 00:00:00-05:00,113.70999908447266,118.7699966430664,113.01000213623047,117.87999725341797,113.61117553710938,3204200,0.0,0.0
2023-02-13 00:00:00-05:00,116.86000061035156,117.0,113.58999633789062,114.77999877929688,110.62345123291016,3670600,0.0,0.0
2023-02-14 00:00:00-05:00,114.05000305175781,118.19000244140625,113.19000244140625,116.18000030517578,111.97274780273438,2504700,0.0,0.0
2023-02-15 00:00:00-05:00,114.7699966430664,118.9000015258789,114.7699966430664,117.95999908447266,113.68827819824219,2331200,0.0,0.0
2023-02-16 00:00:00-05:00,115.94999694824219,118.44999694824219,115.5199966430664,117.3499984741211,113.10037231445312,1475300,0.0,0.0
2023-02-17 00:00:00-05:00,116.55999755859375,116.98999786376953,114.76000213623047,116.30999755859375,112.09803771972656,1453800,0.0,0.0
2023-02-21 00:00:00-05:00,114.93000030517578,115.19999694824219,112.9000015258789,113.12000274658203,109.02355194091797,1414800,0.0,0.0
2023-02-22 00:00:00-05:00,113.43000030517578,114.37999725341797,113.08999633789062,113.94000244140625,109.81387329101562,1036100,0.0,0.0
2023-02-23 00:00:00-05:00,114.86000061035156,115.43000030517578,112.6500015258789,113.75,109.63074493408203,1322800,0.0,0.0
2023-02-24 00:00:00-05:00,111.72000122070312,112.41000366210938,110.94999694824219,112.20999908447266,108.1465072631836,1546700,0.0,0.0
2023-02-27 00:00:00-05:00,113.33999633789062,114.26000213623047,112.41000366210938,113.54000091552734,109.42833709716797,1690800,0.0,0.0
2023-02-28 00:00:00-05:00,113.48999786376953,113.91000366210938,112.08999633789062,112.19999694824219,108.1368637084961,1513000,0.0,0.0
2023-03-01 00:00:00-05:00,111.58000183105469,112.16000366210938,109.94999694824219,111.68000030517578,107.6357192993164,1337200,0.0,0.0
2023-03-02 00:00:00-05:00,111.2699966430664,111.79000091552734,110.0,110.72000122070312,106.7104721069336,1372200,0.0,0.0
2023-03-03 00:00:00-05:00,111.38999938964844,112.97000122070312,111.0199966430664,112.80000305175781,108.71514129638672,996500,0.0,0.0
2023-03-06 00:00:00-05:00,112.95999908447266,114.44000244140625,112.52999877929688,112.61000061035156,108.53202819824219,935400,0.0,0.0
2023-03-07 00:00:00-05:00,112.30999755859375,112.79000091552734,108.81999969482422,108.81999969482422,104.87926483154297,1689300,0.0,0.0
2023-03-08 00:00:00-05:00,108.70999908447266,109.56999969482422,107.7699966430664,108.91000366210938,104.96601104736328,1551300,0.0,0.0
2023-03-09 00:00:00-05:00,109.44000244140625,109.44000244140625,105.0,105.20999908447266,101.4000015258789,1300000,0.0,0.0
2023-03-10 00:00:00-05:00,104.29000091552734,104.69999694824219,99.5999984741211,100.0,96.37869262695312,2390000,0.0,0.0
2023-03-13 00:00:00-04:00,98.23999786376953,98.73999786376953,94.05000305175781,95.9800033569336,92.50426483154297,3423300,0.0,0.0
2023-03-14 00:00:00-04:00,99.4000015258789,101.73999786376953,99.16999816894531,101.19999694824219,97.53521728515625,2935000,0.0,0.0
2023-03-15 00:00:00-04:00,97.26000213623047,99.52999877929688,95.6500015258789,99.4800033569336,95.87750244140625,3633700,0.0,0.0
2023-03-16 00:00:00-04:00,98.37000274658203,101.18000030517578,96.56999969482422,100.91999816894531,97.51041412353516,3090700,0.25,0.0
2023-03-17 00:00:00-04:00,100.88999938964844,100.88999938964844,97.94999694824219,98.55000305175781,95.22047424316406,5308400,0.0,0.0
2023-03-20 00:00:00-04:00,99.19000244140625,100.98999786376953,98.7300033569336,99.83000183105469,96.4572525024414,2362700,0.0,0.0
2023-03-21 00:00:00-04:00,102.12999725341797,103.41999816894531,100.80000305175781,102.44999694824219,98.98870849609375,2477100,0.0,0.0
2023-03-22 00:00:00-04:00,102.02999877929688,102.66000366210938,98.88999938964844,98.91999816894531,95.5779800415039,1534100,0.0,0.0
2023-03-23 00:00:00-04:00,98.94999694824219,100.91999816894531,97.19999694824219,98.44000244140625,95.11419677734375,1629600,0.0,0.0
2023-03-24 00:00:00-04:00,97.0,98.62999725341797,95.77999877929688,98.43000030517578,95.10453033447266,1597500,0.0,0.0
2023-03-27 00:00:00-04:00,100.29000091552734,101.72000122070312,98.69000244140625,99.1500015258789,95.80020904541016,2170900,0.0,0.0
2023-03-28 00:00:00-04:00,98.7699966430664,99.87999725341797,98.29000091552734,99.58000183105469,96.21569061279297,1480400,0.0,0.0
2023-03-29 00:00:00-04:00,101.4000015258789,103.55000305175781,100.87999725341797,103.33000183105469,99.83899688720703,2137500,0.0,0.0
2023-03-30 00:00:00-04:00,104.9800033569336,105.81999969482422,103.05000305175781,103.19000244140625,99.70372009277344,2091100,0.0,0.0
2023-03-31 00:00:00-04:00,103.48999786376953,105.47000122070312,103.48999786376953,105.23999786376953,101.68446350097656,2111200,0.0,0.0
2023-04-03 00:00:00-04:00,105.08999633789062,105.62000274658203,104.4800033569336,105.25,101.69409942626953,1454600,0.0,0.0
2023-04-04 00:00:00-04:00,105.9800033569336,106.08999633789062,103.02999877929688,103.30999755859375,99.81965637207031,1914600,0.0,0.0
2023-04-05 00:00:00-04:00,102.4000015258789,104.55999755859375,102.2300033569336,103.93000030517578,100.4187240600586,1753600,0.0,0.0
2023-04-06 00:00:00-04:00,103.5199966430664,105.41000366210938,103.05999755859375,105.0999984741211,101.5491943359375,1567400,0.0,0.0
2023-04-10 00:00:00-04:00,104.36000061035156,105.23999786376953,103.05999755859375,104.80000305175781,101.25933074951172,1438800,0.0,0.0
2023-04-11 00:00:00-04:00,105.4000015258789,106.76000213623047,104.75,105.86000061035156,102.28351593017578,1849400,0.0,0.0
2023-04-12 00:00:00-04:00,108.19000244140625,108.52999877929688,104.98999786376953,105.20999908447266,101.65547180175781,1719400,0.0,0.0
2023-04-13 00:00:00-04:00,105.20999908447266,107.80999755859375,105.19999694824219,106.95999908447266,103.34635162353516,1485200,0.0,0.0
2023-04-14 00:00:00-04:00,107.37000274658203,108.48999786376953,106.87000274658203,107.55999755859375,103.92607116699219,1172100,0.0,0.0
2023-04-17 00:00:00-04:00,107.47000122070312,109.80999755859375,107.16999816894531,109.75,106.04208374023438,1591200,0.0,0.0
2023-04-18 00:00:00-04:00,108.86000061035156,109.72000122070312,107.80000305175781,109.08999633789062,105.40438842773438,2559400,0.0,0.0
2023-04-19 00:00:00-04:00,110.45999908447266,110.61000061035156,108.55000305175781,109.98999786376953,106.27398681640625,1302300,0.0,0.0
2023-04-20 00:00:00-04:00,109.33999633789062,109.70999908447266,108.33000183105469,109.0999984741211,105.41404724121094,1299800,0.0,0.0
2023-04-21 00:00:00-04:00,109.44999694824219,109.95999908447266,108.66999816894531,108.88999938964844,105.21114349365234,998800,0.0,0.0
2023-04-24 00:00:00-04:00,109.08999633789062,109.19000244140625,107.54000091552734,108.23999786376953,104.58309936523438,1504000,0.0,0.0
2023-04-25 00:00:00-04:00,107.26000213623047,107.9800033569336,105.63999938964844,105.72000122070312,102.14824676513672,1528200,0.0,0.0
2023-04-26 00:00:00-04:00,104.94000244140625,107.05999755859375,104.2300033569336,104.58999633789062,101.05641174316406,1473600,0.0,0.0
2023-04-27 00:00:00-04:00,106.22000122070312,109.7699966430664,105.98999786376953,109.6500015258789,105.94546508789062,2950000,0.0,0.0
2023-04-28 00:00:00-04:00,109.94000244140625,113.0999984741211,109.23999786376953,112.70999908447266,108.9020767211914,3257700,0.0,0.0
2023-05-01 00:00:00-04:00,108.4800033569336,109.44000244140625,102.55999755859375,103.0,99.52013397216797,6050700,0.0,0.0
2023-05-02 00:00:00-04:00,103.0,104.0,97.3499984741211,100.72000122070312,97.31717681884766,4577400,0.0,0.0
2023-05-03 00:00:00-04:00,101.01000213623047,106.47000122070312,101.01000213623047,103.80000305175781,100.29312133789062,3625600,0.0,0.0
2023-05-04 00:00:00-04:00,103.12999725341797,103.68000030517578,100.80999755859375,101.4800033569336,98.05149841308594,2697600,0.0,0.0
2023-05-05 00:00:00-04:00,103.0,104.87000274658203,102.81999969482422,104.77999877929688,101.23999786376953,1670000,0.0,0.0
2023-05-08 00:00:00-04:00,105.2699966430664,105.63999938964844,104.05999755859375,104.68000030517578,101.14334869384766,1065400,0.0,0.0
2023-05-09 00:00:00-04:00,103.58000183105469,107.19999694824219,103.58000183105469,106.72000122070312,103.11445617675781,1696600,0.0,0.0
2023-05-10 00:00:00-04:00,107.58000183105469,107.77999877929688,103.02999877929688,103.76000213623047,100.25447845458984,1432300,0.0,0.0
2023-05-11 00:00:00-04:00,102.94999694824219,103.87999725341797,101.37999725341797,103.52999877929688,100.03221893310547,1760200,0.0,0.0
2023-05-12 00:00:00-04:00,103.98999786376953,104.0,101.95999908447266,102.5999984741211,99.13363647460938,1049300,0.0,0.0
2023-05-15 00:00:00-04:00,102.55999755859375,103.6500015258789,102.4000015258789,103.05000305175781,99.5684585571289,1964000,0.0,0.0
2023-05-16 00:00:00-04:00,102.48999786376953,102.66000366210938,100.27999877929688,100.51000213623047,97.1142578125,1573400,0.0,0.0
2023-05-17 00:00:00-04:00,100.75,104.52999877929688,100.72000122070312,103.77999877929688,100.27379608154297,2080600,0.0,0.0
2023-05-18 00:00:00-04:00,103.4800033569336,104.33999633789062,102.47000122070312,104.06999969482422,100.55398559570312,1248900,0.0,0.0
2023-05-19 00:00:00-04:00,104.54000091552734,104.5999984741211,101.88999938964844,101.95999908447266,98.5152587890625,1471800,0.0,0.0
2023-05-22 00:00:00-04:00,101.94000244140625,104.55000305175781,101.06999969482422,103.66000366210938,100.15782928466797,3505800,0.0,0.0
2023-05-23 00:00:00-04:00,103.13999938964844,104.62999725341797,101.69000244140625,101.80000305175781,98.36067962646484,1806800,0.0,0.0
2023-05-24 00:00:00-04:00,100.7699966430664,101.01000213623047,98.77999877929688,98.98999786376953,95.6456069946289,1649800,0.0,0.0
2023-05-25 00:00:00-04:00,98.51000213623047,99.83999633789062,97.55000305175781,99.51000213623047,96.1480484008789,2495100,0.0,0.0
2023-05-26 00:00:00-04:00,100.0,100.58000183105469,99.19000244140625,99.97000122070312,96.5925064086914,1781800,0.0,0.0
2023-05-30 00:00:00-04:00,99.94999694824219,100.3499984741211,96.73999786376953,99.12999725341797,95.78087615966797,2430000,0.0,0.0
2023-05-31 00:00:00-04:00,98.73999786376953,98.73999786376953,95.77999877929688,97.69000244140625,94.38953399658203,5881000,0.0,0.0
2023-06-01 00:00:00-04:00,98.20999908447266,99.55000305175781,97.38999938964844,98.83999633789062,95.50067138671875,2073500,0.0,0.0
2023-06-02 00:00:00-04:00,100.23999786376953,101.22000122070312,98.70999908447266,100.38999938964844,96.99832153320312,3421300,0.0,0.0
2023-06-05 00:00:00-04:00,100.48999786376953,100.48999786376953,97.08999633789062,98.0999984741211,94.78568267822266,3100500,0.0,0.0
2023-06-06 00:00:00-04:00,97.76000213623047,101.4800033569336,97.5199966430664,100.81999969482422,97.4137954711914,1839000,0.0,0.0
2023-06-07 00:00:00-04:00,101.13999938964844,102.48999786376953,100.91999816894531,101.91000366210938,98.46696472167969,4473600,0.0,0.0
2023-06-08 00:00:00-04:00,101.55000305175781,102.12999725341797,100.12999725341797,100.87000274658203,97.46208953857422,4183100,0.0,0.0
2023-06-09 00:00:00-04:00,101.41000366210938,101.73999786376953,99.87000274658203,100.08999633789062,96.70845031738281,1864700,0.0,0.0
2023-06-12 00:00:00-04:00,99.88999938964844,101.6500015258789,99.55000305175781,100.69999694824219,97.2978286743164,1980400,0.0,0.0
2023-06-13 00:00:00-04:00,100.30999755859375,101.75,99.55999755859375,100.61000061035156,97.21087646484375,2398400,0.0,0.0
2023-06-14 00:00:00-04:00,101.13999938964844,102.81999969482422,100.76000213623047,101.16000366210938,97.98577117919922,6395700,0.25,0.0
2023-06-15 00:00:00-04:00,100.41000366210938,102.6500015258789,100.12999725341797,101.94999694824219,98.7509765625,2700800,0.0,0.0
2023-06-16 00:00:00-04:00,102.5,102.5,100.05999755859375,100.68000030517578,97.52084350585938,3752800,0.0,0.0
2023-06-20 00:00:00-04:00,99.2300033569336,102.01000213623047,99.05999755859375,101.04000091552734,97.86954498291016,2657500,0.0,0.0
2023-06-21 00:00:00-04:00,100.54000091552734,100.55999755859375,98.83000183105469,99.66000366210938,96.53285217285156,2804500,0.0,0.0
2023-06-22 00:00:00-04:00,99.11000061035156,99.6500015258789,98.05999755859375,99.62000274658203,96.49410247802734,922000,0.0,0.0
2023-06-23 00:00:00-04:00,98.80000305175781,99.4800033569336,98.12000274658203,98.83999633789062,95.73856353759766,1627300,0.0,0.0
2023-06-26 00:00:00-04:00,98.12000274658203,99.37000274658203,96.33999633789062,96.5199966430664,93.49137115478516,2098500,0.0,0.0
2023-06-27 00:00:00-04:00,97.0999984741211,97.86000061035156,95.72000122070312,95.9000015258789,92.89081573486328,2306500,0.0,0.0
2023-06-28 00:00:00-04:00,95.9800033569336,97.05999755859375,95.12000274658203,97.04000091552734,93.99506378173828,2313000,0.0,0.0
2023-06-29 00:00:00-04:00,97.8499984741211,98.45999908447266,96.87000274658203,96.97000122070312,93.92725372314453,1457400,0.0,0.0
2023-06-30 00:00:00-04:00,98.16000366210938,99.4800033569336,97.7300033569336,98.5199966430664,95.4286117553711,1477500,0.0,0.0
2023-07-03 00:00:00-04:00,100.79000091552734,102.48999786376953,99.79000091552734,102.16000366210938,98.95439910888672,1318400,0.0,0.0
2023-07-05 00:00:00-04:00,100.48999786376953,105.0999984741211,99.81999969482422,104.76000213623047,101.47281646728516,2917700,0.0,0.0
2023-07-06 00:00:00-04:00,103.52999877929688,105.43000030517578,102.25,105.26000213623047,101.9571304321289,3737000,0.0,0.0
2023-07-07 00:00:00-04:00,105.36000061035156,107.08000183105469,104.80999755859375,105.8499984741211,102.52861785888672,2432100,0.0,0.0
2023-07-10 00:00:00-04:00,106.05999755859375,106.95999908447266,105.66000366210938,106.23999786376953,102.90638732910156,1803800,0.0,0.0
2023-07-11 00:00:00-04:00,106.5999984741211,108.38999938964844,106.16000366210938,108.33000183105469,104.9308090209961,1690900,0.0,0.0
2023-07-12 00:00:00-04:00,109.70999908447266,109.94000244140625,108.1500015258789,108.87999725341797,105.46353149414062,1434000,0.0,0.0
2023-07-13 00:00:00-04:00,110.18000030517578,112.61000061035156,109.37999725341797,112.33000183105469,108.80529022216797,1622300,0.0,0.0
2023-07-14 00:00:00-04:00,112.5,112.62999725341797,111.20999908447266,111.95999908447266,108.44690704345703,1355100,0.0,0.0
2023-07-17 00:00:00-04:00,111.58999633789062,112.5999984741211,111.4000015258789,112.30000305175781,108.77623748779297,1706800,0.0,0.0
2023-07-18 00:00:00-04:00,112.05000305175781,113.93000030517578,112.0,113.66000366210938,110.09355926513672,1075900,0.0,0.0
2023-07-19 00:00:00-04:00,113.91999816894531,114.69000244140625,112.54000091552734,112.87000274658203,109.32835388183594,1674500,0.0,0.0
2023-07-20 00:00:00-04:00,113.05999755859375,113.2300033569336,111.47000122070312,112.08000183105469,108.56314849853516,1967800,0.0,0.0
2023-07-21 00:00:00-04:00,112.33999633789062,112.33999633789062,109.77999877929688,110.48999786376953,107.02301788330078,5354500,0.0,0.0
2023-07-24 00:00:00-04:00,110.41000366210938,112.5199966430664,110.30000305175781,112.5,108.96995544433594,2014600,0.0,0.0
2023-07-25 00:00:00-04:00,112.77999877929688,113.33999633789062,111.45999908447266,111.55999755859375,108.05944061279297,1474700,0.0,0.0
2023-07-26 00:00:00-04:00,110.98999786376953,111.95999908447266,109.06999969482422,111.33000183105469,107.836669921875,2318700,0.0,0.0
2023-07-27 00:00:00-04:00,111.8499984741211,112.43000030517578,107.80999755859375,107.91999816894531,104.53364562988281,1690500,0.0,0.0
2023-07-28 00:00:00-04:00,109.63999938964844,110.58000183105469,108.4800033569336,108.88999938964844,105.47323608398438,1319400,0.0,0.0
2023-07-31 00:00:00-04:00,109.51000213623047,110.56999969482422,109.01000213623047,110.25,106.7905502319336,1780200,0.0,0.0
2023-08-01 00:00:00-04:00,117.18000030517578,121.5,115.47000122070312,120.75,116.96107482910156,5100600,0.0,0.0
2023-08-02 00:00:00-04:00,119.69999694824219,124.75,118.51000213623047,121.95999908447266,118.13311767578125,5194000,0.0,0.0
2023-08-03 00:00:00-04:00,121.0,122.11000061035156,118.45999908447266,121.6500015258789,117.83284759521484,2351700,0.0,0.0
2023-08-04 00:00:00-04:00,121.81999969482422,124.37000274658203,120.51000213623047,122.6500015258789,118.80146026611328,1736900,0.0,0.0
2023-08-07 00:00:00-04:00,123.0999984741211,123.7699966430664,121.97000122070312,122.58999633789062,118.74333953857422,1557700,0.0,0.0
2023-08-08 00:00:00-04:00,121.0,125.19999694824219,120.80000305175781,124.37000274658203,120.46749877929688,2301400,0.0,0.0
2023-08-09 00:00:00-04:00,124.0199966430664,125.26000213623047,123.33000183105469,124.04000091552734,120.1478500366211,1444300,0.0,0.0
2023-08-10 00:00:00-04:00,127.19000244140625,129.5800018310547,126.86000061035156,127.72000122070312,123.71238708496094,2507300,0.0,0.0
2023-08-11 00:00:00-04:00,127.51000213623047,127.70999908447266,126.38999938964844,126.83999633789062,122.85997772216797,1317300,0.0,0.0
2023-08-14 00:00:00-04:00,126.01000213623047,127.04000091552734,125.63999938964844,125.77999877929688,121.83324432373047,1590600,0.0,0.0
2023-08-15 00:00:00-04:00,125.0999984741211,125.77999877929688,123.33999633789062,123.55999755859375,119.68292236328125,2324200,0.0,0.0
2023-08-16 00:00:00-04:00,122.7699966430664,124.19000244140625,122.63999938964844,123.63999938964844,119.7603988647461,1617100,0.0,0.0
2023-08-17 00:00:00-04:00,123.98999786376953,125.8499984741211,123.9000015258789,124.9800033569336,121.058349609375,3694800,0.0,0.0
2023-08-18 00:00:00-04:00,123.41000366210938,125.08000183105469,122.86000061035156,124.05999755859375,120.1672134399414,1928700,0.0,0.0
2023-08-21 00:00:00-04:00,124.13999938964844,124.87999725341797,122.62000274658203,123.63999938964844,119.7603988647461,1703500,0.0,0.0
2023-08-22 00:00:00-04:00,123.97000122070312,124.91000366210938,123.23999786376953,123.44999694824219,119.57635498046875,957300,0.0,0.0
2023-08-23 00:00:00-04:00,123.63999938964844,123.7300033569336,122.61000061035156,123.2699966430664,119.40200805664062,1260100,0.0,0.0
2023-08-24 00:00:00-04:00,123.30999755859375,123.9800033569336,121.13999938964844,121.2300033569336,117.426025390625,2166100,0.0,0.0
2023-08-25 00:00:00-04:00,121.45999908447266,122.22000122070312,119.58000183105469,121.70999908447266,117.89096069335938,2149300,0.0,0.0
2023-08-28 00:00:00-04:00,122.16999816894531,125.63999938964844,121.98999786376953,125.29000091552734,121.35863494873047,1868000,0.0,0.0
2023-08-29 00:00:00-04:00,124.68000030517578,125.62999725341797,123.94999694824219,124.8499984741211,120.93241882324219,1581600,0.0,0.0
2023-08-30 00:00:00-04:00,125.08999633789062,127.5199966430664,124.45999908447266,127.1500015258789,123.16027069091797,2069400,0.0,0.0
2023-08-31 00:00:00-04:00,127.02999877929688,127.73999786376953,126.48999786376953,126.69000244140625,122.7146987915039,1430100,0.0,0.0
2023-09-01 00:00:00-04:00,128.3000030517578,129.6999969482422,127.13999938964844,129.32000732421875,125.2621841430664,1996500,0.0,0.0
2023-09-05 00:00:00-04:00,128.5800018310547,128.5800018310547,126.41000366210938,126.5,122.53064727783203,1458000,0.0,0.0
2023-09-06 00:00:00-04:00,126.19999694824219,127.79000091552734,125.97000122070312,127.3499984741211,123.3539810180664,1046900,0.0,0.0
2023-09-07 00:00:00-04:00,126.04000091552734,127.43000030517578,126.0,126.63999938964844,122.66626739501953,1180500,0.0,0.0
2023-09-08 00:00:00-04:00,126.62000274658203,127.33999633789062,125.45999908447266,125.91000366210938,121.95916748046875,1072600,0.0,0.0
2023-09-11 00:00:00-04:00,125.9000015258789,126.36000061035156,124.08999633789062,125.11000061035156,121.18426513671875,1216800,0.0,0.0
2023-09-12 00:00:00-04:00,125.0199966430664,125.55999755859375,124.63999938964844,125.11000061035156,121.18426513671875,1088000,0.0,0.0
2023-09-13 00:00:00-04:00,125.25,125.94999694824219,124.33000183105469,125.80999755859375,121.86229705810547,1301900,0.0,0.0
2023-09-14 00:00:00-04:00,126.0,126.30999755859375,124.48999786376953,125.68000030517578,121.97877502441406,1027800,0.25,0.0
2023-09-15 00:00:00-04:00,125.44999694824219,126.68000030517578,123.72000122070312,124.33999633789062,120.67821502685547,2608200,0.0,0.0
2023-09-18 00:00:00-04:00,122.79000091552734,124.12999725341797,121.70999908447266,123.30000305175781,119.66886138916016,1280200,0.0,0.0
2023-09-19 00:00:00-04:00,123.11000061035156,123.55999755859375,121.5199966430664,122.94000244140625,119.3194580078125,1420200,0.0,0.0
2023-09-20 00:00:00-04:00,123.41999816894531,124.4000015258789,122.45999908447266,122.69000244140625,119.0768051147461,974800,0.0,0.0
2023-09-21 00:00:00-04:00,121.5199966430664,121.80000305175781,119.23999786376953,119.7300033569336,116.20398712158203,1283100,0.0,0.0
2023-09-22 00:00:00-04:00,119.83000183105469,120.19999694824219,118.76000213623047,119.16000366210938,115.65078735351562,1345500,0.0,0.0
2023-09-25 00:00:00-04:00,117.97000122070312,119.77999877929688,117.97000122070312,119.55999755859375,116.03899383544922,979100,0.0,0.0
2023-09-26 00:00:00-04:00,118.6500015258789,119.08000183105469,117.33000183105469,117.4000015258789,113.94261932373047,1238600,0.0,0.0
2023-09-27 00:00:00-04:00,117.76000213623047,117.88999938964844,114.76000213623047,115.25,111.85591888427734,1379000,0.0,0.0
2023-09-28 00:00:00-04:00,115.08000183105469,117.19999694824219,115.08000183105469,116.0999984741211,112.68089294433594,1114500,0.0,0.0
2023-09-29 00:00:00-04:00,116.44999694824219,117.33999633789062,115.19000244140625,115.38999938964844,111.99181365966797,1414200,0.0,0.0
2023-10-02 00:00:00-04:00,116.0199966430664,117.1500015258789,115.55000305175781,115.91000366210938,112.49649810791016,1224800,0.0,0.0
2023-10-03 00:00:00-04:00,114.80999755859375,115.30000305175781,111.70999908447266,111.86000061035156,108.56575775146484,1824200,0.0,0.0
2023-10-04 00:00:00-04:00,112.25,113.12000274658203,110.8499984741211,112.94000244140625,109.61396789550781,2294900,0.0,0.0
2023-10-05 00:00:00-04:00,112.62999725341797,114.2300033569336,112.02999877929688,114.12000274658203,110.75921630859375,1442500,0.0,0.0
2023-10-06 00:00:00-04:00,114.05999755859375,116.16000366210938,113.12999725341797,114.70999908447266,111.33183288574219,1283000,0.0,0.0
2023-10-09 00:00:00-04:00,113.06999969482422,114.41999816894531,112.33000183105469,113.80000305175781,110.4486312866211,1169800,0.0,0.0
2023-10-10 00:00:00-04:00,114.16999816894531,115.41000366210938,113.62999725341797,115.22000122070312,111.82681274414062,1108900,0.0,0.0
2023-10-11 00:00:00-04:00,115.5999984741211,116.5199966430664,113.83999633789062,115.18000030517578,111.78800201416016,901000,0.0,0.0
2023-10-12 00:00:00-04:00,115.76000213623047,115.80000305175781,112.75,114.02999877929688,110.67185974121094,1082700,0.0,0.0
2023-10-13 00:00:00-04:00,114.01000213623047,115.30999755859375,112.61000061035156,113.04000091552734,109.71102905273438,1774000,0.0,0.0
2023-10-16 00:00:00-04:00,114.2699966430664,115.80000305175781,113.44999694824219,115.20999908447266,111.81709289550781,1431100,0.0,0.0
2023-10-17 00:00:00-04:00,114.33999633789062,117.30000305175781,114.12999725341797,116.19000244140625,112.76824188232422,1299600,0.0,0.0
2023-10-18 00:00:00-04:00,115.12000274658203,116.12999725341797,114.3499984741211,115.05000305175781,111.66183471679688,1226800,0.0,0.0
2023-10-19 00:00:00-04:00,114.7699966430664,115.33000183105469,111.9800033569336,112.41000366210938,109.09957122802734,1167400,0.0,0.0
2023-10-20 00:00:00-04:00,112.69000244140625,112.77999877929688,110.75,111.12999725341797,107.85725402832031,1111000,0.0,0.0
2023-10-23 00:00:00-04:00,110.38999938964844,110.5199966430664,108.75,108.77999877929688,105.57646942138672,1807400,0.0,0.0
2023-10-24 00:00:00-04:00,109.61000061035156,111.66000366210938,109.31999969482422,111.5,108.21635437011719,2114400,0.0,0.0
2023-10-25 00:00:00-04:00,107.19000244140625,109.1500015258789,103.76000213623047,105.61000061035156,102.49982452392578,3619400,0.0,0.0
2023-10-26 00:00:00-04:00,105.63999938964844,106.66999816894531,103.36000061035156,104.37000274658203,101.29634094238281,2472800,0.0,0.0
2023-10-27 00:00:00-04:00,104.77999877929688,104.77999877929688,102.11000061035156,102.77999877929688,99.75318145751953,2302100,0.0,0.0
2023-10-30 00:00:00-04:00,104.16000366210938,104.2300033569336,101.97000122070312,103.80000305175781,100.7431411743164,2644900,0.0,0.0
2023-10-31 00:00:00-04:00,104.55999755859375,108.69999694824219,103.45999908447266,106.22000122070312,103.09187316894531,4260700,0.0,0.0
2023-11-01 00:00:00-04:00,106.3499984741211,109.68000030517578,106.3499984741211,109.0199966430664,105.80941009521484,2898700,0.0,0.0
2023-11-02 00:00:00-04:00,110.19999694824219,112.91000366210938,110.19999694824219,112.0,108.7016372680664,2545600,0.0,0.0
2023-11-03 00:00:00-04:00,112.41000366210938,114.61000061035156,112.3499984741211,113.76000213623047,110.40980529785156,1612900,0.0,0.0
2023-11-06 00:00:00-05:00,113.55000305175781,113.83000183105469,110.56999969482422,111.02999877929688,107.76020812988281,1457600,0.0,0.0
2023-11-07 00:00:00-05:00,111.08999633789062,111.20999908447266,109.63999938964844,109.80000305175781,106.56644439697266,1482200,0.0,0.0
2023-11-08 00:00:00-05:00,110.18000030517578,111.30999755859375,109.62999725341797,109.87000274658203,106.6343765258789,1907300,0.0,0.0
2023-11-09 00:00:00-05:00,110.12000274658203,110.12000274658203,106.83999633789062,107.23999786376953,104.08182525634766,1978300,0.0,0.0
2023-11-10 00:00:00-05:00,107.93000030517578,109.37000274658203,107.02999877929688,109.18000030517578,105.96470642089844,1090200,0.0,0.0
2023-11-13 00:00:00-05:00,108.4800033569336,109.44999694824219,108.06999969482422,108.69999694824219,105.49880981445312,904200,0.0,0.0
2023-11-14 00:00:00-05:00,110.97000122070312,113.16000366210938,110.97000122070312,111.8499984741211,108.55606079101562,2426000,0.0,0.0
2023-11-15 00:00:00-05:00,111.94999694824219,114.9800033569336,111.94999694824219,114.45999908447266,111.08919525146484,2462600,0.0,0.0
2023-11-16 00:00:00-05:00,113.94999694824219,114.37000274658203,111.38999938964844,111.80999755859375,108.5172348022461,1389200,0.0,0.0
2023-11-17 00:00:00-05:00,112.5199966430664,112.6500015258789,111.36000061035156,112.05000305175781,108.75017547607422,1170600,0.0,0.0
2023-11-20 00:00:00-05:00,111.81999969482422,113.79000091552734,111.81999969482422,113.37000274658203,110.03128814697266,1353400,0.0,0.0
2023-11-21 00:00:00-05:00,112.93000030517578,113.29000091552734,111.98999786376953,112.05000305175781,108.75017547607422,887500,0.0,0.0
2023-11-22 00:00:00-05:00,112.62999725341797,113.0,111.83000183105469,112.37999725341797,109.07044982910156,804800,0.0,0.0
2023-11-24 00:00:00-05:00,112.5,112.81999969482422,111.73999786376953,112.62999725341797,109.31307220458984,248900,0.0,0.0
2023-11-27 00:00:00-05:00,112.16000366210938,114.19999694824219,111.9000015258789,113.69999694824219,110.35157775878906,2315400,0.0,0.0
2023-11-28 00:00:00-05:00,113.70999908447266,116.2300033569336,113.69999694824219,115.5,112.09856414794922,1321900,0.0,0.0
2023-11-29 00:00:00-05:00,116.5999984741211,117.76000213623047,116.33000183105469,116.36000061035156,112.93324279785156,1082500,0.0,0.0
2023-11-30 00:00:00-05:00,116.62000274658203,117.0999984741211,115.72000122070312,116.44000244140625,113.01087951660156,1830100,0.0,0.0
2023-12-01 00:00:00-05:00,116.2300033569336,120.0199966430664,115.94999694824219,119.79000091552734,116.2622299194336,3658800,0.0,0.0
2023-12-04 00:00:00-05:00,119.0,121.08000183105469,118.66999816894531,119.80999755859375,116.28164672851562,1389500,0.0,0.0
2023-12-05 00:00:00-05:00,118.83000183105469,119.2300033569336,116.83999633789062,117.83999633789062,114.36966705322266,1247600,0.0,0.0
2023-12-06 00:00:00-05:00,118.69000244140625,120.4000015258789,118.69000244140625,119.44999694824219,115.93224334716797,1592900,0.0,0.0
2023-12-07 00:00:00-05:00,119.2699966430664,120.02999877929688,117.7699966430664,119.87000274658203,116.33987426757812,1727700,0.0,0.0
2023-12-08 00:00:00-05:00,119.9000015258789,120.77999877929688,119.12999725341797,120.16000366210938,116.62133026123047,1534200,0.0,0.0
2023-12-11 00:00:00-05:00,120.55000305175781,123.36000061035156,120.55000305175781,122.72000122070312,119.10594177246094,1666900,0.0,0.0
2023-12-12 00:00:00-05:00,122.91000366210938,123.62000274658203,121.94000244140625,123.41999816894531,119.78532409667969,1546600,0.0,0.0
2023-12-13 00:00:00-05:00,122.54000091552734,129.47000122070312,122.54000091552734,129.25999450683594,125.45333099365234,2106900,0.0,0.0
2023-12-14 00:00:00-05:00,130.1999969482422,138.07000732421875,120.9800033569336,125.69000244140625,122.2248764038086,11204200,0.25,0.0
2023-12-15 00:00:00-05:00,127.08999633789062,132.10000610351562,127.02999877929688,128.17999267578125,124.64620971679688,4237000,0.0,0.0
2023-12-18 00:00:00-05:00,128.3699951171875,128.41000366210938,126.16000366210938,127.37999725341797,123.8682861328125,3193700,0.0,0.0
2023-12-19 00:00:00-05:00,128.0,128.66000366210938,125.77999877929688,128.4199981689453,124.87960815429688,3172500,0.0,0.0
2023-12-20 00:00:00-05:00,127.91000366210938,127.95999908447266,124.31999969482422,124.45999908447266,121.02877807617188,2029800,0.0,0.0
2023-12-21 00:00:00-05:00,125.86000061035156,126.66999816894531,125.08000183105469,126.37000274658203,122.88611602783203,1583700,0.0,0.0
2023-12-22 00:00:00-05:00,127.04000091552734,127.2300033569336,125.70999908447266,126.88999938964844,123.39178466796875,910900,0.0,0.0
2023-12-26 00:00:00-05:00,126.30000305175781,127.13999938964844,126.13999938964844,126.30999755859375,122.82777404785156,746500,0.0,0.0
2023-12-27 00:00:00-05:00,126.5,127.5,126.02999877929688,127.4000015258789,123.88772583007812,722000,0.0,0.0
2023-12-28 00:00:00-05:00,128.07000732421875,128.47000122070312,126.97000122070312,127.94000244140625,124.41283416748047,804900,0.0,0.0
2023-12-29 00:00:00-05:00,127.48999786376953,128.4499969482422,126.56999969482422,127.0,123.4987564086914,1066200,0.0,0.0
2024-01-02 00:00:00-05:00,126.20999908447266,128.00999450683594,125.5999984741211,127.16999816894531,123.66407775878906,3553800,0.0,0.0
2024-01-03 00:00:00-05:00,126.52999877929688,127.48999786376953,125.08000183105469,125.51000213623047,122.04983520507812,2892800,0.0,0.0
2024-01-04 00:00:00-05:00,124.93000030517578,127.4800033569336,124.93000030517578,125.83000183105469,122.36101531982422,1313600,0.0,0.0
2024-01-05 00:00:00-05:00,125.63999938964844,128.39999389648438,125.63999938964844,127.38999938964844,123.87799835205078,1337100,0.0,0.0
2024-01-08 00:00:00-05:00,128.88999938964844,133.35000610351562,128.1699981689453,133.07000732421875,129.40142822265625,2253000,0.0,0.0
2024-01-09 00:00:00-05:00,131.64999389648438,133.05999755859375,130.97999572753906,131.33999633789062,127.7191162109375,1610800,0.0,0.0
2024-01-10 00:00:00-05:00,131.82000732421875,133.67999267578125,131.7899932861328,133.27000427246094,129.5959014892578,1875000,0.0,0.0
2024-01-11 00:00:00-05:00,133.1300048828125,134.72000122070312,130.75,131.99000549316406,128.35121154785156,2046000,0.0,0.0
2024-01-12 00:00:00-05:00,132.86000061035156,133.22000122070312,129.77000427246094,130.27000427246094,126.67859649658203,1494900,0.0,0.0
2024-01-16 00:00:00-05:00,129.35000610351562,130.16000366210938,128.2100067138672,128.89999389648438,125.34635925292969,1657900,0.0,0.0
2024-01-17 00:00:00-05:00,127.5199966430664,129.35000610351562,127.2300033569336,128.0399932861328,124.51008605957031,1462600,0.0,0.0
2024-01-18 00:00:00-05:00,128.60000610351562,129.16000366210938,126.13999938964844,127.41999816894531,123.90718078613281,1542700,0.0,0.0
2024-01-19 00:00:00-05:00,128.47999572753906,129.8800048828125,127.69000244140625,129.4600067138672,125.89095306396484,2228700,0.0,0.0
2024-01-22 00:00:00-05:00,131.36000061035156,133.1300048828125,131.13999938964844,132.67999267578125,129.02215576171875,4434800,0.0,0.0
2024-01-23 00:00:00-05:00,133.0,133.64999389648438,131.11000061035156,131.8300018310547,128.1956024169922,2155400,0.0,0.0
2024-01-24 00:00:00-05:00,132.0,132.24000549316406,129.0,130.00999450683594,126.42576599121094,2391500,0.0,0.0
2024-01-25 00:00:00-05:00,131.77999877929688,131.77999877929688,129.50999450683594,131.3800048828125,127.75798797607422,1800800,0.0,0.0
2024-01-26 00:00:00-05:00,130.9199981689453,134.6300048828125,130.9199981689453,133.89999389648438,130.20852661132812,2349100,0.0,0.0
2024-01-29 00:00:00-05:00,133.1699981689453,135.94000244140625,132.7899932861328,135.3800048828125,131.64773559570312,2043000,0.0,0.0
2024-01-30 00:00:00-05:00,135.07000732421875,136.19000244140625,134.8800048828125,135.94000244140625,132.19229125976562,1572100,0.0,0.0
2024-01-31 00:00:00-05:00,135.83999633789062,136.57000732421875,133.1199951171875,133.22999572753906,129.55697631835938,1325400,0.0,0.0
2024-02-01 00:00:00-05:00,133.5399932861328,135.47999572753906,131.74000549316406,135.30999755859375,131.5796661376953,1665000,0.0,0.0
2024-02-02 00:00:00-05:00,137.1999969482422,137.6999969482422,134.7100067138672,136.5,132.73684692382812,1455200,0.0,0.0
2024-02-05 00:00:00-05:00,135.13999938964844,136.4199981689453,134.05999755859375,136.08999633789062,132.33816528320312,1421700,0.0,0.0
2024-02-06 00:00:00-05:00,135.5399932861328,136.0800018310547,133.63999938964844,135.86000061035156,132.114501953125,1273900,0.0,0.0
2024-02-07 00:00:00-05:00,136.49000549316406,137.67999267578125,135.2899932861328,137.00999450683594,133.23280334472656,1315400,0.0,0.0
2024-02-08 00:00:00-05:00,136.72999572753906,137.69000244140625,136.2100067138672,136.6300048828125,132.86326599121094,991000,0.0,0.0
2024-02-09 00:00:00-05:00,136.47000122070312,137.10000610351562,134.91000366210938,136.0,132.25064086914062,1522900,0.0,0.0
2024-02-12 00:00:00-05:00,136.0,138.3300018310547,135.55999755859375,137.75,133.95240783691406,1470400,0.0,0.0
2024-02-13 00:00:00-05:00,135.6999969482422,137.1199951171875,134.02999877929688,136.07000732421875,132.3187255859375,2322400,0.0,0.0
2024-02-14 00:00:00-05:00,132.0,139.27999877929688,131.39999389648438,138.97999572753906,135.14845275878906,3680700,0.0,0.0
2024-02-15 00:00:00-05:00,140.0,141.77999877929688,137.61000061035156,137.82000732421875,134.0204620361328,2690600,0.0,0.0
2024-02-16 00:00:00-05:00,137.3300018310547,137.49000549316406,133.6300048828125,134.19000244140625,130.4905548095703,1795800,0.0,0.0
2024-02-20 00:00:00-05:00,131.9199981689453,132.7100067138672,130.5399932861328,130.8000030517578,127.19400024414062,3789300,0.0,0.0
2024-02-21 00:00:00-05:00,131.14999389648438,133.49000549316406,130.89999389648438,132.4600067138672,128.8082275390625,9088900,0.0,0.0
2024-02-22 00:00:00-05:00,133.39999389648438,134.72000122070312,132.4199981689453,132.4499969482422,128.7985076904297,4017600,0.0,0.0
2024-02-23 00:00:00-05:00,132.4499969482422,135.05999755859375,132.00999450683594,133.10000610351562,129.43060302734375,4092400,0.0,0.0
2024-02-26 00:00:00-05:00,132.3000030517578,134.52999877929688,132.07000732421875,133.3300018310547,129.65423583984375,1551100,0.0,0.0
2024-02-27 00:00:00-05:00,133.4499969482422,133.72999572753906,132.27999877929688,133.22999572753906,129.55697631835938,1934500,0.0,0.0
2024-02-28 00:00:00-05:00,132.55999755859375,132.6300048828125,129.94000244140625,130.05999755859375,126.47440338134766,2569700,0.0,0.0
2024-02-29 00:00:00-05:00,130.64999389648438,131.14999389648438,129.5500030517578,129.6999969482422,126.12432861328125,3064000,0.0,0.0
2024-03-01 00:00:00-05:00,129.69000244140625,130.9499969482422,129.6199951171875,130.08999633789062,126.5035629272461,2280100,0.0,0.0
2024-03-04 00:00:00-05:00,130.07000732421875,130.63999938964844,127.80000305175781,128.5500030517578,125.00602722167969,2412700,0.0,0.0
2024-03-05 00:00:00-05:00,128.25,129.97000122070312,127.58999633789062,128.8300018310547,125.2782974243164,1810200,0.0,0.0
2024-03-06 00:00:00-05:00,129.50999450683594,130.1199951171875,127.83000183105469,128.25999450683594,124.72400665283203,1692600,0.0,0.0
2024-03-07 00:00:00-05:00,129.0500030517578,130.3300018310547,128.58999633789062,129.07000732421875,125.5116958618164,1474100,0.0,0.0
2024-03-08 00:00:00-05:00,129.44000244140625,130.69000244140625,129.41000366210938,129.6300048828125,126.0562515258789,1757700,0.0,0.0
2024-03-11 00:00:00-04:00,129.55999755859375,130.47000122070312,129.47999572753906,130.25999450683594,126.66887664794922,2077200,0.0,0.0
2024-03-12 00:00:00-04:00,130.8000030517578,133.35000610351562,130.5500030517578,133.11000061035156,129.4403076171875,3127600,0.0,0.0
2024-03-13 00:00:00-04:00,133.11000061035156,140.3800048828125,133.11000061035156,134.0,130.30577087402344,4172200,0.0,0.0
2024-03-14 00:00:00-04:00,133.49000549316406,133.6699981689453,130.38999938964844,132.0,128.60084533691406,2874800,0.25,0.0
2024-03-15 00:00:00-04:00,130.58999633789062,131.9199981689453,129.47999572753906,129.8800048828125,126.53544616699219,1849500,0.0,0.0
2024-03-18 00:00:00-04:00,129.9199981689453,131.1199951171875,129.25999450683594,130.5500030517578,127.18818664550781,1997000,0.0,0.0
2024-03-19 00:00:00-04:00,130.42999267578125,132.13999938964844,129.6999969482422,131.30999755859375,127.92862701416016,3440400,0.0,0.0
2024-03-20 00:00:00-04:00,131.3800048828125,133.63999938964844,130.99000549316406,133.08999633789062,129.66278076171875,1635900,0.0,0.0
2024-03-21 00:00:00-04:00,133.5800018310547,135.52999877929688,133.16000366210938,134.58999633789062,131.12413024902344,2280900,0.0,0.0
2024-03-22 00:00:00-04:00,134.7100067138672,134.88999938964844,131.89999389648438,132.1300048828125,128.7274932861328,2066900,0.0,0.0
2024-03-25 00:00:00-04:00,131.9499969482422,133.19000244140625,131.1699981689453,132.66000366210938,129.24383544921875,3931500,0.0,0.0
2024-03-26 00:00:00-04:00,133.4600067138672,136.36000061035156,133.1199951171875,134.19000244140625,130.7344512939453,4621400,0.0,0.0
2024-03-27 00:00:00-04:00,134.85000610351562,135.3300018310547,128.3000030517578,131.77000427246094,128.3767547607422,3161100,0.0,0.0
2024-03-28 00:00:00-04:00,132.39999389648438,133.88999938964844,132.0800018310547,133.66000366210938,130.2180938720703,2350100,0.0,0.0
2024-04-01 00:00:00-04:00,133.5500030517578,133.6300048828125,130.0800018310547,130.14999389648438,126.79847717285156,1389300,0.0,0.0
2024-04-02 00:00:00-04:00,128.75,129.22000122070312,127.77999877929688,128.36000061035156,125.05458068847656,1700400,0.0,0.0
2024-04-03 00:00:00-04:00,128.4199981689453,128.94000244140625,127.0,127.0999984741211,123.8270263671875,1695900,0.0,0.0
2024-04-04 00:00:00-04:00,128.5500030517578,128.67999267578125,125.33999633789062,126.0,122.75535583496094,1412500,0.0,0.0
2024-04-05 00:00:00-04:00,125.88999938964844,126.75,124.80000305175781,125.91999816894531,122.67740631103516,1719700,0.0,0.0
2024-04-08 00:00:00-04:00,126.87999725341797,128.99000549316406,126.12999725341797,128.05999755859375,124.76229095458984,1778200,0.0,0.0
2024-04-09 00:00:00-04:00,128.7899932861328,129.35000610351562,127.66000366210938,128.16000366210938,124.85973358154297,1180200,0.0,0.0
2024-04-10 00:00:00-04:00,125.56999969482422,126.69999694824219,124.72000122070312,125.01000213623047,121.79084777832031,1172600,0.0,0.0
2024-04-11 00:00:00-04:00,125.25,125.29000091552734,123.0,124.54000091552734,121.33295440673828,1595400,0.0,0.0
2024-04-12 00:00:00-04:00,123.48999786376953,124.5,122.87999725341797,123.73999786376953,120.55353546142578,1183700,0.0,0.0
2024-04-15 00:00:00-04:00,126.18000030517578,126.48999786376953,122.7300033569336,123.16999816894531,119.99822235107422,1528000,0.0,0.0
2024-04-16 00:00:00-04:00,123.23999786376953,124.80999755859375,122.75,123.43000030517578,120.25151824951172,1583100,0.0,0.0
2024-04-17 00:00:00-04:00,124.5,124.5,122.54000091552734,122.94999694824219,119.78388214111328,1530600,0.0,0.0
2024-04-18 00:00:00-04:00,123.26000213623047,124.12000274658203,121.94999694824219,122.18000030517578,119.0337142944336,863400,0.0,0.0
2024-04-19 00:00:00-04:00,122.2699966430664,123.11000061035156,121.54000091552734,122.0999984741211,118.95577239990234,1065100,0.0,0.0
2024-04-22 00:00:00-04:00,123.0,125.05999755859375,121.8499984741211,124.2300033569336,121.03094482421875,1027100,0.0,0.0
2024-04-23 00:00:00-04:00,125.25,127.04000091552734,124.80999755859375,126.87000274658203,123.60295104980469,1219000,0.0,0.0
2024-04-24 00:00:00-04:00,126.12000274658203,127.66000366210938,125.54000091552734,127.47000122070312,124.18749237060547,1581300,0.0,0.0
2024-04-25 00:00:00-04:00,125.91999816894531,127.05999755859375,123.36000061035156,124.62999725341797,121.42062377929688,1196500,0.0,0.0
2024-04-26 00:00:00-04:00,124.63999938964844,126.41999816894531,124.11000061035156,124.56999969482422,121.36217498779297,1593700,0.0,0.0
2024-04-29 00:00:00-04:00,124.83999633789062,126.05999755859375,124.48999786376953,124.68000030517578,121.4693374633789,2745900,0.0,0.0
2024-04-30 00:00:00-04:00,124.23999786376953,124.6500015258789,122.55000305175781,122.7699966430664,119.6085205078125,2621600,0.0,0.0
2024-05-01 00:00:00-04:00,122.0999984741211,122.12000274658203,108.5199966430664,109.05999755859375,106.2515640258789,9060500,0.0,0.0
2024-05-02 00:00:00-04:00,111.19000244140625,112.9000015258789,108.16000366210938,110.54000091552734,107.69347381591797,3993500,0.0,0.0
2024-05-03 00:00:00-04:00,112.0,112.58000183105469,109.83999633789062,111.37000274658203,108.50209045410156,3191100,0.0,0.0
2024-05-06 00:00:00-04:00,111.63999938964844,112.05000305175781,110.36000061035156,111.08999633789062,108.22929382324219,2163600,0.0,0.0
2024-05-07 00:00:00-04:00,111.7300033569336,111.77999877929688,110.30000305175781,110.8499984741211,107.99546813964844,2284900,0.0,0.0
2024-05-08 00:00:00-04:00,110.30000305175781,111.3499984741211,109.43000030517578,111.05999755859375,108.20006561279297,2810800,0.0,0.0
2024-05-09 00:00:00-04:00,111.18000030517578,112.30999755859375,111.08000183105469,111.56999969482422,108.69693756103516,1726700,0.0,0.0
2024-05-10 00:00:00-04:00,112.01000213623047,112.16000366210938,109.16000366210938,109.2300033569336,106.41719818115234,2167800,0.0,0.0
2024-05-13 00:00:00-04:00,110.13999938964844,111.11000061035156,109.13999938964844,109.37999725341797,106.56333923339844,1989900,0.0,0.0
2024-05-14 00:00:00-04:00,110.0,111.11000061035156,109.11000061035156,110.19000244140625,107.35247802734375,1453600,0.0,0.0
2024-05-15 00:00:00-04:00,110.33000183105469,110.75,108.20999908447266,108.81999969482422,106.01776123046875,3456500,0.0,0.0
2024-05-16 00:00:00-04:00,108.80999755859375,110.05999755859375,108.45999908447266,109.2699966430664,106.45616149902344,2564900,0.0,0.0
2024-05-17 00:00:00-04:00,109.81999969482422,109.98999786376953,108.41999816894531,109.16000366210938,106.34900665283203,1614600,0.0,0.0
2024-05-20 00:00:00-04:00,109.11000061035156,109.12999725341797,107.1500015258789,107.37999725341797,104.61483764648438,1616100,0.0,0.0
2024-05-21 00:00:00-04:00,106.7300033569336,107.79000091552734,105.77999877929688,107.36000061035156,104.5953598022461,2348300,0.0,0.0
2024-05-22 00:00:00-04:00,107.08999633789062,107.45999908447266,105.87999725341797,106.2699966430664,103.53341674804688,1831100,0.0,0.0
2024-05-23 00:00:00-04:00,106.19999694824219,106.4000015258789,102.95999908447266,103.23999786376953,100.5814437866211,2751800,0.0,0.0
2024-05-24 00:00:00-04:00,103.0,104.47000122070312,102.62999725341797,102.76000213623047,100.11380767822266,2870600,0.0,0.0
2024-05-28 00:00:00-04:00,102.80000305175781,103.12999725341797,101.18000030517578,101.47000122070312,98.85702514648438,2205200,0.0,0.0
2024-05-29 00:00:00-04:00,100.26000213623047,100.95999908447266,99.41000366210938,100.48999786376953,97.90225982666016,3078300,0.0,0.0
2024-05-30 00:00:00-04:00,100.81999969482422,101.54000091552734,100.08999633789062,100.56999969482422,97.9802017211914,4606900,0.0,0.0
2024-05-31 00:00:00-04:00,100.94999694824219,101.9000015258789,99.20999908447266,101.8499984741211,99.22723388671875,3273400,0.0,0.0
2024-06-03 00:00:00-04:00,101.38999938964844,102.0999984741211,98.9000015258789,99.08000183105469,96.52857971191406,2198400,0.0,0.0
2024-06-04 00:00:00-04:00,98.69000244140625,98.94999694824219,97.44999694824219,97.54000091552734,95.02824401855469,2323500,0.0,0.0
2024-06-05 00:00:00-04:00,97.79000091552734,98.75,97.05999755859375,98.51000213623047,95.97325134277344,2552700,0.0,0.0
2024-06-06 00:00:00-04:00,98.5199966430664,99.68000030517578,97.62000274658203,97.76000213623047,95.2425765991211,2484200,0.0,0.0
2024-06-07 00:00:00-04:00,97.5,99.12000274658203,96.80999755859375,97.70999908447266,95.19384765625,2705800,0.0,0.0
2024-06-10 00:00:00-04:00,97.1500015258789,97.45999908447266,95.8499984741211,97.33000183105469,94.82364654541016,3010900,0.0,0.0
2024-06-11 00:00:00-04:00,97.19999694824219,97.22000122070312,96.25,96.68000030517578,94.19036865234375,1488700,0.0,0.0
2024-06-12 00:00:00-04:00,97.5999984741211,97.83000183105469,95.37000274658203,95.44000244140625,92.9822998046875,2475900,0.0,0.0
2024-06-13 00:00:00-04:00,95.5,95.5,93.1500015258789,93.63999938964844,91.22864532470703,2309400,0.0,0.0
2024-06-14 00:00:00-04:00,92.68000030517578,94.19999694824219,92.44999694824219,94.16999816894531,91.99060821533203,2543200,0.25,0.0
2024-06-17 00:00:00-04:00,93.58000183105469,94.33000183105469,91.97000122070312,93.88999938964844,91.71709442138672,2845700,0.0,0.0
2024-06-18 00:00:00-04:00,94.0,94.25,91.5999984741211,92.20999908447266,90.07597351074219,2614200,0.0,0.0
2024-06-20 00:00:00-04:00,92.0999984741211,95.02999877929688,92.01000213623047,94.37000274658203,92.18598175048828,3462200,0.0,0.0
2024-06-21 00:00:00-04:00,94.5199966430664,96.0,93.55999755859375,95.02999877929688,92.83069610595703,4126800,0.0,0.0
2024-06-24 00:00:00-04:00,95.02999877929688,97.58999633789062,95.02999877929688,97.04000091552734,94.794189453125,2867400,0.0,0.0
2024-06-25 00:00:00-04:00,97.0,97.0,95.19000244140625,95.6500015258789,93.43635559082031,1303900,0.0,0.0
2024-06-26 00:00:00-04:00,95.02999877929688,95.63999938964844,94.43000030517578,95.16000366210938,92.95770263671875,2203500,0.0,0.0
2024-06-27 00:00:00-04:00,94.94000244140625,95.11000061035156,93.77999877929688,94.81999969482422,92.62557220458984,1210400,0.0,0.0
2024-06-28 00:00:00-04:00,95.2300033569336,97.02999877929688,94.54000091552734,96.69999694824219,94.46205139160156,3439000,0.0,0.0
2024-07-01 00:00:00-04:00,97.0,97.04000091552734,95.06999969482422,95.68000030517578,93.46566009521484,1959600,0.0,0.0
2024-07-02 00:00:00-04:00,95.87000274658203,97.0999984741211,95.7300033569336,97.08999633789062,94.84302520751953,1294700,0.0,0.0
2024-07-03 00:00:00-04:00,98.4800033569336,98.62999725341797,96.19000244140625,96.58999633789062,94.35459899902344,1283300,0.0,0.0
2024-07-05 00:00:00-04:00,96.3499984741211,96.62000274658203,95.43000030517578,96.22000122070312,93.99315643310547,1345500,0.0,0.0
2024-07-08 00:00:00-04:00,96.1500015258789,96.69000244140625,94.80000305175781,95.5199966430664,93.30935668945312,1609700,0.0,0.0
2024-07-09 00:00:00-04:00,95.37999725341797,96.5199966430664,94.81999969482422,95.79000091552734,93.57310485839844,2507300,0.0,0.0
2024-07-10 00:00:00-04:00,95.08000183105469,95.6500015258789,93.7300033569336,94.81999969482422,92.62557220458984,1955900,0.0,0.0
2024-07-11 00:00:00-04:00,95.62000274658203,98.01000213623047,94.86000061035156,96.83999633789062,94.59880828857422,2617300,0.0,0.0
2024-07-12 00:00:00-04:00,97.62999725341797,98.52999877929688,96.91999816894531,97.44999694824219,95.19468688964844,3246200,0.0,0.0
2024-07-15 00:00:00-04:00,98.0,100.0,97.6500015258789,99.5,97.19725036621094,2182300,0.0,0.0
2024-07-16 00:00:00-04:00,99.79000091552734,103.23999786376953,99.76000213623047,103.11000061035156,100.72370910644531,2790100,0.0,0.0
2024-07-17 00:00:00-04:00,102.30999755859375,105.16999816894531,102.30000305175781,103.5199966430664,101.12422943115234,2493300,0.0,0.0
2024-07-18 00:00:00-04:00,103.02999877929688,104.3499984741211,101.11000061035156,101.16000366210938,98.81883239746094,1746200,0.0,0.0
2024-07-19 00:00:00-04:00,101.47000122070312,101.8499984741211,99.4000015258789,100.63999938964844,98.31087493896484,1921800,0.0,0.0
2024-07-22 00:00:00-04:00,101.3499984741211,101.54000091552734,98.93000030517578,100.3499984741211,98.027587890625,2353200,0.0,0.0
2024-07-23 00:00:00-04:00,101.05999755859375,101.18000030517578,99.25,99.91000366210938,97.59777069091797,1843800,0.0,0.0
2024-07-24 00:00:00-04:00,99.4800033569336,100.5199966430664,98.19999694824219,98.37999725341797,96.10316467285156,1868100,0.0,0.0
2024-07-25 00:00:00-04:00,99.01000213623047,101.19999694824219,98.69000244140625,98.73999786376953,96.454833984375,1335400,0.0,0.0
2024-07-26 00:00:00-04:00,99.41000366210938,101.66000366210938,99.04000091552734,101.19000244140625,98.84814453125,1778700,0.0,0.0
2024-07-29 00:00:00-04:00,101.30000305175781,102.22000122070312,100.33999633789062,101.56999969482422,99.21934509277344,1136900,0.0,0.0
2024-07-30 00:00:00-04:00,102.16000366210938,102.95999908447266,101.20999908447266,101.81999969482422,99.46355438232422,998800,0.0,0.0
2024-07-31 00:00:00-04:00,101.72000122070312,102.6500015258789,100.0999984741211,101.63999938964844,99.28773498535156,1712300,0.0,0.0
2024-08-01 00:00:00-04:00,101.91000366210938,102.37999725341797,97.77999877929688,98.12000274658203,95.84918975830078,1879400,0.0,0.0
2024-08-02 00:00:00-04:00,96.5,96.77999877929688,93.98999786376953,95.62000274658203,93.40705108642578,1957700,0.0,0.0
2024-08-05 00:00:00-04:00,93.0,94.66999816894531,92.11000061035156,92.66000366210938,90.51555633544922,2537600,0.0,0.0
2024-08-06 00:00:00-04:00,92.62000274658203,94.98999786376953,92.01000213623047,93.0199966430664,90.86721801757812,2961200,0.0,0.0
2024-08-07 00:00:00-04:00,97.56999969482422,101.87999725341797,96.81999969482422,99.45999908447266,97.15817260742188,3812000,0.0,0.0
2024-08-08 00:00:00-04:00,100.41999816894531,104.52999877929688,99.9800033569336,104.05999755859375,101.65172576904297,3671800,0.0,0.0
2024-08-09 00:00:00-04:00,103.98999786376953,104.43000030517578,101.94999694824219,102.05999755859375,99.697998046875,2125400,0.0,0.0
2024-08-12 00:00:00-04:00,102.06999969482422,102.83999633789062,100.19000244140625,100.43000030517578,98.1057357788086,2054700,0.0,0.0
2024-08-13 00:00:00-04:00,101.05000305175781,104.30999755859375,100.55999755859375,103.76000213623047,101.35867309570312,2528900,0.0,0.0
2024-08-14 00:00:00-04:00,104.16000366210938,105.4000015258789,103.8499984741211,105.08000183105469,102.64811706542969,2174200,0.0,0.0
2024-08-15 00:00:00-04:00,106.72000122070312,109.27999877929688,106.72000122070312,108.77999877929688,106.26248931884766,2986300,0.0,0.0
2024-08-16 00:00:00-04:00,108.11000061035156,109.69000244140625,107.97000122070312,108.83000183105469,106.31134033203125,2093200,0.0,0.0
2024-08-19 00:00:00-04:00,109.37999725341797,110.31999969482422,109.18000030517578,109.9000015258789,107.35657501220703,1255000,0.0,0.0
2024-08-20 00:00:00-04:00,109.88999938964844,109.94999694824219,108.37000274658203,108.6500015258789,106.13549041748047,1251700,0.0,0.0
2024-08-21 00:00:00-04:00,109.38999938964844,109.54000091552734,108.0,109.3499984741211,106.81929779052734,1503900,0.0,0.0
2024-08-22 00:00:00-04:00,109.55000305175781,111.05999755859375,109.11000061035156,109.2300033569336,106.70207214355469,1110000,0.0,0.0
2024-08-23 00:00:00-04:00,109.81999969482422,110.55999755859375,109.20999908447266,110.48999786376953,107.93290710449219,1036600,0.0,0.0
2024-08-26 00:00:00-04:00,111.1500015258789,112.12000274658203,110.04000091552734,110.4000015258789,107.84500122070312,980000,0.0,0.0
2024-08-27 00:00:00-04:00,110.0199966430664,110.6500015258789,109.5,109.9800033569336,107.4347152709961,897800,0.0,0.0
2024-08-28 00:00:00-04:00,109.7699966430664,110.19999694824219,107.63999938964844,108.4000015258789,105.89126586914062,1574700,0.0,0.0
2024-08-29 00:00:00-04:00,109.23999786376953,111.83999633789062,108.63999938964844,110.87999725341797,108.31388854980469,1465500,0.0,0.0
2024-08-30 00:00:00-04:00,111.16000366210938,111.44999694824219,110.25,111.01000213623047,108.44087219238281,2013500,0.0,0.0
2024-09-03 00:00:00-04:00,110.08000183105469,111.22000122070312,109.0,109.58999633789062,107.05374145507812,1262700,0.0,0.0
2024-09-04 00:00:00-04:00,109.47000122070312,111.3499984741211,109.19000244140625,110.04000091552734,107.49333190917969,1435900,0.0,0.0
2024-09-05 00:00:00-04:00,110.6500015258789,110.6500015258789,108.2699966430664,108.95999908447266,106.4383316040039,1299000,0.0,0.0
2024-09-06 00:00:00-04:00,108.73999786376953,110.2699966430664,107.68000030517578,107.94999694824219,105.45169067382812,2122900,0.0,0.0
2024-09-09 00:00:00-04:00,108.75,111.0999984741211,108.37000274658203,110.0,107.45425415039062,1857100,0.0,0.0
2024-09-10 00:00:00-04:00,110.13999938964844,110.1500015258789,107.66000366210938,109.36000061035156,106.82906341552734,1869600,0.0,0.0
2024-09-11 00:00:00-04:00,108.29000091552734,109.61000061035156,105.9800033569336,109.33000183105469,106.79975128173828,1345600,0.0,0.0
2024-09-12 00:00:00-04:00,109.58999633789062,110.0,107.19000244140625,109.3499984741211,106.81929779052734,1206600,0.0,0.0
2024-09-13 00:00:00-04:00,109.54000091552734,111.2300033569336,109.54000091552734,110.44000244140625,108.13127136230469,1192200,0.25,0.0
2024-09-16 00:00:00-04:00,110.83999633789062,111.52999877929688,109.73999786376953,111.05000305175781,108.72853088378906,984400,0.0,0.0
2024-09-17 00:00:00-04:00,112.16999816894531,112.87999725341797,111.0,112.06999969482422,109.72721099853516,1255300,0.0,0.0
2024-09-18 00:00:00-04:00,111.97000122070312,113.19999694824219,111.16999816894531,111.26000213623047,108.93414306640625,1058200,0.0,0.0
2024-09-19 00:00:00-04:00,113.48999786376953,114.05000305175781,111.47000122070312,112.97000122070312,110.60839080810547,2046500,0.0,0.0
2024-09-20 00:00:00-04:00,112.30000305175781,112.30000305175781,109.86000061035156,110.69000244140625,108.37606048583984,2684900,0.0,0.0
2024-09-23 00:00:00-04:00,111.23999786376953,112.87999725341797,110.58999633789062,110.9800033569336,108.65999603271484,2112300,0.0,0.0
2024-09-24 00:00:00-04:00,111.20999908447266,117.95999908447266,102.5,103.80999755859375,101.63987731933594,9982800,0.0,0.0
2024-09-25 00:00:00-04:00,100.76000213623047,101.0,96.01000213623047,97.05999755859375,95.03099822998047,8009300,0.0,0.0
2024-09-26 00:00:00-04:00,97.80000305175781,98.3499984741211,96.41999816894531,97.66999816894531,95.62824249267578,4561100,0.0,0.0
2024-09-27 00:00:00-04:00,98.6500015258789,101.5199966430664,97.8499984741211,101.0199966430664,98.90821075439453,2796700,0.0,0.0
2024-09-30 00:00:00-04:00,100.22000122070312,102.56999969482422,100.22000122070312,102.41999816894531,100.27893829345703,2831800,0.0,0.0
2024-10-01 00:00:00-04:00,101.1500015258789,101.87999725341797,99.88999938964844,100.41999816894531,98.32074737548828,2609500,0.0,0.0
2024-10-02 00:00:00-04:00,100.0199966430664,100.0199966430664,96.56999969482422,97.66000366210938,95.61846160888672,3378000,0.0,0.0
2024-10-03 00:00:00-04:00,97.31999969482422,98.62999725341797,97.25,98.19000244140625,96.13736724853516,1502800,0.0,0.0
2024-10-04 00:00:00-04:00,99.33999633789062,99.48999786376953,97.52999877929688,98.6500015258789,96.58775329589844,1963600,0.0,0.0
2024-10-07 00:00:00-04:00,98.72000122070312,98.98999786376953,96.2699966430664,97.56999969482422,95.53031921386719,2217100,0.0,0.0
2024-10-08 00:00:00-04:00,97.75,99.61000061035156,97.69000244140625,98.81999969482422,96.75418853759766,2195100,0.0,0.0
2024-10-09 00:00:00-04:00,98.73999786376953,101.0,98.29000091552734,100.41999816894531,98.32074737548828,2247400,0.0,0.0
2024-10-10 00:00:00-04:00,99.06999969482422,99.56999969482422,98.0999984741211,98.87999725341797,96.81294250488281,2125800,0.0,0.0
2024-10-11 00:00:00-04:00,98.9000015258789,100.69999694824219,98.70999908447266,100.61000061035156,98.50678253173828,1833400,0.0,0.0
2024-10-14 00:00:00-04:00,100.55999755859375,102.7699966430664,99.9000015258789,102.62999725341797,100.48455047607422,1194800,0.0,0.0
2024-10-15 00:00:00-04:00,103.0,103.98999786376953,102.4000015258789,102.8499984741211,100.69994354248047,1698100,0.0,0.0
2024-10-16 00:00:00-04:00,102.51000213623047,103.77999877929688,101.56999969482422,101.73999786376953,99.6131591796875,1553900,0.0,0.0
2024-10-17 00:00:00-04:00,102.19000244140625,102.55999755859375,100.06999969482422,101.62000274658203,99.49566650390625,1981300,0.0,0.0
2024-10-18 00:00:00-04:00,101.80000305175781,102.93000030517578,100.36000061035156,102.30999755859375,100.17122650146484,2207500,0.0,0.0
2024-10-21 00:00:00-04:00,101.08000183105469,102.41000366210938,99.58999633789062,99.9800033569336,97.88994598388672,1931000,0.0,0.0
2024-10-22 00:00:00-04:00,99.01000213623047,100.30999755859375,98.94999694824219,99.30999755859375,97.23396301269531,1709200,0.0,0.0
2024-10-23 00:00:00-04:00,99.30999755859375,99.95999908447266,98.77999877929688,99.87999725341797,97.79203796386719,1946400,0.0,0.0
2024-10-24 00:00:00-04:00,100.05000305175781,100.58999633789062,99.26000213623047,99.52999877929688,97.44935607910156,1784000,0.0,0.0
2024-10-25 00:00:00-04:00,100.70999908447266,100.97000122070312,98.7300033569336,99.12999725341797,97.0577163696289,1336200,0.0,0.0
2024-10-28 00:00:00-04:00,99.76000213623047,101.91000366210938,99.05999755859375,101.76000213623047,99.63274383544922,2142000,0.0,0.0
2024-10-29 00:00:00-04:00,101.19999694824219,101.19999694824219,98.9000015258789,99.05000305175781,96.9793930053711,2360300,0.0,0.0
2024-10-30 00:00:00-04:00,98.0,104.43000030517578,96.5999984741211,103.33000183105469,101.16991424560547,4764100,0.0,0.0
2024-10-31 00:00:00-04:00,103.0,105.83999633789062,102.66000366210938,103.70999908447266,101.5419692993164,2906600,0.0,0.0
2024-11-01 00:00:00-04:00,103.62000274658203,105.38999938964844,103.01000213623047,104.44000244140625,102.25672149658203,2469200,0.0,0.0
2024-11-04 00:00:00-05:00,104.93000030517578,107.12000274658203,104.76000213623047,105.1500015258789,102.95187377929688,4156300,0.0,0.0
2024-11-05 00:00:00-05:00,105.25,107.4800033569336,105.12999725341797,107.37000274658203,105.1254653930664,2893800,0.0,0.0
2024-11-06 00:00:00-05:00,111.8499984741211,115.29000091552734,109.87000274658203,115.04000091552734,112.63511657714844,3846400,0.0,0.0
2024-11-07 00:00:00-05:00,114.4000015258789,115.0199966430664,111.77999877929688,111.91999816894531,109.58033752441406,2139700,0.0,0.0
2024-11-08 00:00:00-05:00,111.66000366210938,112.55000305175781,110.5999984741211,110.87999725341797,108.56208038330078,3813800,0.0,0.0
2024-11-11 00:00:00-05:00,112.25,115.94000244140625,112.01000213623047,115.41000366210938,112.99739074707031,2500700,0.0,0.0
2024-11-12 00:00:00-05:00,114.75,118.05000305175781,114.41000366210938,116.36000061035156,113.92752838134766,2747000,0.0,0.0
2024-11-13 00:00:00-05:00,116.5,117.7300033569336,116.0,116.06999969482422,113.64359283447266,2034600,0.0,0.0
2024-11-14 00:00:00-05:00,116.55999755859375,117.5,115.81999969482422,116.20999908447266,113.7806625366211,1486700,0.0,0.0
2024-11-15 00:00:00-05:00,115.88999938964844,117.48999786376953,115.19000244140625,116.0,113.5750503540039,1780700,0.0,0.0
2024-11-18 00:00:00-05:00,115.33999633789062,116.1500015258789,114.68000030517578,116.05999755859375,113.63379669189453,1428400,0.0,0.0
2024-11-19 00:00:00-05:00,114.61000061035156,115.5199966430664,114.0,114.72000122070312,112.32180786132812,2797600,0.0,0.0
2024-11-20 00:00:00-05:00,115.38999938964844,115.38999938964844,114.12000274658203,114.83000183105469,112.42951202392578,2087600,0.0,0.0
2024-11-21 00:00:00-05:00,115.77999877929688,117.08000183105469,114.91000366210938,116.33000183105469,113.89815521240234,1573300,0.0,0.0
2024-11-22 00:00:00-05:00,116.16000366210938,117.70999908447266,115.95999908447266,117.08000183105469,114.63247680664062,1041600,0.0,0.0
2024-11-25 00:00:00-05:00,118.44000244140625,119.0199966430664,117.4000015258789,118.58000183105469,116.10111999511719,2202300,0.0,0.0
2024-11-26 00:00:00-05:00,117.83999633789062,118.43000030517578,117.26000213623047,117.45999908447266,115.00453186035156,1937000,0.0,0.0
2024-11-27 00:00:00-05:00,117.63999938964844,119.77999877929688,117.08000183105469,119.37999725341797,116.88439178466797,2782200,0.0,0.0
2024-11-29 00:00:00-05:00,119.61000061035156,120.0,118.66999816894531,118.95999908447266,116.47318267822266,868700,0.0,0.0
2024-12-02 00:00:00-05:00,119.36000061035156,119.36000061035156,117.88999938964844,118.12999725341797,115.66053009033203,2602600,0.0,0.0
2024-12-03 00:00:00-05:00,118.19999694824219,118.61000061035156,117.48999786376953,118.25,115.77801513671875,1326700,0.0,0.0
2024-12-04 00:00:00-05:00,118.16999816894531,118.2699966430664,116.44000244140625,116.8499984741211,114.40727996826172,1589300,0.0,0.0
2024-12-05 00:00:00-05:00,115.9800033569336,117.12999725341797,115.25,115.8499984741211,113.42819213867188,2566900,0.0,0.0
2024-12-06 00:00:00-05:00,117.16000366210938,118.36000061035156,116.23999786376953,117.83000183105469,115.36680603027344,3143400,0.0,0.0
2024-12-09 00:00:00-05:00,118.0,118.86000061035156,116.55000305175781,116.79000091552734,114.34854125976562,1748000,0.0,0.0
2024-12-10 00:00:00-05:00,117.44999694824219,117.44999694824219,115.41000366210938,115.76000213623047,113.34007263183594,1438900,0.0,0.0
2024-12-11 00:00:00-05:00,116.2300033569336,117.2699966430664,115.54000091552734,117.06999969482422,114.62267303466797,1626400,0.0,0.0
2024-12-12 00:00:00-05:00,117.25,117.55999755859375,115.76000213623047,115.7699966430664,113.34986877441406,2090800,0.0,0.0
2024-12-13 00:00:00-05:00,115.80999755859375,115.93000030517578,114.05999755859375,114.20999908447266,112.0644760131836,1156000,0.25,0.0
2024-12-16 00:00:00-05:00,113.83000183105469,114.80999755859375,113.19999694824219,113.95999908447266,111.81916809082031,1767100,0.0,0.0
2024-12-17 00:00:00-05:00,113.58000183105469,115.12999725341797,113.23999786376953,114.69999694824219,112.5452651977539,1386000,0.0,0.0
2024-12-18 00:00:00-05:00,115.0,116.16000366210938,110.87999725341797,110.97000122070312,108.88534545898438,1783100,0.0,0.0
2024-12-19 00:00:00-05:00,112.16999816894531,113.05000305175781,109.93000030517578,110.58000183105469,108.5026626586914,2637000,0.0,0.0
2024-12-20 00:00:00-05:00,109.69000244140625,112.8499984741211,109.41000366210938,112.02999877929688,109.92542266845703,3300500,0.0,0.0
2024-12-23 00:00:00-05:00,110.93000030517578,112.06999969482422,109.58999633789062,111.80999755859375,109.70954132080078,1053900,0.0,0.0
2024-12-24 00:00:00-05:00,111.45999908447266,113.20999908447266,111.45999908447266,112.9800033569336,110.85758209228516,439200,0.0,0.0
2024-12-26 00:00:00-05:00,112.19000244140625,114.08000183105469,111.7300033569336,113.76000213623047,111.62293243408203,821200,0.0,0.0
2024-12-27 00:00:00-05:00,112.81999969482422,114.18000030517578,111.88999938964844,112.3499984741211,110.23941040039062,1038600,0.0,0.0
2024-12-30 00:00:00-05:00,111.3499984741211,111.80999755859375,109.62999725341797,110.83000183105469,108.74797058105469,1043900,0.0,0.0
2024-12-31 00:00:00-05:00,111.62999725341797,112.43000030517578,111.25,112.05999755859375,109.95486450195312,938400,0.0,0.0
2025-01-02 00:00:00-05:00,112.48999786376953,113.48999786376953,111.70999908447266,111.9000015258789,109.79786682128906,959800,0.0,0.0
2025-01-03 00:00:00-05:00,112.31999969482422,113.19000244140625,111.20999908447266,112.58000183105469,110.465087890625,896600,0.0,0.0
2025-01-06 00:00:00-05:00,113.16999816894531,115.19000244140625,112.91999816894531,113.02999877929688,110.90663146972656,1173200,0.0,0.0
2025-01-07 00:00:00-05:00,113.44000244140625,114.3499984741211,111.62000274658203,112.27999877929688,110.17073059082031,942000,0.0,0.0
2025-01-08 00:00:00-05:00,111.55000305175781,111.55000305175781,109.68000030517578,111.38999938964844,109.29745483398438,1490500,0.0,0.0
2025-01-10 00:00:00-05:00,108.93000030517578,109.62000274658203,105.04000091552734,105.70999908447266,103.72415161132812,2161700,0.0,0.0
2025-01-13 00:00:00-05:00,105.33999633789062,107.08000183105469,105.1500015258789,106.81999969482422,104.81330108642578,2294500,0.0,0.0
2025-01-14 00:00:00-05:00,107.58999633789062,108.33000183105469,106.97000122070312,108.0999984741211,106.06925964355469,2154200,0.0,0.0
2025-01-15 00:00:00-05:00,110.88999938964844,111.18000030517578,108.68000030517578,109.0199966430664,106.97196197509766,1700100,0.0,0.0
2025-01-16 00:00:00-05:00,108.73999786376953,110.05000305175781,108.56999969482422,109.0999984741211,107.05046081542969,1199000,0.0,0.0
2025-01-17 00:00:00-05:00,109.73999786376953,110.12000274658203,108.18000030517578,108.41999816894531,106.38324737548828,2575000,0.0,0.0
2025-01-21 00:00:00-05:00,109.0999984741211,109.69000244140625,108.11000061035156,108.56999969482422,106.5304183959961,2198200,0.0,0.0
2025-01-22 00:00:00-05:00,108.19000244140625,109.19999694824219,107.9800033569336,108.5199966430664,106.48135375976562,1242400,0.0,0.0
2025-01-23 00:00:00-05:00,108.56999969482422,109.05000305175781,107.31999969482422,107.86000061035156,105.83377075195312,1547300,0.0,0.0
2025-01-24 00:00:00-05:00,107.93000030517578,109.30999755859375,107.9000015258789,109.05000305175781,107.00141143798828,1146300,0.0,0.0
2025-01-27 00:00:00-05:00,109.05000305175781,110.83000183105469,108.80999755859375,110.80000305175781,108.71853637695312,1233400,0.0,0.0
2025-01-28 00:00:00-05:00,110.72000122070312,111.12999725341797,109.69999694824219,110.37999725341797,108.3064193725586,1222800,0.0,0.0
2025-01-29 00:00:00-05:00,110.4000015258789,111.05000305175781,109.79000091552734,110.31999969482422,108.24754333496094,1130500,0.0,0.0
2025-01-30 00:00:00-05:00,111.36000061035156,114.0,111.19999694824219,112.91000366210938,110.78889465332031,1395600,0.0,0.0
2025-01-31 00:00:00-05:00,113.37999725341797,114.16999816894531,112.36000061035156,112.8499984741211,110.73001098632812,1621600,0.0,0.0
2025-02-03 00:00:00-05:00,110.63999938964844,111.55999755859375,109.20999908447266,110.66999816894531,108.59097290039062,1631300,0.0,0.0
2025-02-04 00:00:00-05:00,109.80999755859375,110.54000091552734,109.0199966430664,110.05000305175781,107.98262023925781,1251100,0.0,0.0
2025-02-05 00:00:00-05:00,110.62000274658203,112.12999725341797,110.52999877929688,111.80000305175781,109.69974517822266,1455700,0.0,0.0
2025-02-06 00:00:00-05:00,112.19999694824219,112.5,110.88999938964844,111.1500015258789,109.06196594238281,1137500,0.0,0.0
2025-02-07 00:00:00-05:00,111.56999969482422,111.79000091552734,108.73999786376953,109.5999984741211,107.54107666015625,1771100,0.0,0.0
2025-02-10 00:00:00-05:00,110.0199966430664,110.4800033569336,109.2699966430664,109.62000274658203,107.56070709228516,1426400,0.0,0.0
2025-02-11 00:00:00-05:00,108.52999877929688,110.0199966430664,106.87999725341797,107.08000183105469,105.06841278076172,3073500,0.0,0.0
2025-02-12 00:00:00-05:00,106.41999816894531,108.98999786376953,106.41999816894531,108.83000183105469,106.78553771972656,2961700,0.0,0.0
2025-02-13 00:00:00-05:00,108.55000305175781,108.77999877929688,103.30999755859375,104.12999725341797,102.17383575439453,3987000,0.0,0.0
2025-02-14 00:00:00-05:00,105.27999877929688,107.0,104.70999908447266,105.62999725341797,103.64566040039062,1975800,0.0,0.0
2025-02-18 00:00:00-05:00,105.63999938964844,107.08999633789062,105.45999908447266,107.05999755859375,105.04878234863281,2708300,0.0,0.0
2025-02-19 00:00:00-05:00,106.51000213623047,107.2699966430664,106.01000213623047,106.55999755859375,104.55818939208984,1655600,0.0,0.0
2025-02-20 00:00:00-05:00,106.72000122070312,106.9000015258789,104.25,105.58000183105469,103.59659576416016,1806400,0.0,0.0
2025-02-21 00:00:00-05:00,105.29000091552734,106.26000213623047,102.72000122070312,103.18000030517578,101.24168395996094,2189200,0.0,0.0
2025-02-24 00:00:00-05:00,103.16999816894531,104.05000305175781,102.5,103.83999633789062,101.88927459716797,3019800,0.0,0.0
2025-02-25 00:00:00-05:00,105.02999877929688,105.55999755859375,103.16999816894531,103.43000030517578,101.48697662353516,2185900,0.0,0.0
2025-02-26 00:00:00-05:00,103.22000122070312,103.55000305175781,101.43000030517578,101.5199966430664,99.61286163330078,1909400,0.0,0.0
2025-02-27 00:00:00-05:00,101.94999694824219,104.29000091552734,101.9000015258789,103.25,101.31035614013672,1661600,0.0,0.0
2025-02-28 00:00:00-05:00,103.41999816894531,105.55999755859375,103.20999908447266,105.27999877929688,103.30223083496094,1997800,0.0,0.0
2025-03-03 00:00:00-05:00,105.4000015258789,106.06999969482422,102.19999694824219,103.05000305175781,101.11412811279297,2744200,0.0,0.0
2025-03-04 00:00:00-05:00,101.4800033569336,101.66000366210938,97.87999725341797,99.54000091552734,97.6700668334961,2551700,0.0,0.0
2025-03-05 00:00:00-05:00,99.47000122070312,100.97000122070312,99.05000305175781,100.27999877929688,98.39615631103516,1884800,0.0,0.0
2025-03-06 00:00:00-05:00,99.19999694824219,100.88999938964844,98.95999908447266,100.13999938964844,98.2587890625,2119000,0.0,0.0
2025-03-07 00:00:00-05:00,99.51000213623047,101.31999969482422,99.05000305175781,100.7699966430664,98.87696075439453,2108700,0.0,0.0
2025-03-10 00:00:00-04:00,98.9800033569336,100.30999755859375,96.83999633789062,97.06999969482422,95.24646759033203,2728600,0.0,0.0
2025-03-11 00:00:00-04:00,96.91000366210938,97.16999816894531,92.83999633789062,93.25,91.49822998046875,2568100,0.0,0.0
2025-03-12 00:00:00-04:00,94.31999969482422,94.7699966430664,90.98999786376953,92.9000015258789,91.15480041503906,2159700,0.0,0.0
2025-03-13 00:00:00-04:00,93.18000030517578,95.33999633789062,91.66000366210938,92.18000030517578,90.44831848144531,3096900,0.0,0.0
2025-03-14 00:00:00-04:00,92.76000213623047,94.38999938964844,92.18000030517578,94.23999786376953,92.7210922241211,3081600,0.25,0.0
2025-03-17 00:00:00-04:00,94.16000366210938,95.94999694824219,94.08000183105469,95.68000030517578,94.13788604736328,2347100,0.0,0.0
2025-03-18 00:00:00-04:00,95.79000091552734,96.37000274658203,94.4800033569336,95.86000061035156,94.31497955322266,3878900,0.0,0.0
2025-03-19 00:00:00-04:00,96.27999877929688,98.2699966430664,96.02999877929688,98.12000274658203,96.53856658935547,2745500,0.0,0.0
2025-03-20 00:00:00-04:00,97.0999984741211,98.41000366210938,96.94999694824219,97.37999725341797,95.81047058105469,2560200,0.0,0.0
2025-03-21 00:00:00-04:00,96.69999694824219,97.80000305175781,96.08999633789062,97.05000305175781,95.48580932617188,4603600,0.0,0.0
2025-03-24 00:00:00-04:00,98.0999984741211,99.41000366210938,98.05999755859375,99.01000213623047,97.41421508789062,2341400,0.0,0.0
2025-03-25 00:00:00-04:00,99.9000015258789,100.29000091552734,98.33999633789062,98.91000366210938,97.3158187866211,2107900,0.0,0.0
2025-03-26 00:00:00-04:00,99.4800033569336,100.55999755859375,99.16000366210938,99.91999816894531,98.30953979492188,1964000,0.0,0.0
2025-03-27 00:00:00-04:00,99.79000091552734,99.9800033569336,98.69000244140625,99.47000122070312,97.8667984008789,1984100,0.0,0.0
2025-03-28 00:00:00-04:00,99.19000244140625,99.76000213623047,96.97000122070312,97.5199966430664,95.9482192993164,1830100,0.0,0.0
2025-03-31 00:00:00-04:00,96.94999694824219,98.6500015258789,95.73999786376953,97.91999816894531,96.34178161621094,2259500,0.0,0.0
2025-04-01 00:00:00-04:00,97.93000030517578,98.80000305175781,96.91000366210938,98.44000244140625,96.85340118408203,1816700,0.0,0.0
2025-04-02 00:00:00-04:00,97.22000122070312,99.98999786376953,97.02999877929688,99.5999984741211,97.99469757080078,1748800,0.0,0.0
2025-04-03 00:00:00-04:00,95.1500015258789,96.23999786376953,92.79000091552734,92.9800033569336,91.48140716552734,3775000,0.0,0.0
2025-04-04 00:00:00-04:00,89.91999816894531,90.2300033569336,84.5,84.87999725341797,83.51194763183594,6327900,0.0,0.0
2025-04-07 00:00:00-04:00,81.7699966430664,87.16000366210938,78.31999969482422,82.52999877929688,81.1998291015625,5696800,0.0,0.0
2025-04-08 00:00:00-04:00,86.37000274658203,86.37000274658203,78.05000305175781,79.47000122070312,78.18914794921875,5624000,0.0,0.0
2025-04-09 00:00:00-04:00,78.4000015258789,90.95999908447266,77.83000183105469,90.26000213623047,88.80524444580078,4636500,0.0,0.0
2025-04-10 00:00:00-04:00,87.55000305175781,88.20999908447266,80.76000213623047,83.23999786376953,81.89838409423828,3732200,0.0,0.0
2025-04-11 00:00:00-04:00,83.30000305175781,85.52999877929688,80.93000030517578,84.95999908447266,83.59065246582031,2832800,0.0,0.0
2025-04-14 00:00:00-04:00,86.54000091552734,86.62000274658203,84.3499984741211,85.05999755859375,83.68904876708984,2198800,0.0,0.0
2025-04-15 00:00:00-04:00,85.27999877929688,86.26000213623047,85.27999877929688,85.41999816894531,84.04325103759766,1521900,0.0,0.0
2025-04-16 00:00:00-04:00,85.20999908447266,85.70999908447266,83.37000274658203,84.12000274658203,82.76420593261719,3398400,0.0,0.0
2025-04-17 00:00:00-04:00,75.26000213623047,76.72000122070312,68.47000122070312,69.45999908447266,68.34048461914062,17560900,0.0,0.0
2025-04-21 00:00:00-04:00,68.55000305175781,69.66000366210938,65.93000030517578,67.47000122070312,66.38255310058594,7951300,0.0,0.0
2025-04-22 00:00:00-04:00,68.37999725341797,71.80999755859375,68.19000244140625,71.38999938964844,70.2393798828125,8123000,0.0,0.0
2025-04-23 00:00:00-04:00,73.0199966430664,74.55000305175781,71.4800033569336,71.76000213623047,70.60340881347656,4298800,0.0,0.0
2025-04-24 00:00:00-04:00,71.33000183105469,72.69999694824219,70.26000213623047,72.05999755859375,70.89856719970703,6357200,0.0,0.0
2025-04-25 00:00:00-04:00,71.12999725341797,72.86000061035156,70.88999938964844,72.4800033569336,71.31180572509766,3427400,0.0,0.0
2025-04-28 00:00:00-04:00,73.0999984741211,74.91000366210938,72.61000061035156,74.30999755859375,73.1123046875,5080300,0.0,0.0
2025-04-29 00:00:00-04:00,74.81999969482422,76.77999877929688,74.02999877929688,76.62999725341797,75.39490509033203,3008300,0.0,0.0
2025-04-30 00:00:00-04:00,74.87999725341797,76.58999633789062,73.94000244140625,76.30999755859375,75.08007049560547,2969300,0.0,0.0
2025-05-01 00:00:00-04:00,76.13999938964844,77.22000122070312,75.56999969482422,76.58000183105469,75.34571838378906,2726500,0.0,0.0
2025-05-02 00:00:00-04:00,77.7300033569336,79.19000244140625,77.05000305175781,78.8499984741211,77.57913208007812,2735200,0.0,0.0
2025-05-05 00:00:00-04:00,78.76000213623047,80.47000122070312,78.02999877929688,79.25,77.97269439697266,3532400,0.0,0.0
2025-05-06 00:00:00-04:00,78.43000030517578,79.68000030517578,77.01000213623047,79.27999877929688,78.00220489501953,3946200,0.0,0.0
2025-05-07 00:00:00-04:00,79.37999725341797,80.3499984741211,77.7699966430664,78.88999938964844,77.61849212646484,3119200,0.0,0.0
2025-05-08 00:00:00-04:00,80.68000030517578,81.0199966430664,78.70999908447266,79.56999969482422,78.28752899169922,5358200,0.0,0.0
2025-05-09 00:00:00-04:00,79.93000030517578,80.91999816894531,79.61000061035156,80.5,79.20254516601562,2434100,0.0,0.0
2025-05-12 00:00:00-04:00,83.54000091552734,85.0,82.3499984741211,83.13999938964844,81.79998779296875,3225200,0.0,0.0
2025-05-13 00:00:00-04:00,83.20999908447266,83.51000213623047,82.56999969482422,82.76000213623047,81.4261245727539,2493500,0.0,0.0
2025-05-14 00:00:00-04:00,82.70999908447266,83.18000030517578,82.19999694824219,83.16000366210938,81.81967163085938,2552800,0.0,0.0
2025-05-15 00:00:00-04:00,82.4000015258789,83.55999755859375,82.12999725341797,82.9800033569336,81.642578125,8022300,0.0,0.0
2025-05-16 00:00:00-04:00,82.86000061035156,82.86000061035156,81.2300033569336,82.37000274658203,81.04241180419922,3611000,0.0,0.0
2025-05-19 00:00:00-04:00,81.12999725341797,81.9000015258789,80.66000366210938,80.8499984741211,79.5468978881836,2686800,0.0,0.0
2025-05-20 00:00:00-04:00,80.4800033569336,80.98999786376953,79.6500015258789,79.7300033569336,78.4449691772461,2300400,0.0,0.0
2025-05-21 00:00:00-04:00,78.79000091552734,78.94999694824219,75.66999816894531,75.72000122070312,74.49958801269531,4451900,0.0,0.0
2025-05-22 00:00:00-04:00,75.58999633789062,76.36000061035156,74.87000274658203,75.72000122070312,74.49958801269531,2272200,0.0,0.0
2025-05-23 00:00:00-04:00,74.31999969482422,74.73999786376953,73.98999786376953,74.08999633789062,72.8958511352539,2199900,0.0,0.0
2025-05-27 00:00:00-04:00,75.01000213623047,75.9000015258789,74.5,75.75,74.52910614013672,2088600,0.0,0.0
2025-05-28 00:00:00-04:00,75.91000366210938,76.69000244140625,74.86000061035156,74.98999786376953,73.78134155273438,4762800,0.0,0.0
2025-05-29 00:00:00-04:00,75.66999816894531,75.93000030517578,74.68000030517578,75.8499984741211,74.62748718261719,2838500,0.0,0.0
2025-05-30 00:00:00-04:00,75.4000015258789,75.7699966430664,74.51000213623047,75.61000061035156,74.391357421875,4674100,0.0,0.0
2025-06-02 00:00:00-04:00,74.58000183105469,75.02999877929688,73.69000244140625,74.91000366210938,73.70264434814453,1800500,0.0,0.0
2025-06-03 00:00:00-04:00,74.9800033569336,75.98999786376953,73.81999969482422,75.77999877929688,74.55862426757812,1776000,0.0,0.0
2025-06-04 00:00:00-04:00,76.04000091552734,77.13999938964844,75.91999816894531,76.69000244140625,75.4539566040039,2271900,0.0,0.0
2025-06-05 00:00:00-04:00,76.4000015258789,77.05000305175781,75.4000015258789,76.0199966430664,74.79474639892578,1606900,0.0,0.0
2025-06-06 00:00:00-04:00,77.7300033569336,77.7300033569336,76.0999984741211,76.87000274658203,75.63105010986328,3057900,0.0,0.0
2025-06-09 00:00:00-04:00,77.91000366210938,78.98999786376953,77.25,78.94999694824219,77.67752838134766,2369200,0.0,0.0
2025-06-10 00:00:00-04:00,79.05000305175781,80.80999755859375,78.86000061035156,80.7300033569336,79.42884063720703,1960700,0.0,0.0
2025-06-11 00:00:00-04:00,80.73999786376953,80.86000061035156,79.3499984741211,79.62999725341797,78.34656524658203,4869000,0.0,0.0
2025-06-12 00:00:00-04:00,78.97000122070312,79.33000183105469,77.98999786376953,78.27999877929688,77.0183334350586,2702400,0.0,0.0
2025-06-13 00:00:00-04:00,76.75,77.0999984741211,74.31999969482422,74.62000274658203,73.65254211425781,1990100,0.25,0.0
2025-06-16 00:00:00-04:00,75.72000122070312,77.06999969482422,75.08000183105469,76.83000183105469,75.83389282226562,6748300,0.0,0.0
2025-06-17 00:00:00-04:00,76.08000183105469,77.19000244140625,75.87999725341797,76.0,75.0146484375,2110100,0.0,0.0
2025-06-18 00:00:00-04:00,75.94999694824219,76.7699966430664,75.33000183105469,76.16000366210938,75.17257690429688,4089000,0.0,0.0
2025-06-20 00:00:00-04:00,76.9000015258789,77.47000122070312,76.30000305175781,76.62999725341797,75.63646697998047,3271600,0.0,0.0
2025-06-23 00:00:00-04:00,76.5,77.20999908447266,74.86000061035156,76.3499984741211,75.36009979248047,3423500,0.0,0.0
2025-06-24 00:00:00-04:00,77.94000244140625,79.25,77.29000091552734,78.9800033569336,77.95600891113281,4397100,0.0,0.0
2025-06-25 00:00:00-04:00,78.43000030517578,78.91000366210938,77.38999938964844,77.72000122070312,76.71234130859375,3312000,0.0,0.0
2025-06-26 00:00:00-04:00,77.91999816894531,78.56999969482422,77.77999877929688,78.23999786376953,77.22560119628906,2125100,0.0,0.0
2025-06-27 00:00:00-04:00,79.01000213623047,79.81999969482422,77.93000030517578,78.72000122070312,77.69937896728516,2872800,0.0,0.0
2025-06-30 00:00:00-04:00,79.29000091552734,80.33999633789062,78.75,80.04000091552734,79.00226593017578,2779600,0.0,0.0
2025-07-01 00:00:00-04:00,79.77999877929688,82.94000244140625,79.72000122070312,81.97000122070312,80.90724182128906,2209400,0.0,0.0
2025-07-02 00:00:00-04:00,82.01000213623047,82.3499984741211,80.6500015258789,81.98999786376953,80.92698669433594,1639000,0.0,0.0
2025-07-03 00:00:00-04:00,82.22000122070312,82.5199966430664,81.45999908447266,81.8499984741211,80.7887954711914,1007600,0.0,0.0
2025-07-07 00:00:00-04:00,81.5199966430664,82.05000305175781,79.30999755859375,80.08000183105469,79.041748046875,1470100,0.0,0.0
2025-07-08 00:00:00-04:00,80.5,82.0,80.33999633789062,80.66000366210938,79.61422729492188,1528200,0.0,0.0
2025-07-09 00:00:00-04:00,81.18000030517578,81.5,79.44000244140625,80.6500015258789,79.60436248779297,1315900,0.0,0.0
2025-07-10 00:00:00-04:00,80.11000061035156,82.0,79.83999633789062,81.22000122070312,80.1669692993164,2895000,0.0,0.0
2025-07-11 00:00:00-04:00,79.76000213623047,80.4800033569336,78.79000091552734,78.80000305175781,77.7783432006836,2334700,0.0,0.0
2025-07-14 00:00:00-04:00,79.8499984741211,80.48999786376953,79.0,79.48999786376953,78.45938873291016,1527700,0.0,0.0
2025-07-15 00:00:00-04:00,79.81999969482422,79.83000183105469,77.5999984741211,77.61000061035156,76.60377502441406,2407500,0.0,0.0
2025-07-16 00:00:00-04:00,82.25,83.18000030517578,79.70999908447266,82.66000366210938,81.58830261230469,3997400,0.0,0.0
2025-07-17 00:00:00-04:00,82.3499984741211,83.83000183105469,81.86000061035156,83.04000091552734,81.96337127685547,2697800,0.0,0.0
2025-07-18 00:00:00-04:00,82.88999938964844,83.26000213623047,81.33000183105469,81.93000030517578,80.86775970458984,2303700,0.0,0.0
2025-07-21 00:00:00-04:00,82.0999984741211,82.5999984741211,81.05000305175781,81.1500015258789,80.0978775024414,2022900,0.0,0.0
2025-07-22 00:00:00-04:00,81.62000274658203,84.26000213623047,81.62000274658203,84.11000061035156,83.01950073242188,2380200,0.0,0.0
2025-07-23 00:00:00-04:00,84.01000213623047,84.66999816894531,83.0999984741211,83.9000015258789,82.81222534179688,2489000,0.0,0.0
2025-07-24 00:00:00-04:00,84.08999633789062,84.12000274658203,82.95999908447266,83.05000305175781,81.9732437133789,1243600,0.0,0.0
2025-07-25 00:00:00-04:00,85.26000213623047,86.20999908447266,83.30999755859375,85.76000213623047,84.64810943603516,3422400,0.0,0.0
2025-07-28 00:00:00-04:00,85.36000061035156,86.0999984741211,84.33000183105469,84.70999908447266,83.6117172241211,1602300,0.0,0.0
2025-07-29 00:00:00-04:00,84.54000091552734,84.91999816894531,83.0199966430664,83.2300033569336,82.15090942382812,1651700,0.0,0.0
2025-07-30 00:00:00-04:00,83.5,83.6500015258789,81.05999755859375,81.44000244140625,80.38411712646484,2186800,0.0,0.0
2025-07-31 00:00:00-04:00,81.0999984741211,82.37000274658203,79.87000274658203,79.94999694824219,78.9134292602539,1762000,0.0,0.0
2025-08-01 00:00:00-04:00,78.91999816894531,79.20999908447266,76.5999984741211,78.04000091552734,77.02819061279297,2099800,0.0,0.0
2025-08-04 00:00:00-04:00,78.54000091552734,79.37000274658203,78.16000366210938,78.88999938964844,77.86717224121094,1983800,0.0,0.0
2025-08-05 00:00:00-04:00,78.87999725341797,79.2300033569336,77.38999938964844,78.41000366210938,77.3934097290039,4048200,0.0,0.0
2025-08-06 00:00:00-04:00,87.69999694824219,87.86000061035156,81.5199966430664,85.54000091552734,84.43096160888672,5181700,0.0,0.0
2025-08-07 00:00:00-04:00,85.73999786376953,86.06999969482422,81.61000061035156,82.0199966430664,80.95659637451172,3434400,0.0,0.0
2025-08-08 00:00:00-04:00,82.1500015258789,82.76000213623047,80.80999755859375,81.0,79.94981384277344,2585700,0.0,0.0
2025-08-11 00:00:00-04:00,81.62999725341797,82.73999786376953,80.58999633789062,80.83000183105469,79.78202056884766,3986900,0.0,0.0
2025-08-12 00:00:00-04:00,81.7699966430664,83.58999633789062,81.08999633789062,82.38999938964844,81.3218002319336,2695200,0.0,0.0
2025-08-13 00:00:00-04:00,82.80000305175781,86.52999877929688,82.72000122070312,86.45999908447266,85.33901977539062,2839700,0.0,0.0
2025-08-14 00:00:00-04:00,84.98999786376953,87.70999908447266,84.43000030517578,87.19000244140625,86.05956268310547,3256000,0.0,0.0
2025-08-15 00:00:00-04:00,87.62000274658203,89.02999877929688,86.69999694824219,86.79000091552734,85.66475677490234,2167900,0.0,0.0
2025-08-18 00:00:00-04:00,86.43000030517578,87.2300033569336,86.08000183105469,86.37000274658203,85.25019073486328,2051000,0.0,0.0
2025-08-19 00:00:00-04:00,86.48999786376953,88.08999633789062,86.19999694824219,86.62000274658203,85.49695587158203,2644000,0.0,0.0
2025-08-20 00:00:00-04:00,86.33999633789062,86.94000244140625,85.61000061035156,85.7699966430664,84.65797424316406,2186900,0.0,0.0
2025-08-21 00:00:00-04:00,85.2699966430664,86.02999877929688,84.25,85.72000122070312,84.60862731933594,1973200,0.0,0.0
2025-08-22 00:00:00-04:00,86.33000183105469,90.63999938964844,85.81999969482422,90.01000213623047,88.84300231933594,2329700,0.0,0.0
2025-08-25 00:00:00-04:00,89.23999786376953,89.66000366210938,88.2300033569336,88.81999969482422,87.6684341430664,1808200,0.0,0.0
2025-08-26 00:00:00-04:00,88.55000305175781,88.9000015258789,87.80999755859375,88.2300033569336,87.0860824584961,2078400,0.0,0.0
2025-08-27 00:00:00-04:00,87.87999725341797,89.19999694824219,87.83999633789062,87.83999633789062,86.70113372802734,1641300,0.0,0.0
2025-08-28 00:00:00-04:00,88.12999725341797,88.47000122070312,87.25,88.22000122070312,87.07621765136719,1416900,0.0,0.0
2025-08-29 00:00:00-04:00,88.51000213623047,89.22000122070312,88.37000274658203,88.81999969482422,87.6684341430664,1818300,0.0,0.0
2025-09-02 00:00:00-04:00,87.91999816894531,88.20999908447266,86.18000030517578,86.98999786376953,85.8621597290039,2477900,0.0,0.0
2025-09-03 00:00:00-04:00,86.62999725341797,87.62999725341797,85.63999938964844,86.76000213623047,85.63514709472656,2404100,0.0,0.0
2025-09-04 00:00:00-04:00,86.76000213623047,87.5,85.6500015258789,87.27999877929688,86.14839935302734,2482100,0.0,0.0
2025-09-05 00:00:00-04:00,87.38999938964844,89.05000305175781,86.47000122070312,87.77999877929688,86.64190673828125,1398800,0.0,0.0
2025-09-08 00:00:00-04:00,87.20999908447266,87.5999984741211,85.91000366210938,87.41999816894531,86.28658294677734,1782500,0.0,0.0
2025-09-09 00:00:00-04:00,87.12000274658203,87.83000183105469,86.58000183105469,86.91000366210938,85.783203125,2932800,0.0,0.0
2025-09-10 00:00:00-04:00,86.25,87.2699966430664,84.81999969482422,85.08000183105469,83.97692108154297,2213200,0.0,0.0
2025-09-11 00:00:00-04:00,85.3499984741211,87.06999969482422,85.05000305175781,86.68000030517578,85.55618286132812,1998100,0.0,0.0
2025-09-12 00:00:00-04:00,86.37999725341797,86.37999725341797,85.05000305175781,85.3499984741211,84.48709106445312,1344700,0.25,0.0
2025-09-15 00:00:00-04:00,85.44999694824219,85.87999725341797,83.95999908447266,84.16000366210938,83.30913543701172,1871800,0.0,0.0
2025-09-16 00:00:00-04:00,83.69999694824219,84.4800033569336,82.52999877929688,84.29000091552734,83.43781280517578,5512000,0.0,0.0
2025-09-17 00:00:00-04:00,84.30000305175781,86.91999816894531,84.30000305175781,85.3499984741211,84.48709106445312,1785100,0.0,0.0
2025-09-18 00:00:00-04:00,85.87999725341797,86.27999877929688,84.8499984741211,86.06999969482422,85.19982147216797,2013100,0.0,0.0
2025-09-19 00:00:00-04:00,86.83999633789062,87.16999816894531,85.87000274658203,86.55000305175781,85.67496490478516,4807400,0.0,0.0
2025-09-22 00:00:00-04:00,85.95999908447266,87.30999755859375,85.61000061035156,86.94999694824219,86.07091522216797,3095900,0.0,0.0
2025-09-23 00:00:00-04:00,86.87999725341797,88.33000183105469,86.0,86.11000061035156,85.23941802978516,3168700,0.0,0.0
2025-09-24 00:00:00-04:00,86.29000091552734,87.83999633789062,86.2300033569336,87.11000061035156,86.22930145263672,2123600,0.0,0.0
2025-09-25 00:00:00-04:00,86.38999938964844,87.08999633789062,84.77999877929688,84.9000015258789,84.0416488647461,2184700,0.0,0.0
2025-09-26 00:00:00-04:00,84.91000366210938,85.41000366210938,84.02999877929688,84.31999969482422,83.4675064086914,2205400,0.0,0.0
2025-09-29 00:00:00-04:00,85.83999633789062,86.87999725341797,84.16999816894531,86.33999633789062,85.46708679199219,3199200,0.0,0.0
2025-09-30 00:00:00-04:00,86.04000091552734,86.2699966430664,81.9800033569336,83.08000183105469,82.24005126953125,3422100,0.0,0.0
2025-10-01 00:00:00-04:00,83.0999984741211,85.5199966430664,83.0999984741211,85.12000274658203,84.2594223022461,1796200,0.0,0.0
2025-10-02 00:00:00-04:00,84.83000183105469,86.72000122070312,84.75,86.41999816894531,85.54627990722656,2059900,0.0,0.0
2025-10-03 00:00:00-04:00,86.58999633789062,88.55999755859375,86.01000213623047,87.95999908447266,87.0707015991211,1990800,0.0,0.0
2025-10-06 00:00:00-04:00,88.91000366210938,88.98999786376953,86.4800033569336,87.18000030517578,86.29859161376953,1453200,0.0,0.0
2025-10-07 00:00:00-04:00,87.66000366210938,88.69000244140625,87.05999755859375,88.0999984741211,87.20928955078125,1642200,0.0,0.0
2025-10-08 00:00:00-04:00,88.73999786376953,88.80000305175781,87.2300033569336,88.52999877929688,87.63494110107422,1363600,0.0,0.0
2025-10-09 00:00:00-04:00,88.87000274658203,89.58000183105469,86.55999755859375,87.18000030517578,86.29859161376953,1720900,0.0,0.0
2025-10-10 00:00:00-04:00,87.12000274658203,87.43000030517578,82.80999755859375,82.8499984741211,82.01237487792969,2601400,0.0,0.0
2025-10-13 00:00:00-04:00,83.66999816894531,84.75,83.3499984741211,84.22000122070312,83.36852264404297,1218000,0.0,0.0
2025-10-14 00:00:00-04:00,83.18000030517578,86.91999816894531,83.08999633789062,86.47000122070312,85.59577178955078,1993700,0.0,0.0
2025-10-15 00:00:00-04:00,86.63999938964844,87.29000091552734,85.26000213623047,86.0999984741211,85.2295150756836,1267000,0.0,0.0
2025-10-16 00:00:00-04:00,86.0,86.33999633789062,83.6500015258789,83.66000366210938,82.81419372558594,1855900,0.0,0.0
2025-10-17 00:00:00-04:00,83.68000030517578,85.5999984741211,83.6500015258789,85.41999816894531,84.55638885498047,2372300,0.0,0.0
2025-10-20 00:00:00-04:00,85.83999633789062,87.22000122070312,85.5199966430664,87.0199966430664,86.14020538330078,1262700,0.0,0.0
2025-10-21 00:00:00-04:00,86.98999786376953,88.22000122070312,86.5,87.66000366210938,86.77375030517578,1282400,0.0,0.0
2025-10-22 00:00:00-04:00,86.5,87.37999725341797,85.62000274658203,85.66999816894531,84.8038558959961,1787000,0.0,0.0
2025-10-23 00:00:00-04:00,86.83000183105469,88.19999694824219,86.52999877929688,87.4800033569336,86.59556579589844,1184700,0.0,0.0
2025-10-24 00:00:00-04:00,88.69000244140625,89.01000213623047,87.33999633789062,87.36000061035156,86.47676849365234,1286700,0.0,0.0
2025-10-27 00:00:00-04:00,88.19000244140625,88.7699966430664,86.7300033569336,86.79000091552734,85.91253662109375,1435000,0.0,0.0
2025-10-28 00:00:00-04:00,86.79000091552734,87.22000122070312,85.58999633789062,85.62999725341797,84.7642593383789,1472500,0.0,0.0
2025-10-29 00:00:00-04:00,81.5,82.54000091552734,78.66999816894531,79.20999908447266,78.40917205810547,4705500,0.0,0.0
2025-10-30 00:00:00-04:00,79.3499984741211,81.22000122070312,78.62000274658203,78.69000244140625,77.8944320678711,2065400,0.0,0.0
2025-10-31 00:00:00-04:00,78.0,79.05999755859375,77.05000305175781,77.76000213623047,76.97383880615234,2876800,0.0,0.0
2025-11-03 00:00:00-05:00,77.29000091552734,77.5,74.70999908447266,77.0999984741211,76.32050323486328,4338500,0.0,0.0
2025-11-04 00:00:00-05:00,80.69999694824219,80.98999786376953,77.0999984741211,79.95999908447266,79.1515884399414,4159800,0.0,0.0
2025-11-05 00:00:00-05:00,80.5199966430664,80.8499984741211,78.19000244140625,79.19999694824219,78.3992691040039,2808400,0.0,0.0
2025-11-06 00:00:00-05:00,79.19000244140625,79.98999786376953,76.30000305175781,76.37000274658203,75.59789276123047,3778400,0.0,0.0
2025-11-07 00:00:00-05:00,75.88999938964844,76.86000061035156,74.87999725341797,76.02999877929688,75.26132202148438,1958400,0.0,0.0
2025-11-10 00:00:00-05:00,76.75,77.05999755859375,74.91000366210938,75.69000244140625,74.92475891113281,2550600,0.0,0.0
2025-11-11 00:00:00-05:00,76.66999816894531,77.80000305175781,76.33000183105469,77.2300033569336,76.44918823242188,1734100,0.0,0.0
2025-11-12 00:00:00-05:00,77.08999633789062,78.4800033569336,77.08999633789062,77.38999938964844,76.6075668334961,1612700,0.0,0.0
2025-11-13 00:00:00-05:00,77.52999877929688,78.08000183105469,75.16999816894531,75.44000244140625,74.67729187011719,1587400,0.0,0.0
2025-11-14 00:00:00-05:00,75.11000061035156,75.4000015258789,73.2699966430664,74.11000061035156,73.36073303222656,2218300,0.0,0.0
2025-11-17 00:00:00-05:00,73.91999816894531,74.25,72.26000213623047,72.58000183105469,71.84620666503906,1627600,0.0,0.0
2025-11-18 00:00:00-05:00,72.41000366210938,73.33000183105469,71.7699966430664,72.02999877929688,71.3017578125,2053100,0.0,0.0
2025-11-19 00:00:00-05:00,72.33999633789062,72.55999755859375,70.91000366210938,72.02999877929688,71.3017578125,1661400,0.0,0.0
2025-11-20 00:00:00-05:00,73.1500015258789,73.45999908447266,71.37999725341797,71.47000122070312,70.74742889404297,1690300,0.0,0.0
2025-11-21 00:00:00-05:00,72.23999786376953,74.66000366210938,72.12999725341797,73.48999786376953,72.74699401855469,2099400,0.0,0.0
2025-11-24 00:00:00-05:00,72.88999938964844,73.45999908447266,72.2699966430664,72.80000305175781,72.06398010253906,3175900,0.0,0.0
2025-11-25 00:00:00-05:00,73.19000244140625,74.73999786376953,73.05000305175781,74.0199966430664,73.27164459228516,2017400,0.0,0.0
2025-11-26 00:00:00-05:00,73.81999969482422,75.37999725341797,73.7699966430664,74.97000122070312,74.21204376220703,2215700,0.0,0.0
2025-11-28 00:00:00-05:00,75.23999786376953,76.45999908447266,75.01000213623047,75.76000213623047,74.99405670166016,1144800,0.0,0.0
2025-12-01 00:00:00-05:00,74.80000305175781,77.52999877929688,74.72000122070312,76.23999786376953,75.46920013427734,2423100,0.0,0.0
2025-12-02 00:00:00-05:00,76.77999877929688,79.23999786376953,75.69999694824219,78.69000244140625,77.8944320678711,3831200,0.0,0.0
2025-12-03 00:00:00-05:00,79.11000061035156,80.77999877929688,79.11000061035156,79.95999908447266,79.1515884399414,2230800,0.0,0.0
2025-12-04 00:00:00-05:00,80.31999969482422,80.69000244140625,79.19000244140625,79.73999786376953,78.93380737304688,3017600,0.0,0.0
2025-12-05 00:00:00-05:00,79.2300033569336,81.06999969482422,78.75,78.8499984741211,78.05280303955078,2180800,0.0,0.0
2025-12-08 00:00:00-05:00,78.44999694824219,78.56999969482422,77.16000366210938,77.91000366210938,77.12232208251953,2858700,0.0,0.0
2025-12-09 00:00:00-05:00,77.98999786376953,78.7300033569336,77.22000122070312,77.5,76.7164535522461,2524100,0.0,0.0
2025-12-10 00:00:00-05:00,77.52999877929688,80.58000183105469,77.43000030517578,80.33999633789062,79.52774810791016,1728300,0.0,0.0
2025-12-11 00:00:00-05:00,79.9000015258789,82.05999755859375,79.7699966430664,81.91999816894531,81.0917739868164,2608800,0.0,0.0
2025-12-12 00:00:00-05:00,83.11000061035156,83.41999816894531,81.5,82.05000305175781,81.46908569335938,2559000,0.25,0.0
2025-12-15 00:00:00-05:00,82.19999694824219,82.52999877929688,81.11000061035156,81.62999725341797,81.05205535888672,2868000,0.0,0.0
2025-12-16 00:00:00-05:00,81.80000305175781,82.43000030517578,80.98999786376953,81.44000244140625,80.8634033203125,2242700,0.0,0.0
2025-12-17 00:00:00-05:00,81.45999908447266,83.37000274658203,81.45999908447266,82.22000122070312,81.63788604736328,2064600,0.0,0.0
2025-12-18 00:00:00-05:00,82.69000244140625,83.29000091552734,81.63999938964844,82.12000274658203,81.53858947753906,3126300,0.0,0.0
2025-12-19 00:00:00-05:00,82.13999938964844,82.93000030517578,80.18000030517578,80.8499984741211,80.27758026123047,6702500,0.0,0.0
2025-12-22 00:00:00-05:00,80.62999725341797,81.73999786376953,79.91999816894531,81.29000091552734,80.71446228027344,2569500,0.0,0.0
2025-12-23 00:00:00-05:00,81.33000183105469,81.98999786376953,79.73999786376953,80.19000244140625,79.62225341796875,2222200,0.0,0.0
2025-12-24 00:00:00-05:00,80.76000213623047,81.19000244140625,80.0,81.19000244140625,80.61517333984375,980100,0.0,0.0
2025-12-26 00:00:00-05:00,80.30999755859375,81.0999984741211,79.61000061035156,80.3499984741211,79.78112030029297,1612400,0.0,0.0
2025-12-29 00:00:00-05:00,80.20999908447266,80.5,79.41999816894531,80.04000091552734,79.47331237792969,2361200,0.0,0.0
2025-12-30 00:00:00-05:00,79.80999755859375,80.08999633789062,79.16999816894531,79.30999755859375,78.74848175048828,2576200,0.0,0.0
