Date,Open,High,Low,Close,Adj Close,Volume,Dividends,Stock Splits
2021-01-04 00:00:00-05:00,28.360000610351562,28.920000076293945,27.709999084472656,28.3700008392334,25.949058532714844,906800,0.0,0.0
2021-01-05 00:00:00-05:00,28.25,29.440000534057617,28.25,29.1200008392334,26.63505744934082,572100,0.0,0.0
2021-01-06 00:00:00-05:00,29.25,30.81999969482422,29.100000381469727,30.190000534057617,27.61374855041504,1025400,0.0,0.0
2021-01-07 00:00:00-05:00,30.190000534057617,30.6299991607666,29.68000030517578,30.530000686645508,27.92473602294922,477800,0.0,0.0
2021-01-08 00:00:00-05:00,30.780000686645508,31.450000762939453,30.360000610351562,31.309999465942383,28.638172149658203,544900,0.0,0.0
2021-01-11 00:00:00-05:00,30.8799991607666,31.260000228881836,30.469999313354492,30.719999313354492,28.098520278930664,613200,0.0,0.0
2021-01-12 00:00:00-05:00,30.989999771118164,32.08000183105469,30.709999084472656,32.029998779296875,29.296730041503906,466000,0.0,0.0
2021-01-13 00:00:00-05:00,31.8700008392334,32.470001220703125,31.719999313354492,32.13999938964844,29.3973445892334,690900,0.0,0.0
2021-01-14 00:00:00-05:00,32.45000076293945,33.029998779296875,32.11000061035156,32.41999816894531,29.6534481048584,549600,0.0,0.0
2021-01-15 00:00:00-05:00,32.02000045776367,32.31999969482422,29.889999389648438,30.3700008392334,27.77838897705078,817600,0.0,0.0
2021-01-19 00:00:00-05:00,30.600000381469727,31.3799991607666,30.420000076293945,31.350000381469727,28.674760818481445,607400,0.0,0.0
2021-01-20 00:00:00-05:00,31.010000228881836,32.06999969482422,30.0,31.06999969482422,28.41865348815918,509400,0.0,0.0
2021-01-21 00:00:00-05:00,30.700000762939453,31.34000015258789,30.6299991607666,31.1200008392334,28.46438980102539,385700,0.0,0.0
2021-01-22 00:00:00-05:00,30.729999542236328,31.5,30.649999618530273,31.209999084472656,28.546703338623047,578500,0.0,0.0
2021-01-25 00:00:00-05:00,31.010000228881836,31.969999313354492,30.6299991607666,31.93000030517578,29.205265045166016,787200,0.0,0.0
2021-01-26 00:00:00-05:00,32.27000045776367,33.130001068115234,32.209999084472656,32.95000076293945,30.138221740722656,629700,0.0,0.0
2021-01-27 00:00:00-05:00,32.400001525878906,35.79999923706055,32.209999084472656,33.939998626708984,31.04373550415039,2433700,0.0,0.0
2021-01-28 00:00:00-05:00,34.11000061035156,34.65999984741211,32.689998626708984,33.27000045776367,30.43091583251953,1996000,0.0,0.0
2021-01-29 00:00:00-05:00,33.84000015258789,33.84000015258789,32.11000061035156,32.41999816894531,29.6534481048584,1341900,0.0,0.0
2021-02-01 00:00:00-05:00,32.709999084472656,33.7599983215332,31.0,31.739999771118164,29.031478881835938,752700,0.0,0.0
2021-02-02 00:00:00-05:00,31.729999542236328,32.0099983215332,31.329999923706055,31.399999618530273,28.72049331665039,334300,0.0,0.0
2021-02-03 00:00:00-05:00,31.34000015258789,31.860000610351562,30.940000534057617,31.850000381469727,29.13209342956543,515100,0.0,0.0
2021-02-04 00:00:00-05:00,32.029998779296875,32.560001373291016,31.34000015258789,32.099998474121094,29.36075782775879,617800,0.0,0.0
2021-02-05 00:00:00-05:00,32.4900016784668,32.599998474121094,31.790000915527344,32.400001525878906,29.635156631469727,265400,0.0,0.0
2021-02-08 00:00:00-05:00,32.790000915527344,33.7400016784668,32.5099983215332,33.45000076293945,30.59556007385254,601200,0.0,0.0
2021-02-09 00:00:00-05:00,33.119998931884766,34.33000183105469,33.02000045776367,33.90999984741211,31.016300201416016,543200,0.0,0.0
2021-02-10 00:00:00-05:00,34.31999969482422,34.31999969482422,30.040000915527344,30.899999618530273,28.263158798217773,1526200,0.0,0.0
2021-02-11 00:00:00-05:00,30.90999984741211,31.31999969482422,29.700000762939453,31.25,28.58329200744629,733200,0.0,0.0
2021-02-12 00:00:00-05:00,31.09000015258789,31.479999542236328,30.329999923706055,30.729999542236328,28.107667922973633,591500,0.0,0.0
2021-02-16 00:00:00-05:00,31.09000015258789,31.1299991607666,29.8799991607666,30.280000686645508,27.696067810058594,404400,0.0,0.0
2021-02-17 00:00:00-05:00,30.149999618530273,30.799999237060547,29.93000030517578,30.200000762939453,27.622896194458008,385500,0.0,0.0
2021-02-18 00:00:00-05:00,30.020000457763672,30.290000915527344,28.8799991607666,28.93000030517578,26.461267471313477,863500,0.0,0.0
2021-02-19 00:00:00-05:00,28.860000610351562,29.450000762939453,28.299999237060547,29.40999984741211,26.900306701660156,573000,0.0,0.0
2021-02-22 00:00:00-05:00,29.43000030517578,29.739999771118164,28.899999618530273,29.420000076293945,26.909456253051758,433500,0.0,0.0
2021-02-23 00:00:00-05:00,29.15999984741211,29.3799991607666,28.5,29.030000686645508,26.552736282348633,370100,0.0,0.0
2021-02-24 00:00:00-05:00,29.639999389648438,29.989999771118164,28.530000686645508,29.850000381469727,27.30276107788086,336100,0.0,0.0
2021-02-25 00:00:00-05:00,29.920000076293945,30.209999084472656,28.579999923706055,28.579999923706055,26.322795867919922,379900,0.206,0.0
2021-02-26 00:00:00-05:00,28.700000762939453,29.06999969482422,28.239999771118164,28.450000762939453,26.203062057495117,735800,0.0,0.0
2021-03-01 00:00:00-05:00,29.049999237060547,30.079999923706055,28.989999771118164,29.90999984741211,27.547754287719727,739100,0.0,0.0
2021-03-02 00:00:00-05:00,29.5,29.989999771118164,28.989999771118164,29.1299991607666,26.829357147216797,484100,0.0,0.0
2021-03-03 00:00:00-05:00,29.31999969482422,29.729999542236328,28.0,28.43000030517578,26.18463706970215,937700,0.0,0.0
2021-03-04 00:00:00-05:00,28.5,28.989999771118164,27.610000610351562,27.93000030517578,25.724130630493164,664200,0.0,0.0
2021-03-05 00:00:00-05:00,28.450000762939453,29.09000015258789,26.920000076293945,28.950000762939453,26.66357421875,780800,0.0,0.0
2021-03-08 00:00:00-05:00,28.950000762939453,29.739999771118164,27.34000015258789,29.209999084472656,26.90303611755371,399600,0.0,0.0
2021-03-09 00:00:00-05:00,29.5,29.520000457763672,29.049999237060547,29.229999542236328,26.921457290649414,382500,0.0,0.0
2021-03-10 00:00:00-05:00,29.5,29.969999313354492,29.100000381469727,29.420000076293945,27.096450805664062,561200,0.0,0.0
2021-03-11 00:00:00-05:00,29.56999969482422,29.760000228881836,28.920000076293945,29.479999542236328,27.151710510253906,653300,0.0,0.0
2021-03-12 00:00:00-05:00,29.459999084472656,29.959999084472656,29.299999237060547,29.5,27.17013168334961,402200,0.0,0.0
2021-03-15 00:00:00-04:00,29.459999084472656,29.829999923706055,29.100000381469727,29.729999542236328,27.381969451904297,283800,0.0,0.0
2021-03-16 00:00:00-04:00,30.600000381469727,31.31999969482422,28.59000015258789,29.010000228881836,26.718833923339844,461400,0.0,0.0
2021-03-17 00:00:00-04:00,28.790000915527344,29.110000610351562,28.520000457763672,28.989999771118164,26.70041275024414,495300,0.0,0.0
2021-03-18 00:00:00-04:00,28.989999771118164,29.600000381469727,28.639999389648438,28.760000228881836,26.48857879638672,340800,0.0,0.0
2021-03-19 00:00:00-04:00,28.690000534057617,29.049999237060547,28.440000534057617,28.719999313354492,26.45173454284668,1490800,0.0,0.0
2021-03-22 00:00:00-04:00,28.56999969482422,28.799999237060547,28.049999237060547,28.6200008392334,26.359634399414062,280300,0.0,0.0
2021-03-23 00:00:00-04:00,28.489999771118164,29.469999313354492,27.459999084472656,27.65999984741211,25.475452423095703,550500,0.0,0.0
2021-03-24 00:00:00-04:00,27.700000762939453,28.139999389648438,27.309999465942383,27.489999771118164,25.318878173828125,480200,0.0,0.0
2021-03-25 00:00:00-04:00,27.219999313354492,28.40999984741211,26.809999465942383,28.290000915527344,26.05569839477539,462100,0.0,0.0
2021-03-26 00:00:00-04:00,28.600000381469727,28.860000610351562,28.149999618530273,28.489999771118164,26.23990249633789,319500,0.0,0.0
2021-03-29 00:00:00-04:00,28.3700008392334,28.860000610351562,27.700000762939453,27.899999618530273,25.696496963500977,483800,0.0,0.0
2021-03-30 00:00:00-04:00,29.110000610351562,29.110000610351562,27.600000381469727,28.31999969482422,26.08332633972168,434600,0.0,0.0
2021-03-31 00:00:00-04:00,28.309999465942383,28.610000610351562,27.809999465942383,28.030000686645508,25.81623077392578,614400,0.0,0.0
2021-04-01 00:00:00-04:00,28.229999542236328,28.739999771118164,28.190000534057617,28.610000610351562,26.350421905517578,401000,0.0,0.0
2021-04-05 00:00:00-04:00,28.729999542236328,28.829999923706055,28.309999465942383,28.639999389648438,26.378053665161133,246100,0.0,0.0
2021-04-06 00:00:00-04:00,28.649999618530273,28.81999969482422,28.299999237060547,28.43000030517578,26.18463706970215,265800,0.0,0.0
2021-04-07 00:00:00-04:00,28.40999984741211,28.56999969482422,28.06999969482422,28.290000915527344,26.05569839477539,331000,0.0,0.0
2021-04-08 00:00:00-04:00,28.25,28.440000534057617,27.8799991607666,28.290000915527344,26.05569839477539,378800,0.0,0.0
2021-04-09 00:00:00-04:00,28.290000915527344,28.889999389648438,28.0,28.809999465942383,26.53462791442871,301800,0.0,0.0
2021-04-12 00:00:00-04:00,28.940000534057617,28.940000534057617,28.610000610351562,28.760000228881836,26.48857879638672,208900,0.0,0.0
2021-04-13 00:00:00-04:00,28.729999542236328,29.059999465942383,28.100000381469727,28.5,26.249113082885742,230700,0.0,0.0
2021-04-14 00:00:00-04:00,28.639999389648438,29.079999923706055,28.56999969482422,28.809999465942383,26.53462791442871,255600,0.0,0.0
2021-04-15 00:00:00-04:00,29.020000457763672,29.239999771118164,28.420000076293945,28.799999237060547,26.52541732788086,262400,0.0,0.0
2021-04-16 00:00:00-04:00,29.020000457763672,29.209999084472656,28.850000381469727,28.989999771118164,26.70041275024414,290400,0.0,0.0
2021-04-19 00:00:00-04:00,29.020000457763672,29.020000457763672,28.299999237060547,28.5,26.249113082885742,275200,0.0,0.0
2021-04-20 00:00:00-04:00,28.520000457763672,28.649999618530273,27.84000015258789,27.93000030517578,25.724130630493164,805000,0.0,0.0
2021-04-21 00:00:00-04:00,30.010000228881836,31.809999465942383,28.079999923706055,31.6200008392334,29.12270164489746,987300,0.0,0.0
2021-04-22 00:00:00-04:00,31.989999771118164,32.02000045776367,31.139999389648438,31.170000076293945,28.708240509033203,740700,0.0,0.0
2021-04-23 00:00:00-04:00,31.420000076293945,32.310001373291016,31.100000381469727,31.959999084472656,29.43584632873535,594800,0.0,0.0
2021-04-26 00:00:00-04:00,32.22999954223633,32.470001220703125,31.600000381469727,31.690000534057617,29.187171936035156,462200,0.0,0.0
2021-04-27 00:00:00-04:00,31.729999542236328,31.780000686645508,31.190000534057617,31.280000686645508,28.809553146362305,411800,0.0,0.0
2021-04-28 00:00:00-04:00,31.290000915527344,31.350000381469727,30.760000228881836,31.190000534057617,28.726659774780273,322300,0.0,0.0
2021-04-29 00:00:00-04:00,31.3799991607666,31.649999618530273,29.860000610351562,29.93000030517578,27.566173553466797,576600,0.0,0.0
2021-04-30 00:00:00-04:00,29.649999618530273,30.010000228881836,29.209999084472656,29.950000762939453,27.5845947265625,574700,0.0,0.0
2021-05-03 00:00:00-04:00,30.40999984741211,30.809999465942383,30.0,30.049999237060547,27.676692962646484,356600,0.0,0.0
2021-05-04 00:00:00-04:00,29.93000030517578,30.049999237060547,29.43000030517578,30.049999237060547,27.676692962646484,797400,0.0,0.0
2021-05-05 00:00:00-04:00,30.110000610351562,30.110000610351562,29.450000762939453,29.670000076293945,27.32670783996582,252000,0.0,0.0
2021-05-06 00:00:00-04:00,29.760000228881836,30.219999313354492,29.299999237060547,29.950000762939453,27.5845947265625,428500,0.0,0.0
2021-05-07 00:00:00-04:00,29.790000915527344,30.270000457763672,29.790000915527344,30.15999984741211,27.77800750732422,316400,0.0,0.0
2021-05-10 00:00:00-04:00,31.219999313354492,31.219999313354492,29.770000457763672,29.81999969482422,27.464859008789062,353900,0.0,0.0
2021-05-11 00:00:00-04:00,29.260000228881836,30.290000915527344,29.260000228881836,29.959999084472656,27.593801498413086,366100,0.0,0.0
2021-05-12 00:00:00-04:00,29.959999084472656,30.200000762939453,29.299999237060547,29.329999923706055,27.013559341430664,249100,0.0,0.0
2021-05-13 00:00:00-04:00,29.40999984741211,30.719999313354492,29.3700008392334,30.65999984741211,28.23851776123047,414800,0.0,0.0
2021-05-14 00:00:00-04:00,30.8700008392334,31.110000610351562,30.5,30.950000762939453,28.505613327026367,301000,0.0,0.0
2021-05-17 00:00:00-04:00,30.889999389648438,31.219999313354492,30.649999618530273,30.93000030517578,28.487192153930664,300000,0.0,0.0
2021-05-18 00:00:00-04:00,30.8700008392334,31.489999771118164,30.510000228881836,30.559999465942383,28.14641761779785,776100,0.0,0.0
2021-05-19 00:00:00-04:00,30.030000686645508,30.549999237060547,29.799999237060547,30.360000610351562,27.96221160888672,278000,0.0,0.0
2021-05-20 00:00:00-04:00,30.200000762939453,30.350000381469727,29.770000457763672,30.219999313354492,28.025272369384766,310200,0.208,0.0
2021-05-21 00:00:00-04:00,30.510000228881836,30.93000030517578,30.309999465942383,30.579999923706055,28.359127044677734,277900,0.0,0.0
2021-05-24 00:00:00-04:00,30.649999618530273,30.75,30.280000686645508,30.399999618530273,28.19219970703125,221400,0.0,0.0
2021-05-25 00:00:00-04:00,30.399999618530273,30.790000915527344,29.829999923706055,29.899999618530273,27.728515625,252500,0.0,0.0
2021-05-26 00:00:00-04:00,30.059999465942383,30.219999313354492,29.739999771118164,30.040000915527344,27.858346939086914,202100,0.0,0.0
2021-05-27 00:00:00-04:00,30.31999969482422,30.420000076293945,29.899999618530273,30.010000228881836,27.83052635192871,316000,0.0,0.0
2021-05-28 00:00:00-04:00,30.329999923706055,30.59000015258789,29.940000534057617,29.989999771118164,27.81197738647461,265100,0.0,0.0
2021-06-01 00:00:00-04:00,31.309999465942383,31.309999465942383,29.989999771118164,30.610000610351562,28.38694953918457,553300,0.0,0.0
2021-06-02 00:00:00-04:00,30.56999969482422,30.719999313354492,30.209999084472656,30.670000076293945,28.44259262084961,746000,0.0,0.0
2021-06-03 00:00:00-04:00,30.5,30.90999984741211,30.420000076293945,30.700000762939453,28.470415115356445,240000,0.0,0.0
2021-06-04 00:00:00-04:00,30.729999542236328,30.790000915527344,30.079999923706055,30.219999313354492,28.025272369384766,324500,0.0,0.0
2021-06-07 00:00:00-04:00,30.299999237060547,30.59000015258789,30.049999237060547,30.280000686645508,28.080917358398438,551600,0.0,0.0
2021-06-08 00:00:00-04:00,30.350000381469727,30.780000686645508,30.190000534057617,30.399999618530273,28.19219970703125,246500,0.0,0.0
2021-06-09 00:00:00-04:00,30.3799991607666,31.489999771118164,30.31999969482422,30.90999984741211,28.665163040161133,423800,0.0,0.0
2021-06-10 00:00:00-04:00,30.90999984741211,31.25,30.600000381469727,30.729999542236328,28.49823570251465,255100,0.0,0.0
2021-06-11 00:00:00-04:00,30.920000076293945,31.350000381469727,30.809999465942383,31.34000015258789,29.063934326171875,245900,0.0,0.0
2021-06-14 00:00:00-04:00,31.450000762939453,31.65999984741211,31.270000457763672,31.5,29.21231460571289,294400,0.0,0.0
2021-06-15 00:00:00-04:00,31.84000015258789,31.84000015258789,31.229999542236328,31.700000762939453,29.397789001464844,329800,0.0,0.0
2021-06-16 00:00:00-04:00,31.6200008392334,31.829999923706055,31.3700008392334,31.530000686645508,29.240137100219727,374900,0.0,0.0
2021-06-17 00:00:00-04:00,31.309999465942383,31.469999313354492,31.0,31.459999084472656,29.17521858215332,520900,0.0,0.0
2021-06-18 00:00:00-04:00,31.059999465942383,31.549999237060547,30.700000762939453,31.530000686645508,29.240137100219727,1016900,0.0,0.0
2021-06-21 00:00:00-04:00,31.700000762939453,32.47999954223633,31.479999542236328,32.349998474121094,30.000579833984375,412100,0.0,0.0
2021-06-22 00:00:00-04:00,32.2599983215332,32.84000015258789,31.899999618530273,32.75,30.371532440185547,477400,0.0,0.0
2021-06-23 00:00:00-04:00,32.95000076293945,32.959999084472656,31.940000534057617,31.979999542236328,29.657453536987305,348300,0.0,0.0
2021-06-24 00:00:00-04:00,32.06999969482422,32.59000015258789,31.84000015258789,32.59000015258789,30.22315216064453,281100,0.0,0.0
2021-06-25 00:00:00-04:00,32.790000915527344,32.95000076293945,32.29999923706055,32.56999969482422,30.20460319519043,2087300,0.0,0.0
2021-06-28 00:00:00-04:00,32.56999969482422,32.79999923706055,32.119998931884766,32.220001220703125,29.88002586364746,415500,0.0,0.0
2021-06-29 00:00:00-04:00,32.20000076293945,32.38999938964844,31.549999237060547,31.639999389648438,29.342145919799805,279100,0.0,0.0
2021-06-30 00:00:00-04:00,31.579999923706055,31.799999237060547,31.1200008392334,31.56999969482422,29.277231216430664,520500,0.0,0.0
2021-07-01 00:00:00-04:00,31.729999542236328,32.36000061035156,31.399999618530273,32.06999969482422,29.740917205810547,1133200,0.0,0.0
2021-07-02 00:00:00-04:00,32.09000015258789,32.189998626708984,31.540000915527344,31.600000381469727,29.305051803588867,229300,0.0,0.0
2021-07-06 00:00:00-04:00,31.469999313354492,31.5,30.65999984741211,31.170000076293945,28.906280517578125,386500,0.0,0.0
2021-07-07 00:00:00-04:00,31.1200008392334,31.260000228881836,30.489999771118164,30.93000030517578,28.68370819091797,710800,0.0,0.0
2021-07-08 00:00:00-04:00,30.40999984741211,31.040000915527344,30.290000915527344,30.920000076293945,28.674436569213867,433700,0.0,0.0
2021-07-09 00:00:00-04:00,31.360000610351562,31.649999618530273,30.6200008392334,31.360000610351562,29.082483291625977,699400,0.0,0.0
2021-07-12 00:00:00-04:00,31.290000915527344,31.760000228881836,31.030000686645508,31.719999313354492,29.416336059570312,457400,0.0,0.0
2021-07-13 00:00:00-04:00,31.520000457763672,31.739999771118164,31.190000534057617,31.329999923706055,29.05466079711914,822600,0.0,0.0
2021-07-14 00:00:00-04:00,31.450000762939453,31.739999771118164,31.200000762939453,31.600000381469727,29.305051803588867,413800,0.0,0.0
2021-07-15 00:00:00-04:00,31.40999984741211,31.56999969482422,30.670000076293945,30.959999084472656,28.711532592773438,363100,0.0,0.0
2021-07-16 00:00:00-04:00,31.25,31.25,30.049999237060547,30.09000015258789,27.90471649169922,422500,0.0,0.0
2021-07-19 00:00:00-04:00,29.559999465942383,30.760000228881836,29.43000030517578,30.450000762939453,28.238571166992188,580300,0.0,0.0
2021-07-20 00:00:00-04:00,30.700000762939453,31.280000686645508,30.3700008392334,30.719999313354492,28.48896026611328,809100,0.0,0.0
2021-07-21 00:00:00-04:00,27.15999984741211,28.31999969482422,26.639999389648438,26.920000076293945,24.964937210083008,2447500,0.0,0.0
2021-07-22 00:00:00-04:00,26.93000030517578,27.56999969482422,26.420000076293945,26.899999618530273,24.946388244628906,1082100,0.0,0.0
2021-07-23 00:00:00-04:00,26.780000686645508,27.040000915527344,26.219999313354492,26.649999618530273,24.71454429626465,610200,0.0,0.0
2021-07-26 00:00:00-04:00,26.56999969482422,26.8700008392334,26.260000228881836,26.520000457763672,24.593984603881836,628700,0.0,0.0
2021-07-27 00:00:00-04:00,26.34000015258789,26.600000381469727,26.100000381469727,26.540000915527344,24.61253547668457,334200,0.0,0.0
2021-07-28 00:00:00-04:00,26.59000015258789,26.969999313354492,26.209999084472656,26.559999465942383,24.631078720092773,433100,0.0,0.0
2021-07-29 00:00:00-04:00,26.790000915527344,26.860000610351562,26.260000228881836,26.290000915527344,24.38068962097168,395000,0.0,0.0
2021-07-30 00:00:00-04:00,26.100000381469727,26.510000228881836,25.889999389648438,26.100000381469727,24.20448875427246,611400,0.0,0.0
2021-08-02 00:00:00-04:00,26.15999984741211,26.600000381469727,25.799999237060547,25.84000015258789,23.96337127685547,547900,0.0,0.0
2021-08-03 00:00:00-04:00,25.809999465942383,26.139999389648438,25.479999542236328,26.049999237060547,24.158119201660156,569300,0.0,0.0
2021-08-04 00:00:00-04:00,26.0,26.0,25.219999313354492,25.360000610351562,23.518230438232422,339100,0.0,0.0
2021-08-05 00:00:00-04:00,25.469999313354492,26.0,25.3799991607666,25.989999771118164,24.102476119995117,451900,0.0,0.0
2021-08-06 00:00:00-04:00,26.200000762939453,26.329999923706055,25.959999084472656,26.15999984741211,24.260129928588867,314800,0.0,0.0
2021-08-09 00:00:00-04:00,26.280000686645508,26.790000915527344,26.059999465942383,26.68000030517578,24.742366790771484,424600,0.0,0.0
2021-08-10 00:00:00-04:00,26.719999313354492,26.950000762939453,26.290000915527344,26.5,24.575439453125,537300,0.0,0.0
2021-08-11 00:00:00-04:00,26.6200008392334,26.809999465942383,26.239999771118164,26.780000686645508,24.83510398864746,380700,0.0,0.0
2021-08-12 00:00:00-04:00,26.899999618530273,27.149999618530273,26.729999542236328,26.940000534057617,24.983484268188477,448500,0.0,0.0
2021-08-13 00:00:00-04:00,27.049999237060547,27.290000915527344,26.790000915527344,27.100000381469727,25.13186264038086,369000,0.0,0.0
2021-08-16 00:00:00-04:00,26.969999313354492,26.969999313354492,25.829999923706055,26.450000762939453,24.529069900512695,628300,0.0,0.0
2021-08-17 00:00:00-04:00,26.299999237060547,26.489999771118164,25.799999237060547,25.90999984741211,24.028287887573242,540700,0.0,0.0
2021-08-18 00:00:00-04:00,25.950000762939453,26.1200008392334,24.950000762939453,24.969999313354492,23.156551361083984,819800,0.0,0.0
2021-08-19 00:00:00-04:00,24.6299991607666,25.149999618530273,24.459999084472656,25.100000381469727,23.473588943481445,786900,0.209,0.0
2021-08-20 00:00:00-04:00,25.059999465942383,25.59000015258789,24.770000457763672,25.3700008392334,23.726093292236328,368400,0.0,0.0
2021-08-23 00:00:00-04:00,25.450000762939453,25.729999542236328,25.399999618530273,25.670000076293945,24.00665283203125,214500,0.0,0.0
2021-08-24 00:00:00-04:00,25.709999084472656,26.540000915527344,25.329999923706055,25.760000228881836,24.090822219848633,336900,0.0,0.0
2021-08-25 00:00:00-04:00,25.8799991607666,25.979999542236328,25.43000030517578,25.760000228881836,24.090822219848633,354700,0.0,0.0
2021-08-26 00:00:00-04:00,25.729999542236328,25.889999389648438,25.610000610351562,25.65999984741211,23.997303009033203,285100,0.0,0.0
2021-08-27 00:00:00-04:00,25.760000228881836,26.450000762939453,25.5,26.25,24.549070358276367,464100,0.0,0.0
2021-08-30 00:00:00-04:00,26.309999465942383,26.450000762939453,26.010000228881836,26.229999542236328,24.530366897583008,281900,0.0,0.0
2021-08-31 00:00:00-04:00,26.31999969482422,26.43000030517578,25.93000030517578,26.15999984741211,24.464902877807617,432500,0.0,0.0
2021-09-01 00:00:00-04:00,26.209999084472656,26.510000228881836,26.010000228881836,26.5,24.78287124633789,258600,0.0,0.0
2021-09-02 00:00:00-04:00,26.520000457763672,26.6299991607666,26.280000686645508,26.510000228881836,24.792226791381836,501700,0.0,0.0
2021-09-03 00:00:00-04:00,26.5,26.729999542236328,26.309999465942383,26.520000457763672,24.801576614379883,364600,0.0,0.0
2021-09-07 00:00:00-04:00,27.979999542236328,28.68000030517578,26.34000015258789,26.350000381469727,24.64259147644043,1990700,0.0,0.0
2021-09-08 00:00:00-04:00,26.260000228881836,27.0,25.760000228881836,26.729999542236328,24.997968673706055,779600,0.0,0.0
2021-09-09 00:00:00-04:00,26.809999465942383,27.139999389648438,26.600000381469727,26.65999984741211,24.93250274658203,808700,0.0,0.0
2021-09-10 00:00:00-04:00,26.809999465942383,26.809999465942383,26.34000015258789,26.389999389648438,24.679996490478516,554900,0.0,0.0
2021-09-13 00:00:00-04:00,26.530000686645508,27.06999969482422,25.93000030517578,26.260000228881836,24.55842399597168,926400,0.0,0.0
2021-09-14 00:00:00-04:00,26.25,26.709999084472656,26.1299991607666,26.5,24.78287124633789,933800,0.0,0.0
2021-09-15 00:00:00-04:00,26.3799991607666,26.920000076293945,26.0,26.280000686645508,24.577129364013672,920400,0.0,0.0
2021-09-16 00:00:00-04:00,26.190000534057617,26.360000610351562,25.829999923706055,25.950000762939453,24.268510818481445,1116500,0.0,0.0
2021-09-17 00:00:00-04:00,26.059999465942383,26.1200008392334,25.219999313354492,25.270000457763672,23.632572174072266,15342300,0.0,0.0
2021-09-20 00:00:00-04:00,24.8799991607666,25.329999923706055,24.649999618530273,25.010000228881836,23.389419555664062,850600,0.0,0.0
2021-09-21 00:00:00-04:00,25.049999237060547,25.3799991607666,24.760000228881836,24.760000228881836,23.155620574951172,946600,0.0,0.0
2021-09-22 00:00:00-04:00,27.110000610351562,27.110000610351562,24.389999389648438,24.6299991607666,23.034040451049805,1785100,0.0,0.0
2021-09-23 00:00:00-04:00,24.709999084472656,25.229999542236328,24.600000381469727,24.920000076293945,23.305252075195312,760700,0.0,0.0
2021-09-24 00:00:00-04:00,24.959999084472656,25.260000228881836,24.670000076293945,24.780000686645508,23.17432403564453,715700,0.0,0.0
2021-09-27 00:00:00-04:00,24.739999771118164,25.360000610351562,24.739999771118164,25.1299991607666,23.501644134521484,619200,0.0,0.0
2021-09-28 00:00:00-04:00,25.110000610351562,25.489999771118164,24.829999923706055,25.34000015258789,23.698036193847656,1683500,0.0,0.0
2021-09-29 00:00:00-04:00,25.290000915527344,25.520000457763672,25.079999923706055,25.5,23.847667694091797,666800,0.0,0.0
2021-09-30 00:00:00-04:00,25.540000915527344,25.540000915527344,24.760000228881836,24.989999771118164,23.370716094970703,647600,0.0,0.0
2021-10-01 00:00:00-04:00,25.030000686645508,25.610000610351562,24.780000686645508,25.440000534057617,23.79155731201172,702000,0.0,0.0
2021-10-04 00:00:00-04:00,25.399999618530273,25.670000076293945,25.040000915527344,25.190000534057617,23.557758331298828,780100,0.0,0.0
2021-10-05 00:00:00-04:00,25.170000076293945,25.459999084472656,25.040000915527344,25.06999969482422,23.44552993774414,695700,0.0,0.0
2021-10-06 00:00:00-04:00,24.899999618530273,25.100000381469727,24.260000228881836,24.790000915527344,23.18367576599121,567200,0.0,0.0
2021-10-07 00:00:00-04:00,24.8799991607666,25.329999923706055,24.739999771118164,25.049999237060547,23.426828384399414,790700,0.0,0.0
2021-10-08 00:00:00-04:00,25.079999923706055,25.260000228881836,24.719999313354492,24.850000381469727,23.239789962768555,529800,0.0,0.0
2021-10-11 00:00:00-04:00,24.850000381469727,25.1200008392334,24.170000076293945,24.209999084472656,22.64125633239746,444200,0.0,0.0
2021-10-12 00:00:00-04:00,24.18000030517578,24.260000228881836,23.15999984741211,23.520000457763672,21.995969772338867,1239700,0.0,0.0
2021-10-13 00:00:00-04:00,23.520000457763672,23.639999389648438,23.040000915527344,23.3700008392334,21.855688095092773,605100,0.0,0.0
2021-10-14 00:00:00-04:00,23.440000534057617,23.6200008392334,23.209999084472656,23.260000228881836,21.752817153930664,469000,0.0,0.0
2021-10-15 00:00:00-04:00,23.559999465942383,23.559999465942383,22.649999618530273,22.719999313354492,21.247804641723633,882000,0.0,0.0
2021-10-18 00:00:00-04:00,22.6200008392334,23.25,22.31999969482422,23.030000686645508,21.5377197265625,762100,0.0,0.0
2021-10-19 00:00:00-04:00,23.219999313354492,23.540000915527344,23.010000228881836,23.270000457763672,21.76216697692871,728800,0.0,0.0
2021-10-20 00:00:00-04:00,21.43000030517578,21.450000762939453,19.700000762939453,20.020000457763672,18.722759246826172,4543900,0.0,0.0
2021-10-21 00:00:00-04:00,19.8700008392334,21.079999923706055,19.829999923706055,20.079999923706055,18.778871536254883,2126100,0.0,0.0
2021-10-22 00:00:00-04:00,19.899999618530273,20.229999542236328,19.760000228881836,20.1299991607666,18.82562828063965,1089600,0.0,0.0
2021-10-25 00:00:00-04:00,20.200000762939453,20.280000686645508,19.850000381469727,19.940000534057617,18.647945404052734,1092300,0.0,0.0
2021-10-26 00:00:00-04:00,19.93000030517578,20.229999542236328,19.809999465942383,20.040000915527344,18.741464614868164,1479700,0.0,0.0
2021-10-27 00:00:00-04:00,20.049999237060547,20.149999618530273,18.770000457763672,18.899999618530273,17.675329208374023,1632100,0.0,0.0
2021-10-28 00:00:00-04:00,18.989999771118164,19.559999465942383,18.84000015258789,19.219999313354492,17.97459602355957,3375800,0.0,0.0
2021-10-29 00:00:00-04:00,19.270000457763672,19.3799991607666,18.81999969482422,19.190000534057617,17.94654083251953,1483300,0.0,0.0
2021-11-01 00:00:00-04:00,19.25,19.690000534057617,19.1200008392334,19.610000610351562,18.33932876586914,918200,0.0,0.0
2021-11-02 00:00:00-04:00,19.639999389648438,19.690000534057617,19.229999542236328,19.270000457763672,18.021358489990234,970500,0.0,0.0
2021-11-03 00:00:00-04:00,19.15999984741211,19.68000030517578,19.020000457763672,19.469999313354492,18.208396911621094,1088700,0.0,0.0
2021-11-04 00:00:00-04:00,19.6200008392334,19.729999542236328,19.360000610351562,19.389999389648438,18.133581161499023,1056100,0.0,0.0
2021-11-05 00:00:00-04:00,19.610000610351562,20.18000030517578,19.31999969482422,19.68000030517578,18.4047908782959,1773200,0.0,0.0
2021-11-08 00:00:00-05:00,19.760000228881836,19.979999542236328,19.309999465942383,19.34000015258789,18.086822509765625,662900,0.0,0.0
2021-11-09 00:00:00-05:00,19.3700008392334,19.420000076293945,18.84000015258789,19.209999084472656,17.965242385864258,1236700,0.0,0.0
2021-11-10 00:00:00-05:00,19.25,19.6299991607666,19.079999923706055,19.110000610351562,17.87172508239746,984800,0.0,0.0
2021-11-11 00:00:00-05:00,19.170000076293945,19.440000534057617,19.1299991607666,19.3700008392334,18.114877700805664,709200,0.0,0.0
2021-11-12 00:00:00-05:00,19.43000030517578,19.68000030517578,19.350000381469727,19.6299991607666,18.358028411865234,483500,0.0,0.0
2021-11-15 00:00:00-05:00,19.709999084472656,19.709999084472656,19.170000076293945,19.3700008392334,18.114877700805664,524300,0.0,0.0
2021-11-16 00:00:00-05:00,19.360000610351562,19.479999542236328,19.09000015258789,19.3799991607666,18.12422752380371,509200,0.0,0.0
2021-11-17 00:00:00-05:00,19.299999237060547,19.3700008392334,19.09000015258789,19.309999465942383,18.05876350402832,804200,0.0,0.0
2021-11-18 00:00:00-05:00,19.149999618530273,19.149999618530273,18.709999084472656,18.889999389648438,17.860212326049805,638000,0.21,0.0
2021-11-19 00:00:00-05:00,18.829999923706055,18.829999923706055,18.540000915527344,18.559999465942383,17.548200607299805,503400,0.0,0.0
2021-11-22 00:00:00-05:00,18.610000610351562,18.90999984741211,18.489999771118164,18.65999984741211,17.642751693725586,683600,0.0,0.0
2021-11-23 00:00:00-05:00,18.719999313354492,18.8700008392334,18.59000015258789,18.649999618530273,17.6332950592041,559300,0.0,0.0
2021-11-24 00:00:00-05:00,18.5,18.579999923706055,18.260000228881836,18.440000534057617,17.43474578857422,696100,0.0,0.0
2021-11-26 00:00:00-05:00,18.0,18.139999389648438,17.309999465942383,17.770000457763672,16.80126953125,550200,0.0,0.0
2021-11-29 00:00:00-05:00,17.8700008392334,18.18000030517578,17.399999618530273,18.010000228881836,17.028188705444336,1401600,0.0,0.0
2021-11-30 00:00:00-05:00,17.829999923706055,17.889999389648438,17.049999237060547,17.5,16.545988082885742,896700,0.0,0.0
2021-12-01 00:00:00-05:00,17.8799991607666,17.8799991607666,16.729999542236328,16.739999771118164,15.82741928100586,877300,0.0,0.0
2021-12-02 00:00:00-05:00,17.309999465942383,17.309999465942383,16.8799991607666,17.040000915527344,16.111064910888672,977000,0.0,0.0
2021-12-03 00:00:00-05:00,17.040000915527344,17.18000030517578,16.510000228881836,16.6200008392334,15.71396255493164,803600,0.0,0.0
2021-12-06 00:00:00-05:00,16.719999313354492,17.1299991607666,16.68000030517578,16.899999618530273,15.9786958694458,990300,0.0,0.0
2021-12-07 00:00:00-05:00,17.079999923706055,17.329999923706055,16.8799991607666,16.979999542236328,16.054336547851562,1173100,0.0,0.0
2021-12-08 00:00:00-05:00,17.010000228881836,17.139999389648438,16.790000915527344,16.8700008392334,15.950331687927246,531900,0.0,0.0
2021-12-09 00:00:00-05:00,16.719999313354492,16.969999313354492,16.450000762939453,16.479999542236328,15.581592559814453,583700,0.0,0.0
2021-12-10 00:00:00-05:00,16.56999969482422,16.610000610351562,16.25,16.540000915527344,15.638322830200195,563200,0.0,0.0
2021-12-13 00:00:00-05:00,16.530000686645508,17.020000457763672,16.43000030517578,16.959999084472656,16.035423278808594,1441000,0.0,0.0
2021-12-14 00:00:00-05:00,16.950000762939453,17.31999969482422,16.899999618530273,17.079999923706055,16.14888572692871,880900,0.0,0.0
2021-12-15 00:00:00-05:00,17.079999923706055,17.299999237060547,16.940000534057617,17.209999084472656,16.27179718017578,777400,0.0,0.0
2021-12-16 00:00:00-05:00,17.25,17.459999084472656,17.010000228881836,17.170000076293945,16.233976364135742,1006200,0.0,0.0
2021-12-17 00:00:00-05:00,17.280000686645508,17.31999969482422,16.799999237060547,17.170000076293945,16.233976364135742,2045300,0.0,0.0
2021-12-20 00:00:00-05:00,16.899999618530273,16.899999618530273,16.459999084472656,16.59000015258789,15.685598373413086,991600,0.0,0.0
2021-12-21 00:00:00-05:00,16.809999465942383,17.059999465942383,16.579999923706055,16.65999984741211,15.751781463623047,916100,0.0,0.0
2021-12-22 00:00:00-05:00,16.719999313354492,17.100000381469727,16.510000228881836,17.06999969482422,16.139427185058594,608200,0.0,0.0
2021-12-23 00:00:00-05:00,17.190000534057617,17.440000534057617,17.110000610351562,17.15999984741211,16.224523544311523,701300,0.0,0.0
2021-12-27 00:00:00-05:00,17.170000076293945,17.510000228881836,16.93000030517578,17.34000015258789,16.39470863342285,460000,0.0,0.0
2021-12-28 00:00:00-05:00,17.239999771118164,17.739999771118164,17.15999984741211,17.389999389648438,16.441986083984375,885300,0.0,0.0
2021-12-29 00:00:00-05:00,17.389999389648438,17.559999465942383,17.219999313354492,17.450000762939453,16.498714447021484,679700,0.0,0.0
2021-12-30 00:00:00-05:00,17.440000534057617,17.6299991607666,17.139999389648438,17.399999618530273,16.451438903808594,496000,0.0,0.0
2021-12-31 00:00:00-05:00,17.459999084472656,17.84000015258789,17.459999084472656,17.790000915527344,16.820178985595703,657400,0.0,0.0
2022-01-03 00:00:00-05:00,17.889999389648438,18.06999969482422,17.520000457763672,17.81999969482422,16.848543167114258,801300,0.0,0.0
2022-01-04 00:00:00-05:00,17.850000381469727,18.469999313354492,17.850000381469727,18.100000381469727,17.113279342651367,849500,0.0,0.0
2022-01-05 00:00:00-05:00,18.09000015258789,18.479999542236328,18.09000015258789,18.170000076293945,17.179462432861328,819600,0.0,0.0
2022-01-06 00:00:00-05:00,18.18000030517578,18.25,17.469999313354492,17.5,16.545988082885742,622000,0.0,0.0
2022-01-07 00:00:00-05:00,17.489999771118164,17.81999969482422,17.270000457763672,17.670000076293945,16.70672035217285,1603600,0.0,0.0
2022-01-10 00:00:00-05:00,17.719999313354492,18.170000076293945,17.510000228881836,18.15999984741211,17.170007705688477,694800,0.0,0.0
2022-01-11 00:00:00-05:00,18.219999313354492,18.239999771118164,17.450000762939453,18.040000915527344,17.056550979614258,1340400,0.0,0.0
2022-01-12 00:00:00-05:00,18.43000030517578,18.649999618530273,18.1200008392334,18.229999542236328,17.236190795898438,835400,0.0,0.0
2022-01-13 00:00:00-05:00,18.299999237060547,18.6299991607666,18.280000686645508,18.450000762939453,17.44420051574707,703700,0.0,0.0
2022-01-14 00:00:00-05:00,18.469999313354492,18.90999984741211,18.260000228881836,18.719999313354492,17.699480056762695,915500,0.0,0.0
2022-01-18 00:00:00-05:00,18.719999313354492,18.81999969482422,17.739999771118164,17.770000457763672,16.80126953125,1280400,0.0,0.0
2022-01-19 00:00:00-05:00,18.020000457763672,18.309999465942383,17.459999084472656,18.1299991607666,17.14164161682129,784200,0.0,0.0
2022-01-20 00:00:00-05:00,18.200000762939453,18.290000915527344,17.719999313354492,17.760000228881836,16.791812896728516,615000,0.0,0.0
2022-01-21 00:00:00-05:00,17.639999389648438,17.8799991607666,17.299999237060547,17.520000457763672,16.564899444580078,1062200,0.0,0.0
2022-01-24 00:00:00-05:00,17.43000030517578,18.049999237060547,17.260000228881836,18.010000228881836,17.028188705444336,981500,0.0,0.0
2022-01-25 00:00:00-05:00,18.040000915527344,18.350000381469727,17.459999084472656,18.010000228881836,17.028188705444336,1266600,0.0,0.0
2022-01-26 00:00:00-05:00,18.040000915527344,18.219999313354492,17.290000915527344,17.420000076293945,16.47035026550293,763400,0.0,0.0
2022-01-27 00:00:00-05:00,18.530000686645508,18.530000686645508,17.280000686645508,17.3700008392334,16.42307472229004,717900,0.0,0.0
2022-01-28 00:00:00-05:00,17.3799991607666,17.540000915527344,16.81999969482422,17.270000457763672,16.32852554321289,1217600,0.0,0.0
2022-01-31 00:00:00-05:00,17.299999237060547,18.34000015258789,17.299999237060547,18.190000534057617,17.198373794555664,2713600,0.0,0.0
2022-02-01 00:00:00-05:00,18.190000534057617,18.260000228881836,17.700000762939453,18.09000015258789,17.103824615478516,783800,0.0,0.0
2022-02-02 00:00:00-05:00,18.100000381469727,18.1200008392334,17.530000686645508,17.649999618530273,16.68781089782715,648200,0.0,0.0
2022-02-03 00:00:00-05:00,17.6299991607666,18.1299991607666,17.1200008392334,17.18000030517578,16.24343490600586,929300,0.0,0.0
2022-02-04 00:00:00-05:00,17.920000076293945,17.920000076293945,16.350000381469727,16.5,15.600503921508789,1233400,0.0,0.0
2022-02-07 00:00:00-05:00,16.540000915527344,16.75,16.010000228881836,16.1299991607666,15.250673294067383,1569000,0.0,0.0
2022-02-08 00:00:00-05:00,16.190000534057617,16.65999984741211,16.049999237060547,16.520000457763672,15.619413375854492,1441100,0.0,0.0
2022-02-09 00:00:00-05:00,15.039999961853027,17.670000076293945,14.800000190734863,16.969999313354492,16.044879913330078,2639600,0.0,0.0
2022-02-10 00:00:00-05:00,16.020000457763672,17.510000228881836,15.960000038146973,16.3700008392334,15.477590560913086,2262000,0.0,0.0
2022-02-11 00:00:00-05:00,16.440000534057617,16.510000228881836,15.850000381469727,15.989999771118164,15.118305206298828,1431700,0.0,0.0
2022-02-14 00:00:00-05:00,15.829999923706055,16.09000015258789,15.680000305175781,15.930000305175781,15.061576843261719,1398200,0.0,0.0
2022-02-15 00:00:00-05:00,16.530000686645508,16.530000686645508,15.819999694824219,16.25,15.36413288116455,1782400,0.0,0.0
2022-02-16 00:00:00-05:00,16.280000686645508,16.690000534057617,16.190000534057617,16.68000030517578,15.770689964294434,986800,0.0,0.0
2022-02-17 00:00:00-05:00,16.5,16.65999984741211,16.31999969482422,16.510000228881836,15.609956741333008,789100,0.0,0.0
2022-02-18 00:00:00-05:00,16.469999313354492,17.110000610351562,16.420000076293945,17.079999923706055,16.14888572692871,1330600,0.0,0.0
2022-02-22 00:00:00-05:00,17.049999237060547,17.190000534057617,16.649999618530273,16.899999618530273,15.9786958694458,1158000,0.0,0.0
2022-02-23 00:00:00-05:00,16.8799991607666,16.969999313354492,15.670000076293945,15.720000267028809,14.863025665283203,1280500,0.0,0.0
2022-02-24 00:00:00-05:00,15.390000343322754,15.699999809265137,14.75,15.649999618530273,14.998150825500488,1753800,0.211,0.0
2022-02-25 00:00:00-05:00,15.699999809265137,15.989999771118164,15.579999923706055,15.779999732971191,15.122736930847168,660200,0.0,0.0
2022-02-28 00:00:00-05:00,15.6899995803833,15.979999542236328,15.600000381469727,15.819999694824219,15.161069869995117,1173800,0.0,0.0
2022-03-01 00:00:00-05:00,15.779999732971191,16.09000015258789,15.279999732971191,15.59000015258789,14.940650939941406,820400,0.0,0.0
2022-03-02 00:00:00-05:00,15.670000076293945,15.869999885559082,15.569999694824219,15.59000015258789,14.940650939941406,921100,0.0,0.0
2022-03-03 00:00:00-05:00,15.65999984741211,15.84000015258789,15.489999771118164,15.819999694824219,15.161069869995117,698500,0.0,0.0
2022-03-04 00:00:00-05:00,15.680000305175781,16.25,15.579999923706055,16.25,15.573162078857422,1180500,0.0,0.0
2022-03-07 00:00:00-05:00,16.18000030517578,16.440000534057617,15.9399995803833,16.290000915527344,15.611495971679688,807000,0.0,0.0
2022-03-08 00:00:00-05:00,16.399999618530273,17.360000610351562,16.299999237060547,17.06999969482422,16.359004974365234,1362600,0.0,0.0
2022-03-09 00:00:00-05:00,17.280000686645508,17.290000915527344,16.90999984741211,17.09000015258789,16.378173828125,1198900,0.0,0.0
2022-03-10 00:00:00-05:00,16.8799991607666,17.15999984741211,16.5,16.989999771118164,16.282339096069336,540500,0.0,0.0
2022-03-11 00:00:00-05:00,17.18000030517578,17.469999313354492,17.049999237060547,17.229999542236328,16.512340545654297,878100,0.0,0.0
2022-03-14 00:00:00-04:00,17.399999618530273,17.950000762939453,17.15999984741211,17.440000534057617,16.713594436645508,1404300,0.0,0.0
2022-03-15 00:00:00-04:00,17.510000228881836,18.079999923706055,17.3700008392334,17.93000030517578,17.183185577392578,965700,0.0,0.0
2022-03-16 00:00:00-04:00,17.950000762939453,18.360000610351562,17.510000228881836,17.8799991607666,17.13526725769043,1568100,0.0,0.0
2022-03-17 00:00:00-04:00,17.90999984741211,18.18000030517578,17.799999237060547,17.829999923706055,17.087350845336914,1260000,0.0,0.0
2022-03-18 00:00:00-04:00,17.770000457763672,18.06999969482422,17.389999389648438,17.670000076293945,16.93401336669922,3885000,0.0,0.0
2022-03-21 00:00:00-04:00,17.75,17.920000076293945,17.329999923706055,17.5,16.771095275878906,1243700,0.0,0.0
2022-03-22 00:00:00-04:00,17.639999389648438,18.190000534057617,17.540000915527344,17.700000762939453,16.962766647338867,1148600,0.0,0.0
2022-03-23 00:00:00-04:00,17.700000762939453,18.010000228881836,17.350000381469727,17.40999984741211,16.684843063354492,627300,0.0,0.0
2022-03-24 00:00:00-04:00,17.5,17.6200008392334,17.350000381469727,17.59000015258789,16.85734748840332,404000,0.0,0.0
2022-03-25 00:00:00-04:00,17.719999313354492,17.809999465942383,17.43000030517578,17.579999923706055,16.847763061523438,535300,0.0,0.0
2022-03-28 00:00:00-04:00,17.530000686645508,17.940000534057617,17.40999984741211,17.639999389648438,16.905263900756836,769400,0.0,0.0
2022-03-29 00:00:00-04:00,17.670000076293945,18.75,17.670000076293945,18.65999984741211,17.882780075073242,1092900,0.0,0.0
2022-03-30 00:00:00-04:00,18.610000610351562,18.760000228881836,18.239999771118164,18.329999923706055,17.566524505615234,439200,0.0,0.0
2022-03-31 00:00:00-04:00,18.43000030517578,18.719999313354492,18.40999984741211,18.56999969482422,17.796527862548828,879400,0.0,0.0
2022-04-01 00:00:00-04:00,18.59000015258789,18.770000457763672,18.18000030517578,18.549999237060547,17.777360916137695,924800,0.0,0.0
2022-04-04 00:00:00-04:00,18.5,18.59000015258789,18.09000015258789,18.31999969482422,17.556941986083984,775500,0.0,0.0
2022-04-05 00:00:00-04:00,18.34000015258789,18.3799991607666,17.579999923706055,17.649999618530273,16.91484832763672,1162300,0.0,0.0
2022-04-06 00:00:00-04:00,17.59000015258789,17.90999984741211,17.43000030517578,17.729999542236328,16.99151611328125,834800,0.0,0.0
2022-04-07 00:00:00-04:00,17.899999618530273,18.200000762939453,17.559999465942383,17.8700008392334,17.12568473815918,1077200,0.0,0.0
2022-04-08 00:00:00-04:00,17.780000686645508,17.969999313354492,17.56999969482422,17.889999389648438,17.144851684570312,837800,0.0,0.0
2022-04-11 00:00:00-04:00,18.18000030517578,18.65999984741211,17.600000381469727,17.709999084472656,16.972349166870117,1255200,0.0,0.0
2022-04-12 00:00:00-04:00,17.299999237060547,17.59000015258789,17.010000228881836,17.270000457763672,16.550676345825195,1190700,0.0,0.0
2022-04-13 00:00:00-04:00,17.350000381469727,17.520000457763672,17.0,17.100000381469727,16.38775634765625,1132300,0.0,0.0
2022-04-14 00:00:00-04:00,17.100000381469727,17.200000762939453,16.719999313354492,17.110000610351562,16.397340774536133,882100,0.0,0.0
2022-04-18 00:00:00-04:00,16.899999618530273,17.239999771118164,16.610000610351562,16.829999923706055,16.129003524780273,1740100,0.0,0.0
2022-04-19 00:00:00-04:00,16.84000015258789,17.200000762939453,16.5,16.600000381469727,15.908581733703613,1463700,0.0,0.0
2022-04-20 00:00:00-04:00,17.959999084472656,20.540000915527344,17.5,19.90999984741211,19.08071517944336,5434800,0.0,0.0
2022-04-21 00:00:00-04:00,20.209999084472656,20.5,19.770000457763672,19.790000915527344,18.965715408325195,2240200,0.0,0.0
2022-04-22 00:00:00-04:00,19.56999969482422,20.010000228881836,19.139999389648438,19.15999984741211,18.361953735351562,1398300,0.0,0.0
2022-04-25 00:00:00-04:00,18.90999984741211,19.139999389648438,18.09000015258789,18.270000457763672,17.509023666381836,1150600,0.0,0.0
2022-04-26 00:00:00-04:00,18.1299991607666,18.18000030517578,17.31999969482422,17.3799991607666,16.656095504760742,1144800,0.0,0.0
2022-04-27 00:00:00-04:00,17.5,17.889999389648438,17.1299991607666,17.3799991607666,16.656095504760742,1280900,0.0,0.0
2022-04-28 00:00:00-04:00,17.43000030517578,18.010000228881836,17.31999969482422,17.799999237060547,17.0585994720459,672500,0.0,0.0
2022-04-29 00:00:00-04:00,17.639999389648438,17.799999237060547,17.020000457763672,17.09000015258789,16.378173828125,765200,0.0,0.0
2022-05-02 00:00:00-04:00,17.200000762939453,17.389999389648438,16.469999313354492,16.84000015258789,16.138586044311523,753900,0.0,0.0
2022-05-03 00:00:00-04:00,16.670000076293945,17.239999771118164,16.639999389648438,17.219999313354492,16.502758026123047,704900,0.0,0.0
2022-05-04 00:00:00-04:00,17.3700008392334,17.979999542236328,17.09000015258789,17.68000030517578,16.943599700927734,675400,0.0,0.0
2022-05-05 00:00:00-04:00,17.469999313354492,17.56999969482422,17.0,17.209999084472656,16.493173599243164,552700,0.0,0.0
2022-05-06 00:00:00-04:00,17.209999084472656,17.270000457763672,16.68000030517578,17.020000457763672,16.31109046936035,791700,0.0,0.0
2022-05-09 00:00:00-04:00,16.889999389648438,17.309999465942383,16.59000015258789,16.68000030517578,15.985250473022461,899800,0.0,0.0
2022-05-10 00:00:00-04:00,16.889999389648438,17.020000457763672,16.100000381469727,16.399999618530273,15.716912269592285,563800,0.0,0.0
2022-05-11 00:00:00-04:00,16.510000228881836,17.049999237060547,16.3700008392334,16.420000076293945,15.736080169677734,596800,0.0,0.0
2022-05-12 00:00:00-04:00,16.329999923706055,16.68000030517578,16.0,16.40999984741211,15.726495742797852,671900,0.0,0.0
2022-05-13 00:00:00-04:00,16.489999771118164,17.25,16.43000030517578,16.950000762939453,16.24400520324707,686600,0.0,0.0
2022-05-16 00:00:00-04:00,16.950000762939453,17.219999313354492,16.75,17.190000534057617,16.474008560180664,397700,0.0,0.0
2022-05-17 00:00:00-04:00,17.479999542236328,17.670000076293945,17.1299991607666,17.489999771118164,16.761510848999023,715000,0.0,0.0
2022-05-18 00:00:00-04:00,17.469999313354492,17.940000534057617,16.969999313354492,17.049999237060547,16.3398380279541,926100,0.0,0.0
2022-05-19 00:00:00-04:00,16.760000228881836,17.350000381469727,15.9399995803833,16.8700008392334,16.371864318847656,993100,0.213,0.0
2022-05-20 00:00:00-04:00,17.06999969482422,17.350000381469727,16.40999984741211,16.790000915527344,16.294227600097656,591400,0.0,0.0
2022-05-23 00:00:00-04:00,16.90999984741211,17.020000457763672,16.40999984741211,16.729999542236328,16.235998153686523,681100,0.0,0.0
2022-05-24 00:00:00-04:00,16.68000030517578,17.34000015258789,16.260000228881836,17.1299991607666,16.62418556213379,880700,0.0,0.0
2022-05-25 00:00:00-04:00,17.030000686645508,17.139999389648438,16.459999084472656,16.799999237060547,16.303930282592773,488100,0.0,0.0
2022-05-26 00:00:00-04:00,16.899999618530273,17.149999618530273,16.829999923706055,16.8700008392334,16.371864318847656,521800,0.0,0.0
2022-05-27 00:00:00-04:00,16.899999618530273,17.200000762939453,16.889999389648438,17.190000534057617,16.682416915893555,418700,0.0,0.0
2022-05-31 00:00:00-04:00,17.190000534057617,17.329999923706055,16.729999542236328,17.170000076293945,16.663005828857422,580300,0.0,0.0
2022-06-01 00:00:00-04:00,17.18000030517578,17.540000915527344,16.780000686645508,17.389999389648438,16.876510620117188,622400,0.0,0.0
2022-06-02 00:00:00-04:00,17.520000457763672,17.68000030517578,17.09000015258789,17.540000915527344,17.02208137512207,390100,0.0,0.0
2022-06-03 00:00:00-04:00,17.360000610351562,17.75,17.239999771118164,17.6200008392334,17.099720001220703,502600,0.0,0.0
2022-06-06 00:00:00-04:00,17.700000762939453,18.079999923706055,17.700000762939453,18.049999237060547,17.51702117919922,517100,0.0,0.0
2022-06-07 00:00:00-04:00,18.020000457763672,18.170000076293945,17.3700008392334,17.6200008392334,17.099720001220703,419800,0.0,0.0
2022-06-08 00:00:00-04:00,17.610000610351562,17.6200008392334,17.260000228881836,17.459999084472656,16.944442749023438,437500,0.0,0.0
2022-06-09 00:00:00-04:00,17.209999084472656,17.56999969482422,17.100000381469727,17.1200008392334,16.614484786987305,414800,0.0,0.0
2022-06-10 00:00:00-04:00,17.030000686645508,17.030000686645508,16.610000610351562,16.770000457763672,16.274818420410156,420700,0.0,0.0
2022-06-13 00:00:00-04:00,16.520000457763672,16.68000030517578,16.059999465942383,16.15999984741211,15.682829856872559,595200,0.0,0.0
2022-06-14 00:00:00-04:00,16.280000686645508,16.489999771118164,15.649999618530273,15.859999656677246,15.391687393188477,528600,0.0,0.0
2022-06-15 00:00:00-04:00,15.960000038146973,16.530000686645508,15.670000076293945,16.34000015258789,15.857514381408691,888400,0.0,0.0
2022-06-16 00:00:00-04:00,16.049999237060547,16.1200008392334,15.369999885559082,15.930000305175781,15.45962142944336,1102400,0.0,0.0
2022-06-17 00:00:00-04:00,16.270000457763672,16.719999313354492,16.06999969482422,16.18000030517578,15.702239036560059,1251700,0.0,0.0
2022-06-21 00:00:00-04:00,16.229999542236328,16.6299991607666,16.049999237060547,16.3700008392334,15.886629104614258,428800,0.0,0.0
2022-06-22 00:00:00-04:00,16.329999923706055,16.75,16.18000030517578,16.610000610351562,16.11954116821289,561400,0.0,0.0
2022-06-23 00:00:00-04:00,16.190000534057617,16.940000534057617,16.190000534057617,16.59000015258789,16.100133895874023,503100,0.0,0.0
2022-06-24 00:00:00-04:00,16.68000030517578,17.149999618530273,16.5,17.1299991607666,16.62418556213379,964500,0.0,0.0
2022-06-27 00:00:00-04:00,17.200000762939453,17.559999465942383,17.06999969482422,17.360000610351562,16.847396850585938,502600,0.0,0.0
2022-06-28 00:00:00-04:00,17.3700008392334,17.600000381469727,16.979999542236328,17.100000381469727,16.595073699951172,417000,0.0,0.0
2022-06-29 00:00:00-04:00,17.190000534057617,17.34000015258789,16.84000015258789,17.079999923706055,16.575664520263672,366200,0.0,0.0
2022-06-30 00:00:00-04:00,16.8700008392334,17.40999984741211,16.8700008392334,17.40999984741211,16.895917892456055,600200,0.0,0.0
2022-07-01 00:00:00-04:00,17.40999984741211,17.639999389648438,17.260000228881836,17.600000381469727,17.08030891418457,368200,0.0,0.0
2022-07-05 00:00:00-04:00,17.549999237060547,17.56999969482422,16.780000686645508,17.530000686645508,17.01237678527832,537700,0.0,0.0
2022-07-06 00:00:00-04:00,17.530000686645508,17.68000030517578,17.350000381469727,17.459999084472656,16.944442749023438,376400,0.0,0.0
2022-07-07 00:00:00-04:00,17.520000457763672,17.8799991607666,17.219999313354492,17.780000686645508,17.254995346069336,367900,0.0,0.0
2022-07-08 00:00:00-04:00,17.780000686645508,17.860000610351562,17.549999237060547,17.75,17.225879669189453,235600,0.0,0.0
2022-07-11 00:00:00-04:00,17.780000686645508,17.989999771118164,17.5,17.850000381469727,17.322927474975586,357600,0.0,0.0
2022-07-12 00:00:00-04:00,17.8700008392334,17.989999771118164,17.450000762939453,17.6200008392334,17.099720001220703,275400,0.0,0.0
2022-07-13 00:00:00-04:00,17.440000534057617,17.889999389648438,17.329999923706055,17.68000030517578,17.157947540283203,379300,0.0,0.0
2022-07-14 00:00:00-04:00,17.639999389648438,17.920000076293945,17.18000030517578,17.719999313354492,17.196765899658203,459600,0.0,0.0
2022-07-15 00:00:00-04:00,18.0,18.649999618530273,17.59000015258789,18.559999465942383,18.011960983276367,944800,0.0,0.0
2022-07-18 00:00:00-04:00,18.559999465942383,18.739999771118164,17.950000762939453,18.040000915527344,17.50731658935547,623100,0.0,0.0
2022-07-19 00:00:00-04:00,18.209999084472656,18.649999618530273,18.209999084472656,18.559999465942383,18.011960983276367,1073100,0.0,0.0
2022-07-20 00:00:00-04:00,18.270000457763672,18.68000030517578,15.359999656677246,15.550000190734863,15.090841293334961,2001900,0.0,0.0
2022-07-21 00:00:00-04:00,15.5600004196167,15.619999885559082,13.800000190734863,14.260000228881836,13.838932037353516,2266100,0.0,0.0
2022-07-22 00:00:00-04:00,14.300000190734863,14.399999618530273,13.84000015258789,13.930000305175781,13.5186767578125,1428500,0.0,0.0
2022-07-25 00:00:00-04:00,14.010000228881836,14.510000228881836,13.8100004196167,14.25,13.829228401184082,1152900,0.0,0.0
2022-07-26 00:00:00-04:00,14.130000114440918,14.5,14.100000381469727,14.149999618530273,13.73218059539795,587200,0.0,0.0
2022-07-27 00:00:00-04:00,14.15999984741211,14.34000015258789,13.84000015258789,14.210000038146973,13.790409088134766,1226700,0.0,0.0
2022-07-28 00:00:00-04:00,14.270000457763672,14.460000038146973,13.859999656677246,14.140000343322754,13.7224760055542,866200,0.0,0.0
2022-07-29 00:00:00-04:00,14.210000038146973,14.569999694824219,14.100000381469727,14.34000015258789,13.916570663452148,848900,0.0,0.0
2022-08-01 00:00:00-04:00,14.260000228881836,14.729999542236328,14.220000267028809,14.600000381469727,14.168893814086914,985900,0.0,0.0
2022-08-02 00:00:00-04:00,14.670000076293945,14.770000457763672,14.329999923706055,14.399999618530273,13.974798202514648,941500,0.0,0.0
2022-08-03 00:00:00-04:00,14.420000076293945,14.539999961853027,14.289999961853027,14.369999885559082,13.945684432983398,592700,0.0,0.0
2022-08-04 00:00:00-04:00,14.260000228881836,14.359999656677246,13.979999542236328,14.010000228881836,13.596314430236816,470200,0.0,0.0
2022-08-05 00:00:00-04:00,13.9399995803833,13.989999771118164,13.65999984741211,13.960000038146973,13.54779052734375,487900,0.0,0.0
2022-08-08 00:00:00-04:00,14.029999732971191,14.199999809265137,13.859999656677246,14.180000305175781,13.7612943649292,651000,0.0,0.0
2022-08-09 00:00:00-04:00,14.239999771118164,14.380000114440918,13.979999542236328,14.050000190734863,13.635133743286133,509300,0.0,0.0
2022-08-10 00:00:00-04:00,14.289999961853027,14.329999923706055,14.039999961853027,14.0600004196167,13.644838333129883,610700,0.0,0.0
2022-08-11 00:00:00-04:00,14.229999542236328,14.5600004196167,14.220000267028809,14.449999809265137,14.023322105407715,477300,0.0,0.0
2022-08-12 00:00:00-04:00,14.489999771118164,14.850000381469727,14.449999809265137,14.84000015258789,14.401805877685547,513300,0.0,0.0
2022-08-15 00:00:00-04:00,14.680000305175781,14.970000267028809,14.649999618530273,14.9399995803833,14.498852729797363,590000,0.0,0.0
2022-08-16 00:00:00-04:00,14.90999984741211,15.0600004196167,14.850000381469727,15.0,14.557082176208496,477000,0.0,0.0
2022-08-17 00:00:00-04:00,14.899999618530273,15.130000114440918,14.670000076293945,15.020000457763672,14.576491355895996,711100,0.0,0.0
2022-08-18 00:00:00-04:00,14.760000228881836,15.050000190734863,14.640000343322754,14.859999656677246,14.629653930664062,504700,0.214,0.0
2022-08-19 00:00:00-04:00,14.800000190734863,14.979999542236328,14.680000305175781,14.789999961853027,14.560738563537598,462500,0.0,0.0
2022-08-22 00:00:00-04:00,14.65999984741211,14.6899995803833,14.319999694824219,14.40999984741211,14.186629295349121,484700,0.0,0.0
2022-08-23 00:00:00-04:00,14.4399995803833,14.569999694824219,14.3100004196167,14.380000114440918,14.157094955444336,457400,0.0,0.0
2022-08-24 00:00:00-04:00,14.380000114440918,14.479999542236328,14.229999542236328,14.300000190734863,14.07833480834961,367700,0.0,0.0
2022-08-25 00:00:00-04:00,14.329999923706055,14.720000267028809,14.260000228881836,14.630000114440918,14.403219223022461,312200,0.0,0.0
2022-08-26 00:00:00-04:00,14.649999618530273,14.710000038146973,14.119999885559082,14.1899995803833,13.970039367675781,303900,0.0,0.0
2022-08-29 00:00:00-04:00,14.15999984741211,14.260000228881836,13.989999771118164,14.109999656677246,13.891279220581055,283200,0.0,0.0
2022-08-30 00:00:00-04:00,14.199999809265137,14.220000267028809,13.989999771118164,14.100000381469727,13.88143539428711,339600,0.0,0.0
2022-08-31 00:00:00-04:00,14.15999984741211,14.229999542236328,13.9399995803833,14.069999694824219,13.851899147033691,445400,0.0,0.0
2022-09-01 00:00:00-04:00,13.979999542236328,14.329999923706055,13.890000343322754,13.949999809265137,13.733759880065918,412800,0.0,0.0
2022-09-02 00:00:00-04:00,13.989999771118164,14.09000015258789,13.680000305175781,13.779999732971191,13.566394805908203,347600,0.0,0.0
2022-09-06 00:00:00-04:00,13.890000343322754,13.890000343322754,13.289999961853027,13.5600004196167,13.34980583190918,584700,0.0,0.0
2022-09-07 00:00:00-04:00,13.5600004196167,14.09000015258789,13.510000228881836,13.970000267028809,13.753450393676758,436600,0.0,0.0
2022-09-08 00:00:00-04:00,13.869999885559082,13.869999885559082,13.430000305175781,13.670000076293945,13.458100318908691,359500,0.0,0.0
2022-09-09 00:00:00-04:00,13.75,13.979999542236328,13.640000343322754,13.899999618530273,13.684535026550293,259300,0.0,0.0
2022-09-12 00:00:00-04:00,14.130000114440918,14.770000457763672,14.09000015258789,14.470000267028809,14.245699882507324,644900,0.0,0.0
2022-09-13 00:00:00-04:00,14.1899995803833,14.300000190734863,13.90999984741211,14.010000228881836,13.792830467224121,423800,0.0,0.0
2022-09-14 00:00:00-04:00,14.010000228881836,14.220000267028809,13.949999809265137,14.220000267028809,13.999574661254883,409500,0.0,0.0
2022-09-15 00:00:00-04:00,14.180000305175781,14.319999694824219,13.850000381469727,13.880000114440918,13.66484546661377,655600,0.0,0.0
2022-09-16 00:00:00-04:00,13.890000343322754,14.260000228881836,13.710000038146973,14.09000015258789,13.871589660644531,1577100,0.0,0.0
2022-09-19 00:00:00-04:00,13.880000114440918,14.079999923706055,13.819999694824219,14.039999961853027,13.822364807128906,450000,0.0,0.0
2022-09-20 00:00:00-04:00,13.850000381469727,13.899999618530273,13.640000343322754,13.699999809265137,13.487634658813477,429700,0.0,0.0
2022-09-21 00:00:00-04:00,13.800000190734863,13.970000267028809,13.489999771118164,13.510000228881836,13.300580978393555,531800,0.0,0.0
2022-09-22 00:00:00-04:00,13.539999961853027,13.630000114440918,13.119999885559082,13.210000038146973,13.005230903625488,378400,0.0,0.0
2022-09-23 00:00:00-04:00,13.140000343322754,13.229999542236328,12.640000343322754,12.869999885559082,12.670500755310059,565100,0.0,0.0
2022-09-26 00:00:00-04:00,12.800000190734863,13.149999618530273,12.600000381469727,12.630000114440918,12.434221267700195,626000,0.0,0.0
2022-09-27 00:00:00-04:00,12.720000267028809,13.09000015258789,12.180000305175781,12.300000190734863,12.109336853027344,1556400,0.0,0.0
2022-09-28 00:00:00-04:00,12.479999542236328,12.680000305175781,12.380000114440918,12.510000228881836,12.316082000732422,1240100,0.0,0.0
2022-09-29 00:00:00-04:00,12.489999771118164,12.489999771118164,12.069999694824219,12.130000114440918,11.941971778869629,776300,0.0,0.0
2022-09-30 00:00:00-04:00,12.220000267028809,12.470000267028809,11.970000267028809,12.09000015258789,11.902591705322266,947000,0.0,0.0
2022-10-03 00:00:00-04:00,12.239999771118164,12.319999694824219,12.010000228881836,12.149999618530273,11.961661338806152,955700,0.0,0.0
2022-10-04 00:00:00-04:00,12.359999656677246,12.789999961853027,12.289999961853027,12.65999984741211,12.463756561279297,727400,0.0,0.0
2022-10-05 00:00:00-04:00,12.5600004196167,12.630000114440918,12.130000114440918,12.4399995803833,12.24716567993164,598500,0.0,0.0
2022-10-06 00:00:00-04:00,12.420000076293945,12.489999771118164,12.229999542236328,12.289999961853027,12.099492073059082,470100,0.0,0.0
2022-10-07 00:00:00-04:00,12.149999618530273,12.199999809265137,11.979999542236328,12.140000343322754,11.951817512512207,501700,0.0,0.0
2022-10-10 00:00:00-04:00,12.170000076293945,12.479999542236328,12.079999923706055,12.470000267028809,12.276701927185059,438500,0.0,0.0
2022-10-11 00:00:00-04:00,12.449999809265137,12.59000015258789,12.270000457763672,12.510000228881836,12.316082000732422,727500,0.0,0.0
2022-10-12 00:00:00-04:00,12.65999984741211,12.65999984741211,12.100000381469727,12.449999809265137,12.257011413574219,682600,0.0,0.0
2022-10-13 00:00:00-04:00,12.270000457763672,12.970000267028809,12.170000076293945,12.84000015258789,12.640966415405273,563700,0.0,0.0
2022-10-14 00:00:00-04:00,12.920000076293945,12.930000305175781,12.609999656677246,12.630000114440918,12.434221267700195,368800,0.0,0.0
2022-10-17 00:00:00-04:00,12.829999923706055,13.09000015258789,12.789999961853027,12.920000076293945,12.7197265625,579300,0.0,0.0
2022-10-18 00:00:00-04:00,13.109999656677246,13.510000228881836,13.039999961853027,13.4399995803833,13.231664657592773,620700,0.0,0.0
2022-10-19 00:00:00-04:00,13.100000381469727,13.770000457763672,12.970000267028809,13.279999732971191,13.074145317077637,774900,0.0,0.0
2022-10-20 00:00:00-04:00,13.430000305175781,13.710000038146973,13.0600004196167,13.109999656677246,12.906780242919922,832900,0.0,0.0
2022-10-21 00:00:00-04:00,13.09000015258789,13.270000457763672,12.859999656677246,13.260000228881836,13.054455757141113,676100,0.0,0.0
2022-10-24 00:00:00-04:00,13.369999885559082,13.520000457763672,13.029999732971191,13.0600004196167,12.857556343078613,466900,0.0,0.0
2022-10-25 00:00:00-04:00,13.029999732971191,13.399999618530273,12.84000015258789,13.369999885559082,13.162750244140625,765500,0.0,0.0
2022-10-26 00:00:00-04:00,13.510000228881836,13.970000267028809,13.449999809265137,13.529999732971191,13.320270538330078,600200,0.0,0.0
2022-10-27 00:00:00-04:00,13.649999618530273,13.800000190734863,13.550000190734863,13.569999694824219,13.359649658203125,561500,0.0,0.0
2022-10-28 00:00:00-04:00,13.569999694824219,14.149999618530273,13.529999732971191,14.050000190734863,13.832209587097168,546600,0.0,0.0
2022-10-31 00:00:00-04:00,13.979999542236328,14.039999961853027,13.880000114440918,13.960000038146973,13.74360466003418,458800,0.0,0.0
2022-11-01 00:00:00-04:00,13.899999618530273,14.170000076293945,13.699999809265137,14.0600004196167,13.842055320739746,792500,0.0,0.0
2022-11-02 00:00:00-04:00,13.989999771118164,14.140000343322754,13.739999771118164,13.779999732971191,13.566394805908203,414400,0.0,0.0
2022-11-03 00:00:00-04:00,13.649999618530273,13.729999542236328,13.510000228881836,13.520000457763672,13.310425758361816,483500,0.0,0.0
2022-11-04 00:00:00-04:00,13.619999885559082,13.65999984741211,13.329999923706055,13.619999885559082,13.408875465393066,495600,0.0,0.0
2022-11-07 00:00:00-05:00,13.649999618530273,13.819999694824219,13.369999885559082,13.550000190734863,13.339960098266602,458000,0.0,0.0
2022-11-08 00:00:00-05:00,13.569999694824219,13.739999771118164,13.239999771118164,13.420000076293945,13.21197509765625,499600,0.0,0.0
2022-11-09 00:00:00-05:00,13.369999885559082,13.510000228881836,13.239999771118164,13.430000305175781,13.221820831298828,494500,0.0,0.0
2022-11-10 00:00:00-05:00,13.859999656677246,14.739999771118164,13.619999885559082,14.699999809265137,14.47213363647461,830500,0.0,0.0
2022-11-11 00:00:00-05:00,14.630000114440918,14.960000038146973,14.550000190734863,14.729999542236328,14.501668930053711,481100,0.0,0.0
2022-11-14 00:00:00-05:00,14.729999542236328,14.789999961853027,14.4399995803833,14.520000457763672,14.29492473602295,390400,0.0,0.0
2022-11-15 00:00:00-05:00,14.680000305175781,14.789999961853027,14.3100004196167,14.380000114440918,14.157094955444336,438100,0.0,0.0
2022-11-16 00:00:00-05:00,14.380000114440918,14.539999961853027,13.859999656677246,13.869999885559082,13.654999732971191,554900,0.0,0.0
2022-11-17 00:00:00-05:00,13.479999542236328,13.59000015258789,13.119999885559082,13.59000015258789,13.59000015258789,339400,0.215,0.0
2022-11-18 00:00:00-05:00,13.90999984741211,14.100000381469727,13.649999618530273,13.8100004196167,13.8100004196167,339100,0.0,0.0
2022-11-21 00:00:00-05:00,13.779999732971191,14.020000457763672,13.649999618530273,14.010000228881836,14.010000228881836,352600,0.0,0.0
2022-11-22 00:00:00-05:00,14.109999656677246,14.260000228881836,14.020000457763672,14.239999771118164,14.239999771118164,276100,0.0,0.0
2022-11-23 00:00:00-05:00,14.199999809265137,14.380000114440918,13.600000381469727,13.8100004196167,13.8100004196167,342500,0.0,0.0
2022-11-25 00:00:00-05:00,13.859999656677246,13.9399995803833,13.729999542236328,13.819999694824219,13.819999694824219,99100,0.0,0.0
2022-11-28 00:00:00-05:00,13.819999694824219,13.859999656677246,13.380000114440918,13.520000457763672,13.520000457763672,365400,0.0,0.0
2022-11-29 00:00:00-05:00,13.539999961853027,13.6899995803833,13.40999984741211,13.550000190734863,13.550000190734863,379400,0.0,0.0
2022-11-30 00:00:00-05:00,13.569999694824219,14.0,13.399999618530273,13.949999809265137,13.949999809265137,554700,0.0,0.0
2022-12-01 00:00:00-05:00,14.020000457763672,14.069999694824219,13.729999542236328,13.8100004196167,13.8100004196167,423200,0.0,0.0
2022-12-02 00:00:00-05:00,13.699999809265137,13.869999885559082,13.510000228881836,13.8100004196167,13.8100004196167,315200,0.0,0.0
2022-12-05 00:00:00-05:00,13.75,13.75,13.5600004196167,13.65999984741211,13.65999984741211,440200,0.0,0.0
2022-12-06 00:00:00-05:00,13.619999885559082,13.680000305175781,13.229999542236328,13.300000190734863,13.300000190734863,393700,0.0,0.0
2022-12-07 00:00:00-05:00,13.319999694824219,13.319999694824219,12.720000267028809,12.859999656677246,12.859999656677246,350600,0.0,0.0
2022-12-08 00:00:00-05:00,12.84000015258789,13.220000267028809,12.75,13.069999694824219,13.069999694824219,428400,0.0,0.0
2022-12-09 00:00:00-05:00,13.0600004196167,13.100000381469727,12.84000015258789,12.890000343322754,12.890000343322754,251400,0.0,0.0
2022-12-12 00:00:00-05:00,12.899999618530273,13.149999618530273,12.739999771118164,13.09000015258789,13.09000015258789,421800,0.0,0.0
2022-12-13 00:00:00-05:00,13.479999542236328,13.510000228881836,13.119999885559082,13.15999984741211,13.15999984741211,867700,0.0,0.0
2022-12-14 00:00:00-05:00,13.199999809265137,13.329999923706055,12.989999771118164,13.170000076293945,13.170000076293945,381000,0.0,0.0
2022-12-15 00:00:00-05:00,13.09000015258789,13.119999885559082,12.5600004196167,12.630000114440918,12.630000114440918,501000,0.0,0.0
2022-12-16 00:00:00-05:00,12.479999542236328,12.699999809265137,12.420000076293945,12.539999961853027,12.539999961853027,1421400,0.0,0.0
2022-12-19 00:00:00-05:00,12.569999694824219,12.770000457763672,12.359999656677246,12.5600004196167,12.5600004196167,448900,0.0,0.0
2022-12-20 00:00:00-05:00,12.5,12.550000190734863,12.34000015258789,12.34000015258789,12.34000015258789,289300,0.0,0.0
2022-12-21 00:00:00-05:00,12.479999542236328,12.569999694824219,12.270000457763672,12.319999694824219,12.319999694824219,464200,0.0,0.0
2022-12-22 00:00:00-05:00,12.220000267028809,12.260000228881836,11.550000190734863,12.100000381469727,12.100000381469727,604300,0.0,0.0
2022-12-23 00:00:00-05:00,12.130000114440918,12.319999694824219,11.979999542236328,12.239999771118164,12.239999771118164,393000,0.0,0.0
2022-12-27 00:00:00-05:00,12.270000457763672,12.279999732971191,12.029999732971191,12.100000381469727,12.100000381469727,299300,0.0,0.0
2022-12-28 00:00:00-05:00,12.130000114440918,12.170000076293945,11.930000305175781,12.0,12.0,456800,0.0,0.0
2022-12-29 00:00:00-05:00,12.069999694824219,12.220000267028809,12.0,12.119999885559082,12.119999885559082,376000,0.0,0.0
2022-12-30 00:00:00-05:00,12.029999732971191,12.09000015258789,11.84000015258789,12.0,12.0,430000,0.0,0.0
2023-01-03 00:00:00-05:00,12.130000114440918,12.510000228881836,12.039999961853027,12.5,12.5,607000,0.0,0.0
2023-01-04 00:00:00-05:00,12.579999923706055,12.729999542236328,12.420000076293945,12.680000305175781,12.680000305175781,345200,0.0,0.0
2023-01-05 00:00:00-05:00,12.630000114440918,12.640000343322754,12.369999885559082,12.420000076293945,12.420000076293945,320800,0.0,0.0
2023-01-06 00:00:00-05:00,12.470000267028809,13.050000190734863,12.470000267028809,13.020000457763672,13.020000457763672,477200,0.0,0.0
2023-01-09 00:00:00-05:00,13.069999694824219,13.1899995803833,12.9399995803833,13.0,13.0,425200,0.0,0.0
2023-01-10 00:00:00-05:00,12.989999771118164,13.180000305175781,12.8100004196167,13.140000343322754,13.140000343322754,280100,0.0,0.0
2023-01-11 00:00:00-05:00,13.25,13.630000114440918,13.25,13.520000457763672,13.520000457763672,451300,0.0,0.0
2023-01-12 00:00:00-05:00,13.640000343322754,13.640000343322754,13.359999656677246,13.489999771118164,13.489999771118164,348800,0.0,0.0
2023-01-13 00:00:00-05:00,13.40999984741211,13.819999694824219,13.40999984741211,13.770000457763672,13.770000457763672,351500,0.0,0.0
2023-01-17 00:00:00-05:00,13.729999542236328,13.859999656677246,13.630000114440918,13.680000305175781,13.680000305175781,306400,0.0,0.0
2023-01-18 00:00:00-05:00,13.800000190734863,13.850000381469727,13.399999618530273,13.399999618530273,13.399999618530273,338800,0.0,0.0
2023-01-19 00:00:00-05:00,13.329999923706055,13.380000114440918,12.989999771118164,13.0,13.0,474500,0.0,0.0
2023-01-20 00:00:00-05:00,13.079999923706055,13.260000228881836,12.760000228881836,13.239999771118164,13.239999771118164,452500,0.0,0.0
2023-01-23 00:00:00-05:00,13.260000228881836,13.420000076293945,13.130000114440918,13.170000076293945,13.170000076293945,384700,0.0,0.0
2023-01-24 00:00:00-05:00,13.210000038146973,13.34000015258789,13.010000228881836,13.239999771118164,13.239999771118164,339800,0.0,0.0
2023-01-25 00:00:00-05:00,13.270000457763672,13.279999732971191,12.979999542236328,13.279999732971191,13.279999732971191,406100,0.0,0.0
2023-01-26 00:00:00-05:00,13.399999618530273,13.460000038146973,12.930000305175781,13.079999923706055,13.079999923706055,489100,0.0,0.0
2023-01-27 00:00:00-05:00,13.109999656677246,13.220000267028809,13.029999732971191,13.079999923706055,13.079999923706055,458800,0.0,0.0
2023-01-30 00:00:00-05:00,13.09000015258789,13.140000343322754,12.890000343322754,12.979999542236328,12.979999542236328,590700,0.0,0.0
2023-01-31 00:00:00-05:00,13.0600004196167,13.65999984741211,12.989999771118164,13.470000267028809,13.470000267028809,4011600,0.0,0.0
2023-02-01 00:00:00-05:00,13.479999542236328,13.84000015258789,13.319999694824219,13.819999694824219,13.819999694824219,583500,0.0,0.0
2023-02-02 00:00:00-05:00,13.850000381469727,14.239999771118164,13.850000381469727,14.020000457763672,14.020000457763672,413600,0.0,0.0
2023-02-03 00:00:00-05:00,13.930000305175781,14.119999885559082,13.850000381469727,13.979999542236328,13.979999542236328,464200,0.0,0.0
2023-02-06 00:00:00-05:00,13.949999809265137,13.949999809265137,13.289999961853027,13.300000190734863,13.300000190734863,316300,0.0,0.0
2023-02-07 00:00:00-05:00,13.279999732971191,13.279999732971191,12.819999694824219,13.039999961853027,13.039999961853027,470600,0.0,0.0
2023-02-08 00:00:00-05:00,13.0,13.09000015258789,12.770000457763672,12.899999618530273,12.899999618530273,359800,0.0,0.0
2023-02-09 00:00:00-05:00,12.979999542236328,12.979999542236328,12.210000038146973,12.229999542236328,12.229999542236328,418400,0.0,0.0
2023-02-10 00:00:00-05:00,12.180000305175781,12.529999732971191,12.100000381469727,12.510000228881836,12.510000228881836,409400,0.0,0.0
2023-02-13 00:00:00-05:00,12.5600004196167,12.90999984741211,12.470000267028809,12.899999618530273,12.899999618530273,407800,0.0,0.0
2023-02-14 00:00:00-05:00,12.819999694824219,12.819999694824219,12.529999732971191,12.640000343322754,12.640000343322754,500100,0.0,0.0
2023-02-15 00:00:00-05:00,12.789999961853027,14.039999961853027,12.789999961853027,13.539999961853027,13.539999961853027,2372000,0.0,0.0
2023-02-16 00:00:00-05:00,12.550000190734863,13.6899995803833,12.550000190734863,13.539999961853027,13.539999961853027,2710400,0.0,0.0
2023-02-17 00:00:00-05:00,14.119999885559082,14.449999809265137,13.729999542236328,14.329999923706055,14.329999923706055,1883800,0.0,0.0
2023-02-21 00:00:00-05:00,14.170000076293945,14.770000457763672,14.140000343322754,14.470000267028809,14.470000267028809,1296100,0.0,0.0
2023-02-22 00:00:00-05:00,14.460000038146973,14.75,14.369999885559082,14.449999809265137,14.449999809265137,889900,0.0,0.0
2023-02-23 00:00:00-05:00,14.369999885559082,14.510000228881836,13.9399995803833,14.0600004196167,14.0600004196167,1036000,0.0,0.0
2023-02-24 00:00:00-05:00,13.949999809265137,13.949999809265137,13.270000457763672,13.720000267028809,13.720000267028809,1586900,0.0,0.0
2023-02-27 00:00:00-05:00,13.630000114440918,13.75,13.279999732971191,13.529999732971191,13.529999732971191,1200200,0.0,0.0
2023-02-28 00:00:00-05:00,13.399999618530273,13.470000267028809,13.239999771118164,13.270000457763672,13.270000457763672,1746100,0.0,0.0
2023-03-01 00:00:00-05:00,13.25,13.270000457763672,12.970000267028809,13.0600004196167,13.0600004196167,729600,0.0,0.0
2023-03-02 00:00:00-05:00,12.949999809265137,13.09000015258789,12.850000381469727,12.920000076293945,12.920000076293945,730700,0.0,0.0
2023-03-03 00:00:00-05:00,12.90999984741211,13.039999961853027,12.760000228881836,12.9399995803833,12.9399995803833,679000,0.0,0.0
2023-03-06 00:00:00-05:00,12.680000305175781,12.890000343322754,12.529999732971191,12.6899995803833,12.6899995803833,1028500,0.0,0.0
2023-03-07 00:00:00-05:00,12.710000038146973,12.739999771118164,12.34000015258789,12.4399995803833,12.4399995803833,846400,0.0,0.0
2023-03-08 00:00:00-05:00,12.479999542236328,12.680000305175781,12.34000015258789,12.539999961853027,12.539999961853027,546900,0.0,0.0
2023-03-09 00:00:00-05:00,12.59000015258789,12.600000381469727,12.279999732971191,12.34000015258789,12.34000015258789,552600,0.0,0.0
2023-03-10 00:00:00-05:00,12.300000190734863,12.300000190734863,11.920000076293945,12.0,12.0,1323300,0.0,0.0
2023-03-13 00:00:00-04:00,11.869999885559082,12.369999885559082,11.75,12.3100004196167,12.3100004196167,1801100,0.0,0.0
2023-03-14 00:00:00-04:00,12.609999656677246,12.90999984741211,12.40999984741211,12.890000343322754,12.890000343322754,1740800,0.0,0.0
2023-03-15 00:00:00-04:00,12.75,13.239999771118164,12.609999656677246,13.170000076293945,13.170000076293945,1726200,0.0,0.0
2023-03-16 00:00:00-04:00,13.100000381469727,13.380000114440918,12.979999542236328,13.3100004196167,13.3100004196167,1188100,0.0,0.0
2023-03-17 00:00:00-04:00,13.260000228881836,13.270000457763672,12.300000190734863,12.779999732971191,12.779999732971191,6609100,0.0,0.0
2023-03-20 00:00:00-04:00,12.729999542236328,13.069999694824219,12.630000114440918,12.65999984741211,12.65999984741211,1770600,0.0,0.0
2023-03-21 00:00:00-04:00,12.829999923706055,13.15999984741211,12.75,12.84000015258789,12.84000015258789,1000400,0.0,0.0
2023-03-22 00:00:00-04:00,12.84000015258789,12.930000305175781,12.529999732971191,12.569999694824219,12.569999694824219,1042900,0.0,0.0
2023-03-23 00:00:00-04:00,12.579999923706055,12.600000381469727,12.260000228881836,12.369999885559082,12.369999885559082,697000,0.0,0.0
2023-03-24 00:00:00-04:00,12.710000038146973,13.0600004196167,12.600000381469727,12.960000038146973,12.960000038146973,1090000,0.0,0.0
2023-03-27 00:00:00-04:00,13.020000457763672,13.5,12.960000038146973,13.479999542236328,13.479999542236328,739400,0.0,0.0
2023-03-28 00:00:00-04:00,13.460000038146973,13.5600004196167,13.289999961853027,13.449999809265137,13.449999809265137,602400,0.0,0.0
2023-03-29 00:00:00-04:00,13.569999694824219,13.75,13.460000038146973,13.5600004196167,13.5600004196167,637100,0.0,0.0
2023-03-30 00:00:00-04:00,13.579999923706055,13.770000457763672,13.550000190734863,13.739999771118164,13.739999771118164,560100,0.0,0.0
2023-03-31 00:00:00-04:00,13.8100004196167,14.25,13.779999732971191,13.869999885559082,13.869999885559082,1080600,0.0,0.0
2023-04-03 00:00:00-04:00,13.84000015258789,13.850000381469727,13.40999984741211,13.430000305175781,13.430000305175781,1025600,0.0,0.0
2023-04-04 00:00:00-04:00,13.399999618530273,13.529999732971191,13.329999923706055,13.399999618530273,13.399999618530273,824100,0.0,0.0
2023-04-05 00:00:00-04:00,13.3100004196167,13.819999694824219,13.3100004196167,13.729999542236328,13.729999542236328,1345600,0.0,0.0
2023-04-06 00:00:00-04:00,13.899999618530273,14.039999961853027,13.75,14.039999961853027,14.039999961853027,1051900,0.0,0.0
2023-04-10 00:00:00-04:00,13.90999984741211,14.369999885559082,13.90999984741211,14.329999923706055,14.329999923706055,1153600,0.0,0.0
2023-04-11 00:00:00-04:00,14.399999618530273,15.220000267028809,14.390000343322754,15.010000228881836,15.010000228881836,1407800,0.0,0.0
2023-04-12 00:00:00-04:00,15.109999656677246,15.239999771118164,14.649999618530273,14.680000305175781,14.680000305175781,714800,0.0,0.0
2023-04-13 00:00:00-04:00,14.75,14.890000343322754,14.6899995803833,14.800000190734863,14.800000190734863,741000,0.0,0.0
2023-04-14 00:00:00-04:00,14.800000190734863,15.0,14.600000381469727,14.779999732971191,14.779999732971191,635500,0.0,0.0
2023-04-17 00:00:00-04:00,14.779999732971191,14.949999809265137,14.699999809265137,14.75,14.75,683500,0.0,0.0
2023-04-18 00:00:00-04:00,14.770000457763672,14.8100004196167,14.529999732971191,14.59000015258789,14.59000015258789,585500,0.0,0.0
2023-04-19 00:00:00-04:00,14.5,14.520000457763672,14.300000190734863,14.359999656677246,14.359999656677246,517800,0.0,0.0
2023-04-20 00:00:00-04:00,14.229999542236328,14.239999771118164,13.670000076293945,13.890000343322754,13.890000343322754,750600,0.0,0.0
2023-04-21 00:00:00-04:00,13.890000343322754,14.180000305175781,13.84000015258789,14.15999984741211,14.15999984741211,528500,0.0,0.0
2023-04-24 00:00:00-04:00,14.1899995803833,14.34000015258789,14.140000343322754,14.270000457763672,14.270000457763672,767200,0.0,0.0
2023-04-25 00:00:00-04:00,14.140000343322754,14.220000267028809,13.59000015258789,13.880000114440918,13.880000114440918,783800,0.0,0.0
2023-04-26 00:00:00-04:00,13.949999809265137,15.15999984741211,13.739999771118164,14.920000076293945,14.920000076293945,2281500,0.0,0.0
2023-04-27 00:00:00-04:00,15.050000190734863,15.569999694824219,15.010000228881836,15.210000038146973,15.210000038146973,1630800,0.0,0.0
2023-04-28 00:00:00-04:00,15.270000457763672,15.970000267028809,15.140000343322754,15.609999656677246,15.609999656677246,1155500,0.0,0.0
2023-05-01 00:00:00-04:00,15.489999771118164,15.640000343322754,15.229999542236328,15.289999961853027,15.289999961853027,958100,0.0,0.0
2023-05-02 00:00:00-04:00,15.279999732971191,15.279999732971191,14.829999923706055,15.0600004196167,15.0600004196167,886700,0.0,0.0
2023-05-03 00:00:00-04:00,15.130000114440918,15.289999961853027,15.050000190734863,15.119999885559082,15.119999885559082,557000,0.0,0.0
2023-05-04 00:00:00-04:00,15.0,15.050000190734863,14.699999809265137,15.029999732971191,15.029999732971191,669300,0.0,0.0
2023-05-05 00:00:00-04:00,15.15999984741211,15.34000015258789,14.989999771118164,15.109999656677246,15.109999656677246,601900,0.0,0.0
2023-05-08 00:00:00-04:00,15.100000381469727,15.100000381469727,14.789999961853027,15.010000228881836,15.010000228881836,480200,0.0,0.0
2023-05-09 00:00:00-04:00,14.960000038146973,15.329999923706055,14.880000114440918,15.229999542236328,15.229999542236328,637800,0.0,0.0
2023-05-10 00:00:00-04:00,15.350000381469727,15.420000076293945,15.020000457763672,15.050000190734863,15.050000190734863,633100,0.0,0.0
2023-05-11 00:00:00-04:00,14.850000381469727,15.220000267028809,14.710000038146973,15.09000015258789,15.09000015258789,459800,0.0,0.0
2023-05-12 00:00:00-04:00,15.079999923706055,15.170000076293945,14.920000076293945,14.9399995803833,14.9399995803833,366500,0.0,0.0
2023-05-15 00:00:00-04:00,14.920000076293945,15.100000381469727,14.710000038146973,14.859999656677246,14.859999656677246,673000,0.0,0.0
2023-05-16 00:00:00-04:00,14.75,14.75,14.479999542236328,14.489999771118164,14.489999771118164,405300,0.0,0.0
2023-05-17 00:00:00-04:00,14.5600004196167,14.760000228881836,14.260000228881836,14.720000267028809,14.720000267028809,591800,0.0,0.0
2023-05-18 00:00:00-04:00,14.649999618530273,14.850000381469727,14.569999694824219,14.819999694824219,14.819999694824219,546300,0.0,0.0
2023-05-19 00:00:00-04:00,14.960000038146973,15.0,14.579999923706055,14.619999885559082,14.619999885559082,420500,0.0,0.0
2023-05-22 00:00:00-04:00,14.649999618530273,14.649999618530273,14.460000038146973,14.5,14.5,480300,0.0,0.0
2023-05-23 00:00:00-04:00,14.470000267028809,14.729999542236328,14.430000305175781,14.529999732971191,14.529999732971191,624500,0.0,0.0
2023-05-24 00:00:00-04:00,14.5,14.5600004196167,14.170000076293945,14.239999771118164,14.239999771118164,386400,0.0,0.0
2023-05-25 00:00:00-04:00,14.119999885559082,14.119999885559082,13.789999961853027,13.920000076293945,13.920000076293945,293500,0.0,0.0
2023-05-26 00:00:00-04:00,13.880000114440918,14.300000190734863,13.75,14.199999809265137,14.199999809265137,628100,0.0,0.0
2023-05-30 00:00:00-04:00,14.220000267028809,14.300000190734863,14.0600004196167,14.109999656677246,14.109999656677246,475300,0.0,0.0
2023-05-31 00:00:00-04:00,14.09000015258789,14.279999732971191,13.430000305175781,13.510000228881836,13.510000228881836,2155100,0.0,0.0
2023-06-01 00:00:00-04:00,13.569999694824219,13.770000457763672,13.359999656677246,13.460000038146973,13.460000038146973,783000,0.0,0.0
2023-06-02 00:00:00-04:00,13.5600004196167,13.960000038146973,13.510000228881836,13.920000076293945,13.920000076293945,879800,0.0,0.0
2023-06-05 00:00:00-04:00,13.859999656677246,13.869999885559082,13.470000267028809,13.649999618530273,13.649999618530273,585200,0.0,0.0
2023-06-06 00:00:00-04:00,13.649999618530273,13.9399995803833,13.5600004196167,13.779999732971191,13.779999732971191,667600,0.0,0.0
2023-06-07 00:00:00-04:00,13.859999656677246,14.279999732971191,13.859999656677246,14.140000343322754,14.140000343322754,581200,0.0,0.0
2023-06-08 00:00:00-04:00,14.09000015258789,14.220000267028809,13.880000114440918,14.149999618530273,14.149999618530273,544600,0.0,0.0
2023-06-09 00:00:00-04:00,14.149999618530273,14.149999618530273,13.970000267028809,14.130000114440918,14.130000114440918,473200,0.0,0.0
2023-06-12 00:00:00-04:00,13.930000305175781,14.8100004196167,13.930000305175781,14.399999618530273,14.399999618530273,781000,0.0,0.0
2023-06-13 00:00:00-04:00,14.399999618530273,14.640000343322754,14.279999732971191,14.5,14.5,772500,0.0,0.0
2023-06-14 00:00:00-04:00,14.449999809265137,14.65999984741211,14.420000076293945,14.619999885559082,14.619999885559082,610100,0.0,0.0
2023-06-15 00:00:00-04:00,14.529999732971191,14.600000381469727,14.220000267028809,14.430000305175781,14.430000305175781,750700,0.0,0.0
2023-06-16 00:00:00-04:00,14.460000038146973,14.539999961853027,14.270000457763672,14.529999732971191,14.529999732971191,1165200,0.0,0.0
2023-06-20 00:00:00-04:00,14.489999771118164,14.489999771118164,14.109999656677246,14.210000038146973,14.210000038146973,527800,0.0,0.0
2023-06-21 00:00:00-04:00,14.119999885559082,14.470000267028809,14.09000015258789,14.40999984741211,14.40999984741211,522600,0.0,0.0
2023-06-22 00:00:00-04:00,14.420000076293945,14.75,14.289999961853027,14.739999771118164,14.739999771118164,626300,0.0,0.0
2023-06-23 00:00:00-04:00,14.5600004196167,14.579999923706055,14.34000015258789,14.399999618530273,14.399999618530273,2221400,0.0,0.0
2023-06-26 00:00:00-04:00,14.390000343322754,14.579999923706055,14.180000305175781,14.1899995803833,14.1899995803833,709500,0.0,0.0
2023-06-27 00:00:00-04:00,14.289999961853027,14.710000038146973,14.199999809265137,14.65999984741211,14.65999984741211,444200,0.0,0.0
2023-06-28 00:00:00-04:00,14.579999923706055,14.6899995803833,14.479999542236328,14.680000305175781,14.680000305175781,353600,0.0,0.0
2023-06-29 00:00:00-04:00,14.640000343322754,14.890000343322754,14.600000381469727,14.890000343322754,14.890000343322754,331500,0.0,0.0
2023-06-30 00:00:00-04:00,15.020000457763672,15.140000343322754,14.899999618530273,14.930000305175781,14.930000305175781,460000,0.0,0.0
2023-07-03 00:00:00-04:00,14.850000381469727,15.010000228881836,14.789999961853027,14.859999656677246,14.859999656677246,153300,0.0,0.0
2023-07-05 00:00:00-04:00,14.859999656677246,15.130000114440918,14.829999923706055,14.890000343322754,14.890000343322754,727800,0.0,0.0
2023-07-06 00:00:00-04:00,14.720000267028809,14.729999542236328,14.430000305175781,14.520000457763672,14.520000457763672,469700,0.0,0.0
2023-07-07 00:00:00-04:00,14.520000457763672,14.65999984741211,14.489999771118164,14.489999771118164,14.489999771118164,304400,0.0,0.0
2023-07-10 00:00:00-04:00,14.460000038146973,14.569999694824219,14.1899995803833,14.229999542236328,14.229999542236328,397200,0.0,0.0
2023-07-11 00:00:00-04:00,14.260000228881836,14.430000305175781,14.260000228881836,14.34000015258789,14.34000015258789,598100,0.0,0.0
2023-07-12 00:00:00-04:00,14.5600004196167,14.640000343322754,14.3100004196167,14.34000015258789,14.34000015258789,1030300,0.0,0.0
2023-07-13 00:00:00-04:00,14.380000114440918,14.75,14.1899995803833,14.75,14.75,3002900,0.0,0.0
2023-07-14 00:00:00-04:00,14.6899995803833,14.979999542236328,14.579999923706055,14.800000190734863,14.800000190734863,689500,0.0,0.0
2023-07-17 00:00:00-04:00,14.720000267028809,14.720000267028809,14.220000267028809,14.229999542236328,14.229999542236328,731400,0.0,0.0
2023-07-18 00:00:00-04:00,14.25,14.619999885559082,14.119999885559082,14.619999885559082,14.619999885559082,994700,0.0,0.0
2023-07-19 00:00:00-04:00,14.649999618530273,15.029999732971191,14.489999771118164,14.9399995803833,14.9399995803833,1041000,0.0,0.0
2023-07-20 00:00:00-04:00,14.949999809265137,14.949999809265137,14.470000267028809,14.569999694824219,14.569999694824219,1221500,0.0,0.0
2023-07-21 00:00:00-04:00,14.609999656677246,14.800000190734863,14.420000076293945,14.520000457763672,14.520000457763672,2146700,0.0,0.0
2023-07-24 00:00:00-04:00,14.5,14.720000267028809,14.5,14.579999923706055,14.579999923706055,1095400,0.0,0.0
2023-07-25 00:00:00-04:00,14.600000381469727,14.8100004196167,14.489999771118164,14.6899995803833,14.6899995803833,779100,0.0,0.0
2023-07-26 00:00:00-04:00,13.84000015258789,13.869999885559082,12.289999961853027,12.5600004196167,12.5600004196167,3001500,0.0,0.0
2023-07-27 00:00:00-04:00,12.510000228881836,12.670000076293945,12.199999809265137,12.5,12.5,1503400,0.0,0.0
2023-07-28 00:00:00-04:00,12.59000015258789,12.880000114440918,12.460000038146973,12.5,12.5,997200,0.0,0.0
2023-07-31 00:00:00-04:00,12.510000228881836,12.920000076293945,12.470000267028809,12.609999656677246,12.609999656677246,731100,0.0,0.0
2023-08-01 00:00:00-04:00,12.550000190734863,12.600000381469727,12.289999961853027,12.529999732971191,12.529999732971191,650500,0.0,0.0
2023-08-02 00:00:00-04:00,12.359999656677246,12.850000381469727,12.319999694824219,12.760000228881836,12.760000228881836,1014100,0.0,0.0
2023-08-03 00:00:00-04:00,12.640000343322754,12.869999885559082,12.600000381469727,12.760000228881836,12.760000228881836,549100,0.0,0.0
2023-08-04 00:00:00-04:00,12.8100004196167,12.90999984741211,12.729999542236328,12.800000190734863,12.800000190734863,363100,0.0,0.0
2023-08-07 00:00:00-04:00,12.819999694824219,12.920000076293945,12.6899995803833,12.739999771118164,12.739999771118164,403700,0.0,0.0
2023-08-08 00:00:00-04:00,12.720000267028809,12.970000267028809,12.579999923706055,12.859999656677246,12.859999656677246,405800,0.0,0.0
2023-08-09 00:00:00-04:00,12.850000381469727,12.979999542236328,12.600000381469727,12.760000228881836,12.760000228881836,586700,0.0,0.0
2023-08-10 00:00:00-04:00,12.8100004196167,13.010000228881836,12.619999885559082,12.739999771118164,12.739999771118164,592000,0.0,0.0
2023-08-11 00:00:00-04:00,12.699999809265137,12.829999923706055,12.670000076293945,12.819999694824219,12.819999694824219,322600,0.0,0.0
2023-08-14 00:00:00-04:00,12.770000457763672,12.90999984741211,12.6899995803833,12.869999885559082,12.869999885559082,424200,0.0,0.0
2023-08-15 00:00:00-04:00,12.779999732971191,12.789999961853027,12.550000190734863,12.640000343322754,12.640000343322754,365900,0.0,0.0
2023-08-16 00:00:00-04:00,12.640000343322754,12.760000228881836,12.479999542236328,12.479999542236328,12.479999542236328,231500,0.0,0.0
2023-08-17 00:00:00-04:00,12.470000267028809,12.520000457763672,12.3100004196167,12.40999984741211,12.40999984741211,276600,0.0,0.0
2023-08-18 00:00:00-04:00,12.319999694824219,12.510000228881836,12.319999694824219,12.399999618530273,12.399999618530273,369300,0.0,0.0
2023-08-21 00:00:00-04:00,12.369999885559082,12.420000076293945,12.15999984741211,12.1899995803833,12.1899995803833,307900,0.0,0.0
2023-08-22 00:00:00-04:00,12.1899995803833,12.270000457763672,12.039999961853027,12.100000381469727,12.100000381469727,293100,0.0,0.0
2023-08-23 00:00:00-04:00,12.09000015258789,12.25,12.039999961853027,12.140000343322754,12.140000343322754,298600,0.0,0.0
2023-08-24 00:00:00-04:00,12.100000381469727,12.130000114440918,11.59000015258789,11.670000076293945,11.670000076293945,681000,0.0,0.0
2023-08-25 00:00:00-04:00,11.720000267028809,11.899999618530273,11.65999984741211,11.6899995803833,11.6899995803833,431600,0.0,0.0
2023-08-28 00:00:00-04:00,11.729999542236328,11.979999542236328,11.65999984741211,11.710000038146973,11.710000038146973,333100,0.0,0.0
2023-08-29 00:00:00-04:00,11.670000076293945,11.75,11.609999656677246,11.65999984741211,11.65999984741211,329300,0.0,0.0
2023-08-30 00:00:00-04:00,11.619999885559082,11.680000305175781,11.479999542236328,11.609999656677246,11.609999656677246,609300,0.0,0.0
2023-08-31 00:00:00-04:00,11.640000343322754,11.789999961853027,11.529999732971191,11.550000190734863,11.550000190734863,588500,0.0,0.0
2023-09-01 00:00:00-04:00,11.600000381469727,11.779999732971191,11.600000381469727,11.739999771118164,11.739999771118164,455800,0.0,0.0
2023-09-05 00:00:00-04:00,11.65999984741211,11.65999984741211,11.069999694824219,11.3100004196167,11.3100004196167,528800,0.0,0.0
2023-09-06 00:00:00-04:00,11.279999732971191,11.380000114440918,11.109999656677246,11.180000305175781,11.180000305175781,356400,0.0,0.0
2023-09-07 00:00:00-04:00,11.119999885559082,11.130000114440918,10.880000114440918,11.069999694824219,11.069999694824219,559400,0.0,0.0
2023-09-08 00:00:00-04:00,11.0600004196167,11.119999885559082,10.890000343322754,11.010000228881836,11.010000228881836,998300,0.0,0.0
2023-09-11 00:00:00-04:00,11.039999961853027,11.119999885559082,10.920000076293945,10.949999809265137,10.949999809265137,854200,0.0,0.0
2023-09-12 00:00:00-04:00,10.949999809265137,11.039999961853027,10.640000343322754,10.760000228881836,10.760000228881836,616200,0.0,0.0
2023-09-13 00:00:00-04:00,10.789999961853027,10.829999923706055,10.550000190734863,10.5600004196167,10.5600004196167,644800,0.0,0.0
2023-09-14 00:00:00-04:00,10.65999984741211,10.859999656677246,10.59000015258789,10.779999732971191,10.779999732971191,1308400,0.0,0.0
2023-09-15 00:00:00-04:00,10.779999732971191,10.869999885559082,10.520000457763672,10.600000381469727,10.600000381469727,2889100,0.0,0.0
2023-09-18 00:00:00-04:00,10.600000381469727,10.680000305175781,10.449999809265137,10.619999885559082,10.619999885559082,856500,0.0,0.0
2023-09-19 00:00:00-04:00,10.65999984741211,10.90999984741211,10.65999984741211,10.84000015258789,10.84000015258789,1003800,0.0,0.0
2023-09-20 00:00:00-04:00,10.890000343322754,10.989999771118164,10.720000267028809,10.770000457763672,10.770000457763672,580200,0.0,0.0
2023-09-21 00:00:00-04:00,10.720000267028809,10.789999961853027,10.4399995803833,10.489999771118164,10.489999771118164,522100,0.0,0.0
2023-09-22 00:00:00-04:00,10.5,10.609999656677246,10.359999656677246,10.420000076293945,10.420000076293945,807200,0.0,0.0
2023-09-25 00:00:00-04:00,10.399999618530273,10.720000267028809,10.350000381469727,10.720000267028809,10.720000267028809,1039700,0.0,0.0
2023-09-26 00:00:00-04:00,10.680000305175781,10.9399995803833,10.59000015258789,10.65999984741211,10.65999984741211,995300,0.0,0.0
2023-09-27 00:00:00-04:00,10.699999809265137,10.75,10.529999732971191,10.710000038146973,10.710000038146973,592900,0.0,0.0
2023-09-28 00:00:00-04:00,10.710000038146973,10.850000381469727,10.539999961853027,10.59000015258789,10.59000015258789,943000,0.0,0.0
2023-09-29 00:00:00-04:00,10.710000038146973,10.779999732971191,10.399999618530273,10.430000305175781,10.430000305175781,945200,0.0,0.0
2023-10-02 00:00:00-04:00,10.399999618530273,10.40999984741211,10.199999809265137,10.300000190734863,10.300000190734863,624700,0.0,0.0
2023-10-03 00:00:00-04:00,10.300000190734863,10.430000305175781,10.140000343322754,10.239999771118164,10.239999771118164,843200,0.0,0.0
2023-10-04 00:00:00-04:00,10.279999732971191,10.369999885559082,10.140000343322754,10.34000015258789,10.34000015258789,843400,0.0,0.0
2023-10-05 00:00:00-04:00,10.319999694824219,10.4399995803833,10.210000038146973,10.319999694824219,10.319999694824219,501700,0.0,0.0
2023-10-06 00:00:00-04:00,10.260000228881836,10.390000343322754,10.140000343322754,10.289999961853027,10.289999961853027,354500,0.0,0.0
2023-10-09 00:00:00-04:00,10.199999809265137,10.229999542236328,10.069999694824219,10.100000381469727,10.100000381469727,539600,0.0,0.0
2023-10-10 00:00:00-04:00,10.130000114440918,10.369999885559082,10.100000381469727,10.229999542236328,10.229999542236328,699800,0.0,0.0
2023-10-11 00:00:00-04:00,10.25,10.390000343322754,10.010000228881836,10.029999732971191,10.029999732971191,444200,0.0,0.0
2023-10-12 00:00:00-04:00,10.0,10.149999618530273,9.6899995803833,9.880000114440918,9.880000114440918,948800,0.0,0.0
2023-10-13 00:00:00-04:00,9.819999694824219,10.109999656677246,9.789999961853027,10.050000190734863,10.050000190734863,1192100,0.0,0.0
2023-10-16 00:00:00-04:00,10.149999618530273,10.229999542236328,9.979999542236328,10.15999984741211,10.15999984741211,1363900,0.0,0.0
2023-10-17 00:00:00-04:00,10.130000114440918,10.369999885559082,10.130000114440918,10.319999694824219,10.319999694824219,473200,0.0,0.0
2023-10-18 00:00:00-04:00,10.239999771118164,10.420000076293945,10.050000190734863,10.300000190734863,10.300000190734863,1007100,0.0,0.0
2023-10-19 00:00:00-04:00,10.279999732971191,10.34000015258789,10.09000015258789,10.1899995803833,10.1899995803833,948500,0.0,0.0
2023-10-20 00:00:00-04:00,10.220000267028809,10.220000267028809,9.930000305175781,9.970000267028809,9.970000267028809,528400,0.0,0.0
2023-10-23 00:00:00-04:00,9.920000076293945,10.0,9.770000457763672,9.90999984741211,9.90999984741211,977600,0.0,0.0
2023-10-24 00:00:00-04:00,9.90999984741211,10.020000457763672,9.8100004196167,9.90999984741211,9.90999984741211,1985200,0.0,0.0
2023-10-25 00:00:00-04:00,9.6899995803833,9.970000267028809,8.75,8.970000267028809,8.970000267028809,1853300,0.0,0.0
2023-10-26 00:00:00-04:00,8.979999542236328,10.029999732971191,8.9399995803833,9.720000267028809,9.720000267028809,1788600,0.0,0.0
2023-10-27 00:00:00-04:00,9.640000343322754,9.920000076293945,9.5,9.59000015258789,9.59000015258789,1373600,0.0,0.0
2023-10-30 00:00:00-04:00,9.65999984741211,9.770000457763672,9.25,9.289999961853027,9.289999961853027,1084100,0.0,0.0
2023-10-31 00:00:00-04:00,9.34000015258789,9.539999961853027,9.180000305175781,9.5,9.5,1244600,0.0,0.0
2023-11-01 00:00:00-04:00,9.510000228881836,9.760000228881836,9.279999732971191,9.619999885559082,9.619999885559082,774200,0.0,0.0
2023-11-02 00:00:00-04:00,9.819999694824219,9.920000076293945,9.699999809265137,9.850000381469727,9.850000381469727,1454600,0.0,0.0
2023-11-03 00:00:00-04:00,10.029999732971191,10.220000267028809,9.989999771118164,10.039999961853027,10.039999961853027,506800,0.0,0.0
2023-11-06 00:00:00-05:00,9.970000267028809,9.989999771118164,9.6899995803833,9.800000190734863,9.800000190734863,425200,0.0,0.0
2023-11-07 00:00:00-05:00,9.760000228881836,9.859999656677246,9.65999984741211,9.739999771118164,9.739999771118164,1240800,0.0,0.0
2023-11-08 00:00:00-05:00,9.6899995803833,9.890000343322754,9.630000114440918,9.819999694824219,9.819999694824219,953200,0.0,0.0
2023-11-09 00:00:00-05:00,9.850000381469727,9.850000381469727,9.460000038146973,9.479999542236328,9.479999542236328,307700,0.0,0.0
2023-11-10 00:00:00-05:00,9.550000190734863,9.649999618530273,9.369999885559082,9.529999732971191,9.529999732971191,349900,0.0,0.0
2023-11-13 00:00:00-05:00,9.40999984741211,9.760000228881836,9.34000015258789,9.670000076293945,9.670000076293945,565100,0.0,0.0
2023-11-14 00:00:00-05:00,9.899999618530273,10.020000457763672,9.819999694824219,10.010000228881836,10.010000228881836,410500,0.0,0.0
2023-11-15 00:00:00-05:00,10.029999732971191,10.279999732971191,10.029999732971191,10.1899995803833,10.1899995803833,520300,0.0,0.0
2023-11-16 00:00:00-05:00,10.140000343322754,10.140000343322754,9.970000267028809,10.119999885559082,10.119999885559082,341800,0.0,0.0
2023-11-17 00:00:00-05:00,10.149999618530273,10.289999961853027,10.0600004196167,10.069999694824219,10.069999694824219,468200,0.0,0.0
2023-11-20 00:00:00-05:00,10.020000457763672,10.3100004196167,9.890000343322754,10.25,10.25,603600,0.0,0.0
2023-11-21 00:00:00-05:00,10.140000343322754,10.140000343322754,9.930000305175781,9.9399995803833,9.9399995803833,373800,0.0,0.0
2023-11-22 00:00:00-05:00,10.020000457763672,10.069999694824219,9.920000076293945,9.9399995803833,9.9399995803833,305600,0.0,0.0
2023-11-24 00:00:00-05:00,9.920000076293945,10.130000114440918,9.869999885559082,10.010000228881836,10.010000228881836,208900,0.0,0.0
2023-11-27 00:00:00-05:00,9.9399995803833,10.020000457763672,9.829999923706055,9.960000038146973,9.960000038146973,364100,0.0,0.0
2023-11-28 00:00:00-05:00,9.9399995803833,9.949999809265137,9.739999771118164,9.890000343322754,9.890000343322754,851100,0.0,0.0
2023-11-29 00:00:00-05:00,9.930000305175781,10.010000228881836,9.760000228881836,9.770000457763672,9.770000457763672,784400,0.0,0.0
2023-11-30 00:00:00-05:00,9.75,9.779999732971191,9.5600004196167,9.710000038146973,9.710000038146973,1083100,0.0,0.0
2023-12-01 00:00:00-05:00,9.619999885559082,10.020000457763672,9.600000381469727,10.0,10.0,1206200,0.0,0.0
2023-12-04 00:00:00-05:00,9.960000038146973,10.1899995803833,9.90999984741211,10.09000015258789,10.09000015258789,657500,0.0,0.0
2023-12-05 00:00:00-05:00,10.09000015258789,10.119999885559082,9.789999961853027,9.9399995803833,9.9399995803833,448700,0.0,0.0
2023-12-06 00:00:00-05:00,9.979999542236328,10.039999961853027,9.779999732971191,9.800000190734863,9.800000190734863,528400,0.0,0.0
2023-12-07 00:00:00-05:00,9.829999923706055,9.949999809265137,9.699999809265137,9.920000076293945,9.920000076293945,870500,0.0,0.0
2023-12-08 00:00:00-05:00,9.880000114440918,10.010000228881836,9.789999961853027,9.8100004196167,9.8100004196167,455000,0.0,0.0
2023-12-11 00:00:00-05:00,9.75,9.899999618530273,9.720000267028809,9.819999694824219,9.819999694824219,854200,0.0,0.0
2023-12-12 00:00:00-05:00,9.850000381469727,9.949999809265137,9.649999618530273,9.899999618530273,9.899999618530273,565700,0.0,0.0
2023-12-13 00:00:00-05:00,9.850000381469727,10.229999542236328,9.760000228881836,10.220000267028809,10.220000267028809,899700,0.0,0.0
2023-12-14 00:00:00-05:00,10.359999656677246,10.449999809265137,10.0600004196167,10.130000114440918,10.130000114440918,768400,0.0,0.0
2023-12-15 00:00:00-05:00,10.149999618530273,10.149999618530273,9.880000114440918,10.020000457763672,10.020000457763672,1876800,0.0,0.0
2023-12-18 00:00:00-05:00,10.039999961853027,10.170000076293945,9.850000381469727,9.899999618530273,9.899999618530273,561100,0.0,0.0
2023-12-19 00:00:00-05:00,9.960000038146973,10.260000228881836,9.960000038146973,10.210000038146973,10.210000038146973,644100,0.0,0.0
2023-12-20 00:00:00-05:00,10.210000038146973,10.369999885559082,10.029999732971191,10.029999732971191,10.029999732971191,700100,0.0,0.0
2023-12-21 00:00:00-05:00,10.100000381469727,10.199999809265137,10.039999961853027,10.180000305175781,10.180000305175781,446200,0.0,0.0
2023-12-22 00:00:00-05:00,10.239999771118164,10.399999618530273,10.229999542236328,10.319999694824219,10.319999694824219,485400,0.0,0.0
2023-12-26 00:00:00-05:00,10.359999656677246,10.420000076293945,10.220000267028809,10.350000381469727,10.350000381469727,312600,0.0,0.0
2023-12-27 00:00:00-05:00,10.390000343322754,10.40999984741211,10.279999732971191,10.3100004196167,10.3100004196167,391200,0.0,0.0
2023-12-28 00:00:00-05:00,10.300000190734863,10.449999809265137,10.260000228881836,10.369999885559082,10.369999885559082,335400,0.0,0.0
2023-12-29 00:00:00-05:00,10.350000381469727,10.5,10.260000228881836,10.369999885559082,10.369999885559082,413400,0.0,0.0
2024-01-02 00:00:00-05:00,10.3100004196167,10.770000457763672,10.180000305175781,10.640000343322754,10.640000343322754,1107800,0.0,0.0
2024-01-03 00:00:00-05:00,10.600000381469727,11.270000457763672,10.350000381469727,10.359999656677246,10.359999656677246,1561200,0.0,0.0
2024-01-04 00:00:00-05:00,10.380000114440918,10.40999984741211,10.199999809265137,10.260000228881836,10.260000228881836,544800,0.0,0.0
2024-01-05 00:00:00-05:00,10.15999984741211,10.300000190734863,10.0600004196167,10.0600004196167,10.0600004196167,532700,0.0,0.0
2024-01-08 00:00:00-05:00,10.010000228881836,10.380000114440918,10.010000228881836,10.3100004196167,10.3100004196167,533400,0.0,0.0
2024-01-09 00:00:00-05:00,10.199999809265137,10.25,10.079999923706055,10.149999618530273,10.149999618530273,445800,0.0,0.0
2024-01-10 00:00:00-05:00,10.119999885559082,10.220000267028809,10.039999961853027,10.220000267028809,10.220000267028809,555100,0.0,0.0
2024-01-11 00:00:00-05:00,10.15999984741211,10.180000305175781,10.050000190734863,10.140000343322754,10.140000343322754,409700,0.0,0.0
2024-01-12 00:00:00-05:00,10.260000228881836,10.390000343322754,9.90999984741211,9.90999984741211,9.90999984741211,378200,0.0,0.0
2024-01-16 00:00:00-05:00,9.869999885559082,9.899999618530273,9.720000267028809,9.760000228881836,9.760000228881836,515000,0.0,0.0
2024-01-17 00:00:00-05:00,9.65999984741211,9.770000457763672,9.520000457763672,9.5600004196167,9.5600004196167,359800,0.0,0.0
2024-01-18 00:00:00-05:00,9.59000015258789,9.729999542236328,9.470000267028809,9.720000267028809,9.720000267028809,678800,0.0,0.0
2024-01-19 00:00:00-05:00,9.789999961853027,9.789999961853027,9.569999694824219,9.579999923706055,9.579999923706055,385600,0.0,0.0
2024-01-22 00:00:00-05:00,9.640000343322754,9.880000114440918,9.4399995803833,9.859999656677246,9.859999656677246,473800,0.0,0.0
2024-01-23 00:00:00-05:00,9.949999809265137,10.010000228881836,9.65999984741211,9.779999732971191,9.779999732971191,373100,0.0,0.0
2024-01-24 00:00:00-05:00,9.90999984741211,9.90999984741211,9.4399995803833,9.619999885559082,9.619999885559082,320300,0.0,0.0
2024-01-25 00:00:00-05:00,9.720000267028809,9.819999694824219,9.5600004196167,9.619999885559082,9.619999885559082,332500,0.0,0.0
2024-01-26 00:00:00-05:00,9.729999542236328,9.800000190734863,9.5600004196167,9.75,9.75,523000,0.0,0.0
2024-01-29 00:00:00-05:00,9.739999771118164,9.8100004196167,9.609999656677246,9.800000190734863,9.800000190734863,370500,0.0,0.0
2024-01-30 00:00:00-05:00,9.789999961853027,9.8100004196167,9.699999809265137,9.710000038146973,9.710000038146973,400600,0.0,0.0
2024-01-31 00:00:00-05:00,9.75,9.84000015258789,9.4399995803833,9.4399995803833,9.4399995803833,493800,0.0,0.0
2024-02-01 00:00:00-05:00,9.470000267028809,9.640000343322754,9.319999694824219,9.59000015258789,9.59000015258789,509700,0.0,0.0
2024-02-02 00:00:00-05:00,9.470000267028809,9.630000114440918,9.279999732971191,9.3100004196167,9.3100004196167,549100,0.0,0.0
2024-02-05 00:00:00-05:00,9.1899995803833,9.270000457763672,8.979999542236328,9.010000228881836,9.010000228881836,675000,0.0,0.0
2024-02-06 00:00:00-05:00,9.050000190734863,9.359999656677246,9.039999961853027,9.199999809265137,9.199999809265137,588700,0.0,0.0
2024-02-07 00:00:00-05:00,9.199999809265137,9.210000038146973,9.0600004196167,9.149999618530273,9.149999618530273,379300,0.0,0.0
2024-02-08 00:00:00-05:00,9.15999984741211,9.380000114440918,9.079999923706055,9.369999885559082,9.369999885559082,404800,0.0,0.0
2024-02-09 00:00:00-05:00,9.380000114440918,9.489999771118164,9.270000457763672,9.4399995803833,9.4399995803833,879600,0.0,0.0
2024-02-12 00:00:00-05:00,9.460000038146973,9.789999961853027,9.449999809265137,9.699999809265137,9.699999809265137,657700,0.0,0.0
2024-02-13 00:00:00-05:00,9.479999542236328,9.59000015258789,9.34000015258789,9.460000038146973,9.460000038146973,861700,0.0,0.0
2024-02-14 00:00:00-05:00,11.899999618530273,12.119999885559082,10.65999984741211,12.029999732971191,12.029999732971191,1775900,0.0,0.0
2024-02-15 00:00:00-05:00,12.460000038146973,12.5,12.069999694824219,12.420000076293945,12.420000076293945,1085700,0.0,0.0
2024-02-16 00:00:00-05:00,12.40999984741211,12.630000114440918,12.119999885559082,12.170000076293945,12.170000076293945,927800,0.0,0.0
2024-02-20 00:00:00-05:00,12.039999961853027,12.279999732971191,11.859999656677246,12.09000015258789,12.09000015258789,752900,0.0,0.0
2024-02-21 00:00:00-05:00,12.029999732971191,12.140000343322754,11.899999618530273,12.109999656677246,12.109999656677246,553400,0.0,0.0
2024-02-22 00:00:00-05:00,12.029999732971191,12.229999542236328,11.949999809265137,12.199999809265137,12.199999809265137,718300,0.0,0.0
2024-02-23 00:00:00-05:00,12.180000305175781,12.289999961853027,11.970000267028809,12.279999732971191,12.279999732971191,532800,0.0,0.0
2024-02-26 00:00:00-05:00,12.270000457763672,12.670000076293945,12.170000076293945,12.460000038146973,12.460000038146973,642400,0.0,0.0
2024-02-27 00:00:00-05:00,12.479999542236328,12.600000381469727,12.430000305175781,12.550000190734863,12.550000190734863,401700,0.0,0.0
2024-02-28 00:00:00-05:00,12.479999542236328,12.739999771118164,12.399999618530273,12.6899995803833,12.6899995803833,699400,0.0,0.0
2024-02-29 00:00:00-05:00,12.880000114440918,12.90999984741211,12.5,12.760000228881836,12.760000228881836,1069000,0.0,0.0
2024-03-01 00:00:00-05:00,12.720000267028809,12.869999885559082,12.539999961853027,12.84000015258789,12.84000015258789,637200,0.0,0.0
2024-03-04 00:00:00-05:00,12.779999732971191,12.850000381469727,12.520000457763672,12.680000305175781,12.680000305175781,592500,0.0,0.0
2024-03-05 00:00:00-05:00,12.600000381469727,12.770000457763672,12.5600004196167,12.670000076293945,12.670000076293945,548100,0.0,0.0
2024-03-06 00:00:00-05:00,12.6899995803833,12.869999885559082,12.609999656677246,12.8100004196167,12.8100004196167,485400,0.0,0.0
2024-03-07 00:00:00-05:00,12.890000343322754,13.0,12.630000114440918,12.680000305175781,12.680000305175781,438300,0.0,0.0
2024-03-08 00:00:00-05:00,12.800000190734863,12.979999542236328,12.720000267028809,12.770000457763672,12.770000457763672,373800,0.0,0.0
2024-03-11 00:00:00-04:00,12.600000381469727,12.670000076293945,12.329999923706055,12.4399995803833,12.4399995803833,356900,0.0,0.0
2024-03-12 00:00:00-04:00,12.40999984741211,12.460000038146973,12.25,12.300000190734863,12.300000190734863,275000,0.0,0.0
2024-03-13 00:00:00-04:00,12.239999771118164,12.4399995803833,12.140000343322754,12.15999984741211,12.15999984741211,371100,0.0,0.0
2024-03-14 00:00:00-04:00,12.09000015258789,12.1899995803833,12.010000228881836,12.119999885559082,12.119999885559082,384000,0.0,0.0
2024-03-15 00:00:00-04:00,12.039999961853027,12.3100004196167,12.029999732971191,12.100000381469727,12.100000381469727,1143800,0.0,0.0
2024-03-18 00:00:00-04:00,12.039999961853027,12.119999885559082,11.979999542236328,12.020000457763672,12.020000457763672,483800,0.0,0.0
2024-03-19 00:00:00-04:00,12.020000457763672,12.399999618530273,12.020000457763672,12.359999656677246,12.359999656677246,372000,0.0,0.0
2024-03-20 00:00:00-04:00,12.319999694824219,12.430000305175781,12.220000267028809,12.380000114440918,12.380000114440918,299600,0.0,0.0
2024-03-21 00:00:00-04:00,12.430000305175781,12.510000228881836,12.369999885559082,12.380000114440918,12.380000114440918,504400,0.0,0.0
2024-03-22 00:00:00-04:00,12.430000305175781,12.479999542236328,12.15999984741211,12.170000076293945,12.170000076293945,255000,0.0,0.0
2024-03-25 00:00:00-04:00,12.220000267028809,12.289999961853027,12.140000343322754,12.149999618530273,12.149999618530273,247300,0.0,0.0
2024-03-26 00:00:00-04:00,12.149999618530273,12.279999732971191,12.09000015258789,12.149999618530273,12.149999618530273,317800,0.0,0.0
2024-03-27 00:00:00-04:00,12.210000038146973,12.529999732971191,12.1899995803833,12.529999732971191,12.529999732971191,252000,0.0,0.0
2024-03-28 00:00:00-04:00,12.529999732971191,12.619999885559082,12.460000038146973,12.479999542236328,12.479999542236328,398400,0.0,0.0
2024-04-01 00:00:00-04:00,12.510000228881836,12.550000190734863,12.3100004196167,12.489999771118164,12.489999771118164,429600,0.0,0.0
2024-04-02 00:00:00-04:00,12.34000015258789,12.399999618530273,12.119999885559082,12.300000190734863,12.300000190734863,476200,0.0,0.0
2024-04-03 00:00:00-04:00,12.180000305175781,12.430000305175781,12.069999694824219,12.390000343322754,12.390000343322754,362500,0.0,0.0
2024-04-04 00:00:00-04:00,12.470000267028809,12.619999885559082,12.229999542236328,12.279999732971191,12.279999732971191,290800,0.0,0.0
2024-04-05 00:00:00-04:00,12.220000267028809,12.3100004196167,12.069999694824219,12.210000038146973,12.210000038146973,201500,0.0,0.0
2024-04-08 00:00:00-04:00,12.289999961853027,12.319999694824219,12.15999984741211,12.199999809265137,12.199999809265137,544500,0.0,0.0
2024-04-09 00:00:00-04:00,12.1899995803833,12.300000190734863,12.100000381469727,12.260000228881836,12.260000228881836,386200,0.0,0.0
2024-04-10 00:00:00-04:00,11.920000076293945,12.0600004196167,11.800000190734863,11.869999885559082,11.869999885559082,477300,0.0,0.0
2024-04-11 00:00:00-04:00,11.869999885559082,11.920000076293945,11.710000038146973,11.84000015258789,11.84000015258789,360800,0.0,0.0
2024-04-12 00:00:00-04:00,11.779999732971191,11.84000015258789,11.550000190734863,11.630000114440918,11.630000114440918,261200,0.0,0.0
2024-04-15 00:00:00-04:00,11.649999618530273,11.699999809265137,11.470000267028809,11.539999961853027,11.539999961853027,415800,0.0,0.0
2024-04-16 00:00:00-04:00,11.460000038146973,11.670000076293945,11.369999885559082,11.600000381469727,11.600000381469727,325300,0.0,0.0
2024-04-17 00:00:00-04:00,11.630000114440918,11.84000015258789,11.569999694824219,11.579999923706055,11.579999923706055,381100,0.0,0.0
2024-04-18 00:00:00-04:00,11.630000114440918,11.779999732971191,11.569999694824219,11.699999809265137,11.699999809265137,369600,0.0,0.0
2024-04-19 00:00:00-04:00,11.609999656677246,11.960000038146973,11.609999656677246,11.9399995803833,11.9399995803833,468500,0.0,0.0
2024-04-22 00:00:00-04:00,11.979999542236328,12.0,11.8100004196167,11.829999923706055,11.829999923706055,376200,0.0,0.0
2024-04-23 00:00:00-04:00,11.880000114440918,11.989999771118164,11.710000038146973,11.949999809265137,11.949999809265137,317000,0.0,0.0
2024-04-24 00:00:00-04:00,12.4399995803833,12.520000457763672,10.869999885559082,11.220000267028809,11.220000267028809,966500,0.0,0.0
2024-04-25 00:00:00-04:00,11.270000457763672,11.420000076293945,10.979999542236328,11.0,11.0,495700,0.0,0.0
2024-04-26 00:00:00-04:00,10.9399995803833,11.029999732971191,10.779999732971191,10.850000381469727,10.850000381469727,613400,0.0,0.0
2024-04-29 00:00:00-04:00,10.800000190734863,11.029999732971191,10.739999771118164,10.859999656677246,10.859999656677246,651300,0.0,0.0
2024-04-30 00:00:00-04:00,10.770000457763672,10.960000038146973,10.600000381469727,10.619999885559082,10.619999885559082,1019200,0.0,0.0
2024-05-01 00:00:00-04:00,10.65999984741211,10.960000038146973,10.510000228881836,10.640000343322754,10.640000343322754,545300,0.0,0.0
2024-05-02 00:00:00-04:00,10.699999809265137,10.770000457763672,10.600000381469727,10.6899995803833,10.6899995803833,532900,0.0,0.0
2024-05-03 00:00:00-04:00,10.779999732971191,10.84000015258789,10.489999771118164,10.819999694824219,10.819999694824219,406600,0.0,0.0
2024-05-06 00:00:00-04:00,10.90999984741211,10.979999542236328,10.800000190734863,10.829999923706055,10.829999923706055,387400,0.0,0.0
2024-05-07 00:00:00-04:00,10.829999923706055,10.880000114440918,10.75,10.819999694824219,10.819999694824219,279100,0.0,0.0
2024-05-08 00:00:00-04:00,10.760000228881836,11.079999923706055,10.640000343322754,11.0,11.0,285100,0.0,0.0
2024-05-09 00:00:00-04:00,10.989999771118164,11.199999809265137,10.829999923706055,11.199999809265137,11.199999809265137,469600,0.0,0.0
2024-05-10 00:00:00-04:00,11.270000457763672,11.319999694824219,11.020000457763672,11.09000015258789,11.09000015258789,574900,0.0,0.0
2024-05-13 00:00:00-04:00,11.170000076293945,11.319999694824219,11.100000381469727,11.260000228881836,11.260000228881836,663800,0.0,0.0
2024-05-14 00:00:00-04:00,11.4399995803833,11.619999885559082,11.170000076293945,11.430000305175781,11.430000305175781,638000,0.0,0.0
2024-05-15 00:00:00-04:00,11.479999542236328,11.65999984741211,11.420000076293945,11.539999961853027,11.539999961853027,579300,0.0,0.0
2024-05-16 00:00:00-04:00,11.5600004196167,11.75,11.510000228881836,11.720000267028809,11.720000267028809,469100,0.0,0.0
2024-05-17 00:00:00-04:00,11.75,11.75,11.470000267028809,11.539999961853027,11.539999961853027,546800,0.0,0.0
2024-05-20 00:00:00-04:00,11.539999961853027,11.59000015258789,11.390000343322754,11.449999809265137,11.449999809265137,564600,0.0,0.0
2024-05-21 00:00:00-04:00,11.4399995803833,11.609999656677246,11.390000343322754,11.40999984741211,11.40999984741211,394100,0.0,0.0
2024-05-22 00:00:00-04:00,11.289999961853027,11.720000267028809,11.289999961853027,11.350000381469727,11.350000381469727,459400,0.0,0.0
2024-05-23 00:00:00-04:00,11.350000381469727,11.350000381469727,10.770000457763672,10.899999618530273,10.899999618530273,478200,0.0,0.0
2024-05-24 00:00:00-04:00,11.0,11.140000343322754,10.779999732971191,10.800000190734863,10.800000190734863,361300,0.0,0.0
2024-05-28 00:00:00-04:00,10.899999618530273,10.920000076293945,10.520000457763672,10.729999542236328,10.729999542236328,610200,0.0,0.0
2024-05-29 00:00:00-04:00,10.640000343322754,10.729999542236328,10.460000038146973,10.609999656677246,10.609999656677246,513300,0.0,0.0
2024-05-30 00:00:00-04:00,10.739999771118164,10.989999771118164,10.65999984741211,10.729999542236328,10.729999542236328,432600,0.0,0.0
2024-05-31 00:00:00-04:00,10.729999542236328,10.960000038146973,10.59000015258789,10.779999732971191,10.779999732971191,1918600,0.0,0.0
2024-06-03 00:00:00-04:00,10.899999618530273,10.989999771118164,10.399999618530273,10.640000343322754,10.640000343322754,813700,0.0,0.0
2024-06-04 00:00:00-04:00,10.65999984741211,10.680000305175781,10.390000343322754,10.430000305175781,10.430000305175781,415500,0.0,0.0
2024-06-05 00:00:00-04:00,10.4399995803833,10.5600004196167,10.25,10.539999961853027,10.539999961853027,348000,0.0,0.0
2024-06-06 00:00:00-04:00,10.489999771118164,10.770000457763672,10.489999771118164,10.600000381469727,10.600000381469727,398200,0.0,0.0
2024-06-07 00:00:00-04:00,10.5,10.569999694824219,10.329999923706055,10.430000305175781,10.430000305175781,400100,0.0,0.0
2024-06-10 00:00:00-04:00,10.359999656677246,10.390000343322754,10.210000038146973,10.34000015258789,10.34000015258789,321800,0.0,0.0
2024-06-11 00:00:00-04:00,10.229999542236328,10.369999885559082,10.130000114440918,10.3100004196167,10.3100004196167,334600,0.0,0.0
2024-06-12 00:00:00-04:00,10.569999694824219,10.779999732971191,10.5,10.520000457763672,10.520000457763672,377200,0.0,0.0
2024-06-13 00:00:00-04:00,10.470000267028809,10.479999542236328,10.239999771118164,10.329999923706055,10.329999923706055,272600,0.0,0.0
2024-06-14 00:00:00-04:00,10.270000457763672,10.270000457763672,10.149999618530273,10.229999542236328,10.229999542236328,310000,0.0,0.0
2024-06-17 00:00:00-04:00,10.149999618530273,10.350000381469727,10.109999656677246,10.34000015258789,10.34000015258789,382500,0.0,0.0
2024-06-18 00:00:00-04:00,10.319999694824219,10.319999694824219,10.15999984741211,10.170000076293945,10.170000076293945,344000,0.0,0.0
2024-06-20 00:00:00-04:00,10.09000015258789,10.260000228881836,10.0600004196167,10.079999923706055,10.079999923706055,323200,0.0,0.0
2024-06-21 00:00:00-04:00,10.130000114440918,10.270000457763672,10.079999923706055,10.170000076293945,10.170000076293945,1554400,0.0,0.0
2024-06-24 00:00:00-04:00,10.15999984741211,10.350000381469727,10.15999984741211,10.3100004196167,10.3100004196167,292700,0.0,0.0
2024-06-25 00:00:00-04:00,10.279999732971191,10.289999961853027,10.140000343322754,10.289999961853027,10.289999961853027,263500,0.0,0.0
2024-06-26 00:00:00-04:00,10.220000267028809,10.479999542236328,10.199999809265137,10.460000038146973,10.460000038146973,394800,0.0,0.0
2024-06-27 00:00:00-04:00,10.520000457763672,10.649999618530273,10.5,10.649999618530273,10.649999618530273,327400,0.0,0.0
2024-06-28 00:00:00-04:00,10.739999771118164,10.779999732971191,10.399999618530273,10.579999923706055,10.579999923706055,4192600,0.0,0.0
2024-07-01 00:00:00-04:00,10.579999923706055,10.899999618530273,10.539999961853027,10.890000343322754,10.890000343322754,798400,0.0,0.0
2024-07-02 00:00:00-04:00,10.949999809265137,11.34000015258789,10.949999809265137,11.260000228881836,11.260000228881836,1089500,0.0,0.0
2024-07-03 00:00:00-04:00,11.229999542236328,11.229999542236328,10.460000038146973,10.600000381469727,10.600000381469727,338800,0.0,0.0
2024-07-05 00:00:00-04:00,10.619999885559082,10.779999732971191,10.59000015258789,10.699999809265137,10.699999809265137,546900,0.0,0.0
2024-07-08 00:00:00-04:00,10.789999961853027,10.819999694824219,10.600000381469727,10.720000267028809,10.720000267028809,371300,0.0,0.0
2024-07-09 00:00:00-04:00,10.670000076293945,10.710000038146973,10.390000343322754,10.430000305175781,10.430000305175781,338100,0.0,0.0
2024-07-10 00:00:00-04:00,10.489999771118164,10.539999961853027,10.420000076293945,10.510000228881836,10.510000228881836,233200,0.0,0.0
2024-07-11 00:00:00-04:00,10.760000228881836,11.09000015258789,10.670000076293945,11.0600004196167,11.0600004196167,415100,0.0,0.0
2024-07-12 00:00:00-04:00,11.210000038146973,11.289999961853027,11.09000015258789,11.229999542236328,11.229999542236328,428400,0.0,0.0
2024-07-15 00:00:00-04:00,11.289999961853027,11.449999809265137,11.25,11.279999732971191,11.279999732971191,535700,0.0,0.0
2024-07-16 00:00:00-04:00,11.399999618530273,11.760000228881836,11.260000228881836,11.760000228881836,11.760000228881836,447500,0.0,0.0
2024-07-17 00:00:00-04:00,11.670000076293945,12.020000457763672,11.630000114440918,11.760000228881836,11.760000228881836,434600,0.0,0.0
2024-07-18 00:00:00-04:00,11.65999984741211,11.90999984741211,11.520000457763672,11.619999885559082,11.619999885559082,420500,0.0,0.0
2024-07-19 00:00:00-04:00,11.640000343322754,11.710000038146973,11.449999809265137,11.489999771118164,11.489999771118164,362100,0.0,0.0
2024-07-22 00:00:00-04:00,11.550000190734863,11.75,11.399999618530273,11.710000038146973,11.710000038146973,425200,0.0,0.0
2024-07-23 00:00:00-04:00,11.680000305175781,11.960000038146973,11.670000076293945,11.869999885559082,11.869999885559082,431400,0.0,0.0
2024-07-24 00:00:00-04:00,11.029999732971191,11.550000190734863,10.119999885559082,11.079999923706055,11.079999923706055,2069100,0.0,0.0
2024-07-25 00:00:00-04:00,11.199999809265137,11.199999809265137,10.760000228881836,10.789999961853027,10.789999961853027,783500,0.0,0.0
2024-07-26 00:00:00-04:00,10.949999809265137,11.369999885559082,10.9399995803833,11.350000381469727,11.350000381469727,584800,0.0,0.0
2024-07-29 00:00:00-04:00,11.34000015258789,11.699999809265137,11.3100004196167,11.5600004196167,11.5600004196167,457900,0.0,0.0
2024-07-30 00:00:00-04:00,11.640000343322754,11.640000343322754,11.149999618530273,11.510000228881836,11.510000228881836,763900,0.0,0.0
2024-07-31 00:00:00-04:00,11.600000381469727,11.65999984741211,11.319999694824219,11.430000305175781,11.430000305175781,637700,0.0,0.0
2024-08-01 00:00:00-04:00,11.420000076293945,11.579999923706055,10.989999771118164,11.130000114440918,11.130000114440918,492200,0.0,0.0
2024-08-02 00:00:00-04:00,10.819999694824219,10.9399995803833,10.720000267028809,10.8100004196167,10.8100004196167,480500,0.0,0.0
2024-08-05 00:00:00-04:00,10.229999542236328,10.449999809265137,10.119999885559082,10.420000076293945,10.420000076293945,516300,0.0,0.0
2024-08-06 00:00:00-04:00,10.40999984741211,10.630000114440918,10.300000190734863,10.550000190734863,10.550000190734863,396900,0.0,0.0
2024-08-07 00:00:00-04:00,10.710000038146973,10.739999771118164,10.449999809265137,10.489999771118164,10.489999771118164,331300,0.0,0.0
2024-08-08 00:00:00-04:00,10.5600004196167,10.6899995803833,10.420000076293945,10.579999923706055,10.579999923706055,299400,0.0,0.0
2024-08-09 00:00:00-04:00,10.609999656677246,10.609999656677246,10.40999984741211,10.479999542236328,10.479999542236328,362300,0.0,0.0
2024-08-12 00:00:00-04:00,10.550000190734863,10.550000190734863,10.34000015258789,10.380000114440918,10.380000114440918,266700,0.0,0.0
2024-08-13 00:00:00-04:00,10.489999771118164,10.619999885559082,10.420000076293945,10.59000015258789,10.59000015258789,270500,0.0,0.0
2024-08-14 00:00:00-04:00,10.609999656677246,10.640000343322754,10.40999984741211,10.449999809265137,10.449999809265137,228900,0.0,0.0
2024-08-15 00:00:00-04:00,10.6899995803833,10.779999732971191,10.600000381469727,10.619999885559082,10.619999885559082,278500,0.0,0.0
2024-08-16 00:00:00-04:00,10.630000114440918,10.850000381469727,10.630000114440918,10.670000076293945,10.670000076293945,341000,0.0,0.0
2024-08-19 00:00:00-04:00,10.6899995803833,10.760000228881836,10.649999618530273,10.739999771118164,10.739999771118164,253400,0.0,0.0
2024-08-20 00:00:00-04:00,10.729999542236328,10.75,10.550000190734863,10.59000015258789,10.59000015258789,276000,0.0,0.0
2024-08-21 00:00:00-04:00,10.640000343322754,10.760000228881836,10.569999694824219,10.6899995803833,10.6899995803833,286400,0.0,0.0
2024-08-22 00:00:00-04:00,10.670000076293945,10.710000038146973,10.510000228881836,10.550000190734863,10.550000190734863,234400,0.0,0.0
2024-08-23 00:00:00-04:00,10.609999656677246,11.029999732971191,10.609999656677246,10.90999984741211,10.90999984741211,317600,0.0,0.0
2024-08-26 00:00:00-04:00,10.989999771118164,11.210000038146973,10.979999542236328,11.100000381469727,11.100000381469727,292800,0.0,0.0
2024-08-27 00:00:00-04:00,11.0600004196167,11.0600004196167,10.760000228881836,10.890000343322754,10.890000343322754,224700,0.0,0.0
2024-08-28 00:00:00-04:00,10.84000015258789,10.960000038146973,10.720000267028809,10.8100004196167,10.8100004196167,219000,0.0,0.0
2024-08-29 00:00:00-04:00,10.949999809265137,10.949999809265137,10.779999732971191,10.859999656677246,10.859999656677246,224000,0.0,0.0
2024-08-30 00:00:00-04:00,10.859999656677246,10.899999618530273,10.729999542236328,10.890000343322754,10.890000343322754,217400,0.0,0.0
2024-09-03 00:00:00-04:00,10.770000457763672,10.90999984741211,10.770000457763672,10.800000190734863,10.800000190734863,246900,0.0,0.0
2024-09-04 00:00:00-04:00,10.779999732971191,10.920000076293945,10.680000305175781,10.779999732971191,10.779999732971191,282500,0.0,0.0
2024-09-05 00:00:00-04:00,10.84000015258789,10.84000015258789,10.720000267028809,10.770000457763672,10.770000457763672,161900,0.0,0.0
2024-09-06 00:00:00-04:00,10.760000228881836,10.779999732971191,10.40999984741211,10.489999771118164,10.489999771118164,251200,0.0,0.0
2024-09-09 00:00:00-04:00,10.460000038146973,10.579999923706055,10.180000305175781,10.510000228881836,10.510000228881836,365500,0.0,0.0
2024-09-10 00:00:00-04:00,10.539999961853027,10.869999885559082,10.529999732971191,10.760000228881836,10.760000228881836,356300,0.0,0.0
2024-09-11 00:00:00-04:00,10.680000305175781,10.680000305175781,10.350000381469727,10.59000015258789,10.59000015258789,213100,0.0,0.0
2024-09-12 00:00:00-04:00,10.59000015258789,10.729999542236328,10.520000457763672,10.609999656677246,10.609999656677246,308700,0.0,0.0
2024-09-13 00:00:00-04:00,10.770000457763672,11.140000343322754,10.649999618530273,11.140000343322754,11.140000343322754,331700,0.0,0.0
2024-09-16 00:00:00-04:00,11.220000267028809,11.279999732971191,11.069999694824219,11.260000228881836,11.260000228881836,386300,0.0,0.0
2024-09-17 00:00:00-04:00,11.40999984741211,11.710000038146973,11.359999656677246,11.529999732971191,11.529999732971191,399600,0.0,0.0
2024-09-18 00:00:00-04:00,11.510000228881836,11.9399995803833,11.420000076293945,11.65999984741211,11.65999984741211,489700,0.0,0.0
2024-09-19 00:00:00-04:00,11.960000038146973,11.960000038146973,11.40999984741211,11.8100004196167,11.8100004196167,477700,0.0,0.0
2024-09-20 00:00:00-04:00,11.699999809265137,11.770000457763672,11.289999961853027,11.350000381469727,11.350000381469727,1689400,0.0,0.0
2024-09-23 00:00:00-04:00,11.399999618530273,11.399999618530273,10.949999809265137,10.949999809265137,10.949999809265137,298100,0.0,0.0
2024-09-24 00:00:00-04:00,11.0,11.270000457763672,10.970000267028809,11.140000343322754,11.140000343322754,322600,0.0,0.0
2024-09-25 00:00:00-04:00,11.130000114440918,11.149999618530273,10.989999771118164,11.069999694824219,11.069999694824219,350200,0.0,0.0
2024-09-26 00:00:00-04:00,11.229999542236328,11.319999694824219,11.039999961853027,11.050000190734863,11.050000190734863,309700,0.0,0.0
2024-09-27 00:00:00-04:00,11.180000305175781,11.220000267028809,10.960000038146973,11.039999961853027,11.039999961853027,327200,0.0,0.0
2024-09-30 00:00:00-04:00,11.010000228881836,11.199999809265137,10.960000038146973,11.170000076293945,11.170000076293945,351700,0.0,0.0
2024-10-01 00:00:00-04:00,11.1899995803833,11.1899995803833,10.390000343322754,10.420000076293945,10.420000076293945,523700,0.0,0.0
2024-10-02 00:00:00-04:00,10.359999656677246,10.510000228881836,10.109999656677246,10.220000267028809,10.220000267028809,643800,0.0,0.0
2024-10-03 00:00:00-04:00,10.140000343322754,10.15999984741211,9.699999809265137,9.710000038146973,9.710000038146973,469700,0.0,0.0
2024-10-04 00:00:00-04:00,9.829999923706055,10.109999656677246,9.829999923706055,10.050000190734863,10.050000190734863,408700,0.0,0.0
2024-10-07 00:00:00-04:00,9.989999771118164,9.989999771118164,9.770000457763672,9.880000114440918,9.880000114440918,387200,0.0,0.0
2024-10-08 00:00:00-04:00,9.90999984741211,10.029999732971191,9.84000015258789,10.029999732971191,10.029999732971191,486500,0.0,0.0
2024-10-09 00:00:00-04:00,9.979999542236328,10.25,9.979999542236328,10.119999885559082,10.119999885559082,258800,0.0,0.0
2024-10-10 00:00:00-04:00,10.020000457763672,10.020000457763672,9.859999656677246,10.0,10.0,327700,0.0,0.0
2024-10-11 00:00:00-04:00,9.989999771118164,10.180000305175781,9.979999542236328,10.180000305175781,10.180000305175781,254800,0.0,0.0
2024-10-14 00:00:00-04:00,10.170000076293945,10.460000038146973,10.119999885559082,10.449999809265137,10.449999809265137,320300,0.0,0.0
2024-10-15 00:00:00-04:00,10.449999809265137,10.789999961853027,10.449999809265137,10.739999771118164,10.739999771118164,340300,0.0,0.0
2024-10-16 00:00:00-04:00,10.779999732971191,10.850000381469727,10.630000114440918,10.739999771118164,10.739999771118164,278800,0.0,0.0
2024-10-17 00:00:00-04:00,10.739999771118164,10.90999984741211,10.539999961853027,10.739999771118164,10.739999771118164,315200,0.0,0.0
2024-10-18 00:00:00-04:00,10.729999542236328,10.800000190734863,10.609999656677246,10.619999885559082,10.619999885559082,212800,0.0,0.0
2024-10-21 00:00:00-04:00,10.579999923706055,10.640000343322754,10.4399995803833,10.449999809265137,10.449999809265137,259700,0.0,0.0
2024-10-22 00:00:00-04:00,10.399999618530273,10.449999809265137,10.25,10.289999961853027,10.289999961853027,311600,0.0,0.0
2024-10-23 00:00:00-04:00,9.949999809265137,10.579999923706055,9.789999961853027,10.579999923706055,10.579999923706055,400000,0.0,0.0
2024-10-24 00:00:00-04:00,10.119999885559082,10.84000015258789,10.050000190734863,10.699999809265137,10.699999809265137,632100,0.0,0.0
2024-10-25 00:00:00-04:00,10.710000038146973,11.0,10.680000305175781,10.739999771118164,10.739999771118164,672700,0.0,0.0
2024-10-28 00:00:00-04:00,10.869999885559082,11.029999732971191,10.770000457763672,10.949999809265137,10.949999809265137,364800,0.0,0.0
2024-10-29 00:00:00-04:00,10.859999656677246,11.050000190734863,10.829999923706055,11.020000457763672,11.020000457763672,392500,0.0,0.0
2024-10-30 00:00:00-04:00,11.0,11.279999732971191,10.970000267028809,11.050000190734863,11.050000190734863,345100,0.0,0.0
2024-10-31 00:00:00-04:00,11.09000015258789,11.109999656677246,10.920000076293945,10.970000267028809,10.970000267028809,629000,0.0,0.0
2024-11-01 00:00:00-04:00,11.010000228881836,11.1899995803833,11.010000228881836,11.149999618530273,11.149999618530273,323500,0.0,0.0
2024-11-04 00:00:00-05:00,11.149999618530273,11.229999542236328,11.050000190734863,11.170000076293945,11.170000076293945,327700,0.0,0.0
2024-11-05 00:00:00-05:00,11.130000114440918,11.430000305175781,11.130000114440918,11.390000343322754,11.390000343322754,320100,0.0,0.0
2024-11-06 00:00:00-05:00,12.079999923706055,12.279999732971191,11.84000015258789,11.880000114440918,11.880000114440918,539800,0.0,0.0
2024-11-07 00:00:00-05:00,11.890000343322754,12.09000015258789,11.75,11.75,11.75,350800,0.0,0.0
2024-11-08 00:00:00-05:00,11.739999771118164,11.930000305175781,11.699999809265137,11.869999885559082,11.869999885559082,292100,0.0,0.0
2024-11-11 00:00:00-05:00,12.020000457763672,12.25,11.970000267028809,12.210000038146973,12.210000038146973,314200,0.0,0.0
2024-11-12 00:00:00-05:00,12.109999656677246,12.470000267028809,12.109999656677246,12.4399995803833,12.4399995803833,457000,0.0,0.0
2024-11-13 00:00:00-05:00,12.520000457763672,12.670000076293945,12.119999885559082,12.1899995803833,12.1899995803833,427000,0.0,0.0
2024-11-14 00:00:00-05:00,12.289999961853027,12.34000015258789,11.899999618530273,11.930000305175781,11.930000305175781,314600,0.0,0.0
2024-11-15 00:00:00-05:00,12.0,12.0,11.529999732971191,11.539999961853027,11.539999961853027,405300,0.0,0.0
2024-11-18 00:00:00-05:00,11.550000190734863,11.5600004196167,11.180000305175781,11.229999542236328,11.229999542236328,283400,0.0,0.0
2024-11-19 00:00:00-05:00,11.079999923706055,11.390000343322754,11.079999923706055,11.359999656677246,11.359999656677246,350400,0.0,0.0
2024-11-20 00:00:00-05:00,11.300000190734863,11.479999542236328,11.199999809265137,11.390000343322754,11.390000343322754,245100,0.0,0.0
2024-11-21 00:00:00-05:00,11.430000305175781,11.720000267028809,11.380000114440918,11.520000457763672,11.520000457763672,344500,0.0,0.0
2024-11-22 00:00:00-05:00,11.539999961853027,11.800000190734863,11.510000228881836,11.680000305175781,11.680000305175781,339000,0.0,0.0
2024-11-25 00:00:00-05:00,11.819999694824219,12.130000114440918,11.819999694824219,11.930000305175781,11.930000305175781,527900,0.0,0.0
2024-11-26 00:00:00-05:00,11.859999656677246,12.140000343322754,11.789999961853027,12.130000114440918,12.130000114440918,496700,0.0,0.0
2024-11-27 00:00:00-05:00,12.1899995803833,12.579999923706055,12.180000305175781,12.380000114440918,12.380000114440918,688900,0.0,0.0
2024-11-29 00:00:00-05:00,12.520000457763672,12.539999961853027,12.010000228881836,12.34000015258789,12.34000015258789,355700,0.0,0.0
2024-12-02 00:00:00-05:00,12.359999656677246,12.489999771118164,12.079999923706055,12.460000038146973,12.460000038146973,450000,0.0,0.0
2024-12-03 00:00:00-05:00,12.40999984741211,12.619999885559082,12.34000015258789,12.529999732971191,12.529999732971191,392900,0.0,0.0
2024-12-04 00:00:00-05:00,12.529999732971191,12.75,12.390000343322754,12.619999885559082,12.619999885559082,401200,0.0,0.0
2024-12-05 00:00:00-05:00,12.579999923706055,12.649999618530273,12.3100004196167,12.350000381469727,12.350000381469727,265100,0.0,0.0
2024-12-06 00:00:00-05:00,12.399999618530273,12.4399995803833,12.279999732971191,12.420000076293945,12.420000076293945,205400,0.0,0.0
2024-12-09 00:00:00-05:00,12.34000015258789,12.649999618530273,12.34000015258789,12.569999694824219,12.569999694824219,356900,0.0,0.0
2024-12-10 00:00:00-05:00,12.569999694824219,12.989999771118164,12.399999618530273,12.899999618530273,12.899999618530273,298300,0.0,0.0
2024-12-11 00:00:00-05:00,12.970000267028809,12.970000267028809,12.550000190734863,12.75,12.75,427300,0.0,0.0
2024-12-12 00:00:00-05:00,12.710000038146973,12.899999618530273,12.609999656677246,12.890000343322754,12.890000343322754,370800,0.0,0.0
2024-12-13 00:00:00-05:00,12.84000015258789,12.899999618530273,12.430000305175781,12.539999961853027,12.539999961853027,368400,0.0,0.0
2024-12-16 00:00:00-05:00,12.380000114440918,12.5600004196167,12.100000381469727,12.369999885559082,12.369999885559082,508900,0.0,0.0
2024-12-17 00:00:00-05:00,12.319999694824219,12.470000267028809,11.760000228881836,11.800000190734863,11.800000190734863,439000,0.0,0.0
2024-12-18 00:00:00-05:00,11.899999618530273,12.1899995803833,11.420000076293945,11.600000381469727,11.600000381469727,649900,0.0,0.0
2024-12-19 00:00:00-05:00,11.729999542236328,11.979999542236328,11.4399995803833,11.4399995803833,11.4399995803833,443000,0.0,0.0
2024-12-20 00:00:00-05:00,11.300000190734863,11.600000381469727,11.229999542236328,11.300000190734863,11.300000190734863,1579200,0.0,0.0
2024-12-23 00:00:00-05:00,11.3100004196167,11.489999771118164,11.029999732971191,11.119999885559082,11.119999885559082,405400,0.0,0.0
2024-12-24 00:00:00-05:00,11.140000343322754,11.510000228881836,11.109999656677246,11.510000228881836,11.510000228881836,212900,0.0,0.0
2024-12-26 00:00:00-05:00,11.40999984741211,11.710000038146973,11.34000015258789,11.670000076293945,11.670000076293945,373500,0.0,0.0
2024-12-27 00:00:00-05:00,11.569999694824219,11.729999542236328,11.329999923706055,11.520000457763672,11.520000457763672,328500,0.0,0.0
2024-12-30 00:00:00-05:00,11.390000343322754,11.59000015258789,11.1899995803833,11.520000457763672,11.520000457763672,231700,0.0,0.0
2024-12-31 00:00:00-05:00,11.579999923706055,11.789999961853027,11.569999694824219,11.619999885559082,11.619999885559082,419800,0.0,0.0
2025-01-02 00:00:00-05:00,11.710000038146973,11.869999885559082,11.380000114440918,11.460000038146973,11.460000038146973,342700,0.0,0.0
2025-01-03 00:00:00-05:00,11.5,11.789999961853027,11.359999656677246,11.760000228881836,11.760000228881836,458500,0.0,0.0
2025-01-06 00:00:00-05:00,11.720000267028809,11.899999618530273,11.619999885559082,11.670000076293945,11.670000076293945,438800,0.0,0.0
2025-01-07 00:00:00-05:00,11.739999771118164,11.84000015258789,11.4399995803833,11.630000114440918,11.630000114440918,337000,0.0,0.0
2025-01-08 00:00:00-05:00,11.510000228881836,11.819999694824219,11.319999694824219,11.819999694824219,11.819999694824219,336100,0.0,0.0
2025-01-10 00:00:00-05:00,11.529999732971191,11.619999885559082,11.260000228881836,11.470000267028809,11.470000267028809,494200,0.0,0.0
2025-01-13 00:00:00-05:00,11.430000305175781,11.6899995803833,11.359999656677246,11.5600004196167,11.5600004196167,396800,0.0,0.0
2025-01-14 00:00:00-05:00,11.600000381469727,11.720000267028809,11.460000038146973,11.680000305175781,11.680000305175781,239200,0.0,0.0
2025-01-15 00:00:00-05:00,11.90999984741211,11.90999984741211,11.699999809265137,11.739999771118164,11.739999771118164,279700,0.0,0.0
2025-01-16 00:00:00-05:00,11.739999771118164,11.949999809265137,11.640000343322754,11.920000076293945,11.920000076293945,321100,0.0,0.0
2025-01-17 00:00:00-05:00,12.069999694824219,12.069999694824219,11.630000114440918,11.699999809265137,11.699999809265137,291800,0.0,0.0
2025-01-21 00:00:00-05:00,11.800000190734863,11.880000114440918,11.680000305175781,11.819999694824219,11.819999694824219,428900,0.0,0.0
2025-01-22 00:00:00-05:00,11.729999542236328,11.770000457763672,11.40999984741211,11.430000305175781,11.430000305175781,262000,0.0,0.0
2025-01-23 00:00:00-05:00,11.40999984741211,11.640000343322754,11.3100004196167,11.430000305175781,11.430000305175781,396100,0.0,0.0
2025-01-24 00:00:00-05:00,11.520000457763672,11.739999771118164,11.260000228881836,11.289999961853027,11.289999961853027,476300,0.0,0.0
2025-01-27 00:00:00-05:00,11.319999694824219,11.489999771118164,11.170000076293945,11.25,11.25,416400,0.0,0.0
2025-01-28 00:00:00-05:00,11.25,11.539999961853027,11.229999542236328,11.319999694824219,11.319999694824219,487300,0.0,0.0
2025-01-29 00:00:00-05:00,11.270000457763672,11.420000076293945,11.199999809265137,11.359999656677246,11.359999656677246,448100,0.0,0.0
2025-01-30 00:00:00-05:00,11.479999542236328,11.539999961853027,11.119999885559082,11.1899995803833,11.1899995803833,208500,0.0,0.0
2025-01-31 00:00:00-05:00,11.149999618530273,11.289999961853027,10.989999771118164,11.09000015258789,11.09000015258789,370800,0.0,0.0
2025-02-03 00:00:00-05:00,10.890000343322754,11.239999771118164,10.829999923706055,11.029999732971191,11.029999732971191,487000,0.0,0.0
2025-02-04 00:00:00-05:00,11.039999961853027,11.170000076293945,10.869999885559082,11.039999961853027,11.039999961853027,519200,0.0,0.0
2025-02-05 00:00:00-05:00,11.130000114440918,11.210000038146973,11.020000457763672,11.050000190734863,11.050000190734863,362000,0.0,0.0
2025-02-06 00:00:00-05:00,11.09000015258789,11.180000305175781,10.869999885559082,10.9399995803833,10.9399995803833,441100,0.0,0.0
2025-02-07 00:00:00-05:00,10.899999618530273,11.199999809265137,10.6899995803833,10.779999732971191,10.779999732971191,434400,0.0,0.0
2025-02-10 00:00:00-05:00,10.779999732971191,10.850000381469727,10.680000305175781,10.699999809265137,10.699999809265137,345400,0.0,0.0
2025-02-11 00:00:00-05:00,10.630000114440918,10.930000305175781,10.609999656677246,10.90999984741211,10.90999984741211,594200,0.0,0.0
2025-02-12 00:00:00-05:00,10.020000457763672,10.9399995803833,10.0,10.710000038146973,10.710000038146973,887600,0.0,0.0
2025-02-13 00:00:00-05:00,10.84000015258789,11.359999656677246,10.800000190734863,11.3100004196167,11.3100004196167,741200,0.0,0.0
2025-02-14 00:00:00-05:00,11.3100004196167,11.430000305175781,10.84000015258789,10.84000015258789,10.84000015258789,609800,0.0,0.0
2025-02-18 00:00:00-05:00,10.789999961853027,10.819999694824219,10.399999618530273,10.600000381469727,10.600000381469727,713100,0.0,0.0
2025-02-19 00:00:00-05:00,10.489999771118164,10.859999656677246,10.460000038146973,10.670000076293945,10.670000076293945,956800,0.0,0.0
2025-02-20 00:00:00-05:00,10.550000190734863,10.890000343322754,10.550000190734863,10.779999732971191,10.779999732971191,368500,0.0,0.0
2025-02-21 00:00:00-05:00,10.869999885559082,10.930000305175781,10.529999732971191,10.550000190734863,10.550000190734863,584500,0.0,0.0
2025-02-24 00:00:00-05:00,10.59000015258789,10.670000076293945,10.420000076293945,10.470000267028809,10.470000267028809,578200,0.0,0.0
2025-02-25 00:00:00-05:00,10.5,10.600000381469727,10.399999618530273,10.430000305175781,10.430000305175781,461900,0.0,0.0
2025-02-26 00:00:00-05:00,10.350000381469727,10.539999961853027,10.220000267028809,10.479999542236328,10.479999542236328,427200,0.0,0.0
2025-02-27 00:00:00-05:00,10.399999618530273,10.600000381469727,10.34000015258789,10.550000190734863,10.550000190734863,332700,0.0,0.0
2025-02-28 00:00:00-05:00,10.569999694824219,10.59000015258789,10.420000076293945,10.5,10.5,438100,0.0,0.0
2025-03-03 00:00:00-05:00,10.520000457763672,10.65999984741211,10.430000305175781,10.449999809265137,10.449999809265137,472200,0.0,0.0
2025-03-04 00:00:00-05:00,10.390000343322754,10.5600004196167,10.170000076293945,10.34000015258789,10.34000015258789,570200,0.0,0.0
2025-03-05 00:00:00-05:00,10.369999885559082,10.609999656677246,10.3100004196167,10.4399995803833,10.4399995803833,474200,0.0,0.0
2025-03-06 00:00:00-05:00,10.369999885559082,10.609999656677246,10.220000267028809,10.550000190734863,10.550000190734863,365400,0.0,0.0
2025-03-07 00:00:00-05:00,10.510000228881836,10.800000190734863,10.430000305175781,10.6899995803833,10.6899995803833,602700,0.0,0.0
2025-03-10 00:00:00-04:00,10.640000343322754,10.8100004196167,10.350000381469727,10.760000228881836,10.760000228881836,718100,0.0,0.0
2025-03-11 00:00:00-04:00,10.8100004196167,11.170000076293945,10.739999771118164,11.029999732971191,11.029999732971191,595800,0.0,0.0
2025-03-12 00:00:00-04:00,11.039999961853027,11.039999961853027,10.4399995803833,10.819999694824219,10.819999694824219,604900,0.0,0.0
2025-03-13 00:00:00-04:00,10.819999694824219,10.880000114440918,10.65999984741211,10.670000076293945,10.670000076293945,525200,0.0,0.0
2025-03-14 00:00:00-04:00,10.649999618530273,10.9399995803833,10.539999961853027,10.920000076293945,10.920000076293945,538500,0.0,0.0
2025-03-17 00:00:00-04:00,10.970000267028809,11.199999809265137,10.899999618530273,11.0,11.0,396800,0.0,0.0
2025-03-18 00:00:00-04:00,10.9399995803833,11.010000228881836,10.829999923706055,10.880000114440918,10.880000114440918,513400,0.0,0.0
2025-03-19 00:00:00-04:00,10.899999618530273,10.970000267028809,10.729999542236328,10.930000305175781,10.930000305175781,326700,0.0,0.0
2025-03-20 00:00:00-04:00,10.829999923706055,10.90999984741211,10.520000457763672,10.550000190734863,10.550000190734863,414600,0.0,0.0
2025-03-21 00:00:00-04:00,10.430000305175781,10.430000305175781,10.170000076293945,10.420000076293945,10.420000076293945,885800,0.0,0.0
2025-03-24 00:00:00-04:00,10.5,10.539999961853027,10.119999885559082,10.300000190734863,10.300000190734863,413100,0.0,0.0
2025-03-25 00:00:00-04:00,10.319999694824219,10.40999984741211,10.260000228881836,10.359999656677246,10.359999656677246,522500,0.0,0.0
2025-03-26 00:00:00-04:00,10.449999809265137,10.460000038146973,10.3100004196167,10.4399995803833,10.4399995803833,339600,0.0,0.0
2025-03-27 00:00:00-04:00,10.449999809265137,10.760000228881836,10.420000076293945,10.739999771118164,10.739999771118164,398600,0.0,0.0
2025-03-28 00:00:00-04:00,10.720000267028809,10.720000267028809,10.3100004196167,10.350000381469727,10.350000381469727,494300,0.0,0.0
2025-03-31 00:00:00-04:00,10.300000190734863,10.3100004196167,10.0600004196167,10.079999923706055,10.079999923706055,580200,0.0,0.0
2025-04-01 00:00:00-04:00,10.039999961853027,10.220000267028809,9.970000267028809,10.069999694824219,10.069999694824219,371100,0.0,0.0
2025-04-02 00:00:00-04:00,9.989999771118164,10.239999771118164,9.979999542236328,10.220000267028809,10.220000267028809,383400,0.0,0.0
2025-04-03 00:00:00-04:00,10.010000228881836,10.1899995803833,9.890000343322754,10.130000114440918,10.130000114440918,489900,0.0,0.0
2025-04-04 00:00:00-04:00,9.899999618530273,10.130000114440918,9.819999694824219,10.069999694824219,10.069999694824219,656000,0.0,0.0
2025-04-07 00:00:00-04:00,9.859999656677246,10.1899995803833,9.640000343322754,9.899999618530273,9.899999618530273,664100,0.0,0.0
2025-04-08 00:00:00-04:00,10.069999694824219,10.069999694824219,9.5,9.640000343322754,9.640000343322754,499000,0.0,0.0
2025-04-09 00:00:00-04:00,9.569999694824219,10.329999923706055,9.569999694824219,10.050000190734863,10.050000190734863,568000,0.0,0.0
2025-04-10 00:00:00-04:00,9.90999984741211,9.920000076293945,9.600000381469727,9.779999732971191,9.779999732971191,452400,0.0,0.0
2025-04-11 00:00:00-04:00,9.899999618530273,9.899999618530273,9.520000457763672,9.770000457763672,9.770000457763672,489400,0.0,0.0
2025-04-14 00:00:00-04:00,9.869999885559082,9.869999885559082,9.630000114440918,9.789999961853027,9.789999961853027,361900,0.0,0.0
2025-04-15 00:00:00-04:00,9.720000267028809,9.819999694824219,9.539999961853027,9.649999618530273,9.649999618530273,359900,0.0,0.0
2025-04-16 00:00:00-04:00,9.630000114440918,9.710000038146973,9.489999771118164,9.550000190734863,9.550000190734863,391400,0.0,0.0
2025-04-17 00:00:00-04:00,9.510000228881836,9.670000076293945,9.40999984741211,9.520000457763672,9.520000457763672,442900,0.0,0.0
2025-04-21 00:00:00-04:00,9.449999809265137,9.529999732971191,9.130000114440918,9.369999885559082,9.369999885559082,563700,0.0,0.0
2025-04-22 00:00:00-04:00,9.420000076293945,9.510000228881836,9.3100004196167,9.40999984741211,9.40999984741211,742100,0.0,0.0
2025-04-23 00:00:00-04:00,11.100000381469727,12.199999809265137,10.859999656677246,12.1899995803833,12.1899995803833,3007400,0.0,0.0
2025-04-24 00:00:00-04:00,12.5600004196167,13.5600004196167,12.039999961853027,13.520000457763672,13.520000457763672,2133600,0.0,0.0
2025-04-25 00:00:00-04:00,13.449999809265137,13.6899995803833,13.220000267028809,13.670000076293945,13.670000076293945,1142900,0.0,0.0
2025-04-28 00:00:00-04:00,13.710000038146973,13.899999618530273,13.479999542236328,13.789999961853027,13.789999961853027,876400,0.0,0.0
2025-04-29 00:00:00-04:00,13.789999961853027,14.170000076293945,13.670000076293945,14.029999732971191,14.029999732971191,740300,0.0,0.0
2025-04-30 00:00:00-04:00,13.920000076293945,14.300000190734863,13.619999885559082,14.210000038146973,14.210000038146973,933700,0.0,0.0
2025-05-01 00:00:00-04:00,14.170000076293945,14.529999732971191,14.0,14.520000457763672,14.520000457763672,963200,0.0,0.0
2025-05-02 00:00:00-04:00,14.319999694824219,14.800000190734863,14.319999694824219,14.779999732971191,14.779999732971191,889300,0.0,0.0
2025-05-05 00:00:00-04:00,14.380000114440918,14.789999961853027,14.130000114440918,14.569999694824219,14.569999694824219,722600,0.0,0.0
2025-05-06 00:00:00-04:00,14.479999542236328,14.710000038146973,14.279999732971191,14.390000343322754,14.390000343322754,812200,0.0,0.0
2025-05-07 00:00:00-04:00,14.470000267028809,14.670000076293945,14.210000038146973,14.319999694824219,14.319999694824219,866500,0.0,0.0
2025-05-08 00:00:00-04:00,14.4399995803833,14.670000076293945,14.329999923706055,14.350000381469727,14.350000381469727,894600,0.0,0.0
2025-05-09 00:00:00-04:00,14.34000015258789,14.460000038146973,14.210000038146973,14.270000457763672,14.270000457763672,800000,0.0,0.0
2025-05-12 00:00:00-04:00,14.699999809265137,14.899999618530273,14.380000114440918,14.489999771118164,14.489999771118164,749500,0.0,0.0
2025-05-13 00:00:00-04:00,14.609999656677246,14.739999771118164,14.40999984741211,14.520000457763672,14.520000457763672,511000,0.0,0.0
2025-05-14 00:00:00-04:00,14.5,14.5,14.220000267028809,14.289999961853027,14.289999961853027,736500,0.0,0.0
2025-05-15 00:00:00-04:00,14.100000381469727,14.489999771118164,14.100000381469727,14.460000038146973,14.460000038146973,520600,0.0,0.0
2025-05-16 00:00:00-04:00,14.460000038146973,14.829999923706055,14.270000457763672,14.800000190734863,14.800000190734863,544200,0.0,0.0
2025-05-19 00:00:00-04:00,14.729999542236328,14.739999771118164,14.5600004196167,14.670000076293945,14.670000076293945,550400,0.0,0.0
2025-05-20 00:00:00-04:00,14.710000038146973,14.829999923706055,14.600000381469727,14.779999732971191,14.779999732971191,369900,0.0,0.0
2025-05-21 00:00:00-04:00,14.579999923706055,14.670000076293945,14.390000343322754,14.5,14.5,475000,0.0,0.0
2025-05-22 00:00:00-04:00,14.5,14.529999732971191,14.170000076293945,14.279999732971191,14.279999732971191,410900,0.0,0.0
2025-05-23 00:00:00-04:00,14.279999732971191,14.84000015258789,14.119999885559082,14.199999809265137,14.199999809265137,560400,0.0,0.0
2025-05-27 00:00:00-04:00,14.399999618530273,14.579999923706055,14.220000267028809,14.260000228881836,14.260000228881836,597700,0.0,0.0
2025-05-28 00:00:00-04:00,14.1899995803833,14.34000015258789,14.0,14.010000228881836,14.010000228881836,566300,0.0,0.0
2025-05-29 00:00:00-04:00,14.0600004196167,14.180000305175781,13.989999771118164,14.15999984741211,14.15999984741211,525900,0.0,0.0
2025-05-30 00:00:00-04:00,14.0600004196167,14.210000038146973,14.010000228881836,14.100000381469727,14.100000381469727,638500,0.0,0.0
2025-06-02 00:00:00-04:00,14.020000457763672,14.109999656677246,13.800000190734863,13.989999771118164,13.989999771118164,546400,0.0,0.0
2025-06-03 00:00:00-04:00,13.960000038146973,14.1899995803833,13.90999984741211,14.119999885559082,14.119999885559082,468400,0.0,0.0
2025-06-04 00:00:00-04:00,14.069999694824219,14.430000305175781,13.9399995803833,14.25,14.25,830700,0.0,0.0
2025-06-05 00:00:00-04:00,14.210000038146973,14.279999732971191,14.029999732971191,14.149999618530273,14.149999618530273,707400,0.0,0.0
2025-06-06 00:00:00-04:00,14.319999694824219,14.5,14.119999885559082,14.4399995803833,14.4399995803833,689400,0.0,0.0
2025-06-09 00:00:00-04:00,14.5,14.65999984741211,14.369999885559082,14.630000114440918,14.630000114440918,547700,0.0,0.0
2025-06-10 00:00:00-04:00,14.699999809265137,14.800000190734863,14.550000190734863,14.579999923706055,14.579999923706055,458500,0.0,0.0
2025-06-11 00:00:00-04:00,14.600000381469727,14.819999694824219,14.5,14.779999732971191,14.779999732971191,792100,0.0,0.0
2025-06-12 00:00:00-04:00,14.699999809265137,14.880000114440918,14.600000381469727,14.819999694824219,14.819999694824219,664700,0.0,0.0
2025-06-13 00:00:00-04:00,14.609999656677246,14.739999771118164,14.449999809265137,14.649999618530273,14.649999618530273,700100,0.0,0.0
2025-06-16 00:00:00-04:00,14.729999542236328,15.34000015258789,14.729999542236328,14.90999984741211,14.90999984741211,1084200,0.0,0.0
2025-06-17 00:00:00-04:00,14.760000228881836,14.8100004196167,14.479999542236328,14.5,14.5,610200,0.0,0.0
2025-06-18 00:00:00-04:00,14.520000457763672,14.720000267028809,14.359999656677246,14.4399995803833,14.4399995803833,564500,0.0,0.0
2025-06-20 00:00:00-04:00,14.569999694824219,14.640000343322754,14.239999771118164,14.359999656677246,14.359999656677246,1856500,0.0,0.0
2025-06-23 00:00:00-04:00,14.300000190734863,14.390000343322754,14.09000015258789,14.300000190734863,14.300000190734863,432400,0.0,0.0
2025-06-24 00:00:00-04:00,14.380000114440918,14.529999732971191,14.239999771118164,14.520000457763672,14.520000457763672,501000,0.0,0.0
2025-06-25 00:00:00-04:00,14.5,14.739999771118164,14.430000305175781,14.710000038146973,14.710000038146973,530800,0.0,0.0
2025-06-26 00:00:00-04:00,14.869999885559082,14.920000076293945,14.710000038146973,14.899999618530273,14.899999618530273,442500,0.0,0.0
2025-06-27 00:00:00-04:00,14.899999618530273,14.9399995803833,14.670000076293945,14.930000305175781,14.930000305175781,1654300,0.0,0.0
2025-06-30 00:00:00-04:00,14.920000076293945,15.079999923706055,14.800000190734863,15.029999732971191,15.029999732971191,846300,0.0,0.0
2025-07-01 00:00:00-04:00,15.020000457763672,15.729999542236328,14.989999771118164,15.529999732971191,15.529999732971191,788500,0.0,0.0
2025-07-02 00:00:00-04:00,15.479999542236328,15.579999923706055,14.890000343322754,14.9399995803833,14.9399995803833,685900,0.0,0.0
2025-07-03 00:00:00-04:00,14.949999809265137,15.149999618530273,14.760000228881836,15.140000343322754,15.140000343322754,293200,0.0,0.0
2025-07-07 00:00:00-04:00,15.100000381469727,15.1899995803833,14.729999542236328,14.770000457763672,14.770000457763672,453000,0.0,0.0
2025-07-08 00:00:00-04:00,14.859999656677246,15.0600004196167,14.65999984741211,14.6899995803833,14.6899995803833,461500,0.0,0.0
2025-07-09 00:00:00-04:00,14.890000343322754,14.890000343322754,14.449999809265137,14.65999984741211,14.65999984741211,512200,0.0,0.0
2025-07-10 00:00:00-04:00,14.600000381469727,14.75,12.75,13.819999694824219,13.819999694824219,1970800,0.0,0.0
2025-07-11 00:00:00-04:00,13.819999694824219,13.869999885559082,13.369999885559082,13.529999732971191,13.529999732971191,690700,0.0,0.0
2025-07-14 00:00:00-04:00,13.529999732971191,13.5600004196167,13.199999809265137,13.359999656677246,13.359999656677246,1048000,0.0,0.0
2025-07-15 00:00:00-04:00,13.4399995803833,13.460000038146973,12.960000038146973,13.119999885559082,13.119999885559082,874100,0.0,0.0
2025-07-16 00:00:00-04:00,13.130000114440918,13.210000038146973,12.970000267028809,13.199999809265137,13.199999809265137,574900,0.0,0.0
2025-07-17 00:00:00-04:00,13.140000343322754,13.25,12.949999809265137,12.989999771118164,12.989999771118164,674300,0.0,0.0
2025-07-18 00:00:00-04:00,13.130000114440918,13.130000114440918,12.65999984741211,12.6899995803833,12.6899995803833,627800,0.0,0.0
2025-07-21 00:00:00-04:00,12.789999961853027,12.880000114440918,12.670000076293945,12.739999771118164,12.739999771118164,678200,0.0,0.0
2025-07-22 00:00:00-04:00,12.729999542236328,13.069999694824219,12.670000076293945,13.050000190734863,13.050000190734863,1270100,0.0,0.0
2025-07-23 00:00:00-04:00,13.640000343322754,15.380000114440918,13.470000267028809,14.630000114440918,14.630000114440918,2626500,0.0,0.0
2025-07-24 00:00:00-04:00,14.609999656677246,14.609999656677246,13.539999961853027,13.640000343322754,13.640000343322754,1388300,0.0,0.0
2025-07-25 00:00:00-04:00,13.619999885559082,13.670000076293945,13.130000114440918,13.25,13.25,950000,0.0,0.0
2025-07-28 00:00:00-04:00,13.199999809265137,13.359999656677246,13.069999694824219,13.25,13.25,921600,0.0,0.0
2025-07-29 00:00:00-04:00,13.699999809265137,13.699999809265137,13.260000228881836,13.270000457763672,13.270000457763672,837600,0.0,0.0
2025-07-30 00:00:00-04:00,13.369999885559082,13.5600004196167,13.170000076293945,13.380000114440918,13.380000114440918,916200,0.0,0.0
2025-07-31 00:00:00-04:00,13.239999771118164,13.3100004196167,12.970000267028809,13.010000228881836,13.010000228881836,794200,0.0,0.0
2025-08-01 00:00:00-04:00,12.9399995803833,13.100000381469727,12.84000015258789,13.069999694824219,13.069999694824219,925000,0.0,0.0
2025-08-04 00:00:00-04:00,13.069999694824219,13.859999656677246,13.0600004196167,13.84000015258789,13.84000015258789,1048900,0.0,0.0
2025-08-05 00:00:00-04:00,13.880000114440918,14.15999984741211,13.649999618530273,13.970000267028809,13.970000267028809,1809100,0.0,0.0
2025-08-06 00:00:00-04:00,13.949999809265137,14.029999732971191,13.8100004196167,13.989999771118164,13.989999771118164,822700,0.0,0.0
2025-08-07 00:00:00-04:00,14.069999694824219,14.109999656677246,13.6899995803833,13.729999542236328,13.729999542236328,838900,0.0,0.0
2025-08-08 00:00:00-04:00,13.779999732971191,14.399999618530273,13.75,14.390000343322754,14.390000343322754,886200,0.0,0.0
2025-08-11 00:00:00-04:00,14.449999809265137,14.609999656677246,14.199999809265137,14.470000267028809,14.470000267028809,1044300,0.0,0.0
2025-08-12 00:00:00-04:00,14.59000015258789,14.859999656677246,14.420000076293945,14.84000015258789,14.84000015258789,853900,0.0,0.0
2025-08-13 00:00:00-04:00,14.850000381469727,15.3100004196167,14.6899995803833,15.270000457763672,15.270000457763672,1169800,0.0,0.0
2025-08-14 00:00:00-04:00,15.100000381469727,15.329999923706055,14.819999694824219,15.09000015258789,15.09000015258789,1053500,0.0,0.0
2025-08-15 00:00:00-04:00,15.140000343322754,15.199999809265137,14.920000076293945,15.020000457763672,15.020000457763672,853000,0.0,0.0
2025-08-18 00:00:00-04:00,15.069999694824219,15.359999656677246,15.039999961853027,15.3100004196167,15.3100004196167,575800,0.0,0.0
2025-08-19 00:00:00-04:00,15.3100004196167,15.800000190734863,15.3100004196167,15.390000343322754,15.390000343322754,709100,0.0,0.0
2025-08-20 00:00:00-04:00,15.390000343322754,15.569999694824219,15.109999656677246,15.229999542236328,15.229999542236328,572100,0.0,0.0
2025-08-21 00:00:00-04:00,15.140000343322754,15.430000305175781,15.140000343322754,15.220000267028809,15.220000267028809,497500,0.0,0.0
2025-08-22 00:00:00-04:00,15.350000381469727,15.800000190734863,15.329999923706055,15.779999732971191,15.779999732971191,645600,0.0,0.0
2025-08-25 00:00:00-04:00,15.739999771118164,15.890000343322754,15.430000305175781,15.489999771118164,15.489999771118164,583400,0.0,0.0
2025-08-26 00:00:00-04:00,15.479999542236328,15.779999732971191,15.329999923706055,15.470000267028809,15.470000267028809,741900,0.0,0.0
2025-08-27 00:00:00-04:00,15.390000343322754,15.609999656677246,15.279999732971191,15.579999923706055,15.579999923706055,541600,0.0,0.0
2025-08-28 00:00:00-04:00,15.59000015258789,15.6899995803833,15.399999618530273,15.670000076293945,15.670000076293945,528000,0.0,0.0
2025-08-29 00:00:00-04:00,15.699999809265137,15.84000015258789,15.539999961853027,15.609999656677246,15.609999656677246,455400,0.0,0.0
2025-09-02 00:00:00-04:00,15.399999618530273,15.930000305175781,15.359999656677246,15.84000015258789,15.84000015258789,619600,0.0,0.0
2025-09-03 00:00:00-04:00,15.75,15.890000343322754,15.680000305175781,15.779999732971191,15.779999732971191,708800,0.0,0.0
2025-09-04 00:00:00-04:00,15.779999732971191,15.789999961853027,15.449999809265137,15.75,15.75,706300,0.0,0.0
2025-09-05 00:00:00-04:00,15.829999923706055,15.949999809265137,15.680000305175781,15.829999923706055,15.829999923706055,646500,0.0,0.0
2025-09-08 00:00:00-04:00,15.880000114440918,16.18000030517578,15.819999694824219,15.90999984741211,15.90999984741211,732700,0.0,0.0
2025-09-09 00:00:00-04:00,15.850000381469727,16.1200008392334,15.720000267028809,16.110000610351562,16.110000610351562,673100,0.0,0.0
2025-09-10 00:00:00-04:00,16.059999465942383,16.18000030517578,15.800000190734863,15.819999694824219,15.819999694824219,781300,0.0,0.0
2025-09-11 00:00:00-04:00,15.819999694824219,16.59000015258789,15.819999694824219,16.540000915527344,16.540000915527344,759900,0.0,0.0
2025-09-12 00:00:00-04:00,16.399999618530273,16.450000762939453,16.0,16.020000457763672,16.020000457763672,646200,0.0,0.0
2025-09-15 00:00:00-04:00,16.020000457763672,16.079999923706055,15.40999984741211,15.970000267028809,15.970000267028809,713700,0.0,0.0
2025-09-16 00:00:00-04:00,15.970000267028809,15.970000267028809,15.510000228881836,15.619999885559082,15.619999885559082,558500,0.0,0.0
2025-09-17 00:00:00-04:00,15.6899995803833,15.930000305175781,15.520000457763672,15.5600004196167,15.5600004196167,488300,0.0,0.0
2025-09-18 00:00:00-04:00,15.619999885559082,16.06999969482422,15.600000381469727,15.989999771118164,15.989999771118164,468400,0.0,0.0
2025-09-19 00:00:00-04:00,15.979999542236328,16.079999923706055,15.720000267028809,15.829999923706055,15.829999923706055,1311400,0.0,0.0
2025-09-22 00:00:00-04:00,15.819999694824219,16.209999084472656,15.699999809265137,16.139999389648438,16.139999389648438,749200,0.0,0.0
2025-09-23 00:00:00-04:00,16.1200008392334,16.239999771118164,15.800000190734863,16.030000686645508,16.030000686645508,659500,0.0,0.0
2025-09-24 00:00:00-04:00,16.079999923706055,16.600000381469727,15.920000076293945,16.579999923706055,16.579999923706055,877100,0.0,0.0
2025-09-25 00:00:00-04:00,16.43000030517578,16.530000686645508,16.190000534057617,16.360000610351562,16.360000610351562,892700,0.0,0.0
2025-09-26 00:00:00-04:00,16.350000381469727,16.790000915527344,16.040000915527344,16.360000610351562,16.360000610351562,857700,0.0,0.0
2025-09-29 00:00:00-04:00,16.360000610351562,16.510000228881836,16.149999618530273,16.489999771118164,16.489999771118164,1020800,0.0,0.0
2025-09-30 00:00:00-04:00,16.459999084472656,16.8700008392334,16.459999084472656,16.829999923706055,16.829999923706055,1399000,0.0,0.0
2025-10-01 00:00:00-04:00,16.670000076293945,16.90999984741211,16.229999542236328,16.25,16.25,843400,0.0,0.0
2025-10-02 00:00:00-04:00,16.15999984741211,16.6299991607666,16.15999984741211,16.540000915527344,16.540000915527344,781400,0.0,0.0
2025-10-03 00:00:00-04:00,16.6200008392334,16.700000762939453,16.260000228881836,16.299999237060547,16.299999237060547,525400,0.0,0.0
2025-10-06 00:00:00-04:00,16.299999237060547,16.5,16.139999389648438,16.200000762939453,16.200000762939453,505500,0.0,0.0
2025-10-07 00:00:00-04:00,16.25,16.34000015258789,15.819999694824219,15.920000076293945,15.920000076293945,453200,0.0,0.0
2025-10-08 00:00:00-04:00,16.049999237060547,16.1299991607666,15.9399995803833,16.0,16.0,402900,0.0,0.0
2025-10-09 00:00:00-04:00,15.989999771118164,16.059999465942383,15.710000038146973,15.760000228881836,15.760000228881836,349300,0.0,0.0
2025-10-10 00:00:00-04:00,15.760000228881836,15.949999809265137,15.130000114440918,15.180000305175781,15.180000305175781,541700,0.0,0.0
2025-10-13 00:00:00-04:00,15.369999885559082,15.680000305175781,15.359999656677246,15.640000343322754,15.640000343322754,480700,0.0,0.0
2025-10-14 00:00:00-04:00,15.520000457763672,16.149999618530273,15.5,16.139999389648438,16.139999389648438,365600,0.0,0.0
2025-10-15 00:00:00-04:00,16.469999313354492,16.549999237060547,16.190000534057617,16.469999313354492,16.469999313354492,447700,0.0,0.0
2025-10-16 00:00:00-04:00,16.469999313354492,16.649999618530273,16.170000076293945,16.420000076293945,16.420000076293945,661700,0.0,0.0
2025-10-17 00:00:00-04:00,16.31999969482422,16.469999313354492,16.09000015258789,16.350000381469727,16.350000381469727,720600,0.0,0.0
2025-10-20 00:00:00-04:00,16.469999313354492,16.59000015258789,16.270000457763672,16.450000762939453,16.450000762939453,370700,0.0,0.0
2025-10-21 00:00:00-04:00,16.43000030517578,16.649999618530273,16.399999618530273,16.56999969482422,16.56999969482422,497700,0.0,0.0
2025-10-22 00:00:00-04:00,18.459999084472656,20.0,18.139999389648438,18.850000381469727,18.850000381469727,1876200,0.0,0.0
2025-10-23 00:00:00-04:00,18.860000610351562,19.770000457763672,18.43000030517578,18.610000610351562,18.610000610351562,1394200,0.0,0.0
2025-10-24 00:00:00-04:00,18.610000610351562,18.940000534057617,18.329999923706055,18.489999771118164,18.489999771118164,738400,0.0,0.0
2025-10-27 00:00:00-04:00,18.540000915527344,19.1200008392334,18.40999984741211,18.940000534057617,18.940000534057617,960200,0.0,0.0
2025-10-28 00:00:00-04:00,18.93000030517578,19.25,18.75,19.229999542236328,19.229999542236328,1239700,0.0,0.0
2025-10-29 00:00:00-04:00,19.229999542236328,19.459999084472656,18.540000915527344,18.809999465942383,18.809999465942383,957400,0.0,0.0
2025-10-30 00:00:00-04:00,18.739999771118164,18.75,18.0,18.309999465942383,18.309999465942383,1097600,0.0,0.0
2025-10-31 00:00:00-04:00,18.219999313354492,18.459999084472656,17.729999542236328,17.8700008392334,17.8700008392334,804900,0.0,0.0
2025-11-03 00:00:00-05:00,17.8700008392334,17.93000030517578,17.559999465942383,17.8799991607666,17.8799991607666,789700,0.0,0.0
2025-11-04 00:00:00-05:00,17.84000015258789,18.200000762939453,17.65999984741211,18.030000686645508,18.030000686645508,627000,0.0,0.0
2025-11-05 00:00:00-05:00,18.09000015258789,18.34000015258789,17.84000015258789,17.989999771118164,17.989999771118164,859200,0.0,0.0
2025-11-06 00:00:00-05:00,17.90999984741211,17.90999984741211,17.440000534057617,17.479999542236328,17.479999542236328,659500,0.0,0.0
2025-11-07 00:00:00-05:00,17.510000228881836,17.709999084472656,17.139999389648438,17.260000228881836,17.260000228881836,590300,0.0,0.0
2025-11-10 00:00:00-05:00,17.3799991607666,17.670000076293945,17.219999313354492,17.59000015258789,17.59000015258789,583100,0.0,0.0
2025-11-11 00:00:00-05:00,17.600000381469727,17.829999923706055,17.3700008392334,17.739999771118164,17.739999771118164,337700,0.0,0.0
2025-11-12 00:00:00-05:00,17.739999771118164,18.139999389648438,17.59000015258789,17.700000762939453,17.700000762939453,447900,0.0,0.0
2025-11-13 00:00:00-05:00,17.350000381469727,17.600000381469727,17.190000534057617,17.34000015258789,17.34000015258789,397300,0.0,0.0
2025-11-14 00:00:00-05:00,17.229999542236328,17.479999542236328,17.15999984741211,17.350000381469727,17.350000381469727,342500,0.0,0.0
2025-11-17 00:00:00-05:00,17.34000015258789,17.440000534057617,16.969999313354492,17.020000457763672,17.020000457763672,394400,0.0,0.0
2025-11-18 00:00:00-05:00,17.010000228881836,17.219999313354492,16.90999984741211,17.190000534057617,17.190000534057617,350100,0.0,0.0
2025-11-19 00:00:00-05:00,17.239999771118164,17.479999542236328,17.030000686645508,17.25,17.25,422500,0.0,0.0
2025-11-20 00:00:00-05:00,17.459999084472656,17.600000381469727,17.270000457763672,17.31999969482422,17.31999969482422,535200,0.0,0.0
2025-11-21 00:00:00-05:00,17.31999969482422,18.239999771118164,17.260000228881836,17.969999313354492,17.969999313354492,662800,0.0,0.0
2025-11-24 00:00:00-05:00,17.969999313354492,18.700000762939453,17.6200008392334,18.600000381469727,18.600000381469727,1003300,0.0,0.0
2025-11-25 00:00:00-05:00,18.65999984741211,19.149999618530273,18.6200008392334,18.860000610351562,18.860000610351562,648000,0.0,0.0
2025-11-26 00:00:00-05:00,18.90999984741211,19.219999313354492,18.8700008392334,18.950000762939453,18.950000762939453,934600,0.0,0.0
2025-11-28 00:00:00-05:00,18.84000015258789,18.899999618530273,18.639999389648438,18.780000686645508,18.780000686645508,236200,0.0,0.0
2025-12-01 00:00:00-05:00,18.559999465942383,19.06999969482422,18.450000762939453,18.84000015258789,18.84000015258789,493900,0.0,0.0
2025-12-02 00:00:00-05:00,18.8799991607666,19.049999237060547,18.649999618530273,18.84000015258789,18.84000015258789,669300,0.0,0.0
2025-12-03 00:00:00-05:00,18.809999465942383,19.020000457763672,18.709999084472656,18.809999465942383,18.809999465942383,427400,0.0,0.0
2025-12-04 00:00:00-05:00,18.770000457763672,18.90999984741211,18.690000534057617,18.790000915527344,18.790000915527344,513900,0.0,0.0
2025-12-05 00:00:00-05:00,18.829999923706055,19.0,18.549999237060547,18.8799991607666,18.8799991607666,619300,0.0,0.0
2025-12-08 00:00:00-05:00,18.8799991607666,18.8799991607666,17.959999084472656,18.059999465942383,18.059999465942383,737200,0.0,0.0
2025-12-09 00:00:00-05:00,18.09000015258789,18.479999542236328,18.030000686645508,18.40999984741211,18.40999984741211,594300,0.0,0.0
2025-12-10 00:00:00-05:00,18.3700008392334,18.75,18.309999465942383,18.709999084472656,18.709999084472656,661700,0.0,0.0
2025-12-11 00:00:00-05:00,18.729999542236328,19.469999313354492,18.610000610351562,19.40999984741211,19.40999984741211,941400,0.0,0.0
2025-12-12 00:00:00-05:00,19.459999084472656,19.56999969482422,19.100000381469727,19.3700008392334,19.3700008392334,981000,0.0,0.0
2025-12-15 00:00:00-05:00,19.3799991607666,19.59000015258789,19.010000228881836,19.360000610351562,19.360000610351562,800600,0.0,0.0
2025-12-16 00:00:00-05:00,19.43000030517578,19.690000534057617,18.850000381469727,19.09000015258789,19.09000015258789,867100,0.0,0.0
2025-12-17 00:00:00-05:00,19.06999969482422,19.360000610351562,18.950000762939453,19.139999389648438,19.139999389648438,663300,0.0,0.0
2025-12-18 00:00:00-05:00,19.350000381469727,19.489999771118164,19.079999923706055,19.170000076293945,19.170000076293945,633700,0.0,0.0
2025-12-19 00:00:00-05:00,19.059999465942383,19.579999923706055,19.010000228881836,19.540000915527344,19.540000915527344,3796700,0.0,0.0
2025-12-22 00:00:00-05:00,19.510000228881836,20.260000228881836,19.510000228881836,19.68000030517578,19.68000030517578,1461600,0.0,0.0
2025-12-23 00:00:00-05:00,19.649999618530273,19.8700008392334,19.260000228881836,19.579999923706055,19.579999923706055,623600,0.0,0.0
2025-12-24 00:00:00-05:00,19.610000610351562,19.979999542236328,19.549999237060547,19.639999389648438,19.639999389648438,350900,0.0,0.0
2025-12-26 00:00:00-05:00,19.639999389648438,19.649999618530273,19.450000762939453,19.6299991607666,19.6299991607666,386800,0.0,0.0
2025-12-29 00:00:00-05:00,19.56999969482422,19.8799991607666,19.290000915527344,19.8700008392334,19.8700008392334,562400,0.0,0.0
2025-12-30 00:00:00-05:00,19.8700008392334,19.8700008392334,19.6299991607666,19.790000915527344,19.790000915527344,406200,0.0,0.0
