Date,Open,High,Low,Close,Adj Close,Volume,Dividends,Stock Splits
2021-01-04 00:00:00+00:00,2475.0,2554.0,2469.0,2530.0,2528.8828125,884641,0.0,0.0
2021-01-05 00:00:00+00:00,2522.0,2543.0,2506.0,2521.0,2519.88671875,579351,0.0,0.0
2021-01-06 00:00:00+00:00,2523.0,2590.0,2501.0,2570.0,2568.865234375,697498,0.0,0.0
2021-01-07 00:00:00+00:00,2578.0,2606.0,2530.0,2560.0,2558.86962890625,743557,0.0,0.0
2021-01-08 00:00:00+00:00,2576.0,2626.0,2568.0,2612.0,2610.846435546875,966631,0.0,0.0
2021-01-11 00:00:00+00:00,2614.0,2637.0,2595.0,2595.0,2593.853759765625,1933441,0.0,0.0
2021-01-12 00:00:00+00:00,2594.0,2594.580078125,2537.0,2539.0,2537.879150390625,457991,0.0,0.0
2021-01-13 00:00:00+00:00,2533.0,2553.0,2523.0,2546.0,2544.875732421875,1245940,0.0,0.0
2021-01-14 00:00:00+00:00,2549.0,2577.091064453125,2542.0,2563.0,2561.867919921875,465451,0.0,0.0
2021-01-15 00:00:00+00:00,2553.0,2566.0,2535.0,2557.0,2555.870849609375,547330,0.0,0.0
2021-01-18 00:00:00+00:00,2555.0,2579.0,2524.0,2535.0,2533.880615234375,350697,0.0,0.0
2021-01-19 00:00:00+00:00,2544.0,2545.0,2483.0,2499.0,2497.896728515625,824743,0.0,0.0
2021-01-20 00:00:00+00:00,2504.0,2552.0,2489.0,2526.0,2524.885009765625,880440,0.0,0.0
2021-01-21 00:00:00+00:00,2532.0,2574.0,2531.0,2561.0,2559.869384765625,606106,0.0,0.0
2021-01-22 00:00:00+00:00,2570.0,2590.0,2561.0,2578.0,2576.86181640625,430027,0.0,0.0
2021-01-25 00:00:00+00:00,2582.0,2612.0,2562.0,2597.0,2595.853515625,368881,0.0,0.0
2021-01-26 00:00:00+00:00,2624.0,2624.0,2568.0,2573.0,2571.86376953125,287695,0.0,0.0
2021-01-27 00:00:00+00:00,2572.0,2572.0,2502.0,2556.0,2554.87109375,669528,0.0,0.0
2021-01-28 00:00:00+00:00,2538.0,2563.0,2508.0,2525.0,2523.885009765625,521027,0.0,0.0
2021-01-29 00:00:00+00:00,2500.0,2517.0,2455.0,2469.0,2467.90966796875,736897,0.0,0.0
2021-02-01 00:00:00+00:00,2503.0,2515.0,2463.0,2510.0,2508.89111328125,738614,0.0,0.0
2021-02-02 00:00:00+00:00,2510.0,2551.0,2507.0,2535.0,2533.880615234375,533789,0.0,0.0
2021-02-03 00:00:00+00:00,2543.0,2556.0,2492.0,2518.0,2516.88818359375,371479,0.0,0.0
2021-02-04 00:00:00+00:00,2523.0,2540.0,2478.6201171875,2492.0,2490.8994140625,462140,0.0,0.0
2021-02-05 00:00:00+00:00,2495.0,2495.0,2449.0,2458.0,2456.914306640625,890233,0.0,0.0
2021-02-08 00:00:00+00:00,2472.0,2492.0,2363.0,2483.0,2481.90380859375,1211618,0.0,0.0
2021-02-09 00:00:00+00:00,2483.0,2503.0,2452.0,2493.0,2491.899169921875,637513,0.0,0.0
2021-02-10 00:00:00+00:00,2506.0,2506.0,2464.0,2465.0,2463.911865234375,391257,0.0,0.0
2021-02-11 00:00:00+00:00,2465.0,2536.0,2459.0,2523.0,2521.885498046875,467817,0.0,0.0
2021-02-12 00:00:00+00:00,2515.0,2561.0,2515.0,2559.0,2557.870361328125,337289,0.0,0.0
2021-02-15 00:00:00+00:00,2569.0,2581.0,2549.7958984375,2576.0,2574.8623046875,386801,0.0,0.0
2021-02-16 00:00:00+00:00,2584.0,2593.0,2550.0,2554.0,2552.87255859375,317628,0.0,0.0
2021-02-17 00:00:00+00:00,2557.0,2557.0,2518.0,2519.0,2517.887939453125,522227,0.0,0.0
2021-02-18 00:00:00+00:00,2520.0,2553.0,2480.0,2494.0,2492.8984375,677061,0.0,0.0
2021-02-19 00:00:00+00:00,2499.0,2512.0,2464.0,2466.0,2464.91064453125,462871,0.0,0.0
2021-02-22 00:00:00+00:00,2447.0,2468.0,2404.0,2418.0,2416.93212890625,591140,0.0,0.0
2021-02-23 00:00:00+00:00,2419.0,2427.0,2350.0,2375.0,2373.951171875,940251,0.0,0.0
2021-02-24 00:00:00+00:00,2362.0,2381.0,2338.0,2364.0,2362.9560546875,568478,0.0,0.0
2021-02-25 00:00:00+00:00,2371.0,2386.0,2345.0,2351.0,2349.961669921875,442048,0.0,0.0
2021-02-26 00:00:00+00:00,2326.0,2337.48291015625,2252.0,2267.0,2265.9990234375,1139370,0.0,0.0
2021-03-01 00:00:00+00:00,2300.0,2340.0,2289.0,2307.0,2305.98095703125,536806,0.0,0.0
2021-03-02 00:00:00+00:00,2307.0,2358.0,2303.0,2306.0,2304.9814453125,470460,0.0,0.0
2021-03-03 00:00:00+00:00,2327.0,2345.0,2269.0,2275.0,2273.994873046875,738583,0.0,0.0
2021-03-04 00:00:00+00:00,2258.0,2311.0,2223.0,2270.0,2268.99755859375,1296903,0.0,0.0
2021-03-05 00:00:00+00:00,2251.0,2275.419921875,2230.0,2233.0,2232.01416015625,724824,0.0,0.0
2021-03-08 00:00:00+00:00,2227.0,2257.0,2215.0,2255.0,2254.004150390625,505521,0.0,0.0
2021-03-09 00:00:00+00:00,2260.0,2310.0,2244.0,2289.0,2287.989013671875,662960,0.0,0.0
2021-03-10 00:00:00+00:00,2284.0,2309.0,2270.0,2282.0,2280.991943359375,571312,0.0,0.0
2021-03-11 00:00:00+00:00,2313.0,2347.0,2307.0,2326.0,2324.972900390625,698424,0.0,0.0
2021-03-12 00:00:00+00:00,2321.0,2326.0,2278.0,2292.0,2290.988037109375,527132,0.0,0.0
2021-03-15 00:00:00+00:00,2290.0,2313.0,2273.0,2289.0,2287.989013671875,657435,0.0,0.0
2021-03-16 00:00:00+00:00,2308.0,2336.0,2301.0,2322.0,2320.974609375,628094,0.0,0.0
2021-03-17 00:00:00+00:00,2318.0,2324.0,2287.0,2302.0,2300.9833984375,516913,0.0,0.0
2021-03-18 00:00:00+00:00,2301.0,2302.0,2260.0,2276.0,2274.994873046875,668162,0.0,0.0
2021-03-19 00:00:00+00:00,2255.0,2274.0,2232.0,2244.0,2243.0087890625,1803183,0.0,0.0
2021-03-22 00:00:00+00:00,2232.0,2301.0,2214.0,2293.0,2291.9873046875,731375,0.0,0.0
2021-03-23 00:00:00+00:00,2280.0,2339.0,2270.0,2305.0,2303.98193359375,1211308,0.0,0.0
2021-03-24 00:00:00+00:00,2330.0,2382.0,2319.0,2359.0,2357.958251953125,925526,0.0,0.0
2021-03-25 00:00:00+00:00,2358.0,2423.0,2352.7880859375,2380.0,2378.948974609375,1215172,0.0,0.0
2021-03-26 00:00:00+00:00,2389.0,2405.0,2359.0,2386.0,2384.946533203125,761586,0.0,0.0
2021-03-29 00:00:00+01:00,2401.0,2401.39990234375,2335.0,2345.0,2343.964111328125,1052944,0.0,0.0
2021-03-30 00:00:00+01:00,2354.0,2370.0,2338.0,2357.0,2355.959228515625,620617,0.0,0.0
2021-03-31 00:00:00+01:00,2364.0,2401.0,2359.0,2374.0,2372.95166015625,1341358,0.0,0.0
2021-04-01 00:00:00+01:00,2401.0,2450.0,2386.0,2438.0,2436.923583984375,886042,0.0,0.0
2021-04-06 00:00:00+01:00,2480.0,2487.0,2454.0,2467.0,2465.910400390625,1061449,0.0,0.0
2021-04-07 00:00:00+01:00,2476.0,2498.0,2463.0,2475.0,2473.906982421875,690570,0.0,0.0
2021-04-08 00:00:00+01:00,2481.0,2533.0,2481.0,2533.0,2531.88134765625,656757,0.0,0.0
2021-04-09 00:00:00+01:00,2541.0,2566.0,2529.0,2559.0,2557.870361328125,728522,0.0,0.0
2021-04-12 00:00:00+01:00,2566.0,2590.260009765625,2525.0,2535.0,2533.880615234375,765776,0.0,0.0
2021-04-13 00:00:00+01:00,2528.0,2560.0,2515.0,2541.0,2539.877685546875,465342,0.0,0.0
2021-04-14 00:00:00+01:00,2551.0,2551.0,2520.0,2528.0,2526.883544921875,566381,0.0,0.0
2021-04-15 00:00:00+01:00,2549.0,2567.0,2534.0,2559.0,2557.870361328125,668124,0.0,0.0
2021-04-16 00:00:00+01:00,2565.0,2571.0,2545.0,2563.0,2561.867919921875,866925,0.0,0.0
2021-04-19 00:00:00+01:00,2567.0,2581.0,2531.0,2544.0,2542.876953125,739043,0.0,0.0
2021-04-20 00:00:00+01:00,2561.0,2579.0,2528.0,2562.0,2560.868896484375,795689,0.0,0.0
2021-04-21 00:00:00+01:00,2570.0,2583.0,2552.0,2576.0,2574.8623046875,637376,0.0,0.0
2021-04-22 00:00:00+01:00,2592.0,2622.0,2568.0,2615.0,2613.845458984375,525526,0.0,0.0
2021-04-23 00:00:00+01:00,2610.0,2634.0,2606.0,2628.0,2626.83935546875,438952,0.0,0.0
2021-04-26 00:00:00+01:00,2622.0,2637.0,2604.0,2630.0,2628.838623046875,458372,0.0,0.0
2021-04-27 00:00:00+01:00,2630.0,2642.0,2598.0,2601.0,2599.851318359375,493932,0.0,0.0
2021-04-28 00:00:00+01:00,2603.0,2612.0,2571.0,2576.0,2574.8623046875,485130,0.0,0.0
2021-04-29 00:00:00+01:00,2578.0,2620.0,2560.0,2578.0,2576.86181640625,641682,0.0,0.0
2021-04-30 00:00:00+01:00,2570.0,2599.0,2561.0,2588.0,2586.857177734375,745054,0.0,0.0
2021-05-04 00:00:00+01:00,2613.0,2619.5,2549.0,2549.0,2547.8740234375,599301,0.0,0.0
2021-05-05 00:00:00+01:00,2557.0,2585.0,2555.0,2567.0,2565.866455078125,552319,0.0,0.0
2021-05-06 00:00:00+01:00,2572.0,2572.0,2538.0,2559.0,2557.870361328125,498487,0.0,0.0
2021-05-07 00:00:00+01:00,2573.0,2597.0,2565.0,2597.0,2595.853515625,392456,0.0,0.0
2021-05-10 00:00:00+01:00,2604.0,2606.0,2553.0,2561.0,2559.869384765625,574499,0.0,0.0
2021-05-11 00:00:00+01:00,2531.0,2541.0,2467.0,2479.0,2477.905029296875,746357,0.0,0.0
2021-05-12 00:00:00+01:00,2470.0,2491.0,2450.0,2452.0,2450.917236328125,437121,0.0,0.0
2021-05-13 00:00:00+01:00,2445.0,2464.0,2411.0,2464.0,2462.912109375,448566,0.0,0.0
2021-05-14 00:00:00+01:00,2486.0,2497.0,2465.0,2497.0,2495.8974609375,325902,0.0,0.0
2021-05-17 00:00:00+01:00,2509.0,2517.0,2476.0,2480.0,2478.90478515625,442496,0.0,0.0
2021-05-18 00:00:00+01:00,2503.0,2503.0,2470.0,2481.0,2479.904296875,434426,0.0,0.0
2021-05-19 00:00:00+01:00,2471.0,2480.0,2422.0,2476.0,2474.90673828125,635023,0.0,0.0
2021-05-20 00:00:00+01:00,2491.0,2543.0,2490.0,2538.0,2536.87939453125,489325,0.0,0.0
2021-05-21 00:00:00+01:00,2544.0,2563.0,2536.0,2551.0,2549.87353515625,501156,0.0,0.0
2021-05-24 00:00:00+01:00,2581.0,2581.0,2555.0,2569.0,2567.865478515625,225642,0.0,0.0
2021-05-25 00:00:00+01:00,2569.0,2600.0,2564.0,2597.0,2595.853515625,511990,0.0,0.0
2021-05-26 00:00:00+01:00,2600.0,2617.10009765625,2590.0,2594.0,2592.85400390625,425328,0.0,0.0
2021-05-27 00:00:00+01:00,2580.0,2609.0,2580.0,2591.0,2589.85595703125,1185349,0.0,0.0
2021-05-28 00:00:00+01:00,2577.0,2624.0,2564.0,2604.0,2602.85009765625,725759,0.0,0.0
2021-06-01 00:00:00+01:00,2611.0,2659.0,2608.0,2634.0,2632.837158203125,567675,0.0,0.0
2021-06-02 00:00:00+01:00,2640.0,2645.0,2611.0,2613.0,2611.846435546875,416569,0.0,0.0
2021-06-03 00:00:00+01:00,2615.0,2615.0,2577.0,2588.0,2586.857177734375,365137,0.0,0.0
2021-06-04 00:00:00+01:00,2588.0,2640.0,2572.0,2640.0,2638.833984375,769843,0.0,0.0
2021-06-07 00:00:00+01:00,2654.0,2676.0,2634.0,2671.0,2669.8203125,1028612,0.0,0.0
2021-06-08 00:00:00+01:00,2670.0,2703.0,2649.0,2677.0,2675.817626953125,595842,0.0,0.0
2021-06-09 00:00:00+01:00,2667.0,2687.0,2661.47998046875,2680.0,2678.816162109375,387128,0.0,0.0
2021-06-10 00:00:00+01:00,2700.0,2728.0,2622.0,2680.0,2678.816162109375,569857,0.0,0.0
2021-06-11 00:00:00+01:00,2687.0,2785.322998046875,2686.0,2735.0,2733.79248046875,798951,0.0,0.0
2021-06-14 00:00:00+01:00,2760.0,2799.0,2755.0,2791.0,2789.767578125,586492,0.0,0.0
2021-06-15 00:00:00+01:00,2819.0,2883.0,2801.794921875,2834.0,2832.74853515625,926788,0.0,0.0
2021-06-16 00:00:00+01:00,2842.0,2859.0,2820.52490234375,2851.0,2849.7412109375,595411,0.0,0.0
2021-06-17 00:00:00+01:00,2811.0,2814.39990234375,2672.0,2722.0,2720.798095703125,1476012,0.0,0.0
2021-06-18 00:00:00+01:00,2730.0,2785.199951171875,2700.0,2700.0,2698.8076171875,3381074,0.0,0.0
2021-06-21 00:00:00+01:00,2699.0,2715.0,2683.0,2713.0,2711.80224609375,606123,0.0,0.0
2021-06-22 00:00:00+01:00,2712.0,2724.0,2680.0,2723.0,2721.797607421875,599277,0.0,0.0
2021-06-23 00:00:00+01:00,2719.0,2719.0,2686.0,2698.0,2696.80859375,664674,0.0,0.0
2021-06-24 00:00:00+01:00,2702.0,2730.0,2696.0,2723.0,2721.797607421875,588972,0.0,0.0
2021-06-25 00:00:00+01:00,2702.0,2721.0,2677.0,2721.0,2719.798583984375,469354,0.0,0.0
2021-06-28 00:00:00+01:00,2703.0,2743.0,2703.0,2732.0,2730.793701171875,502334,0.0,0.0
2021-06-29 00:00:00+01:00,2730.0,2752.0,2714.0,2716.0,2714.800537109375,474826,0.0,0.0
2021-06-30 00:00:00+01:00,2720.0,2737.0,2679.0,2692.0,2690.811279296875,697171,0.0,0.0
2021-07-01 00:00:00+01:00,2694.0,2714.0,2671.0,2710.0,2708.802978515625,471963,0.0,0.0
2021-07-02 00:00:00+01:00,2710.0,2743.0,2710.0,2739.0,2737.790283203125,363288,0.0,0.0
2021-07-05 00:00:00+01:00,2738.0,2755.4599609375,2734.0,2744.0,2742.788330078125,256146,0.0,0.0
2021-07-06 00:00:00+01:00,2730.0,2772.0,2722.0,2772.0,2770.775634765625,466099,0.0,0.0
2021-07-07 00:00:00+01:00,2784.0,2800.818115234375,2756.0,2798.0,2796.764404296875,481668,0.0,0.0
2021-07-08 00:00:00+01:00,2779.0,2789.0,2742.0,2764.0,2762.885986328125,558000,10.78,0.0
2021-07-09 00:00:00+01:00,2767.0,2775.0,2743.0,2775.0,2773.88134765625,546698,0.0,0.0
2021-07-12 00:00:00+01:00,2768.0,2816.2880859375,2767.340087890625,2802.0,2800.870849609375,398763,0.0,0.0
2021-07-13 00:00:00+01:00,2798.0,2850.0,2790.0,2850.0,2848.850830078125,553020,0.0,0.0
2021-07-14 00:00:00+01:00,2844.0,2844.0,2778.0,2792.0,2790.87451171875,543056,0.0,0.0
2021-07-15 00:00:00+01:00,2786.0,2814.0,2767.0,2778.0,2776.8798828125,478540,0.0,0.0
2021-07-16 00:00:00+01:00,2792.0,2807.0,2764.0,2771.0,2769.8828125,682552,0.0,0.0
2021-07-19 00:00:00+01:00,2750.0,2770.0,2727.0,2765.0,2763.885498046875,401680,0.0,0.0
2021-07-20 00:00:00+01:00,2782.0,2784.0,2755.0,2776.0,2774.881103515625,890981,0.0,0.0
2021-07-21 00:00:00+01:00,2785.0,2803.0,2768.0,2784.0,2782.87744140625,404999,0.0,0.0
2021-07-22 00:00:00+01:00,2802.0,2849.0,2785.0,2843.0,2841.8544921875,528579,0.0,0.0
2021-07-23 00:00:00+01:00,2852.0,2865.0,2844.0,2856.0,2854.8486328125,326426,0.0,0.0
2021-07-26 00:00:00+01:00,2857.0,2886.4599609375,2828.0,2835.0,2833.857177734375,463267,0.0,0.0
2021-07-27 00:00:00+01:00,2814.0,2864.0,2809.7880859375,2835.0,2833.857177734375,458343,0.0,0.0
2021-07-28 00:00:00+01:00,2839.0,2887.0,2838.0,2874.0,2872.841552734375,438882,0.0,0.0
2021-07-29 00:00:00+01:00,2876.0,2895.0,2842.0,2881.0,2879.8388671875,497953,0.0,0.0
2021-07-30 00:00:00+01:00,2863.0,2894.43408203125,2845.0,2889.0,2887.83544921875,532556,0.0,0.0
2021-08-02 00:00:00+01:00,2900.0,2923.0,2884.617919921875,2922.0,2920.822021484375,640638,0.0,0.0
2021-08-03 00:00:00+01:00,2903.0,2939.0,2900.0,2926.0,2924.821044921875,465606,0.0,0.0
2021-08-04 00:00:00+01:00,2939.0,2969.0,2920.0,2958.0,2956.8076171875,596018,0.0,0.0
2021-08-05 00:00:00+01:00,2945.0,2987.0,2925.0,2925.0,2923.8212890625,653016,0.0,0.0
2021-08-06 00:00:00+01:00,2939.0,2948.0,2900.0,2900.0,2898.830810546875,957194,0.0,0.0
2021-08-09 00:00:00+01:00,2902.0,2914.778076171875,2873.0,2900.0,2898.830810546875,957808,0.0,0.0
2021-08-10 00:00:00+01:00,2902.0,2919.284912109375,2883.0,2900.0,2898.830810546875,373428,0.0,0.0
2021-08-11 00:00:00+01:00,2911.0,2935.0,2894.0,2935.0,2933.8173828125,513445,0.0,0.0
2021-08-12 00:00:00+01:00,2935.0,2953.0,2906.0,2927.0,2925.8203125,530523,0.0,0.0
2021-08-13 00:00:00+01:00,2935.0,2974.0,2935.0,2960.0,2958.80712890625,407125,0.0,0.0
2021-08-16 00:00:00+01:00,2947.0,2968.455078125,2941.0,2947.0,2945.81201171875,349824,0.0,0.0
2021-08-17 00:00:00+01:00,2946.0,2977.0,2932.02001953125,2977.0,2975.7998046875,380969,0.0,0.0
2021-08-18 00:00:00+01:00,2983.0,2991.47509765625,2973.0,2978.0,2976.7998046875,481960,0.0,0.0
2021-08-19 00:00:00+01:00,2959.0,2975.0,2929.0,2975.0,2973.80078125,382258,0.0,0.0
2021-08-20 00:00:00+01:00,2985.0,3019.0,2976.0,3013.0,3011.785400390625,546820,0.0,0.0
2021-08-23 00:00:00+01:00,3040.0,3042.0,2982.278076171875,3001.0,2999.790283203125,265050,0.0,0.0
2021-08-24 00:00:00+01:00,3008.0,3037.0,2989.0,3008.0,3006.787353515625,388195,0.0,0.0
2021-08-25 00:00:00+01:00,2989.0,3022.0,2973.570068359375,2990.0,2988.794921875,362910,0.0,0.0
2021-08-26 00:00:00+01:00,2983.0,2990.0,2964.0,2986.0,2984.79638671875,852747,0.0,0.0
2021-08-27 00:00:00+01:00,2989.0,3000.0,2967.0,2994.0,2992.792724609375,504473,0.0,0.0
2021-08-31 00:00:00+01:00,3002.0,3047.181884765625,2984.0,3003.0,3001.789306640625,669945,0.0,0.0
2021-09-01 00:00:00+01:00,3021.0,3047.0,3002.0,3044.0,3042.77294921875,518485,0.0,0.0
2021-09-02 00:00:00+01:00,3036.0,3060.0,3017.0,3038.0,3036.775146484375,675113,0.0,0.0
2021-09-03 00:00:00+01:00,3048.0,3062.0,3024.0,3040.0,3038.774658203125,505822,0.0,0.0
2021-09-06 00:00:00+01:00,3054.0,3081.0,3052.0,3057.0,3055.767578125,475218,0.0,0.0
2021-09-07 00:00:00+01:00,3055.0,3071.0,3025.0,3036.0,3034.776123046875,260116,0.0,0.0
2021-09-08 00:00:00+01:00,3024.0,3048.0,2995.0,3048.0,3046.771484375,770829,0.0,0.0
2021-09-09 00:00:00+01:00,3026.0,3076.0,3009.0,3059.0,3057.76708984375,593805,0.0,0.0
2021-09-10 00:00:00+01:00,3083.0,3090.47509765625,3045.449951171875,3062.0,3060.765625,459494,0.0,0.0
2021-09-13 00:00:00+01:00,3070.0,3085.0,3035.0,3035.0,3033.776123046875,337386,0.0,0.0
2021-09-14 00:00:00+01:00,3031.0,3061.0,3020.0,3061.0,3059.76611328125,285670,0.0,0.0
2021-09-15 00:00:00+01:00,3061.0,3067.0,3017.0,3017.0,3015.78369140625,475099,0.0,0.0
2021-09-16 00:00:00+01:00,3021.0,3050.0,3005.0,3044.0,3042.77294921875,624681,0.0,0.0
2021-09-17 00:00:00+01:00,3070.0,3103.0,3019.0,3024.0,3022.78125,1683956,0.0,0.0
2021-09-20 00:00:00+01:00,3005.0,3020.0,2980.0,2999.0,2997.791259765625,568113,0.0,0.0
2021-09-21 00:00:00+01:00,3006.0,3062.0,2994.0,3057.0,3055.767578125,441127,0.0,0.0
2021-09-22 00:00:00+01:00,3073.0,3141.0,3069.0,3110.0,3108.74658203125,608870,0.0,0.0
2021-09-23 00:00:00+01:00,3139.0,3184.0,3130.0,3137.0,3135.73583984375,617084,0.0,0.0
2021-09-24 00:00:00+01:00,3141.0,3163.0,3046.0,3046.0,3044.77197265625,500120,0.0,0.0
2021-09-27 00:00:00+01:00,3070.0,3082.0,2915.0,2918.0,2916.823974609375,1080504,0.0,0.0
2021-09-28 00:00:00+01:00,2909.0,2909.0,2817.0,2840.0,2838.855224609375,875233,0.0,0.0
2021-09-29 00:00:00+01:00,2837.0,2904.0,2831.0,2845.0,2843.85302734375,621349,0.0,0.0
2021-09-30 00:00:00+01:00,2875.0,2903.0,2836.0,2842.0,2840.8544921875,768791,0.0,0.0
2021-10-01 00:00:00+01:00,2826.0,2844.0,2795.7880859375,2820.0,2818.863525390625,468607,0.0,0.0
2021-10-04 00:00:00+01:00,2805.0,2833.0,2768.0,2768.0,2766.884033203125,500088,0.0,0.0
2021-10-05 00:00:00+01:00,2780.0,2805.0,2752.0,2805.0,2803.868896484375,538531,0.0,0.0
2021-10-06 00:00:00+01:00,2779.0,2793.0,2717.0,2758.0,2756.88818359375,538444,0.0,0.0
2021-10-07 00:00:00+01:00,2782.0,2798.0,2740.0,2768.0,2766.884033203125,475909,0.0,0.0
2021-10-08 00:00:00+01:00,2775.0,2788.0,2739.0,2748.0,2746.892578125,322472,0.0,0.0
2021-10-11 00:00:00+01:00,2740.0,2766.0,2714.0,2764.0,2762.885986328125,364307,0.0,0.0
2021-10-12 00:00:00+01:00,2726.0,2774.0,2715.0,2774.0,2772.8818359375,630487,0.0,0.0
2021-10-13 00:00:00+01:00,2761.0,2843.0,2740.0,2835.0,2833.857177734375,599297,0.0,0.0
2021-10-14 00:00:00+01:00,2843.0,2883.0,2834.0,2883.0,2881.837890625,554217,0.0,0.0
2021-10-15 00:00:00+01:00,2903.0,2905.0,2872.0,2885.0,2883.837158203125,640278,0.0,0.0
2021-10-18 00:00:00+01:00,2862.0,2876.0,2834.0,2865.0,2863.845458984375,347657,0.0,0.0
2021-10-19 00:00:00+01:00,2878.0,2884.0,2832.625,2864.0,2862.845703125,600034,0.0,0.0
2021-10-20 00:00:00+01:00,2867.0,2936.429931640625,2858.35009765625,2898.0,2896.83154296875,1388138,0.0,0.0
2021-10-21 00:00:00+01:00,2888.0,2973.0,2879.35009765625,2956.0,2954.808349609375,843936,0.0,0.0
2021-10-22 00:00:00+01:00,2972.0,2988.0,2948.0,2958.0,2956.8076171875,382290,0.0,0.0
2021-10-25 00:00:00+01:00,2972.0,2989.0,2939.0,2942.0,2940.814208984375,518381,0.0,0.0
2021-10-26 00:00:00+01:00,2947.0,2977.4599609375,2933.0,2962.0,2960.805908203125,363223,0.0,0.0
2021-10-27 00:00:00+01:00,2963.0,2991.0,2941.287109375,2957.0,2955.80810546875,400697,0.0,0.0
2021-10-28 00:00:00+01:00,2958.0,2979.0,2931.0,2979.0,2977.799560546875,373191,0.0,0.0
2021-10-29 00:00:00+01:00,2958.0,2965.39501953125,2914.0,2962.0,2960.805908203125,524370,0.0,0.0
2021-11-01 00:00:00+00:00,2998.0,2998.0,2914.5400390625,2977.0,2975.7998046875,402982,0.0,0.0
2021-11-02 00:00:00+00:00,2972.0,3007.0,2962.79296875,3002.0,3000.7900390625,462558,0.0,0.0
2021-11-03 00:00:00+00:00,2988.0,3017.0,2984.0,3011.0,3009.786376953125,431771,0.0,0.0
2021-11-04 00:00:00+00:00,3026.0,3048.06005859375,2996.0,3040.0,3038.774658203125,1125540,0.0,0.0
2021-11-05 00:00:00+00:00,3037.0,3086.449951171875,2990.0,2990.0,2988.794921875,548868,0.0,0.0
2021-11-08 00:00:00+00:00,2991.0,3031.0,2986.0,3026.0,3024.780029296875,519487,0.0,0.0
2021-11-09 00:00:00+00:00,3025.0,3032.0,3004.52001953125,3021.0,3019.781982421875,359042,0.0,0.0
2021-11-10 00:00:00+00:00,3010.0,3027.0,2985.0,3027.0,3025.779296875,589772,0.0,0.0
2021-11-11 00:00:00+00:00,3030.0,3110.0,3025.0400390625,3102.0,3100.74951171875,1023441,0.0,0.0
2021-11-12 00:00:00+00:00,3118.0,3155.0,3082.0,3150.0,3148.72998046875,426928,0.0,0.0
2021-11-15 00:00:00+00:00,3142.0,3152.0,3107.8701171875,3144.0,3142.732421875,519747,0.0,0.0
2021-11-16 00:00:00+00:00,3138.0,3154.0,3100.0,3148.0,3146.7314453125,418656,0.0,0.0
2021-11-17 00:00:00+00:00,3148.0,3148.0,3106.0,3126.0,3124.739990234375,444435,0.0,0.0
2021-11-18 00:00:00+00:00,3147.0,3189.0,3041.0,3124.0,3122.740478515625,623002,0.0,0.0
2021-11-19 00:00:00+00:00,3159.0,3188.0,3119.080078125,3165.0,3163.724365234375,582570,0.0,0.0
2021-11-22 00:00:00+00:00,3161.0,3171.0,3104.0,3135.0,3133.736083984375,699322,0.0,0.0
2021-11-23 00:00:00+00:00,3110.0,3122.0,2956.0,2956.0,2954.808349609375,757330,0.0,0.0
2021-11-24 00:00:00+00:00,2969.0,3029.427001953125,2938.0,2959.0,2957.807373046875,1219340,0.0,0.0
2021-11-25 00:00:00+00:00,2970.0,2977.0,2928.0,2966.0,2964.8046875,367132,0.0,0.0
2021-11-26 00:00:00+00:00,2920.0,3003.0,2297.8701171875,2972.0,2970.802001953125,668186,0.0,0.0
2021-11-29 00:00:00+00:00,2999.0,3033.0,2988.0,3029.0,3027.779052734375,692200,0.0,0.0
2021-11-30 00:00:00+00:00,3010.0,3054.676025390625,2979.0,3001.0,2999.790283203125,1079982,0.0,0.0
2021-12-01 00:00:00+00:00,3005.0,3036.0,2964.094970703125,3035.0,3033.776123046875,661282,0.0,0.0
2021-12-02 00:00:00+00:00,3002.0,3015.0,2958.0,2994.0,2992.792724609375,950849,0.0,0.0
2021-12-03 00:00:00+00:00,3002.0,3036.0,2991.0,3004.0,3002.789306640625,918146,0.0,0.0
2021-12-06 00:00:00+00:00,3003.0,3038.0,3001.0,3010.0,3008.786865234375,571626,0.0,0.0
2021-12-07 00:00:00+00:00,3034.0,3116.0,3027.0,3115.0,3113.743896484375,522538,0.0,0.0
2021-12-08 00:00:00+00:00,3107.0,3160.0,3099.0,3102.0,3100.74951171875,596480,0.0,0.0
2021-12-09 00:00:00+00:00,3119.0,3152.0,3115.0,3152.0,3150.7294921875,588151,0.0,0.0
2021-12-10 00:00:00+00:00,3134.0,3156.0,3116.4951171875,3135.0,3133.736083984375,662888,0.0,0.0
2021-12-13 00:00:00+00:00,3136.0,3181.0,3130.0,3150.0,3148.72998046875,548522,0.0,0.0
2021-12-14 00:00:00+00:00,3166.0,3173.0,3081.0,3081.0,3079.7578125,697848,0.0,0.0
2021-12-15 00:00:00+00:00,3093.0,3131.0,3079.0,3120.0,3118.7421875,505329,0.0,0.0
2021-12-16 00:00:00+00:00,3159.0,3163.0,3100.0,3106.0,3104.747802734375,523065,0.0,0.0
2021-12-17 00:00:00+00:00,3092.0,3112.0,3057.0,3068.0,3066.76318359375,2141794,0.0,0.0
2021-12-20 00:00:00+00:00,3014.0,3081.0,2997.0,3081.0,3079.7578125,637265,0.0,0.0
2021-12-21 00:00:00+00:00,3107.0,3122.0,3080.0,3080.0,3078.75830078125,330731,0.0,0.0
2021-12-22 00:00:00+00:00,3085.0,3151.0,3084.365966796875,3151.0,3149.7294921875,448246,0.0,0.0
2021-12-23 00:00:00+00:00,3145.0,3166.0,3112.0,3166.0,3164.797607421875,545260,7.35,0.0
2021-12-24 00:00:00+00:00,3159.0,3176.0,3135.0,3142.0,3140.806396484375,109081,0.0,0.0
2021-12-29 00:00:00+00:00,3184.0,3216.0,3155.947998046875,3216.0,3214.778564453125,598649,0.0,0.0
2021-12-30 00:00:00+00:00,3221.0,3232.0,3206.0,3209.0,3207.78173828125,532434,0.0,0.0
2021-12-31 00:00:00+00:00,3179.0,3206.7490234375,3179.0,3200.0,3198.784912109375,208282,0.0,0.0
2022-01-04 00:00:00+00:00,3270.0,3270.0,3152.0,3152.0,3150.802978515625,801888,0.0,0.0
2022-01-05 00:00:00+00:00,3144.0,3177.0,3133.0,3135.0,3133.80908203125,513546,0.0,0.0
2022-01-06 00:00:00+00:00,3093.0,3104.464111328125,2981.0,3007.0,3005.85791015625,593040,0.0,0.0
2022-01-07 00:00:00+00:00,2994.0,3022.0,2968.0,2974.0,2972.870361328125,887838,0.0,0.0
2022-01-10 00:00:00+00:00,2973.0,2996.0,2821.0,2823.0,2821.927490234375,957144,0.0,0.0
2022-01-11 00:00:00+00:00,2869.0,2901.0,2836.0,2873.0,2871.908935546875,839726,0.0,0.0
2022-01-12 00:00:00+00:00,2895.0,2903.0,2867.0,2893.0,2891.90087890625,607537,0.0,0.0
2022-01-13 00:00:00+00:00,2883.0,2884.77490234375,2780.0,2780.0,2778.94384765625,741358,0.0,0.0
2022-01-14 00:00:00+00:00,2753.0,2786.23193359375,2657.0,2657.0,2655.99072265625,889691,0.0,0.0
2022-01-17 00:00:00+00:00,2678.0,2729.0,2641.0,2670.0,2668.986083984375,1171705,0.0,0.0
2022-01-18 00:00:00+00:00,2674.0,2674.0,2569.0,2593.0,2592.01513671875,1371609,0.0,0.0
2022-01-19 00:00:00+00:00,2556.0,2612.0,2533.0,2567.0,2566.025146484375,1301064,0.0,0.0
2022-01-20 00:00:00+00:00,2579.0,2601.56201171875,2524.219970703125,2594.0,2593.014404296875,943352,0.0,0.0
2022-01-21 00:00:00+00:00,2532.0,2566.0,2501.0,2519.0,2518.04345703125,1124683,0.0,0.0
2022-01-24 00:00:00+00:00,2461.0,2485.925048828125,2426.0,2443.0,2442.072265625,2075776,0.0,0.0
2022-01-25 00:00:00+00:00,2462.0,2462.0,2382.0,2409.0,2408.08544921875,1143765,0.0,0.0
2022-01-26 00:00:00+00:00,2550.0,2550.0,2414.0,2421.0,2420.08056640625,1342382,0.0,0.0
2022-01-27 00:00:00+00:00,2369.0,2438.0,2349.0,2426.0,2425.0791015625,944552,0.0,0.0
2022-01-28 00:00:00+00:00,2403.0,2439.0,2397.0,2435.0,2434.0751953125,1720629,0.0,0.0
2022-01-31 00:00:00+00:00,2452.0,2503.0,2441.634033203125,2496.0,2495.052001953125,789027,0.0,0.0
2022-02-01 00:00:00+00:00,2511.0,2579.0,2487.0,2504.0,2503.049072265625,1352266,0.0,0.0
2022-02-02 00:00:00+00:00,2514.0,2582.0,2514.0,2537.0,2536.036376953125,1079092,0.0,0.0
2022-02-03 00:00:00+00:00,2503.0,2529.0,2446.0,2447.0,2446.070556640625,1039465,0.0,0.0
2022-02-04 00:00:00+00:00,2450.0,2476.27587890625,2432.0,2432.0,2431.076416015625,884204,0.0,0.0
2022-02-07 00:00:00+00:00,2444.0,2454.574951171875,2406.0,2416.0,2415.082275390625,791486,0.0,0.0
2022-02-08 00:00:00+00:00,2428.0,2456.0,2378.0,2402.0,2401.087646484375,925825,0.0,0.0
2022-02-09 00:00:00+00:00,2420.0,2465.0,2420.0,2441.0,2440.07275390625,675940,0.0,0.0
2022-02-10 00:00:00+00:00,2460.0,2471.0,2393.666015625,2429.0,2428.077392578125,648149,0.0,0.0
2022-02-11 00:00:00+00:00,2395.0,2404.049072265625,2359.0,2359.0,2358.10400390625,525810,0.0,0.0
2022-02-14 00:00:00+00:00,2330.0,2350.0,2292.0,2330.0,2329.115234375,1026889,0.0,0.0
2022-02-15 00:00:00+00:00,2338.0,2390.89990234375,2326.427001953125,2382.0,2381.095458984375,598205,0.0,0.0
2022-02-16 00:00:00+00:00,2373.0,2386.0,2320.0,2346.0,2345.10888671875,512798,0.0,0.0
2022-02-17 00:00:00+00:00,2349.0,2371.0,2297.60009765625,2315.0,2314.120849609375,532959,0.0,0.0
2022-02-18 00:00:00+00:00,2317.0,2317.0,2272.0,2286.0,2285.132080078125,636946,0.0,0.0
2022-02-21 00:00:00+00:00,2302.0,2314.0,2230.876953125,2246.0,2245.146728515625,396378,0.0,0.0
2022-02-22 00:00:00+00:00,2205.0,2278.0,2195.0,2277.0,2276.13525390625,748329,0.0,0.0
2022-02-23 00:00:00+00:00,2273.0,2285.219970703125,2235.0,2235.0,2234.151123046875,681665,0.0,0.0
2022-02-24 00:00:00+00:00,2175.0,2255.0,2151.0,2255.0,2254.1435546875,1174819,0.0,0.0
2022-02-25 00:00:00+00:00,2287.0,2339.0,2272.0,2339.0,2338.111572265625,1165853,0.0,0.0
2022-02-28 00:00:00+00:00,2320.0,2419.0,2318.0,2411.0,2410.084228515625,1490340,0.0,0.0
2022-03-01 00:00:00+00:00,2395.0,2409.0,2346.0,2382.0,2381.095458984375,667342,0.0,0.0
2022-03-02 00:00:00+00:00,2350.0,2461.0,2346.0,2438.0,2437.07421875,1089689,0.0,0.0
2022-03-03 00:00:00+00:00,2415.0,2452.0,2386.0,2396.0,2395.090087890625,707457,0.0,0.0
2022-03-04 00:00:00+00:00,2372.0,2417.0,2304.0,2305.0,2304.124267578125,624528,0.0,0.0
2022-03-07 00:00:00+00:00,2236.0,2349.0,2227.0,2307.0,2306.12353515625,894840,0.0,0.0
2022-03-08 00:00:00+00:00,2270.0,2321.0,2209.0,2217.0,2216.158203125,804356,0.0,0.0
2022-03-09 00:00:00+00:00,2247.0,2347.0,2245.0,2347.0,2346.108642578125,685871,0.0,0.0
2022-03-10 00:00:00+00:00,2345.0,2393.73095703125,2330.0,2347.0,2346.108642578125,936472,0.0,0.0
2022-03-11 00:00:00+00:00,2356.0,2393.0,2329.0,2364.0,2363.102294921875,625561,0.0,0.0
2022-03-14 00:00:00+00:00,2384.0,2439.0,2355.0,2417.0,2416.08203125,448359,0.0,0.0
2022-03-15 00:00:00+00:00,2390.0,2404.257080078125,2353.0,2362.0,2361.10302734375,1082398,0.0,0.0
2022-03-16 00:00:00+00:00,2413.0,2464.0,2374.0,2417.0,2416.08203125,998758,0.0,0.0
2022-03-17 00:00:00+00:00,2434.0,2505.0,2433.0,2500.0,2499.05078125,550692,0.0,0.0
2022-03-18 00:00:00+00:00,2516.0,2557.0,2460.0,2557.0,2556.02880859375,1135003,0.0,0.0
2022-03-21 00:00:00+00:00,2543.0,2545.0,2509.0,2536.0,2535.03662109375,648879,0.0,0.0
2022-03-22 00:00:00+00:00,2529.0,2540.0,2467.10009765625,2516.0,2515.04443359375,482310,0.0,0.0
2022-03-23 00:00:00+00:00,2516.0,2552.0,2503.0,2503.0,2502.049560546875,767647,0.0,0.0
2022-03-24 00:00:00+00:00,2499.0,2499.0,2457.0,2479.0,2478.058349609375,816808,0.0,0.0
2022-03-25 00:00:00+00:00,2478.0,2537.0,2464.0,2468.0,2467.062744140625,708013,0.0,0.0
2022-03-28 00:00:00+01:00,2479.0,2495.0,2444.824951171875,2473.0,2472.060791015625,577213,0.0,0.0
2022-03-29 00:00:00+01:00,2490.0,2563.0,2478.0,2533.0,2532.037841796875,605860,0.0,0.0
2022-03-30 00:00:00+01:00,2533.0,2533.0,2463.0,2489.0,2488.0546875,903469,0.0,0.0
2022-03-31 00:00:00+01:00,2542.0,2569.0,2510.0,2510.0,2509.046142578125,743908,0.0,0.0
2022-04-01 00:00:00+01:00,2514.0,2514.0,2477.0,2491.0,2490.053955078125,434334,0.0,0.0
2022-04-04 00:00:00+01:00,2496.0,2547.0,2486.780029296875,2545.0,2544.033203125,343416,0.0,0.0
2022-04-05 00:00:00+01:00,2543.0,2598.0,2530.0,2578.0,2577.02099609375,684735,0.0,0.0
2022-04-06 00:00:00+01:00,2565.0,2581.0,2532.0,2545.0,2544.033203125,565436,0.0,0.0
2022-04-07 00:00:00+01:00,2550.0,2564.0,2536.7900390625,2564.0,2563.02587890625,514580,0.0,0.0
2022-04-08 00:00:00+01:00,2575.0,2597.0,2500.0,2532.0,2531.038330078125,515884,0.0,0.0
2022-04-11 00:00:00+01:00,2509.0,2521.0,2442.0,2442.0,2441.072265625,364787,0.0,0.0
2022-04-12 00:00:00+01:00,2426.0,2479.0,2421.0,2445.0,2444.071533203125,645945,0.0,0.0
2022-04-13 00:00:00+01:00,2434.0,2472.0,2429.7900390625,2472.0,2471.06103515625,334620,0.0,0.0
2022-04-14 00:00:00+01:00,2478.0,2532.0,2468.0,2521.0,2520.04248046875,925792,0.0,0.0
2022-04-19 00:00:00+01:00,2524.0,2529.0,2455.0,2496.0,2495.052001953125,491918,0.0,0.0
2022-04-20 00:00:00+01:00,2504.0,2534.0,2486.0,2518.0,2517.043701171875,655612,0.0,0.0
2022-04-21 00:00:00+01:00,2522.0,2549.0,2506.0,2521.0,2520.04248046875,699669,0.0,0.0
2022-04-22 00:00:00+01:00,2492.0,2521.0,2482.0,2501.0,2500.050048828125,663396,0.0,0.0
2022-04-25 00:00:00+01:00,2458.0,2490.0,2417.0,2477.0,2476.059326171875,665773,0.0,0.0
2022-04-26 00:00:00+01:00,2485.0,2486.0,2397.0,2404.0,2403.0869140625,666532,0.0,0.0
2022-04-27 00:00:00+01:00,2410.0,2419.0,2367.0,2414.0,2413.083251953125,754228,0.0,0.0
2022-04-28 00:00:00+01:00,2431.0,2463.0,2422.0,2455.0,2454.067626953125,802911,0.0,0.0
2022-04-29 00:00:00+01:00,2482.0,2489.860107421875,2461.0,2475.0,2474.059814453125,762250,0.0,0.0
2022-05-03 00:00:00+01:00,2450.0,2461.0,2406.0,2425.0,2424.079345703125,717410,0.0,0.0
2022-05-04 00:00:00+01:00,2415.0,2422.0,2384.0,2400.0,2399.088623046875,714447,0.0,0.0
2022-05-05 00:00:00+01:00,2442.0,2481.0,2433.0,2433.0,2432.075439453125,1035230,0.0,0.0
2022-05-06 00:00:00+01:00,2419.0,2432.263916015625,2306.0,2327.0,2326.115966796875,822283,0.0,0.0
2022-05-09 00:00:00+01:00,2310.0,2323.0,2192.0,2192.0,2191.167236328125,567708,0.0,0.0
2022-05-10 00:00:00+01:00,2213.0,2263.0,2194.0,2197.0,2196.16552734375,692075,0.0,0.0
2022-05-11 00:00:00+01:00,2199.0,2210.0,2156.0,2192.0,2191.167236328125,902045,0.0,0.0
2022-05-12 00:00:00+01:00,2144.0,2169.0,2099.0,2150.0,2149.183349609375,1087277,0.0,0.0
2022-05-13 00:00:00+01:00,2163.0,2220.0,2148.0,2218.0,2217.1572265625,1155798,0.0,0.0
2022-05-16 00:00:00+01:00,2210.0,2210.0,2167.0,2182.0,2181.1708984375,721909,0.0,0.0
2022-05-17 00:00:00+01:00,2190.0,2216.0,2150.0,2192.0,2191.167236328125,634496,0.0,0.0
2022-05-18 00:00:00+01:00,2197.0,2205.0,2093.0,2093.0,2092.20458984375,1388490,0.0,0.0
2022-05-19 00:00:00+01:00,2061.0,2090.0,2014.0,2080.0,2079.210205078125,902737,0.0,0.0
2022-05-20 00:00:00+01:00,2124.0,2177.0,2094.0,2147.0,2146.1845703125,2138132,0.0,0.0
2022-05-23 00:00:00+01:00,2180.0,2203.0,2164.0,2164.0,2163.177978515625,1524673,0.0,0.0
2022-05-24 00:00:00+01:00,2142.0,2203.0,2140.0,2173.0,2172.174560546875,1924508,0.0,0.0
2022-05-25 00:00:00+01:00,2190.0,2207.0,2155.0,2181.0,2180.171875,1928835,0.0,0.0
2022-05-26 00:00:00+01:00,2188.0,2225.0,2169.0,2211.0,2210.159912109375,1058613,0.0,0.0
2022-05-27 00:00:00+01:00,2214.0,2280.0,2192.0,2265.0,2264.139892578125,1230222,0.0,0.0
2022-05-30 00:00:00+01:00,2265.0,2431.0,2260.0,2305.0,2304.124267578125,2059899,0.0,0.0
2022-05-31 00:00:00+01:00,2296.0,2298.0,2229.0,2229.0,2228.153564453125,2915602,0.0,0.0
2022-06-01 00:00:00+01:00,2202.0,2235.0,2178.0,2181.0,2180.171875,763209,0.0,0.0
2022-06-06 00:00:00+01:00,2217.0,2257.0,2215.0,2223.0,2222.15576171875,752285,0.0,0.0
2022-06-07 00:00:00+01:00,2205.0,2224.363037109375,2161.0,2197.0,2196.16552734375,1311487,0.0,0.0
2022-06-08 00:00:00+01:00,2206.0,2209.0,2166.0,2196.0,2195.166015625,819130,0.0,0.0
2022-06-09 00:00:00+01:00,2183.0,2198.0,2157.0,2162.0,2161.178955078125,1049256,0.0,0.0
2022-06-10 00:00:00+01:00,2140.0,2144.0,2088.0,2088.0,2087.206787109375,908243,0.0,0.0
2022-06-13 00:00:00+01:00,2058.0,2081.0,1996.0,2002.0,2001.23974609375,1118945,0.0,0.0
2022-06-14 00:00:00+01:00,2017.0,2025.0,1915.0,1936.5,1935.764404296875,1426148,0.0,0.0
2022-06-15 00:00:00+01:00,1957.5,1992.5,1940.5,1990.0,1989.244140625,892710,0.0,0.0
2022-06-16 00:00:00+01:00,1920.0,1964.8170166015625,1855.300048828125,1876.5,1875.787353515625,2149458,0.0,0.0
2022-06-17 00:00:00+01:00,1888.0,1946.0,1874.5,1898.5,1897.7789306640625,2167733,0.0,0.0
2022-06-20 00:00:00+01:00,1911.5,1951.0,1870.0,1919.5,1918.77099609375,942943,0.0,0.0
2022-06-21 00:00:00+01:00,1939.0,1946.5,1917.0,1931.5,1930.7666015625,803707,0.0,0.0
2022-06-22 00:00:00+01:00,1897.0,1950.0,1877.0,1945.0,1944.26123046875,1114171,0.0,0.0
2022-06-23 00:00:00+01:00,1916.5,1925.7010498046875,1890.5,1913.5,1912.773193359375,1065046,0.0,0.0
2022-06-24 00:00:00+01:00,1951.0,2012.0,1937.0,1996.5,1995.7418212890625,600291,0.0,0.0
2022-06-27 00:00:00+01:00,2007.0,2048.0,2003.0,2036.0,2035.2266845703125,1037921,0.0,0.0
2022-06-28 00:00:00+01:00,2055.0,2059.0,1978.5,1996.0,1995.241943359375,2528798,0.0,0.0
2022-06-29 00:00:00+01:00,1963.5,2026.0,1952.5,2015.0,2014.2347412109375,779063,0.0,0.0
2022-06-30 00:00:00+01:00,1979.0,2026.0,1959.5,2009.0,2008.23681640625,1330107,0.0,0.0
2022-07-01 00:00:00+01:00,2004.0,2029.0,1964.0,2010.0,2009.236572265625,652507,0.0,0.0
2022-07-04 00:00:00+01:00,2017.0,2042.0,1999.5,2005.0,2004.2386474609375,1157623,0.0,0.0
2022-07-05 00:00:00+01:00,2037.0,2045.0,1978.5,2033.0,2032.2279052734375,1175565,0.0,0.0
2022-07-06 00:00:00+01:00,2105.0,2135.0,2070.0,2118.0,2117.1953125,943426,0.0,0.0
2022-07-07 00:00:00+01:00,2120.0,2139.0,2102.0,2136.0,2135.188720703125,612190,0.0,0.0
2022-07-08 00:00:00+01:00,2128.0,2147.0,2092.0,2144.0,2143.185546875,647449,0.0,0.0
2022-07-11 00:00:00+01:00,2104.0,2158.0,2099.56005859375,2144.0,2143.185546875,429831,0.0,0.0
2022-07-12 00:00:00+01:00,2123.0,2161.0,2087.0,2161.0,2160.179443359375,776649,0.0,0.0
2022-07-13 00:00:00+01:00,2159.0,2190.0,2099.742919921875,2121.0,2120.194580078125,837469,0.0,0.0
2022-07-14 00:00:00+01:00,2110.0,2135.0,2081.0,2096.0,2095.31787109375,391876,11.53,0.0
2022-07-15 00:00:00+01:00,2093.0,2113.0,2061.94091796875,2113.0,2112.312255859375,916701,0.0,0.0
2022-07-18 00:00:00+01:00,2118.0,2124.0,2082.0,2104.0,2103.315185546875,1565309,0.0,0.0
2022-07-19 00:00:00+01:00,2083.0,2147.0,2075.0,2140.0,2139.303466796875,1695316,0.0,0.0
2022-07-20 00:00:00+01:00,2171.0,2179.0,2142.0,2177.0,2176.291259765625,715691,0.0,0.0
2022-07-21 00:00:00+01:00,2185.0,2252.0,2176.0,2247.0,2246.268798828125,1078532,0.0,0.0
2022-07-22 00:00:00+01:00,2249.0,2315.0,2248.0,2282.0,2281.257080078125,929550,0.0,0.0
2022-07-25 00:00:00+01:00,2279.0,2284.0,2231.0,2237.0,2236.27197265625,570540,0.0,0.0
2022-07-26 00:00:00+01:00,2236.0,2254.0,2219.0,2232.0,2231.2734375,1061937,0.0,0.0
2022-07-27 00:00:00+01:00,2245.0,2246.0,2205.0,2232.0,2231.2734375,1063371,0.0,0.0
2022-07-28 00:00:00+01:00,2250.0,2252.0,2218.0,2252.0,2251.26708984375,579519,0.0,0.0
2022-07-29 00:00:00+01:00,2259.0,2305.0,2257.0,2299.0,2298.25146484375,680268,0.0,0.0
2022-08-01 00:00:00+01:00,2292.0,2308.041015625,2265.0,2299.0,2298.25146484375,421343,0.0,0.0
2022-08-02 00:00:00+01:00,2287.0,2288.0,2234.0,2265.0,2264.262939453125,528685,0.0,0.0
2022-08-03 00:00:00+01:00,2261.0,2286.0,2237.0,2277.0,2276.259033203125,639946,0.0,0.0
2022-08-04 00:00:00+01:00,2281.0,2335.0,2273.0,2328.0,2327.2421875,675245,0.0,0.0
2022-08-05 00:00:00+01:00,2326.0,2344.18408203125,2234.0,2237.0,2236.27197265625,512611,0.0,0.0
2022-08-08 00:00:00+01:00,2251.0,2283.0,2226.0,2263.0,2262.263427734375,1240160,0.0,0.0
2022-08-09 00:00:00+01:00,2271.0,2273.0,2201.0,2233.0,2232.2734375,1025203,0.0,0.0
2022-08-10 00:00:00+01:00,2212.0,2307.0,2185.0,2307.0,2306.2490234375,666175,0.0,0.0
2022-08-11 00:00:00+01:00,2319.0,2325.0,2276.0,2296.0,2295.2529296875,723945,0.0,0.0
2022-08-12 00:00:00+01:00,2266.0,2291.0,2245.0,2275.0,2274.25927734375,858927,0.0,0.0
2022-08-15 00:00:00+01:00,2276.0,2319.0,2267.0,2298.0,2297.251953125,455006,0.0,0.0
2022-08-16 00:00:00+01:00,2306.0,2307.0,2242.0,2276.0,2275.25927734375,631991,0.0,0.0
2022-08-17 00:00:00+01:00,2281.0,2290.0,2257.0,2278.0,2277.2587890625,785710,0.0,0.0
2022-08-18 00:00:00+01:00,2276.0,2321.0,2265.0,2312.0,2311.24755859375,638031,0.0,0.0
2022-08-19 00:00:00+01:00,2303.0,2329.0,2288.0,2289.0,2288.254638671875,1298466,0.0,0.0
2022-08-22 00:00:00+01:00,2275.0,2290.532958984375,2226.0,2226.0,2225.275634765625,464615,0.0,0.0
2022-08-23 00:00:00+01:00,2201.0,2212.0,2157.0,2165.0,2164.295654296875,586265,0.0,0.0
2022-08-24 00:00:00+01:00,2143.0,2190.0,2123.0,2185.0,2184.2890625,380152,0.0,0.0
2022-08-25 00:00:00+01:00,2199.0,2204.0,2157.0,2161.0,2160.296875,398951,0.0,0.0
2022-08-26 00:00:00+01:00,2171.0,2174.0,2116.0,2121.0,2120.309814453125,388218,0.0,0.0
2022-08-30 00:00:00+01:00,2098.0,2131.0,2082.0,2094.0,2093.318359375,679509,0.0,0.0
2022-08-31 00:00:00+01:00,2104.0,2108.0,2069.8291015625,2075.0,2074.324462890625,1188811,0.0,0.0
2022-09-01 00:00:00+01:00,2054.0,2057.0,1995.760009765625,1996.5,1995.850341796875,718669,0.0,0.0
2022-09-02 00:00:00+01:00,2023.0,2058.0,2003.0,2056.0,2055.3310546875,486133,0.0,0.0
2022-09-05 00:00:00+01:00,2033.0,2052.0,2003.0,2047.0,2046.33349609375,765087,0.0,0.0
2022-09-06 00:00:00+01:00,2032.0,2092.0,2032.0,2081.0,2080.322998046875,763255,0.0,0.0
2022-09-07 00:00:00+01:00,2062.0,2094.0,2050.0,2085.0,2084.3212890625,542791,0.0,0.0
2022-09-08 00:00:00+01:00,2105.0,2122.0,2061.0,2116.0,2115.31103515625,502452,0.0,0.0
2022-09-09 00:00:00+01:00,2128.0,2167.0,2126.0,2157.0,2156.297607421875,620056,0.0,0.0
2022-09-12 00:00:00+01:00,2164.4560546875,2204.0,2161.800048828125,2196.0,2195.285400390625,822320,0.0,0.0
2022-09-13 00:00:00+01:00,2207.0,2236.0,2138.0,2138.0,2137.303955078125,901496,0.0,0.0
2022-09-14 00:00:00+01:00,2137.0,2141.0,2059.0,2064.0,2063.328369140625,1052479,0.0,0.0
2022-09-15 00:00:00+01:00,2049.0,2073.0,2032.0,2038.0,2037.3367919921875,1200304,0.0,0.0
2022-09-16 00:00:00+01:00,2020.0,2026.0,1961.0,2000.0,1999.3489990234375,3240479,0.0,0.0
2022-09-20 00:00:00+01:00,2017.0,2049.0,2004.0,2035.0,2034.3377685546875,1765919,0.0,0.0
2022-09-21 00:00:00+01:00,2024.0,2108.0,2022.0,2108.0,2107.314208984375,1181653,0.0,0.0
2022-09-22 00:00:00+01:00,2090.0,2128.0,2015.0,2025.0,2024.3409423828125,2765865,0.0,0.0
2022-09-23 00:00:00+01:00,2011.0,2080.0,2005.0,2061.0,2060.329345703125,1724285,0.0,0.0
2022-09-26 00:00:00+01:00,2056.0,2128.0,2056.0,2107.0,2106.314453125,785179,0.0,0.0
2022-09-27 00:00:00+01:00,2120.0,2124.0,2045.0,2046.0,2045.334228515625,892981,0.0,0.0
2022-09-28 00:00:00+01:00,2006.0,2062.0,1989.5,2060.0,2059.329345703125,1520072,0.0,0.0
2022-09-29 00:00:00+01:00,2041.0,2053.507080078125,1981.5,2011.0,2010.345458984375,1233976,0.0,0.0
2022-09-30 00:00:00+01:00,1980.0,2061.319091796875,1980.0,2045.0,2044.3343505859375,909478,0.0,0.0
2022-10-03 00:00:00+01:00,2014.0,2060.0,1968.0,2059.0,2058.329833984375,1096208,0.0,0.0
2022-10-04 00:00:00+01:00,2080.0,2183.199951171875,2066.0,2164.0,2163.295654296875,1102459,0.0,0.0
2022-10-05 00:00:00+01:00,2169.0,2191.172119140625,2126.0,2141.0,2140.30322265625,711852,0.0,0.0
2022-10-06 00:00:00+01:00,2162.0,2174.0,2144.0,2160.0,2159.296875,512709,0.0,0.0
2022-10-07 00:00:00+01:00,2145.0,2161.0,2087.0,2102.0,2101.316162109375,1237488,0.0,0.0
2022-10-10 00:00:00+01:00,2100.0,2127.0,2077.0,2110.0,2109.313232421875,590275,0.0,0.0
2022-10-11 00:00:00+01:00,2109.0,2121.0,2067.0,2097.0,2096.317626953125,890055,0.0,0.0
2022-10-12 00:00:00+01:00,2095.0,2126.0,2073.0,2080.0,2079.3232421875,915376,0.0,0.0
2022-10-13 00:00:00+01:00,2069.0,2075.0,1950.927001953125,2015.0,2014.34423828125,1488676,0.0,0.0
2022-10-14 00:00:00+01:00,2048.0,2102.0,2030.0,2043.0,2042.3350830078125,822470,0.0,0.0
2022-10-17 00:00:00+01:00,2037.0,2037.0,1930.0,2028.0,2027.33984375,2304310,0.0,0.0
2022-10-18 00:00:00+01:00,2063.0,2099.0,2056.0,2074.0,2073.325439453125,1216368,0.0,0.0
2022-10-19 00:00:00+01:00,2077.0,2077.0,2018.0,2044.0,2043.334716796875,1575010,0.0,0.0
2022-10-20 00:00:00+01:00,2026.0,2074.0,2007.0,2074.0,2073.325439453125,1545957,0.0,0.0
2022-10-21 00:00:00+01:00,2048.0,2074.0,2019.0,2074.0,2073.325439453125,6676860,0.0,0.0
2022-10-24 00:00:00+01:00,2112.0,2144.0,2092.0,2115.0,2114.31201171875,616086,0.0,0.0
2022-10-25 00:00:00+01:00,2121.0,2184.22412109375,2111.0,2170.0,2169.293701171875,799149,0.0,0.0
2022-10-26 00:00:00+01:00,2154.0,2217.0,2150.0,2206.0,2205.28173828125,614216,0.0,0.0
2022-10-27 00:00:00+01:00,2191.0,2197.0,2156.0,2186.0,2185.28857421875,1228020,0.0,0.0
2022-10-28 00:00:00+01:00,2158.0,2160.0,2124.0,2138.0,2137.303955078125,747889,0.0,0.0
2022-10-31 00:00:00+00:00,2149.0,2149.0,2105.0,2115.0,2114.31201171875,655290,0.0,0.0
2022-11-01 00:00:00+00:00,2139.0,2158.0,2112.0,2125.0,2124.30859375,593816,0.0,0.0
2022-11-02 00:00:00+00:00,2135.0,2143.0,2117.0,2118.0,2117.310546875,704555,0.0,0.0
2022-11-03 00:00:00+00:00,2079.0,2086.0,2037.0,2066.0,2065.327392578125,3440176,0.0,0.0
2022-11-04 00:00:00+00:00,2079.0,2157.0,2063.0,2157.0,2156.297607421875,1512276,0.0,0.0
2022-11-07 00:00:00+00:00,2155.0,2163.0,2125.0,2157.0,2156.297607421875,689407,0.0,0.0
2022-11-08 00:00:00+00:00,2143.0,2205.0,2128.0400390625,2202.0,2201.283447265625,507622,0.0,0.0
2022-11-09 00:00:00+00:00,2176.0,2215.0,2176.0,2213.0,2212.27978515625,389070,0.0,0.0
2022-11-10 00:00:00+00:00,2194.0,2333.0,2159.0,2329.0,2328.241943359375,586094,0.0,0.0
2022-11-11 00:00:00+00:00,2310.0,2361.0,2305.0,2357.0,2356.233154296875,651567,0.0,0.0
2022-11-14 00:00:00+00:00,2361.0,2419.0,2347.0,2419.0,2418.212890625,1373759,0.0,0.0
2022-11-15 00:00:00+00:00,2421.0,2436.0,2353.0,2370.0,2369.228759765625,1387749,0.0,0.0
2022-11-16 00:00:00+00:00,2376.0,2397.9599609375,2342.0,2349.0,2348.235595703125,1827345,0.0,0.0
2022-11-17 00:00:00+00:00,2394.0,2394.0,2200.72802734375,2247.0,2246.268798828125,882209,0.0,0.0
2022-11-18 00:00:00+00:00,2232.0,2250.0,2207.0,2225.0,2224.276123046875,1228365,0.0,0.0
2022-11-21 00:00:00+00:00,2207.0,2232.0,2162.0,2225.0,2224.276123046875,815989,0.0,0.0
2022-11-22 00:00:00+00:00,2215.0,2245.0,2196.0,2240.0,2239.270751953125,820562,0.0,0.0
2022-11-23 00:00:00+00:00,2248.0,2271.0,2216.0,2255.0,2254.26611328125,683891,0.0,0.0
2022-11-24 00:00:00+00:00,2252.0,2280.0,2228.0,2266.0,2265.26220703125,549888,0.0,0.0
2022-11-25 00:00:00+00:00,2254.0,2270.0,2228.0,2269.0,2268.26171875,824082,0.0,0.0
2022-11-28 00:00:00+00:00,2262.0,2289.0,2244.0,2271.0,2270.260498046875,724063,0.0,0.0
2022-11-29 00:00:00+00:00,2260.0,2263.0,2113.0,2128.0,2127.3076171875,1078186,0.0,0.0
2022-11-30 00:00:00+00:00,2130.0,2192.0,2126.0,2172.0,2171.293212890625,2265856,0.0,0.0
2022-12-01 00:00:00+00:00,2207.0,2240.0,2202.0,2219.0,2218.27783203125,932211,0.0,0.0
2022-12-02 00:00:00+00:00,2222.0,2268.639892578125,2197.0,2249.0,2248.26806640625,730639,0.0,0.0
2022-12-05 00:00:00+00:00,2258.0,2258.0,2218.0,2218.0,2217.27783203125,1644624,0.0,0.0
2022-12-06 00:00:00+00:00,2201.0,2212.0,2159.7890625,2160.0,2159.296875,862519,0.0,0.0
2022-12-07 00:00:00+00:00,2149.0,2172.0,2118.0,2124.0,2123.30859375,1159843,0.0,0.0
2022-12-08 00:00:00+00:00,2133.0,2133.0,2074.0,2077.0,2076.323974609375,1082853,0.0,0.0
2022-12-09 00:00:00+00:00,2090.0,2135.820068359375,2068.0,2133.0,2132.305908203125,1911451,0.0,0.0
2022-12-12 00:00:00+00:00,2128.0,2152.0,2113.0,2137.0,2136.30419921875,830063,0.0,0.0
2022-12-13 00:00:00+00:00,2138.0,2227.0,2116.0,2186.0,2185.28857421875,912370,0.0,0.0
2022-12-14 00:00:00+00:00,2167.0,2177.0,2144.0,2177.0,2176.291259765625,451808,0.0,0.0
2022-12-15 00:00:00+00:00,2149.0,2172.0,2129.360107421875,2140.0,2139.303466796875,534432,0.0,0.0
2022-12-16 00:00:00+00:00,2125.0,2130.0,2064.0,2067.0,2066.327392578125,1550812,0.0,0.0
2022-12-19 00:00:00+00:00,2076.0,2076.0,2049.762939453125,2062.0,2061.328857421875,427641,0.0,0.0
2022-12-20 00:00:00+00:00,2034.0,2060.0,2027.0,2056.0,2055.3310546875,824462,0.0,0.0
2022-12-21 00:00:00+00:00,2067.0,2072.0,2018.0,2048.0,2047.3333740234375,678551,0.0,0.0
2022-12-22 00:00:00+00:00,2054.0,2065.0,1994.5,1994.5,1993.9273681640625,444079,7.8599997,0.0
2022-12-23 00:00:00+00:00,1995.0,2031.0,1990.5,1990.5,1989.9285888671875,284998,0.0,0.0
2022-12-28 00:00:00+00:00,2000.0,2033.0,1991.0,2017.0,2016.4208984375,609574,0.0,0.0
2022-12-29 00:00:00+00:00,2013.0,2021.0,1993.0,2020.0,2019.4200439453125,419637,0.0,0.0
2022-12-30 00:00:00+00:00,2013.0,2020.0,1974.0,1974.0,1973.433349609375,375417,0.0,0.0
2023-01-03 00:00:00+00:00,1969.5,2038.0,1969.0,2030.0,2029.417236328125,1024619,0.0,0.0
2023-01-04 00:00:00+00:00,2048.0,2076.0,2036.0,2076.0,2075.40380859375,969403,0.0,0.0
2023-01-05 00:00:00+00:00,2064.0,2075.0,2046.0,2057.0,2056.40966796875,455161,0.0,0.0
2023-01-06 00:00:00+00:00,2057.0,2067.0,2022.0,2063.0,2062.407958984375,476570,0.0,0.0
2023-01-09 00:00:00+00:00,2094.0,2094.0,2062.0,2083.0,2082.401611328125,696347,0.0,0.0
2023-01-10 00:00:00+00:00,2069.0,2095.0,2050.0,2090.0,2089.400146484375,561559,0.0,0.0
2023-01-11 00:00:00+00:00,2084.0,2166.08203125,2081.080078125,2133.0,2132.3876953125,841312,0.0,0.0
2023-01-12 00:00:00+00:00,2135.0,2142.0,2081.0,2106.0,2105.395263671875,610131,0.0,0.0
2023-01-13 00:00:00+00:00,2112.0,2128.0,2093.0,2125.0,2124.39013671875,734346,0.0,0.0
2023-01-16 00:00:00+00:00,2132.0,2183.0,2124.0,2166.0,2165.378173828125,487336,0.0,0.0
2023-01-17 00:00:00+00:00,2161.0,2182.0,2142.0,2180.0,2179.37451171875,1161793,0.0,0.0
2023-01-18 00:00:00+00:00,2184.0,2206.135986328125,2151.0,2157.0,2156.38037109375,687349,0.0,0.0
2023-01-19 00:00:00+00:00,2154.0,2158.0,2108.0,2108.0,2107.39501953125,428807,0.0,0.0
2023-01-20 00:00:00+00:00,2104.0,2124.0,2090.0,2105.0,2104.3955078125,621369,0.0,0.0
2023-01-23 00:00:00+00:00,2128.0,2144.305908203125,2100.0,2132.0,2131.3876953125,712101,0.0,0.0
2023-01-24 00:00:00+00:00,2144.0,2148.18994140625,2116.0,2128.0,2127.38916015625,1338370,0.0,0.0
2023-01-25 00:00:00+00:00,2130.0,2132.0,2079.0,2093.0,2092.398681640625,2268342,0.0,0.0
2023-01-26 00:00:00+00:00,2112.0,2162.0,2107.0,2138.0,2137.385986328125,737227,0.0,0.0
2023-01-27 00:00:00+00:00,2129.0,2145.0,2100.0,2115.0,2114.39306640625,785986,0.0,0.0
2023-01-30 00:00:00+00:00,2101.0,2154.0,2095.0,2154.0,2153.381591796875,694841,0.0,0.0
2023-01-31 00:00:00+00:00,2140.0,2154.0,2122.0,2148.0,2147.383544921875,1344208,0.0,0.0
2023-02-01 00:00:00+00:00,2152.0,2210.0,2152.0,2179.0,2178.37451171875,727811,0.0,0.0
2023-02-02 00:00:00+00:00,2211.0,2289.0,2200.719970703125,2289.0,2288.342529296875,593534,0.0,0.0
2023-02-03 00:00:00+00:00,2278.0,2320.0,2259.0,2315.0,2314.33544921875,961006,0.0,0.0
2023-02-06 00:00:00+00:00,2294.0,2308.0,2282.0,2299.0,2298.339599609375,926902,0.0,0.0
2023-02-07 00:00:00+00:00,2293.0,2313.0,2259.0,2271.0,2270.34765625,860051,0.0,0.0
2023-02-08 00:00:00+00:00,2284.0,2328.0,2283.0,2293.0,2292.341552734375,1069975,0.0,0.0
2023-02-09 00:00:00+00:00,2301.0,2315.0,2265.0,2265.0,2264.349853515625,1037332,0.0,0.0
2023-02-10 00:00:00+00:00,2256.0,2280.0,2211.0,2211.0,2210.364990234375,842936,0.0,0.0
2023-02-13 00:00:00+00:00,2217.0,2247.0,2212.89990234375,2247.0,2246.35498046875,854931,0.0,0.0
2023-02-14 00:00:00+00:00,2249.0,2273.0,2220.0,2220.0,2219.36279296875,613601,0.0,0.0
2023-02-15 00:00:00+00:00,2228.0,2259.0,2218.0,2241.0,2240.356689453125,483043,0.0,0.0
2023-02-16 00:00:00+00:00,2252.0,2270.0,2225.0,2260.0,2259.35107421875,536198,0.0,0.0
2023-02-17 00:00:00+00:00,2226.0,2251.0,2210.0,2239.0,2238.357421875,532490,0.0,0.0
2023-02-20 00:00:00+00:00,2238.0,2242.0,2218.0,2223.0,2222.36181640625,273309,0.0,0.0
2023-02-21 00:00:00+00:00,2215.0,2220.0,2189.0,2209.0,2208.3662109375,618270,0.0,0.0
2023-02-22 00:00:00+00:00,2197.0,2225.0,2181.0,2193.0,2192.3701171875,705728,0.0,0.0
2023-02-23 00:00:00+00:00,2200.0,2220.0,2194.0,2196.0,2195.36962890625,569161,0.0,0.0
2023-02-24 00:00:00+00:00,2204.0,2227.0,2177.0,2179.0,2178.37451171875,721138,0.0,0.0
2023-02-27 00:00:00+00:00,2193.0,2216.0,2192.0,2193.0,2192.3701171875,473038,0.0,0.0
2023-02-28 00:00:00+00:00,2193.0,2193.0,2152.0,2164.0,2163.378662109375,1437235,0.0,0.0
2023-03-01 00:00:00+00:00,2172.0,2201.0,2158.0,2167.0,2166.377685546875,608765,0.0,0.0
2023-03-02 00:00:00+00:00,2155.0,2194.0,2153.0,2186.0,2185.37255859375,718144,0.0,0.0
2023-03-03 00:00:00+00:00,2202.0,2204.0,2162.0,2176.0,2175.37548828125,820415,0.0,0.0
2023-03-06 00:00:00+00:00,2175.0,2180.0,2140.0,2159.0,2158.380126953125,473080,0.0,0.0
2023-03-07 00:00:00+00:00,2151.0,2174.0,2144.839111328125,2155.0,2154.38134765625,694092,0.0,0.0
2023-03-08 00:00:00+00:00,2143.0,2156.0,2130.0,2156.0,2155.38134765625,914656,0.0,0.0
2023-03-09 00:00:00+00:00,2149.0,2149.0,2113.0,2144.0,2143.38427734375,968872,0.0,0.0
2023-03-10 00:00:00+00:00,2122.0,2122.0,2067.0,2080.0,2079.403076171875,540875,0.0,0.0
2023-03-13 00:00:00+00:00,2078.0,2079.0,2022.0,2051.0,2050.411376953125,542097,0.0,0.0
2023-03-14 00:00:00+00:00,2045.0,2100.0,2045.0,2089.0,2088.400146484375,938601,0.0,0.0
2023-03-15 00:00:00+00:00,2105.0,2105.0,2047.0,2047.0,2046.412109375,619114,0.0,0.0
2023-03-16 00:00:00+00:00,2078.0,2101.0,2037.0,2091.0,2090.39990234375,962183,0.0,0.0
2023-03-17 00:00:00+00:00,2097.0,2114.0,2046.0,2067.0,2066.40673828125,2443201,0.0,0.0
2023-03-20 00:00:00+00:00,2053.0,2104.0,2048.0,2077.0,2076.403564453125,866569,0.0,0.0
2023-03-21 00:00:00+00:00,2090.0,2109.0,2085.0,2086.0,2085.4013671875,708749,0.0,0.0
2023-03-22 00:00:00+00:00,2095.0,2108.0,2076.0,2099.0,2098.397216796875,1021670,0.0,0.0
2023-03-23 00:00:00+00:00,2101.0,2118.382080078125,2087.43994140625,2111.0,2110.393798828125,1273979,0.0,0.0
2023-03-24 00:00:00+00:00,2106.0,2120.0,2093.0,2096.0,2095.398193359375,597994,0.0,0.0
2023-03-27 00:00:00+01:00,2116.0,2133.239990234375,2100.0,2117.0,2116.392333984375,1325382,0.0,0.0
2023-03-28 00:00:00+01:00,2125.0,2151.0,2120.0,2128.0,2127.38916015625,699826,0.0,0.0
2023-03-29 00:00:00+01:00,2147.0,2166.0,2137.0,2166.0,2165.378173828125,413909,0.0,0.0
2023-03-30 00:00:00+01:00,2177.0,2213.0,2171.945068359375,2213.0,2212.36474609375,555728,0.0,0.0
2023-03-31 00:00:00+01:00,2212.0,2241.0,2190.0,2229.0,2228.360107421875,886348,0.0,0.0
2023-04-03 00:00:00+01:00,2228.0,2228.0,2191.0,2205.0,2204.36669921875,550062,0.0,0.0
2023-04-04 00:00:00+01:00,2211.0,2229.0,2199.0,2204.0,2203.3671875,716159,0.0,0.0
2023-04-05 00:00:00+01:00,2201.0,2201.0,2131.0,2155.0,2154.38134765625,742244,0.0,0.0
2023-04-06 00:00:00+01:00,2142.0,2177.0,2142.0,2177.0,2176.374755859375,434421,0.0,0.0
2023-04-11 00:00:00+01:00,2184.0,2188.068115234375,2165.0,2182.0,2181.373291015625,481255,0.0,0.0
2023-04-12 00:00:00+01:00,2179.0,2220.0,2178.678955078125,2213.0,2212.36474609375,641319,0.0,0.0
2023-04-13 00:00:00+01:00,2225.0,2243.070068359375,2206.0,2215.0,2214.364501953125,437904,0.0,0.0
2023-04-14 00:00:00+01:00,2219.0,2264.0,2217.0,2256.0,2255.3525390625,726553,0.0,0.0
2023-04-17 00:00:00+01:00,2262.0,2272.0,2257.0,2260.0,2259.35107421875,371122,0.0,0.0
2023-04-18 00:00:00+01:00,2261.0,2269.0,2240.0,2246.0,2245.35498046875,447460,0.0,0.0
2023-04-19 00:00:00+01:00,2226.0,2236.0,2197.0,2197.0,2196.369140625,484299,0.0,0.0
2023-04-20 00:00:00+01:00,2192.0,2211.0,2174.0,2211.0,2210.364990234375,938397,0.0,0.0
2023-04-21 00:00:00+01:00,2204.0,2239.0,2198.0,2238.0,2237.357421875,652227,0.0,0.0
2023-04-24 00:00:00+01:00,2237.0,2269.0,2233.0,2262.0,2261.3505859375,485764,0.0,0.0
2023-04-25 00:00:00+01:00,2252.0,2295.0,2250.0,2287.0,2286.34375,901689,0.0,0.0
2023-04-26 00:00:00+01:00,2276.0,2282.612060546875,2222.0,2225.0,2224.361572265625,809771,0.0,0.0
2023-04-27 00:00:00+01:00,2222.0,2278.0,2216.0,2271.0,2270.34765625,873218,0.0,0.0
2023-04-28 00:00:00+01:00,2282.0,2317.0,2273.0,2308.0,2307.337646484375,911937,0.0,0.0
2023-05-02 00:00:00+01:00,2312.0,2342.0,2305.0,2330.0,2329.331298828125,970274,0.0,0.0
2023-05-03 00:00:00+01:00,2326.0,2371.0,2326.0,2358.0,2357.322998046875,1559000,0.0,0.0
2023-05-04 00:00:00+01:00,2344.0,2390.0,2344.0,2388.0,2387.31396484375,1017626,0.0,0.0
2023-05-05 00:00:00+01:00,2404.0,2411.0,2359.0,2390.0,2389.31396484375,627920,0.0,0.0
2023-05-09 00:00:00+01:00,2390.0,2406.1298828125,2375.0,2387.0,2386.31494140625,2201303,0.0,0.0
2023-05-10 00:00:00+01:00,2381.0,2400.0,2358.0,2385.0,2384.315673828125,686638,0.0,0.0
2023-05-11 00:00:00+01:00,2386.0,2433.0,2385.0,2433.0,2432.301025390625,1537799,0.0,0.0
2023-05-12 00:00:00+01:00,2432.0,2458.0,2430.958984375,2443.0,2442.298583984375,834249,0.0,0.0
2023-05-15 00:00:00+01:00,2451.0,2463.0,2445.864013671875,2460.0,2459.293701171875,606827,0.0,0.0
2023-05-16 00:00:00+01:00,2473.0,2489.0,2463.0,2478.0,2477.288818359375,1516974,0.0,0.0
2023-05-17 00:00:00+01:00,2464.0,2477.0,2437.0,2445.0,2444.298095703125,650790,0.0,0.0
2023-05-18 00:00:00+01:00,2474.0,2506.18701171875,2471.0,2484.0,2483.286865234375,871268,0.0,0.0
2023-05-19 00:00:00+01:00,2495.0,2520.9541015625,2483.0,2498.0,2497.282958984375,1097222,0.0,0.0
2023-05-22 00:00:00+01:00,2491.0,2497.0,2430.0,2455.0,2454.29541015625,1020570,0.0,0.0
2023-05-23 00:00:00+01:00,2429.0,2441.0,2377.0,2380.0,2379.316650390625,1453834,0.0,0.0
2023-05-24 00:00:00+01:00,2365.0,2374.0,2322.0,2340.0,2339.328125,1502282,0.0,0.0
2023-05-25 00:00:00+01:00,2346.0,2377.0,2336.0,2372.0,2371.319091796875,1349878,0.0,0.0
2023-05-26 00:00:00+01:00,2380.0,2406.0,2364.0,2395.0,2394.312255859375,1615893,0.0,0.0
2023-05-30 00:00:00+01:00,2401.0,2428.0,2391.0,2403.0,2402.310302734375,1550476,0.0,0.0
2023-05-31 00:00:00+01:00,2376.0,2426.0,2356.0,2409.0,2408.308837890625,3606078,0.0,0.0
2023-06-01 00:00:00+01:00,2408.0,2417.0,2397.0,2413.0,2412.30712890625,1325197,0.0,0.0
2023-06-02 00:00:00+01:00,2425.0,2475.0,2408.0,2462.0,2461.293212890625,1308286,0.0,0.0
2023-06-05 00:00:00+01:00,2460.0,2493.91796875,2454.0,2463.0,2462.29296875,449881,0.0,0.0
2023-06-06 00:00:00+01:00,2454.0,2486.300048828125,2454.0,2479.0,2478.288330078125,551231,0.0,0.0
2023-06-07 00:00:00+01:00,2478.0,2500.0,2462.0,2473.0,2472.290283203125,973515,0.0,0.0
2023-06-08 00:00:00+01:00,2459.0,2463.64794921875,2433.0,2437.0,2436.300537109375,1928807,0.0,0.0
2023-06-09 00:00:00+01:00,2434.0,2435.698974609375,2405.0,2415.0,2414.306884765625,740649,0.0,0.0
2023-06-12 00:00:00+01:00,2436.0,2447.0,2419.0,2434.0,2433.301025390625,492836,0.0,0.0
2023-06-13 00:00:00+01:00,2450.0,2463.0,2430.0,2452.0,2451.296142578125,774031,0.0,0.0
2023-06-14 00:00:00+01:00,2438.0,2443.0,2408.0,2429.0,2428.302734375,1121374,0.0,0.0
2023-06-15 00:00:00+01:00,2200.0,2352.0,2200.0,2346.0,2345.326416015625,1319375,0.0,0.0
2023-06-16 00:00:00+01:00,2346.0,2350.0,2317.639892578125,2336.0,2335.329345703125,4663907,0.0,0.0
2023-06-19 00:00:00+01:00,2320.0,2326.4599609375,2276.0,2276.0,2275.3466796875,1141073,0.0,0.0
2023-06-20 00:00:00+01:00,2258.0,2265.0,2232.0,2252.0,2251.353515625,810260,0.0,0.0
2023-06-21 00:00:00+01:00,2242.0,2244.0,2206.5400390625,2215.0,2214.364501953125,736552,0.0,0.0
2023-06-22 00:00:00+01:00,2198.0,2236.0,2180.0,2236.0,2235.35791015625,1793229,0.0,0.0
2023-06-23 00:00:00+01:00,2228.0,2272.0,2212.0,2259.0,2258.3515625,1159359,0.0,0.0
2023-06-26 00:00:00+01:00,2269.0,2278.0,2219.291015625,2255.0,2254.3525390625,786927,0.0,0.0
2023-06-27 00:00:00+01:00,2246.0,2249.0,2212.0,2231.0,2230.359375,1473569,0.0,0.0
2023-06-28 00:00:00+01:00,2245.0,2283.0,2245.0,2275.0,2274.3466796875,1156882,0.0,0.0
2023-06-29 00:00:00+01:00,2272.0,2272.889892578125,2236.0,2249.0,2248.3544921875,1035015,0.0,0.0
2023-06-30 00:00:00+01:00,2249.0,2283.0,2248.0,2277.0,2276.346435546875,1029178,0.0,0.0
2023-07-03 00:00:00+01:00,2278.0,2282.0,2227.0,2227.0,2226.360595703125,819792,0.0,0.0
2023-07-04 00:00:00+01:00,2226.0,2228.0,2195.0,2227.0,2226.360595703125,1532894,0.0,0.0
2023-07-05 00:00:00+01:00,2219.0,2230.0,2209.4599609375,2215.0,2214.364501953125,895649,0.0,0.0
2023-07-06 00:00:00+01:00,2209.0,2209.0,2164.0,2178.0,2177.374755859375,2297099,0.0,0.0
2023-07-07 00:00:00+01:00,2175.0,2180.0,2137.0,2153.0,2152.3818359375,1077178,0.0,0.0
2023-07-10 00:00:00+01:00,2137.0,2171.0,2130.6201171875,2164.0,2163.378662109375,872448,0.0,0.0
2023-07-11 00:00:00+01:00,2165.0,2186.0,2165.0,2171.0,2170.376708984375,1001594,0.0,0.0
2023-07-12 00:00:00+01:00,2174.0,2208.25,2166.0,2200.0,2199.368408203125,1406152,0.0,0.0
2023-07-13 00:00:00+01:00,2195.0,2213.0,2192.70703125,2205.0,2204.490478515625,1436364,12.34,0.0
2023-07-14 00:00:00+01:00,2203.0,2252.0,2203.0,2244.0,2243.4814453125,2121826,0.0,0.0
2023-07-17 00:00:00+01:00,2231.0,2234.6259765625,2192.0,2212.0,2211.48876953125,1127909,0.0,0.0
2023-07-18 00:00:00+01:00,2213.0,2231.0,2182.0,2199.0,2198.491943359375,757636,0.0,0.0
2023-07-19 00:00:00+01:00,2218.0,2267.0,2212.846923828125,2255.0,2254.47900390625,1107867,0.0,0.0
2023-07-20 00:00:00+01:00,2247.0,2254.0,2230.0,2240.0,2239.482421875,782002,0.0,0.0
2023-07-21 00:00:00+01:00,2233.0,2264.0,2210.0,2264.0,2263.47705078125,627505,0.0,0.0
2023-07-24 00:00:00+01:00,2256.0,2273.0,2241.0,2254.0,2253.479248046875,707726,0.0,0.0
2023-07-25 00:00:00+01:00,2256.0,2283.0,2234.0,2273.0,2272.474853515625,1054973,0.0,0.0
2023-07-26 00:00:00+01:00,2265.0,2271.0,2223.0,2245.0,2244.48095703125,556135,0.0,0.0
2023-07-27 00:00:00+01:00,2260.0,2299.0,2260.0,2278.0,2277.473876953125,730447,0.0,0.0
2023-07-28 00:00:00+01:00,2263.0,2273.0,2246.0,2248.0,2247.48095703125,733446,0.0,0.0
2023-07-31 00:00:00+01:00,2234.0,2250.0,2222.0,2236.0,2235.4833984375,615014,0.0,0.0
2023-08-01 00:00:00+01:00,2224.0,2245.0,2191.0,2203.0,2202.491455078125,971496,0.0,0.0
2023-08-02 00:00:00+01:00,2174.0,2187.636962890625,2159.0,2167.0,2166.499267578125,2001253,0.0,0.0
2023-08-03 00:00:00+01:00,2152.0,2180.0,2125.0,2133.0,2132.50732421875,670656,0.0,0.0
2023-08-04 00:00:00+01:00,2135.0,2152.0,2102.0,2152.0,2151.502685546875,575617,0.0,0.0
2023-08-07 00:00:00+01:00,2155.0,2165.0,2126.153076171875,2135.0,2134.507080078125,1231261,0.0,0.0
2023-08-08 00:00:00+01:00,2140.0,2152.239990234375,2131.5400390625,2132.0,2131.50732421875,748432,0.0,0.0
2023-08-09 00:00:00+01:00,2150.0,2161.0,2121.0,2138.0,2137.505859375,865837,0.0,0.0
2023-08-10 00:00:00+01:00,2145.0,2162.3798828125,2134.0,2153.0,2152.502685546875,907647,0.0,0.0
2023-08-11 00:00:00+01:00,2143.0,2161.0,2124.0,2135.0,2134.507080078125,2002854,0.0,0.0
2023-08-14 00:00:00+01:00,2137.0,2142.0,2108.0,2128.0,2127.50830078125,1283851,0.0,0.0
2023-08-15 00:00:00+01:00,2126.0,2134.0,2075.0,2086.0,2085.518310546875,972154,0.0,0.0
2023-08-16 00:00:00+01:00,2081.0,2104.0,2079.0,2103.0,2102.51416015625,1883424,0.0,0.0
2023-08-17 00:00:00+01:00,2088.0,2091.0,2056.0,2056.0,2055.525146484375,1305233,0.0,0.0
2023-08-18 00:00:00+01:00,2046.0,2051.98388671875,2019.4000244140625,2035.0,2034.5299072265625,1274408,0.0,0.0
2023-08-21 00:00:00+01:00,2050.0,2050.0,2022.2220458984375,2030.0,2029.531005859375,687738,0.0,0.0
2023-08-22 00:00:00+01:00,2031.0,2040.0,2011.0,2011.0,2010.535400390625,771227,0.0,0.0
2023-08-23 00:00:00+01:00,2009.0,2046.0,2002.0,2046.0,2045.5274658203125,565906,0.0,0.0
2023-08-24 00:00:00+01:00,2054.0,2078.0,2054.0,2075.0,2074.5205078125,816240,0.0,0.0
2023-08-25 00:00:00+01:00,2061.0,2110.0,2054.0,2078.0,2077.519775390625,845522,0.0,0.0
2023-08-29 00:00:00+01:00,2111.0,2146.0,2086.0,2119.0,2118.5107421875,950769,0.0,0.0
2023-08-30 00:00:00+01:00,2120.0,2135.0,2120.0,2129.0,2128.508056640625,439577,0.0,0.0
2023-08-31 00:00:00+01:00,2137.0,2156.0,2135.0,2144.0,2143.504638671875,1690569,0.0,0.0
2023-09-01 00:00:00+01:00,2142.0,2148.0,2125.0,2134.0,2133.507080078125,764266,0.0,0.0
2023-09-04 00:00:00+01:00,2143.0,2149.0,2135.0,2143.0,2142.5048828125,396949,0.0,0.0
2023-09-05 00:00:00+01:00,2131.0,2169.0,2131.0,2151.0,2150.5029296875,774774,0.0,0.0
2023-09-06 00:00:00+01:00,2139.0,2174.0,2121.0,2162.0,2161.500732421875,532066,0.0,0.0
2023-09-07 00:00:00+01:00,2152.0,2170.0,2142.6201171875,2160.0,2159.5009765625,523620,0.0,0.0
2023-09-08 00:00:00+01:00,2160.0,2184.0,2150.0,2177.0,2176.496826171875,577953,0.0,0.0
2023-09-11 00:00:00+01:00,2168.0,2184.0,2143.0,2159.0,2158.501220703125,757729,0.0,0.0
2023-09-12 00:00:00+01:00,2165.0,2184.0,2153.0,2164.0,2163.5,937982,0.0,0.0
2023-09-13 00:00:00+01:00,2154.0,2156.0,2100.0,2115.0,2114.511474609375,795316,0.0,0.0
2023-09-14 00:00:00+01:00,2115.0,2143.0,2098.0,2133.0,2132.50732421875,685927,0.0,0.0
2023-09-15 00:00:00+01:00,2159.0,2168.0,2138.0,2147.0,2146.50390625,2385730,0.0,0.0
2023-09-18 00:00:00+01:00,2150.0,2154.2470703125,2107.0,2110.0,2109.512451171875,646461,0.0,0.0
2023-09-19 00:00:00+01:00,2103.0,2105.0,2061.0,2064.0,2063.523193359375,481806,0.0,0.0
2023-09-20 00:00:00+01:00,2069.0,2086.0,2064.0,2076.0,2075.52001953125,2134727,0.0,0.0
2023-09-21 00:00:00+01:00,2063.0,2080.0,2025.0,2025.0,2024.5322265625,1265068,0.0,0.0
2023-09-22 00:00:00+01:00,2005.0,2017.0,1927.0,1949.0,1948.5498046875,1553853,0.0,0.0
2023-09-25 00:00:00+01:00,1946.0,1954.4849853515625,1909.5,1945.0,1944.5506591796875,2545805,0.0,0.0
2023-09-26 00:00:00+01:00,1930.0,1942.5,1896.0,1904.5,1904.0601806640625,1327870,0.0,0.0
2023-09-27 00:00:00+01:00,1909.5,1943.5,1906.5,1916.0,1915.5574951171875,2189276,0.0,0.0
2023-09-28 00:00:00+01:00,1919.0,1925.5,1874.779052734375,1914.0,1913.557861328125,1556929,0.0,0.0
2023-09-29 00:00:00+01:00,1926.5,1967.991943359375,1924.0,1938.5,1938.0521240234375,1134422,0.0,0.0
2023-10-02 00:00:00+01:00,1942.5,1954.0,1904.550048828125,1917.5,1917.0570068359375,1444153,0.0,0.0
2023-10-03 00:00:00+01:00,1915.5,1919.5,1892.405029296875,1895.0,1894.5621337890625,1005183,0.0,0.0
2023-10-04 00:00:00+01:00,1871.5,1918.0,1870.0,1912.5,1912.0582275390625,1688873,0.0,0.0
2023-10-05 00:00:00+01:00,1914.5,1956.0,1914.5,1938.0,1937.552490234375,1486990,0.0,0.0
2023-10-06 00:00:00+01:00,1942.5,1991.0,1942.5,1983.5,1983.041748046875,1966249,0.0,0.0
2023-10-09 00:00:00+01:00,1975.5,1982.0,1916.5,1916.5,1916.057373046875,1689225,0.0,0.0
2023-10-10 00:00:00+01:00,1931.0,1944.5,1914.0,1920.0,1919.5565185546875,3459199,0.0,0.0
2023-10-11 00:00:00+01:00,1918.0,1951.5,1906.5,1945.0,1944.5506591796875,1492492,0.0,0.0
2023-10-12 00:00:00+01:00,1961.0,1967.5,1927.0,1938.0,1937.552490234375,976340,0.0,0.0
2023-10-13 00:00:00+01:00,1927.5,1937.5,1895.0,1896.5,1896.06201171875,1230772,0.0,0.0
2023-10-16 00:00:00+01:00,1899.5,1908.5,1874.0,1883.5,1883.0648193359375,1649949,0.0,0.0
2023-10-17 00:00:00+01:00,1882.0,1892.5,1869.0,1887.5,1887.0640869140625,814500,0.0,0.0
2023-10-18 00:00:00+01:00,1881.5,1904.0,1843.5,1844.0,1843.573974609375,1070581,0.0,0.0
2023-10-19 00:00:00+01:00,1830.5,1876.0,1817.5,1860.5,1860.0703125,1556598,0.0,0.0
2023-10-20 00:00:00+01:00,1845.5,1853.0,1810.5,1810.5,1810.0816650390625,2284679,0.0,0.0
2023-10-23 00:00:00+01:00,1812.5,1845.0,1802.0,1845.0,1844.57373046875,888368,0.0,0.0
2023-10-24 00:00:00+01:00,1857.0,1864.5,1829.0,1836.5,1836.0758056640625,840666,0.0,0.0
2023-10-25 00:00:00+01:00,1830.5,1850.5,1819.0,1830.5,1830.0770263671875,561888,0.0,0.0
2023-10-26 00:00:00+01:00,1811.5,1847.5,1808.0,1832.0,1831.576904296875,756752,0.0,0.0
2023-10-27 00:00:00+01:00,1827.5,1840.0,1815.0,1823.0,1822.5789794921875,948294,0.0,0.0
2023-10-30 00:00:00+00:00,1835.5,1847.5,1817.0,1818.5,1818.0799560546875,512264,0.0,0.0
2023-10-31 00:00:00+00:00,1829.0,1856.0,1826.5,1845.0,1844.57373046875,843324,0.0,0.0
2023-11-01 00:00:00+00:00,1845.0,1852.0,1808.5,1845.5,1845.07373046875,748579,0.0,0.0
2023-11-02 00:00:00+00:00,1853.0,1906.0,1842.5,1882.5,1882.065185546875,917623,0.0,0.0
2023-11-03 00:00:00+00:00,1887.5,1912.5,1864.5,1896.0,1895.56201171875,1287273,0.0,0.0
2023-11-06 00:00:00+00:00,1896.5,1908.5,1873.0,1873.0,1872.5672607421875,840510,0.0,0.0
2023-11-07 00:00:00+00:00,1868.5,1903.5,1863.5,1893.0,1892.562744140625,605457,0.0,0.0
2023-11-08 00:00:00+00:00,1887.5,1912.5,1884.0,1901.5,1901.060791015625,961645,0.0,0.0
2023-11-09 00:00:00+00:00,1897.5,1952.0,1897.5,1950.0,1949.5494384765625,682775,0.0,0.0
2023-11-10 00:00:00+00:00,1931.5,1933.5,1903.498046875,1931.5,1931.053955078125,1029856,0.0,0.0
2023-11-13 00:00:00+00:00,1938.5,1949.0,1912.0,1924.0,1923.5556640625,1376596,0.0,0.0
2023-11-14 00:00:00+00:00,1922.0,1970.0,1910.0,1960.0,1959.5472412109375,1106537,0.0,0.0
2023-11-15 00:00:00+00:00,1962.5,2007.0,1945.5,1965.5,1965.0460205078125,937739,0.0,0.0
2023-11-16 00:00:00+00:00,1978.5,2079.0,1960.0,2028.0,2027.531494140625,1834511,0.0,0.0
2023-11-17 00:00:00+00:00,2036.0,2094.0,2032.0,2053.0,2052.52587890625,2685329,0.0,0.0
2023-11-20 00:00:00+00:00,2060.0,2102.0,2046.0,2090.0,2089.517333984375,1402781,0.0,0.0
2023-11-21 00:00:00+00:00,2087.0,2104.0,2078.0,2078.0,2077.519775390625,1061105,0.0,0.0
2023-11-22 00:00:00+00:00,2077.0,2123.0,2077.0,2123.0,2122.50927734375,1528790,0.0,0.0
2023-11-23 00:00:00+00:00,2123.0,2139.0,2122.0,2133.0,2132.50732421875,1350665,0.0,0.0
2023-11-24 00:00:00+00:00,2128.0,2135.0,2120.0,2124.0,2123.50927734375,917563,0.0,0.0
2023-11-27 00:00:00+00:00,2119.0,2139.0,2119.0,2124.0,2123.50927734375,1027107,0.0,0.0
2023-11-28 00:00:00+00:00,2118.0,2141.0,2098.0,2120.0,2119.510498046875,861752,0.0,0.0
2023-11-29 00:00:00+00:00,2122.0,2136.0,2117.0,2124.0,2123.50927734375,973968,0.0,0.0
2023-11-30 00:00:00+00:00,2122.0,2143.0,2107.0,2131.0,2130.5078125,1792388,0.0,0.0
2023-12-01 00:00:00+00:00,2127.0,2146.0,2117.0,2133.0,2132.50732421875,1024039,0.0,0.0
2023-12-04 00:00:00+00:00,2130.0,2155.0,2117.0,2120.0,2119.510498046875,971658,0.0,0.0
2023-12-05 00:00:00+00:00,2104.0,2138.0,2102.0,2138.0,2137.505859375,783904,0.0,0.0
2023-12-06 00:00:00+00:00,2146.0,2169.0,2143.001953125,2168.0,2167.499267578125,931877,0.0,0.0
2023-12-07 00:00:00+00:00,2154.0,2182.0,2144.0,2164.0,2163.5,453376,0.0,0.0
2023-12-08 00:00:00+00:00,2172.0,2224.0,2151.0,2205.0,2204.490478515625,729183,0.0,0.0
2023-12-11 00:00:00+00:00,2197.0,2216.0,2187.0,2212.0,2211.48876953125,981126,0.0,0.0
2023-12-12 00:00:00+00:00,2219.0,2233.0,2198.0,2220.0,2219.4873046875,711535,0.0,0.0
2023-12-13 00:00:00+00:00,2229.0,2236.0,2219.0,2219.0,2218.487548828125,539104,0.0,0.0
2023-12-14 00:00:00+00:00,2230.0,2291.0,2229.0,2266.0,2265.476318359375,765610,0.0,0.0
2023-12-15 00:00:00+00:00,2273.0,2282.0,2255.0,2261.0,2260.477783203125,1454522,0.0,0.0
2023-12-18 00:00:00+00:00,2250.0,2275.0,2235.0,2250.0,2249.480224609375,545476,0.0,0.0
2023-12-19 00:00:00+00:00,2254.0,2292.0,2254.0,2292.0,2291.470458984375,650314,0.0,0.0
2023-12-20 00:00:00+00:00,2289.0,2325.0,2278.0,2325.0,2324.462890625,1054578,0.0,0.0
2023-12-21 00:00:00+00:00,2302.0,2339.0,2292.0,2316.0,2315.548583984375,654295,8.41,0.0
2023-12-22 00:00:00+00:00,2303.0,2306.0,2277.0,2290.0,2289.5537109375,266240,0.0,0.0
2023-12-27 00:00:00+00:00,2295.0,2312.0,2290.0,2309.0,2308.55029296875,396694,0.0,0.0
2023-12-28 00:00:00+00:00,2319.0,2322.0,2288.0,2295.0,2294.552978515625,366719,0.0,0.0
2023-12-29 00:00:00+00:00,2304.0,2311.0,2284.0,2284.0,2283.554931640625,367619,0.0,0.0
2024-01-02 00:00:00+00:00,2285.0,2287.0,2209.7890625,2224.0,2223.56689453125,615979,0.0,0.0
2024-01-03 00:00:00+00:00,2210.0,2224.0,2146.0,2150.0,2149.581298828125,1446235,0.0,0.0
2024-01-04 00:00:00+00:00,2147.0,2156.0,2111.0,2145.0,2144.582275390625,697932,0.0,0.0
2024-01-05 00:00:00+00:00,2127.0,2136.0,2104.008056640625,2121.0,2120.586669921875,886393,0.0,0.0
2024-01-08 00:00:00+00:00,2115.0,2164.0,2109.0,2164.0,2163.578369140625,670491,0.0,0.0
2024-01-09 00:00:00+00:00,2172.0,2182.0,2149.0,2165.0,2164.578125,595603,0.0,0.0
2024-01-10 00:00:00+00:00,2169.0,2184.0,2169.0,2177.0,2176.57568359375,377005,0.0,0.0
2024-01-11 00:00:00+00:00,2182.0,2218.0,2176.0,2176.0,2175.57568359375,521753,0.0,0.0
2024-01-12 00:00:00+00:00,2185.0,2212.0,2176.0,2203.0,2202.571044921875,848273,0.0,0.0
2024-01-15 00:00:00+00:00,2195.0,2205.0,2166.449951171875,2173.0,2172.57666015625,301078,0.0,0.0
2024-01-16 00:00:00+00:00,2166.0,2176.0,2148.0,2169.0,2168.577392578125,341246,0.0,0.0
2024-01-17 00:00:00+00:00,2156.0,2161.0,2143.949951171875,2159.0,2158.579345703125,765355,0.0,0.0
2024-01-18 00:00:00+00:00,2157.0,2177.0,2150.449951171875,2162.0,2161.578857421875,563973,0.0,0.0
2024-01-19 00:00:00+00:00,2168.0,2177.0,2138.951904296875,2147.0,2146.58154296875,586679,0.0,0.0
2024-01-22 00:00:00+00:00,2169.0,2196.0,2163.0,2186.0,2185.57421875,760819,0.0,0.0
2024-01-23 00:00:00+00:00,2195.0,2201.0,2158.0,2158.0,2157.57958984375,604937,0.0,0.0
2024-01-24 00:00:00+00:00,2154.0,2179.0,2143.0,2158.0,2157.57958984375,566249,0.0,0.0
2024-01-25 00:00:00+00:00,2173.0,2173.0,2148.902099609375,2165.0,2164.578125,587965,0.0,0.0
2024-01-26 00:00:00+00:00,2167.0,2200.260009765625,2139.0,2195.0,2194.572509765625,1093362,0.0,0.0
2024-01-29 00:00:00+00:00,2173.0,2174.0,2140.0,2169.0,2168.577392578125,740334,0.0,0.0
2024-01-30 00:00:00+00:00,2183.0,2200.0,2169.0,2174.0,2173.576416015625,724948,0.0,0.0
2024-01-31 00:00:00+00:00,2168.0,2203.0,2166.0,2193.0,2192.572509765625,1016383,0.0,0.0
2024-02-01 00:00:00+00:00,2181.0,2199.0,2179.0,2187.0,2186.573974609375,647518,0.0,0.0
2024-02-02 00:00:00+00:00,2204.0,2212.0,2167.0,2167.0,2166.57763671875,754828,0.0,0.0
2024-02-05 00:00:00+00:00,2162.0,2175.0,2146.0,2151.0,2150.580810546875,569047,0.0,0.0
2024-02-06 00:00:00+00:00,2160.0,2178.0,2141.0,2174.0,2173.576416015625,793673,0.0,0.0
2024-02-07 00:00:00+00:00,2169.0,2189.0,2160.0,2182.0,2181.574462890625,615900,0.0,0.0
2024-02-08 00:00:00+00:00,2187.0,2222.5,2175.0,2213.0,2212.56884765625,593989,0.0,0.0
2024-02-09 00:00:00+00:00,2201.0,2219.0,2193.0,2211.0,2210.569091796875,571751,0.0,0.0
2024-02-12 00:00:00+00:00,2224.0,2243.0,2199.0,2204.0,2203.570556640625,415041,0.0,0.0
2024-02-13 00:00:00+00:00,2190.0,2192.0,2136.0,2151.0,2150.580810546875,583398,0.0,0.0
2024-02-14 00:00:00+00:00,2146.0,2190.0,2146.0,2190.0,2189.573486328125,485558,0.0,0.0
2024-02-15 00:00:00+00:00,2203.0,2213.0,2192.0,2196.0,2195.572265625,487508,0.0,0.0
2024-02-16 00:00:00+00:00,2201.0,2262.0,2200.0,2253.0,2252.56103515625,649567,0.0,0.0
2024-02-19 00:00:00+00:00,2244.0,2275.0,2230.0,2275.0,2274.556640625,542551,0.0,0.0
2024-02-20 00:00:00+00:00,2269.0,2288.0,2265.0,2282.0,2281.55517578125,821012,0.0,0.0
2024-02-21 00:00:00+00:00,2294.0,2310.0,2289.050048828125,2310.0,2309.5498046875,948167,0.0,0.0
2024-02-22 00:00:00+00:00,2320.0,2362.0,2295.0,2351.0,2350.541748046875,1218977,0.0,0.0
2024-02-23 00:00:00+00:00,2350.0,2369.0,2332.0,2362.0,2361.5400390625,1218497,0.0,0.0
2024-02-26 00:00:00+00:00,2348.0,2374.0,2339.0,2368.0,2367.53857421875,1021405,0.0,0.0
2024-02-27 00:00:00+00:00,2369.0,2382.0,2350.0,2365.0,2364.5390625,1622234,0.0,0.0
2024-02-28 00:00:00+00:00,2361.0,2364.0,2277.0,2278.0,2277.556396484375,878098,0.0,0.0
2024-02-29 00:00:00+00:00,2297.0,2326.0,2294.0,2302.0,2301.5517578125,1421239,0.0,0.0
2024-03-01 00:00:00+00:00,2325.0,2325.0,2286.0,2302.0,2301.5517578125,700838,0.0,0.0
2024-03-04 00:00:00+00:00,2312.0,2313.0,2284.0,2299.0,2298.5517578125,624062,0.0,0.0
2024-03-05 00:00:00+00:00,2294.0,2328.0,2280.0,2280.0,2279.555908203125,700390,0.0,0.0
2024-03-06 00:00:00+00:00,2271.0,2307.0,2248.0,2304.0,2303.55078125,572104,0.0,0.0
2024-03-07 00:00:00+00:00,2300.0,2311.0,2282.0,2288.0,2287.553955078125,992447,0.0,0.0
2024-03-08 00:00:00+00:00,2289.0,2300.0,2264.0,2293.0,2292.55322265625,631815,0.0,0.0
2024-03-11 00:00:00+00:00,2267.0,2289.0,2244.0,2265.0,2264.55859375,1309279,0.0,0.0
2024-03-12 00:00:00+00:00,2287.0,2298.0,2255.0,2288.0,2287.553955078125,1002362,0.0,0.0
2024-03-13 00:00:00+00:00,2297.0,2301.0,2265.0,2265.0,2264.55859375,844004,0.0,0.0
2024-03-14 00:00:00+00:00,2272.0,2278.51806640625,2230.0,2245.0,2244.562255859375,848280,0.0,0.0
2024-03-15 00:00:00+00:00,2232.0,2239.0,2209.0,2214.0,2213.56884765625,2289874,0.0,0.0
2024-03-18 00:00:00+00:00,2228.0,2240.0,2207.0,2214.0,2213.56884765625,533356,0.0,0.0
2024-03-19 00:00:00+00:00,2202.0,2209.0,2188.64990234375,2208.0,2207.56982421875,786873,0.0,0.0
2024-03-20 00:00:00+00:00,2275.0,2297.0,2258.0,2293.0,2292.55322265625,1503607,0.0,0.0
2024-03-21 00:00:00+00:00,2326.0,2376.0,2323.0,2362.0,2361.5400390625,712980,0.0,0.0
2024-03-22 00:00:00+00:00,2359.0,2378.0,2331.0,2341.0,2340.544189453125,541368,0.0,0.0
2024-03-25 00:00:00+00:00,2343.0,2349.60595703125,2312.0,2327.0,2326.54638671875,527070,0.0,0.0
2024-03-26 00:00:00+00:00,2320.0,2334.0,2299.0,2334.0,2333.544921875,541925,0.0,0.0
2024-03-27 00:00:00+00:00,2332.0,2347.44091796875,2324.89990234375,2336.0,2335.544921875,671028,0.0,0.0
2024-03-28 00:00:00+00:00,2344.0,2368.0,2330.0,2368.0,2367.53857421875,1232707,0.0,0.0
2024-04-02 00:00:00+01:00,2351.0,2384.0,2344.0,2353.0,2352.54150390625,754410,0.0,0.0
2024-04-03 00:00:00+01:00,2340.0,2353.0,2311.0,2336.0,2335.544921875,690332,0.0,0.0
2024-04-04 00:00:00+01:00,2335.0,2352.0,2302.0,2315.0,2314.548828125,599494,0.0,0.0
2024-04-05 00:00:00+01:00,2278.0,2281.0,2247.0,2270.0,2269.557861328125,626577,0.0,0.0
2024-04-08 00:00:00+01:00,2265.0,2279.0,2249.0,2249.0,2248.56201171875,718836,0.0,0.0
2024-04-09 00:00:00+01:00,2285.0,2303.0,2269.722900390625,2294.0,2293.552978515625,824902,0.0,0.0
2024-04-10 00:00:00+01:00,2301.0,2313.0,2252.0,2278.0,2277.556396484375,937098,0.0,0.0
2024-04-11 00:00:00+01:00,2266.0,2281.0,2248.0,2258.0,2257.56005859375,701635,0.0,0.0
2024-04-12 00:00:00+01:00,2277.0,2281.0,2224.0,2227.0,2226.56591796875,660587,0.0,0.0
2024-04-15 00:00:00+01:00,2221.0,2263.0,2211.0,2239.0,2238.563720703125,617941,0.0,0.0
2024-04-16 00:00:00+01:00,2207.0,2211.0,2179.0,2204.0,2203.570556640625,548111,0.0,0.0
2024-04-17 00:00:00+01:00,2187.0,2203.0,2183.0,2190.0,2189.573486328125,800181,0.0,0.0
2024-04-18 00:00:00+01:00,2203.0,2210.0,2174.0,2200.0,2199.5712890625,1339406,0.0,0.0
2024-04-19 00:00:00+01:00,2191.0,2196.0,2158.0,2183.0,2182.574462890625,495805,0.0,0.0
2024-04-22 00:00:00+01:00,2205.0,2245.0,2201.0,2205.0,2204.5703125,490728,0.0,0.0
2024-04-23 00:00:00+01:00,2225.0,2240.3720703125,2222.0,2236.0,2235.564208984375,595316,0.0,0.0
2024-04-24 00:00:00+01:00,2239.0,2248.0,2216.0,2216.0,2215.568115234375,541057,0.0,0.0
2024-04-25 00:00:00+01:00,2201.0,2202.0,2143.0,2178.0,2177.57568359375,888746,0.0,0.0
2024-04-26 00:00:00+01:00,2196.0,2223.0,2182.0,2219.0,2218.56787109375,951776,0.0,0.0
2024-04-29 00:00:00+01:00,2222.0,2250.0,2214.0,2239.0,2238.563720703125,432048,0.0,0.0
2024-04-30 00:00:00+01:00,2235.0,2251.0,2202.0,2207.0,2206.570068359375,445064,0.0,0.0
2024-05-01 00:00:00+01:00,2203.0,2217.0,2193.0,2206.0,2205.570068359375,420043,0.0,0.0
2024-05-02 00:00:00+01:00,2214.0,2230.0,2205.0,2217.0,2216.56787109375,421920,0.0,0.0
2024-05-03 00:00:00+01:00,2228.0,2273.0,2217.791015625,2241.0,2240.5634765625,270150,0.0,0.0
2024-05-07 00:00:00+01:00,2247.0,2292.0,2242.0,2284.0,2283.554931640625,542184,0.0,0.0
2024-05-08 00:00:00+01:00,2291.0,2340.0,2284.0,2328.0,2327.546142578125,532860,0.0,0.0
2024-05-09 00:00:00+01:00,2313.0,2338.0,2304.0,2304.0,2303.55078125,449901,0.0,0.0
2024-05-10 00:00:00+01:00,2305.0,2334.0,2302.0,2328.0,2327.546142578125,272095,0.0,0.0
2024-05-13 00:00:00+01:00,2334.0,2352.0,2304.0,2308.0,2307.550537109375,406707,0.0,0.0
2024-05-14 00:00:00+01:00,2304.0,2335.0,2292.0,2332.0,2331.5458984375,386175,0.0,0.0
2024-05-15 00:00:00+01:00,2343.0,2385.0,2330.52001953125,2356.0,2355.541259765625,358867,0.0,0.0
2024-05-16 00:00:00+01:00,2355.0,2365.281982421875,2344.0,2352.0,2351.541748046875,341928,0.0,0.0
2024-05-17 00:00:00+01:00,2342.0,2355.0,2333.0,2333.0,2332.545166015625,770077,0.0,0.0
2024-05-20 00:00:00+01:00,2334.0,2355.0,2328.0,2346.0,2345.54296875,369647,0.0,0.0
2024-05-21 00:00:00+01:00,2334.0,2340.0,2320.0,2335.0,2334.544921875,510689,0.0,0.0
2024-05-22 00:00:00+01:00,2339.0,2341.0,2313.0,2313.0,2312.549560546875,1097684,0.0,0.0
2024-05-23 00:00:00+01:00,2313.0,2325.0,2295.0,2309.0,2308.55029296875,486744,0.0,0.0
2024-05-24 00:00:00+01:00,2283.0,2317.0,2270.0,2315.0,2314.548828125,336714,0.0,0.0
2024-05-28 00:00:00+01:00,2314.0,2330.0,2254.0,2258.0,2257.56005859375,704022,0.0,0.0
2024-05-29 00:00:00+01:00,2253.0,2263.0,2222.0,2226.0,2225.566162109375,1094289,0.0,0.0
2024-05-30 00:00:00+01:00,2213.0,2263.593994140625,2213.0,2248.0,2247.562255859375,893125,0.0,0.0
2024-05-31 00:00:00+01:00,2245.0,2253.51806640625,2226.0,2226.0,2225.566162109375,1919967,0.0,0.0
2024-06-03 00:00:00+01:00,2256.0,2282.0,2226.0,2240.0,2239.5634765625,656917,0.0,0.0
2024-06-04 00:00:00+01:00,2235.0,2302.0,2225.402099609375,2290.0,2289.5537109375,515952,0.0,0.0
2024-06-05 00:00:00+01:00,2301.0,2315.0,2287.0,2315.0,2314.548828125,484941,0.0,0.0
2024-06-06 00:00:00+01:00,2328.0,2336.47802734375,2301.0,2317.0,2316.548583984375,453419,0.0,0.0
2024-06-07 00:00:00+01:00,2320.0,2330.0,2287.0,2296.0,2295.552734375,883020,0.0,0.0
2024-06-10 00:00:00+01:00,2276.0,2307.0,2266.0,2284.0,2283.554931640625,359738,0.0,0.0
2024-06-11 00:00:00+01:00,2292.0,2308.0,2271.0,2274.0,2273.556884765625,843977,0.0,0.0
2024-06-12 00:00:00+01:00,2283.0,2354.40087890625,2281.06005859375,2350.0,2349.542236328125,784530,0.0,0.0
2024-06-13 00:00:00+01:00,2349.0,2671.0,2331.0,2664.0,2663.48095703125,1698684,0.0,0.0
2024-06-14 00:00:00+01:00,2665.0,2711.0,2632.0,2645.0,2644.484619140625,1067873,0.0,0.0
2024-06-17 00:00:00+01:00,2659.0,2687.0,2590.0,2617.0,2616.489990234375,819030,0.0,0.0
2024-06-18 00:00:00+01:00,2626.0,2661.0,2609.35302734375,2656.0,2655.482421875,810009,0.0,0.0
2024-06-19 00:00:00+01:00,2642.0,2647.0,2611.0,2616.0,2615.490234375,564759,0.0,0.0
2024-06-20 00:00:00+01:00,2642.0,2676.0,2631.0,2676.0,2675.47900390625,825788,0.0,0.0
2024-06-21 00:00:00+01:00,2681.0,2691.0,2636.0,2657.0,2656.482177734375,1514800,0.0,0.0
2024-06-24 00:00:00+01:00,2658.0,2702.0,2650.0,2702.0,2701.4736328125,1048875,0.0,0.0
2024-06-25 00:00:00+01:00,2695.0,2704.0,2656.0,2686.0,2685.476806640625,728121,0.0,0.0
2024-06-26 00:00:00+01:00,2711.0,2713.0,2678.0,2680.0,2679.477783203125,887796,0.0,0.0
2024-06-27 00:00:00+01:00,2690.0,2734.760009765625,2663.0,2721.0,2720.4697265625,1322039,0.0,0.0
2024-06-28 00:00:00+01:00,2739.0,2750.0,2683.0,2706.0,2705.47265625,951276,0.0,0.0
2024-07-01 00:00:00+01:00,2715.0,2740.050048828125,2703.0,2706.0,2705.47265625,658038,0.0,0.0
2024-07-02 00:00:00+01:00,2694.0,2723.0,2671.0,2682.0,2681.477294921875,577908,0.0,0.0
2024-07-03 00:00:00+01:00,2705.0,2721.071044921875,2687.0,2717.0,2716.470458984375,459507,0.0,0.0
2024-07-04 00:00:00+01:00,2723.0,2733.0,2680.0,2690.0,2689.47607421875,575714,0.0,0.0
2024-07-05 00:00:00+01:00,2704.0,2720.0,2673.0,2677.0,2676.478271484375,630353,0.0,0.0
2024-07-08 00:00:00+01:00,2679.0,2684.0,2642.0,2642.0,2641.4853515625,894636,0.0,0.0
2024-07-09 00:00:00+01:00,2648.0,2694.0,2634.0,2675.0,2674.47900390625,578726,0.0,0.0
2024-07-10 00:00:00+01:00,2689.0,2691.0,2642.0,2652.0,2651.4833984375,487134,0.0,0.0
2024-07-11 00:00:00+01:00,2643.0,2682.0,2622.0,2667.0,2666.61328125,628960,13.2,0.0
2024-07-12 00:00:00+01:00,2673.0,2682.0,2654.0,2671.0,2670.6123046875,449501,0.0,0.0
2024-07-15 00:00:00+01:00,2655.0,2694.0,2636.0,2665.0,2664.613525390625,1494551,0.0,0.0
2024-07-16 00:00:00+01:00,2656.0,2689.0,2648.0,2689.0,2688.60986328125,645153,0.0,0.0
2024-07-17 00:00:00+01:00,2688.0,2695.3701171875,2620.0,2626.0,2625.619140625,516182,0.0,0.0
2024-07-18 00:00:00+01:00,2638.0,2660.0,2611.4619140625,2617.0,2616.6201171875,498307,0.0,0.0
2024-07-19 00:00:00+01:00,2604.0,2606.0,2566.0,2591.0,2590.624267578125,631044,0.0,0.0
2024-07-22 00:00:00+01:00,2602.0,2627.0,2590.0,2611.0,2610.62109375,532014,0.0,0.0
2024-07-23 00:00:00+01:00,2615.0,2633.0,2603.0,2616.0,2615.620361328125,503811,0.0,0.0
2024-07-24 00:00:00+01:00,2580.0,2602.0,2558.0,2565.0,2564.6279296875,462833,0.0,0.0
2024-07-25 00:00:00+01:00,2524.0,2545.0,2491.0,2528.0,2527.633056640625,495041,0.0,0.0
2024-07-26 00:00:00+01:00,2522.0,2563.0,2512.0,2563.0,2562.628173828125,402873,0.0,0.0
2024-07-29 00:00:00+01:00,2576.0,2584.0,2548.0,2552.0,2551.6298828125,694491,0.0,0.0
2024-07-30 00:00:00+01:00,2551.0,2595.0,2545.0,2586.0,2585.624755859375,837522,0.0,0.0
2024-07-31 00:00:00+01:00,2632.0,2662.0,2609.0,2662.0,2661.613525390625,913011,0.0,0.0
2024-08-01 00:00:00+01:00,2659.0,2663.0,2588.0,2604.0,2603.6220703125,312973,0.0,0.0
2024-08-02 00:00:00+01:00,2571.0,2585.0,2500.0,2527.0,2526.63330078125,520672,0.0,0.0
2024-08-05 00:00:00+01:00,2450.0,2483.0,2431.0,2474.0,2473.64111328125,556566,0.0,0.0
2024-08-06 00:00:00+01:00,2508.0,2510.0,2431.0,2459.0,2458.643310546875,388880,0.0,0.0
2024-08-07 00:00:00+01:00,2473.0,2519.0,2464.0,2513.0,2512.635498046875,861862,0.0,0.0
2024-08-08 00:00:00+01:00,2487.0,2506.0,2453.0,2506.0,2505.636474609375,342313,0.0,0.0
2024-08-09 00:00:00+01:00,2506.0,2535.0,2495.9970703125,2526.0,2525.6337890625,355289,0.0,0.0
2024-08-12 00:00:00+01:00,2539.0,2547.0,2500.0,2527.0,2526.63330078125,392155,0.0,0.0
2024-08-13 00:00:00+01:00,2531.0,2540.0,2500.0,2526.0,2525.6337890625,281589,0.0,0.0
2024-08-14 00:00:00+01:00,2540.0,2548.0,2522.0,2522.0,2521.634033203125,330797,0.0,0.0
2024-08-15 00:00:00+01:00,2528.0,2576.0,2506.0,2554.0,2553.629638671875,393615,0.0,0.0
2024-08-16 00:00:00+01:00,2560.0,2565.0,2529.387939453125,2551.0,2550.6298828125,346944,0.0,0.0
2024-08-19 00:00:00+01:00,2533.0,2578.0,2506.2109375,2555.0,2554.629150390625,277383,0.0,0.0
2024-08-20 00:00:00+01:00,2565.0,2588.0,2543.0,2549.0,2548.630126953125,227899,0.0,0.0
2024-08-21 00:00:00+01:00,2551.0,2590.0,2543.0,2568.0,2567.62744140625,582712,0.0,0.0
2024-08-22 00:00:00+01:00,2568.0,2581.0,2562.0,2570.0,2569.627197265625,344521,0.0,0.0
2024-08-23 00:00:00+01:00,2571.0,2586.0,2562.0,2569.0,2568.62744140625,403478,0.0,0.0
2024-08-27 00:00:00+01:00,2569.0,2574.0,2535.0,2538.0,2537.6318359375,502982,0.0,0.0
2024-08-28 00:00:00+01:00,2558.0,2579.0,2540.0,2556.0,2555.62890625,359624,0.0,0.0
2024-08-29 00:00:00+01:00,2555.0,2603.0,2550.0,2603.0,2602.622314453125,274026,0.0,0.0
2024-08-30 00:00:00+01:00,2603.0,2626.0,2592.180908203125,2606.0,2605.6220703125,896229,0.0,0.0
2024-09-02 00:00:00+01:00,2603.0,2612.0,2552.0,2575.0,2574.62646484375,228468,0.0,0.0
2024-09-03 00:00:00+01:00,2577.0,2588.0,2558.0,2563.0,2562.628173828125,548768,0.0,0.0
2024-09-04 00:00:00+01:00,2516.0,2554.0,2511.0,2544.0,2543.631103515625,715126,0.0,0.0
2024-09-05 00:00:00+01:00,2530.0,2543.0,2465.0,2488.0,2487.638916015625,312228,0.0,0.0
2024-09-06 00:00:00+01:00,2490.0,2519.0,2477.0,2490.0,2489.638916015625,358339,0.0,0.0
2024-09-09 00:00:00+01:00,2501.0,2533.0,2498.0,2533.0,2532.63232421875,281762,0.0,0.0
2024-09-10 00:00:00+01:00,2520.0,2540.0,2510.0,2525.0,2524.6337890625,373112,0.0,0.0
2024-09-11 00:00:00+01:00,2516.0,2540.0,2506.0,2516.0,2515.635009765625,416246,0.0,0.0
2024-09-12 00:00:00+01:00,2550.0,2578.0,2543.0,2545.0,2544.630859375,402854,0.0,0.0
2024-09-13 00:00:00+01:00,2549.0,2588.510009765625,2547.0,2576.0,2575.62646484375,404708,0.0,0.0
2024-09-16 00:00:00+01:00,2559.0,2602.0,2552.0,2600.0,2599.622802734375,408580,0.0,0.0
2024-09-17 00:00:00+01:00,2610.0,2660.0,2602.0,2640.0,2639.616943359375,574003,0.0,0.0
2024-09-18 00:00:00+01:00,2633.0,2638.0,2561.0,2578.0,2577.6259765625,593444,0.0,0.0
2024-09-19 00:00:00+01:00,2606.0,2661.0,2600.0,2651.0,2650.615478515625,653197,0.0,0.0
2024-09-20 00:00:00+01:00,2636.0,2662.0,2601.0,2605.0,2604.6220703125,1363880,0.0,0.0
2024-09-23 00:00:00+01:00,2600.0,2611.0,2564.0,2568.0,2567.62744140625,740710,0.0,0.0
2024-09-24 00:00:00+01:00,2592.0,2592.0,2537.0,2560.0,2559.628662109375,501107,0.0,0.0
2024-09-25 00:00:00+01:00,2539.0,2616.0,2539.0,2596.0,2595.62353515625,599211,0.0,0.0
2024-09-26 00:00:00+01:00,2632.0,2676.0,2588.0,2594.0,2593.62353515625,825239,0.0,0.0
2024-09-27 00:00:00+01:00,2593.0,2655.0,2582.0,2655.0,2654.61474609375,595776,0.0,0.0
2024-09-30 00:00:00+01:00,2634.0,2650.0,2600.455078125,2608.0,2607.62158203125,452096,0.0,0.0
2024-10-01 00:00:00+01:00,2615.0,2660.0,2594.0,2611.0,2610.62109375,467013,0.0,0.0
2024-10-02 00:00:00+01:00,2609.0,2612.364013671875,2576.0,2602.0,2601.62255859375,554207,0.0,0.0
2024-10-03 00:00:00+01:00,2604.0,2611.0,2564.0,2579.0,2578.6259765625,282166,0.0,0.0
2024-10-04 00:00:00+01:00,2568.0,2576.0,2529.0,2553.0,2552.6298828125,490408,0.0,0.0
2024-10-07 00:00:00+01:00,2563.0,2566.0,2510.68798828125,2511.0,2510.635498046875,611363,0.0,0.0
2024-10-08 00:00:00+01:00,2500.0,2508.0,2477.0,2500.0,2499.637451171875,717406,0.0,0.0
2024-10-09 00:00:00+01:00,2510.0,2525.0,2500.0,2518.0,2517.634765625,430584,0.0,0.0
2024-10-10 00:00:00+01:00,2510.0,2515.0,2475.580078125,2481.0,2480.64013671875,537338,0.0,0.0
2024-10-11 00:00:00+01:00,2484.0,2501.0,2481.0,2495.0,2494.637939453125,621074,0.0,0.0
2024-10-14 00:00:00+01:00,2494.0,2523.0,2493.0,2523.0,2522.634033203125,461210,0.0,0.0
2024-10-15 00:00:00+01:00,2546.0,2548.0,2479.0,2479.0,2478.640380859375,687919,0.0,0.0
2024-10-16 00:00:00+01:00,2480.0,2503.0,2467.0,2482.0,2481.639892578125,750741,0.0,0.0
2024-10-17 00:00:00+01:00,2472.0,2500.0,2450.199951171875,2490.0,2489.638916015625,779158,0.0,0.0
2024-10-18 00:00:00+01:00,2480.0,2510.0,2479.0,2494.0,2493.637939453125,527809,0.0,0.0
2024-10-21 00:00:00+01:00,2492.0,2506.0,2477.0,2500.0,2499.637451171875,495416,0.0,0.0
2024-10-22 00:00:00+01:00,2492.0,2500.0,2469.0,2473.0,2472.641357421875,478470,0.0,0.0
2024-10-23 00:00:00+01:00,2462.0,2485.0,2440.0,2474.0,2473.64111328125,612953,0.0,0.0
2024-10-24 00:00:00+01:00,2476.0,2482.0,2463.0,2466.0,2465.64208984375,205992,0.0,0.0
2024-10-25 00:00:00+01:00,2465.0,2481.0,2455.0,2469.0,2468.641845703125,509864,0.0,0.0
2024-10-28 00:00:00+00:00,2481.0,2534.0,2474.0,2522.0,2521.634033203125,504597,0.0,0.0
2024-10-29 00:00:00+00:00,2526.0,2530.0,2502.0,2507.0,2506.636474609375,634357,0.0,0.0
2024-10-30 00:00:00+00:00,2490.0,2540.0,2490.0,2534.0,2533.63232421875,713938,0.0,0.0
2024-10-31 00:00:00+00:00,2515.0,2517.0,2436.0,2475.0,2474.640869140625,1206370,0.0,0.0
2024-11-01 00:00:00+00:00,2461.0,2500.0,2448.0,2482.0,2481.639892578125,664239,0.0,0.0
2024-11-04 00:00:00+00:00,2484.0,2522.0,2478.0,2495.0,2494.637939453125,481901,0.0,0.0
2024-11-05 00:00:00+00:00,2490.0,2518.0,2477.0,2518.0,2517.634765625,292837,0.0,0.0
2024-11-06 00:00:00+00:00,2559.0,2651.819091796875,2554.0,2588.0,2587.62451171875,673698,0.0,0.0
2024-11-07 00:00:00+00:00,2586.0,2617.0,2571.0,2578.0,2577.6259765625,507335,0.0,0.0
2024-11-08 00:00:00+00:00,2594.0,2598.10009765625,2538.0,2538.0,2537.6318359375,539132,0.0,0.0
2024-11-11 00:00:00+00:00,2550.0,2580.0,2549.0,2573.0,2572.626708984375,282713,0.0,0.0
2024-11-12 00:00:00+00:00,2551.0,2561.0,2531.0,2531.0,2530.633056640625,493166,0.0,0.0
2024-11-13 00:00:00+00:00,2520.0,2536.0,2502.0,2532.0,2531.632568359375,577516,0.0,0.0
2024-11-14 00:00:00+00:00,2534.0,2572.0,2532.0,2559.0,2558.62890625,430686,0.0,0.0
2024-11-15 00:00:00+00:00,2534.0,2567.780029296875,2498.623046875,2504.0,2503.636474609375,557084,0.0,0.0
2024-11-18 00:00:00+00:00,2496.0,2533.0,2492.0,2533.0,2532.63232421875,771941,0.0,0.0
2024-11-19 00:00:00+00:00,2541.0,2551.0,2481.0,2513.0,2512.635498046875,672507,0.0,0.0
2024-11-20 00:00:00+00:00,2524.0,2535.0,2485.0,2502.0,2501.636962890625,586811,0.0,0.0
2024-11-21 00:00:00+00:00,2677.0,2765.0,2639.0,2645.0,2644.6162109375,1121783,0.0,0.0
2024-11-22 00:00:00+00:00,2664.0,2725.0,2654.0,2694.0,2693.609130859375,427181,0.0,0.0
2024-11-25 00:00:00+00:00,2699.0,2771.0,2684.990966796875,2762.0,2761.59912109375,2766165,0.0,0.0
2024-11-26 00:00:00+00:00,2749.0,2757.0,2699.0,2705.0,2704.607666015625,975986,0.0,0.0
2024-11-27 00:00:00+00:00,2713.0,2762.0,2690.0,2694.0,2693.609130859375,872487,0.0,0.0
2024-11-28 00:00:00+00:00,2720.0,2720.0,2663.0,2679.0,2678.611328125,268018,0.0,0.0
2024-11-29 00:00:00+00:00,2678.0,2711.0,2674.196044921875,2708.0,2707.607177734375,601524,0.0,0.0
2024-12-02 00:00:00+00:00,2701.0,2745.0,2692.0,2736.0,2735.603271484375,390424,0.0,0.0
2024-12-03 00:00:00+00:00,2737.0,2754.0,2720.0,2736.0,2735.603271484375,723731,0.0,0.0
2024-12-04 00:00:00+00:00,2750.0,2758.0,2721.0,2750.0,2749.600830078125,589858,0.0,0.0
2024-12-05 00:00:00+00:00,2745.0,2758.0,2736.0,2741.0,2740.6025390625,366630,0.0,0.0
2024-12-06 00:00:00+00:00,2746.0,2780.0,2727.0,2772.0,2771.597900390625,423949,0.0,0.0
2024-12-09 00:00:00+00:00,2781.0,2815.0,2750.0,2788.0,2787.595458984375,553622,0.0,0.0
2024-12-10 00:00:00+00:00,2776.0,2792.0,2769.0,2777.0,2776.596923828125,931322,0.0,0.0
2024-12-11 00:00:00+00:00,2764.0,2809.0,2744.0,2794.0,2793.5947265625,462288,0.0,0.0
2024-12-12 00:00:00+00:00,2794.0,2807.0,2747.0,2756.0,2755.60009765625,319059,0.0,0.0
2024-12-13 00:00:00+00:00,2752.0,2771.0,2725.0,2733.0,2732.603271484375,304440,0.0,0.0
2024-12-16 00:00:00+00:00,2728.0,2771.0,2721.0,2771.0,2770.597900390625,889314,0.0,0.0
2024-12-17 00:00:00+00:00,2760.0,2803.0,2755.0,2783.0,2782.59619140625,851306,0.0,0.0
2024-12-18 00:00:00+00:00,2801.0,2809.0,2773.5419921875,2809.0,2808.592529296875,878204,0.0,0.0
2024-12-19 00:00:00+00:00,2765.0,2789.0,2723.6669921875,2733.0,2732.69091796875,804470,9.0,0.0
2024-12-20 00:00:00+00:00,2710.0,2735.0,2690.7060546875,2725.0,2724.692138671875,1946429,0.0,0.0
2024-12-23 00:00:00+00:00,2710.0,2733.0,2691.0,2720.0,2719.69287109375,297353,0.0,0.0
2024-12-24 00:00:00+00:00,2723.0,2739.0,2717.0,2730.0,2729.691650390625,144520,0.0,0.0
2024-12-27 00:00:00+00:00,2720.0,2754.0,2690.0,2722.0,2721.6923828125,232283,0.0,0.0
2024-12-30 00:00:00+00:00,2702.0,2702.0,2667.0,2688.0,2687.696044921875,168617,0.0,0.0
2024-12-31 00:00:00+00:00,2678.0,2702.0,2671.0,2689.0,2688.696044921875,107848,0.0,0.0
2025-01-02 00:00:00+00:00,2689.0,2716.0,2660.0,2702.0,2701.69482421875,276568,0.0,0.0
2025-01-03 00:00:00+00:00,2695.0,2700.65087890625,2674.0,2674.0,2673.69775390625,308515,0.0,0.0
2025-01-06 00:00:00+00:00,2680.0,2722.0,2670.386962890625,2703.0,2702.694580078125,364577,0.0,0.0
2025-01-07 00:00:00+00:00,2710.0,2745.0,2692.0,2745.0,2744.689697265625,1125721,0.0,0.0
2025-01-08 00:00:00+00:00,2740.0,2749.0,2687.0,2694.0,2693.695556640625,512424,0.0,0.0
2025-01-09 00:00:00+00:00,2693.0,2730.0,2686.837890625,2722.0,2721.6923828125,913183,0.0,0.0
2025-01-10 00:00:00+00:00,2712.0,2732.0,2683.56591796875,2692.0,2691.69580078125,297837,0.0,0.0
2025-01-13 00:00:00+00:00,2674.0,2681.0,2627.0,2647.0,2646.700927734375,691084,0.0,0.0
2025-01-14 00:00:00+00:00,2659.0,2687.0,2651.0,2663.0,2662.698974609375,687973,0.0,0.0
2025-01-15 00:00:00+00:00,2674.0,2720.0,2659.0,2710.0,2709.693603515625,457698,0.0,0.0
2025-01-16 00:00:00+00:00,2733.0,2768.0,2717.0,2768.0,2767.68701171875,508565,0.0,0.0
2025-01-17 00:00:00+00:00,2791.0,2808.0,2777.0,2801.0,2800.68359375,394460,0.0,0.0
2025-01-20 00:00:00+00:00,2800.0,2817.0,2793.0,2807.0,2806.682861328125,288591,0.0,0.0
2025-01-21 00:00:00+00:00,2816.0,2838.0,2802.0,2835.0,2834.6796875,763607,0.0,0.0
2025-01-22 00:00:00+00:00,2862.0,2961.0,2853.0,2951.0,2950.66650390625,900393,0.0,0.0
2025-01-23 00:00:00+00:00,2955.0,2965.0,2916.0,2928.0,2927.6689453125,1158870,0.0,0.0
2025-01-24 00:00:00+00:00,2935.0,2937.0,2900.0,2912.0,2911.6708984375,331509,0.0,0.0
2025-01-27 00:00:00+00:00,2838.0,2854.0,2759.0,2839.0,2838.678955078125,659209,0.0,0.0
2025-01-28 00:00:00+00:00,2877.0,2952.778076171875,2877.0,2944.0,2943.667236328125,1005529,0.0,0.0
2025-01-29 00:00:00+00:00,2970.0,3016.0,2949.0,3011.0,3010.65966796875,759798,0.0,0.0
2025-01-30 00:00:00+00:00,3024.0,3084.0,3015.0,3070.0,3069.653076171875,627339,0.0,0.0
2025-01-31 00:00:00+00:00,3091.0,3094.0,3042.0,3043.0,3042.656005859375,4324134,0.0,0.0
2025-02-03 00:00:00+00:00,2980.0,3020.0,2975.6298828125,3016.0,3015.6591796875,1288579,0.0,0.0
2025-02-04 00:00:00+00:00,3006.0,3015.0,2978.0,2990.0,2989.662109375,639201,0.0,0.0
2025-02-05 00:00:00+00:00,2967.0,2974.0,2927.0,2940.0,2939.667724609375,625582,0.0,0.0
2025-02-06 00:00:00+00:00,2895.0,2925.0,2861.0,2896.0,2895.6728515625,1357325,0.0,0.0
2025-02-07 00:00:00+00:00,2872.0,2886.0,2838.0,2862.0,2861.676513671875,1596485,0.0,0.0
2025-02-10 00:00:00+00:00,2858.0,2909.0,2853.0,2899.0,2898.67236328125,535989,0.0,0.0
2025-02-11 00:00:00+00:00,2896.0,2931.0,2893.0,2919.0,2918.670166015625,532889,0.0,0.0
2025-02-12 00:00:00+00:00,2918.0,2948.0,2888.653076171875,2909.0,2908.67138671875,419547,0.0,0.0
2025-02-13 00:00:00+00:00,2911.0,2948.51611328125,2892.0,2945.0,2944.667236328125,556153,0.0,0.0
2025-02-14 00:00:00+00:00,2949.0,2953.0,2924.0,2942.0,2941.667724609375,385819,0.0,0.0
2025-02-17 00:00:00+00:00,2938.0,2950.0,2923.0,2949.0,2948.66650390625,205963,0.0,0.0
2025-02-18 00:00:00+00:00,2965.0,3009.0,2941.0,2968.0,2967.66455078125,586928,0.0,0.0
2025-02-19 00:00:00+00:00,2973.0,2976.0,2915.0,2941.0,2940.667724609375,358853,0.0,0.0
2025-02-20 00:00:00+00:00,2949.0,2960.0,2924.0,2934.0,2933.66845703125,256050,0.0,0.0
2025-02-21 00:00:00+00:00,2944.0,2951.0,2912.0,2914.0,2913.670654296875,381940,0.0,0.0
2025-02-24 00:00:00+00:00,2916.0,2926.0,2845.0,2872.0,2871.675537109375,406512,0.0,0.0
2025-02-25 00:00:00+00:00,2855.0,2866.0,2812.0,2821.0,2820.680908203125,553955,0.0,0.0
2025-02-26 00:00:00+00:00,2831.0,2882.0,2823.0,2842.0,2841.678955078125,472552,0.0,0.0
2025-02-27 00:00:00+00:00,2816.0,2828.0,2776.0,2777.0,2776.68603515625,1370711,0.0,0.0
2025-02-28 00:00:00+00:00,2749.0,2800.0,2749.0,2800.0,2799.68359375,1409131,0.0,0.0
2025-03-03 00:00:00+00:00,2807.0,2831.0,2792.0,2795.0,2794.68408203125,423245,0.0,0.0
2025-03-04 00:00:00+00:00,2780.0,2792.572998046875,2741.0,2770.0,2769.68701171875,1023304,0.0,0.0
2025-03-05 00:00:00+00:00,2812.0,2845.0,2794.0,2794.0,2793.684326171875,1309359,0.0,0.0
2025-03-06 00:00:00+00:00,2820.0,2823.0,2712.0,2721.0,2720.6923828125,991945,0.0,0.0
2025-03-07 00:00:00+00:00,2685.0,2721.0,2666.0,2721.0,2720.6923828125,777010,0.0,0.0
2025-03-10 00:00:00+00:00,2734.0,2736.0,2664.0,2679.0,2678.697265625,608551,0.0,0.0
2025-03-11 00:00:00+00:00,2684.0,2684.0,2584.0,2584.0,2583.7080078125,1017601,0.0,0.0
2025-03-12 00:00:00+00:00,2600.0,2641.0,2593.0,2640.0,2639.70166015625,794732,0.0,0.0
2025-03-13 00:00:00+00:00,2662.0,2764.0,2627.0,2672.0,2671.697998046875,683408,0.0,0.0
2025-03-14 00:00:00+00:00,2675.0,2725.0,2670.0,2711.0,2710.693603515625,961356,0.0,0.0
2025-03-17 00:00:00+00:00,2712.0,2718.0,2668.0,2690.0,2689.696044921875,395557,0.0,0.0
2025-03-18 00:00:00+00:00,2702.0,2706.0,2634.322998046875,2644.0,2643.700927734375,687328,0.0,0.0
2025-03-19 00:00:00+00:00,2641.0,2671.0,2628.0,2671.0,2670.697998046875,511323,0.0,0.0
2025-03-20 00:00:00+00:00,2673.0,2685.0,2654.513916015625,2673.0,2672.697998046875,492407,0.0,0.0
2025-03-21 00:00:00+00:00,2646.0,2652.0,2621.489013671875,2643.0,2642.701416015625,1130107,0.0,0.0
2025-03-24 00:00:00+00:00,2647.0,2662.0,2624.0,2645.0,2644.700927734375,817754,0.0,0.0
2025-03-25 00:00:00+00:00,2635.0,2661.0,2606.0,2656.0,2655.69970703125,777312,0.0,0.0
2025-03-26 00:00:00+00:00,2668.0,2670.0,2625.0,2632.0,2631.70263671875,382769,0.0,0.0
2025-03-27 00:00:00+00:00,2617.0,2632.0,2604.0,2630.0,2629.702880859375,499055,0.0,0.0
2025-03-28 00:00:00+00:00,2625.0,2635.26904296875,2608.0,2621.0,2620.70361328125,516009,0.0,0.0
2025-03-31 00:00:00+01:00,2606.0,2608.0,2573.657958984375,2581.0,2580.70849609375,674225,0.0,0.0
2025-04-01 00:00:00+01:00,2600.0,2650.0,2589.5,2632.0,2631.70263671875,544531,0.0,0.0
2025-04-02 00:00:00+01:00,2624.0,2650.0,2592.0,2650.0,2649.700439453125,761699,0.0,0.0
2025-04-03 00:00:00+01:00,2584.0,2592.0,2542.0,2562.0,2561.71044921875,686983,0.0,0.0
2025-04-04 00:00:00+01:00,2554.0,2598.0,2478.0,2502.0,2501.71728515625,786527,0.0,0.0
2025-04-07 00:00:00+01:00,2394.0,2502.0,2316.0,2360.0,2359.733154296875,1159687,0.0,0.0
2025-04-08 00:00:00+01:00,2364.0,2456.0,2350.0,2456.0,2455.72265625,1456781,0.0,0.0
2025-04-09 00:00:00+01:00,2354.0,2422.0,2342.0,2382.0,2381.730712890625,604550,0.0,0.0
2025-04-10 00:00:00+01:00,2502.0,2558.0,2499.2060546875,2526.0,2525.71484375,704885,0.0,0.0
2025-04-11 00:00:00+01:00,2546.0,2556.0,2485.31494140625,2530.0,2529.714111328125,995745,0.0,0.0
2025-04-14 00:00:00+01:00,2586.0,2608.0,2554.0,2602.0,2601.7060546875,843936,0.0,0.0
2025-04-15 00:00:00+01:00,2600.0,2696.0,2588.0,2674.0,2673.69775390625,1588511,0.0,0.0
2025-04-16 00:00:00+01:00,2654.0,2680.0,2630.0,2666.0,2665.69873046875,1128691,0.0,0.0
2025-04-17 00:00:00+01:00,2656.0,2666.0,2610.0,2656.0,2655.69970703125,806193,0.0,0.0
2025-04-22 00:00:00+01:00,2634.0,2658.0,2612.0,2652.0,2651.700439453125,1439633,0.0,0.0
2025-04-23 00:00:00+01:00,2692.0,2732.0,2684.0,2694.0,2693.695556640625,1149013,0.0,0.0
2025-04-24 00:00:00+01:00,2694.0,2700.0,2658.0,2700.0,2699.69482421875,565613,0.0,0.0
2025-04-25 00:00:00+01:00,2722.0,2736.0,2704.0,2730.0,2729.691650390625,342950,0.0,0.0
2025-04-28 00:00:00+01:00,2732.0,2750.464111328125,2720.0,2728.0,2727.691650390625,423159,0.0,0.0
2025-04-29 00:00:00+01:00,2734.0,2746.0,2716.0,2740.0,2739.6904296875,556701,0.0,0.0
2025-04-30 00:00:00+01:00,2748.0,2766.5458984375,2732.0,2756.0,2755.6884765625,1092470,0.0,0.0
2025-05-01 00:00:00+01:00,2760.0,2788.0,2746.0,2778.0,2777.68603515625,268302,0.0,0.0
2025-05-02 00:00:00+01:00,2792.0,2856.490966796875,2768.0,2838.0,2837.67919921875,1045823,0.0,0.0
2025-05-06 00:00:00+01:00,2848.0,2856.0,2797.388916015625,2842.0,2841.678955078125,491990,0.0,0.0
2025-05-07 00:00:00+01:00,2834.0,2842.0,2804.0,2830.0,2829.68017578125,462636,0.0,0.0
2025-05-08 00:00:00+01:00,2868.0,2912.0,2860.0,2876.0,2875.675048828125,442027,0.0,0.0
2025-05-09 00:00:00+01:00,2866.0,2896.0,2864.0,2896.0,2895.6728515625,523235,0.0,0.0
2025-05-12 00:00:00+01:00,2910.0,2944.0,2902.110107421875,2934.0,2933.66845703125,939608,0.0,0.0
2025-05-13 00:00:00+01:00,2930.0,2990.0,2920.0,2990.0,2989.662109375,666266,0.0,0.0
2025-05-14 00:00:00+01:00,2984.0,2992.0,2960.0,2968.0,2967.66455078125,617010,0.0,0.0
2025-05-15 00:00:00+01:00,2956.0,3000.0,2952.0,2998.0,2997.661376953125,1459502,0.0,0.0
2025-05-16 00:00:00+01:00,3010.0,3020.0,2985.634033203125,3000.0,2999.660888671875,520503,0.0,0.0
2025-05-19 00:00:00+01:00,2972.0,2979.698974609375,2936.0,2956.0,2955.665771484375,968778,0.0,0.0
2025-05-20 00:00:00+01:00,2972.0,2975.44189453125,2940.0,2954.0,2953.666259765625,671205,0.0,0.0
2025-05-21 00:00:00+01:00,2932.0,2974.0,2930.610107421875,2974.0,2973.663818359375,1022009,0.0,0.0
2025-05-22 00:00:00+01:00,2952.0,2964.722900390625,2906.0,2906.0,2905.671630859375,533510,0.0,0.0
2025-05-23 00:00:00+01:00,2904.0,2920.0,2822.0,2878.0,2877.6748046875,832180,0.0,0.0
2025-05-27 00:00:00+01:00,2894.0,2942.0,2888.43994140625,2918.0,2917.67041015625,552029,0.0,0.0
2025-05-28 00:00:00+01:00,2914.0,2936.0,2892.0,2902.0,2901.672119140625,512770,0.0,0.0
2025-05-29 00:00:00+01:00,2932.0,2932.0,2902.0,2904.0,2903.671630859375,273299,0.0,0.0
2025-05-30 00:00:00+01:00,2900.0,2946.052978515625,2898.0,2906.0,2905.671630859375,1483837,0.0,0.0
2025-06-02 00:00:00+01:00,2882.0,2912.0,2870.0,2912.0,2911.6708984375,876509,0.0,0.0
2025-06-03 00:00:00+01:00,2924.0,2936.0,2888.0,2906.0,2905.671630859375,747639,0.0,0.0
2025-06-04 00:00:00+01:00,2910.0,2968.0,2904.0,2942.0,2941.667724609375,719542,0.0,0.0
2025-06-05 00:00:00+01:00,2944.0,2968.0,2930.0,2956.0,2955.665771484375,367568,0.0,0.0
2025-06-06 00:00:00+01:00,2952.0,2984.0,2944.0,2978.0,2977.66357421875,330604,0.0,0.0
2025-06-09 00:00:00+01:00,2986.0,3028.0,2976.0,3012.0,3011.65966796875,458449,0.0,0.0
2025-06-10 00:00:00+01:00,2988.0,3022.7900390625,2972.0,3002.0,3001.66064453125,474101,0.0,0.0
2025-06-11 00:00:00+01:00,3002.0,3026.0,2996.0,3020.0,3019.65869140625,553929,0.0,0.0
2025-06-12 00:00:00+01:00,3320.0,3342.0,3088.0,3120.0,3119.6474609375,1754275,0.0,0.0
2025-06-13 00:00:00+01:00,3086.0,3150.0,3078.0,3112.0,3111.6484375,918096,0.0,0.0
2025-06-16 00:00:00+01:00,3112.0,3166.0,3098.0,3152.0,3151.643798828125,1057036,0.0,0.0
2025-06-17 00:00:00+01:00,3134.0,3148.0,3090.0,3130.0,3129.646484375,541378,0.0,0.0
2025-06-18 00:00:00+01:00,3116.0,3128.0,3094.0,3122.0,3121.647216796875,712426,0.0,0.0
2025-06-19 00:00:00+01:00,3114.0,3152.0,3106.0,3126.0,3125.646728515625,326561,0.0,0.0
2025-06-20 00:00:00+01:00,3138.0,3138.0,3084.0,3118.0,3117.647705078125,1163484,0.0,0.0
2025-06-23 00:00:00+01:00,3112.0,3154.0,3092.0,3144.0,3143.64453125,274130,0.0,0.0
2025-06-24 00:00:00+01:00,3206.0,3206.0,3158.0,3162.0,3161.642578125,556160,0.0,0.0
2025-06-25 00:00:00+01:00,3176.0,3214.0,3170.0,3202.0,3201.63818359375,537127,0.0,0.0
2025-06-26 00:00:00+01:00,3188.0,3251.0,3184.843994140625,3248.0,3247.633056640625,857457,0.0,0.0
2025-06-27 00:00:00+01:00,3238.0,3250.0,3180.947021484375,3216.0,3215.636474609375,1209506,0.0,0.0
2025-06-30 00:00:00+01:00,3220.0,3224.0,3184.0,3200.0,3199.638427734375,847436,0.0,0.0
2025-07-01 00:00:00+01:00,3226.0,3228.0,3188.0,3196.0,3195.638671875,577232,0.0,0.0
2025-07-02 00:00:00+01:00,3198.0,3200.0,3136.0,3162.0,3161.642578125,669239,0.0,0.0
2025-07-03 00:00:00+01:00,3168.0,3186.0,3148.0,3172.0,3171.641357421875,438265,0.0,0.0
2025-07-04 00:00:00+01:00,3164.0,3191.0,3152.0,3182.0,3181.640380859375,203742,0.0,0.0
2025-07-07 00:00:00+01:00,3190.0,3216.0,3178.0,3216.0,3215.636474609375,452597,0.0,0.0
2025-07-08 00:00:00+01:00,3202.0,3212.0,3179.3701171875,3194.0,3193.63916015625,699388,0.0,0.0
2025-07-09 00:00:00+01:00,3192.0,3222.0,3174.0,3214.0,3213.63671875,434278,0.0,0.0
2025-07-10 00:00:00+01:00,3208.0,3242.699951171875,3196.0,3238.0,3237.7763671875,352520,14.120001,0.0
2025-07-11 00:00:00+01:00,3218.0,3236.0,3205.449951171875,3216.0,3215.77783203125,394320,0.0,0.0
2025-07-14 00:00:00+01:00,3204.0,3218.0,3172.0,3214.0,3213.77783203125,356861,0.0,0.0
2025-07-15 00:00:00+01:00,3226.0,3234.0,3198.0,3198.0,3197.779052734375,560984,0.0,0.0
2025-07-16 00:00:00+01:00,3174.0,3216.0,3172.0,3186.0,3185.77978515625,405012,0.0,0.0
2025-07-17 00:00:00+01:00,3216.0,3248.0,3204.0,3244.0,3243.77587890625,532050,0.0,0.0
2025-07-18 00:00:00+01:00,3252.0,3260.0,3234.0,3252.0,3251.775390625,528967,0.0,0.0
2025-07-21 00:00:00+01:00,3248.0,3262.0,3226.0,3240.0,3239.776123046875,419958,0.0,0.0
2025-07-22 00:00:00+01:00,3214.0,3232.0,3204.0,3208.0,3207.7783203125,783834,0.0,0.0
2025-07-23 00:00:00+01:00,3222.0,3260.0,3212.0,3238.0,3237.7763671875,574235,0.0,0.0
2025-07-24 00:00:00+01:00,3236.0,3270.0,3226.0,3256.0,3255.775146484375,401311,0.0,0.0
2025-07-25 00:00:00+01:00,3248.0,3254.0,3220.0,3238.0,3237.7763671875,483427,0.0,0.0
2025-07-28 00:00:00+01:00,3258.0,3262.0,3210.0,3220.0,3219.777587890625,318421,0.0,0.0
2025-07-29 00:00:00+01:00,3218.0,3248.0,3208.0,3226.0,3225.777099609375,329075,0.0,0.0
2025-07-30 00:00:00+01:00,3224.0,3250.0,3214.0,3238.0,3237.7763671875,881495,0.0,0.0
2025-07-31 00:00:00+01:00,3236.0,3300.0,3234.969970703125,3252.0,3251.775390625,753533,0.0,0.0
2025-08-01 00:00:00+01:00,3220.0,3242.0,3191.381103515625,3216.0,3215.77783203125,686456,0.0,0.0
2025-08-04 00:00:00+01:00,3224.0,3256.0,3214.0,3254.0,3253.775390625,555119,0.0,0.0
2025-08-05 00:00:00+01:00,3268.0,3282.0,3258.0,3268.0,3267.774169921875,675664,0.0,0.0
2025-08-06 00:00:00+01:00,3288.0,3290.0,3210.0,3232.0,3231.776611328125,563211,0.0,0.0
2025-08-07 00:00:00+01:00,3258.0,3344.60009765625,3255.5,3316.0,3315.77099609375,756731,0.0,0.0
2025-08-08 00:00:00+01:00,3312.0,3318.0,3265.0,3280.0,3279.7734375,351148,0.0,0.0
2025-08-11 00:00:00+01:00,3296.0,3299.333984375,3250.0,3258.0,3257.77490234375,330608,0.0,0.0
2025-08-12 00:00:00+01:00,3266.0,3280.0,3248.0,3276.0,3275.773681640625,431205,0.0,0.0
2025-08-13 00:00:00+01:00,3292.0,3308.0,3279.0,3286.0,3285.77294921875,309145,0.0,0.0
2025-08-14 00:00:00+01:00,3274.0,3290.0,3216.587890625,3232.0,3231.776611328125,704192,0.0,0.0
2025-08-15 00:00:00+01:00,3246.0,3262.0,3196.0,3210.0,3209.7783203125,472378,0.0,0.0
2025-08-18 00:00:00+01:00,3226.0,3240.0,3210.0,3236.0,3235.776611328125,412370,0.0,0.0
2025-08-19 00:00:00+01:00,3240.0,3258.0,3235.02587890625,3254.0,3253.775390625,526193,0.0,0.0
2025-08-20 00:00:00+01:00,3232.0,3288.0,3230.0,3266.0,3265.774169921875,471974,0.0,0.0
2025-08-21 00:00:00+01:00,3262.0,3262.0,3246.0,3246.0,3245.77587890625,297000,0.0,0.0
2025-08-22 00:00:00+01:00,3228.0,3272.0,3228.0,3260.0,3259.774658203125,313879,0.0,0.0
2025-08-26 00:00:00+01:00,3256.0,3312.0,3252.0,3312.0,3311.771240234375,1251063,0.0,0.0
2025-08-27 00:00:00+01:00,3298.0,3304.0,3248.0,3282.0,3281.7734375,480558,0.0,0.0
2025-08-28 00:00:00+01:00,3284.0,3308.0,3272.803955078125,3300.0,3299.772216796875,321373,0.0,0.0
2025-08-29 00:00:00+01:00,3294.0,3316.0,3286.0,3288.0,3287.77294921875,538151,0.0,0.0
2025-09-01 00:00:00+01:00,3272.0,3300.0,3266.0,3270.0,3269.774169921875,185756,0.0,0.0
2025-09-02 00:00:00+01:00,3262.0,3274.0,3218.0,3218.0,3217.77783203125,417586,0.0,0.0
2025-09-03 00:00:00+01:00,3236.0,3242.0,3204.0,3228.0,3227.777099609375,411023,0.0,0.0
2025-09-04 00:00:00+01:00,3226.0,3232.0,3194.0,3218.0,3217.77783203125,443105,0.0,0.0
2025-09-05 00:00:00+01:00,3230.0,3266.0,3220.0,3242.0,3241.776123046875,569899,0.0,0.0
2025-09-08 00:00:00+01:00,3262.0,3284.0,3250.0,3284.0,3283.77294921875,405033,0.0,0.0
2025-09-09 00:00:00+01:00,3286.0,3290.0,3242.0,3252.0,3251.775390625,683514,0.0,0.0
2025-09-10 00:00:00+01:00,3270.0,3302.0,3266.0,3296.0,3295.772216796875,563202,0.0,0.0
2025-09-11 00:00:00+01:00,3298.0,3344.0,3290.0,3332.0,3331.769775390625,1098790,0.0,0.0
2025-09-12 00:00:00+01:00,3330.0,3346.0,3306.0,3306.0,3305.771728515625,805308,0.0,0.0
2025-09-15 00:00:00+01:00,3290.0,3344.0,3290.0,3328.0,3327.77001953125,1167611,0.0,0.0
2025-09-16 00:00:00+01:00,3346.0,3346.0,3281.404052734375,3286.0,3285.77294921875,768356,0.0,0.0
2025-09-17 00:00:00+01:00,3286.0,3304.0,3251.39990234375,3272.0,3271.77392578125,819703,0.0,0.0
2025-09-18 00:00:00+01:00,3288.0,3386.0,3282.0,3382.0,3381.766357421875,662755,0.0,0.0
2025-09-19 00:00:00+01:00,3402.0,3404.0,3350.0,3382.0,3381.766357421875,1894805,0.0,0.0
2025-09-22 00:00:00+01:00,3378.0,3398.0,3368.0,3378.0,3377.7666015625,841051,0.0,0.0
2025-09-23 00:00:00+01:00,3390.0,3416.0,3384.0,3386.0,3385.76611328125,491194,0.0,0.0
2025-09-24 00:00:00+01:00,3372.0,3386.0,3338.0,3338.0,3337.769287109375,369343,0.0,0.0
2025-09-25 00:00:00+01:00,3352.0,3444.0,3340.0,3372.0,3371.766845703125,822231,0.0,0.0
2025-09-26 00:00:00+01:00,3384.0,3398.0,3341.199951171875,3352.0,3351.7685546875,553097,0.0,0.0
2025-09-29 00:00:00+01:00,3364.0,3438.0,3348.0,3390.0,3389.765625,591212,0.0,0.0
2025-09-30 00:00:00+01:00,3412.0,3450.0,3382.0,3450.0,3449.76171875,643195,0.0,0.0
2025-10-01 00:00:00+01:00,3454.0,3466.0,3422.0,3460.0,3459.760986328125,493610,0.0,0.0
2025-10-02 00:00:00+01:00,3474.0,3504.0,3463.3349609375,3502.0,3501.758056640625,487217,0.0,0.0
2025-10-03 00:00:00+01:00,3528.0,3528.0,3484.0,3502.0,3501.758056640625,498159,0.0,0.0
2025-10-06 00:00:00+01:00,3496.0,3568.0,3486.0,3524.0,3523.75634765625,443800,0.0,0.0
2025-10-07 00:00:00+01:00,3524.0,3560.087890625,3516.0,3534.0,3533.755859375,564444,0.0,0.0
2025-10-08 00:00:00+01:00,3524.0,3588.0,3522.0,3568.0,3567.75341796875,611274,0.0,0.0
2025-10-09 00:00:00+01:00,3580.0,3602.0,3560.0,3570.0,3569.75341796875,503424,0.0,0.0
2025-10-10 00:00:00+01:00,3564.0,3568.0,3490.322021484375,3494.0,3493.7587890625,607572,0.0,0.0
2025-10-13 00:00:00+01:00,3492.0,3494.0,3450.0,3472.0,3471.760009765625,557937,0.0,0.0
2025-10-14 00:00:00+01:00,3438.0,3464.0,3412.0,3456.0,3455.76123046875,335909,0.0,0.0
2025-10-15 00:00:00+01:00,3490.0,3490.0,3436.0,3468.0,3467.760498046875,520214,0.0,0.0
2025-10-16 00:00:00+01:00,3484.0,3484.0,3456.0,3480.0,3479.759521484375,396880,0.0,0.0
2025-10-17 00:00:00+01:00,3442.0,3470.0,3423.2041015625,3454.0,3453.76123046875,552666,0.0,0.0
2025-10-20 00:00:00+01:00,3466.0,3490.0,3458.0,3476.0,3475.760009765625,916884,0.0,0.0
2025-10-21 00:00:00+01:00,3492.0,3494.0,3436.0,3466.0,3465.760498046875,821407,0.0,0.0
2025-10-22 00:00:00+01:00,3470.0,3521.001953125,3454.0,3482.0,3481.759521484375,643957,0.0,0.0
2025-10-23 00:00:00+01:00,3470.0,3528.0,3454.0,3518.0,3517.757080078125,442133,0.0,0.0
2025-10-24 00:00:00+01:00,3526.0,3578.0,3516.0,3578.0,3577.752685546875,367975,0.0,0.0
2025-10-27 00:00:00+00:00,3580.0,3606.0,3570.0,3586.0,3585.752197265625,374457,0.0,0.0
2025-10-28 00:00:00+00:00,3590.0,3606.0,3564.0,3588.0,3587.752197265625,398475,0.0,0.0
2025-10-29 00:00:00+00:00,3552.0,3576.0,3540.0,3554.0,3553.75439453125,363161,0.0,0.0
2025-10-30 00:00:00+00:00,3540.0,3574.0,3532.0,3556.0,3555.75439453125,393070,0.0,0.0
2025-10-31 00:00:00+00:00,3556.0,3556.0,3526.0,3546.0,3545.755126953125,412721,0.0,0.0
2025-11-03 00:00:00+00:00,3542.0,3580.0,3510.0,3580.0,3579.752685546875,509228,0.0,0.0
2025-11-04 00:00:00+00:00,3520.0,3574.0,3496.0,3544.0,3543.755126953125,947461,0.0,0.0
2025-11-05 00:00:00+00:00,3532.0,3582.0,3507.74609375,3572.0,3571.753173828125,592450,0.0,0.0
2025-11-06 00:00:00+00:00,3542.0,3560.0,3422.0,3428.0,3427.76318359375,654068,0.0,0.0
2025-11-07 00:00:00+00:00,3434.0,3442.0,3372.0,3392.0,3391.765625,433758,0.0,0.0
2025-11-10 00:00:00+00:00,3428.0,3429.09912109375,3404.0,3410.0,3409.764404296875,747256,0.0,0.0
2025-11-11 00:00:00+00:00,3430.0,3454.0,3418.0,3430.0,3429.76318359375,409813,0.0,0.0
2025-11-12 00:00:00+00:00,3430.0,3466.0,3384.0,3466.0,3465.760498046875,560019,0.0,0.0
2025-11-13 00:00:00+00:00,3458.0,3468.0,3382.0,3382.0,3381.766357421875,747353,0.0,0.0
2025-11-14 00:00:00+00:00,3352.0,3433.972900390625,3320.0,3364.0,3363.767578125,740914,0.0,0.0
2025-11-17 00:00:00+00:00,3352.0,3386.0,3346.0,3352.0,3351.7685546875,483828,0.0,0.0
2025-11-18 00:00:00+00:00,3298.0,3358.0,3298.0,3334.0,3333.769775390625,731255,0.0,0.0
2025-11-19 00:00:00+00:00,3328.0,3352.0,3308.0,3312.0,3311.771240234375,507235,0.0,0.0
2025-11-20 00:00:00+00:00,3548.0,3764.0,3548.0,3618.0,3617.75,1880228,0.0,0.0
2025-11-21 00:00:00+00:00,3542.0,3608.0,3498.0,3540.0,3539.755615234375,1039188,0.0,0.0
2025-11-24 00:00:00+00:00,3568.0,3618.0,3550.0,3572.0,3571.753173828125,3746387,0.0,0.0
2025-11-25 00:00:00+00:00,3566.0,3590.0,3542.0,3590.0,3589.751953125,599697,0.0,0.0
2025-11-26 00:00:00+00:00,3664.0,3664.0,3608.0,3610.0,3609.750732421875,834836,0.0,0.0
2025-11-27 00:00:00+00:00,3616.0,3620.0,3556.0,3570.0,3569.75341796875,279126,0.0,0.0
2025-11-28 00:00:00+00:00,3562.0,3570.0,3532.0,3560.0,3559.75390625,845962,0.0,0.0
2025-12-01 00:00:00+00:00,3546.0,3568.0,3520.56689453125,3532.0,3531.755859375,944308,0.0,0.0
2025-12-02 00:00:00+00:00,3542.0,3596.0,3508.0,3574.0,3573.753173828125,1090605,0.0,0.0
2025-12-03 00:00:00+00:00,3564.0,3642.0,3558.0,3564.0,3563.75390625,894824,0.0,0.0
2025-12-04 00:00:00+00:00,3578.0,3650.0,3574.0,3618.0,3617.75,849653,0.0,0.0
2025-12-05 00:00:00+00:00,3630.0,3684.0,3628.0,3658.0,3657.747314453125,593300,0.0,0.0
2025-12-08 00:00:00+00:00,3664.0,3704.0,3622.0,3652.0,3651.747802734375,441768,0.0,0.0
2025-12-09 00:00:00+00:00,3658.0,3666.0,3626.0,3626.0,3625.74951171875,637038,0.0,0.0
2025-12-10 00:00:00+00:00,3604.0,3617.0,3524.0,3542.0,3541.755126953125,803918,0.0,0.0
2025-12-11 00:00:00+00:00,3540.0,3546.0,3500.0,3530.0,3529.756103515625,580378,0.0,0.0
2025-12-12 00:00:00+00:00,3512.0,3544.0,3464.0,3472.0,3471.760009765625,552740,0.0,0.0
2025-12-15 00:00:00+00:00,3482.0,3530.0,3466.0,3530.0,3529.756103515625,443224,0.0,0.0
2025-12-16 00:00:00+00:00,3504.0,3550.177978515625,3502.0,3550.0,3549.754638671875,753402,0.0,0.0
2025-12-17 00:00:00+00:00,3568.0,3568.0,3500.0,3502.0,3501.758056640625,936817,0.0,0.0
2025-12-18 00:00:00+00:00,3500.0,3546.0,3492.0,3544.0,3543.8525390625,380093,9.63,0.0
2025-12-19 00:00:00+00:00,3538.0,3610.0,3520.0,3582.0,3581.85107421875,1488126,0.0,0.0
2025-12-22 00:00:00+00:00,3552.0,3614.0,3544.0,3602.0,3601.85009765625,391003,0.0,0.0
2025-12-23 00:00:00+00:00,3584.0,3590.0,3558.0,3560.0,3559.851806640625,295229,0.0,0.0
2025-12-24 00:00:00+00:00,3536.0,3570.0,3536.0,3568.0,3567.8515625,81828,0.0,0.0
2025-12-29 00:00:00+00:00,3564.0,3570.0,3520.0,3520.0,3519.853515625,245923,0.0,0.0
2025-12-30 00:00:00+00:00,3532.0,3550.0,3514.0,3544.0,3543.8525390625,223708,0.0,0.0
