Date,Open,High,Low,Close,Adj Close,Volume,Dividends,Stock Splits
2022-01-03 00:00:00-05:00,640.030029296875,645.6099853515625,621.280029296875,631.469970703125,609.6054077148438,1360600,0.0,0.0
2022-01-04 00:00:00-05:00,631.469970703125,631.469970703125,606.1300048828125,618.3200073242188,596.910888671875,1998900,0.0,0.0
2022-01-05 00:00:00-05:00,609.4299926757812,614.6900024414062,593.1699829101562,593.7000122070312,573.143310546875,2295800,0.0,0.0
2022-01-06 00:00:00-05:00,586.7999877929688,595.8499755859375,580.2100219726562,586.3900146484375,566.0866088867188,1789000,0.0,0.0
2022-01-07 00:00:00-05:00,586.4400024414062,588.989990234375,563.77001953125,567.5599975585938,548.5445556640625,2275200,0.68,0.0
2022-01-10 00:00:00-05:00,553.52001953125,570.8900146484375,543.8599853515625,570.1900024414062,551.08642578125,2956700,0.0,0.0
2022-01-11 00:00:00-05:00,566.2000122070312,579.6099853515625,558.52001953125,578.719970703125,559.3304443359375,1696500,0.0,0.0
2022-01-12 00:00:00-05:00,584.8099975585938,589.5700073242188,575.7999877929688,577.260009765625,557.9195556640625,1433700,0.0,0.0
2022-01-13 00:00:00-05:00,580.8900146484375,582.530029296875,551.7000122070312,552.9199829101562,534.3951416015625,1633400,0.0,0.0
2022-01-14 00:00:00-05:00,551.3300170898438,557.3400268554688,543.4000244140625,550.7899780273438,532.3363647460938,1722600,0.0,0.0
2022-01-18 00:00:00-05:00,539.3200073242188,548.9000244140625,536.1099853515625,537.8200073242188,519.8008422851562,1888100,0.0,0.0
2022-01-19 00:00:00-05:00,542.1099853515625,558.5700073242188,540.8099975585938,545.3499755859375,527.0784912109375,1904500,0.0,0.0
2022-01-20 00:00:00-05:00,552.0999755859375,566.47998046875,543.77001953125,544.6199951171875,526.3732299804688,1924000,0.0,0.0
2022-01-21 00:00:00-05:00,546.989990234375,552.760009765625,527.8200073242188,528.5499877929688,510.8414306640625,2574900,0.0,0.0
2022-01-24 00:00:00-05:00,526.0,535.72998046875,500.3599853515625,534.6799926757812,516.7659912109375,2850100,0.0,0.0
2022-01-25 00:00:00-05:00,516.9099731445312,528.8499755859375,509.0199890136719,515.989990234375,498.7023620605469,2418200,0.0,0.0
2022-01-26 00:00:00-05:00,532.0399780273438,536.8499755859375,499.75,507.4800109863281,490.4774169921875,2503100,0.0,0.0
2022-01-27 00:00:00-05:00,516.4099731445312,526.0,513.2899780273438,517.219970703125,499.89105224609375,2485400,0.0,0.0
2022-01-28 00:00:00-05:00,520.1599731445312,536.22998046875,506.1700134277344,534.8200073242188,516.9014282226562,1760600,0.0,0.0
2022-01-31 00:00:00-05:00,535.8499755859375,556.6400146484375,532.0399780273438,555.22998046875,536.6275634765625,2209400,0.0,0.0
2022-02-01 00:00:00-05:00,556.4000244140625,561.8499755859375,548.1900024414062,560.8300170898438,542.0399780273438,1706300,0.0,0.0
2022-02-02 00:00:00-05:00,562.760009765625,564.8699951171875,554.4000244140625,562.2999877929688,543.4608154296875,1245500,0.0,0.0
2022-02-03 00:00:00-05:00,543.8699951171875,552.77001953125,533.5800170898438,535.5900268554688,517.6456298828125,1372400,0.0,0.0
2022-02-04 00:00:00-05:00,531.030029296875,550.280029296875,531.030029296875,544.02001953125,525.7931518554688,1504500,0.0,0.0
2022-02-07 00:00:00-05:00,544.4000244140625,555.9000244140625,542.5,545.280029296875,527.010986328125,1411600,0.0,0.0
2022-02-08 00:00:00-05:00,539.280029296875,556.4000244140625,538.4099731445312,554.22998046875,535.6610107421875,915500,0.0,0.0
2022-02-09 00:00:00-05:00,566.0999755859375,579.9600219726562,565.0,579.4000244140625,559.9878540039062,1670700,0.0,0.0
2022-02-10 00:00:00-05:00,562.6199951171875,575.9099731445312,552.3300170898438,557.5800170898438,538.89892578125,1594200,0.0,0.0
2022-02-11 00:00:00-05:00,559.7999877929688,561.7000122070312,532.6699829101562,535.8099975585938,517.8583374023438,1250400,0.0,0.0
2022-02-14 00:00:00-05:00,536.1400146484375,538.3200073242188,524.1500244140625,529.0499877929688,511.3247375488281,1165400,0.0,0.0
2022-02-15 00:00:00-05:00,537.739990234375,539.3300170898438,515.77001953125,527.780029296875,510.0973815917969,2170300,0.0,0.0
2022-02-16 00:00:00-05:00,525.969970703125,530.4199829101562,511.7099914550781,528.1500244140625,510.45489501953125,1318400,0.0,0.0
2022-02-17 00:00:00-05:00,523.280029296875,525.9000244140625,494.7200012207031,496.17999267578125,479.5559997558594,2145400,0.0,0.0
2022-02-18 00:00:00-05:00,497.70001220703125,498.6700134277344,478.75,481.20001220703125,465.0779113769531,2323300,0.0,0.0
2022-02-22 00:00:00-05:00,479.92999267578125,494.3699951171875,476.8699951171875,483.25,467.0592041015625,2282900,0.0,0.0
2022-02-23 00:00:00-05:00,491.9100036621094,491.9100036621094,465.54998779296875,467.0,451.3536376953125,1799500,0.0,0.0
2022-02-24 00:00:00-05:00,458.0,498.29998779296875,450.260009765625,497.1300048828125,480.4742431640625,2683700,0.0,0.0
2022-02-25 00:00:00-05:00,489.0299987792969,492.1300048828125,474.6099853515625,487.17999267578125,470.8575439453125,2846500,0.0,0.0
2022-02-28 00:00:00-05:00,478.8399963378906,484.4599914550781,463.3900146484375,474.3699951171875,458.4767761230469,2525400,0.0,0.0
2022-03-01 00:00:00-05:00,476.1300048828125,484.55999755859375,465.8500061035156,468.5799865722656,452.8807067871094,2176700,0.0,0.0
2022-03-02 00:00:00-05:00,472.1099853515625,489.3399963378906,468.0,486.0,469.7171325683594,2083000,0.0,0.0
2022-03-03 00:00:00-05:00,490.1499938964844,492.8699951171875,468.989990234375,472.70001220703125,456.86273193359375,1640400,0.0,0.0
2022-03-04 00:00:00-05:00,470.80999755859375,474.6300048828125,460.9599914550781,464.95001220703125,449.37237548828125,1611900,0.0,0.0
2022-03-07 00:00:00-05:00,464.2200012207031,466.739990234375,436.510009765625,437.3900146484375,422.7357482910156,2312700,0.0,0.0
2022-03-08 00:00:00-05:00,438.42999267578125,455.25,432.1499938964844,442.2099914550781,427.39422607421875,2669000,0.0,0.0
2022-03-09 00:00:00-05:00,456.4800109863281,469.9599914550781,452.0,464.739990234375,449.16937255859375,1950400,0.0,0.0
2022-03-10 00:00:00-05:00,460.1499938964844,460.1499938964844,443.3399963378906,452.3699951171875,437.21380615234375,1756200,0.0,0.0
2022-03-11 00:00:00-05:00,457.57000732421875,461.8999938964844,438.510009765625,439.32000732421875,424.60113525390625,2303200,0.0,0.0
2022-03-14 00:00:00-04:00,439.9200134277344,445.2799987792969,423.0299987792969,424.6300048828125,410.4032897949219,2353900,0.0,0.0
2022-03-15 00:00:00-04:00,427.79998779296875,441.489990234375,425.5400085449219,439.67999267578125,424.9490051269531,1953400,0.0,0.0
2022-03-16 00:00:00-04:00,445.0,457.8999938964844,437.989990234375,457.8999938964844,442.5585021972656,2487400,0.0,0.0
2022-03-17 00:00:00-04:00,454.8299865722656,475.0,453.2300109863281,473.75,457.8775329589844,2680700,0.0,0.0
2022-03-18 00:00:00-04:00,475.69000244140625,483.32000732421875,467.8599853515625,479.8699951171875,463.79248046875,3112900,0.0,0.0
2022-03-21 00:00:00-04:00,473.07000732421875,476.5,463.55999755859375,466.5,450.8703918457031,2044600,0.0,0.0
2022-03-22 00:00:00-04:00,466.4599914550781,478.7099914550781,465.9800109863281,475.989990234375,460.04248046875,1979900,0.0,0.0
2022-03-23 00:00:00-04:00,471.1700134277344,471.9800109863281,459.75,461.44000244140625,445.9799499511719,1718700,0.0,0.0
2022-03-24 00:00:00-04:00,464.1600036621094,467.2200012207031,453.0400085449219,465.6300048828125,450.0296325683594,1567200,0.0,0.0
2022-03-25 00:00:00-04:00,467.5199890136719,469.0400085449219,452.82000732421875,459.3500061035156,443.95989990234375,1312200,0.0,0.0
2022-03-28 00:00:00-04:00,460.5400085449219,481.7099914550781,458.20001220703125,480.5,464.4013671875,2085000,0.0,0.0
2022-03-29 00:00:00-04:00,488.1300048828125,490.0899963378906,475.79998779296875,485.3599853515625,469.0985107421875,1918000,0.0,0.0
2022-03-30 00:00:00-04:00,480.9599914550781,481.5199890136719,468.2200012207031,471.95001220703125,456.13775634765625,1747800,0.0,0.0
2022-03-31 00:00:00-04:00,477.6700134277344,488.8599853515625,473.57000732421875,480.8399963378906,464.7300109863281,2647900,0.0,0.0
2022-04-01 00:00:00-04:00,480.6400146484375,487.489990234375,477.07000732421875,483.92999267578125,467.7164306640625,1316200,0.0,0.0
2022-04-04 00:00:00-04:00,485.3800048828125,507.7099914550781,485.0,505.6499938964844,488.7087097167969,2326700,0.0,0.0
2022-04-05 00:00:00-04:00,501.9100036621094,506.3599853515625,491.0,496.04998779296875,479.430419921875,1632600,0.0,0.0
2022-04-06 00:00:00-04:00,485.2699890136719,493.5899963378906,482.0799865722656,490.2099914550781,473.7860107421875,2041300,0.0,0.0
2022-04-07 00:00:00-04:00,484.6199951171875,498.45001220703125,484.2300109863281,495.010009765625,478.42523193359375,1568200,0.0,0.0
2022-04-08 00:00:00-04:00,493.32000732421875,493.32000732421875,481.510009765625,482.8399963378906,467.30487060546875,1717500,0.68,0.0
2022-04-11 00:00:00-04:00,478.3699951171875,478.6300048828125,464.739990234375,473.3399963378906,458.110595703125,1595600,0.0,0.0
2022-04-12 00:00:00-04:00,479.8900146484375,484.489990234375,461.1700134277344,461.6199951171875,446.7676696777344,1509700,0.0,0.0
2022-04-13 00:00:00-04:00,464.3500061035156,473.239990234375,460.0,470.4200134277344,455.2845764160156,1477800,0.0,0.0
2022-04-14 00:00:00-04:00,467.70001220703125,469.2799987792969,459.8800048828125,465.1099853515625,450.1452941894531,1646100,0.0,0.0
2022-04-18 00:00:00-04:00,461.67999267578125,474.1700134277344,460.6000061035156,469.0400085449219,453.9489440917969,989300,0.0,0.0
2022-04-19 00:00:00-04:00,466.29998779296875,485.6600036621094,464.9100036621094,485.07000732421875,469.46319580078125,1184300,0.0,0.0
2022-04-20 00:00:00-04:00,487.5799865722656,492.3699951171875,481.239990234375,481.95001220703125,466.44354248046875,1184600,0.0,0.0
2022-04-21 00:00:00-04:00,484.8299865722656,491.6300048828125,463.55999755859375,465.6499938964844,450.6679992675781,1426600,0.0,0.0
2022-04-22 00:00:00-04:00,466.260009765625,468.0199890136719,442.7799987792969,443.2900085449219,429.02740478515625,1699300,0.0,0.0
2022-04-25 00:00:00-04:00,441.5899963378906,447.42999267578125,433.6000061035156,446.92999267578125,432.5502624511719,2094000,0.0,0.0
2022-04-26 00:00:00-04:00,444.54998779296875,445.2699890136719,421.1099853515625,421.3500061035156,407.79327392578125,2218200,0.0,0.0
2022-04-27 00:00:00-04:00,421.1700134277344,428.82000732421875,416.1600036621094,418.25,404.7930603027344,1927900,0.0,0.0
2022-04-28 00:00:00-04:00,423.989990234375,448.010009765625,421.7900085449219,444.5799865722656,430.2758483886719,1791000,0.0,0.0
2022-04-29 00:00:00-04:00,441.57000732421875,442.5,417.6300048828125,418.75,405.2769775390625,1898500,0.0,0.0
2022-05-02 00:00:00-04:00,420.0799865722656,427.8999938964844,413.2300109863281,427.010009765625,413.271240234375,1778700,0.0,0.0
2022-05-03 00:00:00-04:00,429.6199951171875,433.5400085449219,425.6600036621094,430.8399963378906,416.97802734375,1324300,0.0,0.0
2022-05-04 00:00:00-04:00,432.0,448.3500061035156,418.1600036621094,447.9200134277344,433.5084533691406,1599300,0.0,0.0
2022-05-05 00:00:00-04:00,437.8699951171875,439.75,404.7699890136719,409.8599853515625,396.6730041503906,2110600,0.0,0.0
2022-05-06 00:00:00-04:00,406.17999267578125,406.5400085449219,390.80999755859375,395.7099914550781,382.97821044921875,1989700,0.0,0.0
2022-05-09 00:00:00-04:00,386.8299865722656,390.92999267578125,363.7699890136719,367.010009765625,355.20172119140625,3485200,0.0,0.0
2022-05-10 00:00:00-04:00,381.6700134277344,383.4700012207031,364.510009765625,371.19000244140625,359.2471923828125,2271000,0.0,0.0
2022-05-11 00:00:00-04:00,366.8500061035156,376.42999267578125,354.5199890136719,356.1700134277344,344.7104797363281,2563400,0.0,0.0
2022-05-12 00:00:00-04:00,342.57000732421875,355.4700012207031,339.3599853515625,353.8900146484375,342.5038146972656,3268000,0.0,0.0
2022-05-13 00:00:00-04:00,362.1000061035156,376.95001220703125,360.6099853515625,371.760009765625,359.798828125,1894200,0.0,0.0
2022-05-16 00:00:00-04:00,370.1000061035156,370.3299865722656,356.3900146484375,359.5899963378906,348.0204162597656,1554800,0.0,0.0
2022-05-17 00:00:00-04:00,369.1000061035156,373.7300109863281,359.2200012207031,371.8699951171875,359.9053039550781,1643100,0.0,0.0
2022-05-18 00:00:00-04:00,364.1499938964844,368.8399963378906,351.8999938964844,353.30999755859375,341.9424743652344,1721100,0.0,0.0
2022-05-19 00:00:00-04:00,355.55999755859375,369.1199951171875,354.6600036621094,362.3299865722656,350.6722412109375,2102900,0.0,0.0
2022-05-20 00:00:00-04:00,367.82000732421875,371.7900085449219,356.2699890136719,367.7799987792969,355.9468994140625,1921600,0.0,0.0
2022-05-23 00:00:00-04:00,371.1499938964844,372.0,363.0,371.3699951171875,359.42132568359375,1799400,0.0,0.0
2022-05-24 00:00:00-04:00,363.1099853515625,365.7099914550781,355.739990234375,358.9700012207031,347.4202880859375,2877700,0.0,0.0
2022-05-25 00:00:00-04:00,372.7900085449219,395.5799865722656,363.5,388.45001220703125,375.9518737792969,5277100,0.0,0.0
2022-05-26 00:00:00-04:00,386.2900085449219,414.0,385.8500061035156,406.4200134277344,393.3436584472656,3508100,0.0,0.0
2022-05-27 00:00:00-04:00,411.0,422.8299865722656,410.69000244140625,422.4800109863281,408.8869934082031,2932400,0.0,0.0
2022-05-31 00:00:00-04:00,419.82000732421875,425.0,412.57000732421875,414.4599914550781,401.12506103515625,4297700,0.0,0.0
2022-06-01 00:00:00-04:00,420.2099914550781,424.5899963378906,406.3599853515625,408.3699951171875,395.2309265136719,1598400,0.0,0.0
2022-06-02 00:00:00-04:00,409.3599853515625,427.25,408.4800109863281,426.8599853515625,413.12603759765625,1453400,0.0,0.0
2022-06-03 00:00:00-04:00,416.70001220703125,420.67999267578125,405.3800048828125,408.95001220703125,395.79229736328125,1519000,0.0,0.0
2022-06-06 00:00:00-04:00,416.5799865722656,419.8599853515625,406.75,408.9700012207031,395.8115539550781,859900,0.0,0.0
2022-06-07 00:00:00-04:00,404.1099853515625,418.75,403.1499938964844,416.6499938964844,403.2445373535156,1218100,0.0,0.0
2022-06-08 00:00:00-04:00,415.3399963378906,420.17999267578125,412.3599853515625,414.4599914550781,401.12506103515625,1335100,0.0,0.0
2022-06-09 00:00:00-04:00,409.54998779296875,414.4200134277344,400.1099853515625,400.54998779296875,387.6625671386719,1186300,0.0,0.0
2022-06-10 00:00:00-04:00,390.3999938964844,393.3999938964844,378.8399963378906,381.2200012207031,368.95452880859375,2197200,0.0,0.0
2022-06-13 00:00:00-04:00,368.2900085449219,372.989990234375,361.760009765625,363.989990234375,352.27886962890625,2191200,0.0,0.0
2022-06-14 00:00:00-04:00,366.80999755859375,371.1099853515625,359.8399963378906,364.7799987792969,353.0433654785156,1401500,0.0,0.0
2022-06-15 00:00:00-04:00,370.3900146484375,386.7900085449219,368.4700012207031,378.5400085449219,366.3607482910156,1830300,0.0,0.0
2022-06-16 00:00:00-04:00,365.4599914550781,370.3999938964844,355.2200012207031,359.6300048828125,348.05914306640625,2106100,0.0,0.0
2022-06-17 00:00:00-04:00,363.04998779296875,375.1600036621094,362.5400085449219,369.7099914550781,357.8148193359375,2776200,0.0,0.0
2022-06-21 00:00:00-04:00,377.0400085449219,383.0299987792969,374.3999938964844,377.42999267578125,365.2864074707031,2019000,0.0,0.0
2022-06-22 00:00:00-04:00,371.7699890136719,391.1499938964844,371.55999755859375,380.8399963378906,368.5866394042969,1773500,0.0,0.0
2022-06-23 00:00:00-04:00,387.30999755859375,401.4800109863281,380.79998779296875,400.75,387.85614013671875,2111700,0.0,0.0
2022-06-24 00:00:00-04:00,407.7699890136719,419.67999267578125,407.3299865722656,417.6199951171875,404.18328857421875,2632900,0.0,0.0
2022-06-27 00:00:00-04:00,415.3599853515625,420.0,402.82000732421875,404.7200012207031,391.6983947753906,1783800,0.0,0.0
2022-06-28 00:00:00-04:00,405.75,409.7699890136719,384.489990234375,386.2900085449219,373.861328125,1631100,0.0,0.0
2022-06-29 00:00:00-04:00,389.3800048828125,392.54998779296875,382.739990234375,389.6600036621094,377.1229553222656,1066300,0.0,0.0
2022-06-30 00:00:00-04:00,387.70001220703125,389.5799865722656,376.17999267578125,385.44000244140625,373.0386962890625,1670400,0.0,0.0
2022-07-01 00:00:00-04:00,382.5,391.1300048828125,378.0799865722656,388.30999755859375,375.81634521484375,1133800,0.0,0.0
2022-07-05 00:00:00-04:00,384.7699890136719,400.3399963378906,380.3299865722656,400.2200012207031,387.3431701660156,1590500,0.0,0.0
2022-07-06 00:00:00-04:00,403.3399963378906,408.5799865722656,396.7300109863281,404.9100036621094,391.88232421875,1356400,0.0,0.0
2022-07-07 00:00:00-04:00,399.3699951171875,411.6199951171875,397.8699951171875,410.8399963378906,397.6214599609375,1585100,0.0,0.0
2022-07-08 00:00:00-04:00,402.4100036621094,409.79998779296875,398.2200012207031,406.80999755859375,394.3738708496094,1173100,0.68,0.0
2022-07-11 00:00:00-04:00,404.6499938964844,406.94000244140625,395.3699951171875,402.55999755859375,390.25384521484375,1019400,0.0,0.0
2022-07-12 00:00:00-04:00,405.1199951171875,406.0,381.1300048828125,385.8699951171875,374.0740051269531,1611300,0.0,0.0
2022-07-13 00:00:00-04:00,376.989990234375,387.1600036621094,373.95001220703125,383.30999755859375,371.59228515625,1255400,0.0,0.0
2022-07-14 00:00:00-04:00,380.5799865722656,383.3599853515625,370.7699890136719,379.8699951171875,368.25738525390625,1312400,0.0,0.0
2022-07-15 00:00:00-04:00,388.0400085449219,394.44000244140625,382.6700134277344,392.9599914550781,380.94720458984375,1520700,0.0,0.0
2022-07-18 00:00:00-04:00,396.04998779296875,400.0,386.7200012207031,388.25,376.3813171386719,1085600,0.0,0.0
2022-07-19 00:00:00-04:00,397.6199951171875,404.5899963378906,391.1499938964844,403.8599853515625,391.5140686035156,1358900,0.0,0.0
2022-07-20 00:00:00-04:00,408.3500061035156,422.44000244140625,405.8900146484375,420.45001220703125,407.59686279296875,1663600,0.0,0.0
2022-07-21 00:00:00-04:00,420.5799865722656,436.8699951171875,420.5799865722656,434.70001220703125,421.4113464355469,2076400,0.0,0.0
2022-07-22 00:00:00-04:00,436.69000244140625,446.0,429.1700134277344,434.739990234375,421.4500427246094,1590300,0.0,0.0
2022-07-25 00:00:00-04:00,431.6099853515625,432.7200012207031,422.07000732421875,426.20001220703125,413.1711730957031,1026500,0.0,0.0
2022-07-26 00:00:00-04:00,423.8599853515625,424.489990234375,409.4100036621094,414.2200012207031,401.55731201171875,1540000,0.0,0.0
2022-07-27 00:00:00-04:00,418.1099853515625,437.1199951171875,416.7099914550781,433.1600036621094,419.91839599609375,1758500,0.0,0.0
2022-07-28 00:00:00-04:00,434.9100036621094,450.1499938964844,431.0299987792969,448.5899963378906,434.87664794921875,1754000,0.0,0.0
2022-07-29 00:00:00-04:00,445.239990234375,459.5799865722656,445.239990234375,456.1700134277344,442.2249755859375,2178600,0.0,0.0
2022-08-01 00:00:00-04:00,448.7900085449219,456.5299987792969,444.45001220703125,448.4599914550781,434.7505798339844,1696800,0.0,0.0
2022-08-02 00:00:00-04:00,442.989990234375,451.2900085449219,441.0199890136719,446.9700012207031,433.3061828613281,1064700,0.0,0.0
2022-08-03 00:00:00-04:00,451.4700012207031,466.8800048828125,450.2099914550781,465.75,451.5121154785156,1565400,0.0,0.0
2022-08-04 00:00:00-04:00,465.75,467.8599853515625,458.20001220703125,466.29998779296875,452.0452880859375,1421400,0.0,0.0
2022-08-05 00:00:00-04:00,456.4800109863281,470.6499938964844,455.2200012207031,468.989990234375,454.653076171875,933800,0.0,0.0
2022-08-08 00:00:00-04:00,471.32000732421875,476.3500061035156,463.8299865722656,466.760009765625,452.49127197265625,1218800,0.0,0.0
2022-08-09 00:00:00-04:00,460.7699890136719,466.0799865722656,458.6099853515625,462.07000732421875,447.944580078125,1067900,0.0,0.0
2022-08-10 00:00:00-04:00,477.7900085449219,479.5899963378906,474.3999938964844,478.0899963378906,463.4748840332031,1408700,0.0,0.0
2022-08-11 00:00:00-04:00,486.3599853515625,489.2699890136719,475.5199890136719,478.7699890136719,464.134033203125,1259600,0.0,0.0
2022-08-12 00:00:00-04:00,480.6400146484375,487.6000061035156,475.4599914550781,486.6600036621094,471.7828369140625,1178700,0.0,0.0
2022-08-15 00:00:00-04:00,485.20001220703125,490.2300109863281,483.70001220703125,489.2300109863281,474.27435302734375,830800,0.0,0.0
2022-08-16 00:00:00-04:00,482.8900146484375,490.8299865722656,481.05999755859375,488.17999267578125,473.2564392089844,1031500,0.0,0.0
2022-08-17 00:00:00-04:00,478.30999755859375,483.8399963378906,474.8800048828125,478.29998779296875,463.67840576171875,1422600,0.0,0.0
2022-08-18 00:00:00-04:00,477.29998779296875,480.7099914550781,472.0799865722656,477.760009765625,463.1549377441406,1162100,0.0,0.0
2022-08-19 00:00:00-04:00,469.42999267578125,470.760009765625,459.7699890136719,463.95001220703125,449.7671203613281,1509600,0.0,0.0
2022-08-22 00:00:00-04:00,456.7300109863281,457.45001220703125,445.010009765625,446.1199951171875,432.48211669921875,1692800,0.0,0.0
2022-08-23 00:00:00-04:00,451.9700012207031,453.0400085449219,444.3800048828125,449.55999755859375,435.8170166015625,2339700,0.0,0.0
2022-08-24 00:00:00-04:00,479.6499938964844,487.79998779296875,465.3299865722656,465.7699890136719,451.531494140625,3587400,0.0,0.0
2022-08-25 00:00:00-04:00,464.79998779296875,466.69000244140625,457.69000244140625,465.8500061035156,451.60906982421875,1701800,0.0,0.0
2022-08-26 00:00:00-04:00,466.95001220703125,467.8500061035156,447.8399963378906,448.4599914550781,434.7505798339844,1777600,0.0,0.0
2022-08-29 00:00:00-04:00,438.25,446.3900146484375,436.1700134277344,436.79998779296875,423.44708251953125,1796600,0.0,0.0
2022-08-30 00:00:00-04:00,440.0,443.82000732421875,428.1600036621094,433.20001220703125,419.9571228027344,1251000,0.0,0.0
2022-08-31 00:00:00-04:00,439.0899963378906,441.2799987792969,429.8599853515625,431.7799987792969,418.58056640625,1294300,0.0,0.0
2022-09-01 00:00:00-04:00,427.3900146484375,428.20001220703125,415.6600036621094,425.5,412.4925231933594,1994300,0.0,0.0
2022-09-02 00:00:00-04:00,432.739990234375,433.9800109863281,418.0,420.05999755859375,407.21881103515625,1299800,0.0,0.0
2022-09-06 00:00:00-04:00,420.5,422.6300048828125,413.7300109863281,418.760009765625,405.9585876464844,1391000,0.0,0.0
2022-09-07 00:00:00-04:00,421.2900085449219,438.7200012207031,419.010009765625,435.2900085449219,421.9832763671875,1421900,0.0,0.0
2022-09-08 00:00:00-04:00,429.5199890136719,440.8699951171875,427.6300048828125,439.0400085449219,425.6186218261719,1131100,0.0,0.0
2022-09-09 00:00:00-04:00,441.3699951171875,452.6000061035156,441.32000732421875,450.0299987792969,436.2726745605469,1292200,0.0,0.0
2022-09-12 00:00:00-04:00,457.3299865722656,459.989990234375,449.8800048828125,455.3699951171875,441.44940185546875,1250300,0.0,0.0
2022-09-13 00:00:00-04:00,434.260009765625,439.69000244140625,428.0199890136719,429.30999755859375,416.18603515625,1697600,0.0,0.0
2022-09-14 00:00:00-04:00,430.739990234375,437.260009765625,425.7300109863281,436.8399963378906,423.48590087890625,1475100,0.0,0.0
2022-09-15 00:00:00-04:00,433.239990234375,436.92999267578125,419.6600036621094,422.1199951171875,409.2158508300781,1468000,0.0,0.0
2022-09-16 00:00:00-04:00,418.70001220703125,424.3900146484375,414.0199890136719,423.0,410.0689392089844,2095700,0.0,0.0
2022-09-19 00:00:00-04:00,415.2799987792969,424.2200012207031,415.04998779296875,423.69000244140625,410.73785400390625,1270000,0.0,0.0
2022-09-20 00:00:00-04:00,420.05999755859375,421.19000244140625,414.0799865722656,417.82000732421875,405.0472717285156,1271400,0.0,0.0
2022-09-21 00:00:00-04:00,422.1400146484375,427.9200134277344,408.5,408.67999267578125,396.1866760253906,1485800,0.0,0.0
2022-09-22 00:00:00-04:00,404.82000732421875,406.6499938964844,395.45001220703125,396.7099914550781,384.5826110839844,2261300,0.0,0.0
2022-09-23 00:00:00-04:00,394.8999938964844,395.4599914550781,386.3699951171875,393.9700012207031,381.9263916015625,1680700,0.0,0.0
2022-09-26 00:00:00-04:00,394.3599853515625,404.8299865722656,393.1000061035156,395.79998779296875,383.700439453125,1819200,0.0,0.0
2022-09-27 00:00:00-04:00,399.70001220703125,407.2900085449219,395.2300109863281,400.7699890136719,388.5185241699219,1624300,0.0,0.0
2022-09-28 00:00:00-04:00,404.05999755859375,412.0,398.80999755859375,409.2900085449219,396.7781066894531,1710600,0.0,0.0
2022-09-29 00:00:00-04:00,401.1400146484375,404.7900085449219,394.1199951171875,396.80999755859375,384.67962646484375,1999000,0.0,0.0
2022-09-30 00:00:00-04:00,395.2699890136719,403.0,387.010009765625,387.32000732421875,375.4796142578125,2001500,0.0,0.0
2022-10-03 00:00:00-04:00,389.32000732421875,399.5299987792969,388.0,396.79998779296875,384.6698303222656,1819000,0.0,0.0
2022-10-04 00:00:00-04:00,406.44000244140625,414.7200012207031,405.17999267578125,412.010009765625,399.4149475097656,1788900,0.0,0.0
2022-10-05 00:00:00-04:00,405.29998779296875,417.44000244140625,400.7900085449219,413.5799865722656,400.9368591308594,1200800,0.0,0.0
2022-10-06 00:00:00-04:00,412.3699951171875,417.29998779296875,407.2200012207031,411.32000732421875,399.49945068359375,1282700,0.78,0.0
2022-10-07 00:00:00-04:00,402.1600036621094,403.7200012207031,391.3900146484375,392.9599914550781,381.6670837402344,1414300,0.0,0.0
2022-10-10 00:00:00-04:00,393.0,394.9100036621094,379.7099914550781,387.6400146484375,376.4999694824219,1305300,0.0,0.0
2022-10-11 00:00:00-04:00,384.32000732421875,389.45001220703125,374.5299987792969,383.4800109863281,372.4595642089844,1786800,0.0,0.0
2022-10-12 00:00:00-04:00,386.4800109863281,399.7900085449219,383.1000061035156,388.05999755859375,376.9079284667969,2210700,0.0,0.0
2022-10-13 00:00:00-04:00,373.1199951171875,398.989990234375,371.010009765625,395.7799987792969,384.406005859375,1731500,0.0,0.0
2022-10-14 00:00:00-04:00,402.3599853515625,403.0799865722656,379.57000732421875,380.1099853515625,369.1863098144531,1804400,0.0,0.0
2022-10-17 00:00:00-04:00,393.2300109863281,405.1400146484375,391.7900085449219,403.739990234375,392.1372985839844,2311500,0.0,0.0
2022-10-18 00:00:00-04:00,415.8500061035156,420.0,401.510009765625,408.6499938964844,396.9061584472656,1704500,0.0,0.0
2022-10-19 00:00:00-04:00,408.82000732421875,412.2099914550781,399.7799987792969,402.07000732421875,390.5152893066406,1291800,0.0,0.0
2022-10-20 00:00:00-04:00,403.2200012207031,408.6099853515625,397.9700012207031,401.1499938964844,389.6216735839844,1399100,0.0,0.0
2022-10-21 00:00:00-04:00,404.0199890136719,418.6099853515625,395.82000732421875,417.17999267578125,405.1910095214844,1488900,0.0,0.0
2022-10-24 00:00:00-04:00,420.0,421.07000732421875,405.1499938964844,417.760009765625,405.7543640136719,1411900,0.0,0.0
2022-10-25 00:00:00-04:00,420.8299865722656,433.7900085449219,420.3399963378906,432.0799865722656,419.66278076171875,1292000,0.0,0.0
2022-10-26 00:00:00-04:00,425.6099853515625,437.1300048828125,420.0899963378906,424.3900146484375,412.19384765625,1355200,0.0,0.0
2022-10-27 00:00:00-04:00,430.2300109863281,431.6700134277344,420.1300048828125,422.0,409.8724670410156,998300,0.0,0.0
2022-10-28 00:00:00-04:00,422.0,432.80999755859375,416.6199951171875,431.7900085449219,419.38116455078125,1169600,0.0,0.0
2022-10-31 00:00:00-04:00,427.55999755859375,430.79998779296875,423.80999755859375,427.5,415.2144470214844,1038500,0.0,0.0
2022-11-01 00:00:00-04:00,433.4800109863281,434.1400146484375,387.05999755859375,394.7699890136719,383.4250793457031,4241900,0.0,0.0
2022-11-02 00:00:00-04:00,402.5199890136719,408.989990234375,384.82000732421875,385.0299987792969,373.96490478515625,2702400,0.0,0.0
2022-11-03 00:00:00-04:00,375.8399963378906,382.6199951171875,364.3299865722656,364.989990234375,354.5008544921875,3252100,0.0,0.0
2022-11-04 00:00:00-04:00,371.6600036621094,371.6600036621094,352.6300048828125,361.19000244140625,350.8100891113281,3187600,0.0,0.0
2022-11-07 00:00:00-05:00,363.55999755859375,370.5,357.4800109863281,370.1099853515625,359.47369384765625,1650000,0.0,0.0
2022-11-08 00:00:00-05:00,372.45001220703125,391.1000061035156,370.1300048828125,382.57000732421875,371.57568359375,2668500,0.0,0.0
2022-11-09 00:00:00-05:00,376.9700012207031,379.6499938964844,368.1300048828125,368.54998779296875,357.9585876464844,1446900,0.0,0.0
2022-11-10 00:00:00-05:00,397.3500061035156,403.75,388.0,403.239990234375,391.65167236328125,3088200,0.0,0.0
2022-11-11 00:00:00-05:00,402.260009765625,411.94000244140625,398.6400146484375,408.0400085449219,396.3137512207031,1720200,0.0,0.0
2022-11-14 00:00:00-05:00,400.04998779296875,403.57000732421875,391.0400085449219,397.6600036621094,386.2320251464844,1801700,0.0,0.0
2022-11-15 00:00:00-05:00,414.5,416.4800109863281,401.7799987792969,407.0199890136719,395.3230285644531,2076400,0.0,0.0
2022-11-16 00:00:00-05:00,407.0199890136719,407.1000061035156,390.8299865722656,393.6600036621094,382.3470153808594,1260100,0.0,0.0
2022-11-17 00:00:00-05:00,384.6000061035156,388.489990234375,378.0199890136719,381.8800048828125,370.90545654296875,2049800,0.0,0.0
2022-11-18 00:00:00-05:00,388.4700012207031,389.42999267578125,369.94000244140625,380.07000732421875,369.1474914550781,2046100,0.0,0.0
2022-11-21 00:00:00-05:00,376.57000732421875,380.3999938964844,372.1600036621094,375.0,364.22320556640625,1429400,0.0,0.0
2022-11-22 00:00:00-05:00,379.989990234375,394.0,375.0,392.2300109863281,380.9580993652344,2298700,0.0,0.0
2022-11-23 00:00:00-05:00,390.4200134277344,400.1000061035156,390.05999755859375,395.8500061035156,384.4740295410156,1488700,0.0,0.0
2022-11-25 00:00:00-05:00,394.8500061035156,395.8299865722656,391.4800109863281,392.4700012207031,381.191162109375,861800,0.0,0.0
2022-11-28 00:00:00-05:00,394.3800048828125,398.70001220703125,383.4800109863281,385.6400146484375,374.55743408203125,1690700,0.0,0.0
2022-11-29 00:00:00-05:00,381.6300048828125,385.3399963378906,377.42999267578125,379.7099914550781,368.7978515625,1716300,0.0,0.0
2022-11-30 00:00:00-05:00,375.489990234375,411.489990234375,374.0,407.5899963378906,395.87664794921875,4902300,0.0,0.0
2022-12-01 00:00:00-05:00,407.8900146484375,418.2200012207031,405.0,416.07000732421875,404.11297607421875,1943100,0.0,0.0
2022-12-02 00:00:00-05:00,401.8699951171875,409.1700134277344,400.1600036621094,407.9200134277344,396.19720458984375,1876000,0.0,0.0
2022-12-05 00:00:00-05:00,401.1600036621094,404.20001220703125,393.17999267578125,395.1400146484375,383.784423828125,1499000,0.0,0.0
2022-12-06 00:00:00-05:00,395.45001220703125,395.489990234375,385.1600036621094,389.7799987792969,378.57843017578125,1209800,0.0,0.0
2022-12-07 00:00:00-05:00,388.05999755859375,394.19000244140625,385.3900146484375,388.6499938964844,377.4809265136719,968600,0.0,0.0
2022-12-08 00:00:00-05:00,391.6000061035156,406.7200012207031,389.4599914550781,405.3599853515625,393.7107849121094,1525700,0.0,0.0
2022-12-09 00:00:00-05:00,404.19000244140625,405.8299865722656,399.2799987792969,399.8299865722656,388.339599609375,1061300,0.0,0.0
2022-12-12 00:00:00-05:00,400.7300109863281,410.9800109863281,398.3299865722656,410.7799987792969,398.97491455078125,1810500,0.0,0.0
2022-12-13 00:00:00-05:00,432.1099853515625,441.9800109863281,422.2099914550781,428.3900146484375,416.07891845703125,3247700,0.0,0.0
2022-12-14 00:00:00-05:00,426.5299987792969,434.239990234375,416.1499938964844,418.9200134277344,406.881103515625,1631400,0.0,0.0
2022-12-15 00:00:00-05:00,410.94000244140625,415.1600036621094,394.239990234375,396.5299987792969,385.1345520019531,1741300,0.0,0.0
2022-12-16 00:00:00-05:00,392.7300109863281,393.989990234375,380.54998779296875,384.9800109863281,373.9163818359375,3565600,0.0,0.0
2022-12-19 00:00:00-05:00,388.739990234375,388.739990234375,377.5,383.5199890136719,372.4983215332031,1535400,0.0,0.0
2022-12-20 00:00:00-05:00,381.8699951171875,390.05999755859375,380.82000732421875,387.0799865722656,375.9560241699219,1320100,0.0,0.0
2022-12-21 00:00:00-05:00,389.42999267578125,396.3900146484375,384.260009765625,393.3299865722656,382.0263977050781,1330100,0.0,0.0
2022-12-22 00:00:00-05:00,385.3500061035156,387.75,376.760009765625,383.95001220703125,372.9160461425781,1312600,0.0,0.0
2022-12-23 00:00:00-05:00,383.32000732421875,385.42999267578125,378.5,384.489990234375,373.4405212402344,705200,0.0,0.0
2022-12-27 00:00:00-05:00,383.44000244140625,385.3399963378906,377.4599914550781,383.1099853515625,372.1001892089844,823300,0.0,0.0
2022-12-28 00:00:00-05:00,385.3599853515625,388.5,374.82000732421875,376.5,365.68011474609375,843600,0.0,0.0
2022-12-29 00:00:00-05:00,380.3800048828125,391.9800109863281,377.55999755859375,390.8699951171875,379.63714599609375,1004600,0.0,0.0
2022-12-30 00:00:00-05:00,386.010009765625,389.44000244140625,382.67999267578125,389.2200012207031,378.03448486328125,948900,0.0,0.0
2023-01-03 00:00:00-05:00,396.70001220703125,404.45001220703125,385.2200012207031,391.17999267578125,379.9382019042969,1874000,0.0,0.0
2023-01-04 00:00:00-05:00,397.5799865722656,399.7200012207031,387.6000061035156,391.57000732421875,380.3170471191406,1209700,0.0,0.0
2023-01-05 00:00:00-05:00,386.3500061035156,387.4700012207031,375.0,375.6199951171875,364.8253173828125,1263800,0.0,0.0
2023-01-06 00:00:00-05:00,380.239990234375,389.3399963378906,370.6199951171875,386.5199890136719,375.412109375,1312700,0.0,0.0
2023-01-09 00:00:00-05:00,391.1000061035156,402.6400146484375,388.1600036621094,395.3399963378906,384.7551574707031,1331600,0.78,0.0
2023-01-10 00:00:00-05:00,387.5799865722656,394.9599914550781,385.5299987792969,388.67999267578125,378.2734375,1069900,0.0,0.0
2023-01-11 00:00:00-05:00,388.2799987792969,395.8299865722656,384.2900085449219,395.30999755859375,384.7259521484375,1587300,0.0,0.0
2023-01-12 00:00:00-05:00,398.2699890136719,398.2699890136719,386.0299987792969,396.70001220703125,386.0787353515625,1099000,0.0,0.0
2023-01-13 00:00:00-05:00,390.0,394.6300048828125,386.4599914550781,393.2099914550781,382.68212890625,1311100,0.0,0.0
2023-01-17 00:00:00-05:00,392.0,395.2900085449219,386.75,390.20001220703125,379.7527160644531,1658700,0.0,0.0
2023-01-18 00:00:00-05:00,392.1000061035156,401.32000732421875,385.6400146484375,386.07000732421875,375.7333984375,1603200,0.0,0.0
2023-01-19 00:00:00-05:00,383.1400146484375,388.9700012207031,378.2200012207031,378.6000061035156,368.46331787109375,1082000,0.0,0.0
2023-01-20 00:00:00-05:00,383.2699890136719,400.30999755859375,382.54998779296875,398.07000732421875,387.4120178222656,1702000,0.0,0.0
2023-01-23 00:00:00-05:00,400.7300109863281,410.510009765625,399.1199951171875,410.0,399.0226135253906,2211800,0.0,0.0
2023-01-24 00:00:00-05:00,410.0,410.0,398.739990234375,401.54998779296875,390.798828125,1189600,0.0,0.0
2023-01-25 00:00:00-05:00,394.29998779296875,403.95001220703125,385.489990234375,401.8999938964844,391.1394958496094,1131900,0.0,0.0
2023-01-26 00:00:00-05:00,409.95001220703125,413.2200012207031,402.0799865722656,412.54998779296875,401.5043640136719,1282600,0.0,0.0
2023-01-27 00:00:00-05:00,408.32000732421875,428.70001220703125,407.2699890136719,422.6199951171875,411.30474853515625,1724800,0.0,0.0
2023-01-30 00:00:00-05:00,416.1400146484375,420.5299987792969,412.239990234375,416.45001220703125,405.2999572753906,1543400,0.0,0.0
2023-01-31 00:00:00-05:00,416.45001220703125,422.9200134277344,415.1000061035156,422.6700134277344,411.3533935546875,1174600,0.0,0.0
2023-02-01 00:00:00-05:00,420.3500061035156,437.9599914550781,416.010009765625,435.54998779296875,423.88848876953125,1521700,0.0,0.0
2023-02-02 00:00:00-05:00,443.9599914550781,457.94000244140625,442.0899963378906,452.1600036621094,440.0538635253906,1917600,0.0,0.0
2023-02-03 00:00:00-05:00,440.760009765625,440.9100036621094,421.69000244140625,423.760009765625,412.4142761230469,1843200,0.0,0.0
2023-02-06 00:00:00-05:00,417.6499938964844,418.260009765625,412.70001220703125,414.989990234375,403.87896728515625,1337900,0.0,0.0
2023-02-07 00:00:00-05:00,412.739990234375,429.8800048828125,409.0199890136719,427.6700134277344,416.2196044921875,1400700,0.0,0.0
2023-02-08 00:00:00-05:00,426.6499938964844,430.6499938964844,417.70001220703125,421.739990234375,410.44830322265625,1055000,0.0,0.0
2023-02-09 00:00:00-05:00,430.6400146484375,431.989990234375,418.2900085449219,419.739990234375,408.5018310546875,1098500,0.0,0.0
2023-02-10 00:00:00-05:00,415.0,416.1099853515625,408.8999938964844,413.5199890136719,402.4483642578125,998400,0.0,0.0
2023-02-13 00:00:00-05:00,415.9800109863281,419.2200012207031,413.9100036621094,418.0899963378906,406.89599609375,1028900,0.0,0.0
2023-02-14 00:00:00-05:00,416.42999267578125,426.2200012207031,412.2699890136719,421.9700012207031,410.67218017578125,878500,0.0,0.0
2023-02-15 00:00:00-05:00,418.2900085449219,423.19000244140625,414.44000244140625,421.239990234375,409.961669921875,865200,0.0,0.0
2023-02-16 00:00:00-05:00,409.1700134277344,416.5799865722656,406.54998779296875,408.3599853515625,397.426513671875,1281600,0.0,0.0
2023-02-17 00:00:00-05:00,406.4100036621094,406.510009765625,396.8699951171875,404.3800048828125,393.5531005859375,1626100,0.0,0.0
2023-02-21 00:00:00-05:00,396.3500061035156,400.1600036621094,393.69000244140625,396.260009765625,385.6505432128906,1331700,0.0,0.0
2023-02-22 00:00:00-05:00,400.5299987792969,408.0899963378906,397.7900085449219,406.3800048828125,395.49951171875,1688000,0.0,0.0
2023-02-23 00:00:00-05:00,410.8299865722656,416.239990234375,404.0400085449219,411.8800048828125,400.852294921875,2476100,0.0,0.0
2023-02-24 00:00:00-05:00,404.989990234375,429.989990234375,404.1099853515625,419.80999755859375,408.5699768066406,4044700,0.0,0.0
2023-02-27 00:00:00-05:00,421.3800048828125,422.54998779296875,412.0400085449219,412.6199951171875,401.5724792480469,2166400,0.0,0.0
2023-02-28 00:00:00-05:00,410.0,413.0799865722656,405.3699951171875,407.17999267578125,396.278076171875,2218800,0.0,0.0
2023-03-01 00:00:00-05:00,405.0,406.3800048828125,396.4200134277344,401.2699890136719,390.5263366699219,1651100,0.0,0.0
2023-03-02 00:00:00-05:00,398.8599853515625,402.8900146484375,393.8699951171875,400.3699951171875,389.65045166015625,1516400,0.0,0.0
2023-03-03 00:00:00-05:00,401.5899963378906,410.7200012207031,400.0899963378906,408.5199890136719,397.58221435546875,1550900,0.0,0.0
2023-03-06 00:00:00-05:00,408.5799865722656,419.7099914550781,406.7200012207031,412.7099914550781,401.6600036621094,1459200,0.0,0.0
2023-03-07 00:00:00-05:00,413.0799865722656,418.20001220703125,408.44000244140625,409.2900085449219,398.3316345214844,1261400,0.0,0.0
2023-03-08 00:00:00-05:00,408.1600036621094,418.17999267578125,408.0,416.6700134277344,405.5141296386719,1448800,0.0,0.0
2023-03-09 00:00:00-05:00,418.79998779296875,424.67999267578125,403.739990234375,404.5799865722656,393.74774169921875,1723800,0.0,0.0
2023-03-10 00:00:00-05:00,403.42999267578125,404.6300048828125,388.82000732421875,392.6099853515625,382.09814453125,2855200,0.0,0.0
2023-03-13 00:00:00-04:00,392.4100036621094,397.82000732421875,384.04998779296875,391.55999755859375,381.0763244628906,2394700,0.0,0.0
2023-03-14 00:00:00-04:00,400.6300048828125,409.1400146484375,398.95001220703125,408.29998779296875,397.3681335449219,2236600,0.0,0.0
2023-03-15 00:00:00-04:00,404.2799987792969,408.2799987792969,401.6300048828125,406.32000732421875,395.4411926269531,1852700,0.0,0.0
2023-03-16 00:00:00-04:00,405.3900146484375,420.2799987792969,401.2099914550781,418.1499938964844,406.9544372558594,1965700,0.0,0.0
2023-03-17 00:00:00-04:00,416.8299865722656,418.1499938964844,408.5199890136719,413.69000244140625,402.61383056640625,3124300,0.0,0.0
2023-03-20 00:00:00-04:00,412.1600036621094,413.7799987792969,405.760009765625,411.8399963378906,400.81329345703125,1520000,0.0,0.0
2023-03-21 00:00:00-04:00,414.3399963378906,422.69000244140625,411.19000244140625,422.0299987792969,410.73052978515625,1439600,0.0,0.0
2023-03-22 00:00:00-04:00,420.7300109863281,428.239990234375,414.010009765625,414.2099914550781,403.1199035644531,1558500,0.0,0.0
2023-03-23 00:00:00-04:00,419.17999267578125,434.9700012207031,415.5799865722656,432.489990234375,420.9104919433594,2737900,0.0,0.0
2023-03-24 00:00:00-04:00,428.7200012207031,432.0,422.4200134277344,429.57000732421875,418.06866455078125,1659700,0.0,0.0
2023-03-27 00:00:00-04:00,429.6499938964844,431.5299987792969,423.239990234375,426.94000244140625,415.5091247558594,1677000,0.0,0.0
2023-03-28 00:00:00-04:00,426.94000244140625,427.7300109863281,416.95001220703125,419.3299865722656,408.1027526855469,1322300,0.0,0.0
2023-03-29 00:00:00-04:00,427.07000732421875,434.2300109863281,424.010009765625,433.2900085449219,421.6890869140625,1320100,0.0,0.0
2023-03-30 00:00:00-04:00,439.7200012207031,442.4100036621094,437.4200134277344,440.0899963378906,428.3070068359375,1515700,0.0,0.0
2023-03-31 00:00:00-04:00,442.6300048828125,448.0400085449219,441.5,445.8299865722656,433.89324951171875,1700900,0.0,0.0
2023-04-03 00:00:00-04:00,443.010009765625,443.010009765625,436.1600036621094,440.6700134277344,428.8714599609375,1234100,0.0,0.0
2023-04-04 00:00:00-04:00,440.1499938964844,446.7300109863281,437.1099853515625,439.80999755859375,428.03448486328125,1120000,0.0,0.0
2023-04-05 00:00:00-04:00,439.6300048828125,440.04998779296875,431.8699951171875,439.1499938964844,427.39215087890625,1494700,0.0,0.0
2023-04-06 00:00:00-04:00,433.8299865722656,447.94000244140625,432.3599853515625,446.760009765625,435.5720520019531,1673600,0.78,0.0
2023-04-10 00:00:00-04:00,441.2900085449219,445.9599914550781,435.94000244140625,444.7200012207031,433.5830993652344,1165900,0.0,0.0
2023-04-11 00:00:00-04:00,441.8500061035156,443.6099853515625,434.3900146484375,437.5,426.5439147949219,1267300,0.0,0.0
2023-04-12 00:00:00-04:00,443.4700012207031,444.5400085449219,434.44000244140625,435.0899963378906,424.19427490234375,981600,0.0,0.0
2023-04-13 00:00:00-04:00,439.4700012207031,443.5299987792969,438.19000244140625,441.80999755859375,430.7460021972656,970600,0.0,0.0
2023-04-14 00:00:00-04:00,439.010009765625,443.69000244140625,436.239990234375,441.6199951171875,430.5607604980469,1328700,0.0,0.0
2023-04-17 00:00:00-04:00,443.9100036621094,443.9100036621094,435.9599914550781,440.0899963378906,429.0690612792969,993100,0.0,0.0
2023-04-18 00:00:00-04:00,445.0,445.6499938964844,439.5899963378906,442.5899963378906,431.50653076171875,878400,0.0,0.0
2023-04-19 00:00:00-04:00,437.489990234375,445.6199951171875,437.0,445.489990234375,434.3338623046875,802700,0.0,0.0
2023-04-20 00:00:00-04:00,439.8800048828125,451.1199951171875,439.8800048828125,447.3999938964844,436.196044921875,1103700,0.0,0.0
2023-04-21 00:00:00-04:00,448.6400146484375,452.7099914550781,443.2699890136719,446.3999938964844,435.2210693359375,1280600,0.0,0.0
2023-04-24 00:00:00-04:00,450.07000732421875,450.2300109863281,439.6000061035156,442.32000732421875,431.24322509765625,1177100,0.0,0.0
2023-04-25 00:00:00-04:00,436.95001220703125,438.5799865722656,418.8500061035156,419.8299865722656,409.31646728515625,2269100,0.0,0.0
2023-04-26 00:00:00-04:00,418.32000732421875,422.510009765625,412.94000244140625,413.70001220703125,403.3399658203125,1947900,0.0,0.0
2023-04-27 00:00:00-04:00,416.8599853515625,430.3900146484375,414.3399963378906,429.1600036621094,418.41278076171875,1479300,0.0,0.0
2023-04-28 00:00:00-04:00,428.7300109863281,462.5,424.7900085449219,443.95001220703125,432.8324279785156,2538000,0.0,0.0
2023-05-01 00:00:00-04:00,441.7900085449219,446.739990234375,439.9700012207031,442.510009765625,431.4284973144531,1419200,0.0,0.0
2023-05-02 00:00:00-04:00,445.0799865722656,445.3699951171875,430.80999755859375,436.4599914550781,425.5299987792969,1213500,0.0,0.0
2023-05-03 00:00:00-04:00,440.20001220703125,440.9599914550781,428.20001220703125,429.6499938964844,418.8905029296875,1274800,0.0,0.0
2023-05-04 00:00:00-04:00,432.6400146484375,432.75,421.30999755859375,422.45001220703125,411.870849609375,1283800,0.0,0.0
2023-05-05 00:00:00-04:00,427.8800048828125,439.25,425.17999267578125,425.95001220703125,415.283203125,1800100,0.0,0.0
2023-05-08 00:00:00-04:00,422.42999267578125,427.7699890136719,416.57000732421875,426.8900146484375,416.1996765136719,1359600,0.0,0.0
2023-05-09 00:00:00-04:00,424.44000244140625,430.5199890136719,422.80999755859375,427.67999267578125,416.9698486328125,783700,0.0,0.0
2023-05-10 00:00:00-04:00,432.9800109863281,436.30999755859375,426.92999267578125,431.5199890136719,420.71368408203125,1425100,0.0,0.0
2023-05-11 00:00:00-04:00,432.3299865722656,432.9599914550781,423.6499938964844,424.8900146484375,414.24969482421875,1573300,0.0,0.0
2023-05-12 00:00:00-04:00,426.3900146484375,430.010009765625,424.3900146484375,427.6199951171875,416.91131591796875,1224200,0.0,0.0
2023-05-15 00:00:00-04:00,413.0,427.2699890136719,410.4700012207031,426.2099914550781,415.53662109375,2088000,0.0,0.0
2023-05-16 00:00:00-04:00,422.1499938964844,430.0799865722656,419.0799865722656,421.4100036621094,410.8568115234375,1574100,0.0,0.0
2023-05-17 00:00:00-04:00,423.32000732421875,432.8500061035156,420.1499938964844,431.8599853515625,421.04522705078125,1280900,0.0,0.0
2023-05-18 00:00:00-04:00,433.55999755859375,448.7099914550781,432.32000732421875,447.6600036621094,436.4494934082031,1770900,0.0,0.0
2023-05-19 00:00:00-04:00,449.5199890136719,450.2699890136719,444.82000732421875,446.0299987792969,434.86029052734375,1234400,0.0,0.0
2023-05-22 00:00:00-04:00,449.6099853515625,455.3999938964844,445.4800109863281,454.1099853515625,442.738037109375,1948500,0.0,0.0
2023-05-23 00:00:00-04:00,455.5799865722656,460.75,449.79998779296875,449.79998779296875,438.5358581542969,2658600,0.0,0.0
2023-05-24 00:00:00-04:00,421.0,425.7300109863281,413.3599853515625,415.9200134277344,405.50433349609375,6664400,0.0,0.0
2023-05-25 00:00:00-04:00,418.5,421.0,407.5400085449219,413.1000061035156,402.75494384765625,4119800,0.0,0.0
2023-05-26 00:00:00-04:00,413.760009765625,428.0,413.1099853515625,418.42999267578125,407.9514465332031,3287100,0.0,0.0
2023-05-30 00:00:00-04:00,424.3699951171875,427.3699951171875,405.6099853515625,406.0899963378906,395.9205322265625,3400700,0.0,0.0
2023-05-31 00:00:00-04:00,400.7900085449219,420.25,400.2200012207031,419.1199951171875,408.6242370605469,6180600,0.0,0.0
2023-06-01 00:00:00-04:00,417.5899963378906,426.0,416.260009765625,422.1199951171875,411.54913330078125,1910500,0.0,0.0
2023-06-02 00:00:00-04:00,423.25,432.6099853515625,423.25,430.489990234375,419.70941162109375,1702000,0.0,0.0
2023-06-05 00:00:00-04:00,430.45001220703125,444.7799987792969,429.9700012207031,442.8399963378906,431.750244140625,2201400,0.0,0.0
2023-06-06 00:00:00-04:00,446.6199951171875,458.1199951171875,446.07000732421875,448.489990234375,437.2586669921875,1839600,0.0,0.0
2023-06-07 00:00:00-04:00,448.1199951171875,452.92999267578125,421.44000244140625,422.3599853515625,411.7831115722656,2429900,0.0,0.0
2023-06-08 00:00:00-04:00,421.3800048828125,427.5,419.29998779296875,423.3599853515625,412.7580261230469,1612300,0.0,0.0
2023-06-09 00:00:00-04:00,422.80999755859375,432.04998779296875,420.25,431.54998779296875,420.742919921875,1696600,0.0,0.0
2023-06-12 00:00:00-04:00,435.29998779296875,446.94000244140625,434.5799865722656,446.1199951171875,434.94805908203125,1937200,0.0,0.0
2023-06-13 00:00:00-04:00,451.6499938964844,451.989990234375,442.0,447.54998779296875,436.34228515625,1324400,0.0,0.0
2023-06-14 00:00:00-04:00,447.9700012207031,453.3699951171875,440.4599914550781,446.2200012207031,435.04559326171875,1709100,0.0,0.0
2023-06-15 00:00:00-04:00,442.19000244140625,459.1600036621094,441.0400085449219,456.30999755859375,444.8829345703125,1658300,0.0,0.0
2023-06-16 00:00:00-04:00,461.2699890136719,461.69000244140625,450.19000244140625,455.0299987792969,443.6349792480469,2619600,0.0,0.0
2023-06-20 00:00:00-04:00,454.30999755859375,461.0,451.1199951171875,455.1300048828125,443.7324523925781,1395000,0.0,0.0
2023-06-21 00:00:00-04:00,454.70001220703125,455.5199890136719,449.2900085449219,450.5299987792969,439.2476501464844,1106500,0.0,0.0
2023-06-22 00:00:00-04:00,448.75,451.760009765625,445.6499938964844,450.8399963378906,439.5498352050781,1034800,0.0,0.0
2023-06-23 00:00:00-04:00,443.8599853515625,457.0899963378906,442.739990234375,452.69000244140625,441.353515625,1489900,0.0,0.0
2023-06-26 00:00:00-04:00,451.6600036621094,462.4200134277344,451.6600036621094,453.29998779296875,441.94830322265625,1418200,0.0,0.0
2023-06-27 00:00:00-04:00,455.8900146484375,460.80999755859375,453.29998779296875,459.0299987792969,447.5347595214844,1253800,0.0,0.0
2023-06-28 00:00:00-04:00,459.1600036621094,459.9100036621094,452.510009765625,459.6300048828125,448.1197814941406,1495400,0.0,0.0
2023-06-29 00:00:00-04:00,460.739990234375,460.95001220703125,453.3800048828125,455.82000732421875,444.4051818847656,1133100,0.0,0.0
2023-06-30 00:00:00-04:00,456.7799987792969,461.9800109863281,454.1600036621094,458.19000244140625,446.7158508300781,1967100,0.0,0.0
2023-07-03 00:00:00-04:00,452.739990234375,454.9800109863281,449.0,451.57000732421875,440.2615966796875,1454500,0.0,0.0
2023-07-05 00:00:00-04:00,448.0,458.2699890136719,447.010009765625,457.8399963378906,446.3746337890625,1360700,0.0,0.0
2023-07-06 00:00:00-04:00,450.3999938964844,453.8599853515625,444.19000244140625,451.5,440.193359375,1156700,0.0,0.0
2023-07-07 00:00:00-04:00,450.7300109863281,457.4200134277344,447.8299865722656,448.19000244140625,437.7224426269531,847800,0.78,0.0
2023-07-10 00:00:00-04:00,447.489990234375,466.5899963378906,447.010009765625,464.3299865722656,453.48553466796875,2217700,0.0,0.0
2023-07-11 00:00:00-04:00,465.6499938964844,466.8800048828125,455.55999755859375,463.70001220703125,452.87017822265625,1176500,0.0,0.0
2023-07-12 00:00:00-04:00,472.260009765625,478.42999267578125,469.2300109863281,476.8399963378906,465.70330810546875,1681500,0.0,0.0
2023-07-13 00:00:00-04:00,480.1499938964844,483.6099853515625,478.6499938964844,481.3500061035156,470.1079406738281,1477600,0.0,0.0
2023-07-14 00:00:00-04:00,479.0,486.4800109863281,478.42999267578125,483.989990234375,472.686279296875,1158100,0.0,0.0
2023-07-17 00:00:00-04:00,481.95001220703125,492.739990234375,480.4800109863281,490.82000732421875,479.3567810058594,1330500,0.0,0.0
2023-07-18 00:00:00-04:00,490.79998779296875,497.69000244140625,488.5,495.42999267578125,483.859130859375,1242700,0.0,0.0
2023-07-19 00:00:00-04:00,503.8699951171875,508.0899963378906,498.25,500.55999755859375,488.8692932128906,2003800,0.0,0.0
2023-07-20 00:00:00-04:00,498.1300048828125,503.3900146484375,490.92999267578125,491.7799987792969,480.29443359375,1277000,0.0,0.0
2023-07-21 00:00:00-04:00,496.8599853515625,501.94000244140625,491.92999267578125,492.5199890136719,481.0171203613281,4574000,0.0,0.0
2023-07-24 00:00:00-04:00,496.5899963378906,498.57000732421875,485.9200134277344,488.5,477.09100341796875,1251600,0.0,0.0
2023-07-25 00:00:00-04:00,488.7900085449219,499.8399963378906,488.7900085449219,496.4700012207031,484.87481689453125,1122700,0.0,0.0
2023-07-26 00:00:00-04:00,492.70001220703125,498.7699890136719,491.8999938964844,496.8599853515625,485.2557678222656,1760900,0.0,0.0
2023-07-27 00:00:00-04:00,504.1300048828125,505.79998779296875,494.7900085449219,496.5299987792969,484.9334716796875,1620300,0.0,0.0
2023-07-28 00:00:00-04:00,501.489990234375,513.219970703125,501.489990234375,511.8399963378906,499.8858642578125,1867100,0.0,0.0
2023-07-31 00:00:00-04:00,511.54998779296875,514.1400146484375,508.55999755859375,511.70001220703125,499.7491455078125,1531100,0.0,0.0
2023-08-01 00:00:00-04:00,510.55999755859375,510.55999755859375,502.8299865722656,508.5,496.6238098144531,1495700,0.0,0.0
2023-08-02 00:00:00-04:00,501.7699890136719,503.3299865722656,492.82000732421875,498.04998779296875,486.41796875,1170300,0.0,0.0
2023-08-03 00:00:00-04:00,495.3399963378906,500.32000732421875,490.9599914550781,496.9800109863281,485.37298583984375,911200,0.0,0.0
2023-08-04 00:00:00-04:00,503.2300109863281,508.8699951171875,496.2699890136719,496.9800109863281,485.37298583984375,1179000,0.0,0.0
2023-08-07 00:00:00-04:00,500.3500061035156,505.92999267578125,499.8299865722656,505.260009765625,493.45953369140625,784200,0.0,0.0
2023-08-08 00:00:00-04:00,499.7900085449219,501.45001220703125,491.1300048828125,500.80999755859375,489.1134948730469,987100,0.0,0.0
2023-08-09 00:00:00-04:00,501.2799987792969,503.1499938964844,494.0899963378906,496.70001220703125,485.0994873046875,1081600,0.0,0.0
2023-08-10 00:00:00-04:00,504.0,510.75,498.3399963378906,501.4700012207031,489.7580871582031,1012700,0.0,0.0
2023-08-11 00:00:00-04:00,497.80999755859375,503.79998779296875,496.239990234375,497.7699890136719,486.1445007324219,1005500,0.0,0.0
2023-08-14 00:00:00-04:00,497.54998779296875,506.70001220703125,495.25,505.79998779296875,493.9869384765625,1453200,0.0,0.0
2023-08-15 00:00:00-04:00,502.3500061035156,506.1600036621094,495.7900085449219,497.17999267578125,485.5682373046875,1136700,0.0,0.0
2023-08-16 00:00:00-04:00,497.1099853515625,504.0899963378906,495.489990234375,495.6499938964844,484.073974609375,1056300,0.0,0.0
2023-08-17 00:00:00-04:00,495.8500061035156,496.80999755859375,485.1499938964844,486.45001220703125,475.0888671875,1098600,0.0,0.0
2023-08-18 00:00:00-04:00,479.9100036621094,488.7699890136719,477.760009765625,485.9599914550781,474.61029052734375,954400,0.0,0.0
2023-08-21 00:00:00-04:00,487.7699890136719,490.0,481.8800048828125,488.260009765625,476.8566589355469,1206100,0.0,0.0
2023-08-22 00:00:00-04:00,490.17999267578125,494.42999267578125,485.9599914550781,487.8999938964844,476.5050048828125,898700,0.0,0.0
2023-08-23 00:00:00-04:00,489.2699890136719,503.1199951171875,489.2699890136719,500.8599853515625,489.1623229980469,1458600,0.0,0.0
2023-08-24 00:00:00-04:00,504.4200134277344,508.54998779296875,496.45001220703125,498.5,486.8574523925781,2217600,0.0,0.0
2023-08-25 00:00:00-04:00,494.239990234375,521.8200073242188,494.239990234375,519.0499877929688,506.927490234375,2457300,0.0,0.0
2023-08-28 00:00:00-04:00,519.0499877929688,522.6699829101562,513.8300170898438,518.8699951171875,506.7516784667969,1307800,0.0,0.0
2023-08-29 00:00:00-04:00,517.8499755859375,537.469970703125,516.6300048828125,536.489990234375,523.960205078125,1570200,0.0,0.0
2023-08-30 00:00:00-04:00,537.7000122070312,543.0,536.280029296875,540.5800170898438,527.95458984375,1688000,0.0,0.0
2023-08-31 00:00:00-04:00,540.5800170898438,545.0,534.5900268554688,541.8099975585938,529.156005859375,1776200,0.0,0.0
2023-09-01 00:00:00-04:00,545.3300170898438,549.8499755859375,540.4600219726562,549.5999755859375,536.7639770507812,1336500,0.0,0.0
2023-09-05 00:00:00-04:00,548.6400146484375,555.0,545.5399780273438,550.5800170898438,537.7210693359375,1372200,0.0,0.0
2023-09-06 00:00:00-04:00,549.4199829101562,553.6199951171875,545.6099853515625,550.9500122070312,538.0825805664062,1237000,0.0,0.0
2023-09-07 00:00:00-04:00,549.8200073242188,557.4600219726562,547.9199829101562,553.6099853515625,540.6802368164062,1209700,0.0,0.0
2023-09-08 00:00:00-04:00,552.3099975585938,558.6400146484375,549.77001953125,550.5599975585938,537.701416015625,1245000,0.0,0.0
2023-09-11 00:00:00-04:00,551.2100219726562,553.6900024414062,547.97998046875,549.2999877929688,536.470947265625,1242500,0.0,0.0
2023-09-12 00:00:00-04:00,543.0,547.719970703125,540.010009765625,546.0,533.248046875,1312600,0.0,0.0
2023-09-13 00:00:00-04:00,544.239990234375,545.6500244140625,538.8599853515625,541.9500122070312,529.292724609375,1136200,0.0,0.0
2023-09-14 00:00:00-04:00,545.1199951171875,549.52001953125,537.9600219726562,547.5999755859375,534.8106689453125,973400,0.0,0.0
2023-09-15 00:00:00-04:00,548.1400146484375,548.1500244140625,537.010009765625,538.0800170898438,525.51318359375,2445500,0.0,0.0
2023-09-18 00:00:00-04:00,536.3200073242188,538.4299926757812,533.75,535.010009765625,522.5147705078125,886900,0.0,0.0
2023-09-19 00:00:00-04:00,530.1300048828125,530.8400268554688,526.1300048828125,529.1900024414062,516.8307495117188,1026400,0.0,0.0
2023-09-20 00:00:00-04:00,531.0999755859375,531.4199829101562,523.4099731445312,523.5900268554688,511.361572265625,945300,0.0,0.0
2023-09-21 00:00:00-04:00,519.5800170898438,521.3699951171875,503.3599853515625,504.3699951171875,492.59033203125,1729200,0.0,0.0
2023-09-22 00:00:00-04:00,504.0,512.1400146484375,500.6600036621094,508.57000732421875,496.6922302246094,1233800,0.0,0.0
2023-09-25 00:00:00-04:00,506.2099914550781,511.20001220703125,504.3500061035156,508.30999755859375,496.43829345703125,1279200,0.0,0.0
2023-09-26 00:00:00-04:00,507.5400085449219,508.8699951171875,500.19000244140625,503.19000244140625,491.4379577636719,1233600,0.0,0.0
2023-09-27 00:00:00-04:00,507.5799865722656,511.42999267578125,502.9700012207031,508.239990234375,496.3699645996094,1260200,0.0,0.0
2023-09-28 00:00:00-04:00,504.4599914550781,517.6699829101562,501.17999267578125,512.239990234375,500.27655029296875,1262700,0.0,0.0
2023-09-29 00:00:00-04:00,522.030029296875,524.1199951171875,507.989990234375,510.94000244140625,499.0068664550781,1499600,0.0,0.0
2023-10-02 00:00:00-04:00,510.8299865722656,518.27001953125,508.9200134277344,517.7999877929688,505.7066650390625,1621600,0.0,0.0
2023-10-03 00:00:00-04:00,511.2900085449219,518.469970703125,504.3800048828125,507.4800109863281,495.6277160644531,1741600,0.0,0.0
2023-10-04 00:00:00-04:00,513.3400268554688,519.9000244140625,508.6700134277344,517.4600219726562,505.3746643066406,1561000,0.0,0.0
2023-10-05 00:00:00-04:00,516.0,520.0800170898438,510.55999755859375,516.2999877929688,505.1202087402344,1118700,0.9,0.0
2023-10-06 00:00:00-04:00,512.0,534.6599731445312,511.2799987792969,533.2999877929688,521.752197265625,1766700,0.0,0.0
2023-10-09 00:00:00-04:00,527.760009765625,535.5499877929688,526.25,534.9099731445312,523.3271484375,1047700,0.0,0.0
2023-10-10 00:00:00-04:00,532.1500244140625,545.260009765625,530.6599731445312,540.1099853515625,528.4146728515625,1369300,0.0,0.0
2023-10-11 00:00:00-04:00,541.6500244140625,544.6099853515625,536.760009765625,541.5800170898438,529.8529052734375,884200,0.0,0.0
2023-10-12 00:00:00-04:00,545.0900268554688,550.1199951171875,540.6199951171875,543.4099731445312,531.6431274414062,1520700,0.0,0.0
2023-10-13 00:00:00-04:00,543.4099731445312,545.6300048828125,530.2999877929688,533.0499877929688,521.5075073242188,1627000,0.0,0.0
2023-10-16 00:00:00-04:00,539.8400268554688,543.5,534.469970703125,540.9000244140625,529.1875610351562,1063900,0.0,0.0
2023-10-17 00:00:00-04:00,535.969970703125,546.0700073242188,533.0599975585938,538.780029296875,527.113525390625,1396100,0.0,0.0
2023-10-18 00:00:00-04:00,535.2999877929688,537.1500244140625,525.5700073242188,527.4199829101562,515.99951171875,1143100,0.0,0.0
2023-10-19 00:00:00-04:00,530.5,534.0900268554688,519.9000244140625,521.52001953125,510.22723388671875,1328300,0.0,0.0
2023-10-20 00:00:00-04:00,520.2899780273438,521.5399780273438,504.7699890136719,506.80999755859375,495.8357238769531,1873300,0.0,0.0
2023-10-23 00:00:00-04:00,505.0,513.1099853515625,498.4800109863281,504.0299987792969,493.11590576171875,1523300,0.0,0.0
2023-10-24 00:00:00-04:00,506.489990234375,513.1400146484375,499.45001220703125,505.82000732421875,494.8671875,958900,0.0,0.0
2023-10-25 00:00:00-04:00,500.3999938964844,500.6000061035156,482.2799987792969,483.0299987792969,472.5706481933594,2459400,0.0,0.0
2023-10-26 00:00:00-04:00,483.0,486.9200134277344,473.55999755859375,479.45001220703125,469.0682373046875,1584400,0.0,0.0
2023-10-27 00:00:00-04:00,479.6400146484375,482.510009765625,473.8900146484375,479.5199890136719,469.13671875,1563800,0.0,0.0
2023-10-30 00:00:00-04:00,483.69000244140625,489.69000244140625,481.7900085449219,487.5,476.94390869140625,1410200,0.0,0.0
2023-10-31 00:00:00-04:00,489.0199890136719,496.6000061035156,485.45001220703125,494.95001220703125,484.2325439453125,1071900,0.0,0.0
2023-11-01 00:00:00-04:00,492.69000244140625,493.510009765625,481.94000244140625,489.1700134277344,478.57769775390625,2041200,0.0,0.0
2023-11-02 00:00:00-04:00,498.9100036621094,504.0,490.3500061035156,500.3500061035156,489.51556396484375,1509200,0.0,0.0
2023-11-03 00:00:00-04:00,492.8800048828125,502.9599914550781,489.54998779296875,498.510009765625,487.71551513671875,2419600,0.0,0.0
2023-11-06 00:00:00-05:00,499.0799865722656,500.6199951171875,494.3500061035156,500.5,489.662353515625,1475500,0.0,0.0
2023-11-07 00:00:00-05:00,508.17999267578125,517.3300170898438,506.9700012207031,513.9099731445312,502.7820129394531,1409200,0.0,0.0
2023-11-08 00:00:00-05:00,521.2100219726562,524.239990234375,515.3300170898438,522.3800048828125,511.06854248046875,1428400,0.0,0.0
2023-11-09 00:00:00-05:00,518.6400146484375,527.27001953125,513.969970703125,514.5399780273438,503.39837646484375,1384000,0.0,0.0
2023-11-10 00:00:00-05:00,519.530029296875,530.0800170898438,516.25,528.8900146484375,517.4375610351562,1147800,0.0,0.0
2023-11-13 00:00:00-05:00,525.6300048828125,534.4299926757812,523.3200073242188,532.1799926757812,520.656494140625,1177100,0.0,0.0
2023-11-14 00:00:00-05:00,541.4000244140625,557.989990234375,541.4000244140625,555.52001953125,543.4910278320312,2005700,0.0,0.0
2023-11-15 00:00:00-05:00,558.989990234375,567.030029296875,554.6799926757812,555.5399780273438,543.5105590820312,1711300,0.0,0.0
2023-11-16 00:00:00-05:00,557.2100219726562,560.47998046875,552.6799926757812,556.9500122070312,544.8900756835938,1198400,0.0,0.0
2023-11-17 00:00:00-05:00,556.6400146484375,561.1900024414062,554.02001953125,560.1599731445312,548.0304565429688,1127100,0.0,0.0
2023-11-20 00:00:00-05:00,564.0,565.5900268554688,558.8400268554688,564.5,552.2765502929688,1008800,0.0,0.0
2023-11-21 00:00:00-05:00,560.0900268554688,564.9000244140625,560.0,562.1799926757812,550.0067749023438,1001000,0.0,0.0
2023-11-22 00:00:00-05:00,567.989990234375,571.8200073242188,563.489990234375,564.22998046875,552.0123901367188,899300,0.0,0.0
2023-11-24 00:00:00-05:00,562.489990234375,564.9199829101562,560.0499877929688,564.0700073242188,551.8560180664062,607300,0.0,0.0
2023-11-27 00:00:00-05:00,561.9099731445312,566.280029296875,559.0,561.22998046875,549.0773315429688,1633600,0.0,0.0
2023-11-28 00:00:00-05:00,559.5999755859375,567.1500244140625,557.9500122070312,565.0700073242188,552.834228515625,1745500,0.0,0.0
2023-11-29 00:00:00-05:00,582.989990234375,599.0,575.9000244140625,577.22998046875,564.7307739257812,2489600,0.0,0.0
2023-11-30 00:00:00-05:00,577.3900146484375,582.1599731445312,565.6900024414062,571.4600219726562,559.0859375,1941100,0.0,0.0
2023-12-01 00:00:00-05:00,571.4000244140625,576.6799926757812,564.4500122070312,574.3200073242188,561.8838500976562,1334000,0.0,0.0
2023-12-04 00:00:00-05:00,568.6199951171875,571.1799926757812,560.6799926757812,570.469970703125,558.1172485351562,1335800,0.0,0.0
2023-12-05 00:00:00-05:00,565.3400268554688,572.27001953125,563.3900146484375,571.780029296875,559.39892578125,988900,0.0,0.0
2023-12-06 00:00:00-05:00,575.4000244140625,576.219970703125,565.7000122070312,566.22998046875,553.9690551757812,1109500,0.0,0.0
2023-12-07 00:00:00-05:00,570.22998046875,573.0,564.8699951171875,571.489990234375,559.1151123046875,898900,0.0,0.0
2023-12-08 00:00:00-05:00,566.1599731445312,574.6300048828125,564.3900146484375,573.9000244140625,561.4730224609375,1195200,0.0,0.0
2023-12-11 00:00:00-05:00,577.3200073242188,589.0599975585938,577.0,586.6599731445312,573.956787109375,1617300,0.0,0.0
2023-12-12 00:00:00-05:00,588.27001953125,594.8699951171875,583.5399780273438,594.1799926757812,581.3137817382812,1252000,0.0,0.0
2023-12-13 00:00:00-05:00,598.0499877929688,610.4299926757812,593.7100219726562,610.219970703125,597.0065307617188,1606600,0.0,0.0
2023-12-14 00:00:00-05:00,614.6900024414062,617.6099853515625,595.9600219726562,601.1799926757812,588.1622924804688,2546800,0.0,0.0
2023-12-15 00:00:00-05:00,602.0999755859375,611.8699951171875,602.0999755859375,608.510009765625,595.3336181640625,3455500,0.0,0.0
2023-12-18 00:00:00-05:00,610.3800048828125,620.2899780273438,609.739990234375,618.4299926757812,605.0387573242188,1538700,0.0,0.0
2023-12-19 00:00:00-05:00,615.47998046875,622.2100219726562,614.7100219726562,621.4600219726562,608.0031127929688,1252100,0.0,0.0
2023-12-20 00:00:00-05:00,619.02001953125,627.8300170898438,615.5,615.7100219726562,602.377685546875,1536500,0.0,0.0
2023-12-21 00:00:00-05:00,620.0,623.6199951171875,618.1799926757812,620.989990234375,607.5433959960938,1000900,0.0,0.0
2023-12-22 00:00:00-05:00,622.8300170898438,625.1500244140625,617.6799926757812,624.0700073242188,610.556640625,820800,0.0,0.0
2023-12-26 00:00:00-05:00,625.1699829101562,628.3300170898438,622.72998046875,624.8499755859375,611.3197631835938,638300,0.0,0.0
2023-12-27 00:00:00-05:00,623.989990234375,629.7999877929688,622.260009765625,629.1199951171875,615.4972534179688,734400,0.0,0.0
2023-12-28 00:00:00-05:00,630.739990234375,631.0700073242188,627.1799926757812,628.02001953125,614.4210815429688,680700,0.0,0.0
2023-12-29 00:00:00-05:00,628.02001953125,630.8300170898438,622.4600219726562,625.030029296875,611.4959716796875,724700,0.0,0.0
2024-01-02 00:00:00-05:00,622.25,623.0599975585938,599.6300048828125,603.760009765625,590.6864624023438,1666700,0.0,0.0
2024-01-03 00:00:00-05:00,597.5599975585938,598.3800048828125,589.4099731445312,591.1400146484375,578.3397827148438,1439400,0.0,0.0
2024-01-04 00:00:00-05:00,590.6099853515625,594.510009765625,585.8099975585938,586.8200073242188,574.1132202148438,956700,0.0,0.0
2024-01-05 00:00:00-05:00,586.8200073242188,592.1699829101562,586.1500244140625,589.02001953125,576.265625,838900,0.0,0.0
2024-01-08 00:00:00-05:00,593.0999755859375,600.5499877929688,591.9199829101562,598.3800048828125,585.4229736328125,1689700,0.0,0.0
2024-01-09 00:00:00-05:00,591.1500244140625,606.739990234375,590.1400146484375,605.1799926757812,592.9674682617188,1271100,0.9,0.0
2024-01-10 00:00:00-05:00,603.1199951171875,613.3599853515625,603.02001953125,608.7000122070312,596.4165649414062,1292400,0.0,0.0
2024-01-11 00:00:00-05:00,611.1699829101562,615.6699829101562,600.510009765625,608.7100219726562,596.4263305664062,1315200,0.0,0.0
2024-01-12 00:00:00-05:00,612.0,613.989990234375,606.0800170898438,611.7999877929688,599.4539184570312,802400,0.0,0.0
2024-01-16 00:00:00-05:00,607.75,612.9600219726562,601.219970703125,603.8300170898438,591.6447143554688,1433100,0.0,0.0
2024-01-17 00:00:00-05:00,600.5599975585938,601.8400268554688,593.2899780273438,599.8400268554688,587.7353515625,1540000,0.0,0.0
2024-01-18 00:00:00-05:00,603.4000244140625,612.1199951171875,601.7999877929688,611.3599853515625,599.0228271484375,1147700,0.0,0.0
2024-01-19 00:00:00-05:00,614.8800048828125,624.1500244140625,610.969970703125,622.1799926757812,609.62451171875,1334400,0.0,0.0
2024-01-22 00:00:00-05:00,626.5499877929688,632.4400024414062,626.0,630.6099853515625,617.8843994140625,954400,0.0,0.0
2024-01-23 00:00:00-05:00,630.5900268554688,636.6900024414062,624.1400146484375,635.8200073242188,622.9891357421875,853500,0.0,0.0
2024-01-24 00:00:00-05:00,641.75,644.72998046875,634.7999877929688,636.1799926757812,623.3419799804688,1017300,0.0,0.0
2024-01-25 00:00:00-05:00,649.469970703125,649.469970703125,637.0700073242188,641.489990234375,628.544921875,1043400,0.0,0.0
2024-01-26 00:00:00-05:00,642.7999877929688,646.2000122070312,639.7100219726562,641.3599853515625,628.4174194335938,770900,0.0,0.0
2024-01-29 00:00:00-05:00,643.0,654.02001953125,642.0900268554688,652.8800048828125,639.7048950195312,869200,0.0,0.0
2024-01-30 00:00:00-05:00,647.8900146484375,652.1400146484375,646.1300048828125,647.719970703125,634.6490478515625,1114600,0.0,0.0
2024-01-31 00:00:00-05:00,641.8300170898438,642.530029296875,626.2100219726562,631.3300170898438,618.58984375,1208500,0.0,0.0
2024-02-01 00:00:00-05:00,631.52001953125,634.8800048828125,623.2000122070312,632.8599853515625,620.0889892578125,1034100,0.0,0.0
2024-02-02 00:00:00-05:00,628.219970703125,642.530029296875,628.219970703125,639.5800170898438,626.6734008789062,1287300,0.0,0.0
2024-02-05 00:00:00-05:00,638.6799926757812,641.8599853515625,629.280029296875,640.5999755859375,627.6727905273438,1007900,0.0,0.0
2024-02-06 00:00:00-05:00,644.5900268554688,645.8499755859375,630.9500122070312,635.2999877929688,622.479736328125,908600,0.0,0.0
2024-02-07 00:00:00-05:00,640.5399780273438,649.3099975585938,636.97998046875,643.1699829101562,630.19091796875,970400,0.0,0.0
2024-02-08 00:00:00-05:00,646.4299926757812,654.239990234375,643.1699829101562,653.0700073242188,639.8912353515625,1005700,0.0,0.0
2024-02-09 00:00:00-05:00,657.530029296875,662.8300170898438,654.6900024414062,658.1599731445312,644.87841796875,1005100,0.0,0.0
2024-02-12 00:00:00-05:00,655.719970703125,659.719970703125,651.8900146484375,656.989990234375,643.73193359375,1279100,0.0,0.0
2024-02-13 00:00:00-05:00,634.530029296875,646.4000244140625,628.7000122070312,638.2899780273438,625.4093627929688,1785100,0.0,0.0
2024-02-14 00:00:00-05:00,642.989990234375,657.6500244140625,642.989990234375,657.1300048828125,643.8692016601562,1285400,0.0,0.0
2024-02-15 00:00:00-05:00,662.6599731445312,664.8300170898438,657.0,664.280029296875,650.8749389648438,1438000,0.0,0.0
2024-02-16 00:00:00-05:00,662.9600219726562,663.0,651.1199951171875,655.739990234375,642.5072631835938,1336800,0.0,0.0
2024-02-20 00:00:00-05:00,650.7100219726562,655.4400024414062,641.0499877929688,645.9099731445312,632.8755493164062,1470600,0.0,0.0
2024-02-21 00:00:00-05:00,640.5,643.8400268554688,630.52001953125,638.27001953125,625.3897705078125,1144700,0.0,0.0
2024-02-22 00:00:00-05:00,650.0800170898438,659.3800048828125,649.52001953125,657.9199829101562,644.6432495117188,1975600,0.0,0.0
2024-02-23 00:00:00-05:00,652.760009765625,668.239990234375,646.1500244140625,659.8099975585938,646.4950561523438,1740400,0.0,0.0
2024-02-26 00:00:00-05:00,659.0399780273438,668.2899780273438,651.4600219726562,663.8400268554688,650.44384765625,1579400,0.0,0.0
2024-02-27 00:00:00-05:00,665.0,670.72998046875,661.3300170898438,669.3599853515625,655.8524780273438,1059200,0.0,0.0
2024-02-28 00:00:00-05:00,661.9000244140625,665.72998046875,656.260009765625,659.1599731445312,645.8582763671875,1059700,0.0,0.0
2024-02-29 00:00:00-05:00,661.52001953125,667.5700073242188,660.0,662.8900146484375,649.5130004882812,1934100,0.0,0.0
2024-03-01 00:00:00-05:00,659.0499877929688,667.1099853515625,656.219970703125,666.52001953125,653.06982421875,1003900,0.0,0.0
2024-03-04 00:00:00-05:00,664.3400268554688,671.010009765625,660.5999755859375,668.4099731445312,654.921630859375,896700,0.0,0.0
2024-03-05 00:00:00-05:00,664.6599731445312,665.52001953125,631.5999755859375,639.72998046875,626.8203125,1382000,0.0,0.0
2024-03-06 00:00:00-05:00,645.77001953125,650.97998046875,640.2999877929688,650.280029296875,637.157470703125,1070900,0.0,0.0
2024-03-07 00:00:00-05:00,656.0,657.0,646.5599975585938,649.3400268554688,636.236328125,903200,0.0,0.0
2024-03-08 00:00:00-05:00,644.1500244140625,657.2000122070312,641.8800048828125,651.72998046875,638.5781860351562,1054500,0.0,0.0
2024-03-11 00:00:00-04:00,649.1500244140625,653.1599731445312,638.6099853515625,650.8699951171875,637.7355346679688,1045700,0.0,0.0
2024-03-12 00:00:00-04:00,655.72998046875,666.4600219726562,647.6300048828125,662.6400146484375,649.2680053710938,1097300,0.0,0.0
2024-03-13 00:00:00-04:00,660.0,661.5499877929688,653.6799926757812,655.0700073242188,641.850830078125,954900,0.0,0.0
2024-03-14 00:00:00-04:00,660.0,660.0,645.5599975585938,650.0399780273438,636.9222412109375,1129100,0.0,0.0
2024-03-15 00:00:00-04:00,645.489990234375,649.0,621.0399780273438,625.52001953125,612.8971557617188,3145800,0.0,0.0
2024-03-18 00:00:00-04:00,630.1900024414062,636.75,628.9600219726562,630.3900146484375,617.668701171875,1811000,0.0,0.0
2024-03-19 00:00:00-04:00,631.5,635.3400268554688,625.5900268554688,634.5499877929688,621.7448120117188,1675700,0.0,0.0
2024-03-20 00:00:00-04:00,635.1900024414062,642.1799926757812,633.3099975585938,639.6500244140625,626.7420654296875,1335500,0.0,0.0
2024-03-21 00:00:00-04:00,643.510009765625,659.1199951171875,640.5,651.2899780273438,638.1470947265625,1347500,0.0,0.0
2024-03-22 00:00:00-04:00,649.47998046875,650.5900268554688,639.4199829101562,643.739990234375,630.7493896484375,838600,0.0,0.0
2024-03-25 00:00:00-04:00,637.5800170898438,641.969970703125,631.9199829101562,639.0900268554688,626.1932983398438,1020900,0.0,0.0
2024-03-26 00:00:00-04:00,642.1599731445312,644.1099853515625,638.9600219726562,640.0499877929688,627.1339111328125,1002100,0.0,0.0
2024-03-27 00:00:00-04:00,645.8200073242188,649.969970703125,640.489990234375,648.739990234375,635.6484985351562,1119700,0.0,0.0
2024-03-28 00:00:00-04:00,650.9099731445312,655.0,647.72998046875,650.0,636.883056640625,1163200,0.0,0.0
2024-04-01 00:00:00-04:00,653.1300048828125,654.4000244140625,635.8800048828125,639.8400268554688,626.9280395507812,697000,0.0,0.0
2024-04-02 00:00:00-04:00,630.4400024414062,630.4400024414062,622.2899780273438,626.5900268554688,613.945556640625,2119200,0.0,0.0
2024-04-03 00:00:00-04:00,626.5900268554688,632.8599853515625,621.4500122070312,623.0,610.4279174804688,1566500,0.0,0.0
2024-04-04 00:00:00-04:00,633.780029296875,637.0599975585938,620.3300170898438,621.280029296875,608.74267578125,1293300,0.0,0.0
2024-04-05 00:00:00-04:00,623.5,637.25,621.5499877929688,635.739990234375,622.910888671875,1619800,0.0,0.0
2024-04-08 00:00:00-04:00,639.1699829101562,647.3900146484375,637.0800170898438,645.280029296875,632.2582397460938,1016600,0.0,0.0
2024-04-09 00:00:00-04:00,650.0,650.4199829101562,636.3200073242188,644.0900268554688,631.9737548828125,847600,0.9,0.0
2024-04-10 00:00:00-04:00,630.739990234375,635.280029296875,626.5499877929688,628.3599853515625,616.5396728515625,962100,0.0,0.0
2024-04-11 00:00:00-04:00,630.9299926757812,633.7100219726562,623.8300170898438,627.7100219726562,615.9019165039062,1612700,0.0,0.0
2024-04-12 00:00:00-04:00,618.489990234375,626.22998046875,616.0900268554688,621.1099853515625,609.4260864257812,1454600,0.0,0.0
2024-04-15 00:00:00-04:00,629.280029296875,630.0,610.489990234375,612.1199951171875,600.605224609375,1065800,0.0,0.0
2024-04-16 00:00:00-04:00,613.6500244140625,618.5599975585938,610.9199829101562,611.489990234375,599.987060546875,1264800,0.0,0.0
2024-04-17 00:00:00-04:00,615.3900146484375,617.7999877929688,611.8400268554688,613.2100219726562,601.6747436523438,1117400,0.0,0.0
2024-04-18 00:00:00-04:00,616.8900146484375,616.8900146484375,606.280029296875,608.3800048828125,596.935546875,790900,0.0,0.0
2024-04-19 00:00:00-04:00,609.1300048828125,611.1900024414062,598.010009765625,605.1699829101562,593.7860107421875,1608900,0.0,0.0
2024-04-22 00:00:00-04:00,608.4600219726562,614.0700073242188,600.9000244140625,609.77001953125,598.2994384765625,1056800,0.0,0.0
2024-04-23 00:00:00-04:00,615.1199951171875,632.8300170898438,612.0700073242188,630.8800048828125,619.0122680664062,1461900,0.0,0.0
2024-04-24 00:00:00-04:00,623.5,642.1099853515625,622.5599975585938,635.489990234375,623.5355834960938,1378200,0.0,0.0
2024-04-25 00:00:00-04:00,630.6599731445312,632.8200073242188,619.7899780273438,626.3900146484375,614.6068725585938,1243000,0.0,0.0
2024-04-26 00:00:00-04:00,627.0700073242188,640.1300048828125,626.5900268554688,636.5499877929688,624.57568359375,1192500,0.0,0.0
2024-04-29 00:00:00-04:00,637.3300170898438,644.989990234375,634.3800048828125,638.3900146484375,626.3810424804688,886500,0.0,0.0
2024-04-30 00:00:00-04:00,637.010009765625,637.9199829101562,625.22998046875,625.6199951171875,613.8512573242188,1309700,0.0,0.0
2024-05-01 00:00:00-04:00,625.1300048828125,629.6599731445312,610.0399780273438,615.2000122070312,603.627197265625,1199100,0.0,0.0
2024-05-02 00:00:00-04:00,617.0599975585938,620.8599853515625,607.2899780273438,614.0399780273438,602.4890747070312,1103500,0.0,0.0
2024-05-03 00:00:00-04:00,623.780029296875,631.3900146484375,622.1500244140625,629.27001953125,617.4326171875,1109500,0.0,0.0
2024-05-06 00:00:00-04:00,632.27001953125,635.0,627.5800170898438,634.6400146484375,622.7015380859375,802900,0.0,0.0
2024-05-07 00:00:00-04:00,635.0900268554688,641.6099853515625,631.3099975585938,641.1500244140625,629.0890502929688,757700,0.0,0.0
2024-05-08 00:00:00-04:00,641.1500244140625,641.4299926757812,629.530029296875,632.4299926757812,620.5330810546875,889800,0.0,0.0
2024-05-09 00:00:00-04:00,632.4299926757812,633.8800048828125,624.2100219726562,626.8599853515625,615.06787109375,1292700,0.0,0.0
2024-05-10 00:00:00-04:00,628.5999755859375,637.8800048828125,628.010009765625,632.3099975585938,620.4153442382812,917400,0.0,0.0
2024-05-13 00:00:00-04:00,638.1699829101562,638.1699829101562,625.8699951171875,627.1900024414062,615.3916625976562,916200,0.0,0.0
2024-05-14 00:00:00-04:00,624.7100219726562,637.4600219726562,623.1599731445312,635.4199829101562,623.4669189453125,879700,0.0,0.0
2024-05-15 00:00:00-04:00,643.9000244140625,656.9000244140625,642.0,655.1300048828125,642.8060913085938,1082800,0.0,0.0
2024-05-16 00:00:00-04:00,654.6900024414062,658.2899780273438,651.8300170898438,653.3699951171875,641.0792236328125,957200,0.0,0.0
2024-05-17 00:00:00-04:00,655.25,661.75,654.719970703125,661.1799926757812,648.7423095703125,774700,0.0,0.0
2024-05-20 00:00:00-04:00,659.8800048828125,671.489990234375,659.469970703125,670.1500244140625,657.5435791015625,931500,0.0,0.0
2024-05-21 00:00:00-04:00,670.5999755859375,670.5999755859375,665.1300048828125,667.8200073242188,655.2573852539062,1092000,0.0,0.0
2024-05-22 00:00:00-04:00,670.3800048828125,673.6300048828125,666.2000122070312,670.27001953125,657.661376953125,987000,0.0,0.0
2024-05-23 00:00:00-04:00,675.0,676.6199951171875,659.5,662.260009765625,649.8020629882812,1886200,0.0,0.0
2024-05-24 00:00:00-04:00,621.0,624.0,600.489990234375,606.989990234375,595.5716552734375,4252600,0.0,0.0
2024-05-28 00:00:00-04:00,604.5800170898438,605.0999755859375,592.1400146484375,600.02001953125,588.7327270507812,2640000,0.0,0.0
2024-05-29 00:00:00-04:00,593.2000122070312,611.2999877929688,593.2000122070312,598.280029296875,587.0255126953125,1892800,0.0,0.0
2024-05-30 00:00:00-04:00,588.4600219726562,588.4600219726562,560.9099731445312,562.969970703125,552.3796997070312,3409600,0.0,0.0
2024-05-31 00:00:00-04:00,561.75,577.4099731445312,557.2899780273438,576.4400024414062,565.5963745117188,3136200,0.0,0.0
2024-06-03 00:00:00-04:00,575.6099853515625,576.52001953125,562.6099853515625,567.219970703125,556.5497436523438,1566900,0.0,0.0
2024-06-04 00:00:00-04:00,568.3800048828125,574.3499755859375,563.7000122070312,572.0599975585938,561.2987670898438,1171900,0.0,0.0
2024-06-05 00:00:00-04:00,571.8800048828125,574.8400268554688,560.530029296875,574.27001953125,563.4671630859375,1595800,0.0,0.0
2024-06-06 00:00:00-04:00,573.739990234375,575.5999755859375,570.010009765625,572.6500244140625,561.8777465820312,1448700,0.0,0.0
2024-06-07 00:00:00-04:00,572.6699829101562,576.2899780273438,566.4600219726562,573.9000244140625,563.1041870117188,1048600,0.0,0.0
2024-06-10 00:00:00-04:00,569.4299926757812,572.719970703125,565.77001953125,567.239990234375,556.5694580078125,1567000,0.0,0.0
2024-06-11 00:00:00-04:00,565.0,569.4199829101562,562.5700073242188,566.7000122070312,556.0396118164062,1571000,0.0,0.0
2024-06-12 00:00:00-04:00,580.0,602.6699829101562,578.6500244140625,592.219970703125,581.0794677734375,2591800,0.0,0.0
2024-06-13 00:00:00-04:00,594.530029296875,600.4099731445312,586.030029296875,594.6199951171875,583.4343872070312,2132100,0.0,0.0
2024-06-14 00:00:00-04:00,598.4000244140625,599.97998046875,594.5900268554688,595.7000122070312,584.4940795898438,1070500,0.0,0.0
2024-06-17 00:00:00-04:00,589.8400268554688,604.6300048828125,586.25,602.52001953125,591.1858520507812,1248700,0.0,0.0
2024-06-18 00:00:00-04:00,603.72998046875,610.4500122070312,601.9000244140625,609.6799926757812,598.2110595703125,1375900,0.0,0.0
2024-06-20 00:00:00-04:00,610.489990234375,617.6599731445312,608.2999877929688,616.0800170898438,604.49072265625,1840000,0.0,0.0
2024-06-21 00:00:00-04:00,625.8400268554688,634.1500244140625,618.5499877929688,632.1500244140625,620.2584228515625,3682500,0.0,0.0
2024-06-24 00:00:00-04:00,630.719970703125,633.719970703125,622.4600219726562,623.8800048828125,612.14404296875,1606000,0.0,0.0
2024-06-25 00:00:00-04:00,629.1699829101562,630.5499877929688,624.3900146484375,630.469970703125,618.6099853515625,1271900,0.0,0.0
2024-06-26 00:00:00-04:00,628.0,638.6500244140625,624.489990234375,637.47998046875,625.4881591796875,1169600,0.0,0.0
2024-06-27 00:00:00-04:00,639.0800170898438,657.1599731445312,635.510009765625,651.4400024414062,639.185546875,1478000,0.0,0.0
2024-06-28 00:00:00-04:00,652.0,662.510009765625,647.97998046875,657.2100219726562,644.8470458984375,1754000,0.0,0.0
2024-07-01 00:00:00-04:00,652.510009765625,653.1300048828125,642.47998046875,650.77001953125,638.5281372070312,1195000,0.0,0.0
2024-07-02 00:00:00-04:00,651.0,657.0,649.6900024414062,656.219970703125,643.8755493164062,951100,0.0,0.0
2024-07-03 00:00:00-04:00,651.27001953125,662.4400024414062,650.5499877929688,659.9000244140625,647.4864501953125,931900,0.0,0.0
2024-07-05 00:00:00-04:00,655.0,674.3400268554688,653.3599853515625,668.75,656.1698608398438,1517100,0.0,0.0
2024-07-08 00:00:00-04:00,660.5800170898438,663.0900268554688,655.9400024414062,659.5800170898438,647.1724243164062,1022500,0.0,0.0
2024-07-09 00:00:00-04:00,659.5800170898438,660.0,649.0900268554688,650.4199829101562,638.184814453125,861300,0.0,0.0
2024-07-10 00:00:00-04:00,636.6900024414062,636.6900024414062,622.6500244140625,632.8400268554688,621.7958374023438,1962600,0.9,0.0
2024-07-11 00:00:00-04:00,638.5900268554688,643.1699829101562,627.219970703125,629.4099731445312,618.4256591796875,1234600,0.0,0.0
2024-07-12 00:00:00-04:00,631.6400146484375,646.0999755859375,629.5999755859375,641.9500122070312,630.746826171875,1044900,0.0,0.0
2024-07-15 00:00:00-04:00,641.0399780273438,658.5399780273438,640.1799926757812,658.1799926757812,646.6935424804688,1043700,0.0,0.0
2024-07-16 00:00:00-04:00,660.0,668.6400146484375,655.530029296875,666.1500244140625,654.5245361328125,988700,0.0,0.0
2024-07-17 00:00:00-04:00,663.0700073242188,666.3200073242188,658.0599975585938,658.9099731445312,647.4109497070312,1156300,0.0,0.0
2024-07-18 00:00:00-04:00,661.6599731445312,661.6599731445312,632.7000122070312,637.469970703125,626.344970703125,1383900,0.0,0.0
2024-07-19 00:00:00-04:00,638.780029296875,640.4500122070312,632.4000244140625,636.5599975585938,625.4508056640625,1056400,0.0,0.0
2024-07-22 00:00:00-04:00,643.6099853515625,645.97998046875,635.9099731445312,644.52001953125,633.2720947265625,1473500,0.0,0.0
2024-07-23 00:00:00-04:00,643.6799926757812,648.260009765625,636.6099853515625,637.0999755859375,625.9814453125,1193600,0.0,0.0
2024-07-24 00:00:00-04:00,629.8200073242188,637.0599975585938,619.0999755859375,620.239990234375,609.4157104492188,1590200,0.0,0.0
2024-07-25 00:00:00-04:00,629.8699951171875,641.1199951171875,620.27001953125,626.3200073242188,615.3896484375,1241000,0.0,0.0
2024-07-26 00:00:00-04:00,632.5999755859375,643.5,628.4000244140625,633.3599853515625,622.3068237304688,987100,0.0,0.0
2024-07-29 00:00:00-04:00,637.4500122070312,642.6400146484375,629.5900268554688,636.3599853515625,625.2543334960938,1242200,0.0,0.0
2024-07-30 00:00:00-04:00,640.0,645.47998046875,629.530029296875,635.7999877929688,624.7042236328125,1064200,0.0,0.0
2024-07-31 00:00:00-04:00,652.0,662.6699829101562,641.9099731445312,647.3499755859375,636.0525512695312,1423900,0.0,0.0
2024-08-01 00:00:00-04:00,647.0,660.2100219726562,630.0900268554688,637.8200073242188,626.6889038085938,1301200,0.0,0.0
2024-08-02 00:00:00-04:00,626.9400024414062,626.9400024414062,611.0900268554688,623.9199829101562,613.031494140625,1788700,0.0,0.0
2024-08-05 00:00:00-04:00,608.260009765625,614.77001953125,597.219970703125,602.969970703125,592.4470825195312,1786900,0.0,0.0
2024-08-06 00:00:00-04:00,610.1300048828125,622.0599975585938,607.02001953125,612.2899780273438,601.6043090820312,1339500,0.0,0.0
2024-08-07 00:00:00-04:00,622.9600219726562,630.1199951171875,608.030029296875,609.4500122070312,598.8140258789062,1123400,0.0,0.0
2024-08-08 00:00:00-04:00,615.52001953125,628.5399780273438,613.739990234375,626.1199951171875,615.193115234375,1042400,0.0,0.0
2024-08-09 00:00:00-04:00,625.0,634.7899780273438,622.2000122070312,630.2000122070312,619.201904296875,802800,0.0,0.0
2024-08-12 00:00:00-04:00,629.219970703125,635.2899780273438,624.8300170898438,627.4099731445312,616.4606323242188,647000,0.0,0.0
2024-08-13 00:00:00-04:00,634.6900024414062,648.5599975585938,630.010009765625,645.8300170898438,634.5591430664062,1040100,0.0,0.0
2024-08-14 00:00:00-04:00,627.27001953125,640.22998046875,625.0,636.739990234375,625.627685546875,1501200,0.0,0.0
2024-08-15 00:00:00-04:00,645.3900146484375,652.9600219726562,644.2000122070312,652.1400146484375,640.759033203125,937100,0.0,0.0
2024-08-16 00:00:00-04:00,652.6500244140625,657.2000122070312,650.9400024414062,653.530029296875,642.1246948242188,765800,0.0,0.0
2024-08-19 00:00:00-04:00,654.5,664.7100219726562,653.02001953125,663.2999877929688,651.7243041992188,1217300,0.0,0.0
2024-08-20 00:00:00-04:00,663.2999877929688,669.7000122070312,661.8800048828125,667.280029296875,655.6348876953125,1110800,0.0,0.0
2024-08-21 00:00:00-04:00,669.6900024414062,672.5399780273438,664.969970703125,670.489990234375,658.7887573242188,1256100,0.0,0.0
2024-08-22 00:00:00-04:00,673.010009765625,674.780029296875,663.1300048828125,665.2899780273438,653.6795043945312,1467700,0.0,0.0
2024-08-23 00:00:00-04:00,660.0,660.0,610.4000244140625,619.8499755859375,609.0325317382812,4113400,0.0,0.0
2024-08-26 00:00:00-04:00,623.0,633.9500122070312,615.72998046875,617.1199951171875,606.3501586914062,1968100,0.0,0.0
2024-08-27 00:00:00-04:00,615.47998046875,628.3800048828125,611.6900024414062,626.3200073242188,615.3896484375,1477700,0.0,0.0
2024-08-28 00:00:00-04:00,624.3200073242188,627.8699951171875,614.4099731445312,617.0399780273438,606.271484375,1035000,0.0,0.0
2024-08-29 00:00:00-04:00,622.6400146484375,631.5399780273438,621.219970703125,622.7999877929688,611.9310302734375,986600,0.0,0.0
2024-08-30 00:00:00-04:00,625.02001953125,631.1699829101562,617.4000244140625,630.260009765625,619.2608032226562,2069500,0.0,0.0
2024-09-03 00:00:00-04:00,632.6400146484375,638.8800048828125,621.0,624.8099975585938,613.9059448242188,1324700,0.0,0.0
2024-09-04 00:00:00-04:00,621.030029296875,626.3800048828125,617.510009765625,623.0999755859375,612.2257080078125,866900,0.0,0.0
2024-09-05 00:00:00-04:00,621.3599853515625,622.9299926757812,611.9199829101562,621.47998046875,610.6340942382812,773500,0.0,0.0
2024-09-06 00:00:00-04:00,625.0,626.1099853515625,611.8099975585938,615.1199951171875,604.3850708007812,999700,0.0,0.0
2024-09-09 00:00:00-04:00,621.489990234375,628.739990234375,617.0,626.989990234375,616.0479736328125,1005800,0.0,0.0
2024-09-10 00:00:00-04:00,630.6099853515625,633.75,620.8599853515625,633.6199951171875,622.562255859375,1022200,0.0,0.0
2024-09-11 00:00:00-04:00,631.6900024414062,645.75,613.9500122070312,643.9199829101562,632.6824340820312,1327000,0.0,0.0
2024-09-12 00:00:00-04:00,643.72998046875,646.8900146484375,638.3400268554688,646.3699951171875,635.0897216796875,1178500,0.0,0.0
2024-09-13 00:00:00-04:00,642.9000244140625,660.9000244140625,641.3699951171875,655.3099975585938,643.8736572265625,1226500,0.0,0.0
2024-09-16 00:00:00-04:00,655.239990234375,656.010009765625,643.4299926757812,646.25,634.9718017578125,939700,0.0,0.0
2024-09-17 00:00:00-04:00,650.0,650.0,644.2100219726562,644.8200073242188,633.5667114257812,934600,0.0,0.0
2024-09-18 00:00:00-04:00,642.9299926757812,646.1300048828125,632.0999755859375,633.0700073242188,622.021728515625,1000200,0.0,0.0
2024-09-19 00:00:00-04:00,651.0599975585938,660.6099853515625,646.0599975585938,654.239990234375,642.8223876953125,1567400,0.0,0.0
2024-09-20 00:00:00-04:00,644.3599853515625,651.22998046875,638.780029296875,644.989990234375,633.7337646484375,2961000,0.0,0.0
2024-09-23 00:00:00-04:00,649.5,649.5,639.510009765625,641.969970703125,630.7664794921875,1069400,0.0,0.0
2024-09-24 00:00:00-04:00,640.9600219726562,643.969970703125,635.52001953125,638.2000122070312,627.0623168945312,1454600,0.0,0.0
2024-09-25 00:00:00-04:00,634.8900146484375,643.1900024414062,632.3400268554688,634.739990234375,623.6626586914062,1414600,0.0,0.0
2024-09-26 00:00:00-04:00,645.0,645.9199829101562,633.8699951171875,636.8300170898438,625.7162475585938,1084500,0.0,0.0
2024-09-27 00:00:00-04:00,636.8300170898438,638.489990234375,618.3300170898438,619.030029296875,608.2267456054688,1425200,0.0,0.0
2024-09-30 00:00:00-04:00,618.2000122070312,623.7000122070312,616.2000122070312,621.0,610.1624145507812,1361500,0.0,0.0
2024-10-01 00:00:00-04:00,618.02001953125,618.5999755859375,603.8499755859375,606.280029296875,595.6994018554688,1869100,0.0,0.0
2024-10-02 00:00:00-04:00,607.4000244140625,612.6300048828125,604.260009765625,607.280029296875,596.681884765625,1164600,0.0,0.0
2024-10-03 00:00:00-04:00,601.3099975585938,607.0,599.8900146484375,603.8099975585938,593.2724609375,1289800,0.0,0.0
2024-10-04 00:00:00-04:00,608.2000122070312,614.3400268554688,605.1199951171875,610.6699829101562,600.0127563476562,1220200,0.0,0.0
2024-10-07 00:00:00-04:00,607.030029296875,610.5399780273438,600.7100219726562,602.4299926757812,591.9164428710938,1711200,0.0,0.0
2024-10-08 00:00:00-04:00,608.010009765625,614.5499877929688,603.8200073242188,613.3699951171875,602.6655883789062,1201900,0.0,0.0
2024-10-09 00:00:00-04:00,615.0,621.969970703125,611.6099853515625,621.6099853515625,610.7616577148438,1183600,0.0,0.0
2024-10-10 00:00:00-04:00,618.0,621.489990234375,616.0,619.2999877929688,609.5118408203125,1127800,1.04,0.0
2024-10-11 00:00:00-04:00,619.1799926757812,622.3499755859375,613.72998046875,616.6799926757812,606.9332275390625,1275700,0.0,0.0
2024-10-14 00:00:00-04:00,620.3099975585938,620.3099975585938,612.7999877929688,617.1599731445312,607.4057006835938,990100,0.0,0.0
2024-10-15 00:00:00-04:00,619.8200073242188,623.0399780273438,615.760009765625,617.8900146484375,608.1241455078125,1259300,0.0,0.0
2024-10-16 00:00:00-04:00,616.5800170898438,618.0700073242188,607.4600219726562,609.3900146484375,599.7584838867188,1132400,0.0,0.0
2024-10-17 00:00:00-04:00,619.0800170898438,619.1400146484375,607.8499755859375,609.22998046875,599.6010131835938,1135300,0.0,0.0
2024-10-18 00:00:00-04:00,601.3400268554688,615.4400024414062,600.1099853515625,613.2899780273438,603.5968017578125,1299500,0.0,0.0
2024-10-21 00:00:00-04:00,608.22998046875,615.6199951171875,607.1099853515625,613.9299926757812,604.2267456054688,1057900,0.0,0.0
2024-10-22 00:00:00-04:00,608.9199829101562,613.2899780273438,605.280029296875,609.5900268554688,599.9554443359375,1088400,0.0,0.0
2024-10-23 00:00:00-04:00,608.02001953125,609.989990234375,599.6500244140625,602.010009765625,592.4952392578125,1119200,0.0,0.0
2024-10-24 00:00:00-04:00,602.9099731445312,608.7899780273438,602.0,603.97998046875,594.4339599609375,883200,0.0,0.0
2024-10-25 00:00:00-04:00,610.0,617.219970703125,607.8300170898438,609.27001953125,599.6404418945312,1000700,0.0,0.0
2024-10-28 00:00:00-04:00,612.8400268554688,613.77001953125,607.8900146484375,612.0900268554688,602.4158325195312,1292000,0.0,0.0
2024-10-29 00:00:00-04:00,612.989990234375,625.5999755859375,609.3800048828125,623.7000122070312,613.8423461914062,1134700,0.0,0.0
2024-10-30 00:00:00-04:00,623.7899780273438,629.469970703125,619.9099731445312,621.1099853515625,611.2932739257812,1082400,0.0,0.0
2024-10-31 00:00:00-04:00,620.1699829101562,621.739990234375,608.5499877929688,610.2999877929688,600.6541748046875,1478600,0.0,0.0
2024-11-01 00:00:00-04:00,605.0,626.3800048828125,603.0,621.739990234375,611.9132690429688,1437000,0.0,0.0
2024-11-04 00:00:00-05:00,623.0,624.52001953125,615.8300170898438,619.010009765625,609.2265625,1152500,0.0,0.0
2024-11-05 00:00:00-05:00,619.8599853515625,622.2899780273438,610.7100219726562,618.8300170898438,609.0493774414062,1564100,0.0,0.0
2024-11-06 00:00:00-05:00,643.1199951171875,668.0,642.75,648.3900146484375,638.1420288085938,2963700,0.0,0.0
2024-11-07 00:00:00-05:00,651.739990234375,675.0999755859375,651.739990234375,674.1500244140625,663.4949951171875,1927600,0.0,0.0
2024-11-08 00:00:00-05:00,678.0,688.8800048828125,672.22998046875,684.219970703125,673.4058837890625,1705800,0.0,0.0
2024-11-11 00:00:00-05:00,683.7899780273438,698.9600219726562,682.2999877929688,697.3499755859375,686.3282470703125,1514400,0.0,0.0
2024-11-12 00:00:00-05:00,695.0,703.8800048828125,694.2999877929688,699.469970703125,688.4148559570312,1409500,0.0,0.0
2024-11-13 00:00:00-05:00,697.25,714.780029296875,695.02001953125,706.25,695.0875854492188,1472300,0.0,0.0
2024-11-14 00:00:00-05:00,701.5800170898438,706.0,693.4000244140625,700.760009765625,689.6844482421875,1769600,0.0,0.0
2024-11-15 00:00:00-05:00,691.1599731445312,692.8499755859375,680.2100219726562,687.8699951171875,676.9981079101562,1798900,0.0,0.0
2024-11-18 00:00:00-05:00,685.6500244140625,688.1199951171875,675.7999877929688,678.8099975585938,668.0812377929688,1580300,0.0,0.0
2024-11-19 00:00:00-05:00,636.0999755859375,646.8699951171875,632.4000244140625,644.1699829101562,633.9888305664062,2536000,0.0,0.0
2024-11-20 00:00:00-05:00,642.0900268554688,652.280029296875,637.5999755859375,650.5999755859375,640.3170776367188,1880700,0.0,0.0
2024-11-21 00:00:00-05:00,659.780029296875,681.5900268554688,656.75,678.7000122070312,667.9730834960938,2318300,0.0,0.0
2024-11-22 00:00:00-05:00,668.1799926757812,675.0,639.1500244140625,640.1199951171875,630.0028076171875,3294200,0.0,0.0
2024-11-25 00:00:00-05:00,641.6099853515625,651.1099853515625,632.8800048828125,634.6199951171875,624.5897827148438,2951500,0.0,0.0
2024-11-26 00:00:00-05:00,633.0,641.5,630.3300170898438,638.8300170898438,628.7332763671875,1784200,0.0,0.0
2024-11-27 00:00:00-05:00,633.9199829101562,641.0900268554688,631.2000122070312,636.1699829101562,626.115234375,1376100,0.0,0.0
2024-11-29 00:00:00-05:00,640.8800048828125,645.3599853515625,636.3300170898438,641.72998046875,631.58740234375,828900,0.0,0.0
2024-12-02 00:00:00-05:00,637.0499877929688,640.3900146484375,631.6699829101562,634.0700073242188,624.0484619140625,1502100,0.0,0.0
2024-12-03 00:00:00-05:00,629.5999755859375,636.6799926757812,626.4000244140625,636.02001953125,625.9676513671875,1104800,0.0,0.0
2024-12-04 00:00:00-05:00,639.0,660.3900146484375,636.9500122070312,654.6400146484375,644.2933959960938,1619700,0.0,0.0
2024-12-05 00:00:00-05:00,651.9600219726562,653.0499877929688,641.4500122070312,648.7000122070312,638.4472045898438,1219700,0.0,0.0
2024-12-06 00:00:00-05:00,649.1699829101562,654.1099853515625,645.8200073242188,646.469970703125,636.25244140625,1125100,0.0,0.0
2024-12-09 00:00:00-05:00,643.6099853515625,650.780029296875,640.1699829101562,646.5800170898438,636.3607177734375,1379800,0.0,0.0
2024-12-10 00:00:00-05:00,649.2899780273438,659.239990234375,644.7000122070312,647.0700073242188,636.843017578125,1485600,0.0,0.0
2024-12-11 00:00:00-05:00,647.0700073242188,670.739990234375,646.260009765625,670.5599975585938,659.961669921875,1868800,0.0,0.0
2024-12-12 00:00:00-05:00,674.030029296875,676.1500244140625,662.9500122070312,672.25,661.625,1629700,0.0,0.0
2024-12-13 00:00:00-05:00,668.989990234375,672.7000122070312,653.97998046875,656.4500122070312,646.0747680664062,1634800,0.0,0.0
2024-12-16 00:00:00-05:00,656.780029296875,672.9199829101562,656.780029296875,671.5,660.8869018554688,1684200,0.0,0.0
2024-12-17 00:00:00-05:00,670.0,679.8499755859375,664.0499877929688,677.77001953125,667.0577392578125,1814900,0.0,0.0
2024-12-18 00:00:00-05:00,677.010009765625,677.010009765625,647.3099975585938,649.8099975585938,639.5397338867188,2408200,0.0,0.0
2024-12-19 00:00:00-05:00,653.760009765625,661.9500122070312,636.7100219726562,636.9500122070312,626.8829345703125,2313300,0.0,0.0
2024-12-20 00:00:00-05:00,629.2000122070312,648.989990234375,624.030029296875,643.3900146484375,633.22119140625,3451000,0.0,0.0
2024-12-23 00:00:00-05:00,640.6500244140625,642.25,633.75,638.2999877929688,628.2115478515625,1614300,0.0,0.0
2024-12-24 00:00:00-05:00,639.0,645.5399780273438,636.0800170898438,645.2899780273438,635.0911254882812,668700,0.0,0.0
2024-12-26 00:00:00-05:00,641.3499755859375,648.989990234375,640.7999877929688,646.1900024414062,635.9768676757812,639300,0.0,0.0
2024-12-27 00:00:00-05:00,643.239990234375,643.239990234375,631.1799926757812,638.5700073242188,628.477294921875,966400,0.0,0.0
2024-12-30 00:00:00-05:00,632.8499755859375,634.1300048828125,623.4099731445312,630.2999877929688,620.3379516601562,1102800,0.0,0.0
2024-12-31 00:00:00-05:00,630.9000244140625,633.6599731445312,626.3900146484375,628.5,618.5665283203125,988500,0.0,0.0
2025-01-02 00:00:00-05:00,637.0,637.72998046875,619.4299926757812,622.7899780273438,612.9467163085938,1179400,0.0,0.0
2025-01-03 00:00:00-05:00,628.5,631.0,624.52001953125,630.22998046875,620.2691040039062,993400,0.0,0.0
2025-01-06 00:00:00-05:00,626.969970703125,633.4000244140625,623.0,625.1599731445312,615.2792358398438,1260700,0.0,0.0
2025-01-07 00:00:00-05:00,623.3599853515625,626.6500244140625,611.9199829101562,615.4299926757812,605.703125,1030200,0.0,0.0
2025-01-08 00:00:00-05:00,616.4299926757812,627.6099853515625,613.7100219726562,626.0499877929688,616.1551513671875,1226000,0.0,0.0
2025-01-10 00:00:00-05:00,618.8400268554688,633.6199951171875,617.2899780273438,623.4299926757812,614.5975952148438,2390000,1.04,0.0
2025-01-13 00:00:00-05:00,620.3800048828125,622.0,612.2999877929688,613.219970703125,604.5322875976562,1684400,0.0,0.0
2025-01-14 00:00:00-05:00,615.0,623.989990234375,614.260009765625,623.7999877929688,614.9623413085938,1697300,0.0,0.0
2025-01-15 00:00:00-05:00,623.7999877929688,627.5,610.6099853515625,621.4500122070312,612.6456298828125,1938100,0.0,0.0
2025-01-16 00:00:00-05:00,623.3200073242188,623.75,606.75,607.27001953125,598.6665649414062,2834100,0.0,0.0
2025-01-17 00:00:00-05:00,615.8699951171875,615.8699951171875,596.2000122070312,604.1300048828125,595.571044921875,2836700,0.0,0.0
2025-01-21 00:00:00-05:00,605.989990234375,611.0599975585938,602.6799926757812,609.4099731445312,600.7761840820312,1665900,0.0,0.0
2025-01-22 00:00:00-05:00,609.6799926757812,617.5399780273438,609.6799926757812,611.6799926757812,603.0140991210938,1213700,0.0,0.0
2025-01-23 00:00:00-05:00,608.7999877929688,608.7999877929688,597.489990234375,598.2999877929688,589.8235473632812,2241400,0.0,0.0
2025-01-24 00:00:00-05:00,601.989990234375,602.530029296875,595.4400024414062,597.9500122070312,589.478515625,1901200,0.0,0.0
2025-01-27 00:00:00-05:00,586.9600219726562,614.3900146484375,586.0,606.6199951171875,598.0257568359375,1985500,0.0,0.0
2025-01-28 00:00:00-05:00,608.6199951171875,613.7100219726562,600.1900024414062,600.6599731445312,592.1500854492188,1675000,0.0,0.0
2025-01-29 00:00:00-05:00,599.6500244140625,603.5399780273438,590.1900024414062,592.989990234375,584.5888061523438,1457500,0.0,0.0
2025-01-30 00:00:00-05:00,595.3400268554688,605.6599731445312,593.7000122070312,604.5999755859375,596.0343017578125,1219700,0.0,0.0
2025-01-31 00:00:00-05:00,604.8800048828125,610.9000244140625,599.8599853515625,601.510009765625,592.9880981445312,1640100,0.0,0.0
2025-02-03 00:00:00-05:00,600.4000244140625,601.8300170898438,585.010009765625,600.760009765625,592.248779296875,2244500,0.0,0.0
2025-02-04 00:00:00-05:00,596.3400268554688,608.47998046875,590.1199951171875,591.719970703125,583.3367309570312,1737500,0.0,0.0
2025-02-05 00:00:00-05:00,593.4199829101562,593.5900268554688,580.0999755859375,588.260009765625,579.92578125,2134400,0.0,0.0
2025-02-06 00:00:00-05:00,588.260009765625,595.1599731445312,585.7999877929688,590.2000122070312,581.83837890625,1533900,0.0,0.0
2025-02-07 00:00:00-05:00,590.5900268554688,596.1799926757812,577.219970703125,578.8499755859375,570.649169921875,1430900,0.0,0.0
2025-02-10 00:00:00-05:00,575.0,588.7999877929688,575.0,586.8400268554688,578.5260009765625,1571300,0.0,0.0
2025-02-11 00:00:00-05:00,581.0900268554688,591.97998046875,581.0900268554688,585.8800048828125,577.57958984375,1856700,0.0,0.0
2025-02-12 00:00:00-05:00,578.0700073242188,580.969970703125,568.7100219726562,576.5399780273438,568.371826171875,1737800,0.0,0.0
2025-02-13 00:00:00-05:00,580.5599975585938,592.0,579.0,583.9000244140625,575.6276245117188,1609900,0.0,0.0
2025-02-14 00:00:00-05:00,584.6900024414062,591.3900146484375,580.0900268554688,587.3800048828125,579.0582885742188,1348800,0.0,0.0
2025-02-18 00:00:00-05:00,589.8599853515625,590.0399780273438,576.0599975585938,579.9400024414062,571.7236938476562,2053900,0.0,0.0
2025-02-19 00:00:00-05:00,578.739990234375,582.8800048828125,575.5900268554688,582.1900024414062,573.9418334960938,2063000,0.0,0.0
2025-02-20 00:00:00-05:00,583.02001953125,586.0999755859375,573.3900146484375,579.0800170898438,570.8758544921875,2703900,0.0,0.0
2025-02-21 00:00:00-05:00,580.5499877929688,582.1500244140625,561.25,565.469970703125,557.4586791992188,2006400,0.0,0.0
2025-02-24 00:00:00-05:00,565.9600219726562,572.75,563.2999877929688,567.239990234375,559.20361328125,2040900,0.0,0.0
2025-02-25 00:00:00-05:00,567.3099975585938,571.4199829101562,553.239990234375,555.6300048828125,547.7581176757812,3014500,0.0,0.0
2025-02-26 00:00:00-05:00,635.5,638.989990234375,615.4400024414062,625.510009765625,616.6480712890625,4674200,0.0,0.0
2025-02-27 00:00:00-05:00,625.0,627.989990234375,599.6300048828125,600.4199829101562,591.91357421875,2451700,0.0,0.0
2025-02-28 00:00:00-05:00,600.9199829101562,614.8499755859375,598.3699951171875,613.8400268554688,605.1434326171875,2444400,0.0,0.0
2025-03-03 00:00:00-05:00,617.8599853515625,620.8099975585938,599.4000244140625,601.0900268554688,592.5740966796875,1597400,0.0,0.0
2025-03-04 00:00:00-05:00,604.280029296875,608.9000244140625,587.280029296875,598.0700073242188,589.5968627929688,2308200,0.0,0.0
2025-03-05 00:00:00-05:00,608.9199829101562,618.4000244140625,601.2100219726562,617.510009765625,608.761474609375,1615200,0.0,0.0
2025-03-06 00:00:00-05:00,613.02001953125,619.8499755859375,602.1199951171875,606.3699951171875,597.7792358398438,1671000,0.0,0.0
2025-03-07 00:00:00-05:00,605.8599853515625,614.6300048828125,594.530029296875,609.6099853515625,600.9733276367188,1689700,0.0,0.0
2025-03-10 00:00:00-04:00,603.8900146484375,606.3499755859375,575.4400024414062,579.780029296875,571.5659790039062,2375900,0.0,0.0
2025-03-11 00:00:00-04:00,579.780029296875,595.1099853515625,577.3800048828125,586.7100219726562,578.3977661132812,1909300,0.0,0.0
2025-03-12 00:00:00-04:00,589.010009765625,597.27001953125,585.5900268554688,591.1400146484375,582.76513671875,1874700,0.0,0.0
2025-03-13 00:00:00-04:00,586.0800170898438,586.1799926757812,563.719970703125,581.3200073242188,573.0841674804688,2269800,0.0,0.0
2025-03-14 00:00:00-04:00,589.219970703125,601.5399780273438,586.8300170898438,598.7999877929688,590.3164672851562,2063100,0.0,0.0
2025-03-17 00:00:00-04:00,595.4199829101562,605.3300170898438,591.9199829101562,602.1099853515625,593.57958984375,1558800,0.0,0.0
2025-03-18 00:00:00-04:00,598.9000244140625,601.5599975585938,591.7999877929688,599.030029296875,590.5433349609375,1230400,0.0,0.0
2025-03-19 00:00:00-04:00,605.780029296875,609.0399780273438,597.510009765625,603.1099853515625,594.5654296875,1247700,0.0,0.0
2025-03-20 00:00:00-04:00,599.1099853515625,605.5800170898438,596.0900268554688,600.4199829101562,591.91357421875,1088200,0.0,0.0
2025-03-21 00:00:00-04:00,592.989990234375,605.25,590.02001953125,604.0399780273438,595.482177734375,2391400,0.0,0.0
2025-03-24 00:00:00-04:00,610.0,614.2899780273438,605.2899780273438,613.0900268554688,604.4041748046875,1703000,0.0,0.0
2025-03-25 00:00:00-04:00,611.52001953125,620.9299926757812,605.219970703125,618.719970703125,609.9542846679688,1126500,0.0,0.0
2025-03-26 00:00:00-04:00,618.780029296875,620.27001953125,613.0700073242188,614.8599853515625,606.14892578125,1715500,0.0,0.0
2025-03-27 00:00:00-04:00,615.489990234375,620.6099853515625,612.3099975585938,615.2999877929688,606.5828247070312,1206200,0.0,0.0
2025-03-28 00:00:00-04:00,611.5700073242188,613.7899780273438,595.5499877929688,598.9199829101562,590.434814453125,1574600,0.0,0.0
2025-03-31 00:00:00-04:00,600.3400268554688,618.0,593.72998046875,613.989990234375,605.2913208007812,3071400,0.0,0.0
2025-04-01 00:00:00-04:00,610.8699951171875,617.1199951171875,606.1500244140625,613.780029296875,605.084228515625,1826500,0.0,0.0
2025-04-02 00:00:00-04:00,605.0599975585938,625.0,604.9600219726562,620.9099731445312,612.11328125,1604500,0.0,0.0
2025-04-03 00:00:00-04:00,604.0,616.4199829101562,598.2000122070312,598.530029296875,590.0504150390625,2833900,0.0,0.0
2025-04-04 00:00:00-04:00,588.0999755859375,594.2100219726562,560.9400024414062,561.530029296875,553.5745849609375,3335200,0.0,0.0
2025-04-07 00:00:00-04:00,548.010009765625,575.8900146484375,532.6500244140625,556.239990234375,548.3594970703125,2834700,0.0,0.0
2025-04-08 00:00:00-04:00,564.6300048828125,568.6099853515625,537.5499877929688,544.0700073242188,536.3618774414062,2764000,0.0,0.0
2025-04-09 00:00:00-04:00,541.5399780273438,598.5499877929688,539.1199951171875,596.47998046875,588.0293579101562,2883800,0.0,0.0
2025-04-10 00:00:00-04:00,583.0800170898438,585.969970703125,558.6599731445312,577.469970703125,570.282958984375,2289100,1.04,0.0
2025-04-11 00:00:00-04:00,573.2899780273438,588.4600219726562,569.469970703125,587.0399780273438,579.73388671875,1479900,0.0,0.0
2025-04-14 00:00:00-04:00,600.0,600.0,585.8200073242188,593.5499877929688,586.1629028320312,1227400,0.0,0.0
2025-04-15 00:00:00-04:00,598.969970703125,600.5599975585938,591.3499755859375,594.0800170898438,586.6864013671875,1177800,0.0,0.0
2025-04-16 00:00:00-04:00,587.6500244140625,598.0700073242188,581.0800170898438,588.0800170898438,580.7610473632812,1985500,0.0,0.0
2025-04-17 00:00:00-04:00,592.0,593.9099731445312,584.8300170898438,585.3800048828125,578.0945434570312,1642900,0.0,0.0
2025-04-21 00:00:00-04:00,578.4299926757812,581.3699951171875,559.0999755859375,568.8400268554688,561.760498046875,1502600,0.0,0.0
2025-04-22 00:00:00-04:00,574.1799926757812,584.8400268554688,571.469970703125,583.5599975585938,576.2972412109375,1467500,0.0,0.0
2025-04-23 00:00:00-04:00,597.0,608.72998046875,593.8099975585938,596.0499877929688,588.6317749023438,1744800,0.0,0.0
2025-04-24 00:00:00-04:00,598.8300170898438,617.0999755859375,596.6699829101562,614.8300170898438,607.1781005859375,1601000,0.0,0.0
2025-04-25 00:00:00-04:00,616.0599975585938,625.2100219726562,612.97998046875,624.1199951171875,616.3524780273438,1540600,0.0,0.0
2025-04-28 00:00:00-04:00,623.3200073242188,628.5999755859375,614.5700073242188,618.22998046875,610.5357055664062,1357300,0.0,0.0
2025-04-29 00:00:00-04:00,618.6799926757812,624.1900024414062,616.0800170898438,623.1500244140625,615.39453125,843300,0.0,0.0
2025-04-30 00:00:00-04:00,614.0900268554688,629.2999877929688,610.219970703125,627.469970703125,619.6608276367188,1315400,0.0,0.0
2025-05-01 00:00:00-04:00,624.5,635.1799926757812,622.4199829101562,623.1900024414062,615.4340209960938,1449900,0.0,0.0
2025-05-02 00:00:00-04:00,633.4600219726562,636.8099975585938,627.5499877929688,631.6799926757812,623.8184204101562,1367300,0.0,0.0
2025-05-05 00:00:00-04:00,630.6699829101562,641.510009765625,629.3900146484375,632.1799926757812,624.3121948242188,1434100,0.0,0.0
2025-05-06 00:00:00-04:00,625.5,633.9099731445312,622.9400024414062,626.5499877929688,618.7521362304688,905800,0.0,0.0
2025-05-07 00:00:00-04:00,626.5999755859375,642.469970703125,626.5999755859375,641.1400146484375,633.16064453125,1650500,0.0,0.0
2025-05-08 00:00:00-04:00,643.530029296875,662.489990234375,641.3099975585938,656.0800170898438,647.9146728515625,2059800,0.0,0.0
2025-05-09 00:00:00-04:00,655.260009765625,658.1900024414062,650.0700073242188,653.8800048828125,645.7420654296875,1158800,0.0,0.0
2025-05-12 00:00:00-04:00,665.0,670.5999755859375,654.9199829101562,662.2999877929688,654.0572509765625,1842000,0.0,0.0
2025-05-13 00:00:00-04:00,660.4400024414062,661.3900146484375,651.72998046875,656.7999877929688,648.625732421875,1560500,0.0,0.0
2025-05-14 00:00:00-04:00,656.0,660.469970703125,652.1099853515625,652.8300170898438,644.7051391601562,1947900,0.0,0.0
2025-05-15 00:00:00-04:00,654.3200073242188,665.3699951171875,652.1599731445312,661.3099975585938,653.07958984375,1548500,0.0,0.0
2025-05-16 00:00:00-04:00,672.8099975585938,672.8099975585938,662.1900024414062,670.280029296875,661.93798828125,1555200,0.0,0.0
2025-05-19 00:00:00-04:00,666.4600219726562,675.0,663.2000122070312,670.8599853515625,662.5107421875,1327800,0.0,0.0
2025-05-20 00:00:00-04:00,665.3800048828125,671.5,663.22998046875,671.1599731445312,662.8069458007812,1047500,0.0,0.0
2025-05-21 00:00:00-04:00,668.739990234375,671.0700073242188,659.6099853515625,659.97998046875,651.7660522460938,1478800,0.0,0.0
2025-05-22 00:00:00-04:00,662.510009765625,670.5599975585938,659.0,666.0700073242188,657.7803344726562,2301200,0.0,0.0
2025-05-23 00:00:00-04:00,720.0,734.1799926757812,714.0,720.1300048828125,711.16748046875,5327700,0.0,0.0
2025-05-27 00:00:00-04:00,724.510009765625,751.9600219726562,722.4500122070312,751.9600219726562,742.6014404296875,4079800,0.0,0.0
2025-05-28 00:00:00-04:00,752.0,758.77001953125,751.0,754.4500122070312,745.0604248046875,2504600,0.0,0.0
2025-05-29 00:00:00-04:00,759.5,759.5,746.8099975585938,757.219970703125,747.7958984375,1589700,0.0,0.0
2025-05-30 00:00:00-04:00,760.0,761.02001953125,747.27001953125,753.469970703125,744.0925903320312,2887100,0.0,0.0
2025-06-02 00:00:00-04:00,750.5499877929688,765.0800170898438,748.3400268554688,764.989990234375,755.4691772460938,1870000,0.0,0.0
2025-06-03 00:00:00-04:00,762.8300170898438,768.0900268554688,758.1599731445312,764.6599731445312,755.143310546875,1526800,0.0,0.0
2025-06-04 00:00:00-04:00,762.3300170898438,768.0599975585938,762.0,766.8099975585938,757.2666015625,1280800,0.0,0.0
2025-06-05 00:00:00-04:00,766.0700073242188,773.4500122070312,763.8099975585938,766.6400146484375,757.0986938476562,1242200,0.0,0.0
2025-06-06 00:00:00-04:00,770.1400146484375,771.8599853515625,764.27001953125,771.5800170898438,761.9772338867188,1475300,0.0,0.0
2025-06-09 00:00:00-04:00,770.219970703125,772.0,762.6400146484375,764.3800048828125,754.8668823242188,1342400,0.0,0.0
2025-06-10 00:00:00-04:00,762.3599853515625,766.1900024414062,754.1099853515625,762.0999755859375,752.6151733398438,1422900,0.0,0.0
2025-06-11 00:00:00-04:00,758.8099975585938,765.4600219726562,754.530029296875,764.75,755.232177734375,1276500,0.0,0.0
2025-06-12 00:00:00-04:00,763.3499755859375,770.77001953125,763.3499755859375,766.2100219726562,756.6741333007812,1300200,0.0,0.0
2025-06-13 00:00:00-04:00,758.72998046875,763.010009765625,752.3400268554688,753.97998046875,744.5962524414062,1148000,0.0,0.0
2025-06-16 00:00:00-04:00,761.8200073242188,769.9199829101562,757.5700073242188,768.0800170898438,758.5208129882812,1428900,0.0,0.0
2025-06-17 00:00:00-04:00,768.4600219726562,769.6400146484375,761.6500244140625,764.9000244140625,755.3804321289062,1344500,0.0,0.0
2025-06-18 00:00:00-04:00,762.3699951171875,765.5900268554688,750.3800048828125,754.8300170898438,745.4356079101562,2223400,0.0,0.0
2025-06-20 00:00:00-04:00,760.6599731445312,762.3900146484375,755.0499877929688,761.1400146484375,751.667236328125,2709400,0.0,0.0
2025-06-23 00:00:00-04:00,759.6699829101562,765.0,754.4000244140625,762.5499877929688,753.0595092773438,1223300,0.0,0.0
2025-06-24 00:00:00-04:00,769.1400146484375,771.1400146484375,758.1400146484375,759.030029296875,749.5834350585938,1900400,0.0,0.0
2025-06-25 00:00:00-04:00,758.0599975585938,759.6199951171875,751.0599975585938,757.8599853515625,748.427978515625,1531100,0.0,0.0
2025-06-26 00:00:00-04:00,759.3800048828125,773.3800048828125,758.530029296875,772.8599853515625,763.2412719726562,1420100,0.0,0.0
2025-06-27 00:00:00-04:00,771.1599731445312,787.219970703125,771.1599731445312,776.5700073242188,766.9051513671875,2051800,0.0,0.0
2025-06-30 00:00:00-04:00,782.52001953125,790.5,779.1300048828125,787.6300048828125,777.8274536132812,1946900,0.0,0.0
2025-07-01 00:00:00-04:00,788.7000122070312,790.5999755859375,765.8099975585938,779.6099853515625,769.9072265625,1923800,0.0,0.0
2025-07-02 00:00:00-04:00,773.9000244140625,775.3300170898438,765.9099731445312,773.7000122070312,764.0708618164062,1493000,0.0,0.0
2025-07-03 00:00:00-04:00,777.5700073242188,784.5399780273438,776.6900024414062,780.6400146484375,770.9244995117188,823000,0.0,0.0
2025-07-07 00:00:00-04:00,780.27001953125,788.1300048828125,778.760009765625,783.6099853515625,773.8574829101562,1296000,0.0,0.0
2025-07-08 00:00:00-04:00,784.5700073242188,784.6199951171875,775.8400268554688,781.47998046875,771.7540283203125,1437600,0.0,0.0
2025-07-09 00:00:00-04:00,782.6699829101562,783.0,766.0499877929688,769.5900268554688,760.0120239257812,1486200,0.0,0.0
2025-07-10 00:00:00-04:00,768.4299926757812,769.97998046875,745.1300048828125,747.9000244140625,739.5913696289062,1783700,1.04,0.0
2025-07-11 00:00:00-04:00,745.5499877929688,751.8599853515625,743.5,747.9000244140625,739.5913696289062,1047800,0.0,0.0
2025-07-14 00:00:00-04:00,749.5900268554688,758.8599853515625,747.5,752.75,744.387451171875,1114900,0.0,0.0
2025-07-15 00:00:00-04:00,750.9099731445312,754.5,742.8900146484375,745.9500122070312,737.6630249023438,1452400,0.0,0.0
2025-07-16 00:00:00-04:00,751.7999877929688,751.7999877929688,742.3900146484375,750.719970703125,742.3800048828125,1263100,0.0,0.0
2025-07-17 00:00:00-04:00,749.2100219726562,756.4500122070312,748.9099731445312,755.3699951171875,746.9783935546875,1071300,0.0,0.0
2025-07-18 00:00:00-04:00,763.22998046875,763.22998046875,750.8400268554688,752.6300048828125,744.2688598632812,1509400,0.0,0.0
2025-07-21 00:00:00-04:00,753.989990234375,767.9299926757812,751.510009765625,763.6900024414062,755.2059326171875,1411800,0.0,0.0
2025-07-22 00:00:00-04:00,767.4500122070312,771.1199951171875,760.2999877929688,766.780029296875,758.2616577148438,1027400,0.0,0.0
2025-07-23 00:00:00-04:00,765.7899780273438,778.0599975585938,759.530029296875,776.0,767.379150390625,1939600,0.0,0.0
2025-07-24 00:00:00-04:00,778.0,784.1699829101562,775.280029296875,781.2100219726562,772.5313720703125,1379900,0.0,0.0
2025-07-25 00:00:00-04:00,782.9099731445312,790.5,780.5,785.9500122070312,777.2186889648438,1406400,0.0,0.0
2025-07-28 00:00:00-04:00,785.030029296875,800.5,783.0,798.72998046875,789.8566284179688,1933200,0.0,0.0
2025-07-29 00:00:00-04:00,804.47998046875,807.9299926757812,794.8300170898438,806.3400268554688,797.3822021484375,1693800,0.0,0.0
2025-07-30 00:00:00-04:00,804.8699951171875,813.7000122070312,800.9600219726562,807.3900146484375,798.4204711914062,1606400,0.0,0.0
2025-07-31 00:00:00-04:00,807.1500244140625,807.1500244140625,783.9400024414062,785.1300048828125,776.4077758789062,1779100,0.0,0.0
2025-08-01 00:00:00-04:00,786.1400146484375,787.3699951171875,772.3499755859375,776.1500244140625,767.527587890625,1490100,0.0,0.0
2025-08-04 00:00:00-04:00,784.1799926757812,790.5399780273438,781.3099975585938,784.8699951171875,776.1505737304688,1484400,0.0,0.0
2025-08-05 00:00:00-04:00,785.4199829101562,794.0900268554688,767.9199829101562,769.27001953125,760.7239990234375,1257800,0.0,0.0
2025-08-06 00:00:00-04:00,773.8699951171875,779.6699829101562,765.6799926757812,779.469970703125,770.8106689453125,1154700,0.0,0.0
2025-08-07 00:00:00-04:00,783.47998046875,786.280029296875,752.0399780273438,761.6099853515625,753.1490478515625,1435900,0.0,0.0
2025-08-08 00:00:00-04:00,760.5,762.47998046875,747.25,749.0,740.67919921875,1670200,0.0,0.0
2025-08-11 00:00:00-04:00,747.6199951171875,750.5499877929688,702.6799926757812,706.0900268554688,698.2459106445312,3195300,0.0,0.0
2025-08-12 00:00:00-04:00,707.1400146484375,714.469970703125,699.0599975585938,713.47998046875,705.5537109375,2146000,0.0,0.0
2025-08-13 00:00:00-04:00,713.47998046875,717.5499877929688,703.9600219726562,711.7100219726562,703.803466796875,1602400,0.0,0.0
2025-08-14 00:00:00-04:00,711.989990234375,715.97998046875,706.1199951171875,710.6400146484375,702.7453002929688,1241000,0.0,0.0
2025-08-15 00:00:00-04:00,712.3400268554688,720.0900268554688,707.5,716.739990234375,708.7775268554688,1751700,0.0,0.0
2025-08-18 00:00:00-04:00,717.0999755859375,721.5399780273438,714.8499755859375,717.2100219726562,709.2423095703125,1628800,0.0,0.0
2025-08-19 00:00:00-04:00,715.0800170898438,719.0999755859375,698.77001953125,701.030029296875,693.2420654296875,2582100,0.0,0.0
2025-08-20 00:00:00-04:00,703.97998046875,705.0999755859375,695.6900024414062,699.1500244140625,691.3829345703125,2096200,0.0,0.0
2025-08-21 00:00:00-04:00,697.010009765625,701.0,692.8300170898438,697.760009765625,690.0083618164062,2511500,0.0,0.0
2025-08-22 00:00:00-04:00,655.0,670.3900146484375,642.52001953125,662.6599731445312,655.2982788085938,6368800,0.0,0.0
2025-08-25 00:00:00-04:00,664.989990234375,670.4299926757812,655.75,656.9600219726562,649.66162109375,2201500,0.0,0.0
2025-08-26 00:00:00-04:00,658.0,666.4199829101562,656.4400024414062,659.5399780273438,652.2129516601562,3762900,0.0,0.0
2025-08-27 00:00:00-04:00,661.7999877929688,664.3300170898438,654.3599853515625,663.1699829101562,655.8026733398438,1690200,0.0,0.0
2025-08-28 00:00:00-04:00,663.6599731445312,674.6199951171875,661.97998046875,668.2000122070312,660.7767944335938,2071100,0.0,0.0
2025-08-29 00:00:00-04:00,668.2000122070312,673.739990234375,664.3499755859375,667.0,659.590087890625,1594100,0.0,0.0
2025-09-02 00:00:00-04:00,655.260009765625,664.6699829101562,655.0800170898438,661.989990234375,654.6357421875,1679900,0.0,0.0
2025-09-03 00:00:00-04:00,665.2899780273438,669.9199829101562,658.3099975585938,668.6799926757812,661.25146484375,1986900,0.0,0.0
2025-09-04 00:00:00-04:00,665.0,671.8099975585938,659.22998046875,668.2899780273438,660.8657836914062,1719100,0.0,0.0
2025-09-05 00:00:00-04:00,672.219970703125,677.0,667.25,672.8200073242188,665.345458984375,1614100,0.0,0.0
2025-09-08 00:00:00-04:00,676.5800170898438,679.4000244140625,667.9600219726562,671.6799926757812,664.2180786132812,1558700,0.0,0.0
2025-09-09 00:00:00-04:00,669.3099975585938,673.7000122070312,664.760009765625,670.8900146484375,663.4368896484375,1254900,0.0,0.0
2025-09-10 00:00:00-04:00,669.3900146484375,670.0,653.3499755859375,656.260009765625,648.9693603515625,2789400,0.0,0.0
2025-09-11 00:00:00-04:00,660.2899780273438,666.3900146484375,656.9099731445312,660.52001953125,653.1821899414062,2201300,0.0,0.0
2025-09-12 00:00:00-04:00,658.4600219726562,660.4000244140625,645.3099975585938,646.030029296875,638.8531494140625,2202100,0.0,0.0
2025-09-15 00:00:00-04:00,647.3599853515625,652.6400146484375,640.260009765625,651.3300170898438,644.09423828125,2186900,0.0,0.0
2025-09-16 00:00:00-04:00,651.8400268554688,655.1099853515625,644.4600219726562,651.2999877929688,644.0645141601562,1578400,0.0,0.0
2025-09-17 00:00:00-04:00,653.6799926757812,666.030029296875,652.5,662.6799926757812,655.318115234375,1861000,0.0,0.0
2025-09-18 00:00:00-04:00,667.0800170898438,693.3800048828125,665.5399780273438,674.9600219726562,667.461669921875,3006800,0.0,0.0
2025-09-19 00:00:00-04:00,692.8599853515625,700.0,682.9600219726562,687.9199829101562,680.2776489257812,4226700,0.0,0.0
2025-09-22 00:00:00-04:00,686.530029296875,705.0800170898438,685.5499877929688,702.0900268554688,694.290283203125,2403400,0.0,0.0
2025-09-23 00:00:00-04:00,699.7999877929688,702.5399780273438,694.219970703125,699.1799926757812,691.41259765625,2400000,0.0,0.0
2025-09-24 00:00:00-04:00,703.7100219726562,703.7100219726562,688.9600219726562,694.7899780273438,687.0713500976562,1727800,0.0,0.0
2025-09-25 00:00:00-04:00,691.5900268554688,695.7899780273438,683.530029296875,692.6799926757812,684.98486328125,1548000,0.0,0.0
2025-09-26 00:00:00-04:00,692.6900024414062,700.0,690.219970703125,698.260009765625,690.5028076171875,1480500,0.0,0.0
2025-09-29 00:00:00-04:00,700.0499877929688,703.9600219726562,691.469970703125,694.6900024414062,686.9724731445312,1816500,0.0,0.0
2025-09-30 00:00:00-04:00,697.02001953125,702.1199951171875,680.1199951171875,682.9099731445312,675.3233642578125,2378600,0.0,0.0
2025-10-01 00:00:00-04:00,679.8400268554688,686.1900024414062,674.0800170898438,679.5,671.9512939453125,2151600,0.0,0.0
2025-10-02 00:00:00-04:00,676.77001953125,682.9500122070312,668.3599853515625,681.8599853515625,674.2850341796875,2289100,0.0,0.0
2025-10-03 00:00:00-04:00,677.0599975585938,688.3699951171875,677.0599975585938,679.9400024414062,672.3862915039062,1293900,0.0,0.0
2025-10-06 00:00:00-04:00,667.02001953125,676.1699829101562,658.3300170898438,670.0900268554688,662.6458740234375,2538400,0.0,0.0
2025-10-07 00:00:00-04:00,670.9199829101562,671.72998046875,654.3400268554688,657.989990234375,650.68017578125,1597800,0.0,0.0
2025-10-08 00:00:00-04:00,659.5700073242188,664.0,655.22998046875,657.7999877929688,650.4923095703125,1699800,0.0,0.0
2025-10-09 00:00:00-04:00,655.0,658.0,643.1599731445312,644.9199829101562,638.9209594726562,1698300,1.2,0.0
2025-10-10 00:00:00-04:00,645.4000244140625,653.1799926757812,641.22998046875,641.7899780273438,635.820068359375,3059300,0.0,0.0
2025-10-13 00:00:00-04:00,643.2000122070312,656.469970703125,642.6400146484375,655.6799926757812,649.5808715820312,1344900,0.0,0.0
2025-10-14 00:00:00-04:00,645.8200073242188,660.7100219726562,644.4500122070312,657.1599731445312,651.0470581054688,1243700,0.0,0.0
2025-10-15 00:00:00-04:00,657.0999755859375,657.4199829101562,647.760009765625,652.6900024414062,646.61865234375,1693000,0.0,0.0
2025-10-16 00:00:00-04:00,659.2100219726562,659.4000244140625,642.739990234375,646.989990234375,640.9717407226562,1248000,0.0,0.0
2025-10-17 00:00:00-04:00,647.5700073242188,662.27001953125,646.8400268554688,661.3900146484375,655.23779296875,1812900,0.0,0.0
2025-10-20 00:00:00-04:00,663.280029296875,668.8599853515625,658.489990234375,664.77001953125,658.5863037109375,1205800,0.0,0.0
2025-10-21 00:00:00-04:00,665.6699829101562,676.8800048828125,661.0,675.0399780273438,668.7607421875,1201600,0.0,0.0
2025-10-22 00:00:00-04:00,674.2000122070312,682.469970703125,670.4299926757812,670.77001953125,664.530517578125,1272000,0.0,0.0
2025-10-23 00:00:00-04:00,671.4600219726562,680.97998046875,669.5599975585938,677.719970703125,671.4158325195312,1474300,0.0,0.0
2025-10-24 00:00:00-04:00,684.260009765625,688.0,680.219970703125,683.0900268554688,676.7359619140625,1027700,0.0,0.0
2025-10-27 00:00:00-04:00,686.969970703125,689.1699829101562,677.2899780273438,683.3900146484375,677.0331420898438,1318200,0.0,0.0
2025-10-28 00:00:00-04:00,684.72998046875,688.9000244140625,678.25,678.9299926757812,672.6146240234375,1103300,0.0,0.0
2025-10-29 00:00:00-04:00,667.5800170898438,669.6199951171875,649.0999755859375,656.0399780273438,649.9375,1990900,0.0,0.0
2025-10-30 00:00:00-04:00,653.0800170898438,665.9299926757812,652.5,656.1799926757812,650.0762329101562,1435200,0.0,0.0
2025-10-31 00:00:00-04:00,656.0,671.8900146484375,653.7899780273438,667.5499877929688,661.3404541015625,1585500,0.0,0.0
2025-11-03 00:00:00-05:00,669.27001953125,677.1199951171875,660.5700073242188,676.1900024414062,669.9000854492188,1270500,0.0,0.0
2025-11-04 00:00:00-05:00,676.1900024414062,676.1900024414062,653.5399780273438,660.4199829101562,654.2767333984375,1542700,0.0,0.0
2025-11-05 00:00:00-05:00,656.8499755859375,662.5900268554688,653.719970703125,655.3300170898438,649.234130859375,1467100,0.0,0.0
2025-11-06 00:00:00-05:00,649.0,659.3599853515625,640.5700073242188,653.6400146484375,647.5598754882812,1866300,0.0,0.0
2025-11-07 00:00:00-05:00,653.75,654.6099853515625,633.469970703125,648.8499755859375,642.8143920898438,1697700,0.0,0.0
2025-11-10 00:00:00-05:00,649.5399780273438,654.2899780273438,645.4199829101562,653.27001953125,647.1932983398438,1530500,0.0,0.0
2025-11-11 00:00:00-05:00,653.02001953125,657.47998046875,648.7999877929688,654.3200073242188,648.2335815429688,1150100,0.0,0.0
2025-11-12 00:00:00-05:00,655.489990234375,661.510009765625,651.719970703125,659.2999877929688,653.1671752929688,1575200,0.0,0.0
2025-11-13 00:00:00-05:00,655.510009765625,662.5800170898438,649.0,650.1099853515625,644.0626831054688,1779300,0.0,0.0
2025-11-14 00:00:00-05:00,650.5700073242188,666.8200073242188,644.3599853515625,662.4099731445312,656.2482299804688,1438300,0.0,0.0
2025-11-17 00:00:00-05:00,662.510009765625,664.0,643.5,645.97998046875,639.9711303710938,1441500,0.0,0.0
2025-11-18 00:00:00-05:00,655.7999877929688,662.0,644.1500244140625,649.72998046875,643.6861572265625,2437200,0.0,0.0
2025-11-19 00:00:00-05:00,648.5800170898438,656.8099975585938,645.8699951171875,650.6199951171875,644.5679931640625,1288100,0.0,0.0
2025-11-20 00:00:00-05:00,653.6199951171875,664.5399780273438,637.4400024414062,637.4400024414062,631.5105590820312,2516600,0.0,0.0
2025-11-21 00:00:00-05:00,669.5999755859375,682.27001953125,659.510009765625,663.1500244140625,656.9813842773438,3802200,0.0,0.0
2025-11-24 00:00:00-05:00,665.3800048828125,671.010009765625,647.1500244140625,653.22998046875,647.1536254882812,3184200,0.0,0.0
2025-11-25 00:00:00-05:00,651.9500122070312,658.469970703125,640.3400268554688,648.0700073242188,642.0416259765625,1921900,0.0,0.0
2025-11-26 00:00:00-05:00,647.4299926757812,651.8800048828125,619.8200073242188,629.1300048828125,623.27783203125,2283300,0.0,0.0
2025-11-28 00:00:00-05:00,629.1300048828125,634.9199829101562,626.5,634.0800170898438,628.1817626953125,872900,0.0,0.0
2025-12-01 00:00:00-05:00,629.1099853515625,635.9000244140625,627.1400146484375,631.6199951171875,625.7446899414062,1864900,0.0,0.0
2025-12-02 00:00:00-05:00,632.3900146484375,635.739990234375,623.989990234375,635.6300048828125,629.7174072265625,1537300,0.0,0.0
2025-12-03 00:00:00-05:00,630.8599853515625,648.0999755859375,629.9000244140625,647.6799926757812,641.6552734375,1778900,0.0,0.0
2025-12-04 00:00:00-05:00,648.5900268554688,665.3200073242188,647.510009765625,663.0800170898438,656.9120483398438,2174200,0.0,0.0
2025-12-05 00:00:00-05:00,664.47998046875,676.5999755859375,663.5399780273438,673.6300048828125,667.3638916015625,2356400,0.0,0.0
2025-12-08 00:00:00-05:00,671.0399780273438,671.780029296875,653.739990234375,656.239990234375,650.1356811523438,1878900,0.0,0.0
2025-12-09 00:00:00-05:00,653.4199829101562,660.77001953125,650.469970703125,655.75,649.6502685546875,1386700,0.0,0.0
2025-12-10 00:00:00-05:00,653.9500122070312,669.4299926757812,652.75,662.4299926757812,656.26806640625,1596400,0.0,0.0
2025-12-11 00:00:00-05:00,659.4299926757812,678.3300170898438,657.9199829101562,676.010009765625,669.7217407226562,2815300,0.0,0.0
2025-12-12 00:00:00-05:00,679.4000244140625,681.2000122070312,666.8699951171875,670.9299926757812,664.6890258789062,1940900,0.0,0.0
2025-12-15 00:00:00-05:00,670.0399780273438,671.3699951171875,653.02001953125,654.5999755859375,648.5109252929688,1707100,0.0,0.0
2025-12-16 00:00:00-05:00,654.3900146484375,671.510009765625,648.2100219726562,669.3499755859375,663.1236572265625,1775000,0.0,0.0
2025-12-17 00:00:00-05:00,671.02001953125,676.2100219726562,660.1599731445312,660.780029296875,654.6334838867188,2237300,0.0,0.0
2025-12-18 00:00:00-05:00,663.75,676.5399780273438,661.5,668.8800048828125,662.6580810546875,2040200,0.0,0.0
2025-12-19 00:00:00-05:00,667.7999877929688,675.5999755859375,665.4400024414062,671.2999877929688,665.0556030273438,4555500,0.0,0.0
2025-12-22 00:00:00-05:00,675.219970703125,679.260009765625,671.0,675.2100219726562,668.92919921875,1184300,0.0,0.0
2025-12-23 00:00:00-05:00,671.6400146484375,676.0,666.4000244140625,674.1400146484375,667.869140625,954300,0.0,0.0
2025-12-24 00:00:00-05:00,672.6699829101562,676.5,672.030029296875,674.8300170898438,668.5527954101562,334100,0.0,0.0
2025-12-26 00:00:00-05:00,674.3400268554688,678.1300048828125,673.22998046875,676.5499877929688,670.2567138671875,555000,0.0,0.0
2025-12-29 00:00:00-05:00,672.7999877929688,678.5700073242188,670.989990234375,674.1500244140625,667.8790893554688,885900,0.0,0.0
2025-12-30 00:00:00-05:00,671.5599975585938,674.27001953125,668.5999755859375,669.8800048828125,663.6487426757812,1192200,0.0,0.0
