Date,Open,High,Low,Close,Adj Close,Volume,Dividends,Stock Splits
2021-01-04 00:00:00-05:00,95.77999877929688,95.95999908447266,93.18000030517578,93.98999786376953,83.2562255859375,987600,0.0,0.0
2021-01-05 00:00:00-05:00,93.80000305175781,94.48999786376953,92.33000183105469,94.2300033569336,83.46881103515625,825200,0.0,0.0
2021-01-06 00:00:00-05:00,93.76000213623047,95.25,93.33999633789062,93.93000030517578,83.20305633544922,1199500,0.0,0.0
2021-01-07 00:00:00-05:00,93.95999908447266,94.88999938964844,92.6500015258789,94.79000091552734,83.96485900878906,1090400,0.0,0.0
2021-01-08 00:00:00-05:00,95.0199966430664,95.4000015258789,94.05000305175781,95.20999908447266,84.33689880371094,842400,0.0,0.0
2021-01-11 00:00:00-05:00,95.54000091552734,95.86000061035156,93.08000183105469,93.62999725341797,82.93734741210938,765000,0.0,0.0
2021-01-12 00:00:00-05:00,93.68000030517578,93.94999694824219,91.95999908447266,92.44999694824219,81.89208221435547,1118600,0.0,0.0
2021-01-13 00:00:00-05:00,92.83999633789062,93.75,92.3499984741211,93.26000213623047,82.60958862304688,953700,0.0,0.0
2021-01-14 00:00:00-05:00,93.04000091552734,93.04000091552734,90.91999816894531,91.62000274658203,81.15686798095703,2018700,0.0,0.0
2021-01-15 00:00:00-05:00,91.86000061035156,93.95999908447266,91.4800033569336,93.43000030517578,82.76018524169922,1893300,0.0,0.0
2021-01-19 00:00:00-05:00,93.80999755859375,94.18000030517578,91.91999816894531,93.01000213623047,82.38811492919922,1442300,0.0,0.0
2021-01-20 00:00:00-05:00,92.80000305175781,93.05000305175781,91.22000122070312,91.75,81.27202606201172,1143000,0.0,0.0
2021-01-21 00:00:00-05:00,91.75,91.83999633789062,90.55999755859375,91.45999908447266,81.0151596069336,878400,0.0,0.0
2021-01-22 00:00:00-05:00,91.51000213623047,92.31999969482422,90.48999786376953,91.87000274658203,81.37832641601562,1051900,0.0,0.0
2021-01-25 00:00:00-05:00,92.11000061035156,94.86000061035156,91.93000030517578,94.55000305175781,83.75226593017578,1513100,0.0,0.0
2021-01-26 00:00:00-05:00,94.55000305175781,96.41000366210938,93.77999877929688,96.08999633789062,85.11640930175781,1613800,0.0,0.0
2021-01-27 00:00:00-05:00,95.87000274658203,98.80000305175781,93.95999908447266,94.06999969482422,83.32710266113281,2608500,0.0,0.0
2021-01-28 00:00:00-05:00,91.0,94.98999786376953,89.66000366210938,91.0199966430664,80.62537384033203,1862700,0.0,0.0
2021-01-29 00:00:00-05:00,90.6500015258789,91.19999694824219,88.37999725341797,89.54000091552734,79.31442260742188,2733500,0.0,0.0
2021-02-01 00:00:00-05:00,89.26000213623047,90.02999877929688,87.38999938964844,89.18000030517578,78.99555206298828,1402800,0.0,0.0
2021-02-02 00:00:00-05:00,89.23999786376953,91.16999816894531,88.58000183105469,89.4800033569336,79.26126098632812,1132800,0.0,0.0
2021-02-03 00:00:00-05:00,89.37000274658203,89.91000366210938,87.66000366210938,88.72000122070312,78.58806610107422,1315900,0.0,0.0
2021-02-04 00:00:00-05:00,88.76000213623047,89.62999725341797,88.5,88.87999725341797,78.72978973388672,835200,0.0,0.0
2021-02-05 00:00:00-05:00,89.25,90.98999786376953,88.5999984741211,90.29000091552734,79.97875213623047,1610200,0.0,0.0
2021-02-08 00:00:00-05:00,90.91000366210938,91.19999694824219,89.70999908447266,90.83000183105469,80.45711517333984,858900,0.0,0.0
2021-02-09 00:00:00-05:00,90.98999786376953,91.3499984741211,90.25,90.7699966430664,80.40394592285156,792600,0.0,0.0
2021-02-10 00:00:00-05:00,91.48999786376953,91.48999786376953,90.12000274658203,90.80000305175781,80.4305419921875,710500,0.0,0.0
2021-02-11 00:00:00-05:00,90.61000061035156,91.08999633789062,89.44999694824219,89.87999725341797,79.61559295654297,611400,0.0,0.0
2021-02-12 00:00:00-05:00,89.87999725341797,90.12999725341797,88.63999938964844,89.6500015258789,79.411865234375,1062000,0.0,0.0
2021-02-16 00:00:00-05:00,89.69999694824219,90.11000061035156,86.87000274658203,86.93000030517578,77.00248718261719,2056800,0.0,0.0
2021-02-17 00:00:00-05:00,86.22000122070312,86.80999755859375,85.5999984741211,85.94999694824219,76.1343994140625,3036000,0.0,0.0
2021-02-18 00:00:00-05:00,85.87000274658203,87.58999633789062,85.06999969482422,86.48999786376953,76.61272430419922,1917000,0.0,0.0
2021-02-19 00:00:00-05:00,86.81999969482422,86.81999969482422,83.97000122070312,84.12000274658203,74.51338195800781,1446300,0.0,0.0
2021-02-22 00:00:00-05:00,84.12000274658203,84.12000274658203,82.76000213623047,83.95999908447266,74.37165832519531,1404400,0.0,0.0
2021-02-23 00:00:00-05:00,84.26000213623047,85.63999938964844,83.91000366210938,84.37000274658203,74.7348403930664,1376700,0.0,0.0
2021-02-24 00:00:00-05:00,83.6500015258789,85.3499984741211,83.54000091552734,84.80000305175781,75.11575317382812,2024800,0.0,0.0
2021-02-25 00:00:00-05:00,84.88999938964844,85.83999633789062,83.91999816894531,84.41000366210938,74.77027130126953,767800,0.0,0.0
2021-02-26 00:00:00-05:00,84.51000213623047,84.79000091552734,83.76000213623047,84.27999877929688,74.6551284790039,1377700,0.0,0.0
2021-03-01 00:00:00-05:00,84.79000091552734,85.4000015258789,84.19000244140625,84.55000305175781,74.89429473876953,1287700,0.0,0.0
2021-03-02 00:00:00-05:00,84.69000244140625,85.51000213623047,84.11000061035156,84.9000015258789,75.2043228149414,866400,0.0,0.0
2021-03-03 00:00:00-05:00,84.6500015258789,84.9000015258789,83.13999938964844,83.19000244140625,73.68958282470703,1440400,0.0,0.0
2021-03-04 00:00:00-05:00,83.58999633789062,84.62999725341797,82.58000183105469,82.9000015258789,73.43270111083984,1665000,0.0,0.0
2021-03-05 00:00:00-05:00,83.13999938964844,84.9000015258789,82.02999877929688,84.43000030517578,74.78799438476562,1162400,0.0,0.0
2021-03-08 00:00:00-05:00,84.52999877929688,84.75,83.66000366210938,84.1500015258789,74.53995513916016,1401800,0.0,0.0
2021-03-09 00:00:00-05:00,84.5,86.31999969482422,84.31999969482422,85.0199966430664,75.31060791015625,1351600,0.0,0.0
2021-03-10 00:00:00-05:00,85.22000122070312,86.29000091552734,84.05000305175781,85.9000015258789,76.09011840820312,1034400,0.0,0.0
2021-03-11 00:00:00-05:00,85.66000366210938,86.80000305175781,85.38999938964844,85.81999969482422,76.01923370361328,851700,0.0,0.0
2021-03-12 00:00:00-05:00,86.20999908447266,86.88999938964844,85.45999908447266,86.80999755859375,76.89618682861328,1097100,0.0,0.0
2021-03-15 00:00:00-04:00,87.16999816894531,88.05000305175781,86.93000030517578,87.33999633789062,77.36563873291016,1530700,0.0,0.0
2021-03-16 00:00:00-04:00,87.30999755859375,87.9000015258789,86.77999877929688,87.2300033569336,77.26824188232422,966500,0.0,0.0
2021-03-17 00:00:00-04:00,86.66000366210938,87.41999816894531,86.19999694824219,86.6500015258789,76.75444030761719,1410600,0.0,0.0
2021-03-18 00:00:00-04:00,86.22000122070312,86.94000244140625,85.4800033569336,86.31999969482422,76.4621353149414,1093600,0.0,0.0
2021-03-19 00:00:00-04:00,86.5,87.91000366210938,86.3499984741211,86.54000091552734,76.65702819824219,2363000,0.0,0.0
2021-03-22 00:00:00-04:00,86.63999938964844,87.91999816894531,86.38999938964844,87.8499984741211,77.81742858886719,976100,0.0,0.0
2021-03-23 00:00:00-04:00,88.18000030517578,88.33999633789062,87.0199966430664,87.55999755859375,77.5605239868164,1043500,0.0,0.0
2021-03-24 00:00:00-04:00,86.62999725341797,88.04000091552734,86.0,87.52999877929688,77.53397369384766,1238400,0.0,0.0
2021-03-25 00:00:00-04:00,88.0999984741211,89.26000213623047,87.4000015258789,88.69999694824219,78.5703353881836,974000,0.0,0.0
2021-03-26 00:00:00-04:00,88.5,90.51000213623047,88.5,90.20999908447266,79.90789794921875,1411100,0.0,0.0
2021-03-29 00:00:00-04:00,90.0,91.0,89.4000015258789,90.12999725341797,79.83705139160156,1647900,0.0,0.0
2021-03-30 00:00:00-04:00,95.8499984741211,95.88999938964844,89.56999969482422,89.9000015258789,79.63331604003906,4028600,0.0,0.0
2021-03-31 00:00:00-04:00,89.72000122070312,89.87000274658203,88.81999969482422,89.16000366210938,78.97782135009766,1795500,0.0,0.0
2021-04-01 00:00:00-04:00,89.08999633789062,90.1500015258789,87.58000183105469,89.23999786376953,79.04867553710938,1808800,0.0,0.0
2021-04-05 00:00:00-04:00,89.16999816894531,90.26000213623047,88.58999633789062,89.08000183105469,78.9069595336914,1226300,0.0,0.0
2021-04-06 00:00:00-04:00,88.80999755859375,89.94000244140625,88.70999908447266,89.7300033569336,79.48271942138672,1231400,0.0,0.0
2021-04-07 00:00:00-04:00,90.05000305175781,90.05000305175781,88.69999694824219,89.16000366210938,78.97782135009766,1211600,0.0,0.0
2021-04-08 00:00:00-04:00,89.01000213623047,89.93000030517578,89.01000213623047,89.63999938964844,79.40299987792969,2671700,0.0,0.0
2021-04-09 00:00:00-04:00,89.18000030517578,89.80999755859375,87.72000122070312,88.11000061035156,78.3448715209961,959500,0.34,0.0
2021-04-12 00:00:00-04:00,88.06999969482422,88.5,87.61000061035156,88.2300033569336,78.45158386230469,1277400,0.0,0.0
2021-04-13 00:00:00-04:00,88.02999877929688,88.76000213623047,87.86000061035156,88.0199966430664,78.26485443115234,1496000,0.0,0.0
2021-04-14 00:00:00-04:00,88.08999633789062,88.23999786376953,86.9800033569336,87.91000366210938,78.16703796386719,877300,0.0,0.0
2021-04-15 00:00:00-04:00,88.22000122070312,88.56999969482422,87.94999694824219,88.4800033569336,78.67388153076172,769400,0.0,0.0
2021-04-16 00:00:00-04:00,88.73999786376953,88.88999938964844,88.02999877929688,88.79000091552734,78.94953918457031,935000,0.0,0.0
2021-04-19 00:00:00-04:00,88.5999984741211,89.08000183105469,87.87000274658203,88.8499984741211,79.00287628173828,1315500,0.0,0.0
2021-04-20 00:00:00-04:00,88.76000213623047,90.68000030517578,88.58000183105469,90.62000274658203,80.57670593261719,1822000,0.0,0.0
2021-04-21 00:00:00-04:00,91.16999816894531,92.12000274658203,91.0,91.91999816894531,81.73263549804688,1770000,0.0,0.0
2021-04-22 00:00:00-04:00,91.91999816894531,92.11000061035156,91.19999694824219,91.41999816894531,81.28803253173828,1042900,0.0,0.0
2021-04-23 00:00:00-04:00,91.4000015258789,91.81999969482422,90.7699966430664,91.47000122070312,81.3324966430664,1369000,0.0,0.0
2021-04-26 00:00:00-04:00,91.5,91.5,90.0999984741211,90.3499984741211,80.33662414550781,1651600,0.0,0.0
2021-04-27 00:00:00-04:00,90.30000305175781,90.5,89.41000366210938,89.87000274658203,79.90982818603516,956900,0.0,0.0
2021-04-28 00:00:00-04:00,90.08000183105469,90.58999633789062,89.12000274658203,89.31999969482422,79.42078399658203,712200,0.0,0.0
2021-04-29 00:00:00-04:00,89.43000030517578,90.81999969482422,89.43000030517578,90.5999984741211,80.55892181396484,669400,0.0,0.0
2021-04-30 00:00:00-04:00,90.62000274658203,90.80999755859375,89.79000091552734,90.36000061035156,80.34552001953125,1719400,0.0,0.0
2021-05-03 00:00:00-04:00,90.26000213623047,91.54000091552734,90.26000213623047,90.9000015258789,80.82568359375,725600,0.0,0.0
2021-05-04 00:00:00-04:00,91.16000366210938,91.44999694824219,89.8499984741211,90.37000274658203,80.35442352294922,1104200,0.0,0.0
2021-05-05 00:00:00-04:00,90.1500015258789,90.62000274658203,89.7300033569336,90.45999908447266,80.43443298339844,918100,0.0,0.0
2021-05-06 00:00:00-04:00,90.9800033569336,91.83000183105469,89.70999908447266,90.2300033569336,80.22994232177734,1206300,0.0,0.0
2021-05-07 00:00:00-04:00,90.12999725341797,90.5,88.80999755859375,89.33000183105469,79.42967987060547,843200,0.0,0.0
2021-05-10 00:00:00-04:00,89.55000305175781,91.62000274658203,89.41000366210938,90.68000030517578,80.63004302978516,1765000,0.0,0.0
2021-05-11 00:00:00-04:00,91.11000061035156,91.31999969482422,89.25,89.72000122070312,79.77645874023438,1029600,0.0,0.0
2021-05-12 00:00:00-04:00,89.80000305175781,90.06999969482422,88.75,88.94000244140625,79.0828857421875,951300,0.0,0.0
2021-05-13 00:00:00-04:00,88.58999633789062,90.66999816894531,88.5,90.26000213623047,80.25659942626953,1384900,0.0,0.0
2021-05-14 00:00:00-04:00,90.19999694824219,90.56999969482422,89.55999755859375,89.55999755859375,79.6341781616211,876700,0.0,0.0
2021-05-17 00:00:00-04:00,89.83000183105469,90.4800033569336,89.11000061035156,89.13999938964844,79.2607192993164,948800,0.0,0.0
2021-05-18 00:00:00-04:00,88.8499984741211,90.18000030517578,88.55999755859375,89.19000244140625,79.30519104003906,1048400,0.0,0.0
2021-05-19 00:00:00-04:00,89.11000061035156,89.8499984741211,88.68000030517578,89.80999755859375,79.85648345947266,1174600,0.0,0.0
2021-05-20 00:00:00-04:00,89.61000061035156,91.37000274658203,89.31999969482422,90.87000274658203,80.79898071289062,1123400,0.0,0.0
2021-05-21 00:00:00-04:00,91.12999725341797,91.66999816894531,90.2300033569336,90.5999984741211,80.55892181396484,1354500,0.0,0.0
2021-05-24 00:00:00-04:00,90.80000305175781,91.3499984741211,90.44999694824219,90.5999984741211,80.55892181396484,959400,0.0,0.0
2021-05-25 00:00:00-04:00,90.62000274658203,90.62000274658203,89.43000030517578,90.30000305175781,80.29217529296875,1089100,0.0,0.0
2021-05-26 00:00:00-04:00,90.44999694824219,90.66000366210938,88.11000061035156,89.66000366210938,79.72310638427734,1418600,0.0,0.0
2021-05-27 00:00:00-04:00,89.80999755859375,90.05000305175781,88.56999969482422,88.69999694824219,78.86947631835938,3122700,0.0,0.0
2021-05-28 00:00:00-04:00,88.98999786376953,89.9000015258789,88.87999725341797,89.05999755859375,79.18959045410156,1794500,0.0,0.0
2021-06-01 00:00:00-04:00,89.41999816894531,89.77999877929688,88.45999908447266,88.93000030517578,79.0739974975586,1274700,0.0,0.0
2021-06-02 00:00:00-04:00,89.20999908447266,89.7699966430664,88.88999938964844,89.68000030517578,79.7408676147461,882800,0.0,0.0
2021-06-03 00:00:00-04:00,89.51000213623047,89.7300033569336,88.87999725341797,89.66999816894531,79.73198699951172,927800,0.0,0.0
2021-06-04 00:00:00-04:00,89.83000183105469,90.0,89.25,89.80999755859375,79.85648345947266,698200,0.0,0.0
2021-06-07 00:00:00-04:00,89.80000305175781,89.8499984741211,88.62000274658203,89.48999786376953,79.57194519042969,1064500,0.0,0.0
2021-06-08 00:00:00-04:00,89.7300033569336,89.97000122070312,88.0,88.5,78.691650390625,1177600,0.0,0.0
2021-06-09 00:00:00-04:00,88.06999969482422,88.91000366210938,87.75,88.12999725341797,78.36268615722656,1620900,0.0,0.0
2021-06-10 00:00:00-04:00,88.4000015258789,88.8499984741211,88.04000091552734,88.73999786376953,78.90505981445312,1190900,0.0,0.0
2021-06-11 00:00:00-04:00,88.79000091552734,89.0,88.0999984741211,88.8499984741211,79.00287628173828,1565200,0.0,0.0
2021-06-14 00:00:00-04:00,88.69999694824219,89.20999908447266,88.37999725341797,89.19999694824219,79.3140869140625,861500,0.0,0.0
2021-06-15 00:00:00-04:00,89.41000366210938,89.54000091552734,88.6500015258789,88.7699966430664,78.9317398071289,1005800,0.0,0.0
2021-06-16 00:00:00-04:00,88.8499984741211,89.0,87.43000030517578,87.56999969482422,77.86471557617188,952300,0.0,0.0
2021-06-17 00:00:00-04:00,87.4800033569336,87.81999969482422,86.68000030517578,87.54000091552734,77.83805084228516,1111400,0.0,0.0
2021-06-18 00:00:00-04:00,87.27999877929688,87.7300033569336,86.05000305175781,86.12999725341797,76.58432006835938,2690400,0.0,0.0
2021-06-21 00:00:00-04:00,86.16999816894531,87.2699966430664,86.16999816894531,87.16999816894531,77.50907135009766,1301100,0.0,0.0
2021-06-22 00:00:00-04:00,87.16999816894531,87.88999938964844,87.0,87.26000213623047,77.58909606933594,1081600,0.0,0.0
2021-06-23 00:00:00-04:00,87.22000122070312,87.22000122070312,86.08000183105469,86.11000061035156,76.56654357910156,1621600,0.0,0.0
2021-06-24 00:00:00-04:00,86.20999908447266,86.4000015258789,85.58000183105469,86.27999877929688,76.71769714355469,910900,0.0,0.0
2021-06-25 00:00:00-04:00,86.31999969482422,87.45999908447266,86.02999877929688,87.27999877929688,77.60687255859375,4280900,0.0,0.0
2021-06-28 00:00:00-04:00,87.62999725341797,88.70999908447266,87.55000305175781,88.1500015258789,78.38046264648438,1252600,0.0,0.0
2021-06-29 00:00:00-04:00,88.1500015258789,88.69999694824219,87.33000183105469,87.62000274658203,77.9092025756836,1280500,0.0,0.0
2021-06-30 00:00:00-04:00,87.9800033569336,88.4800033569336,87.44999694824219,88.31999969482422,78.53160095214844,1817500,0.0,0.0
2021-07-01 00:00:00-04:00,87.48999786376953,88.95999908447266,86.69000244140625,87.97000122070312,78.22039794921875,2431600,0.0,0.0
2021-07-02 00:00:00-04:00,88.62000274658203,89.2300033569336,88.19000244140625,88.58999633789062,78.77168273925781,1127800,0.0,0.0
2021-07-06 00:00:00-04:00,88.5,88.62000274658203,87.4000015258789,88.05000305175781,78.29154205322266,1045200,0.0,0.0
2021-07-07 00:00:00-04:00,87.9000015258789,88.77999877929688,87.69000244140625,88.18000030517578,78.4071273803711,989400,0.0,0.0
2021-07-08 00:00:00-04:00,87.87000274658203,88.6500015258789,86.88999938964844,87.08000183105469,77.42904663085938,1285100,0.0,0.0
2021-07-09 00:00:00-04:00,87.16000366210938,87.2699966430664,86.37000274658203,87.0999984741211,77.75038146972656,1060500,0.34,0.0
2021-07-12 00:00:00-04:00,86.94999694824219,86.94999694824219,85.8499984741211,86.69000244140625,77.3843994140625,1208300,0.0,0.0
2021-07-13 00:00:00-04:00,86.55000305175781,86.88999938964844,85.5199966430664,85.69999694824219,76.50067901611328,867900,0.0,0.0
2021-07-14 00:00:00-04:00,85.62999725341797,86.44000244140625,85.29000091552734,86.18000030517578,76.92915344238281,953000,0.0,0.0
2021-07-15 00:00:00-04:00,86.1500015258789,87.08999633789062,85.83999633789062,87.06999969482422,77.7236099243164,611200,0.0,0.0
2021-07-16 00:00:00-04:00,87.29000091552734,87.97000122070312,87.0,87.9000015258789,78.46451568603516,790200,0.0,0.0
2021-07-19 00:00:00-04:00,87.70999908447266,88.63999938964844,87.33000183105469,88.61000061035156,79.09831237792969,1234900,0.0,0.0
2021-07-20 00:00:00-04:00,88.6500015258789,89.52999877929688,87.62000274658203,87.69999694824219,78.28595733642578,1004700,0.0,0.0
2021-07-21 00:00:00-04:00,87.58999633789062,87.6500015258789,85.54000091552734,85.55999755859375,76.37569427490234,1354700,0.0,0.0
2021-07-22 00:00:00-04:00,85.36000061035156,85.41000366210938,84.37000274658203,84.7300033569336,75.63481140136719,1130900,0.0,0.0
2021-07-23 00:00:00-04:00,84.81999969482422,85.95999908447266,84.51000213623047,85.72000122070312,76.5185317993164,986500,0.0,0.0
2021-07-26 00:00:00-04:00,85.16999816894531,85.75,84.98999786376953,85.37999725341797,76.21504211425781,817400,0.0,0.0
2021-07-27 00:00:00-04:00,85.33999633789062,86.58000183105469,85.06999969482422,85.75,76.5453109741211,1168400,0.0,0.0
2021-07-28 00:00:00-04:00,85.41999816894531,85.70999908447266,84.2699966430664,84.69999694824219,75.60802459716797,972800,0.0,0.0
2021-07-29 00:00:00-04:00,85.01000213623047,85.06999969482422,84.08000183105469,84.25,75.2063217163086,870500,0.0,0.0
2021-07-30 00:00:00-04:00,84.47000122070312,85.08999633789062,84.08999633789062,84.16999816894531,75.13492584228516,1402400,0.0,0.0
2021-08-02 00:00:00-04:00,84.20999908447266,84.76000213623047,83.8499984741211,84.08999633789062,75.06349182128906,826500,0.0,0.0
2021-08-03 00:00:00-04:00,83.98999786376953,84.94000244140625,83.7300033569336,83.79000091552734,74.79569244384766,848500,0.0,0.0
2021-08-04 00:00:00-04:00,83.7300033569336,83.83000183105469,82.66999816894531,83.18000030517578,74.25117492675781,1048300,0.0,0.0
2021-08-05 00:00:00-04:00,83.36000061035156,83.63999938964844,82.91000366210938,83.25,74.31365966796875,908800,0.0,0.0
2021-08-06 00:00:00-04:00,83.18000030517578,83.94999694824219,83.08000183105469,83.43000030517578,74.47433471679688,809400,0.0,0.0
2021-08-09 00:00:00-04:00,83.68000030517578,84.0,83.23999786376953,83.69999694824219,74.71536254882812,655700,0.0,0.0
2021-08-10 00:00:00-04:00,83.80999755859375,84.31999969482422,83.63999938964844,84.23999786376953,75.19739532470703,1520800,0.0,0.0
2021-08-11 00:00:00-04:00,84.23999786376953,85.91999816894531,84.23999786376953,85.4800033569336,76.30429077148438,1218300,0.0,0.0
2021-08-12 00:00:00-04:00,85.61000061035156,85.83999633789062,85.08999633789062,85.68000030517578,76.4828109741211,908400,0.0,0.0
2021-08-13 00:00:00-04:00,86.04000091552734,86.94999694824219,85.9000015258789,86.68000030517578,77.37548065185547,876500,0.0,0.0
2021-08-16 00:00:00-04:00,86.80000305175781,87.44000244140625,86.41999816894531,87.37999725341797,78.00033569335938,825000,0.0,0.0
2021-08-17 00:00:00-04:00,87.43000030517578,88.02999877929688,87.08000183105469,87.83999633789062,78.41095733642578,654800,0.0,0.0
2021-08-18 00:00:00-04:00,87.72000122070312,87.9800033569336,86.30999755859375,86.33999633789062,77.07198333740234,700600,0.0,0.0
2021-08-19 00:00:00-04:00,86.20999908447266,87.58999633789062,86.20999908447266,87.4800033569336,78.089599609375,830600,0.0,0.0
2021-08-20 00:00:00-04:00,87.19999694824219,87.91999816894531,86.80999755859375,87.55999755859375,78.16101837158203,1002000,0.0,0.0
2021-08-23 00:00:00-04:00,87.4000015258789,87.5,86.43000030517578,86.7300033569336,77.42010498046875,979100,0.0,0.0
2021-08-24 00:00:00-04:00,86.73999786376953,86.73999786376953,85.52999877929688,85.87999725341797,76.6613540649414,1036300,0.0,0.0
2021-08-25 00:00:00-04:00,85.66000366210938,85.88999938964844,84.91999816894531,85.55999755859375,76.37569427490234,766300,0.0,0.0
2021-08-26 00:00:00-04:00,85.30999755859375,85.5,84.30999755859375,84.93000030517578,75.81332397460938,659400,0.0,0.0
2021-08-27 00:00:00-04:00,84.93000030517578,85.66999816894531,84.63999938964844,85.22000122070312,76.07219696044922,532100,0.0,0.0
2021-08-30 00:00:00-04:00,85.12000274658203,85.83999633789062,84.87999725341797,85.44999694824219,76.27749633789062,397500,0.0,0.0
2021-08-31 00:00:00-04:00,85.58000183105469,86.37999725341797,85.01000213623047,86.29000091552734,77.02732849121094,1019200,0.0,0.0
2021-09-01 00:00:00-04:00,86.51000213623047,87.62000274658203,86.37999725341797,87.4000015258789,78.01819610595703,964800,0.0,0.0
2021-09-02 00:00:00-04:00,87.3499984741211,88.06999969482422,87.33000183105469,88.04000091552734,78.5895004272461,822100,0.0,0.0
2021-09-03 00:00:00-04:00,88.0,88.4000015258789,87.54000091552734,88.08000183105469,78.62518310546875,517600,0.0,0.0
2021-09-07 00:00:00-04:00,87.98999786376953,87.98999786376953,86.54000091552734,86.97000122070312,77.63433837890625,778000,0.0,0.0
2021-09-08 00:00:00-04:00,87.0999984741211,88.51000213623047,87.0999984741211,88.3499984741211,78.8662109375,946300,0.0,0.0
2021-09-09 00:00:00-04:00,88.29000091552734,88.33999633789062,86.73999786376953,86.76000213623047,77.44690704345703,980000,0.0,0.0
2021-09-10 00:00:00-04:00,86.6500015258789,86.91000366210938,85.47000122070312,85.55000305175781,76.36678314208984,1938500,0.0,0.0
2021-09-13 00:00:00-04:00,85.81999969482422,86.62000274658203,85.12000274658203,85.1500015258789,76.00971984863281,850800,0.0,0.0
2021-09-14 00:00:00-04:00,85.06999969482422,85.47000122070312,84.77999877929688,85.08000183105469,75.94722747802734,1143000,0.0,0.0
2021-09-15 00:00:00-04:00,84.80000305175781,85.83999633789062,84.62000274658203,85.3499984741211,76.18824768066406,1021700,0.0,0.0
2021-09-16 00:00:00-04:00,85.4000015258789,86.5199966430664,84.88999938964844,86.11000061035156,76.86664581298828,1180400,0.0,0.0
2021-09-17 00:00:00-04:00,86.18000030517578,86.80000305175781,85.76000213623047,86.2699966430664,77.00949096679688,2386700,0.0,0.0
2021-09-20 00:00:00-04:00,85.80999755859375,86.62999725341797,85.11000061035156,85.6500015258789,76.45603942871094,1596900,0.0,0.0
2021-09-21 00:00:00-04:00,85.7300033569336,86.58999633789062,85.36000061035156,85.47000122070312,76.29536437988281,1039400,0.0,0.0
2021-09-22 00:00:00-04:00,86.12000274658203,86.2699966430664,85.04000091552734,85.33000183105469,76.17039489746094,972600,0.0,0.0
2021-09-23 00:00:00-04:00,85.5199966430664,86.16000366210938,84.62999725341797,84.77999877929688,75.67942810058594,806500,0.0,0.0
2021-09-24 00:00:00-04:00,84.62999725341797,85.19000244140625,84.3499984741211,84.55000305175781,75.47411346435547,850100,0.0,0.0
2021-09-27 00:00:00-04:00,84.5999984741211,85.36000061035156,84.23999786376953,84.3499984741211,75.29557800292969,1255700,0.0,0.0
2021-09-28 00:00:00-04:00,84.23999786376953,84.54000091552734,82.72000122070312,83.26000213623047,74.3226089477539,1559900,0.0,0.0
2021-09-29 00:00:00-04:00,83.19999694824219,84.27999877929688,83.19999694824219,83.69000244140625,74.7064437866211,1680800,0.0,0.0
2021-09-30 00:00:00-04:00,81.0,83.16999816894531,80.31999969482422,81.02999877929688,72.33196258544922,2376900,0.0,0.0
2021-10-01 00:00:00-04:00,80.80000305175781,81.48999786376953,80.33999633789062,80.70999908447266,72.04632568359375,1432300,0.0,0.0
2021-10-04 00:00:00-04:00,80.69000244140625,82.04000091552734,80.48999786376953,80.69000244140625,72.0284652709961,1451700,0.0,0.0
2021-10-05 00:00:00-04:00,80.58999633789062,80.98999786376953,79.97000122070312,80.05000305175781,71.45716857910156,1602500,0.0,0.0
2021-10-06 00:00:00-04:00,79.86000061035156,80.33999633789062,79.11000061035156,80.27999877929688,71.6624526977539,1245400,0.0,0.0
2021-10-07 00:00:00-04:00,80.3499984741211,81.36000061035156,80.2699966430664,80.43000030517578,71.79637145996094,1679900,0.0,0.0
2021-10-08 00:00:00-04:00,80.4000015258789,80.62999725341797,79.12999725341797,79.30999755859375,71.09713745117188,1084100,0.34,0.0
2021-10-11 00:00:00-04:00,79.08000183105469,79.91000366210938,78.4000015258789,78.41999816894531,70.29931640625,1008200,0.0,0.0
2021-10-12 00:00:00-04:00,78.30999755859375,78.9000015258789,77.8499984741211,78.0999984741211,70.01244354248047,1453400,0.0,0.0
2021-10-13 00:00:00-04:00,78.19999694824219,79.05999755859375,77.8499984741211,78.88999938964844,70.72065734863281,1092400,0.0,0.0
2021-10-14 00:00:00-04:00,79.12999725341797,80.29000091552734,79.04000091552734,80.26000213623047,71.94876861572266,1096300,0.0,0.0
2021-10-15 00:00:00-04:00,80.41999816894531,80.5,79.37999725341797,79.62999725341797,71.3840103149414,875700,0.0,0.0
2021-10-18 00:00:00-04:00,79.20999908447266,80.1500015258789,78.98999786376953,79.41000366210938,71.1867904663086,881200,0.0,0.0
2021-10-19 00:00:00-04:00,79.66999816894531,79.93000030517578,79.16000366210938,79.87999725341797,71.60810852050781,626700,0.0,0.0
2021-10-20 00:00:00-04:00,80.12999725341797,81.08000183105469,80.12999725341797,80.69000244140625,72.33424377441406,880700,0.0,0.0
2021-10-21 00:00:00-04:00,80.94999694824219,81.01000213623047,80.18000030517578,80.30999755859375,71.99361419677734,1043600,0.0,0.0
2021-10-22 00:00:00-04:00,80.29000091552734,81.56999969482422,80.29000091552734,80.7300033569336,72.37010192871094,815700,0.0,0.0
2021-10-25 00:00:00-04:00,80.63999938964844,80.83000183105469,80.0,80.68000030517578,72.32527923583984,862500,0.0,0.0
2021-10-26 00:00:00-04:00,80.76000213623047,81.36000061035156,80.55999755859375,81.05999755859375,72.66590881347656,831700,0.0,0.0
2021-10-27 00:00:00-04:00,81.41999816894531,81.5,79.97000122070312,80.47000122070312,72.13703155517578,862700,0.0,0.0
2021-10-28 00:00:00-04:00,80.41000366210938,81.23999786376953,80.30000305175781,81.18000030517578,72.77351379394531,812600,0.0,0.0
2021-10-29 00:00:00-04:00,81.04000091552734,81.76000213623047,79.8499984741211,80.2300033569336,71.92188262939453,1571200,0.0,0.0
2021-11-01 00:00:00-04:00,80.02999877929688,80.94000244140625,80.02999877929688,80.69000244140625,72.33424377441406,815600,0.0,0.0
2021-11-02 00:00:00-04:00,80.94000244140625,81.41999816894531,79.66000366210938,81.36000061035156,72.93484497070312,871000,0.0,0.0
2021-11-03 00:00:00-04:00,81.41999816894531,82.27999877929688,81.30999755859375,82.25,73.73270416259766,897600,0.0,0.0
2021-11-04 00:00:00-04:00,81.88999938964844,82.08000183105469,81.05000305175781,81.30999755859375,72.89002990722656,884000,0.0,0.0
2021-11-05 00:00:00-04:00,81.30000305175781,81.88999938964844,80.9800033569336,81.2300033569336,72.81831359863281,714600,0.0,0.0
2021-11-08 00:00:00-05:00,81.05999755859375,81.05999755859375,79.2699966430664,80.31999969482422,72.0025405883789,1240600,0.0,0.0
2021-11-09 00:00:00-05:00,80.27999877929688,80.98999786376953,79.93000030517578,80.9800033569336,72.5942153930664,855900,0.0,0.0
2021-11-10 00:00:00-05:00,81.18000030517578,82.3499984741211,81.0,82.30999755859375,73.7864761352539,1139200,0.0,0.0
2021-11-11 00:00:00-05:00,82.30999755859375,82.30999755859375,81.16999816894531,81.45999908447266,73.02449798583984,805800,0.0,0.0
2021-11-12 00:00:00-05:00,81.80999755859375,82.52999877929688,81.52999877929688,81.76000213623047,73.29344177246094,687100,0.0,0.0
2021-11-15 00:00:00-05:00,82.11000061035156,83.06999969482422,81.63999938964844,82.69000244140625,74.12715148925781,876800,0.0,0.0
2021-11-16 00:00:00-05:00,82.87999725341797,83.6500015258789,82.8499984741211,83.4800033569336,74.83534240722656,877200,0.0,0.0
2021-11-17 00:00:00-05:00,83.37000274658203,83.98999786376953,82.94999694824219,83.94999694824219,75.25665283203125,984500,0.0,0.0
2021-11-18 00:00:00-05:00,83.80000305175781,83.80000305175781,82.63999938964844,83.55000305175781,74.89807891845703,1007700,0.0,0.0
2021-11-19 00:00:00-05:00,84.11000061035156,85.02999877929688,83.69999694824219,83.97000122070312,75.27458190917969,1686100,0.0,0.0
2021-11-22 00:00:00-05:00,83.91000366210938,85.08999633789062,83.36000061035156,84.7699966430664,75.99172973632812,1677000,0.0,0.0
2021-11-23 00:00:00-05:00,84.93000030517578,85.77999877929688,84.62000274658203,85.41000366210938,76.56546783447266,1115600,0.0,0.0
2021-11-24 00:00:00-05:00,85.41000366210938,85.81999969482422,84.83000183105469,85.48999786376953,76.63717651367188,948300,0.0,0.0
2021-11-26 00:00:00-05:00,85.5,87.30000305175781,85.18000030517578,85.54000091552734,76.68201446533203,1402300,0.0,0.0
2021-11-29 00:00:00-05:00,85.80999755859375,87.25,85.4000015258789,86.98999786376953,77.98184967041016,2159100,0.0,0.0
2021-11-30 00:00:00-05:00,86.3499984741211,87.19999694824219,85.37999725341797,85.81999969482422,76.9330062866211,6211300,0.0,0.0
2021-12-01 00:00:00-05:00,86.16999816894531,88.27999877929688,86.0999984741211,86.55000305175781,77.5874252319336,2402400,0.0,0.0
2021-12-02 00:00:00-05:00,86.94000244140625,88.11000061035156,86.88999938964844,87.01000213623047,77.99978637695312,1672400,0.0,0.0
2021-12-03 00:00:00-05:00,87.62999725341797,88.56999969482422,87.0999984741211,88.54000091552734,79.37134552001953,1223700,0.0,0.0
2021-12-06 00:00:00-05:00,89.04000091552734,90.44999694824219,88.79000091552734,90.11000061035156,80.77876281738281,2080600,0.0,0.0
2021-12-07 00:00:00-05:00,90.1500015258789,90.29000091552734,87.04000091552734,87.83000183105469,78.73487091064453,2459100,0.0,0.0
2021-12-08 00:00:00-05:00,87.83999633789062,89.0199966430664,87.83999633789062,88.6500015258789,79.46995544433594,961100,0.0,0.0
2021-12-09 00:00:00-05:00,88.69999694824219,89.0,88.12999725341797,88.72000122070312,79.53270721435547,937300,0.0,0.0
2021-12-10 00:00:00-05:00,89.0,90.63999938964844,88.80000305175781,90.51000213623047,81.1373519897461,1577700,0.0,0.0
2021-12-13 00:00:00-05:00,90.45999908447266,93.66999816894531,90.2699966430664,93.05999755859375,83.42327117919922,2184100,0.0,0.0
2021-12-14 00:00:00-05:00,93.26000213623047,93.62000274658203,91.55000305175781,91.58000183105469,82.09654235839844,2068800,0.0,0.0
2021-12-15 00:00:00-05:00,91.62000274658203,92.68000030517578,91.37000274658203,92.20999908447266,82.66128540039062,1927300,0.0,0.0
2021-12-16 00:00:00-05:00,91.94999694824219,95.06999969482422,91.52999877929688,94.66000366210938,84.85758972167969,2154700,0.0,0.0
2021-12-17 00:00:00-05:00,94.6500015258789,96.27999877929688,93.87000274658203,94.12000274658203,84.3735122680664,3505400,0.0,0.0
2021-12-20 00:00:00-05:00,93.51000213623047,94.16000366210938,92.8499984741211,93.91000366210938,84.18526458740234,1630700,0.0,0.0
2021-12-21 00:00:00-05:00,93.52999877929688,93.69000244140625,91.80000305175781,93.0199966430664,83.38742065429688,2081800,0.0,0.0
2021-12-22 00:00:00-05:00,93.16000366210938,93.47000122070312,92.29000091552734,93.38999938964844,83.71910095214844,786700,0.0,0.0
2021-12-23 00:00:00-05:00,93.47000122070312,93.63999938964844,93.0,93.02999877929688,83.39639282226562,692600,0.0,0.0
2021-12-27 00:00:00-05:00,93.05999755859375,94.1500015258789,93.02999877929688,94.12999725341797,84.3824691772461,1049000,0.0,0.0
2021-12-28 00:00:00-05:00,94.08000183105469,94.97000122070312,93.7300033569336,94.95999908447266,85.12651824951172,804100,0.0,0.0
2021-12-29 00:00:00-05:00,95.04000091552734,95.95999908447266,94.86000061035156,95.62000274658203,85.71817779541016,836400,0.0,0.0
2021-12-30 00:00:00-05:00,95.69999694824219,95.81999969482422,94.97000122070312,95.56999969482422,86.00614166259766,601800,0.37,0.0
2021-12-31 00:00:00-05:00,95.76000213623047,96.81999969482422,95.56999969482422,96.61000061035156,86.94207000732422,880100,0.0,0.0
2022-01-03 00:00:00-05:00,96.0999984741211,96.20999908447266,94.72000122070312,95.81999969482422,86.23113250732422,1633800,0.0,0.0
2022-01-04 00:00:00-05:00,95.68000030517578,96.7699966430664,94.8499984741211,96.5,86.84308624267578,1434700,0.0,0.0
2022-01-05 00:00:00-05:00,96.54000091552734,97.80000305175781,96.54000091552734,96.91999816894531,87.2210464477539,1155500,0.0,0.0
2022-01-06 00:00:00-05:00,97.12999725341797,98.08999633789062,96.30000305175781,96.48999786376953,86.8340835571289,1115700,0.0,0.0
2022-01-07 00:00:00-05:00,96.27999877929688,97.05999755859375,95.83999633789062,96.04000091552734,86.42914581298828,1276000,0.0,0.0
2022-01-10 00:00:00-05:00,96.12000274658203,96.25,93.68000030517578,94.62000274658203,85.15122985839844,2271200,0.0,0.0
2022-01-11 00:00:00-05:00,94.8499984741211,95.20999908447266,93.19999694824219,95.20999908447266,85.68218231201172,1432300,0.0,0.0
2022-01-12 00:00:00-05:00,95.02999877929688,95.4000015258789,94.1500015258789,95.37000274658203,85.82617950439453,1170100,0.0,0.0
2022-01-13 00:00:00-05:00,95.55999755859375,95.8499984741211,94.94000244140625,95.51000213623047,85.95217895507812,1327200,0.0,0.0
2022-01-14 00:00:00-05:00,95.31999969482422,96.62000274658203,94.72000122070312,96.3499984741211,86.7081069946289,1670800,0.0,0.0
2022-01-18 00:00:00-05:00,95.80000305175781,97.69999694824219,95.51000213623047,97.47000122070312,87.71603393554688,2246100,0.0,0.0
2022-01-19 00:00:00-05:00,95.41000366210938,97.12999725341797,95.30000305175781,96.05999755859375,86.4471206665039,1618200,0.0,0.0
2022-01-20 00:00:00-05:00,95.94000244140625,96.79000091552734,95.16000366210938,95.33999633789062,85.7991714477539,1620700,0.0,0.0
2022-01-21 00:00:00-05:00,96.05999755859375,96.94000244140625,95.37000274658203,95.70999908447266,86.13214111328125,1252700,0.0,0.0
2022-01-24 00:00:00-05:00,95.62999725341797,96.41000366210938,92.44000244140625,94.16999816894531,84.74626159667969,1947000,0.0,0.0
2022-01-25 00:00:00-05:00,93.55000305175781,94.30999755859375,92.0,93.0199966430664,83.71133422851562,1663700,0.0,0.0
2022-01-26 00:00:00-05:00,92.55999755859375,93.91999816894531,91.44000244140625,91.94000244140625,82.73941802978516,2074700,0.0,0.0
2022-01-27 00:00:00-05:00,96.7699966430664,99.1500015258789,96.12999725341797,98.19999694824219,88.37297058105469,3162100,0.0,0.0
2022-01-28 00:00:00-05:00,98.1500015258789,98.4000015258789,96.1500015258789,98.2300033569336,88.39996337890625,2449500,0.0,0.0
2022-01-31 00:00:00-05:00,98.11000061035156,100.37999725341797,97.81999969482422,100.30999755859375,90.27182006835938,3451000,0.0,0.0
2022-02-01 00:00:00-05:00,100.4800033569336,100.93000030517578,99.04000091552734,100.48999786376953,90.43379211425781,2321500,0.0,0.0
2022-02-02 00:00:00-05:00,100.80000305175781,102.01000213623047,100.5,101.66000366210938,91.48670959472656,1271700,0.0,0.0
2022-02-03 00:00:00-05:00,102.0,103.76000213623047,101.77999877929688,102.9000015258789,92.6026382446289,1432000,0.0,0.0
2022-02-04 00:00:00-05:00,102.36000061035156,103.04000091552734,101.19000244140625,101.7300033569336,91.54972076416016,1721100,0.0,0.0
2022-02-07 00:00:00-05:00,102.05999755859375,102.30999755859375,101.19000244140625,101.88999938964844,91.69371032714844,1347100,0.0,0.0
2022-02-08 00:00:00-05:00,102.37999725341797,102.80000305175781,101.77999877929688,102.44000244140625,92.18865966796875,935400,0.0,0.0
2022-02-09 00:00:00-05:00,102.7699966430664,103.16999816894531,101.9800033569336,102.30000305175781,92.06266784667969,1785100,0.0,0.0
2022-02-10 00:00:00-05:00,102.16999816894531,102.69000244140625,100.2300033569336,100.44000244140625,90.38882446289062,1416600,0.0,0.0
2022-02-11 00:00:00-05:00,100.87999725341797,101.66000366210938,100.37000274658203,100.75,90.66779327392578,1322600,0.0,0.0
2022-02-14 00:00:00-05:00,100.95999908447266,101.31999969482422,99.30000305175781,100.4000015258789,90.35281372070312,1117300,0.0,0.0
2022-02-15 00:00:00-05:00,100.66000366210938,101.29000091552734,99.62999725341797,100.12000274658203,90.10084533691406,1247000,0.0,0.0
2022-02-16 00:00:00-05:00,100.04000091552734,100.52999877929688,97.58000183105469,98.38999938964844,88.54395294189453,1593000,0.0,0.0
2022-02-17 00:00:00-05:00,98.81999969482422,98.81999969482422,97.69000244140625,98.08000183105469,88.26498413085938,1415000,0.0,0.0
2022-02-18 00:00:00-05:00,97.91999816894531,98.56999969482422,96.8499984741211,97.79000091552734,88.00399780273438,2235600,0.0,0.0
2022-02-22 00:00:00-05:00,97.70999908447266,97.94999694824219,96.41999816894531,96.97000122070312,87.26605224609375,1710100,0.0,0.0
2022-02-23 00:00:00-05:00,97.37000274658203,97.80000305175781,96.44999694824219,96.61000061035156,86.94207000732422,1038900,0.0,0.0
2022-02-24 00:00:00-05:00,95.52999877929688,95.87999725341797,92.37000274658203,94.12000274658203,84.7012710571289,1922000,0.0,0.0
2022-02-25 00:00:00-05:00,94.56999969482422,96.4000015258789,94.54000091552734,96.20999908447266,86.58211517333984,1295900,0.0,0.0
2022-02-28 00:00:00-05:00,94.97000122070312,95.80000305175781,93.91000366210938,95.16999816894531,85.64617919921875,2474000,0.0,0.0
2022-03-01 00:00:00-05:00,95.05000305175781,97.05000305175781,94.80000305175781,96.25,86.61809539794922,1735800,0.0,0.0
2022-03-02 00:00:00-05:00,95.7300033569336,98.08999633789062,95.7300033569336,97.33000183105469,87.59004211425781,1358800,0.0,0.0
2022-03-03 00:00:00-05:00,97.62000274658203,99.66000366210938,97.51000213623047,99.55999755859375,89.59687042236328,1585900,0.0,0.0
2022-03-04 00:00:00-05:00,99.16000366210938,103.62999725341797,98.69999694824219,103.41000366210938,93.06159210205078,2371800,0.0,0.0
2022-03-07 00:00:00-05:00,102.86000061035156,107.3499984741211,102.7699966430664,104.05999755859375,93.64655303955078,3039200,0.0,0.0
2022-03-08 00:00:00-05:00,103.0999984741211,103.9800033569336,97.4800033569336,97.55000305175781,87.78802490234375,2198700,0.0,0.0
2022-03-09 00:00:00-05:00,98.08999633789062,99.16000366210938,97.29000091552734,98.30999755859375,88.47196197509766,1218900,0.0,0.0
2022-03-10 00:00:00-05:00,98.18000030517578,98.52999877929688,97.04000091552734,97.94000244140625,88.13899230957031,874500,0.0,0.0
2022-03-11 00:00:00-05:00,97.98999786376953,98.8499984741211,96.41000366210938,96.5199966430664,86.8611068725586,916200,0.0,0.0
2022-03-14 00:00:00-04:00,97.0,98.2699966430664,95.70999908447266,98.19999694824219,88.37297058105469,1054500,0.0,0.0
2022-03-15 00:00:00-04:00,98.31999969482422,98.75,96.22000122070312,98.27999877929688,88.44496154785156,1154700,0.0,0.0
2022-03-16 00:00:00-04:00,98.2300033569336,98.2300033569336,95.94999694824219,96.83000183105469,87.14007568359375,1411300,0.0,0.0
2022-03-17 00:00:00-04:00,96.9000015258789,97.12999725341797,95.12999725341797,96.88999938964844,87.1940689086914,1351300,0.0,0.0
2022-03-18 00:00:00-04:00,97.2699966430664,97.2699966430664,94.80999755859375,96.23999786376953,86.60912322998047,1898400,0.0,0.0
2022-03-21 00:00:00-04:00,96.43000030517578,97.94999694824219,95.9800033569336,96.72000122070312,87.04107666015625,738700,0.0,0.0
2022-03-22 00:00:00-04:00,96.54000091552734,97.06999969482422,95.62999725341797,96.77999877929688,87.09507751464844,740800,0.0,0.0
2022-03-23 00:00:00-04:00,97.16999816894531,97.72000122070312,95.38999938964844,96.13999938964844,86.51911926269531,711600,0.0,0.0
2022-03-24 00:00:00-04:00,96.12999725341797,96.81999969482422,95.73999786376953,96.6500015258789,86.97808074951172,928600,0.0,0.0
2022-03-25 00:00:00-04:00,97.52999877929688,98.1500015258789,96.81999969482422,97.91999816894531,88.1209945678711,1314600,0.0,0.0
2022-03-28 00:00:00-04:00,98.05000305175781,98.19000244140625,96.97000122070312,97.62000274658203,87.85102844238281,1168800,0.0,0.0
2022-03-29 00:00:00-04:00,99.13999938964844,99.77999877929688,95.62000274658203,96.9000015258789,87.20306396484375,1896900,0.0,0.0
2022-03-30 00:00:00-04:00,97.45999908447266,97.55000305175781,94.55000305175781,97.26000213623047,87.52704620361328,1645200,0.0,0.0
2022-03-31 00:00:00-04:00,96.8499984741211,100.27999877929688,96.7300033569336,99.80000305175781,89.81287384033203,2757900,0.0,0.0
2022-04-01 00:00:00-04:00,100.01000213623047,102.19000244140625,99.7300033569336,101.91999816894531,91.720703125,1876400,0.0,0.0
2022-04-04 00:00:00-04:00,101.4000015258789,101.77999877929688,99.6500015258789,101.3499984741211,91.20773315429688,1353500,0.0,0.0
2022-04-05 00:00:00-04:00,100.7699966430664,103.4000015258789,100.7699966430664,102.79000091552734,92.5036392211914,2226300,0.0,0.0
2022-04-06 00:00:00-04:00,103.1500015258789,103.9000015258789,100.98999786376953,102.5199966430664,92.26066589355469,1011600,0.0,0.0
2022-04-07 00:00:00-04:00,102.5,103.5999984741211,102.19000244140625,102.98999786376953,92.68362426757812,1097000,0.0,0.0
2022-04-08 00:00:00-04:00,103.0,103.33000183105469,101.86000061035156,102.12000274658203,92.2320556640625,763600,0.37,0.0
2022-04-11 00:00:00-04:00,102.55999755859375,103.0,101.86000061035156,102.08999633789062,92.2049560546875,649600,0.0,0.0
2022-04-12 00:00:00-04:00,101.73999786376953,102.55000305175781,101.0,102.04000091552734,92.15979766845703,670000,0.0,0.0
2022-04-13 00:00:00-04:00,101.83999633789062,102.41000366210938,100.91999816894531,102.0,92.12367248535156,830500,0.0,0.0
2022-04-14 00:00:00-04:00,102.13999938964844,102.7699966430664,101.47000122070312,101.56999969482422,91.73530578613281,1066400,0.0,0.0
2022-04-18 00:00:00-04:00,101.58000183105469,102.0,99.94999694824219,100.25,90.54310607910156,715100,0.0,0.0
2022-04-19 00:00:00-04:00,100.5,101.69999694824219,100.27999877929688,101.52999877929688,91.69916534423828,776500,0.0,0.0
2022-04-20 00:00:00-04:00,101.7300033569336,104.9800033569336,101.7300033569336,104.0,93.93000793457031,1475300,0.0,0.0
2022-04-21 00:00:00-04:00,103.63999938964844,105.19000244140625,103.30999755859375,104.27999877929688,94.18289947509766,957200,0.0,0.0
2022-04-22 00:00:00-04:00,104.41999816894531,104.7699966430664,102.16000366210938,102.27999877929688,92.37655639648438,1025800,0.0,0.0
2022-04-25 00:00:00-04:00,102.27999877929688,102.75,100.58000183105469,102.37000274658203,92.45785522460938,945200,0.0,0.0
2022-04-26 00:00:00-04:00,102.2699966430664,103.01000213623047,100.58000183105469,100.58999633789062,90.8501968383789,1227800,0.0,0.0
2022-04-27 00:00:00-04:00,100.9800033569336,103.2300033569336,100.91999816894531,101.94999694824219,92.07849884033203,995100,0.0,0.0
2022-04-28 00:00:00-04:00,102.37000274658203,103.83999633789062,101.69999694824219,103.7300033569336,93.68616485595703,950500,0.0,0.0
2022-04-29 00:00:00-04:00,103.30000305175781,103.36000061035156,100.44000244140625,100.56999969482422,90.83211517333984,1727900,0.0,0.0
2022-05-02 00:00:00-04:00,101.31999969482422,101.5,96.6500015258789,97.94000244140625,88.456787109375,1645200,0.0,0.0
2022-05-03 00:00:00-04:00,97.8499984741211,99.11000061035156,97.04000091552734,97.7300033569336,88.26712036132812,1349700,0.0,0.0
2022-05-04 00:00:00-04:00,97.94000244140625,99.62000274658203,97.54000091552734,99.44999694824219,89.82057189941406,780000,0.0,0.0
2022-05-05 00:00:00-04:00,98.69999694824219,99.0199966430664,96.02999877929688,96.44000244140625,87.10203552246094,1747100,0.0,0.0
2022-05-06 00:00:00-04:00,96.0,98.19999694824219,95.75,97.54000091552734,88.09549713134766,945100,0.0,0.0
2022-05-09 00:00:00-04:00,96.76000213623047,99.12999725341797,96.54000091552734,98.5199966430664,88.98059844970703,1043100,0.0,0.0
2022-05-10 00:00:00-04:00,98.88999938964844,99.58999633789062,97.4000015258789,97.97000122070312,88.48388671875,806900,0.0,0.0
2022-05-11 00:00:00-04:00,97.62999725341797,99.18000030517578,97.36000061035156,98.13999938964844,88.63740539550781,647700,0.0,0.0
2022-05-12 00:00:00-04:00,98.37000274658203,98.94000244140625,96.47000122070312,97.87000274658203,88.39356231689453,846400,0.0,0.0
2022-05-13 00:00:00-04:00,98.16000366210938,100.27999877929688,97.61000061035156,100.2699966430664,90.56119537353516,945900,0.0,0.0
2022-05-16 00:00:00-04:00,100.30999755859375,101.4000015258789,100.02999877929688,100.94000244140625,91.16630554199219,707900,0.0,0.0
2022-05-17 00:00:00-04:00,100.72000122070312,101.02999877929688,98.0,101.01000213623047,91.22952270507812,1050100,0.0,0.0
2022-05-18 00:00:00-04:00,100.12000274658203,100.41999816894531,91.30999755859375,91.6500015258789,82.77582550048828,1926600,0.0,0.0
2022-05-19 00:00:00-04:00,90.91999816894531,91.19999694824219,88.69999694824219,89.44000244140625,80.77983093261719,2163900,0.0,0.0
2022-05-20 00:00:00-04:00,90.23999786376953,90.58999633789062,88.2699966430664,90.31999969482422,81.5745849609375,1291300,0.0,0.0
2022-05-23 00:00:00-04:00,91.2300033569336,92.05999755859375,90.43000030517578,91.62000274658203,82.74872589111328,1360100,0.0,0.0
2022-05-24 00:00:00-04:00,91.6500015258789,93.87999725341797,91.6500015258789,93.70999908447266,84.63636016845703,1084800,0.0,0.0
2022-05-25 00:00:00-04:00,93.62999725341797,93.93000030517578,92.30999755859375,93.41000366210938,84.36540985107422,1559000,0.0,0.0
2022-05-26 00:00:00-04:00,93.66000366210938,94.5199966430664,91.9000015258789,91.95999908447266,83.0558090209961,1268100,0.0,0.0
2022-05-27 00:00:00-04:00,91.91999816894531,93.0,91.91999816894531,92.94000244140625,83.94091796875,1548800,0.0,0.0
2022-05-31 00:00:00-04:00,93.0,93.37999725341797,90.94000244140625,92.72000122070312,83.7422103881836,3660000,0.0,0.0
2022-06-01 00:00:00-04:00,92.5199966430664,92.70999908447266,89.73999786376953,90.72000122070312,81.93586730957031,1367900,0.0,0.0
2022-06-02 00:00:00-04:00,90.87999725341797,91.5199966430664,88.69999694824219,91.08000183105469,82.26103210449219,921300,0.0,0.0
2022-06-03 00:00:00-04:00,90.54000091552734,91.22000122070312,89.01000213623047,89.8499984741211,81.15011596679688,904900,0.0,0.0
2022-06-06 00:00:00-04:00,90.4000015258789,90.4800033569336,89.16999816894531,89.7300033569336,81.04174041748047,784600,0.0,0.0
2022-06-07 00:00:00-04:00,88.81999969482422,89.76000213623047,88.2699966430664,89.6500015258789,80.9694595336914,846800,0.0,0.0
2022-06-08 00:00:00-04:00,89.33999633789062,90.4000015258789,89.02999877929688,89.45999908447266,80.7978744506836,703700,0.0,0.0
2022-06-09 00:00:00-04:00,89.58999633789062,90.37999725341797,87.33000183105469,87.36000061035156,78.90120697021484,842300,0.0,0.0
2022-06-10 00:00:00-04:00,86.36000061035156,88.69999694824219,86.12999725341797,87.9800033569336,79.461181640625,1049800,0.0,0.0
2022-06-13 00:00:00-04:00,87.06999969482422,87.72000122070312,86.41999816894531,86.7300033569336,78.33222198486328,1157000,0.0,0.0
2022-06-14 00:00:00-04:00,86.87000274658203,87.02999877929688,83.05999755859375,83.80000305175781,75.6859130859375,1639000,0.0,0.0
2022-06-15 00:00:00-04:00,84.2699966430664,85.80000305175781,83.36000061035156,83.7300033569336,75.62268829345703,1433900,0.0,0.0
2022-06-16 00:00:00-04:00,82.37000274658203,83.33000183105469,81.58999633789062,82.86000061035156,74.83692932128906,1431900,0.0,0.0
2022-06-17 00:00:00-04:00,82.87000274658203,83.55999755859375,81.72000122070312,82.54000091552734,74.54789733886719,2068800,0.0,0.0
2022-06-21 00:00:00-04:00,82.80999755859375,84.3499984741211,82.61000061035156,83.56999969482422,75.47819519042969,1212500,0.0,0.0
2022-06-22 00:00:00-04:00,83.18000030517578,83.91999816894531,82.01000213623047,83.44999694824219,75.36981201171875,1078400,0.0,0.0
2022-06-23 00:00:00-04:00,83.98999786376953,85.70999908447266,83.98999786376953,85.5,77.22130584716797,956600,0.0,0.0
2022-06-24 00:00:00-04:00,86.01000213623047,87.95999908447266,85.7699966430664,87.83999633789062,79.33472442626953,1385100,0.0,0.0
2022-06-27 00:00:00-04:00,87.72000122070312,88.4000015258789,87.20999908447266,87.91000366210938,79.39796447753906,1278900,0.0,0.0
2022-06-28 00:00:00-04:00,87.91000366210938,88.7300033569336,86.7699966430664,86.83999633789062,78.43155670166016,1254900,0.0,0.0
2022-06-29 00:00:00-04:00,85.5,86.20999908447266,82.66999816894531,85.62999725341797,77.33873748779297,2849800,0.0,0.0
2022-06-30 00:00:00-04:00,84.66999816894531,85.66999816894531,82.33999633789062,83.25,75.18916320800781,2099100,0.0,0.0
2022-07-01 00:00:00-04:00,83.22000122070312,83.48999786376953,82.19999694824219,82.66999816894531,74.66531372070312,1510700,0.0,0.0
2022-07-05 00:00:00-04:00,82.43000030517578,84.30000305175781,81.73999786376953,84.0999984741211,75.95686340332031,1708900,0.0,0.0
2022-07-06 00:00:00-04:00,83.37999725341797,84.33000183105469,83.19000244140625,83.43000030517578,75.35173797607422,1256400,0.0,0.0
2022-07-07 00:00:00-04:00,83.51000213623047,83.87999725341797,82.29000091552734,82.68000030517578,74.67436981201172,967700,0.0,0.0
2022-07-08 00:00:00-04:00,82.30999755859375,83.1500015258789,81.80999755859375,82.06999969482422,74.45663452148438,686900,0.37,0.0
2022-07-11 00:00:00-04:00,82.16000366210938,83.08000183105469,82.04000091552734,82.33000183105469,74.69251251220703,890700,0.0,0.0
2022-07-12 00:00:00-04:00,82.31999969482422,83.47000122070312,81.91999816894531,82.26000213623047,74.62899017333984,842700,0.0,0.0
2022-07-13 00:00:00-04:00,82.0,83.55999755859375,81.54000091552734,83.12000274658203,75.40922546386719,1070500,0.0,0.0
2022-07-14 00:00:00-04:00,82.0,83.05999755859375,81.77999877929688,82.43000030517578,74.78321838378906,1044200,0.0,0.0
2022-07-15 00:00:00-04:00,82.91999816894531,82.91999816894531,81.4800033569336,81.73999786376953,74.1572265625,1299900,0.0,0.0
2022-07-18 00:00:00-04:00,81.68000030517578,81.91999816894531,80.88999938964844,80.94999694824219,73.44051361083984,1382900,0.0,0.0
2022-07-19 00:00:00-04:00,81.41999816894531,82.16000366210938,81.13999938964844,81.95999908447266,74.35682678222656,1307600,0.0,0.0
2022-07-20 00:00:00-04:00,82.36000061035156,82.51000213623047,81.5199966430664,82.01000213623047,74.40217590332031,976200,0.0,0.0
2022-07-21 00:00:00-04:00,82.02999877929688,83.02999877929688,81.80999755859375,83.0,75.30035400390625,968500,0.0,0.0
2022-07-22 00:00:00-04:00,84.05000305175781,84.73999786376953,83.41000366210938,84.11000061035156,76.30736541748047,1212800,0.0,0.0
2022-07-25 00:00:00-04:00,84.0,85.48999786376953,83.80000305175781,84.56999969482422,76.7247085571289,946000,0.0,0.0
2022-07-26 00:00:00-04:00,83.66000366210938,84.9800033569336,83.04000091552734,84.8499984741211,76.97872924804688,919600,0.0,0.0
2022-07-27 00:00:00-04:00,84.68000030517578,85.61000061035156,83.44000244140625,85.4000015258789,77.47770690917969,942700,0.0,0.0
2022-07-28 00:00:00-04:00,85.44000244140625,87.62000274658203,85.18000030517578,87.52999877929688,79.41011047363281,1182100,0.0,0.0
2022-07-29 00:00:00-04:00,86.9800033569336,87.77999877929688,86.6500015258789,87.3499984741211,79.2468032836914,2344400,0.0,0.0
2022-08-01 00:00:00-04:00,86.91999816894531,88.0,86.91000366210938,87.7300033569336,79.591552734375,1243000,0.0,0.0
2022-08-02 00:00:00-04:00,88.19000244140625,88.94000244140625,87.1500015258789,88.37000274658203,80.17218780517578,1052000,0.0,0.0
2022-08-03 00:00:00-04:00,88.33999633789062,88.55000305175781,87.6500015258789,88.41000366210938,80.20849609375,986500,0.0,0.0
2022-08-04 00:00:00-04:00,88.38999938964844,88.91999816894531,88.0,88.29000091552734,80.09959411621094,804300,0.0,0.0
2022-08-05 00:00:00-04:00,87.83999633789062,88.37000274658203,87.05000305175781,88.33000183105469,80.13590240478516,810700,0.0,0.0
2022-08-08 00:00:00-04:00,88.80999755859375,89.58999633789062,88.61000061035156,89.18000030517578,80.90704345703125,844000,0.0,0.0
2022-08-09 00:00:00-04:00,90.0,90.66000366210938,89.43000030517578,90.31999969482422,81.94129180908203,749400,0.0,0.0
2022-08-10 00:00:00-04:00,91.0199966430664,91.04000091552734,89.2300033569336,89.80999755859375,81.47859954833984,796200,0.0,0.0
2022-08-11 00:00:00-04:00,90.23999786376953,90.81999969482422,89.41999816894531,89.62999725341797,81.31529998779297,865200,0.0,0.0
2022-08-12 00:00:00-04:00,90.18000030517578,90.72000122070312,89.37000274658203,90.66999816894531,82.25884246826172,800800,0.0,0.0
2022-08-15 00:00:00-04:00,90.69000244140625,91.94999694824219,90.30999755859375,91.8499984741211,83.32936096191406,698500,0.0,0.0
2022-08-16 00:00:00-04:00,91.62999725341797,92.97000122070312,91.62999725341797,92.47000122070312,83.89185333251953,832000,0.0,0.0
2022-08-17 00:00:00-04:00,92.44999694824219,93.0,92.31999969482422,92.58000183105469,83.99163818359375,1073200,0.0,0.0
2022-08-18 00:00:00-04:00,92.62000274658203,93.0,91.41000366210938,92.06999969482422,83.52896881103516,759400,0.0,0.0
2022-08-19 00:00:00-04:00,92.05999755859375,92.2300033569336,91.19999694824219,91.77999877929688,83.265869140625,1031300,0.0,0.0
2022-08-22 00:00:00-04:00,91.66999816894531,91.66999816894531,89.87000274658203,90.33999633789062,81.95942687988281,698300,0.0,0.0
2022-08-23 00:00:00-04:00,90.13999938964844,90.13999938964844,88.56999969482422,89.02999877929688,80.77096557617188,845100,0.0,0.0
2022-08-24 00:00:00-04:00,89.30999755859375,89.36000061035156,88.43000030517578,88.81999969482422,80.58045959472656,834400,0.0,0.0
2022-08-25 00:00:00-04:00,88.86000061035156,89.27999877929688,88.26000213623047,89.04000091552734,80.78003692626953,612100,0.0,0.0
2022-08-26 00:00:00-04:00,88.9800033569336,89.05000305175781,86.4800033569336,86.5999984741211,78.5663833618164,752000,0.0,0.0
2022-08-29 00:00:00-04:00,86.0,86.52999877929688,85.18000030517578,85.87000274658203,77.90411376953125,1063600,0.0,0.0
2022-08-30 00:00:00-04:00,85.7699966430664,85.9000015258789,84.47000122070312,84.7699966430664,76.90613555908203,887800,0.0,0.0
2022-08-31 00:00:00-04:00,84.91000366210938,85.23999786376953,83.94999694824219,84.06999969482422,76.27108764648438,1412200,0.0,0.0
2022-09-01 00:00:00-04:00,83.66999816894531,84.97000122070312,83.02999877929688,84.79000091552734,76.92430114746094,1081900,0.0,0.0
2022-09-02 00:00:00-04:00,85.26000213623047,85.62000274658203,82.58999633789062,83.05000305175781,75.34571838378906,988000,0.0,0.0
2022-09-06 00:00:00-04:00,83.22000122070312,83.5199966430664,81.83000183105469,82.19999694824219,74.57455444335938,1065000,0.0,0.0
2022-09-07 00:00:00-04:00,82.26000213623047,85.06999969482422,82.19000244140625,85.0,77.11481475830078,1130300,0.0,0.0
2022-09-08 00:00:00-04:00,78.9800033569336,80.48999786376953,77.66999816894531,79.30000305175781,71.94358825683594,3878100,0.0,0.0
2022-09-09 00:00:00-04:00,79.51000213623047,80.9000015258789,77.94000244140625,79.88999938964844,72.4788589477539,1890700,0.0,0.0
2022-09-12 00:00:00-04:00,80.0,81.56999969482422,79.7300033569336,81.41000366210938,73.85785675048828,1579300,0.0,0.0
2022-09-13 00:00:00-04:00,80.8499984741211,81.11000061035156,79.26000213623047,79.4800033569336,72.10687255859375,1601500,0.0,0.0
2022-09-14 00:00:00-04:00,79.51000213623047,80.0,79.05000305175781,79.41000366210938,72.04338073730469,1574900,0.0,0.0
2022-09-15 00:00:00-04:00,79.31999969482422,79.62000274658203,78.4800033569336,78.51000213623047,71.22688293457031,1243600,0.0,0.0
2022-09-16 00:00:00-04:00,78.4800033569336,79.20999908447266,77.80999755859375,79.13999938964844,71.79843139648438,2166600,0.0,0.0
2022-09-19 00:00:00-04:00,79.29000091552734,79.38999938964844,78.02999877929688,78.86000061035156,71.5444107055664,1010600,0.0,0.0
2022-09-20 00:00:00-04:00,78.55999755859375,78.79000091552734,77.13999938964844,77.36000061035156,70.18353271484375,1178500,0.0,0.0
2022-09-21 00:00:00-04:00,77.7699966430664,78.88999938964844,77.29000091552734,77.30000305175781,70.12913513183594,1263900,0.0,0.0
2022-09-22 00:00:00-04:00,77.29000091552734,77.52999877929688,76.62000274658203,76.66999816894531,69.55757141113281,1010000,0.0,0.0
2022-09-23 00:00:00-04:00,76.06999969482422,76.30000305175781,74.95999908447266,76.02999877929688,68.9769287109375,971700,0.0,0.0
2022-09-26 00:00:00-04:00,75.91000366210938,76.18000030517578,74.93000030517578,75.36000061035156,68.36908721923828,1057200,0.0,0.0
2022-09-27 00:00:00-04:00,75.6500015258789,76.4800033569336,74.18000030517578,74.44999694824219,67.54351043701172,1195700,0.0,0.0
2022-09-28 00:00:00-04:00,74.86000061035156,75.5,73.91999816894531,75.04000091552734,68.07877349853516,1333500,0.0,0.0
2022-09-29 00:00:00-04:00,74.98999786376953,74.98999786376953,72.95999908447266,73.51000213623047,66.6906967163086,1326800,0.0,0.0
2022-09-30 00:00:00-04:00,73.68000030517578,73.94000244140625,71.19000244140625,71.2699966430664,64.65850830078125,1612700,0.0,0.0
2022-10-03 00:00:00-04:00,72.05999755859375,72.69000244140625,71.19000244140625,72.41000366210938,65.6927490234375,1314100,0.0,0.0
2022-10-04 00:00:00-04:00,72.69000244140625,74.54000091552734,72.58000183105469,74.43000030517578,67.52537536621094,1444500,0.0,0.0
2022-10-05 00:00:00-04:00,73.83000183105469,73.97000122070312,71.76000213623047,73.30999755859375,66.5092544555664,1859000,0.0,0.0
2022-10-06 00:00:00-04:00,74.12999725341797,77.97000122070312,72.19999694824219,72.43000030517578,65.71089935302734,2635000,0.0,0.0
2022-10-07 00:00:00-04:00,72.18000030517578,74.08999633789062,71.94999694824219,73.44000244140625,66.96929931640625,1986600,0.37,0.0
2022-10-10 00:00:00-04:00,73.9800033569336,76.13999938964844,73.80999755859375,75.86000061035156,69.17609405517578,1962500,0.0,0.0
2022-10-11 00:00:00-04:00,75.7300033569336,76.94000244140625,75.37000274658203,75.83999633789062,69.15782928466797,1916500,0.0,0.0
2022-10-12 00:00:00-04:00,76.16000366210938,76.36000061035156,74.45999908447266,74.4800033569336,67.91768646240234,1356100,0.0,0.0
2022-10-13 00:00:00-04:00,73.37000274658203,75.4000015258789,73.0199966430664,74.87000274658203,68.27330017089844,1492900,0.0,0.0
2022-10-14 00:00:00-04:00,75.2300033569336,75.81999969482422,73.3499984741211,73.54000091552734,67.06049346923828,1047300,0.0,0.0
2022-10-17 00:00:00-04:00,74.06999969482422,74.5199966430664,73.11000061035156,73.62999725341797,67.1425552368164,1102600,0.0,0.0
2022-10-18 00:00:00-04:00,74.63999938964844,75.66999816894531,74.0999984741211,74.61000061035156,68.03620910644531,1065600,0.0,0.0
2022-10-19 00:00:00-04:00,74.80000305175781,75.73999786376953,74.22000122070312,74.69000244140625,68.10916900634766,1112800,0.0,0.0
2022-10-20 00:00:00-04:00,74.5199966430664,75.13999938964844,72.75,72.79000091552734,66.37657165527344,1156700,0.0,0.0
2022-10-21 00:00:00-04:00,72.58000183105469,73.91999816894531,72.06999969482422,73.83999633789062,67.33406829833984,1114600,0.0,0.0
2022-10-24 00:00:00-04:00,74.44999694824219,75.2300033569336,73.58000183105469,74.5,67.93589782714844,938800,0.0,0.0
2022-10-25 00:00:00-04:00,74.52999877929688,76.37000274658203,74.2699966430664,76.12999725341797,69.42229461669922,1138900,0.0,0.0
2022-10-26 00:00:00-04:00,76.37999725341797,77.16000366210938,75.58000183105469,76.4000015258789,69.66848754882812,1090800,0.0,0.0
2022-10-27 00:00:00-04:00,76.73999786376953,78.47000122070312,76.61000061035156,77.62000274658203,70.78099822998047,1129900,0.0,0.0
2022-10-28 00:00:00-04:00,77.76000213623047,79.48999786376953,77.01000213623047,79.19999694824219,72.22178649902344,1355500,0.0,0.0
2022-10-31 00:00:00-04:00,79.22000122070312,79.45999908447266,78.47000122070312,78.63999938964844,71.71114349365234,1848400,0.0,0.0
2022-11-01 00:00:00-04:00,78.87999725341797,79.62999725341797,78.2699966430664,78.58999633789062,71.6655502319336,896400,0.0,0.0
2022-11-02 00:00:00-04:00,78.51000213623047,79.41999816894531,77.12000274658203,77.2300033569336,70.42538452148438,1062600,0.0,0.0
2022-11-03 00:00:00-04:00,76.41999816894531,77.44999694824219,75.66999816894531,76.76000213623047,69.99678039550781,884900,0.0,0.0
2022-11-04 00:00:00-04:00,77.3499984741211,79.62000274658203,77.08999633789062,79.0199966430664,72.05765533447266,1466000,0.0,0.0
2022-11-07 00:00:00-05:00,79.3499984741211,80.13999938964844,78.54000091552734,79.94000244140625,72.8966064453125,1020700,0.0,0.0
2022-11-08 00:00:00-05:00,80.23999786376953,81.68000030517578,79.55000305175781,80.69999694824219,73.58963012695312,1082000,0.0,0.0
2022-11-09 00:00:00-05:00,80.80000305175781,81.2699966430664,79.11000061035156,79.20999908447266,72.23089599609375,1006100,0.0,0.0
2022-11-10 00:00:00-05:00,81.3499984741211,82.19000244140625,79.62000274658203,81.86000061035156,74.6474380493164,1464300,0.0,0.0
2022-11-11 00:00:00-05:00,81.88999938964844,84.0999984741211,80.05999755859375,83.7699966430664,76.3891372680664,1818700,0.0,0.0
2022-11-14 00:00:00-05:00,83.9000015258789,84.4000015258789,82.75,82.75,75.45901489257812,1082200,0.0,0.0
2022-11-15 00:00:00-05:00,83.70999908447266,84.87000274658203,82.88999938964844,83.6500015258789,76.27970886230469,1274500,0.0,0.0
2022-11-16 00:00:00-05:00,83.94000244140625,84.55999755859375,82.48999786376953,83.6500015258789,76.27970886230469,1011500,0.0,0.0
2022-11-17 00:00:00-05:00,83.0,83.44000244140625,81.83999633789062,83.12000274658203,75.79642486572266,1127600,0.0,0.0
2022-11-18 00:00:00-05:00,83.95999908447266,83.95999908447266,82.80000305175781,83.76000213623047,76.38002014160156,997000,0.0,0.0
2022-11-21 00:00:00-05:00,83.86000061035156,85.30000305175781,83.01000213623047,85.1500015258789,77.6475601196289,1349300,0.0,0.0
2022-11-22 00:00:00-05:00,85.54000091552734,86.30000305175781,84.91000366210938,86.12000274658203,78.5320816040039,1233400,0.0,0.0
2022-11-23 00:00:00-05:00,86.23999786376953,86.5199966430664,85.66000366210938,86.11000061035156,78.52294921875,865300,0.0,0.0
2022-11-25 00:00:00-05:00,86.27999877929688,86.27999877929688,84.41000366210938,84.91000366210938,77.42869567871094,1003100,0.0,0.0
2022-11-28 00:00:00-05:00,84.6500015258789,85.30999755859375,83.66000366210938,83.75,76.37090301513672,1523400,0.0,0.0
2022-11-29 00:00:00-05:00,83.45999908447266,83.75,82.02999877929688,83.75,76.37090301513672,1490300,0.0,0.0
2022-11-30 00:00:00-05:00,83.6500015258789,85.20999908447266,82.98999786376953,85.18000030517578,77.67491912841797,5048000,0.0,0.0
2022-12-01 00:00:00-05:00,86.0,86.52999877929688,84.9800033569336,85.7300033569336,78.17646789550781,1172000,0.0,0.0
2022-12-02 00:00:00-05:00,85.55999755859375,86.52999877929688,85.20999908447266,86.37999725341797,78.76917266845703,1002600,0.0,0.0
2022-12-05 00:00:00-05:00,85.4000015258789,85.4800033569336,83.69000244140625,84.05000305175781,76.64448547363281,898700,0.0,0.0
2022-12-06 00:00:00-05:00,83.87000274658203,84.80999755859375,83.87000274658203,84.37999725341797,76.94538116455078,850600,0.0,0.0
2022-12-07 00:00:00-05:00,84.73999786376953,85.4000015258789,84.6500015258789,85.3499984741211,77.8299331665039,937400,0.0,0.0
2022-12-08 00:00:00-05:00,85.16999816894531,86.12000274658203,85.11000061035156,85.6500015258789,78.10347747802734,820300,0.0,0.0
2022-12-09 00:00:00-05:00,85.37999725341797,85.87000274658203,85.12000274658203,85.27999877929688,77.76609802246094,809000,0.0,0.0
2022-12-12 00:00:00-05:00,85.69000244140625,86.0999984741211,85.23999786376953,85.9800033569336,78.4044418334961,781500,0.0,0.0
2022-12-13 00:00:00-05:00,87.37999725341797,88.02999877929688,85.9800033569336,86.5999984741211,78.96977996826172,1188600,0.0,0.0
2022-12-14 00:00:00-05:00,86.80000305175781,87.83000183105469,86.0,86.2699966430664,78.66887664794922,1176300,0.0,0.0
2022-12-15 00:00:00-05:00,85.54000091552734,85.94000244140625,84.05999755859375,84.45999908447266,77.01834106445312,1109900,0.0,0.0
2022-12-16 00:00:00-05:00,83.7699966430664,84.18000030517578,82.43000030517578,83.41000366210938,76.06085968017578,2481500,0.0,0.0
2022-12-19 00:00:00-05:00,83.43000030517578,84.20999908447266,82.11000061035156,82.83999633789062,75.54106903076172,1064900,0.0,0.0
2022-12-20 00:00:00-05:00,82.61000061035156,83.2699966430664,81.91999816894531,82.98999786376953,75.6778564453125,787600,0.0,0.0
2022-12-21 00:00:00-05:00,83.22000122070312,84.72000122070312,83.22000122070312,84.25,76.82685089111328,669400,0.0,0.0
2022-12-22 00:00:00-05:00,84.06999969482422,84.33000183105469,83.16999816894531,84.18000030517578,76.76301574707031,916400,0.0,0.0
2022-12-23 00:00:00-05:00,84.08000183105469,84.45999908447266,83.7300033569336,84.22000122070312,76.79949188232422,602900,0.0,0.0
2022-12-27 00:00:00-05:00,84.44999694824219,85.08999633789062,84.0999984741211,84.83000183105469,77.35575103759766,665300,0.0,0.0
2022-12-28 00:00:00-05:00,85.0199966430664,85.36000061035156,83.22000122070312,83.23999786376953,75.90583801269531,700600,0.0,0.0
2022-12-29 00:00:00-05:00,83.23999786376953,84.29000091552734,83.06999969482422,84.13999938964844,77.08770751953125,685600,0.39,0.0
2022-12-30 00:00:00-05:00,84.11000061035156,84.20999908447266,81.95999908447266,82.88999938964844,75.94248962402344,842800,0.0,0.0
2023-01-03 00:00:00-05:00,83.23999786376953,83.4800033569336,82.08999633789062,83.47000122070312,76.47386932373047,931000,0.0,0.0
2023-01-04 00:00:00-05:00,83.76000213623047,85.5,83.55000305175781,84.95999908447266,77.83897399902344,890800,0.0,0.0
2023-01-05 00:00:00-05:00,84.87999725341797,85.2699966430664,84.11000061035156,84.44999694824219,77.37171936035156,776900,0.0,0.0
2023-01-06 00:00:00-05:00,85.29000091552734,86.61000061035156,84.58000183105469,86.30000305175781,79.0666732788086,937200,0.0,0.0
2023-01-09 00:00:00-05:00,85.97000122070312,86.36000061035156,84.5199966430664,84.61000061035156,77.51831817626953,1167000,0.0,0.0
2023-01-10 00:00:00-05:00,84.77999877929688,85.05000305175781,84.05999755859375,84.37000274658203,77.29843139648438,1067800,0.0,0.0
2023-01-11 00:00:00-05:00,84.30000305175781,84.58999633789062,82.44000244140625,83.5199966430664,76.51966857910156,1148500,0.0,0.0
2023-01-12 00:00:00-05:00,83.27999877929688,83.44000244140625,80.06999969482422,80.97000122070312,74.18341827392578,1637300,0.0,0.0
2023-01-13 00:00:00-05:00,80.61000061035156,81.5199966430664,80.12000274658203,81.0999984741211,74.30249786376953,840000,0.0,0.0
2023-01-17 00:00:00-05:00,81.0999984741211,82.19999694824219,80.83000183105469,81.0999984741211,74.30249786376953,1191600,0.0,0.0
2023-01-18 00:00:00-05:00,80.94000244140625,81.13999938964844,77.12999725341797,77.16999816894531,70.70191955566406,1326700,0.0,0.0
2023-01-19 00:00:00-05:00,77.0,77.54000091552734,76.62000274658203,76.6500015258789,70.22549438476562,984700,0.0,0.0
2023-01-20 00:00:00-05:00,76.62999725341797,77.45999908447266,75.8499984741211,77.44000244140625,70.94927978515625,1046000,0.0,0.0
2023-01-23 00:00:00-05:00,77.45999908447266,78.73999786376953,77.36000061035156,78.6500015258789,72.05786895751953,1142500,0.0,0.0
2023-01-24 00:00:00-05:00,79.20999908447266,79.20999908447266,77.77999877929688,78.5999984741211,72.01204681396484,1056400,0.0,0.0
2023-01-25 00:00:00-05:00,78.18000030517578,78.45999908447266,76.7699966430664,77.9800033569336,71.44402313232422,1660400,0.0,0.0
2023-01-26 00:00:00-05:00,73.0,74.93000030517578,72.25,73.45999908447266,67.30286407470703,3539300,0.0,0.0
2023-01-27 00:00:00-05:00,73.73999786376953,75.48999786376953,73.73999786376953,74.44000244140625,68.20072937011719,2217400,0.0,0.0
2023-01-30 00:00:00-05:00,74.27999877929688,75.16999816894531,74.08000183105469,74.68000030517578,68.42061614990234,1270500,0.0,0.0
2023-01-31 00:00:00-05:00,75.05999755859375,75.48999786376953,74.51000213623047,75.12000274658203,68.82373046875,1732600,0.0,0.0
2023-02-01 00:00:00-05:00,74.94000244140625,75.93000030517578,74.5,75.62000274658203,69.2818374633789,1436400,0.0,0.0
2023-02-02 00:00:00-05:00,75.30999755859375,75.69000244140625,74.63999938964844,74.97000122070312,68.68630981445312,1696400,0.0,0.0
2023-02-03 00:00:00-05:00,74.83000183105469,76.0199966430664,73.86000061035156,74.54000091552734,68.29235076904297,1198600,0.0,0.0
2023-02-06 00:00:00-05:00,74.16999816894531,75.41999816894531,74.16999816894531,75.31999969482422,69.0069580078125,1059000,0.0,0.0
2023-02-07 00:00:00-05:00,74.81999969482422,74.81999969482422,73.3499984741211,74.58000183105469,68.32899475097656,1470600,0.0,0.0
2023-02-08 00:00:00-05:00,74.27999877929688,74.45999908447266,73.68000030517578,73.79000091552734,67.60520935058594,1210900,0.0,0.0
2023-02-09 00:00:00-05:00,74.08999633789062,74.44000244140625,72.87999725341797,73.41999816894531,67.26622772216797,1386500,0.0,0.0
2023-02-10 00:00:00-05:00,73.5,74.51000213623047,73.04000091552734,74.5,68.25569915771484,1174200,0.0,0.0
2023-02-13 00:00:00-05:00,74.66000366210938,75.5999984741211,74.61000061035156,75.58999633789062,69.25433349609375,1036000,0.0,0.0
2023-02-14 00:00:00-05:00,75.5,75.5,74.11000061035156,74.91000366210938,68.6313247680664,990400,0.0,0.0
2023-02-15 00:00:00-05:00,74.73999786376953,75.05000305175781,74.1500015258789,74.80000305175781,68.53055572509766,1099500,0.0,0.0
2023-02-16 00:00:00-05:00,74.01000213623047,74.6500015258789,73.44000244140625,74.30999755859375,68.08161163330078,974000,0.0,0.0
2023-02-17 00:00:00-05:00,74.37999725341797,75.9800033569336,74.05000305175781,75.75,69.40093994140625,1031200,0.0,0.0
2023-02-21 00:00:00-05:00,75.69999694824219,75.79000091552734,74.68000030517578,75.52999877929688,69.19937896728516,1002100,0.0,0.0
2023-02-22 00:00:00-05:00,75.9000015258789,76.87999725341797,75.45999908447266,75.83999633789062,69.4833755493164,1320800,0.0,0.0
2023-02-23 00:00:00-05:00,75.83999633789062,76.1500015258789,74.5999984741211,75.4000015258789,69.08026885986328,945200,0.0,0.0
2023-02-24 00:00:00-05:00,74.80000305175781,75.23999786376953,74.5999984741211,74.9800033569336,68.69547271728516,820500,0.0,0.0
2023-02-27 00:00:00-05:00,75.41999816894531,75.80000305175781,74.66000366210938,75.01000213623047,68.72295379638672,1056400,0.0,0.0
2023-02-28 00:00:00-05:00,74.62999725341797,74.80000305175781,74.05999755859375,74.31999969482422,68.09078216552734,1724000,0.0,0.0
2023-03-01 00:00:00-05:00,74.0,74.0,72.58999633789062,72.97000122070312,66.85393524169922,1403800,0.0,0.0
2023-03-02 00:00:00-05:00,72.94999694824219,73.04000091552734,71.83999633789062,73.04000091552734,66.91807556152344,2324100,0.0,0.0
2023-03-03 00:00:00-05:00,73.37999725341797,73.37999725341797,72.37000274658203,72.9000015258789,66.78981018066406,1794800,0.0,0.0
2023-03-06 00:00:00-05:00,72.73999786376953,73.37000274658203,72.48999786376953,73.2300033569336,67.09214782714844,1194800,0.0,0.0
2023-03-07 00:00:00-05:00,73.31999969482422,73.58999633789062,71.80000305175781,72.12999725341797,66.08434295654297,1836300,0.0,0.0
2023-03-08 00:00:00-05:00,72.33999633789062,73.08000183105469,71.86000061035156,72.73999786376953,66.64322662353516,1565700,0.0,0.0
2023-03-09 00:00:00-05:00,73.18000030517578,73.38999938964844,71.73999786376953,72.0,65.96524810791016,1743500,0.0,0.0
2023-03-10 00:00:00-05:00,71.69000244140625,71.86000061035156,70.69000244140625,70.94999694824219,65.00323486328125,1358800,0.0,0.0
2023-03-13 00:00:00-04:00,70.68000030517578,72.79000091552734,70.5999984741211,72.12000274658203,66.07518005371094,1456600,0.0,0.0
2023-03-14 00:00:00-04:00,72.5,72.5199966430664,71.04000091552734,71.83999633789062,65.81864929199219,1406100,0.0,0.0
2023-03-15 00:00:00-04:00,71.55000305175781,73.19000244140625,70.94999694824219,72.91999816894531,66.8081283569336,1507900,0.0,0.0
2023-03-16 00:00:00-04:00,73.04000091552734,73.33000183105469,72.04000091552734,73.25,67.11048126220703,1416700,0.0,0.0
2023-03-17 00:00:00-04:00,73.45999908447266,73.45999908447266,72.37999725341797,72.62000274658203,66.53327941894531,2680300,0.0,0.0
2023-03-20 00:00:00-04:00,72.63999938964844,73.41000366210938,72.56999969482422,73.27999877929688,67.13794708251953,1348800,0.0,0.0
2023-03-21 00:00:00-04:00,73.22000122070312,73.44000244140625,72.08000183105469,72.79000091552734,66.68902587890625,1329700,0.0,0.0
2023-03-22 00:00:00-04:00,72.62999725341797,73.18000030517578,72.08999633789062,72.11000061035156,66.06600952148438,1203200,0.0,0.0
2023-03-23 00:00:00-04:00,72.0199966430664,72.66000366210938,71.16000366210938,71.19999694824219,65.23228454589844,1448200,0.0,0.0
2023-03-24 00:00:00-04:00,71.41000366210938,73.11000061035156,71.36000061035156,72.87000274658203,66.7623291015625,1259200,0.0,0.0
2023-03-27 00:00:00-04:00,73.2300033569336,74.44000244140625,73.02999877929688,74.05999755859375,67.85256958007812,2233300,0.0,0.0
2023-03-28 00:00:00-04:00,79.0199966430664,83.88999938964844,78.38999938964844,81.18000030517578,74.37581634521484,6331900,0.0,0.0
2023-03-29 00:00:00-04:00,81.5,81.9800033569336,81.0,81.19999694824219,74.39413452148438,2550700,0.0,0.0
2023-03-30 00:00:00-04:00,81.41000366210938,81.83999633789062,80.33000183105469,81.01000213623047,74.22005462646484,1883000,0.0,0.0
2023-03-31 00:00:00-04:00,81.48999786376953,83.44000244140625,81.48999786376953,83.20999908447266,76.23567962646484,2106800,0.0,0.0
2023-04-03 00:00:00-04:00,82.87000274658203,84.55000305175781,82.86000061035156,84.31999969482422,77.25262451171875,1870500,0.0,0.0
2023-04-04 00:00:00-04:00,84.77999877929688,85.30000305175781,84.30999755859375,85.13999938964844,78.00389099121094,1851600,0.0,0.0
2023-04-05 00:00:00-04:00,85.68000030517578,86.2300033569336,85.1500015258789,85.30999755859375,78.15965270996094,1614000,0.0,0.0
2023-04-06 00:00:00-04:00,85.13999938964844,85.81999969482422,84.73999786376953,85.80000305175781,78.96959686279297,1188100,0.39,0.0
2023-04-10 00:00:00-04:00,85.3499984741211,85.7300033569336,84.8499984741211,85.25,78.46338653564453,1459300,0.0,0.0
2023-04-11 00:00:00-04:00,85.44999694824219,86.6500015258789,85.04000091552734,86.11000061035156,79.2549057006836,1333000,0.0,0.0
2023-04-12 00:00:00-04:00,85.88999938964844,86.62000274658203,85.6500015258789,85.88999938964844,79.05242919921875,1177000,0.0,0.0
2023-04-13 00:00:00-04:00,85.80000305175781,86.81999969482422,85.4000015258789,86.47000122070312,79.58625030517578,1363700,0.0,0.0
2023-04-14 00:00:00-04:00,86.29000091552734,86.4000015258789,84.80000305175781,84.98999786376953,78.22406768798828,1105300,0.0,0.0
2023-04-17 00:00:00-04:00,85.12000274658203,85.66999816894531,84.37000274658203,85.5199966430664,78.71187591552734,1159100,0.0,0.0
2023-04-18 00:00:00-04:00,85.38999938964844,85.80000305175781,84.06999969482422,85.1500015258789,78.37135314941406,1276000,0.0,0.0
2023-04-19 00:00:00-04:00,85.33999633789062,85.5199966430664,84.97000122070312,85.26000213623047,78.47257232666016,859600,0.0,0.0
2023-04-20 00:00:00-04:00,85.16999816894531,85.44000244140625,84.66000366210938,85.4000015258789,78.60144805908203,720400,0.0,0.0
2023-04-21 00:00:00-04:00,85.80999755859375,86.12000274658203,85.16000366210938,85.68000030517578,78.85913848876953,937000,0.0,0.0
2023-04-24 00:00:00-04:00,85.80999755859375,86.20999908447266,84.83000183105469,85.22000122070312,78.43576049804688,1157600,0.0,0.0
2023-04-25 00:00:00-04:00,85.38999938964844,86.05999755859375,85.20999908447266,85.83999633789062,79.00640106201172,1023200,0.0,0.0
2023-04-26 00:00:00-04:00,85.20999908447266,85.73999786376953,84.80999755859375,84.9800033569336,78.21487426757812,1014900,0.0,0.0
2023-04-27 00:00:00-04:00,84.87000274658203,87.44999694824219,84.87000274658203,87.4000015258789,80.44221496582031,1387200,0.0,0.0
2023-04-28 00:00:00-04:00,87.66000366210938,88.16999816894531,87.19999694824219,87.8499984741211,80.85639190673828,2218300,0.0,0.0
2023-05-01 00:00:00-04:00,87.83999633789062,88.77999877929688,87.70999908447266,88.41000366210938,81.37181854248047,1763400,0.0,0.0
2023-05-02 00:00:00-04:00,88.19999694824219,88.51000213623047,87.51000213623047,88.2300033569336,81.20614624023438,982600,0.0,0.0
2023-05-03 00:00:00-04:00,88.54000091552734,89.16999816894531,87.79000091552734,87.91999816894531,80.92082214355469,1258400,0.0,0.0
2023-05-04 00:00:00-04:00,88.11000061035156,88.55999755859375,87.2300033569336,88.2699966430664,81.24295806884766,974700,0.0,0.0
2023-05-05 00:00:00-04:00,87.88999938964844,88.9800033569336,87.88999938964844,88.94999694824219,81.86881256103516,776600,0.0,0.0
2023-05-08 00:00:00-04:00,88.5199966430664,88.86000061035156,87.98999786376953,88.29000091552734,81.26136016845703,775600,0.0,0.0
2023-05-09 00:00:00-04:00,88.08000183105469,89.04000091552734,87.83000183105469,88.44999694824219,81.40862274169922,1125200,0.0,0.0
2023-05-10 00:00:00-04:00,88.52999877929688,89.4800033569336,88.2300033569336,89.0199966430664,81.93323516845703,1100500,0.0,0.0
2023-05-11 00:00:00-04:00,88.93000030517578,89.62000274658203,88.58000183105469,89.51000213623047,82.38423919677734,1000500,0.0,0.0
2023-05-12 00:00:00-04:00,89.37000274658203,90.30999755859375,89.3499984741211,90.27999877929688,83.09294128417969,1298700,0.0,0.0
2023-05-15 00:00:00-04:00,90.30999755859375,91.16999816894531,89.5199966430664,90.8499984741211,83.61756896972656,1422800,0.0,0.0
2023-05-16 00:00:00-04:00,90.6500015258789,90.6500015258789,89.38999938964844,89.69999694824219,82.55911254882812,1064500,0.0,0.0
2023-05-17 00:00:00-04:00,89.77999877929688,90.0,88.08000183105469,88.77999877929688,81.71235656738281,1021000,0.0,0.0
2023-05-18 00:00:00-04:00,88.33000183105469,88.75,87.93000030517578,88.58000183105469,81.52828979492188,903600,0.0,0.0
2023-05-19 00:00:00-04:00,88.58999633789062,89.45999908447266,88.37000274658203,88.91999816894531,81.8412094116211,2950100,0.0,0.0
2023-05-22 00:00:00-04:00,88.6500015258789,89.0,87.22000122070312,87.72000122070312,80.73675537109375,1544900,0.0,0.0
2023-05-23 00:00:00-04:00,87.77999877929688,87.77999877929688,86.88999938964844,87.29000091552734,80.34097290039062,972300,0.0,0.0
2023-05-24 00:00:00-04:00,87.27999877929688,88.30000305175781,86.5999984741211,87.69000244140625,80.70914459228516,1032800,0.0,0.0
2023-05-25 00:00:00-04:00,87.12999725341797,87.68000030517578,86.80000305175781,87.20999908447266,80.26734161376953,1013600,0.0,0.0
2023-05-26 00:00:00-04:00,86.79000091552734,87.30000305175781,86.05999755859375,86.93000030517578,80.00962829589844,1070100,0.0,0.0
2023-05-30 00:00:00-04:00,86.19000244140625,86.5199966430664,85.05999755859375,85.41999816894531,78.61982727050781,1390300,0.0,0.0
2023-05-31 00:00:00-04:00,85.61000061035156,86.56999969482422,84.76000213623047,85.7300033569336,78.9051742553711,6040500,0.0,0.0
2023-06-01 00:00:00-04:00,86.41000366210938,87.62000274658203,86.37999725341797,87.58000183105469,80.6078872680664,1644700,0.0,0.0
2023-06-02 00:00:00-04:00,87.45999908447266,88.54000091552734,87.45999908447266,88.45999908447266,81.41783142089844,1139300,0.0,0.0
2023-06-05 00:00:00-04:00,88.4000015258789,89.61000061035156,88.37999725341797,88.76000213623047,81.69395446777344,814700,0.0,0.0
2023-06-06 00:00:00-04:00,91.75,92.4000015258789,89.58999633789062,90.1500015258789,82.97329711914062,1718300,0.0,0.0
2023-06-07 00:00:00-04:00,89.25,91.0,88.31999969482422,90.75,83.52552795410156,1419700,0.0,0.0
2023-06-08 00:00:00-04:00,90.61000061035156,90.80000305175781,89.41999816894531,90.12999725341797,82.95487976074219,761100,0.0,0.0
2023-06-09 00:00:00-04:00,89.88999938964844,90.95999908447266,89.76000213623047,90.66999816894531,83.45189666748047,693200,0.0,0.0
2023-06-12 00:00:00-04:00,90.87999725341797,91.0,90.19000244140625,90.62999725341797,83.41507720947266,765700,0.0,0.0
2023-06-13 00:00:00-04:00,90.43000030517578,91.08000183105469,90.19999694824219,90.33999633789062,83.1481704711914,898000,0.0,0.0
2023-06-14 00:00:00-04:00,90.79000091552734,91.2699966430664,90.38999938964844,90.9800033569336,83.73722076416016,759100,0.0,0.0
2023-06-15 00:00:00-04:00,91.37000274658203,92.05999755859375,90.87999725341797,91.9800033569336,84.65762329101562,1303100,0.0,0.0
2023-06-16 00:00:00-04:00,92.05000305175781,93.30000305175781,91.9800033569336,92.6500015258789,85.27428436279297,1714000,0.0,0.0
2023-06-20 00:00:00-04:00,93.27999877929688,94.25,92.93000030517578,92.94000244140625,85.54119873046875,2782400,0.0,0.0
2023-06-21 00:00:00-04:00,92.7699966430664,93.69999694824219,92.38999938964844,93.30999755859375,85.88172912597656,1776200,0.0,0.0
2023-06-22 00:00:00-04:00,93.88999938964844,94.13999938964844,93.3499984741211,93.75,86.28669738769531,1293400,0.0,0.0
2023-06-23 00:00:00-04:00,94.2699966430664,94.38999938964844,93.5,93.79000091552734,86.32353210449219,1779900,0.0,0.0
2023-06-26 00:00:00-04:00,93.75,93.75,92.70999908447266,93.29000091552734,85.86332702636719,1853300,0.0,0.0
2023-06-27 00:00:00-04:00,93.5199966430664,93.7699966430664,92.72000122070312,93.25,85.82649230957031,2792200,0.0,0.0
2023-06-28 00:00:00-04:00,92.44999694824219,92.47000122070312,91.08000183105469,91.8499984741211,84.53795623779297,3916600,0.0,0.0
2023-06-29 00:00:00-04:00,90.83000183105469,90.83000183105469,86.29000091552734,86.77999877929688,79.87158203125,4993700,0.0,0.0
2023-06-30 00:00:00-04:00,87.5999984741211,87.98999786376953,86.5,87.2300033569336,80.28575897216797,2368600,0.0,0.0
2023-07-03 00:00:00-04:00,87.23999786376953,88.16999816894531,86.5,88.16999816894531,81.15092468261719,1164900,0.0,0.0
2023-07-05 00:00:00-04:00,87.83000183105469,87.97000122070312,86.88999938964844,87.06999969482422,80.13849639892578,1883700,0.0,0.0
2023-07-06 00:00:00-04:00,86.81999969482422,86.91999816894531,85.37000274658203,85.70999908447266,78.88674926757812,1675000,0.0,0.0
2023-07-07 00:00:00-04:00,85.1500015258789,85.70999908447266,84.62000274658203,84.66999816894531,78.28575134277344,1346700,0.39,0.0
2023-07-10 00:00:00-04:00,84.54000091552734,84.83000183105469,83.16000366210938,83.31999969482422,77.03755950927734,1712000,0.0,0.0
2023-07-11 00:00:00-04:00,83.30000305175781,83.63999938964844,82.94000244140625,83.5199966430664,77.22248077392578,1953600,0.0,0.0
2023-07-12 00:00:00-04:00,83.7300033569336,85.27999877929688,83.54000091552734,84.94999694824219,78.5446548461914,1329900,0.0,0.0
2023-07-13 00:00:00-04:00,84.80000305175781,85.36000061035156,84.13999938964844,85.20999908447266,78.7850570678711,872800,0.0,0.0
2023-07-14 00:00:00-04:00,85.11000061035156,85.9800033569336,84.83000183105469,85.7699966430664,79.30281066894531,901500,0.0,0.0
2023-07-17 00:00:00-04:00,85.4800033569336,86.2699966430664,85.41999816894531,85.75,79.28434753417969,938900,0.0,0.0
2023-07-18 00:00:00-04:00,85.91999816894531,86.5,85.06999969482422,85.43000030517578,78.98846435546875,955000,0.0,0.0
2023-07-19 00:00:00-04:00,85.62999725341797,86.26000213623047,85.05999755859375,86.05999755859375,79.57095336914062,1178700,0.0,0.0
2023-07-20 00:00:00-04:00,86.37000274658203,87.62000274658203,86.19000244140625,87.55999755859375,80.95784759521484,957900,0.0,0.0
2023-07-21 00:00:00-04:00,87.55000305175781,88.31999969482422,87.20999908447266,88.12999725341797,81.48487854003906,1456400,0.0,0.0
2023-07-24 00:00:00-04:00,87.9800033569336,89.1500015258789,87.79000091552734,88.7699966430664,82.07660675048828,1131400,0.0,0.0
2023-07-25 00:00:00-04:00,89.01000213623047,89.94999694824219,88.44999694824219,89.81999969482422,83.04745483398438,1632400,0.0,0.0
2023-07-26 00:00:00-04:00,89.73999786376953,90.11000061035156,89.29000091552734,89.93000030517578,83.1491470336914,1186700,0.0,0.0
2023-07-27 00:00:00-04:00,89.91999816894531,90.44999694824219,89.5199966430664,89.56999969482422,82.81629943847656,1444500,0.0,0.0
2023-07-28 00:00:00-04:00,90.19000244140625,90.37000274658203,89.27999877929688,89.83000183105469,83.05668640136719,1006500,0.0,0.0
2023-07-31 00:00:00-04:00,89.83000183105469,89.98999786376953,88.33000183105469,89.4800033569336,82.73307800292969,2362700,0.0,0.0
2023-08-01 00:00:00-04:00,89.43000030517578,89.83999633789062,88.0,88.05000305175781,81.41090393066406,1508800,0.0,0.0
2023-08-02 00:00:00-04:00,87.8499984741211,88.87999725341797,87.70999908447266,88.29000091552734,81.6328125,1132700,0.0,0.0
2023-08-03 00:00:00-04:00,88.13999938964844,88.61000061035156,87.8499984741211,88.16999816894531,81.52186584472656,1016300,0.0,0.0
2023-08-04 00:00:00-04:00,88.43000030517578,88.77999877929688,87.29000091552734,87.33999633789062,80.75444030761719,992600,0.0,0.0
2023-08-07 00:00:00-04:00,87.30999755859375,87.8499984741211,86.97000122070312,87.62000274658203,81.0133285522461,725300,0.0,0.0
2023-08-08 00:00:00-04:00,87.62000274658203,87.62000274658203,85.55000305175781,85.77999877929688,79.31206512451172,790300,0.0,0.0
2023-08-09 00:00:00-04:00,85.77999877929688,87.37000274658203,85.5,86.97000122070312,80.41233825683594,1006600,0.0,0.0
2023-08-10 00:00:00-04:00,87.06999969482422,87.43000030517578,86.05999755859375,86.13999938964844,79.64491271972656,755300,0.0,0.0
2023-08-11 00:00:00-04:00,86.37000274658203,86.63999938964844,85.94999694824219,86.43000030517578,79.9130630493164,1101800,0.0,0.0
2023-08-14 00:00:00-04:00,86.69999694824219,87.06999969482422,86.44999694824219,86.83000183105469,80.28289794921875,878600,0.0,0.0
2023-08-15 00:00:00-04:00,86.55000305175781,86.55000305175781,85.4000015258789,85.87999725341797,79.40453338623047,782000,0.0,0.0
2023-08-16 00:00:00-04:00,86.0,86.41999816894531,85.79000091552734,85.80000305175781,79.33057403564453,476600,0.0,0.0
2023-08-17 00:00:00-04:00,85.94999694824219,86.11000061035156,84.97000122070312,85.08999633789062,78.67410278320312,637700,0.0,0.0
2023-08-18 00:00:00-04:00,84.98999786376953,85.41999816894531,84.66999816894531,84.97000122070312,78.56314849853516,789500,0.0,0.0
2023-08-21 00:00:00-04:00,84.7699966430664,84.7699966430664,83.43000030517578,83.66000366210938,77.35191345214844,990300,0.0,0.0
2023-08-22 00:00:00-04:00,83.4800033569336,83.58000183105469,82.04000091552734,82.3499984741211,76.14070129394531,1140000,0.0,0.0
2023-08-23 00:00:00-04:00,82.6500015258789,82.87999725341797,81.47000122070312,81.6500015258789,75.49346923828125,1161400,0.0,0.0
2023-08-24 00:00:00-04:00,81.80000305175781,82.23999786376953,80.76000213623047,80.98999786376953,74.88324737548828,1441700,0.0,0.0
2023-08-25 00:00:00-04:00,81.55000305175781,81.91000366210938,80.62000274658203,81.4800033569336,75.3362808227539,1411100,0.0,0.0
2023-08-28 00:00:00-04:00,81.62000274658203,82.1500015258789,81.55999755859375,82.0,75.81707763671875,1090100,0.0,0.0
2023-08-29 00:00:00-04:00,82.30000305175781,82.88999938964844,81.5199966430664,82.80000305175781,76.5567626953125,943200,0.0,0.0
2023-08-30 00:00:00-04:00,83.0199966430664,83.4800033569336,82.62000274658203,82.91999816894531,76.66771697998047,702500,0.0,0.0
2023-08-31 00:00:00-04:00,83.0199966430664,83.12000274658203,81.93000030517578,82.08000183105469,75.89105224609375,1394300,0.0,0.0
2023-09-01 00:00:00-04:00,82.16000366210938,82.38999938964844,80.20999908447266,80.45999908447266,74.39320373535156,1460200,0.0,0.0
2023-09-05 00:00:00-04:00,80.30000305175781,80.83000183105469,79.73999786376953,80.48999786376953,74.42094421386719,1141500,0.0,0.0
2023-09-06 00:00:00-04:00,80.43000030517578,80.62999725341797,80.05000305175781,80.0999984741211,74.06035614013672,812900,0.0,0.0
2023-09-07 00:00:00-04:00,80.45999908447266,81.0199966430664,79.95999908447266,80.12000274658203,74.07884979248047,973000,0.0,0.0
2023-09-08 00:00:00-04:00,80.02999877929688,80.72000122070312,79.8499984741211,80.69999694824219,74.61511993408203,783400,0.0,0.0
2023-09-11 00:00:00-04:00,80.9000015258789,81.9800033569336,80.72000122070312,81.75,75.5859375,1039100,0.0,0.0
2023-09-12 00:00:00-04:00,81.75,81.87000274658203,80.44999694824219,80.7300033569336,74.64285278320312,763200,0.0,0.0
2023-09-13 00:00:00-04:00,80.45999908447266,80.7699966430664,79.5999984741211,79.83999633789062,73.81995391845703,1090800,0.0,0.0
2023-09-14 00:00:00-04:00,80.02999877929688,80.48999786376953,79.68000030517578,80.37999725341797,74.3192367553711,1103800,0.0,0.0
2023-09-15 00:00:00-04:00,80.41000366210938,80.62999725341797,79.69999694824219,79.79000091552734,73.77373504638672,1796700,0.0,0.0
2023-09-18 00:00:00-04:00,80.08000183105469,80.19000244140625,79.1500015258789,79.91999816894531,73.89392852783203,1100100,0.0,0.0
2023-09-19 00:00:00-04:00,79.7699966430664,80.16000366210938,78.63999938964844,78.72000122070312,72.7844009399414,1377600,0.0,0.0
2023-09-20 00:00:00-04:00,79.05999755859375,79.25,78.45999908447266,78.55999755859375,72.636474609375,1421300,0.0,0.0
2023-09-21 00:00:00-04:00,78.30000305175781,78.68000030517578,77.36000061035156,77.41000366210938,71.57318878173828,995700,0.0,0.0
2023-09-22 00:00:00-04:00,77.1500015258789,77.81999969482422,76.52999877929688,76.55000305175781,70.77804565429688,958800,0.0,0.0
2023-09-25 00:00:00-04:00,76.26000213623047,76.43000030517578,75.30000305175781,75.55999755859375,69.86266326904297,1378900,0.0,0.0
2023-09-26 00:00:00-04:00,74.94000244140625,75.94999694824219,74.86000061035156,75.4800033569336,69.78870391845703,1317200,0.0,0.0
2023-09-27 00:00:00-04:00,75.33000183105469,75.86000061035156,73.81999969482422,74.08999633789062,68.5035171508789,1427300,0.0,0.0
2023-09-28 00:00:00-04:00,74.4000015258789,74.91000366210938,74.11000061035156,74.6500015258789,69.02128601074219,1237000,0.0,0.0
2023-09-29 00:00:00-04:00,75.12999725341797,76.12999725341797,75.0199966430664,75.63999938964844,69.93663787841797,1661700,0.0,0.0
2023-10-02 00:00:00-04:00,75.27999877929688,75.4800033569336,74.30999755859375,74.72000122070312,69.08601379394531,2825400,0.0,0.0
2023-10-03 00:00:00-04:00,70.30999755859375,71.44000244140625,66.5999984741211,68.4000015258789,63.242549896240234,7564700,0.0,0.0
2023-10-04 00:00:00-04:00,68.55999755859375,69.29000091552734,66.08000183105469,68.41000366210938,63.251800537109375,3804500,0.0,0.0
2023-10-05 00:00:00-04:00,68.58000183105469,68.58000183105469,65.30999755859375,65.38999938964844,60.459503173828125,3350700,0.0,0.0
2023-10-06 00:00:00-04:00,64.95999908447266,64.95999908447266,62.2400016784668,64.55000305175781,60.04094696044922,4143900,0.39,0.0
2023-10-09 00:00:00-04:00,64.22000122070312,64.52999877929688,61.91999816894531,63.15999984741211,58.7480354309082,5231600,0.0,0.0
2023-10-10 00:00:00-04:00,63.88999938964844,64.29000091552734,62.849998474121094,63.209999084472656,58.7945442199707,3570500,0.0,0.0
2023-10-11 00:00:00-04:00,63.349998474121094,63.61000061035156,61.689998626708984,62.02000045776367,57.68766784667969,2864400,0.0,0.0
2023-10-12 00:00:00-04:00,61.869998931884766,62.0,59.130001068115234,59.560001373291016,55.399513244628906,4390400,0.0,0.0
2023-10-13 00:00:00-04:00,59.720001220703125,61.040000915527344,59.5,60.9900016784668,56.72962188720703,3939300,0.0,0.0
2023-10-16 00:00:00-04:00,61.290000915527344,61.81999969482422,60.540000915527344,61.5,57.20399475097656,3586300,0.0,0.0
2023-10-17 00:00:00-04:00,61.13999938964844,62.2599983215332,61.13999938964844,61.86000061035156,57.538848876953125,2704500,0.0,0.0
2023-10-18 00:00:00-04:00,61.88999938964844,62.54999923706055,61.18000030517578,61.209999084472656,56.93424987792969,2525100,0.0,0.0
2023-10-19 00:00:00-04:00,61.11000061035156,61.33000183105469,59.939998626708984,60.040000915527344,55.84598159790039,2564400,0.0,0.0
2023-10-20 00:00:00-04:00,60.20000076293945,60.52000045776367,59.560001373291016,59.7599983215332,55.58553695678711,2688700,0.0,0.0
2023-10-23 00:00:00-04:00,59.70000076293945,61.4900016784668,59.45000076293945,60.84000015258789,56.5900993347168,4475300,0.0,0.0
2023-10-24 00:00:00-04:00,61.119998931884766,62.779998779296875,61.119998931884766,62.29999923706055,57.94811248779297,3593900,0.0,0.0
2023-10-25 00:00:00-04:00,62.22999954223633,64.6500015258789,62.099998474121094,64.37999725341797,59.8828125,3439300,0.0,0.0
2023-10-26 00:00:00-04:00,64.26000213623047,65.45999908447266,64.0,64.43000030517578,59.929325103759766,3532700,0.0,0.0
2023-10-27 00:00:00-04:00,64.2699966430664,64.75,62.540000915527344,62.97999954223633,58.58060836791992,1888500,0.0,0.0
2023-10-30 00:00:00-04:00,63.36000061035156,64.05000305175781,62.720001220703125,63.779998779296875,59.3247184753418,2123600,0.0,0.0
2023-10-31 00:00:00-04:00,64.1500015258789,64.48999786376953,63.279998779296875,63.900001525878906,59.43634033203125,6000200,0.0,0.0
2023-11-01 00:00:00-04:00,64.05000305175781,65.01000213623047,63.56999969482422,64.11000061035156,59.631675720214844,1651600,0.0,0.0
2023-11-02 00:00:00-04:00,64.5999984741211,65.3499984741211,64.47000122070312,64.81999969482422,60.292076110839844,1738600,0.0,0.0
2023-11-03 00:00:00-04:00,65.69999694824219,65.91000366210938,64.83999633789062,64.95999908447266,60.42230987548828,1341600,0.0,0.0
2023-11-06 00:00:00-05:00,64.58999633789062,65.37000274658203,64.5,64.70999908447266,60.18976593017578,968600,0.0,0.0
2023-11-07 00:00:00-05:00,64.58999633789062,65.0999984741211,64.27999877929688,64.7699966430664,60.245567321777344,907400,0.0,0.0
2023-11-08 00:00:00-05:00,64.94999694824219,65.37000274658203,64.41000366210938,65.30000305175781,60.73855209350586,1316300,0.0,0.0
2023-11-09 00:00:00-05:00,65.51000213623047,65.68000030517578,64.30000305175781,64.55000305175781,60.04094696044922,1064800,0.0,0.0
2023-11-10 00:00:00-05:00,64.62000274658203,64.97000122070312,64.08000183105469,64.93000030517578,60.3943977355957,902400,0.0,0.0
2023-11-13 00:00:00-05:00,64.93000030517578,65.7699966430664,64.93000030517578,65.0999984741211,60.55251693725586,1160000,0.0,0.0
2023-11-14 00:00:00-05:00,65.80000305175781,66.37999725341797,65.51000213623047,66.30999755859375,61.67799377441406,1622000,0.0,0.0
2023-11-15 00:00:00-05:00,66.63999938964844,66.80000305175781,65.75,65.87000274658203,61.268741607666016,1540100,0.0,0.0
2023-11-16 00:00:00-05:00,65.80000305175781,66.20999908447266,65.56999969482422,66.04000091552734,61.42685317993164,1246400,0.0,0.0
2023-11-17 00:00:00-05:00,66.62000274658203,66.62000274658203,65.5,66.36000061035156,61.72451400756836,1765200,0.0,0.0
2023-11-20 00:00:00-05:00,66.26000213623047,66.26000213623047,65.1500015258789,65.62999725341797,61.045501708984375,1693600,0.0,0.0
2023-11-21 00:00:00-05:00,65.54000091552734,65.75,65.01000213623047,65.37999725341797,60.81296157836914,1900800,0.0,0.0
2023-11-22 00:00:00-05:00,65.83999633789062,66.44000244140625,65.7699966430664,66.1500015258789,61.529178619384766,1302500,0.0,0.0
2023-11-24 00:00:00-05:00,65.81999969482422,66.97000122070312,65.81999969482422,66.44000244140625,61.79893112182617,553500,0.0,0.0
2023-11-27 00:00:00-05:00,66.27999877929688,66.27999877929688,64.91999816894531,64.94000244140625,60.4036979675293,1326500,0.0,0.0
2023-11-28 00:00:00-05:00,64.91000366210938,65.44999694824219,64.5,65.01000213623047,60.46880340576172,1663700,0.0,0.0
2023-11-29 00:00:00-05:00,65.36000061035156,65.4000015258789,64.0199966430664,64.27999877929688,59.789798736572266,1650900,0.0,0.0
2023-11-30 00:00:00-05:00,64.27999877929688,64.87999725341797,63.66999816894531,64.83000183105469,60.3013801574707,2406100,0.0,0.0
2023-12-01 00:00:00-05:00,64.91000366210938,66.0,64.58000183105469,65.98999786376953,61.38035583496094,1608400,0.0,0.0
2023-12-04 00:00:00-05:00,65.77999877929688,67.01000213623047,65.73999786376953,66.79000091552734,62.12446212768555,2029300,0.0,0.0
2023-12-05 00:00:00-05:00,66.94000244140625,67.4000015258789,66.36000061035156,66.6500015258789,61.99424743652344,1306900,0.0,0.0
2023-12-06 00:00:00-05:00,66.69000244140625,68.05000305175781,66.48999786376953,67.7300033569336,62.99881362915039,1343400,0.0,0.0
2023-12-07 00:00:00-05:00,67.80000305175781,68.29000091552734,67.12999725341797,67.7300033569336,62.99881362915039,1084300,0.0,0.0
2023-12-08 00:00:00-05:00,67.91000366210938,68.0,66.79000091552734,67.08999633789062,62.403499603271484,991900,0.0,0.0
2023-12-11 00:00:00-05:00,67.12999725341797,68.12999725341797,67.11000061035156,67.8499984741211,63.11040496826172,1079900,0.0,0.0
2023-12-12 00:00:00-05:00,67.9800033569336,67.9800033569336,67.12999725341797,67.68000030517578,62.95229721069336,1273600,0.0,0.0
2023-12-13 00:00:00-05:00,67.58000183105469,69.91000366210938,67.4800033569336,69.79000091552734,64.91490173339844,1345300,0.0,0.0
2023-12-14 00:00:00-05:00,70.08999633789062,70.4800033569336,68.23999786376953,68.27999877929688,63.5103759765625,2475700,0.0,0.0
2023-12-15 00:00:00-05:00,67.5999984741211,68.19000244140625,66.48999786376953,66.87999725341797,62.20818328857422,3956900,0.0,0.0
2023-12-18 00:00:00-05:00,67.11000061035156,67.77999877929688,66.51000213623047,67.70999908447266,62.980194091796875,1623500,0.0,0.0
2023-12-19 00:00:00-05:00,67.8499984741211,68.41000366210938,67.72000122070312,68.20999908447266,63.445274353027344,1481500,0.0,0.0
2023-12-20 00:00:00-05:00,67.73999786376953,68.05999755859375,66.93000030517578,66.94000244140625,62.26398849487305,1093000,0.0,0.0
2023-12-21 00:00:00-05:00,67.2699966430664,68.06999969482422,67.11000061035156,67.87000274658203,63.1290283203125,990200,0.0,0.0
2023-12-22 00:00:00-05:00,68.19000244140625,69.12999725341797,67.80000305175781,67.87000274658203,63.1290283203125,1003100,0.0,0.0
2023-12-26 00:00:00-05:00,67.69000244140625,68.6500015258789,67.44000244140625,68.16000366210938,63.398780822753906,2017000,0.0,0.0
2023-12-27 00:00:00-05:00,68.11000061035156,68.33000183105469,67.86000061035156,68.20999908447266,63.445274353027344,1266200,0.0,0.0
2023-12-28 00:00:00-05:00,67.8499984741211,68.5,67.79000091552734,68.2300033569336,63.857078552246094,918900,0.42,0.0
2023-12-29 00:00:00-05:00,67.9000015258789,68.63999938964844,67.9000015258789,68.41999816894531,64.03489685058594,1170800,0.0,0.0
2024-01-02 00:00:00-05:00,68.19000244140625,69.9800033569336,68.19000244140625,69.54000091552734,65.08312225341797,1818900,0.0,0.0
2024-01-03 00:00:00-05:00,69.41000366210938,70.06999969482422,68.72000122070312,68.95999908447266,64.54029846191406,1765400,0.0,0.0
2024-01-04 00:00:00-05:00,68.6500015258789,68.88999938964844,67.93000030517578,68.05000305175781,63.68861770629883,2409900,0.0,0.0
2024-01-05 00:00:00-05:00,68.30999755859375,68.44999694824219,66.79000091552734,67.23999786376953,62.9305305480957,1190400,0.0,0.0
2024-01-08 00:00:00-05:00,67.16999816894531,67.52999877929688,66.76000213623047,67.22000122070312,62.91181182861328,1846600,0.0,0.0
2024-01-09 00:00:00-05:00,66.70999908447266,67.72000122070312,66.44000244140625,67.62999725341797,63.2955322265625,1970200,0.0,0.0
2024-01-10 00:00:00-05:00,66.79000091552734,67.3499984741211,65.61000061035156,66.2699966430664,62.02268600463867,2201700,0.0,0.0
2024-01-11 00:00:00-05:00,66.25,66.30999755859375,65.5199966430664,65.72000122070312,61.5079460144043,1380100,0.0,0.0
2024-01-12 00:00:00-05:00,66.2699966430664,66.54000091552734,65.98999786376953,66.3499984741211,62.09756851196289,1514600,0.0,0.0
2024-01-16 00:00:00-05:00,66.05000305175781,66.33999633789062,64.77999877929688,65.18000030517578,61.00254821777344,2728900,0.0,0.0
2024-01-17 00:00:00-05:00,64.83000183105469,65.5199966430664,64.55000305175781,65.0199966430664,60.852813720703125,1603800,0.0,0.0
2024-01-18 00:00:00-05:00,64.41999816894531,65.11000061035156,63.880001068115234,64.91999816894531,60.759212493896484,1837700,0.0,0.0
2024-01-19 00:00:00-05:00,65.02999877929688,65.37999725341797,64.25,65.02999877929688,60.86216735839844,2299900,0.0,0.0
2024-01-22 00:00:00-05:00,64.3499984741211,65.0999984741211,64.06999969482422,64.61000061035156,60.469085693359375,2378900,0.0,0.0
2024-01-23 00:00:00-05:00,64.87999725341797,66.91000366210938,64.87999725341797,66.80000305175781,62.51871871948242,2274700,0.0,0.0
2024-01-24 00:00:00-05:00,66.93000030517578,67.0,65.77999877929688,65.77999877929688,61.5640983581543,2485600,0.0,0.0
2024-01-25 00:00:00-05:00,66.51000213623047,69.5199966430664,66.51000213623047,68.5999984741211,64.20335388183594,4464200,0.0,0.0
2024-01-26 00:00:00-05:00,68.83999633789062,69.33000183105469,68.05000305175781,69.08000183105469,64.652587890625,2894400,0.0,0.0
2024-01-29 00:00:00-05:00,69.27999877929688,69.36000061035156,68.27999877929688,68.58000183105469,64.18463134765625,2598400,0.0,0.0
2024-01-30 00:00:00-05:00,68.19000244140625,69.87000274658203,68.1500015258789,69.2699966430664,64.83040618896484,2967900,0.0,0.0
2024-01-31 00:00:00-05:00,68.91000366210938,69.13999938964844,67.94000244140625,68.16000366210938,63.791568756103516,2795500,0.0,0.0
2024-02-01 00:00:00-05:00,67.69000244140625,68.70999908447266,67.05000305175781,68.69000244140625,64.28759765625,1855200,0.0,0.0
2024-02-02 00:00:00-05:00,68.58999633789062,68.94000244140625,67.11000061035156,67.68000030517578,63.34232711791992,2293900,0.0,0.0
2024-02-05 00:00:00-05:00,67.29000091552734,67.38999938964844,65.83999633789062,65.8499984741211,61.629608154296875,1523700,0.0,0.0
2024-02-06 00:00:00-05:00,65.91999816894531,67.88999938964844,65.86000061035156,67.05000305175781,62.75270462036133,1719100,0.0,0.0
2024-02-07 00:00:00-05:00,67.33999633789062,67.36000061035156,65.5199966430664,65.62000274658203,61.41435241699219,1544100,0.0,0.0
2024-02-08 00:00:00-05:00,65.58999633789062,66.20999908447266,65.26000213623047,65.81999969482422,61.60153579711914,1937000,0.0,0.0
2024-02-09 00:00:00-05:00,66.0,66.0,64.33000183105469,64.6500015258789,60.506526947021484,2111100,0.0,0.0
2024-02-12 00:00:00-05:00,64.5999984741211,66.08999633789062,64.5,66.06999969482422,61.83551025390625,1850500,0.0,0.0
2024-02-13 00:00:00-05:00,65.94999694824219,66.41000366210938,64.33000183105469,65.3499984741211,61.161659240722656,1990400,0.0,0.0
2024-02-14 00:00:00-05:00,65.55999755859375,65.55999755859375,64.44000244140625,64.98999786376953,60.824729919433594,1325200,0.0,0.0
2024-02-15 00:00:00-05:00,65.5,66.41999816894531,64.93000030517578,65.55000305175781,61.34884262084961,2016000,0.0,0.0
2024-02-16 00:00:00-05:00,65.26000213623047,66.73999786376953,64.86000061035156,66.1500015258789,61.9103889465332,1746600,0.0,0.0
2024-02-20 00:00:00-05:00,66.23999786376953,68.19999694824219,66.23999786376953,68.05999755859375,63.697975158691406,2326500,0.0,0.0
2024-02-21 00:00:00-05:00,68.36000061035156,68.36000061035156,66.93000030517578,67.52999877929688,63.20193099975586,2292200,0.0,0.0
2024-02-22 00:00:00-05:00,67.08999633789062,67.83000183105469,65.72000122070312,67.79000091552734,63.445274353027344,2089000,0.0,0.0
2024-02-23 00:00:00-05:00,67.66000366210938,68.70999908447266,67.47000122070312,68.08000183105469,63.71669006347656,2966100,0.0,0.0
2024-02-26 00:00:00-05:00,67.97000122070312,68.5,67.3499984741211,67.87999725341797,63.52949905395508,1319900,0.0,0.0
2024-02-27 00:00:00-05:00,68.0,68.0999984741211,67.52999877929688,67.83999633789062,63.492069244384766,1053900,0.0,0.0
2024-02-28 00:00:00-05:00,67.6500015258789,68.23999786376953,67.33000183105469,67.7300033569336,63.389129638671875,1397000,0.0,0.0
2024-02-29 00:00:00-05:00,68.23999786376953,69.05000305175781,67.62999725341797,68.86000061035156,64.44669342041016,2743500,0.0,0.0
2024-03-01 00:00:00-05:00,68.6500015258789,68.72000122070312,67.55999755859375,67.80999755859375,63.46399688720703,1325900,0.0,0.0
2024-03-04 00:00:00-05:00,67.68000030517578,68.52999877929688,67.52999877929688,68.4800033569336,64.09105682373047,1233500,0.0,0.0
2024-03-05 00:00:00-05:00,68.7300033569336,69.16000366210938,68.3499984741211,68.9000015258789,64.48414611816406,1841900,0.0,0.0
2024-03-06 00:00:00-05:00,69.43000030517578,69.5,67.81999969482422,68.30999755859375,63.931949615478516,1558200,0.0,0.0
2024-03-07 00:00:00-05:00,68.66999816894531,68.68000030517578,67.66999816894531,68.38999938964844,64.00682830810547,1232300,0.0,0.0
2024-03-08 00:00:00-05:00,68.2699966430664,68.91999816894531,67.97000122070312,68.58000183105469,64.18463134765625,957600,0.0,0.0
2024-03-11 00:00:00-04:00,68.55999755859375,70.0,68.55999755859375,69.88999938964844,65.41069793701172,1554600,0.0,0.0
2024-03-12 00:00:00-04:00,69.58000183105469,70.5,68.93000030517578,68.95999908447266,64.54029846191406,1471500,0.0,0.0
2024-03-13 00:00:00-04:00,69.29000091552734,70.13999938964844,68.58000183105469,68.66999816894531,64.26887512207031,2311100,0.0,0.0
2024-03-14 00:00:00-04:00,68.38999938964844,68.86000061035156,67.69000244140625,67.9800033569336,63.62310791015625,1987000,0.0,0.0
2024-03-15 00:00:00-04:00,67.48999786376953,68.43000030517578,67.0199966430664,68.16999816894531,63.8009147644043,3794600,0.0,0.0
2024-03-18 00:00:00-04:00,68.16000366210938,69.16999816894531,67.95999908447266,68.12000274658203,63.754127502441406,2081300,0.0,0.0
2024-03-19 00:00:00-04:00,68.08000183105469,69.56999969482422,67.69999694824219,69.4000015258789,64.95210266113281,1846700,0.0,0.0
2024-03-20 00:00:00-04:00,69.6500015258789,70.54000091552734,68.33999633789062,68.7300033569336,64.32502746582031,2096100,0.0,0.0
2024-03-21 00:00:00-04:00,68.61000061035156,69.70999908447266,67.94000244140625,69.4800033569336,65.02696990966797,1731500,0.0,0.0
2024-03-22 00:00:00-04:00,69.72000122070312,70.12000274658203,69.5,70.02999877929688,65.54170989990234,1577300,0.0,0.0
2024-03-25 00:00:00-04:00,70.27999877929688,70.94000244140625,69.54000091552734,69.94000244140625,65.45746612548828,4910700,0.0,0.0
2024-03-26 00:00:00-04:00,74.8499984741211,77.75,73.75,77.30000305175781,72.34576416015625,6318400,0.0,0.0
2024-03-27 00:00:00-04:00,77.75,77.7699966430664,75.20999908447266,76.02999877929688,71.15715789794922,4352500,0.0,0.0
2024-03-28 00:00:00-04:00,76.79000091552734,77.45999908447266,76.47000122070312,76.80999755859375,71.88716125488281,2583900,0.0,0.0
2024-04-01 00:00:00-04:00,75.79000091552734,76.97000122070312,75.27999877929688,76.62000274658203,71.70934295654297,2306900,0.0,0.0
2024-04-02 00:00:00-04:00,77.58000183105469,78.41000366210938,76.93000030517578,78.2699966430664,73.25360870361328,3759000,0.0,0.0
2024-04-03 00:00:00-04:00,78.0,78.22000122070312,75.9800033569336,76.25,71.36305236816406,1934400,0.0,0.0
2024-04-04 00:00:00-04:00,76.3499984741211,77.04000091552734,75.72000122070312,76.41000366210938,71.51280975341797,1856200,0.0,0.0
2024-04-05 00:00:00-04:00,75.94000244140625,75.9800033569336,74.62999725341797,75.47000122070312,71.02345275878906,1616900,0.42,0.0
2024-04-08 00:00:00-04:00,75.4000015258789,76.33999633789062,75.37000274658203,75.62999725341797,71.17401885986328,1279400,0.0,0.0
2024-04-09 00:00:00-04:00,75.88999938964844,76.02999877929688,75.26000213623047,75.62999725341797,71.17401885986328,1045800,0.0,0.0
2024-04-10 00:00:00-04:00,75.0,75.37999725341797,74.22000122070312,74.77999877929688,70.37411499023438,1235100,0.0,0.0
2024-04-11 00:00:00-04:00,74.9000015258789,74.9000015258789,72.9000015258789,73.41999816894531,69.09423065185547,1719000,0.0,0.0
2024-04-12 00:00:00-04:00,73.19000244140625,73.19000244140625,71.36000061035156,71.76000213623047,67.53204345703125,1708000,0.0,0.0
2024-04-15 00:00:00-04:00,72.06999969482422,72.58999633789062,71.38999938964844,71.91000366210938,67.6731948852539,1912500,0.0,0.0
2024-04-16 00:00:00-04:00,72.08999633789062,72.47000122070312,71.68000030517578,71.80000305175781,67.56968688964844,1217900,0.0,0.0
2024-04-17 00:00:00-04:00,72.22000122070312,72.38999938964844,71.63999938964844,72.2699966430664,68.0119857788086,1158800,0.0,0.0
2024-04-18 00:00:00-04:00,72.76000213623047,72.94999694824219,72.37000274658203,72.69999694824219,68.41665649414062,1330400,0.0,0.0
2024-04-19 00:00:00-04:00,73.19000244140625,74.18000030517578,72.7300033569336,73.91999816894531,69.56478118896484,1726900,0.0,0.0
2024-04-22 00:00:00-04:00,74.20999908447266,75.36000061035156,73.91000366210938,74.69000244140625,70.28941345214844,1715000,0.0,0.0
2024-04-23 00:00:00-04:00,74.56999969482422,75.22000122070312,74.41000366210938,75.0199966430664,70.59996795654297,1701200,0.0,0.0
2024-04-24 00:00:00-04:00,74.20999908447266,76.0,73.68000030517578,75.8499984741211,71.38105773925781,1824600,0.0,0.0
2024-04-25 00:00:00-04:00,75.98999786376953,76.9000015258789,75.1500015258789,75.55999755859375,71.10814666748047,1732000,0.0,0.0
2024-04-26 00:00:00-04:00,75.37000274658203,76.05000305175781,75.1500015258789,75.7300033569336,71.26813507080078,1248000,0.0,0.0
2024-04-29 00:00:00-04:00,75.87999725341797,76.3499984741211,75.7699966430664,76.29000091552734,71.7951431274414,1386200,0.0,0.0
2024-04-30 00:00:00-04:00,76.06999969482422,76.47000122070312,75.26000213623047,76.05999755859375,71.57868194580078,3019000,0.0,0.0
2024-05-01 00:00:00-04:00,75.69000244140625,75.7699966430664,74.04000091552734,74.55000305175781,70.15766143798828,1767000,0.0,0.0
2024-05-02 00:00:00-04:00,74.87000274658203,75.7300033569336,74.41000366210938,75.13999938964844,70.71289825439453,1479300,0.0,0.0
2024-05-03 00:00:00-04:00,75.30999755859375,76.1500015258789,75.01000213623047,75.44999694824219,71.00462341308594,1584400,0.0,0.0
2024-05-06 00:00:00-04:00,75.5199966430664,75.94999694824219,74.9800033569336,75.76000213623047,71.2963638305664,1637400,0.0,0.0
2024-05-07 00:00:00-04:00,76.23999786376953,76.58000183105469,75.76000213623047,76.18000030517578,71.69163513183594,1510100,0.0,0.0
2024-05-08 00:00:00-04:00,76.33000183105469,76.83999633789062,75.51000213623047,75.55999755859375,71.10814666748047,1331100,0.0,0.0
2024-05-09 00:00:00-04:00,75.63999938964844,75.77999877929688,74.16000366210938,75.33999633789062,70.90110778808594,1097800,0.0,0.0
2024-05-10 00:00:00-04:00,75.33999633789062,76.20999908447266,75.25,76.1500015258789,71.66339874267578,793100,0.0,0.0
2024-05-13 00:00:00-04:00,76.2699966430664,76.76000213623047,75.66999816894531,75.73999786376953,71.27753448486328,879900,0.0,0.0
2024-05-14 00:00:00-04:00,75.97000122070312,76.30000305175781,74.30999755859375,74.5999984741211,70.2047119140625,1037400,0.0,0.0
2024-05-15 00:00:00-04:00,74.77999877929688,75.1500015258789,74.33000183105469,74.62999725341797,70.23294830322266,1029400,0.0,0.0
2024-05-16 00:00:00-04:00,74.98999786376953,75.44000244140625,74.47000122070312,74.4800033569336,70.09178924560547,1416500,0.0,0.0
2024-05-17 00:00:00-04:00,74.69000244140625,74.69000244140625,73.88999938964844,74.01000213623047,69.64947509765625,1279500,0.0,0.0
2024-05-20 00:00:00-04:00,73.93000030517578,74.58999633789062,73.37999725341797,74.2699966430664,69.89415740966797,2137400,0.0,0.0
2024-05-21 00:00:00-04:00,74.33000183105469,74.6500015258789,73.45999908447266,74.0,69.64005279541016,1450600,0.0,0.0
2024-05-22 00:00:00-04:00,73.5999984741211,74.01000213623047,73.25,73.63999938964844,69.30126953125,1804300,0.0,0.0
2024-05-23 00:00:00-04:00,72.98999786376953,73.93000030517578,72.05999755859375,72.1500015258789,67.89906311035156,1346900,0.0,0.0
2024-05-24 00:00:00-04:00,72.37000274658203,72.6500015258789,71.87000274658203,72.20999908447266,67.95553588867188,1053800,0.0,0.0
2024-05-28 00:00:00-04:00,71.87000274658203,72.16000366210938,71.0,71.30999755859375,67.10855102539062,1561700,0.0,0.0
2024-05-29 00:00:00-04:00,70.91999816894531,71.30000305175781,70.08999633789062,70.18000030517578,66.04512023925781,1314900,0.0,0.0
2024-05-30 00:00:00-04:00,70.37999725341797,71.13999938964844,70.05999755859375,70.72000122070312,66.55330657958984,1783200,0.0,0.0
2024-05-31 00:00:00-04:00,70.70999908447266,72.54000091552734,70.6500015258789,72.22000122070312,67.96493530273438,4091100,0.0,0.0
2024-06-03 00:00:00-04:00,72.26000213623047,72.8499984741211,71.30000305175781,71.9000015258789,67.66378021240234,1624700,0.0,0.0
2024-06-04 00:00:00-04:00,71.0,71.19999694824219,68.45999908447266,68.87000274658203,64.81230926513672,3345700,0.0,0.0
2024-06-05 00:00:00-04:00,68.63999938964844,68.66000366210938,67.41000366210938,68.30999755859375,64.2853012084961,2665600,0.0,0.0
2024-06-06 00:00:00-04:00,68.58000183105469,69.4800033569336,68.2699966430664,69.22000122070312,65.14169311523438,2188900,0.0,0.0
2024-06-07 00:00:00-04:00,68.83999633789062,69.30000305175781,68.5,68.58000183105469,64.53939819335938,1250300,0.0,0.0
2024-06-10 00:00:00-04:00,68.37000274658203,68.4000015258789,67.25,68.11000061035156,64.09709167480469,1251700,0.0,0.0
2024-06-11 00:00:00-04:00,67.9800033569336,69.23999786376953,67.79000091552734,69.19999694824219,65.12286376953125,1451600,0.0,0.0
2024-06-12 00:00:00-04:00,69.91000366210938,70.30999755859375,68.6500015258789,69.05999755859375,64.9911117553711,2473000,0.0,0.0
2024-06-13 00:00:00-04:00,68.9800033569336,68.9800033569336,67.55000305175781,67.91999816894531,63.91828536987305,1460000,0.0,0.0
2024-06-14 00:00:00-04:00,67.76000213623047,67.93000030517578,67.0199966430664,67.79000091552734,63.79593276977539,1374600,0.0,0.0
2024-06-17 00:00:00-04:00,67.5199966430664,69.52999877929688,67.5,69.4800033569336,65.38636779785156,1945400,0.0,0.0
2024-06-18 00:00:00-04:00,69.04000091552734,69.68000030517578,68.2300033569336,68.62999725341797,64.5864486694336,2034500,0.0,0.0
2024-06-20 00:00:00-04:00,68.36000061035156,69.0999984741211,68.12999725341797,68.55999755859375,64.52057647705078,1805500,0.0,0.0
2024-06-21 00:00:00-04:00,68.80999755859375,69.75,68.2300033569336,68.68000030517578,64.63349914550781,2280600,0.0,0.0
2024-06-24 00:00:00-04:00,68.58999633789062,70.12999725341797,68.2699966430664,69.19999694824219,65.12286376953125,2245200,0.0,0.0
2024-06-25 00:00:00-04:00,68.87999725341797,69.76000213623047,68.41999816894531,68.54000091552734,64.50174713134766,2037500,0.0,0.0
2024-06-26 00:00:00-04:00,67.22000122070312,67.98999786376953,66.87999725341797,67.66999816894531,63.683006286621094,3171300,0.0,0.0
2024-06-27 00:00:00-04:00,71.69000244140625,72.11000061035156,70.06999969482422,70.5999984741211,66.44038391113281,5768100,0.0,0.0
2024-06-28 00:00:00-04:00,70.80000305175781,71.05999755859375,70.05000305175781,70.94000244140625,66.7603530883789,4136000,0.0,0.0
2024-07-01 00:00:00-04:00,70.8499984741211,72.30000305175781,69.93000030517578,69.94999694824219,65.82868957519531,2432800,0.0,0.0
2024-07-02 00:00:00-04:00,69.88999938964844,70.66999816894531,69.62000274658203,70.23999786376953,66.10159301757812,1784700,0.0,0.0
2024-07-03 00:00:00-04:00,70.36000061035156,70.62000274658203,69.52999877929688,69.87000274658203,65.75338745117188,1059600,0.0,0.0
2024-07-05 00:00:00-04:00,69.91999816894531,70.93000030517578,69.41000366210938,70.87999725341797,66.70388793945312,1551900,0.0,0.0
2024-07-08 00:00:00-04:00,70.68000030517578,70.68000030517578,69.33000183105469,69.44000244140625,65.73826599121094,1922100,0.42,0.0
2024-07-09 00:00:00-04:00,69.4000015258789,70.25,69.0,70.06999969482422,66.33467102050781,1541300,0.0,0.0
2024-07-10 00:00:00-04:00,70.41999816894531,71.66999816894531,70.1500015258789,71.33000183105469,67.52750396728516,2105300,0.0,0.0
2024-07-11 00:00:00-04:00,71.38999938964844,71.77999877929688,70.83999633789062,71.19000244140625,67.39496612548828,1905600,0.0,0.0
2024-07-12 00:00:00-04:00,71.80000305175781,72.20999908447266,71.30000305175781,71.44999694824219,67.64110565185547,2085700,0.0,0.0
2024-07-15 00:00:00-04:00,71.37999725341797,73.58999633789062,71.16000366210938,72.75,68.87181091308594,4089900,0.0,0.0
2024-07-16 00:00:00-04:00,73.0,73.4000015258789,72.26000213623047,73.31999969482422,69.41142272949219,1599700,0.0,0.0
2024-07-17 00:00:00-04:00,73.56999969482422,75.29000091552734,73.55000305175781,74.44999694824219,70.48118591308594,2931600,0.0,0.0
2024-07-18 00:00:00-04:00,73.75,75.38999938964844,73.69999694824219,74.2300033569336,70.27291107177734,1740400,0.0,0.0
2024-07-19 00:00:00-04:00,74.2699966430664,74.63999938964844,73.08000183105469,73.58999633789062,69.66702270507812,1616600,0.0,0.0
2024-07-22 00:00:00-04:00,73.70999908447266,73.77999877929688,72.56999969482422,73.43000030517578,69.51555633544922,1228400,0.0,0.0
2024-07-23 00:00:00-04:00,73.31999969482422,74.33999633789062,73.06999969482422,73.94000244140625,69.99837493896484,1353300,0.0,0.0
2024-07-24 00:00:00-04:00,73.86000061035156,74.41000366210938,72.9800033569336,74.2300033569336,70.27291107177734,2182400,0.0,0.0
2024-07-25 00:00:00-04:00,74.3499984741211,76.44000244140625,74.27999877929688,74.7699966430664,70.78412628173828,1785200,0.0,0.0
2024-07-26 00:00:00-04:00,74.91999816894531,76.22000122070312,74.9000015258789,75.79000091552734,71.749755859375,2667700,0.0,0.0
2024-07-29 00:00:00-04:00,75.79000091552734,76.81999969482422,75.45999908447266,76.12000274658203,72.06217193603516,1621000,0.0,0.0
2024-07-30 00:00:00-04:00,75.77999877929688,77.20999908447266,75.77999877929688,76.87000274658203,72.77217864990234,1701600,0.0,0.0
2024-07-31 00:00:00-04:00,76.91000366210938,77.9000015258789,76.37999725341797,77.01000213623047,72.90471649169922,2291000,0.0,0.0
2024-08-01 00:00:00-04:00,77.12999725341797,78.1500015258789,76.33000183105469,78.05999755859375,73.89872741699219,1434600,0.0,0.0
2024-08-02 00:00:00-04:00,78.58999633789062,79.30999755859375,76.86000061035156,78.81999969482422,74.61822509765625,2183200,0.0,0.0
2024-08-05 00:00:00-04:00,78.7699966430664,79.37000274658203,75.97000122070312,76.29000091552734,72.22309875488281,2940400,0.0,0.0
2024-08-06 00:00:00-04:00,76.5999984741211,78.11000061035156,76.5999984741211,76.88999938964844,72.79110717773438,2682900,0.0,0.0
2024-08-07 00:00:00-04:00,76.97000122070312,78.69000244140625,76.6500015258789,77.61000061035156,73.47273254394531,1568000,0.0,0.0
2024-08-08 00:00:00-04:00,77.13999938964844,78.05000305175781,76.9800033569336,77.87000274658203,73.71887969970703,1398100,0.0,0.0
2024-08-09 00:00:00-04:00,77.91999816894531,77.97000122070312,76.83999633789062,77.62999725341797,73.49166107177734,1158600,0.0,0.0
2024-08-12 00:00:00-04:00,77.48999786376953,77.48999786376953,76.38999938964844,76.4800033569336,72.40296936035156,1098100,0.0,0.0
2024-08-13 00:00:00-04:00,76.66999816894531,77.43000030517578,76.4000015258789,77.31999969482422,73.19818878173828,761800,0.0,0.0
2024-08-14 00:00:00-04:00,77.77999877929688,78.77999877929688,77.30000305175781,77.95999908447266,73.80406951904297,1422500,0.0,0.0
2024-08-15 00:00:00-04:00,78.18000030517578,78.18000030517578,76.52999877929688,76.83999633789062,72.74376678466797,1419400,0.0,0.0
2024-08-16 00:00:00-04:00,76.80999755859375,77.47000122070312,76.58000183105469,77.18000030517578,73.06565856933594,1566100,0.0,0.0
2024-08-19 00:00:00-04:00,77.30999755859375,78.58000183105469,77.18000030517578,78.16000366210938,73.99340057373047,1540500,0.0,0.0
2024-08-20 00:00:00-04:00,77.9800033569336,78.33999633789062,77.72000122070312,78.0999984741211,73.93660736083984,978300,0.0,0.0
2024-08-21 00:00:00-04:00,78.33999633789062,79.26000213623047,77.94999694824219,78.79000091552734,74.5898208618164,987700,0.0,0.0
2024-08-22 00:00:00-04:00,78.95999908447266,79.18000030517578,78.1500015258789,78.70999908447266,74.51409912109375,844300,0.0,0.0
2024-08-23 00:00:00-04:00,78.88999938964844,79.37999725341797,78.58999633789062,79.30000305175781,75.0726318359375,1014200,0.0,0.0
2024-08-26 00:00:00-04:00,79.36000061035156,80.0999984741211,79.13999938964844,79.16999816894531,74.94956970214844,949000,0.0,0.0
2024-08-27 00:00:00-04:00,79.22000122070312,79.80000305175781,78.66000366210938,79.26000213623047,75.03477478027344,1044400,0.0,0.0
2024-08-28 00:00:00-04:00,79.05000305175781,80.1500015258789,78.75,79.69999694824219,75.4513168334961,1521300,0.0,0.0
2024-08-29 00:00:00-04:00,79.98999786376953,80.08999633789062,78.73999786376953,79.02999877929688,74.81703186035156,974800,0.0,0.0
2024-08-30 00:00:00-04:00,79.23999786376953,80.11000061035156,79.23999786376953,80.02999877929688,75.76371765136719,1902900,0.0,0.0
2024-09-03 00:00:00-04:00,80.04000091552734,81.87999725341797,79.9800033569336,81.19999694824219,76.87135314941406,2563000,0.0,0.0
2024-09-04 00:00:00-04:00,81.22000122070312,82.68000030517578,80.94999694824219,82.06999969482422,77.69498443603516,3501100,0.0,0.0
2024-09-05 00:00:00-04:00,82.61000061035156,83.4800033569336,82.20999908447266,83.04000091552734,78.61326599121094,2531800,0.0,0.0
2024-09-06 00:00:00-04:00,83.08000183105469,83.58000183105469,82.6500015258789,82.87999725341797,78.46179962158203,1445000,0.0,0.0
2024-09-09 00:00:00-04:00,83.04000091552734,83.83999633789062,82.31999969482422,83.23999786376953,78.8026123046875,2787900,0.0,0.0
2024-09-10 00:00:00-04:00,83.51000213623047,84.5,83.27999877929688,83.79000091552734,79.32328033447266,1781000,0.0,0.0
2024-09-11 00:00:00-04:00,83.55999755859375,83.55999755859375,82.19999694824219,82.58999633789062,78.18724822998047,1160300,0.0,0.0
2024-09-12 00:00:00-04:00,82.3499984741211,83.2699966430664,81.87000274658203,83.16999816894531,78.736328125,1408400,0.0,0.0
2024-09-13 00:00:00-04:00,83.20999908447266,83.97000122070312,83.01000213623047,83.76000213623047,79.29488372802734,1210900,0.0,0.0
2024-09-16 00:00:00-04:00,84.5,85.48999786376953,84.19999694824219,84.76000213623047,80.2415771484375,1148900,0.0,0.0
2024-09-17 00:00:00-04:00,84.7300033569336,85.23999786376953,84.37999725341797,84.5,79.99544525146484,1251500,0.0,0.0
2024-09-18 00:00:00-04:00,84.25,84.70999908447266,83.52999877929688,83.91999816894531,79.44635009765625,1355400,0.0,0.0
2024-09-19 00:00:00-04:00,83.9800033569336,84.0,82.54000091552734,83.33999633789062,78.89727783203125,1735300,0.0,0.0
2024-09-20 00:00:00-04:00,83.22000122070312,83.29000091552734,82.55999755859375,82.98999786376953,78.56593322753906,4289000,0.0,0.0
2024-09-23 00:00:00-04:00,82.91999816894531,83.76000213623047,82.66000366210938,83.19000244140625,78.7552719116211,1554300,0.0,0.0
2024-09-24 00:00:00-04:00,83.04000091552734,83.80999755859375,82.7300033569336,83.76000213623047,79.29488372802734,1939000,0.0,0.0
2024-09-25 00:00:00-04:00,84.04000091552734,84.04000091552734,83.12000274658203,83.37999725341797,78.93514251708984,1246800,0.0,0.0
2024-09-26 00:00:00-04:00,83.0999984741211,83.5999984741211,82.77999877929688,83.25,78.81207275390625,1613000,0.0,0.0
2024-09-27 00:00:00-04:00,83.5999984741211,84.29000091552734,83.05999755859375,83.23999786376953,78.8026123046875,2037400,0.0,0.0
2024-09-30 00:00:00-04:00,83.1500015258789,83.22000122070312,81.91999816894531,82.30000305175781,77.91270446777344,3214700,0.0,0.0
2024-10-01 00:00:00-04:00,83.31999969482422,84.80999755859375,81.58999633789062,84.08999633789062,79.60729217529297,4415900,0.0,0.0
2024-10-02 00:00:00-04:00,83.0199966430664,83.5199966430664,81.26000213623047,82.04000091552734,77.66658782958984,3608800,0.0,0.0
2024-10-03 00:00:00-04:00,81.58999633789062,81.68000030517578,80.37000274658203,80.88999938964844,76.57787322998047,2423100,0.0,0.0
2024-10-04 00:00:00-04:00,80.22000122070312,80.80000305175781,79.86000061035156,80.61000061035156,76.31279754638672,1841400,0.0,0.0
2024-10-07 00:00:00-04:00,79.91000366210938,80.04000091552734,79.08999633789062,79.37999725341797,75.5419692993164,1806100,0.42,0.0
2024-10-08 00:00:00-04:00,79.5999984741211,79.72000122070312,79.0999984741211,79.62999725341797,75.7798843383789,1408900,0.0,0.0
2024-10-09 00:00:00-04:00,79.81999969482422,80.12000274658203,79.2300033569336,79.70999908447266,75.85601043701172,1360600,0.0,0.0
2024-10-10 00:00:00-04:00,79.94000244140625,80.05000305175781,79.5199966430664,79.77999877929688,75.9226303100586,1059600,0.0,0.0
2024-10-11 00:00:00-04:00,80.0199966430664,80.43000030517578,79.80000305175781,80.18000030517578,76.30329132080078,1550400,0.0,0.0
2024-10-14 00:00:00-04:00,80.33999633789062,81.08000183105469,80.16000366210938,81.05000305175781,77.1312255859375,1416400,0.0,0.0
2024-10-15 00:00:00-04:00,81.18000030517578,82.54000091552734,81.18000030517578,81.48999786376953,77.5499496459961,1224100,0.0,0.0
2024-10-16 00:00:00-04:00,81.02999877929688,81.66999816894531,80.69000244140625,81.11000061035156,77.1883316040039,1098100,0.0,0.0
2024-10-17 00:00:00-04:00,81.05000305175781,81.27999877929688,80.0,80.0199966430664,76.15101623535156,1559400,0.0,0.0
2024-10-18 00:00:00-04:00,80.18000030517578,80.58000183105469,79.93000030517578,80.18000030517578,76.30329132080078,1526900,0.0,0.0
2024-10-21 00:00:00-04:00,80.05000305175781,80.11000061035156,77.9800033569336,78.05999755859375,74.28578186035156,1961600,0.0,0.0
2024-10-22 00:00:00-04:00,77.93000030517578,79.06999969482422,76.27999877929688,78.86000061035156,75.04710388183594,3127700,0.0,0.0
2024-10-23 00:00:00-04:00,78.08000183105469,79.44999694824219,77.87999725341797,79.37000274658203,75.53245544433594,1884300,0.0,0.0
2024-10-24 00:00:00-04:00,79.43000030517578,79.52999877929688,78.7300033569336,78.7699966430664,74.96145629882812,1580300,0.0,0.0
2024-10-25 00:00:00-04:00,78.9800033569336,79.01000213623047,77.68000030517578,77.86000061035156,74.095458984375,1129200,0.0,0.0
2024-10-28 00:00:00-04:00,78.3499984741211,78.94000244140625,78.18000030517578,78.33000183105469,74.54273986816406,1088900,0.0,0.0
2024-10-29 00:00:00-04:00,77.95999908447266,78.73999786376953,77.45999908447266,77.4800033569336,73.73383331298828,1201600,0.0,0.0
2024-10-30 00:00:00-04:00,77.52999877929688,78.33000183105469,77.29000091552734,77.94000244140625,74.17158508300781,1205000,0.0,0.0
2024-10-31 00:00:00-04:00,77.94999694824219,78.7699966430664,77.87000274658203,78.23999786376953,74.45709228515625,1917500,0.0,0.0
2024-11-01 00:00:00-04:00,78.4800033569336,78.94999694824219,78.05999755859375,78.75,74.94242858886719,1517300,0.0,0.0
2024-11-04 00:00:00-05:00,78.55999755859375,79.0199966430664,78.05000305175781,78.18000030517578,74.39999389648438,1625300,0.0,0.0
2024-11-05 00:00:00-05:00,78.19999694824219,78.87999725341797,77.62999725341797,78.83000183105469,75.01856994628906,1369600,0.0,0.0
2024-11-06 00:00:00-05:00,79.0,79.19000244140625,76.27999877929688,76.66000366210938,72.95348358154297,2015700,0.0,0.0
2024-11-07 00:00:00-05:00,76.80000305175781,77.29000091552734,76.1500015258789,76.33999633789062,72.64894104003906,1947000,0.0,0.0
2024-11-08 00:00:00-05:00,76.02999877929688,77.9800033569336,75.8499984741211,77.48999786376953,73.74334716796875,1391500,0.0,0.0
2024-11-11 00:00:00-05:00,77.29000091552734,77.80999755859375,76.63999938964844,77.02999877929688,73.30558776855469,1590900,0.0,0.0
2024-11-12 00:00:00-05:00,77.30999755859375,77.47000122070312,75.97000122070312,76.58999633789062,72.8868637084961,1413100,0.0,0.0
2024-11-13 00:00:00-05:00,76.5,76.68000030517578,75.55999755859375,75.83999633789062,72.17312622070312,1551800,0.0,0.0
2024-11-14 00:00:00-05:00,75.73999786376953,76.0999984741211,74.80000305175781,74.91999816894531,71.297607421875,1190400,0.0,0.0
2024-11-15 00:00:00-05:00,74.69999694824219,74.73999786376953,72.51000213623047,73.97000122070312,70.39353942871094,3138100,0.0,0.0
2024-11-18 00:00:00-05:00,74.11000061035156,74.75,73.77999877929688,74.62000274658203,71.01211547851562,1855600,0.0,0.0
2024-11-19 00:00:00-05:00,74.61000061035156,75.58999633789062,73.91999816894531,75.30999755859375,71.66875457763672,1960200,0.0,0.0
2024-11-20 00:00:00-05:00,75.6500015258789,77.26000213623047,75.19000244140625,77.12999725341797,73.4007568359375,2118100,0.0,0.0
2024-11-21 00:00:00-05:00,77.13999938964844,78.2699966430664,76.95999908447266,77.94999694824219,74.18110656738281,2024300,0.0,0.0
2024-11-22 00:00:00-05:00,78.41000366210938,78.79000091552734,77.2699966430664,77.58000183105469,73.82899475097656,1359000,0.0,0.0
2024-11-25 00:00:00-05:00,77.51000213623047,78.45999908447266,77.20999908447266,77.27999877929688,73.54351043701172,2418200,0.0,0.0
2024-11-26 00:00:00-05:00,77.61000061035156,78.0999984741211,77.02999877929688,77.80999755859375,74.04788208007812,1239400,0.0,0.0
2024-11-27 00:00:00-05:00,78.4000015258789,78.81999969482422,77.6500015258789,77.79000091552734,74.02884674072266,1156700,0.0,0.0
2024-11-29 00:00:00-05:00,78.04000091552734,78.69999694824219,77.58000183105469,78.41000366210938,74.61888122558594,839300,0.0,0.0
2024-12-02 00:00:00-05:00,78.38999938964844,78.44999694824219,77.3499984741211,78.37000274658203,74.58079528808594,1771400,0.0,0.0
2024-12-03 00:00:00-05:00,78.37000274658203,78.55000305175781,77.54000091552734,77.98999786376953,74.21917724609375,1382700,0.0,0.0
2024-12-04 00:00:00-05:00,77.36000061035156,77.76000213623047,76.95999908447266,77.5199966430664,73.77189636230469,2222500,0.0,0.0
2024-12-05 00:00:00-05:00,77.13999938964844,78.33000183105469,77.05000305175781,78.13999938964844,74.36193084716797,1761400,0.0,0.0
2024-12-06 00:00:00-05:00,78.29000091552734,78.83000183105469,77.30000305175781,77.5,73.75286102294922,1557500,0.0,0.0
2024-12-09 00:00:00-05:00,78.73999786376953,79.9800033569336,78.48999786376953,79.97000122070312,76.10343933105469,2782900,0.0,0.0
2024-12-10 00:00:00-05:00,80.0,82.19999694824219,79.62000274658203,81.94000244140625,77.97818756103516,2989600,0.0,0.0
2024-12-11 00:00:00-05:00,81.87000274658203,82.12999725341797,80.9000015258789,81.36000061035156,77.42623138427734,1529700,0.0,0.0
2024-12-12 00:00:00-05:00,81.66999816894531,81.87999725341797,80.69999694824219,81.41000366210938,77.47383117675781,1360700,0.0,0.0
2024-12-13 00:00:00-05:00,81.41000366210938,81.41000366210938,80.12999725341797,80.55999755859375,76.66490936279297,1467700,0.0,0.0
2024-12-16 00:00:00-05:00,80.55999755859375,81.02999877929688,80.1500015258789,80.16999816894531,76.29377746582031,1519800,0.0,0.0
2024-12-17 00:00:00-05:00,79.80000305175781,81.12000274658203,79.43000030517578,80.30999755859375,76.42699432373047,2602500,0.0,0.0
2024-12-18 00:00:00-05:00,79.36000061035156,80.22000122070312,79.13999938964844,79.16999816894531,75.34212493896484,1697200,0.0,0.0
2024-12-19 00:00:00-05:00,78.41999816894531,79.19000244140625,77.95999908447266,78.23999786376953,74.45709228515625,1411300,0.0,0.0
2024-12-20 00:00:00-05:00,78.41999816894531,79.27999877929688,78.11000061035156,78.86000061035156,75.04710388183594,3353300,0.0,0.0
2024-12-23 00:00:00-05:00,78.25,79.05000305175781,77.27999877929688,78.12999725341797,74.35240173339844,1320100,0.0,0.0
2024-12-24 00:00:00-05:00,78.04000091552734,78.2300033569336,77.45999908447266,78.02999877929688,74.25724029541016,538500,0.0,0.0
2024-12-26 00:00:00-05:00,77.73999786376953,78.54000091552734,77.68000030517578,77.83000183105469,74.06690216064453,2102300,0.0,0.0
2024-12-27 00:00:00-05:00,77.41000366210938,78.02999877929688,76.69999694824219,77.05000305175781,73.32463836669922,1235500,0.0,0.0
2024-12-30 00:00:00-05:00,76.4800033569336,76.54000091552734,75.26000213623047,75.44999694824219,72.22380065917969,1612200,0.45,0.0
2024-12-31 00:00:00-05:00,75.44999694824219,76.41000366210938,75.12000274658203,76.23999786376953,72.98001861572266,1201100,0.0,0.0
2025-01-02 00:00:00-05:00,76.51000213623047,77.0,75.87000274658203,75.87999725341797,72.63540649414062,1062300,0.0,0.0
2025-01-03 00:00:00-05:00,75.69999694824219,76.58999633789062,75.37000274658203,75.8499984741211,72.60669708251953,910500,0.0,0.0
2025-01-06 00:00:00-05:00,75.19000244140625,75.91000366210938,74.0199966430664,74.12999725341797,70.9602279663086,1967300,0.0,0.0
2025-01-07 00:00:00-05:00,74.11000061035156,75.19999694824219,73.93000030517578,74.31999969482422,71.14212036132812,2034500,0.0,0.0
2025-01-08 00:00:00-05:00,74.54000091552734,74.7699966430664,73.77999877929688,74.5199966430664,71.33355712890625,1456800,0.0,0.0
2025-01-10 00:00:00-05:00,73.77999877929688,73.98999786376953,71.0999984741211,71.38999938964844,68.33739471435547,2026400,0.0,0.0
2025-01-13 00:00:00-05:00,71.4000015258789,71.58999633789062,70.05000305175781,71.23999786376953,68.19380187988281,3305300,0.0,0.0
2025-01-14 00:00:00-05:00,71.4800033569336,71.97000122070312,71.08999633789062,71.88999938964844,68.8160171508789,2217500,0.0,0.0
2025-01-15 00:00:00-05:00,71.8499984741211,72.30999755859375,70.87000274658203,71.77999877929688,68.71073150634766,2346000,0.0,0.0
2025-01-16 00:00:00-05:00,71.52999877929688,73.76000213623047,71.47000122070312,73.62000274658203,70.4720458984375,1290800,0.0,0.0
2025-01-17 00:00:00-05:00,73.72000122070312,73.9000015258789,73.01000213623047,73.30999755859375,70.17530059814453,1845000,0.0,0.0
2025-01-21 00:00:00-05:00,73.3499984741211,75.05000305175781,73.16999816894531,74.25,71.07511138916016,3576500,0.0,0.0
2025-01-22 00:00:00-05:00,74.41999816894531,74.5199966430664,73.13999938964844,73.23999786376953,70.1082992553711,2036400,0.0,0.0
2025-01-23 00:00:00-05:00,72.5,76.26000213623047,72.5,74.76000213623047,71.56330108642578,3567600,0.0,0.0
2025-01-24 00:00:00-05:00,74.0999984741211,75.33999633789062,74.0999984741211,74.88999938964844,71.687744140625,2648200,0.0,0.0
2025-01-27 00:00:00-05:00,75.93000030517578,77.44999694824219,75.26000213623047,76.94999694824219,73.65965270996094,4330500,0.0,0.0
2025-01-28 00:00:00-05:00,76.9800033569336,78.12000274658203,76.48999786376953,76.69000244140625,73.41078186035156,1984500,0.0,0.0
2025-01-29 00:00:00-05:00,76.80000305175781,77.7699966430664,76.54000091552734,76.93000030517578,73.64051818847656,1816800,0.0,0.0
2025-01-30 00:00:00-05:00,77.36000061035156,78.0,76.94000244140625,77.77999877929688,74.45416259765625,1278900,0.0,0.0
2025-01-31 00:00:00-05:00,77.19999694824219,77.9800033569336,76.94000244140625,77.2300033569336,73.92768859863281,1462100,0.0,0.0
2025-02-03 00:00:00-05:00,77.19999694824219,78.2699966430664,76.51000213623047,78.02999877929688,74.6934814453125,1905200,0.0,0.0
2025-02-04 00:00:00-05:00,77.73999786376953,77.73999786376953,76.26000213623047,76.87999725341797,73.59265899658203,1569800,0.0,0.0
2025-02-05 00:00:00-05:00,76.55999755859375,77.02999877929688,76.19000244140625,76.80000305175781,73.51607513427734,1452200,0.0,0.0
2025-02-06 00:00:00-05:00,77.61000061035156,77.72000122070312,76.94000244140625,77.30999755859375,74.0042724609375,1148600,0.0,0.0
2025-02-07 00:00:00-05:00,77.45999908447266,78.45999908447266,77.1500015258789,78.3499984741211,74.99979400634766,1310700,0.0,0.0
2025-02-10 00:00:00-05:00,78.33999633789062,78.33999633789062,76.23999786376953,76.66999816894531,73.39163208007812,2028400,0.0,0.0
2025-02-11 00:00:00-05:00,76.63999938964844,77.29000091552734,75.66000366210938,77.19999694824219,73.89897155761719,1839800,0.0,0.0
2025-02-12 00:00:00-05:00,75.98999786376953,77.1500015258789,75.66000366210938,76.86000061035156,73.57350158691406,1435400,0.0,0.0
2025-02-13 00:00:00-05:00,77.0199966430664,77.58999633789062,76.47000122070312,77.51000213623047,74.19571685791016,1301300,0.0,0.0
2025-02-14 00:00:00-05:00,77.72000122070312,78.5,76.94000244140625,76.95999908447266,73.66922760009766,1334100,0.0,0.0
2025-02-18 00:00:00-05:00,76.62000274658203,76.8499984741211,75.66000366210938,75.91999816894531,72.67369079589844,1421600,0.0,0.0
2025-02-19 00:00:00-05:00,76.08000183105469,78.70999908447266,76.02999877929688,78.66000366210938,75.29655456542969,2627700,0.0,0.0
2025-02-20 00:00:00-05:00,78.27999877929688,79.3499984741211,78.19000244140625,79.20999908447266,75.8230209350586,1402100,0.0,0.0
2025-02-21 00:00:00-05:00,79.23999786376953,80.36000061035156,78.8499984741211,80.13999938964844,76.71326446533203,2089700,0.0,0.0
2025-02-24 00:00:00-05:00,79.93000030517578,82.5199966430664,79.43000030517578,81.22000122070312,77.74707794189453,3179700,0.0,0.0
2025-02-25 00:00:00-05:00,81.72000122070312,83.44000244140625,81.72000122070312,82.80000305175781,79.259521484375,2496900,0.0,0.0
2025-02-26 00:00:00-05:00,82.29000091552734,83.22000122070312,79.72000122070312,80.16000366210938,76.7323989868164,2140900,0.0,0.0
2025-02-27 00:00:00-05:00,79.80999755859375,81.88999938964844,79.44000244140625,81.63999938964844,78.14912414550781,2370500,0.0,0.0
2025-02-28 00:00:00-05:00,82.76000213623047,83.36000061035156,81.3499984741211,82.61000061035156,79.07763671875,2088300,0.0,0.0
2025-03-03 00:00:00-05:00,82.79000091552734,84.77999877929688,82.37999725341797,84.7300033569336,81.10698699951172,2235800,0.0,0.0
2025-03-04 00:00:00-05:00,85.12000274658203,85.77999877929688,82.33999633789062,82.36000061035156,78.83833312988281,2505800,0.0,0.0
2025-03-05 00:00:00-05:00,82.01000213623047,83.63999938964844,81.94000244140625,82.7300033569336,79.19251251220703,1940800,0.0,0.0
2025-03-06 00:00:00-05:00,82.83999633789062,82.88999938964844,81.26000213623047,81.8499984741211,78.35013580322266,1762500,0.0,0.0
2025-03-07 00:00:00-05:00,81.81999969482422,83.88999938964844,81.37000274658203,82.62000274658203,79.08721923828125,3604100,0.0,0.0
2025-03-10 00:00:00-04:00,83.23999786376953,86.23999786376953,83.16000366210938,84.19000244140625,80.590087890625,4391900,0.0,0.0
2025-03-11 00:00:00-04:00,83.91999816894531,84.37999725341797,82.19000244140625,83.18000030517578,79.6232681274414,3014500,0.0,0.0
2025-03-12 00:00:00-04:00,82.12000274658203,82.58999633789062,81.12000274658203,81.55000305175781,78.06297302246094,2560000,0.0,0.0
2025-03-13 00:00:00-04:00,81.93000030517578,81.93000030517578,80.13999938964844,80.7300033569336,77.27803802490234,2232600,0.0,0.0
2025-03-14 00:00:00-04:00,80.19999694824219,80.66000366210938,79.69999694824219,80.33000183105469,76.89513397216797,2158500,0.0,0.0
2025-03-17 00:00:00-04:00,80.33999633789062,82.2300033569336,80.22000122070312,81.86000061035156,78.35971069335938,1465400,0.0,0.0
2025-03-18 00:00:00-04:00,81.76000213623047,82.06999969482422,81.0199966430664,81.30000305175781,77.82365417480469,1496400,0.0,0.0
2025-03-19 00:00:00-04:00,80.52999877929688,81.5,80.08000183105469,81.33999633789062,77.8619384765625,2499500,0.0,0.0
2025-03-20 00:00:00-04:00,81.51000213623047,81.52999877929688,80.11000061035156,80.69999694824219,77.24931335449219,1680000,0.0,0.0
2025-03-21 00:00:00-04:00,80.58000183105469,81.25,79.8499984741211,80.16999816894531,76.74198150634766,3780800,0.0,0.0
2025-03-24 00:00:00-04:00,79.5,80.79000091552734,78.76000213623047,80.33999633789062,76.90469360351562,2672800,0.0,0.0
2025-03-25 00:00:00-04:00,76.19999694824219,81.48999786376953,76.11000061035156,80.2300033569336,76.79940032958984,6273400,0.0,0.0
2025-03-26 00:00:00-04:00,80.36000061035156,81.38999938964844,79.66999816894531,80.87000274658203,77.41204833984375,2775700,0.0,0.0
2025-03-27 00:00:00-04:00,80.06999969482422,82.08000183105469,79.83000183105469,81.62999725341797,78.13953399658203,1906000,0.0,0.0
2025-03-28 00:00:00-04:00,82.0,82.19999694824219,81.0,81.45999908447266,77.97681427001953,2176100,0.0,0.0
2025-03-31 00:00:00-04:00,82.19000244140625,83.1500015258789,81.87000274658203,82.30999755859375,78.79046630859375,1992700,0.0,0.0
2025-04-01 00:00:00-04:00,82.61000061035156,82.8499984741211,80.91999816894531,82.25,78.73302459716797,2321200,0.0,0.0
2025-04-02 00:00:00-04:00,82.66999816894531,82.7699966430664,81.1500015258789,81.29000091552734,77.81407928466797,1667000,0.0,0.0
2025-04-03 00:00:00-04:00,81.98999786376953,82.9000015258789,80.56999969482422,80.83999633789062,77.3833236694336,4776300,0.0,0.0
2025-04-04 00:00:00-04:00,81.05000305175781,81.61000061035156,76.30999755859375,76.45999908447266,73.19060516357422,3894600,0.0,0.0
2025-04-07 00:00:00-04:00,75.2300033569336,76.45999908447266,73.26000213623047,73.91999816894531,71.17813110351562,4690900,0.45,0.0
2025-04-08 00:00:00-04:00,75.08000183105469,76.41000366210938,71.51000213623047,72.20999908447266,69.53155517578125,3548300,0.0,0.0
2025-04-09 00:00:00-04:00,71.23999786376953,76.37000274658203,70.80999755859375,75.9000015258789,73.08468627929688,3746200,0.0,0.0
2025-04-10 00:00:00-04:00,75.41999816894531,76.79000091552734,74.19000244140625,75.54000091552734,72.738037109375,2518200,0.0,0.0
2025-04-11 00:00:00-04:00,75.69000244140625,76.72000122070312,74.5999984741211,75.9800033569336,73.1617202758789,1826400,0.0,0.0
2025-04-14 00:00:00-04:00,76.37000274658203,77.91000366210938,75.79000091552734,77.5999984741211,74.72162628173828,1959200,0.0,0.0
2025-04-15 00:00:00-04:00,77.6500015258789,78.0,75.02999877929688,75.2699966430664,72.47805786132812,1639800,0.0,0.0
2025-04-16 00:00:00-04:00,75.70999908447266,75.7699966430664,72.98999786376953,73.54000091552734,70.8122329711914,2500600,0.0,0.0
2025-04-17 00:00:00-04:00,73.83999633789062,75.70999908447266,73.7300033569336,75.31999969482422,72.52619934082031,2652800,0.0,0.0
2025-04-21 00:00:00-04:00,75.0,75.4000015258789,73.98999786376953,74.66999816894531,71.90030670166016,1680000,0.0,0.0
2025-04-22 00:00:00-04:00,75.02999877929688,76.01000213623047,74.20999908447266,75.73999786376953,72.93063354492188,1577500,0.0,0.0
2025-04-23 00:00:00-04:00,76.0999984741211,77.0199966430664,75.63999938964844,76.5999984741211,73.75872802734375,1765800,0.0,0.0
2025-04-24 00:00:00-04:00,76.36000061035156,76.36000061035156,74.97000122070312,75.01000213623047,72.22770690917969,1289700,0.0,0.0
2025-04-25 00:00:00-04:00,75.0,75.12000274658203,73.9000015258789,74.54000091552734,71.77513885498047,1256100,0.0,0.0
2025-04-28 00:00:00-04:00,74.61000061035156,74.88999938964844,73.83000183105469,74.70999908447266,71.93882751464844,1949900,0.0,0.0
2025-04-29 00:00:00-04:00,74.30000305175781,76.1500015258789,73.68000030517578,76.02999877929688,73.20987701416016,1357100,0.0,0.0
2025-04-30 00:00:00-04:00,76.61000061035156,77.04000091552734,75.4000015258789,76.66000366210938,73.8165054321289,2606100,0.0,0.0
2025-05-01 00:00:00-04:00,75.75,75.88999938964844,74.83000183105469,75.11000061035156,72.3239974975586,2295500,0.0,0.0
2025-05-02 00:00:00-04:00,75.81999969482422,76.33999633789062,74.93000030517578,76.0199966430664,73.20024108886719,1826000,0.0,0.0
2025-05-05 00:00:00-04:00,75.80999755859375,75.94000244140625,74.69999694824219,75.30000305175781,72.50695037841797,1713700,0.0,0.0
2025-05-06 00:00:00-04:00,75.02999877929688,75.44000244140625,74.4000015258789,74.7300033569336,71.95808410644531,1975900,0.0,0.0
2025-05-07 00:00:00-04:00,74.68000030517578,75.43000030517578,74.06999969482422,74.95999908447266,72.1795425415039,1606400,0.0,0.0
2025-05-08 00:00:00-04:00,75.11000061035156,77.30000305175781,74.7300033569336,76.22000122070312,73.39281463623047,2335000,0.0,0.0
2025-05-09 00:00:00-04:00,76.29000091552734,76.55999755859375,75.76000213623047,76.06999969482422,73.2483901977539,1490300,0.0,0.0
2025-05-12 00:00:00-04:00,76.12000274658203,76.91999816894531,75.5999984741211,76.48999786376953,73.6528091430664,2349200,0.0,0.0
2025-05-13 00:00:00-04:00,76.48999786376953,76.54000091552734,73.76000213623047,74.80000305175781,72.0254898071289,2289500,0.0,0.0
2025-05-14 00:00:00-04:00,74.41999816894531,74.75,73.38999938964844,73.55999755859375,70.83148193359375,2895900,0.0,0.0
2025-05-15 00:00:00-04:00,74.08000183105469,74.73999786376953,73.5199966430664,74.73999786376953,71.96771240234375,2432100,0.0,0.0
2025-05-16 00:00:00-04:00,74.69999694824219,75.51000213623047,74.01000213623047,75.4000015258789,72.60323333740234,4008400,0.0,0.0
2025-05-19 00:00:00-04:00,74.9800033569336,75.41999816894531,74.01000213623047,74.4000015258789,71.64033508300781,1838400,0.0,0.0
2025-05-20 00:00:00-04:00,74.38999938964844,74.52999877929688,73.79000091552734,74.20999908447266,71.4573745727539,2054200,0.0,0.0
2025-05-21 00:00:00-04:00,74.08000183105469,74.27999877929688,72.44000244140625,72.54000091552734,69.84931945800781,2147800,0.0,0.0
2025-05-22 00:00:00-04:00,72.2699966430664,72.41000366210938,70.8499984741211,71.30999755859375,68.66495513916016,4498900,0.0,0.0
2025-05-23 00:00:00-04:00,71.36000061035156,71.4800033569336,69.9800033569336,71.11000061035156,68.47235870361328,3700800,0.0,0.0
2025-05-27 00:00:00-04:00,71.55999755859375,71.9800033569336,71.19999694824219,71.80000305175781,69.13677215576172,2437800,0.0,0.0
2025-05-28 00:00:00-04:00,71.87999725341797,72.27999877929688,71.19000244140625,71.37999725341797,68.73234558105469,2089100,0.0,0.0
2025-05-29 00:00:00-04:00,71.37999725341797,72.55000305175781,71.06999969482422,72.55000305175781,69.85895538330078,3000200,0.0,0.0
2025-05-30 00:00:00-04:00,72.51000213623047,72.95999908447266,72.02999877929688,72.7300033569336,70.03227996826172,3262700,0.0,0.0
2025-06-02 00:00:00-04:00,72.30000305175781,73.5,71.41999816894531,73.44000244140625,70.71593475341797,3129400,0.0,0.0
2025-06-03 00:00:00-04:00,73.05999755859375,74.41000366210938,72.5999984741211,73.3499984741211,70.62928009033203,2335800,0.0,0.0
2025-06-04 00:00:00-04:00,73.55000305175781,73.91000366210938,72.80999755859375,73.23999786376953,70.52335357666016,1152800,0.0,0.0
2025-06-05 00:00:00-04:00,73.08000183105469,73.26000213623047,72.36000061035156,72.91000366210938,70.20560455322266,1589800,0.0,0.0
2025-06-06 00:00:00-04:00,73.19000244140625,74.30999755859375,73.16999816894531,74.2300033569336,71.47664642333984,2248800,0.0,0.0
2025-06-09 00:00:00-04:00,73.81999969482422,75.58000183105469,73.81999969482422,75.22000122070312,72.4299087524414,2272900,0.0,0.0
2025-06-10 00:00:00-04:00,75.37000274658203,76.25,74.7699966430664,75.58000183105469,72.77656555175781,2017100,0.0,0.0
2025-06-11 00:00:00-04:00,75.45999908447266,75.91999816894531,75.16999816894531,75.62999725341797,72.82470703125,1470500,0.0,0.0
2025-06-12 00:00:00-04:00,75.4800033569336,75.87000274658203,74.80999755859375,75.80999755859375,72.99803161621094,1842700,0.0,0.0
2025-06-13 00:00:00-04:00,75.68000030517578,76.37000274658203,73.7699966430664,74.01000213623047,71.26480102539062,1993800,0.0,0.0
2025-06-16 00:00:00-04:00,74.20999908447266,74.94000244140625,73.5,73.87000274658203,71.12998962402344,1713000,0.0,0.0
2025-06-17 00:00:00-04:00,73.73999786376953,74.13999938964844,72.73999786376953,72.95999908447266,70.25373840332031,1796500,0.0,0.0
2025-06-18 00:00:00-04:00,72.8499984741211,73.58000183105469,72.58000183105469,73.19999694824219,70.48483276367188,1881600,0.0,0.0
2025-06-20 00:00:00-04:00,73.16000366210938,73.98999786376953,72.93000030517578,73.05999755859375,70.35003662109375,2803700,0.0,0.0
2025-06-23 00:00:00-04:00,73.27999877929688,75.0,73.1500015258789,74.88999938964844,72.11214447021484,2668400,0.0,0.0
2025-06-24 00:00:00-04:00,74.87999725341797,75.06999969482422,73.91999816894531,74.70999908447266,71.93882751464844,2443400,0.0,0.0
2025-06-25 00:00:00-04:00,74.33999633789062,74.55999755859375,73.3499984741211,73.63999938964844,70.90851593017578,2642800,0.0,0.0
2025-06-26 00:00:00-04:00,77.0,78.16000366210938,75.94000244140625,77.56999969482422,74.69273376464844,4695200,0.0,0.0
2025-06-27 00:00:00-04:00,77.02999877929688,77.97000122070312,76.08999633789062,76.30999755859375,73.47948455810547,3715200,0.0,0.0
2025-06-30 00:00:00-04:00,76.08999633789062,77.20999908447266,75.02999877929688,75.81999969482422,73.00765228271484,3684500,0.0,0.0
2025-07-01 00:00:00-04:00,75.7699966430664,78.02999877929688,75.5999984741211,77.16999816894531,74.30757141113281,3060300,0.0,0.0
2025-07-02 00:00:00-04:00,77.30000305175781,77.41999816894531,76.0,76.55999755859375,73.72019958496094,2184600,0.0,0.0
2025-07-03 00:00:00-04:00,76.58000183105469,76.58000183105469,75.1500015258789,75.1500015258789,72.36251831054688,1785200,0.0,0.0
2025-07-07 00:00:00-04:00,74.6500015258789,74.94999694824219,73.0999984741211,73.38999938964844,71.09349060058594,3419900,0.45,0.0
2025-07-08 00:00:00-04:00,73.2699966430664,73.41999816894531,72.08000183105469,72.9000015258789,70.61883544921875,3257200,0.0,0.0
2025-07-09 00:00:00-04:00,72.77999877929688,72.95999908447266,71.86000061035156,72.20999908447266,69.95042419433594,2615300,0.0,0.0
2025-07-10 00:00:00-04:00,71.86000061035156,72.94000244140625,71.44000244140625,72.44000244140625,70.1732406616211,1845800,0.0,0.0
2025-07-11 00:00:00-04:00,71.94000244140625,72.58000183105469,71.52999877929688,71.94999694824219,69.69856262207031,1857600,0.0,0.0
2025-07-14 00:00:00-04:00,71.94999694824219,72.0199966430664,70.69000244140625,71.95999908447266,69.708251953125,1850900,0.0,0.0
2025-07-15 00:00:00-04:00,71.95999908447266,72.26000213623047,70.70999908447266,70.75,68.5361099243164,2276200,0.0,0.0
2025-07-16 00:00:00-04:00,70.94000244140625,71.47000122070312,70.58000183105469,71.37999725341797,69.14639282226562,1839600,0.0,0.0
2025-07-17 00:00:00-04:00,71.44999694824219,72.1500015258789,71.23999786376953,71.72000122070312,69.47575378417969,2041400,0.0,0.0
2025-07-18 00:00:00-04:00,71.75,72.11000061035156,71.36000061035156,71.41999816894531,69.18515014648438,1422900,0.0,0.0
2025-07-21 00:00:00-04:00,71.55000305175781,71.88999938964844,70.58999633789062,70.73999786376953,68.52642822265625,1422800,0.0,0.0
2025-07-22 00:00:00-04:00,70.75,72.62000274658203,70.55999755859375,72.5,70.23135375976562,2017000,0.0,0.0
2025-07-23 00:00:00-04:00,72.95999908447266,73.11000061035156,72.06999969482422,72.41000366210938,70.1441650390625,1704100,0.0,0.0
2025-07-24 00:00:00-04:00,72.23999786376953,72.66000366210938,71.33999633789062,71.44999694824219,69.21420288085938,2022400,0.0,0.0
2025-07-25 00:00:00-04:00,71.45999908447266,71.69000244140625,70.79000091552734,71.56999969482422,69.33045196533203,1974300,0.0,0.0
2025-07-28 00:00:00-04:00,71.16999816894531,72.72000122070312,70.9000015258789,71.61000061035156,69.36920166015625,2137100,0.0,0.0
2025-07-29 00:00:00-04:00,71.37999725341797,73.83999633789062,71.3499984741211,72.80999755859375,70.53164672851562,2830800,0.0,0.0
2025-07-30 00:00:00-04:00,72.68000030517578,72.94000244140625,71.08000183105469,71.38999938964844,69.15608215332031,1680100,0.0,0.0
2025-07-31 00:00:00-04:00,70.66000366210938,71.47000122070312,70.25,70.62999725341797,68.41986083984375,3634000,0.0,0.0
2025-08-01 00:00:00-04:00,70.98999786376953,71.2699966430664,69.83999633789062,70.27999877929688,68.08081817626953,1401900,0.0,0.0
2025-08-04 00:00:00-04:00,70.01000213623047,70.56999969482422,69.76000213623047,70.13999938964844,67.94519805908203,1571900,0.0,0.0
2025-08-05 00:00:00-04:00,70.31999969482422,70.5999984741211,69.73999786376953,69.75,67.5674057006836,1906500,0.0,0.0
2025-08-06 00:00:00-04:00,69.81999969482422,70.12000274658203,69.2699966430664,69.43000030517578,67.25741577148438,2003800,0.0,0.0
2025-08-07 00:00:00-04:00,69.69999694824219,70.48999786376953,69.12999725341797,70.23999786376953,68.04206848144531,2236000,0.0,0.0
2025-08-08 00:00:00-04:00,70.23999786376953,70.6500015258789,69.98999786376953,70.31999969482422,68.11956787109375,1466100,0.0,0.0
2025-08-11 00:00:00-04:00,70.6500015258789,70.6500015258789,69.16000366210938,69.66999816894531,67.48991394042969,1873600,0.0,0.0
2025-08-12 00:00:00-04:00,69.3499984741211,69.7699966430664,68.41999816894531,69.08999633789062,66.92805480957031,2359600,0.0,0.0
2025-08-13 00:00:00-04:00,68.87999725341797,70.86000061035156,68.41999816894531,70.62000274658203,68.4101791381836,2934200,0.0,0.0
2025-08-14 00:00:00-04:00,70.43000030517578,70.43000030517578,69.58000183105469,70.19000244140625,67.99363708496094,1959000,0.0,0.0
2025-08-15 00:00:00-04:00,70.47000122070312,70.47000122070312,69.58000183105469,69.69999694824219,67.51896667480469,1709800,0.0,0.0
2025-08-18 00:00:00-04:00,69.69999694824219,69.7699966430664,68.2300033569336,68.41000366210938,66.26934051513672,3287200,0.0,0.0
2025-08-19 00:00:00-04:00,68.91999816894531,69.80999755859375,68.55999755859375,69.05000305175781,66.8893051147461,2575800,0.0,0.0
2025-08-20 00:00:00-04:00,70.69999694824219,70.97000122070312,69.22000122070312,69.87999725341797,67.69332885742188,2446700,0.0,0.0
2025-08-21 00:00:00-04:00,69.77999877929688,71.19000244140625,69.77999877929688,71.06999969482422,68.8460922241211,3272000,0.0,0.0
2025-08-22 00:00:00-04:00,71.79000091552734,72.58000183105469,71.20999908447266,72.26000213623047,69.99886322021484,3163700,0.0,0.0
2025-08-25 00:00:00-04:00,71.9000015258789,71.9000015258789,70.41000366210938,70.55999755859375,68.35204315185547,2140700,0.0,0.0
2025-08-26 00:00:00-04:00,70.45999908447266,70.97000122070312,70.08000183105469,70.33000183105469,68.12925720214844,2857700,0.0,0.0
2025-08-27 00:00:00-04:00,70.11000061035156,70.73999786376953,69.80000305175781,70.68000030517578,68.46829986572266,1965500,0.0,0.0
2025-08-28 00:00:00-04:00,70.68000030517578,70.7699966430664,68.69000244140625,69.86000061035156,67.6739501953125,3423200,0.0,0.0
2025-08-29 00:00:00-04:00,69.98999786376953,70.69999694824219,69.72000122070312,70.37000274658203,68.16799926757812,2465900,0.0,0.0
2025-09-02 00:00:00-04:00,70.37999725341797,70.8499984741211,68.37999725341797,68.80000305175781,66.64712524414062,2469600,0.0,0.0
2025-09-03 00:00:00-04:00,68.94000244140625,69.9000015258789,68.55000305175781,69.83999633789062,67.65458679199219,1825900,0.0,0.0
2025-09-04 00:00:00-04:00,70.19000244140625,70.58000183105469,69.77999877929688,70.12999725341797,67.93550872802734,1765800,0.0,0.0
2025-09-05 00:00:00-04:00,70.2699966430664,71.62999725341797,70.19999694824219,70.91000366210938,68.69110870361328,2584000,0.0,0.0
2025-09-08 00:00:00-04:00,70.5,70.5199966430664,69.51000213623047,70.1500015258789,67.95488739013672,2585200,0.0,0.0
2025-09-09 00:00:00-04:00,69.88999938964844,70.25,69.51000213623047,69.62999725341797,67.4511489868164,1591900,0.0,0.0
2025-09-10 00:00:00-04:00,69.22000122070312,69.4000015258789,67.70999908447266,68.58000183105469,66.43402099609375,2425300,0.0,0.0
2025-09-11 00:00:00-04:00,68.94000244140625,70.22000122070312,68.58000183105469,69.80999755859375,67.62551879882812,2008000,0.0,0.0
2025-09-12 00:00:00-04:00,69.44999694824219,69.88999938964844,68.62999725341797,68.94999694824219,66.79242706298828,1795900,0.0,0.0
2025-09-15 00:00:00-04:00,69.33999633789062,69.54000091552734,65.94999694824219,65.94999694824219,63.88630294799805,3202700,0.0,0.0
2025-09-16 00:00:00-04:00,66.11000061035156,67.63999938964844,66.0999984741211,67.11000061035156,65.010009765625,2273600,0.0,0.0
2025-09-17 00:00:00-04:00,67.05000305175781,67.69999694824219,66.58999633789062,66.80999755859375,64.71939849853516,1538400,0.0,0.0
2025-09-18 00:00:00-04:00,66.48999786376953,66.83999633789062,65.95999908447266,66.25,64.17691802978516,1795800,0.0,0.0
2025-09-19 00:00:00-04:00,66.45999908447266,66.80999755859375,65.47000122070312,65.4800033569336,63.4310188293457,4423700,0.0,0.0
2025-09-22 00:00:00-04:00,65.0999984741211,65.20999908447266,64.52999877929688,64.62999725341797,62.607608795166016,1957700,0.0,0.0
2025-09-23 00:00:00-04:00,64.80000305175781,65.02999877929688,63.65999984741211,64.30000305175781,62.28794479370117,3448600,0.0,0.0
2025-09-24 00:00:00-04:00,64.36000061035156,65.51000213623047,64.27999877929688,65.19999694824219,63.15977478027344,3441700,0.0,0.0
2025-09-25 00:00:00-04:00,65.58999633789062,66.0,64.54000091552734,64.62000274658203,62.597930908203125,3589200,0.0,0.0
2025-09-26 00:00:00-04:00,64.80999755859375,65.72000122070312,64.6500015258789,65.69999694824219,63.64412307739258,2349100,0.0,0.0
2025-09-29 00:00:00-04:00,65.5999984741211,66.83999633789062,64.88999938964844,66.80000305175781,64.709716796875,3646300,0.0,0.0
2025-09-30 00:00:00-04:00,66.79000091552734,67.27999877929688,66.29000091552734,66.91000366210938,64.81627655029297,3349900,0.0,0.0
2025-10-01 00:00:00-04:00,66.91000366210938,68.04000091552734,66.77999877929688,67.76000213623047,65.6396713256836,2856300,0.0,0.0
2025-10-02 00:00:00-04:00,67.37999725341797,68.20999908447266,67.0999984741211,68.08999633789062,65.95934295654297,3019500,0.0,0.0
2025-10-03 00:00:00-04:00,67.87000274658203,69.01000213623047,67.87000274658203,68.91000366210938,66.75369262695312,3907600,0.0,0.0
2025-10-06 00:00:00-04:00,68.76000213623047,69.08999633789062,67.91999816894531,68.29000091552734,66.15308380126953,5613900,0.0,0.0
2025-10-07 00:00:00-04:00,67.44999694824219,69.12999725341797,65.5999984741211,65.62000274658203,63.56664276123047,6012500,0.0,0.0
2025-10-08 00:00:00-04:00,65.2300033569336,66.25,64.69999694824219,65.80999755859375,63.75068664550781,3825200,0.0,0.0
2025-10-09 00:00:00-04:00,65.86000061035156,66.4000015258789,65.4000015258789,66.11000061035156,64.04130554199219,2588400,0.0,0.0
2025-10-10 00:00:00-04:00,66.4800033569336,67.08999633789062,66.08000183105469,66.66000366210938,64.5740966796875,2745800,0.0,0.0
2025-10-13 00:00:00-04:00,66.37000274658203,66.69999694824219,65.31999969482422,65.36000061035156,63.31477355957031,2309400,0.0,0.0
2025-10-14 00:00:00-04:00,64.6500015258789,65.87999725341797,64.08999633789062,65.80000305175781,64.18289947509766,2426200,0.45,0.0
2025-10-15 00:00:00-04:00,65.5199966430664,66.16999816894531,64.83000183105469,65.30000305175781,63.6951904296875,2056600,0.0,0.0
2025-10-16 00:00:00-04:00,65.51000213623047,66.91999816894531,65.4000015258789,66.5999984741211,64.96324157714844,2768100,0.0,0.0
2025-10-17 00:00:00-04:00,67.0,67.61000061035156,66.3499984741211,67.54000091552734,65.88013458251953,1918200,0.0,0.0
2025-10-20 00:00:00-04:00,67.54000091552734,67.91000366210938,67.33000183105469,67.75,66.08497619628906,1743900,0.0,0.0
2025-10-21 00:00:00-04:00,67.79000091552734,67.80999755859375,66.8499984741211,66.91000366210938,65.265625,2114900,0.0,0.0
2025-10-22 00:00:00-04:00,67.08000183105469,68.94000244140625,66.91999816894531,68.58000183105469,66.89458465576172,3121600,0.0,0.0
2025-10-23 00:00:00-04:00,68.36000061035156,68.55999755859375,66.95999908447266,67.37000274658203,65.71431732177734,2571400,0.0,0.0
2025-10-24 00:00:00-04:00,67.43000030517578,67.9000015258789,66.80999755859375,66.8499984741211,65.20709991455078,1572800,0.0,0.0
2025-10-27 00:00:00-04:00,66.97000122070312,67.2300033569336,66.27999877929688,67.12999725341797,65.48021697998047,1813900,0.0,0.0
2025-10-28 00:00:00-04:00,66.69999694824219,66.7699966430664,65.88999938964844,66.01000213623047,64.38774108886719,2613600,0.0,0.0
2025-10-29 00:00:00-04:00,65.3499984741211,65.44000244140625,63.63999938964844,63.83000183105469,62.261314392089844,2668900,0.0,0.0
2025-10-30 00:00:00-04:00,63.83000183105469,64.79000091552734,63.709999084472656,64.11000061035156,62.53443145751953,2352000,0.0,0.0
2025-10-31 00:00:00-04:00,63.70000076293945,64.4800033569336,63.150001525878906,64.16000366210938,62.58320617675781,3240500,0.0,0.0
2025-11-03 00:00:00-05:00,63.79999923706055,64.48999786376953,63.189998626708984,63.84000015258789,62.27106857299805,2197300,0.0,0.0
2025-11-04 00:00:00-05:00,63.959999084472656,64.16000366210938,63.41999816894531,64.0199966430664,62.44663619995117,1708400,0.0,0.0
2025-11-05 00:00:00-05:00,63.900001525878906,65.36000061035156,63.56999969482422,64.55999755859375,62.97337341308594,2042500,0.0,0.0
2025-11-06 00:00:00-05:00,64.30000305175781,64.9800033569336,63.439998626708984,64.05000305175781,62.47591018676758,2162400,0.0,0.0
2025-11-07 00:00:00-05:00,64.41999816894531,65.56999969482422,64.12000274658203,65.04000091552734,63.44157791137695,1663300,0.0,0.0
2025-11-10 00:00:00-05:00,65.04000091552734,65.05000305175781,64.23999786376953,64.30999755859375,62.72951126098633,1538000,0.0,0.0
2025-11-11 00:00:00-05:00,64.58999633789062,65.86000061035156,64.58999633789062,65.70999908447266,64.09510803222656,3171600,0.0,0.0
2025-11-12 00:00:00-05:00,65.88999938964844,66.38999938964844,65.52999877929688,65.87999725341797,64.26093292236328,2388400,0.0,0.0
2025-11-13 00:00:00-05:00,65.55999755859375,66.73999786376953,65.55999755859375,66.0999984741211,64.47551727294922,2484600,0.0,0.0
2025-11-14 00:00:00-05:00,66.22000122070312,66.62999725341797,65.06999969482422,65.33000183105469,63.724449157714844,2428200,0.0,0.0
2025-11-17 00:00:00-05:00,65.7699966430664,66.31999969482422,64.19999694824219,64.56999969482422,62.983131408691406,2746900,0.0,0.0
2025-11-18 00:00:00-05:00,64.83999633789062,65.22000122070312,64.1500015258789,65.0999984741211,63.500099182128906,3397500,0.0,0.0
2025-11-19 00:00:00-05:00,65.69999694824219,67.12999725341797,65.36000061035156,66.73999786376953,65.09979248046875,3257300,0.0,0.0
2025-11-20 00:00:00-05:00,66.88999938964844,67.66999816894531,66.5,67.4800033569336,65.82161712646484,2287000,0.0,0.0
2025-11-21 00:00:00-05:00,67.72000122070312,68.87999725341797,67.6500015258789,68.16000366210938,66.48490905761719,2937100,0.0,0.0
2025-11-24 00:00:00-05:00,67.76000213623047,67.9800033569336,66.91000366210938,66.91999816894531,65.27537536621094,3935900,0.0,0.0
2025-11-25 00:00:00-05:00,66.98999786376953,68.16000366210938,66.63999938964844,67.1500015258789,65.49972534179688,1989600,0.0,0.0
2025-11-26 00:00:00-05:00,66.93000030517578,67.61000061035156,66.80000305175781,67.30000305175781,65.64604187011719,1605900,0.0,0.0
2025-11-28 00:00:00-05:00,67.12000274658203,67.70999908447266,66.9000015258789,67.4800033569336,65.82161712646484,800400,0.0,0.0
2025-12-01 00:00:00-05:00,67.11000061035156,67.4000015258789,66.16000366210938,66.4000015258789,64.76815032958984,2593400,0.0,0.0
2025-12-02 00:00:00-05:00,66.11000061035156,66.26000213623047,65.06999969482422,65.44000244140625,63.83175277709961,2298000,0.0,0.0
2025-12-03 00:00:00-05:00,65.83000183105469,66.05999755859375,64.04000091552734,64.12000274658203,62.544193267822266,2316500,0.0,0.0
2025-12-04 00:00:00-05:00,64.55000305175781,64.6500015258789,63.13999938964844,63.439998626708984,61.88089370727539,2222400,0.0,0.0
2025-12-05 00:00:00-05:00,63.439998626708984,63.869998931884766,63.11000061035156,63.29999923706055,61.74433898925781,2392100,0.0,0.0
2025-12-08 00:00:00-05:00,63.20000076293945,63.7400016784668,62.63999938964844,63.599998474121094,62.036964416503906,1910500,0.0,0.0
2025-12-09 00:00:00-05:00,63.779998779296875,64.25,62.900001525878906,63.47999954223633,61.91991424560547,2101400,0.0,0.0
2025-12-10 00:00:00-05:00,63.529998779296875,64.3499984741211,63.310001373291016,64.30999755859375,62.72951126098633,1880200,0.0,0.0
2025-12-11 00:00:00-05:00,64.4000015258789,66.5,64.36000061035156,65.94000244140625,64.3194580078125,3126500,0.0,0.0
2025-12-12 00:00:00-05:00,66.25,67.0999984741211,66.0999984741211,66.80000305175781,65.1583251953125,2956800,0.0,0.0
2025-12-15 00:00:00-05:00,67.7300033569336,68.66999816894531,67.56999969482422,68.44999694824219,66.76776885986328,2818200,0.0,0.0
2025-12-16 00:00:00-05:00,68.56999969482422,68.9800033569336,67.66999816894531,68.2699966430664,66.59219360351562,3460200,0.0,0.0
2025-12-17 00:00:00-05:00,68.33000183105469,69.45999908447266,68.33000183105469,68.6500015258789,66.96286010742188,4596700,0.0,0.0
2025-12-18 00:00:00-05:00,68.62000274658203,69.16000366210938,68.33999633789062,68.45999908447266,66.77752685546875,4472900,0.0,0.0
2025-12-19 00:00:00-05:00,68.19999694824219,69.13999938964844,67.98999786376953,68.58000183105469,66.89458465576172,4362300,0.0,0.0
2025-12-22 00:00:00-05:00,68.0,68.94999694824219,67.81999969482422,68.91999816894531,67.2262191772461,2646000,0.0,0.0
2025-12-23 00:00:00-05:00,68.91999816894531,69.16999816894531,68.20999908447266,68.9000015258789,67.20671844482422,2620000,0.0,0.0
2025-12-24 00:00:00-05:00,68.91000366210938,69.08000183105469,68.13999938964844,68.87999725341797,67.18720245361328,921100,0.0,0.0
2025-12-26 00:00:00-05:00,68.97000122070312,69.19000244140625,68.51000213623047,68.93000030517578,67.23597717285156,1538200,0.0,0.0
2025-12-29 00:00:00-05:00,68.48999786376953,69.26000213623047,68.38999938964844,69.13999938964844,67.91373443603516,2538900,0.48,0.0
2025-12-30 00:00:00-05:00,69.08000183105469,69.75,68.4000015258789,68.4800033569336,67.26544952392578,2164800,0.0,0.0
