Date,Open,High,Low,Close,Adj Close,Volume,Dividends,Stock Splits
2022-01-03 00:00:00-05:00,614.3300170898438,617.1300048828125,589.0,595.5800170898438,563.3419799804688,297500,0.0,0.0
2022-01-04 00:00:00-05:00,605.1699829101562,606.3200073242188,584.030029296875,591.1300048828125,559.1326904296875,381800,0.0,0.0
2022-01-05 00:00:00-05:00,590.1799926757812,591.8300170898438,565.2100219726562,566.1199951171875,535.4765014648438,548400,0.0,0.0
2022-01-06 00:00:00-05:00,562.5999755859375,566.0,550.219970703125,562.97998046875,532.5064697265625,705600,0.0,0.0
2022-01-07 00:00:00-05:00,562.97998046875,566.1699829101562,551.6799926757812,552.0,522.1209106445312,551600,0.0,0.0
2022-01-10 00:00:00-05:00,542.47998046875,545.0800170898438,528.3699951171875,541.8599853515625,512.5297241210938,1081200,0.0,0.0
2022-01-11 00:00:00-05:00,544.25,555.469970703125,539.3400268554688,553.3200073242188,523.369384765625,676700,0.0,0.0
2022-01-12 00:00:00-05:00,560.6799926757812,568.0,555.0,559.0800170898438,528.8175048828125,532800,0.0,0.0
2022-01-13 00:00:00-05:00,559.0399780273438,564.0399780273438,530.5599975585938,533.4099731445312,504.5370788574219,596600,0.0,0.0
2022-01-14 00:00:00-05:00,530.25,530.280029296875,517.2899780273438,526.739990234375,498.22808837890625,564300,0.0,0.0
2022-01-18 00:00:00-05:00,513.6799926757812,522.8800048828125,508.5199890136719,516.6900024414062,488.72210693359375,648900,0.0,0.0
2022-01-19 00:00:00-05:00,522.4199829101562,532.0499877929688,512.8300170898438,513.4000244140625,485.6101989746094,524600,0.0,0.0
2022-01-20 00:00:00-05:00,520.030029296875,532.6900024414062,514.75,515.8499755859375,487.92755126953125,573100,0.0,0.0
2022-01-21 00:00:00-05:00,513.72998046875,515.97998046875,499.5799865722656,500.82000732421875,473.7111511230469,648300,0.0,0.0
2022-01-24 00:00:00-05:00,490.20001220703125,508.3399963378906,475.0,507.07000732421875,479.62286376953125,911400,0.0,0.0
2022-01-25 00:00:00-05:00,495.2699890136719,503.1700134277344,489.6400146484375,492.9200134277344,466.23883056640625,703600,0.0,0.0
2022-01-26 00:00:00-05:00,503.5,512.3800048828125,485.6300048828125,492.1300048828125,465.4914855957031,863700,0.0,0.0
2022-01-27 00:00:00-05:00,491.2799987792969,516.9000244140625,488.6700134277344,491.7900085449219,465.169921875,1078100,0.0,0.0
2022-01-28 00:00:00-05:00,483.489990234375,509.5400085449219,477.45001220703125,508.1300048828125,480.6254577636719,550700,0.0,0.0
2022-01-31 00:00:00-05:00,511.1099853515625,537.2000122070312,511.0899963378906,536.1199951171875,507.1002502441406,815400,0.0,0.0
2022-02-01 00:00:00-05:00,538.5,546.22998046875,527.0999755859375,545.4000244140625,515.8780517578125,890400,0.0,0.0
2022-02-02 00:00:00-05:00,561.22998046875,561.22998046875,539.4199829101562,549.8300170898438,520.0682373046875,634600,0.0,0.0
2022-02-03 00:00:00-05:00,540.0,546.2000122070312,534.1599731445312,540.3099975585938,511.0636901855469,660700,0.0,0.0
2022-02-04 00:00:00-05:00,537.469970703125,563.22998046875,532.5399780273438,554.7100219726562,524.68408203125,680900,0.0,0.0
2022-02-07 00:00:00-05:00,551.75,561.0,545.72998046875,550.4500122070312,520.6546630859375,614400,0.0,0.0
2022-02-08 00:00:00-05:00,528.9400024414062,547.010009765625,524.9500122070312,546.1400146484375,516.5780029296875,669900,0.0,0.0
2022-02-09 00:00:00-05:00,537.9500122070312,564.27001953125,536.0,561.469970703125,531.078125,490800,0.0,0.0
2022-02-10 00:00:00-05:00,549.5800170898438,558.5,540.8800048828125,545.1099853515625,515.6036987304688,552500,0.0,0.0
2022-02-11 00:00:00-05:00,545.9600219726562,550.22998046875,530.0,534.260009765625,505.3410339355469,470500,0.0,0.0
2022-02-14 00:00:00-05:00,533.1099853515625,536.4199829101562,521.9199829101562,532.969970703125,504.120849609375,481800,0.0,0.0
2022-02-15 00:00:00-05:00,545.1400146484375,550.9400024414062,539.260009765625,546.3800048828125,516.8049926757812,382300,0.0,0.0
2022-02-16 00:00:00-05:00,543.5,547.1400146484375,534.3300170898438,543.5999755859375,514.175537109375,268400,0.0,0.0
2022-02-17 00:00:00-05:00,536.1799926757812,538.8400268554688,528.4299926757812,531.47998046875,503.675048828125,440200,1.04,0.0
2022-02-18 00:00:00-05:00,533.27001953125,538.3900146484375,523.5399780273438,527.0,499.4295349121094,312900,0.0,0.0
2022-02-22 00:00:00-05:00,521.469970703125,533.1300048828125,516.0,521.3099975585938,494.037109375,597100,0.0,0.0
2022-02-23 00:00:00-05:00,526.0900268554688,530.8800048828125,507.7200012207031,509.3999938964844,482.75030517578125,672100,0.0,0.0
2022-02-24 00:00:00-05:00,491.95001220703125,509.9800109863281,490.19000244140625,508.4700012207031,481.86895751953125,1485900,0.0,0.0
2022-02-25 00:00:00-05:00,510.9599914550781,517.4600219726562,500.8299865722656,513.2100219726562,486.3609619140625,911600,0.0,0.0
2022-02-28 00:00:00-05:00,504.8699951171875,509.20001220703125,496.6400146484375,501.69000244140625,475.44366455078125,897500,0.0,0.0
2022-03-01 00:00:00-05:00,502.2699890136719,514.0,497.17999267578125,500.3800048828125,474.2021484375,835600,0.0,0.0
2022-03-02 00:00:00-05:00,506.6199951171875,514.7899780273438,503.9800109863281,511.0899963378906,484.3518981933594,656000,0.0,0.0
2022-03-03 00:00:00-05:00,516.25,519.02001953125,504.989990234375,507.1099853515625,480.580078125,358200,0.0,0.0
2022-03-04 00:00:00-05:00,505.20001220703125,505.20001220703125,491.19000244140625,497.7799987792969,471.7381896972656,582700,0.0,0.0
2022-03-07 00:00:00-05:00,497.20001220703125,497.55999755859375,466.9100036621094,467.3999938964844,442.947509765625,716100,0.0,0.0
2022-03-08 00:00:00-05:00,468.010009765625,473.6400146484375,450.8500061035156,466.0,441.620849609375,798500,0.0,0.0
2022-03-09 00:00:00-05:00,479.80999755859375,495.25,475.1600036621094,488.1300048828125,462.59307861328125,595600,0.0,0.0
2022-03-10 00:00:00-05:00,477.19000244140625,481.1600036621094,458.45001220703125,465.260009765625,440.9195556640625,769500,0.0,0.0
2022-03-11 00:00:00-05:00,469.1199951171875,473.3500061035156,454.4800109863281,456.6300048828125,432.7410583496094,662600,0.0,0.0
2022-03-14 00:00:00-04:00,460.0,461.9200134277344,452.55999755859375,457.3299865722656,433.4043884277344,567000,0.0,0.0
2022-03-15 00:00:00-04:00,464.80999755859375,474.2799987792969,460.0,470.94000244140625,446.30230712890625,471900,0.0,0.0
2022-03-16 00:00:00-04:00,479.67999267578125,493.6000061035156,476.6300048828125,492.9599914550781,467.17034912109375,549200,0.0,0.0
2022-03-17 00:00:00-04:00,487.010009765625,498.45001220703125,485.80999755859375,498.44000244140625,472.36376953125,415900,0.0,0.0
2022-03-18 00:00:00-04:00,500.4800109863281,522.739990234375,498.82000732421875,520.3400268554688,493.11798095703125,858100,0.0,0.0
2022-03-21 00:00:00-04:00,513.8900146484375,519.989990234375,502.0299987792969,507.0,480.475830078125,421900,0.0,0.0
2022-03-22 00:00:00-04:00,512.2899780273438,514.9199829101562,503.82000732421875,509.760009765625,483.0914306640625,488100,0.0,0.0
2022-03-23 00:00:00-04:00,504.0,505.3800048828125,490.760009765625,491.25,465.5498352050781,574800,0.0,0.0
2022-03-24 00:00:00-04:00,493.70001220703125,499.0,490.70001220703125,495.7300109863281,469.79547119140625,477600,0.0,0.0
2022-03-25 00:00:00-04:00,498.7699890136719,498.9800109863281,486.55999755859375,490.30999755859375,464.65899658203125,360200,0.0,0.0
2022-03-28 00:00:00-04:00,493.3999938964844,507.82000732421875,492.2300109863281,507.80999755859375,481.2434387207031,952900,0.0,0.0
2022-03-29 00:00:00-04:00,517.27001953125,526.2899780273438,510.79998779296875,516.77001953125,489.7347717285156,720300,0.0,0.0
2022-03-30 00:00:00-04:00,510.94000244140625,514.0599975585938,506.3299865722656,510.2799987792969,483.584228515625,558300,0.0,0.0
2022-03-31 00:00:00-04:00,513.3499755859375,517.7000122070312,502.8800048828125,502.8800048828125,476.5713806152344,917000,0.0,0.0
2022-04-01 00:00:00-04:00,505.0,516.27001953125,500.6700134277344,516.0,489.0049743652344,725900,0.0,0.0
2022-04-04 00:00:00-04:00,518.2000122070312,527.739990234375,515.6900024414062,519.510009765625,492.3313293457031,611400,0.0,0.0
2022-04-05 00:00:00-04:00,516.780029296875,517.2100219726562,510.5,513.22998046875,486.3799133300781,550700,0.0,0.0
2022-04-06 00:00:00-04:00,506.989990234375,509.69000244140625,500.5400085449219,506.6499938964844,480.1441650390625,617600,0.0,0.0
2022-04-07 00:00:00-04:00,504.3699951171875,512.9099731445312,503.3299865722656,510.0,483.3189697265625,772500,0.0,0.0
2022-04-08 00:00:00-04:00,510.8500061035156,511.8599853515625,505.30999755859375,506.489990234375,479.9925537109375,588100,0.0,0.0
2022-04-11 00:00:00-04:00,502.0,502.0,485.8699951171875,486.0899963378906,460.6597595214844,579400,0.0,0.0
2022-04-12 00:00:00-04:00,488.6700134277344,496.94000244140625,478.4700012207031,480.30999755859375,455.1821594238281,508300,0.0,0.0
2022-04-13 00:00:00-04:00,477.0,494.6700134277344,477.0,493.2699890136719,467.46405029296875,476800,0.0,0.0
2022-04-14 00:00:00-04:00,494.4700012207031,496.6600036621094,482.30999755859375,482.70001220703125,457.4471130371094,440000,0.0,0.0
2022-04-18 00:00:00-04:00,481.4100036621094,484.2099914550781,475.0,478.010009765625,453.00250244140625,299600,0.0,0.0
2022-04-19 00:00:00-04:00,478.19000244140625,491.70001220703125,475.05999755859375,490.5199890136719,464.8579406738281,468000,0.0,0.0
2022-04-20 00:00:00-04:00,495.04998779296875,498.3900146484375,487.30999755859375,493.5400085449219,467.72003173828125,384100,0.0,0.0
2022-04-21 00:00:00-04:00,499.3999938964844,499.989990234375,473.5400085449219,474.7799987792969,449.9414367675781,421600,0.0,0.0
2022-04-22 00:00:00-04:00,466.2699890136719,472.4100036621094,455.6700134277344,456.0400085449219,432.1818542480469,483200,0.0,0.0
2022-04-25 00:00:00-04:00,451.8399963378906,463.92999267578125,450.4100036621094,462.29998779296875,438.1143493652344,724700,0.0,0.0
2022-04-26 00:00:00-04:00,450.0,462.0,429.2099914550781,429.80999755859375,407.32415771484375,802900,0.0,0.0
2022-04-27 00:00:00-04:00,429.6099853515625,435.6199951171875,415.3299865722656,417.7799987792969,395.9234313964844,787200,0.0,0.0
2022-04-28 00:00:00-04:00,426.55999755859375,438.8800048828125,422.5,433.3800048828125,410.70745849609375,616300,0.0,0.0
2022-04-29 00:00:00-04:00,428.760009765625,432.489990234375,420.55999755859375,421.25,399.21197509765625,631900,0.0,0.0
2022-05-02 00:00:00-04:00,418.8399963378906,426.1600036621094,410.9200134277344,423.75,401.5811462402344,744800,0.0,0.0
2022-05-03 00:00:00-04:00,425.0,433.989990234375,424.05999755859375,431.9100036621094,409.31427001953125,674500,0.0,0.0
2022-05-04 00:00:00-04:00,431.8500061035156,434.3699951171875,413.0299987792969,432.739990234375,410.100830078125,622900,0.0,0.0
2022-05-05 00:00:00-04:00,427.92999267578125,428.5400085449219,405.2300109863281,416.04998779296875,394.283935546875,774400,0.0,0.0
2022-05-06 00:00:00-04:00,410.6600036621094,412.45001220703125,395.010009765625,405.6099853515625,384.39013671875,855900,0.0,0.0
2022-05-09 00:00:00-04:00,395.489990234375,400.1400146484375,376.4100036621094,379.0799865722656,359.2480773925781,1276100,0.0,0.0
2022-05-10 00:00:00-04:00,388.9800109863281,395.3299865722656,380.3399963378906,388.8900146484375,368.5448303222656,824500,0.0,0.0
2022-05-11 00:00:00-04:00,387.0899963378906,400.5899963378906,384.7200012207031,387.3999938964844,367.13275146484375,785400,0.0,0.0
2022-05-12 00:00:00-04:00,379.8299865722656,394.32000732421875,379.5299987792969,387.9800109863281,368.6722412109375,655400,1.04,0.0
2022-05-13 00:00:00-04:00,395.6199951171875,410.8900146484375,394.70001220703125,408.1400146484375,387.82904052734375,675900,0.0,0.0
2022-05-16 00:00:00-04:00,401.9100036621094,403.7699890136719,395.95001220703125,400.0,380.0941162109375,696900,0.0,0.0
2022-05-17 00:00:00-04:00,413.95001220703125,413.95001220703125,397.4100036621094,407.75,387.4582824707031,679600,0.0,0.0
2022-05-18 00:00:00-04:00,400.2699890136719,405.8500061035156,398.1600036621094,399.5,379.618896484375,894700,0.0,0.0
2022-05-19 00:00:00-04:00,395.5899963378906,413.4200134277344,395.0,410.0199890136719,389.6153869628906,823300,0.0,0.0
2022-05-20 00:00:00-04:00,414.67999267578125,417.6199951171875,407.4800109863281,417.0400085449219,396.28607177734375,670400,0.0,0.0
2022-05-23 00:00:00-04:00,419.6499938964844,420.1600036621094,410.7099914550781,417.67999267578125,396.8941345214844,387800,0.0,0.0
2022-05-24 00:00:00-04:00,412.6099853515625,416.69000244140625,403.1199951171875,414.6099853515625,393.9769287109375,395000,0.0,0.0
2022-05-25 00:00:00-04:00,412.55999755859375,419.54998779296875,410.0199890136719,416.79998779296875,396.0579833984375,472300,0.0,0.0
2022-05-26 00:00:00-04:00,420.2200012207031,434.57000732421875,419.260009765625,432.7799987792969,411.2427978515625,411100,0.0,0.0
2022-05-27 00:00:00-04:00,438.8999938964844,448.3399963378906,438.8999938964844,448.1700134277344,425.86688232421875,540500,0.0,0.0
2022-05-31 00:00:00-04:00,442.92999267578125,448.7200012207031,438.5199890136719,442.3500061035156,420.33648681640625,828800,0.0,0.0
2022-06-01 00:00:00-04:00,425.1000061035156,449.7799987792969,425.1000061035156,431.45001220703125,409.9788513183594,600500,0.0,0.0
2022-06-02 00:00:00-04:00,433.8999938964844,451.9200134277344,431.010009765625,451.6199951171875,429.1451721191406,417300,0.0,0.0
2022-06-03 00:00:00-04:00,443.8699951171875,444.75,435.69000244140625,438.45001220703125,416.630615234375,298400,0.0,0.0
2022-06-06 00:00:00-04:00,443.2799987792969,446.1600036621094,435.6099853515625,438.6600036621094,416.8301086425781,355400,0.0,0.0
2022-06-07 00:00:00-04:00,433.6600036621094,446.79998779296875,433.6600036621094,446.2900085449219,424.0804443359375,233900,0.0,0.0
2022-06-08 00:00:00-04:00,441.739990234375,447.5,434.8399963378906,435.5299987792969,413.85589599609375,273200,0.0,0.0
2022-06-09 00:00:00-04:00,433.6499938964844,437.17999267578125,426.6400146484375,427.0799865722656,405.8263854980469,239500,0.0,0.0
2022-06-10 00:00:00-04:00,418.8299865722656,418.8299865722656,407.82000732421875,410.04998779296875,389.6439208984375,477900,0.0,0.0
2022-06-13 00:00:00-04:00,396.739990234375,398.3500061035156,388.6300048828125,393.0,373.4424133300781,955800,0.0,0.0
2022-06-14 00:00:00-04:00,393.05999755859375,397.9599914550781,389.1199951171875,391.0,371.54193115234375,525100,0.0,0.0
2022-06-15 00:00:00-04:00,397.010009765625,404.4599914550781,387.8500061035156,397.3900146484375,377.6139831542969,436300,0.0,0.0
2022-06-16 00:00:00-04:00,384.9599914550781,388.0899963378906,379.6300048828125,385.760009765625,366.5627136230469,679400,0.0,0.0
2022-06-17 00:00:00-04:00,384.239990234375,396.32000732421875,383.3900146484375,386.7099914550781,367.4654541015625,742600,0.0,0.0
2022-06-21 00:00:00-04:00,394.8399963378906,402.1300048828125,393.9599914550781,400.25,380.33160400390625,590100,0.0,0.0
2022-06-22 00:00:00-04:00,395.3299865722656,407.6199951171875,395.3299865722656,400.8699951171875,380.9207763671875,564900,0.0,0.0
2022-06-23 00:00:00-04:00,405.75,417.6199951171875,404.1300048828125,416.7099914550781,395.9725646972656,341700,0.0,0.0
2022-06-24 00:00:00-04:00,420.3299865722656,432.9200134277344,417.8299865722656,432.05999755859375,410.5585632324219,630800,0.0,0.0
2022-06-27 00:00:00-04:00,435.489990234375,436.760009765625,428.6600036621094,429.7799987792969,408.39208984375,371400,0.0,0.0
2022-06-28 00:00:00-04:00,429.0299987792969,436.80999755859375,412.44000244140625,413.1199951171875,392.5611267089844,321600,0.0,0.0
2022-06-29 00:00:00-04:00,413.260009765625,417.1700134277344,404.44000244140625,415.260009765625,394.5946044921875,373400,0.0,0.0
2022-06-30 00:00:00-04:00,410.5,417.6300048828125,399.4100036621094,412.1499938964844,391.6394348144531,427900,0.0,0.0
2022-07-01 00:00:00-04:00,411.0,417.739990234375,407.7099914550781,417.7200012207031,396.9321594238281,348500,0.0,0.0
2022-07-05 00:00:00-04:00,413.05999755859375,422.8699951171875,407.0299987792969,422.010009765625,401.0086975097656,349700,0.0,0.0
2022-07-06 00:00:00-04:00,424.9700012207031,429.92999267578125,421.29998779296875,426.239990234375,405.02825927734375,418300,0.0,0.0
2022-07-07 00:00:00-04:00,425.0400085449219,435.7799987792969,425.0400085449219,435.489990234375,413.8179016113281,402400,0.0,0.0
2022-07-08 00:00:00-04:00,432.760009765625,439.70001220703125,429.5400085449219,433.95001220703125,412.35455322265625,310400,0.0,0.0
2022-07-11 00:00:00-04:00,430.0799865722656,434.989990234375,426.0299987792969,431.8500061035156,410.3590087890625,277400,0.0,0.0
2022-07-12 00:00:00-04:00,431.5199890136719,438.1600036621094,418.239990234375,420.32000732421875,399.4028625488281,326200,0.0,0.0
2022-07-13 00:00:00-04:00,412.1199951171875,420.32000732421875,408.6499938964844,413.7200012207031,393.1312561035156,491400,0.0,0.0
2022-07-14 00:00:00-04:00,407.5,412.739990234375,403.79998779296875,410.1099853515625,389.70086669921875,644600,0.0,0.0
2022-07-15 00:00:00-04:00,417.0299987792969,422.55999755859375,415.17999267578125,418.8699951171875,398.0250244140625,584900,0.0,0.0
2022-07-18 00:00:00-04:00,424.2300109863281,427.9200134277344,409.7099914550781,412.010009765625,391.50640869140625,359700,0.0,0.0
2022-07-19 00:00:00-04:00,418.45001220703125,427.6600036621094,418.0799865722656,426.1000061035156,404.89520263671875,982700,0.0,0.0
2022-07-20 00:00:00-04:00,428.55999755859375,436.010009765625,425.6600036621094,434.32000732421875,412.7061767578125,710100,0.0,0.0
2022-07-21 00:00:00-04:00,435.20001220703125,448.6499938964844,433.7099914550781,447.4700012207031,425.2016906738281,438600,0.0,0.0
2022-07-22 00:00:00-04:00,450.0,451.07000732421875,436.8399963378906,439.8999938964844,418.00836181640625,399600,0.0,0.0
2022-07-25 00:00:00-04:00,440.8399963378906,440.8399963378906,432.54998779296875,438.4700012207031,416.6495666503906,430700,0.0,0.0
2022-07-26 00:00:00-04:00,434.3299865722656,445.9700012207031,432.30999755859375,442.8900146484375,420.8496398925781,657400,0.0,0.0
2022-07-27 00:00:00-04:00,448.6499938964844,456.54998779296875,447.32000732421875,452.9700012207031,430.4280090332031,505700,0.0,0.0
2022-07-28 00:00:00-04:00,456.1099853515625,477.3699951171875,453.2099914550781,474.2900085449219,450.68707275390625,499700,0.0,0.0
2022-07-29 00:00:00-04:00,475.0400085449219,483.2900085449219,474.0299987792969,481.3399963378906,457.38616943359375,657200,0.0,0.0
2022-08-01 00:00:00-04:00,476.9700012207031,484.260009765625,474.7799987792969,476.8599853515625,453.1291198730469,516000,0.0,0.0
2022-08-02 00:00:00-04:00,472.510009765625,485.19000244140625,471.8599853515625,477.69000244140625,453.9178466796875,307100,0.0,0.0
2022-08-03 00:00:00-04:00,481.760009765625,497.1199951171875,478.0799865722656,496.3299865722656,471.63018798828125,545500,0.0,0.0
2022-08-04 00:00:00-04:00,495.6700134277344,497.9100036621094,488.510009765625,496.760009765625,472.03887939453125,446400,0.0,0.0
2022-08-05 00:00:00-04:00,489.6099853515625,496.5899963378906,488.20001220703125,496.17999267578125,471.4876403808594,262300,0.0,0.0
2022-08-08 00:00:00-04:00,503.8599853515625,506.42999267578125,497.69000244140625,500.82000732421875,475.89678955078125,293400,0.0,0.0
2022-08-09 00:00:00-04:00,498.4599914550781,500.1199951171875,492.510009765625,494.92999267578125,470.2998352050781,228800,0.0,0.0
2022-08-10 00:00:00-04:00,510.5,513.97998046875,503.8900146484375,512.1199951171875,486.6343994140625,277200,0.0,0.0
2022-08-11 00:00:00-04:00,516.9299926757812,516.9299926757812,500.3800048828125,501.1199951171875,477.34686279296875,235700,1.25,0.0
2022-08-12 00:00:00-04:00,505.45001220703125,507.2900085449219,499.1000061035156,506.7099914550781,482.6717529296875,330900,0.0,0.0
2022-08-15 00:00:00-04:00,505.0,510.260009765625,502.44000244140625,508.6300048828125,484.5006408691406,369000,0.0,0.0
2022-08-16 00:00:00-04:00,502.0899963378906,506.2099914550781,495.8699951171875,503.6199951171875,479.7283020019531,229900,0.0,0.0
2022-08-17 00:00:00-04:00,497.79998779296875,504.9100036621094,493.3599853515625,502.489990234375,478.65191650390625,295300,0.0,0.0
2022-08-18 00:00:00-04:00,501.989990234375,502.4700012207031,498.57000732421875,499.9800109863281,476.2610168457031,161000,0.0,0.0
2022-08-19 00:00:00-04:00,495.0,495.489990234375,477.7900085449219,478.489990234375,455.79046630859375,338800,0.0,0.0
2022-08-22 00:00:00-04:00,470.3399963378906,475.0,466.82000732421875,472.8800048828125,450.4465637207031,363500,0.0,0.0
2022-08-23 00:00:00-04:00,471.1700134277344,474.7099914550781,465.2900085449219,467.5,445.3218688964844,196800,0.0,0.0
2022-08-24 00:00:00-04:00,468.8699951171875,472.55999755859375,466.6400146484375,467.8900146484375,445.6933288574219,215400,0.0,0.0
2022-08-25 00:00:00-04:00,470.0,476.1000061035156,463.8800048828125,475.7799987792969,453.2090148925781,174400,0.0,0.0
2022-08-26 00:00:00-04:00,477.1400146484375,477.1400146484375,455.20001220703125,456.4200134277344,434.7674560546875,347100,0.0,0.0
2022-08-29 00:00:00-04:00,451.7699890136719,457.8999938964844,451.7699890136719,456.0,434.367431640625,309900,0.0,0.0
2022-08-30 00:00:00-04:00,458.1199951171875,459.94000244140625,449.1300048828125,453.0400085449219,431.54779052734375,241900,0.0,0.0
2022-08-31 00:00:00-04:00,457.54998779296875,459.17999267578125,449.04998779296875,449.239990234375,427.9280700683594,338600,0.0,0.0
2022-09-01 00:00:00-04:00,445.989990234375,457.6400146484375,440.70001220703125,456.9100036621094,435.2342529296875,516700,0.0,0.0
2022-09-02 00:00:00-04:00,462.2200012207031,463.989990234375,450.3500061035156,451.95001220703125,430.5096130371094,501900,0.0,0.0
2022-09-06 00:00:00-04:00,452.67999267578125,460.32000732421875,450.2900085449219,457.67999267578125,435.96771240234375,399300,0.0,0.0
2022-09-07 00:00:00-04:00,457.92999267578125,474.5899963378906,456.8800048828125,474.29998779296875,451.79931640625,341900,0.0,0.0
2022-09-08 00:00:00-04:00,471.82000732421875,484.0400085449219,470.3299865722656,482.8999938964844,459.99127197265625,331200,0.0,0.0
2022-09-09 00:00:00-04:00,486.0,494.2900085449219,484.8399963378906,491.260009765625,467.9546813964844,428800,0.0,0.0
2022-09-12 00:00:00-04:00,491.8399963378906,498.8699951171875,491.8399963378906,496.57000732421875,473.0127868652344,415300,0.0,0.0
2022-09-13 00:00:00-04:00,479.94000244140625,482.8800048828125,470.67999267578125,471.7699890136719,449.3893127441406,432400,0.0,0.0
2022-09-14 00:00:00-04:00,475.1199951171875,475.92999267578125,461.739990234375,469.1099853515625,446.85546875,331600,0.0,0.0
2022-09-15 00:00:00-04:00,464.3500061035156,468.1600036621094,453.42999267578125,456.19000244140625,434.5484313964844,339700,0.0,0.0
2022-09-16 00:00:00-04:00,452.0799865722656,457.1199951171875,446.3299865722656,456.67999267578125,435.01513671875,641800,0.0,0.0
2022-09-19 00:00:00-04:00,451.82000732421875,452.05999755859375,442.44000244140625,451.3800048828125,429.9665832519531,422100,0.0,0.0
2022-09-20 00:00:00-04:00,447.2699890136719,453.489990234375,443.2099914550781,447.7699890136719,426.52783203125,321500,0.0,0.0
2022-09-21 00:00:00-04:00,450.0199890136719,454.1700134277344,439.57000732421875,439.57000732421875,418.71685791015625,297300,0.0,0.0
2022-09-22 00:00:00-04:00,437.1499938964844,437.4100036621094,421.42999267578125,427.0899963378906,406.8288879394531,557500,0.0,0.0
2022-09-23 00:00:00-04:00,422.45001220703125,425.9200134277344,415.1099853515625,422.3299865722656,402.294677734375,505100,0.0,0.0
2022-09-26 00:00:00-04:00,423.2900085449219,430.0799865722656,418.0899963378906,420.760009765625,400.7992248535156,540600,0.0,0.0
2022-09-27 00:00:00-04:00,428.8599853515625,433.7900085449219,413.3399963378906,416.8999938964844,397.1222839355469,446500,0.0,0.0
2022-09-28 00:00:00-04:00,421.5,432.7200012207031,417.6199951171875,429.1400146484375,408.78167724609375,467800,0.0,0.0
2022-09-29 00:00:00-04:00,423.1300048828125,425.8999938964844,420.30999755859375,423.2200012207031,403.1425476074219,377600,0.0,0.0
2022-09-30 00:00:00-04:00,422.1199951171875,431.1300048828125,421.0899963378906,421.7900085449219,401.7803955078125,501800,0.0,0.0
2022-10-03 00:00:00-04:00,424.8699951171875,432.9800109863281,420.7799987792969,431.5799865722656,411.1058349609375,307000,0.0,0.0
2022-10-04 00:00:00-04:00,440.6000061035156,451.010009765625,438.94000244140625,450.8599853515625,429.4712829589844,375400,0.0,0.0
2022-10-05 00:00:00-04:00,444.1300048828125,451.3399963378906,441.3399963378906,447.4800109863281,426.2515869140625,319900,0.0,0.0
2022-10-06 00:00:00-04:00,444.0400085449219,447.989990234375,436.6000061035156,436.6499938964844,415.9353332519531,341500,0.0,0.0
2022-10-07 00:00:00-04:00,431.1499938964844,433.8900146484375,416.1700134277344,419.8399963378906,399.92291259765625,398300,0.0,0.0
2022-10-10 00:00:00-04:00,417.32000732421875,419.20001220703125,403.3500061035156,406.9200134277344,387.61578369140625,470400,0.0,0.0
2022-10-11 00:00:00-04:00,404.6700134277344,409.3699951171875,393.7799987792969,399.3500061035156,380.4048767089844,501900,0.0,0.0
2022-10-12 00:00:00-04:00,400.1000061035156,404.6400146484375,395.010009765625,401.6499938964844,382.59576416015625,516000,0.0,0.0
2022-10-13 00:00:00-04:00,390.8800048828125,408.4200134277344,385.0,406.0799865722656,386.8155822753906,557800,0.0,0.0
2022-10-14 00:00:00-04:00,411.8699951171875,412.7799987792969,387.2300109863281,388.7200012207031,370.27911376953125,408700,0.0,0.0
2022-10-17 00:00:00-04:00,398.739990234375,406.17999267578125,398.739990234375,402.9599914550781,383.8436279296875,438000,0.0,0.0
2022-10-18 00:00:00-04:00,417.510009765625,417.75,405.2699890136719,408.55999755859375,389.17803955078125,300100,0.0,0.0
2022-10-19 00:00:00-04:00,401.7900085449219,404.0899963378906,395.2799987792969,398.7900085449219,379.8714904785156,261000,0.0,0.0
2022-10-20 00:00:00-04:00,397.7099914550781,399.4700012207031,390.3800048828125,393.6600036621094,374.9848327636719,542000,0.0,0.0
2022-10-21 00:00:00-04:00,394.69000244140625,402.2699890136719,388.1199951171875,401.4800109863281,382.4338073730469,774000,0.0,0.0
2022-10-24 00:00:00-04:00,405.67999267578125,412.67999267578125,397.2799987792969,412.1499938964844,392.5976257324219,643300,0.0,0.0
2022-10-25 00:00:00-04:00,416.32000732421875,448.75,416.32000732421875,448.4200134277344,427.14703369140625,735600,0.0,0.0
2022-10-26 00:00:00-04:00,446.0,461.20001220703125,444.8500061035156,451.6000061035156,430.1761779785156,602100,0.0,0.0
2022-10-27 00:00:00-04:00,455.760009765625,464.2300109863281,452.6099853515625,455.2200012207031,433.6244201660156,438200,0.0,0.0
2022-10-28 00:00:00-04:00,455.55999755859375,476.0400085449219,454.8999938964844,474.2699890136719,451.77069091796875,443900,0.0,0.0
2022-10-31 00:00:00-04:00,472.0799865722656,478.4800109863281,468.54998779296875,468.8599853515625,446.6172790527344,708200,0.0,0.0
2022-11-01 00:00:00-04:00,478.489990234375,484.1199951171875,466.3800048828125,470.0799865722656,447.77947998046875,379100,0.0,0.0
2022-11-02 00:00:00-04:00,469.260009765625,474.54998779296875,452.8800048828125,453.739990234375,432.2146301269531,417900,0.0,0.0
2022-11-03 00:00:00-04:00,446.9800109863281,458.75,444.8699951171875,451.1499938964844,429.74749755859375,367300,0.0,0.0
2022-11-04 00:00:00-04:00,458.80999755859375,466.5799865722656,451.80999755859375,460.9100036621094,439.0445251464844,429500,0.0,0.0
2022-11-07 00:00:00-05:00,462.45001220703125,465.0,455.57000732421875,462.19000244140625,440.2637634277344,317900,0.0,0.0
2022-11-08 00:00:00-05:00,464.989990234375,472.7699890136719,459.82000732421875,467.8999938964844,445.702880859375,365700,0.0,0.0
2022-11-09 00:00:00-05:00,463.3900146484375,469.8999938964844,460.29998779296875,465.1300048828125,444.2511291503906,301100,1.25,0.0
2022-11-10 00:00:00-05:00,489.8900146484375,512.3699951171875,489.6099853515625,509.70001220703125,486.8204345703125,578800,0.0,0.0
2022-11-11 00:00:00-05:00,513.9099731445312,522.239990234375,509.010009765625,512.3699951171875,489.3705749511719,509800,0.0,0.0
2022-11-14 00:00:00-05:00,507.9599914550781,511.04998779296875,491.45001220703125,492.239990234375,470.1441955566406,630600,0.0,0.0
2022-11-15 00:00:00-05:00,507.4599914550781,509.8999938964844,499.5400085449219,503.0199890136719,480.4403381347656,409300,0.0,0.0
2022-11-16 00:00:00-05:00,500.6300048828125,508.6199951171875,495.6499938964844,507.2099914550781,484.4421691894531,322700,0.0,0.0
2022-11-17 00:00:00-05:00,498.54998779296875,502.04998779296875,487.3699951171875,491.0899963378906,469.04583740234375,210100,0.0,0.0
2022-11-18 00:00:00-05:00,503.489990234375,503.489990234375,480.7699890136719,490.30999755859375,468.30084228515625,612600,0.0,0.0
2022-11-21 00:00:00-05:00,488.4599914550781,494.25,484.17999267578125,493.3699951171875,471.22357177734375,275600,0.0,0.0
2022-11-22 00:00:00-05:00,494.7699890136719,503.6499938964844,492.3800048828125,502.6700134277344,480.10595703125,236100,0.0,0.0
2022-11-23 00:00:00-05:00,503.2099914550781,514.3599853515625,500.1600036621094,508.75,485.9130859375,269100,0.0,0.0
2022-11-25 00:00:00-05:00,509.739990234375,513.4600219726562,506.0400085449219,512.260009765625,489.2655029296875,94700,0.0,0.0
2022-11-28 00:00:00-05:00,507.29998779296875,512.739990234375,493.6099853515625,495.9599914550781,473.6971740722656,330600,0.0,0.0
2022-11-29 00:00:00-05:00,494.75,499.17999267578125,484.7900085449219,486.32000732421875,464.489990234375,392100,0.0,0.0
2022-11-30 00:00:00-05:00,486.32000732421875,508.1700134277344,483.0799865722656,507.8299865722656,485.0343322753906,481600,0.0,0.0
2022-12-01 00:00:00-05:00,513.5,523.3599853515625,509.30999755859375,521.3900146484375,497.98577880859375,406700,0.0,0.0
2022-12-02 00:00:00-05:00,511.0299987792969,521.1199951171875,506.2300109863281,518.8300170898438,495.5406188964844,440000,0.0,0.0
2022-12-05 00:00:00-05:00,512.1099853515625,512.1099853515625,500.739990234375,504.489990234375,481.84429931640625,431000,0.0,0.0
2022-12-06 00:00:00-05:00,505.2300109863281,505.8599853515625,495.6600036621094,499.8999938964844,477.4603271484375,377700,0.0,0.0
2022-12-07 00:00:00-05:00,500.0,503.2900085449219,496.489990234375,500.3999938964844,477.93792724609375,428800,0.0,0.0
2022-12-08 00:00:00-05:00,501.19000244140625,505.8699951171875,498.4700012207031,499.9800109863281,477.5367736816406,211000,0.0,0.0
2022-12-09 00:00:00-05:00,497.3599853515625,499.5899963378906,488.6600036621094,492.54998779296875,470.4402770996094,332100,0.0,0.0
2022-12-12 00:00:00-05:00,490.760009765625,497.2900085449219,490.6700134277344,497.2699890136719,474.94842529296875,285000,0.0,0.0
2022-12-13 00:00:00-05:00,524.719970703125,527.280029296875,504.989990234375,512.02001953125,489.0363464355469,499000,0.0,0.0
2022-12-14 00:00:00-05:00,507.5799865722656,517.1500244140625,493.05999755859375,498.4800109863281,476.10418701171875,544700,0.0,0.0
2022-12-15 00:00:00-05:00,489.6499938964844,493.0400085449219,474.9800109863281,476.67999267578125,455.2826843261719,859900,0.0,0.0
2022-12-16 00:00:00-05:00,472.2699890136719,475.1099853515625,467.1400146484375,471.5899963378906,450.421142578125,1062200,0.0,0.0
2022-12-19 00:00:00-05:00,471.9100036621094,473.5799865722656,460.7799987792969,461.94000244140625,441.2043151855469,564600,0.0,0.0
2022-12-20 00:00:00-05:00,460.3599853515625,463.739990234375,450.0,458.0,437.4411315917969,686800,0.0,0.0
2022-12-21 00:00:00-05:00,462.6700134277344,472.3599853515625,459.7799987792969,472.3599853515625,451.15655517578125,440800,0.0,0.0
2022-12-22 00:00:00-05:00,466.45001220703125,468.1600036621094,454.6000061035156,462.32000732421875,441.5672912597656,361700,0.0,0.0
2022-12-23 00:00:00-05:00,461.6099853515625,467.6000061035156,459.80999755859375,463.82000732421875,442.9999084472656,347200,0.0,0.0
2022-12-27 00:00:00-05:00,462.82000732421875,468.54998779296875,455.2099914550781,460.42999267578125,439.7620849609375,399700,0.0,0.0
2022-12-28 00:00:00-05:00,460.5899963378906,464.5,453.94000244140625,454.44000244140625,434.0409240722656,211000,0.0,0.0
2022-12-29 00:00:00-05:00,460.1300048828125,473.4200134277344,458.5,471.9200134277344,450.7364196777344,272500,0.0,0.0
2022-12-30 00:00:00-05:00,466.3399963378906,469.42999267578125,459.489990234375,465.1700134277344,444.2893371582031,354400,0.0,0.0
2023-01-03 00:00:00-05:00,469.57000732421875,476.989990234375,456.3500061035156,461.1600036621094,440.4593200683594,345000,0.0,0.0
2023-01-04 00:00:00-05:00,466.0199890136719,475.1499938964844,462.3800048828125,474.1199951171875,452.8376159667969,427200,0.0,0.0
2023-01-05 00:00:00-05:00,467.9800109863281,471.8500061035156,459.0799865722656,459.1199951171875,438.5108642578125,325000,0.0,0.0
2023-01-06 00:00:00-05:00,465.45001220703125,473.1600036621094,455.4800109863281,469.010009765625,447.9569396972656,366200,0.0,0.0
2023-01-09 00:00:00-05:00,475.8299865722656,491.8299865722656,472.7200012207031,480.5400085449219,458.96942138671875,312100,0.0,0.0
2023-01-10 00:00:00-05:00,479.8299865722656,489.9700012207031,477.010009765625,488.0799865722656,466.17095947265625,270800,0.0,0.0
2023-01-11 00:00:00-05:00,494.260009765625,504.4100036621094,491.3500061035156,504.1199951171875,481.4908447265625,364200,0.0,0.0
2023-01-12 00:00:00-05:00,505.1199951171875,506.79998779296875,494.8399963378906,504.04998779296875,481.42401123046875,303000,0.0,0.0
2023-01-13 00:00:00-05:00,496.5400085449219,506.5799865722656,496.5400085449219,505.239990234375,482.5605773925781,320600,0.0,0.0
2023-01-17 00:00:00-05:00,505.5400085449219,512.0800170898438,499.32000732421875,510.2799987792969,487.3744201660156,332300,0.0,0.0
2023-01-18 00:00:00-05:00,513.8099975585938,525.8400268554688,505.2300109863281,506.3399963378906,483.61126708984375,407800,0.0,0.0
2023-01-19 00:00:00-05:00,500.29998779296875,503.1199951171875,492.55999755859375,495.7900085449219,473.534912109375,343900,0.0,0.0
2023-01-20 00:00:00-05:00,498.3500061035156,512.719970703125,495.8900146484375,511.760009765625,488.7880554199219,345700,0.0,0.0
2023-01-23 00:00:00-05:00,510.7699890136719,521.3400268554688,509.1600036621094,514.97998046875,491.8634033203125,321100,0.0,0.0
2023-01-24 00:00:00-05:00,512.3099975585938,523.010009765625,510.7699890136719,519.8400268554688,496.5052795410156,319100,0.0,0.0
2023-01-25 00:00:00-05:00,508.4200134277344,514.0700073242188,497.2699890136719,508.6400146484375,485.8080749511719,372700,0.0,0.0
2023-01-26 00:00:00-05:00,512.0,519.0999755859375,506.739990234375,515.2100219726562,492.08319091796875,622200,0.0,0.0
2023-01-27 00:00:00-05:00,511.20001220703125,524.4199829101562,506.29998779296875,519.9199829101562,496.58160400390625,481200,0.0,0.0
2023-01-30 00:00:00-05:00,512.9400024414062,516.8200073242188,504.4599914550781,506.55999755859375,483.8214416503906,628300,0.0,0.0
2023-01-31 00:00:00-05:00,514.6500244140625,531.9600219726562,499.0400085449219,531.5599975585938,507.69915771484375,754000,0.0,0.0
2023-02-01 00:00:00-05:00,542.5800170898438,560.3800048828125,529.260009765625,554.52001953125,529.6285400390625,913700,0.0,0.0
2023-02-02 00:00:00-05:00,563.8499755859375,572.5,558.8900146484375,568.4400024414062,542.9237060546875,903400,0.0,0.0
2023-02-03 00:00:00-05:00,558.1900024414062,569.4500122070312,556.0499877929688,567.4299926757812,541.9590454101562,494200,0.0,0.0
2023-02-06 00:00:00-05:00,559.2000122070312,565.0,551.6099853515625,553.4000244140625,528.558837890625,610100,0.0,0.0
2023-02-07 00:00:00-05:00,551.9400024414062,562.8300170898438,545.9600219726562,560.4000244140625,535.24462890625,280000,0.0,0.0
2023-02-08 00:00:00-05:00,555.0399780273438,560.3099975585938,553.72998046875,556.9000244140625,531.9016723632812,213100,0.0,0.0
2023-02-09 00:00:00-05:00,561.0700073242188,566.27001953125,553.5499877929688,555.5900268554688,530.6505126953125,727200,0.0,0.0
2023-02-10 00:00:00-05:00,548.8200073242188,550.5399780273438,540.8300170898438,549.3300170898438,524.6715698242188,413900,0.0,0.0
2023-02-13 00:00:00-05:00,552.969970703125,562.8699951171875,547.739990234375,562.0999755859375,536.8683471679688,403400,0.0,0.0
2023-02-14 00:00:00-05:00,561.4299926757812,570.4299926757812,557.0599975585938,561.8200073242188,536.600830078125,260200,0.0,0.0
2023-02-15 00:00:00-05:00,555.8599853515625,567.0700073242188,553.6300048828125,567.0599975585938,541.605712890625,349500,0.0,0.0
2023-02-16 00:00:00-05:00,553.4400024414062,560.77001953125,551.760009765625,552.989990234375,529.4557495117188,265700,1.38,0.0
2023-02-17 00:00:00-05:00,547.6900024414062,550.1099853515625,538.489990234375,544.8300170898438,521.6429443359375,438800,0.0,0.0
2023-02-21 00:00:00-05:00,535.7000122070312,537.9099731445312,523.0900268554688,524.8200073242188,502.4846496582031,572500,0.0,0.0
2023-02-22 00:00:00-05:00,527.489990234375,527.7899780273438,520.1199951171875,524.0499877929688,501.747314453125,386000,0.0,0.0
2023-02-23 00:00:00-05:00,529.0599975585938,530.469970703125,519.6699829101562,527.780029296875,505.3185119628906,195400,0.0,0.0
2023-02-24 00:00:00-05:00,520.1400146484375,522.1199951171875,512.02001953125,518.1599731445312,496.1080627441406,298300,0.0,0.0
2023-02-27 00:00:00-05:00,526.0,530.6900024414062,523.7100219726562,525.7899780273438,503.41326904296875,364700,0.0,0.0
2023-02-28 00:00:00-05:00,525.9000244140625,531.9000244140625,521.1400146484375,522.1500244140625,499.92816162109375,335800,0.0,0.0
2023-03-01 00:00:00-05:00,519.219970703125,522.489990234375,514.3699951171875,515.4500122070312,493.5133361816406,375500,0.0,0.0
2023-03-02 00:00:00-05:00,510.6499938964844,517.2899780273438,508.4700012207031,517.2899780273438,495.2750244140625,387100,0.0,0.0
2023-03-03 00:00:00-05:00,521.6099853515625,537.280029296875,520.530029296875,536.6699829101562,513.8302612304688,382700,0.0,0.0
2023-03-06 00:00:00-05:00,537.9500122070312,545.5,537.8599853515625,542.9099731445312,519.8047485351562,568000,0.0,0.0
2023-03-07 00:00:00-05:00,542.9199829101562,547.9199829101562,531.47998046875,533.97998046875,511.2546691894531,406600,0.0,0.0
2023-03-08 00:00:00-05:00,532.1199951171875,537.8200073242188,527.47998046875,535.8499755859375,513.0451049804688,254700,0.0,0.0
2023-03-09 00:00:00-05:00,537.0800170898438,545.25,532.3800048828125,535.0399780273438,512.26953125,499200,0.0,0.0
2023-03-10 00:00:00-05:00,535.0,536.8499755859375,519.1099853515625,522.27001953125,500.043212890625,595400,0.0,0.0
2023-03-13 00:00:00-04:00,517.7999877929688,534.1400146484375,513.8400268554688,528.280029296875,505.7972717285156,786300,0.0,0.0
2023-03-14 00:00:00-04:00,540.6500244140625,558.280029296875,540.3800048828125,548.25,524.91748046875,639000,0.0,0.0
2023-03-15 00:00:00-04:00,534.9500122070312,538.3499755859375,520.5499877929688,536.77001953125,513.926025390625,506400,0.0,0.0
2023-03-16 00:00:00-04:00,533.969970703125,560.25,533.969970703125,546.5700073242188,523.3089599609375,456700,0.0,0.0
2023-03-17 00:00:00-04:00,547.0800170898438,548.5700073242188,532.510009765625,537.0900268554688,514.2324829101562,999600,0.0,0.0
2023-03-20 00:00:00-04:00,540.489990234375,545.1099853515625,534.02001953125,544.3300170898438,521.1643676757812,353300,0.0,0.0
2023-03-21 00:00:00-04:00,550.2899780273438,556.3599853515625,549.4299926757812,554.3300170898438,530.73876953125,470800,0.0,0.0
2023-03-22 00:00:00-04:00,552.6799926757812,563.8099975585938,546.6500244140625,547.1799926757812,523.89306640625,414400,0.0,0.0
2023-03-23 00:00:00-04:00,546.3099975585938,555.7100219726562,541.6099853515625,546.9600219726562,523.6824340820312,457500,0.0,0.0
2023-03-24 00:00:00-04:00,541.75,545.0,536.27001953125,543.0999755859375,519.9867553710938,323300,0.0,0.0
2023-03-27 00:00:00-04:00,548.4000244140625,548.4000244140625,538.9000244140625,540.3499755859375,517.3536376953125,413200,0.0,0.0
2023-03-28 00:00:00-04:00,540.27001953125,543.1500244140625,534.719970703125,542.9000244140625,519.7951049804688,222200,0.0,0.0
2023-03-29 00:00:00-04:00,549.5499877929688,552.0499877929688,543.4600219726562,550.9299926757812,527.4833984375,276400,0.0,0.0
2023-03-30 00:00:00-04:00,556.5399780273438,556.5399780273438,545.4199829101562,548.719970703125,525.3673706054688,328100,0.0,0.0
2023-03-31 00:00:00-04:00,553.5,559.7899780273438,550.1300048828125,559.6900024414062,535.87060546875,347100,0.0,0.0
2023-04-03 00:00:00-04:00,553.5499877929688,558.5399780273438,550.010009765625,557.3699951171875,533.6494140625,330100,0.0,0.0
2023-04-04 00:00:00-04:00,560.219970703125,563.0599975585938,549.47998046875,550.3800048828125,526.9568481445312,457000,0.0,0.0
2023-04-05 00:00:00-04:00,546.4600219726562,550.989990234375,536.27001953125,538.3699951171875,515.4579467773438,318600,0.0,0.0
2023-04-06 00:00:00-04:00,534.2100219726562,537.3900146484375,532.3599853515625,533.6500244140625,510.938720703125,333500,0.0,0.0
2023-04-10 00:00:00-04:00,528.3200073242188,529.0499877929688,512.5800170898438,528.4400024414062,505.95062255859375,444000,0.0,0.0
2023-04-11 00:00:00-04:00,530.3400268554688,535.3699951171875,525.5999755859375,529.6699829101562,507.12811279296875,391600,0.0,0.0
2023-04-12 00:00:00-04:00,535.780029296875,539.02001953125,529.739990234375,530.8300170898438,508.23883056640625,375800,0.0,0.0
2023-04-13 00:00:00-04:00,534.1599731445312,543.1500244140625,530.1300048828125,542.6099853515625,519.517578125,301500,0.0,0.0
2023-04-14 00:00:00-04:00,541.1199951171875,553.0399780273438,538.3099975585938,540.030029296875,517.0472412109375,538400,0.0,0.0
2023-04-17 00:00:00-04:00,537.1900024414062,544.969970703125,534.3699951171875,537.5700073242188,514.6920776367188,477000,0.0,0.0
2023-04-18 00:00:00-04:00,542.1300048828125,548.4000244140625,537.6099853515625,544.4600219726562,521.2886962890625,406600,0.0,0.0
2023-04-19 00:00:00-04:00,542.47998046875,547.2000122070312,539.5499877929688,545.47998046875,522.265380859375,230100,0.0,0.0
2023-04-20 00:00:00-04:00,540.3699951171875,550.6500244140625,539.0,546.5800170898438,523.3185424804688,208200,0.0,0.0
2023-04-21 00:00:00-04:00,547.5399780273438,548.1300048828125,543.0700073242188,544.5999755859375,521.4227294921875,373600,0.0,0.0
2023-04-24 00:00:00-04:00,545.7100219726562,548.3900146484375,541.22998046875,544.6099853515625,521.432373046875,389000,0.0,0.0
2023-04-25 00:00:00-04:00,535.7899780273438,539.030029296875,471.0,471.1499938964844,451.09869384765625,1532500,0.0,0.0
2023-04-26 00:00:00-04:00,463.29998779296875,467.6199951171875,455.0,458.2200012207031,438.718994140625,1601000,0.0,0.0
2023-04-27 00:00:00-04:00,466.489990234375,469.1700134277344,459.1199951171875,464.2900085449219,444.53070068359375,1210600,0.0,0.0
2023-04-28 00:00:00-04:00,462.6300048828125,486.1000061035156,462.6300048828125,482.45001220703125,461.91778564453125,1107600,0.0,0.0
2023-05-01 00:00:00-04:00,482.8299865722656,489.30999755859375,480.1400146484375,483.0299987792969,462.4731140136719,648400,0.0,0.0
2023-05-02 00:00:00-04:00,479.5,480.239990234375,466.1000061035156,468.489990234375,448.5518493652344,659200,0.0,0.0
2023-05-03 00:00:00-04:00,468.3399963378906,476.5899963378906,465.17999267578125,465.7699890136719,445.9476318359375,492700,0.0,0.0
2023-05-04 00:00:00-04:00,464.19000244140625,467.9200134277344,461.1600036621094,461.54998779296875,441.9072570800781,453100,0.0,0.0
2023-05-05 00:00:00-04:00,467.6499938964844,474.32000732421875,464.8399963378906,473.6499938964844,453.4923095703125,423700,0.0,0.0
2023-05-08 00:00:00-04:00,474.82000732421875,479.0,471.55999755859375,472.8800048828125,452.75506591796875,461100,0.0,0.0
2023-05-09 00:00:00-04:00,468.7900085449219,476.2799987792969,468.7900085449219,472.8699951171875,452.7454833984375,353800,0.0,0.0
2023-05-10 00:00:00-04:00,479.0,482.94000244140625,470.8299865722656,476.07000732421875,455.8092956542969,559600,0.0,0.0
2023-05-11 00:00:00-04:00,473.3500061035156,475.69000244140625,467.1600036621094,470.3999938964844,451.6899719238281,338700,1.38,0.0
2023-05-12 00:00:00-04:00,472.239990234375,474.95001220703125,463.6300048828125,469.6300048828125,450.9505615234375,443400,0.0,0.0
2023-05-15 00:00:00-04:00,468.6300048828125,469.8399963378906,462.2799987792969,463.55999755859375,445.12200927734375,442500,0.0,0.0
2023-05-16 00:00:00-04:00,460.54998779296875,462.0299987792969,455.1499938964844,456.9800109863281,438.8037109375,470300,0.0,0.0
2023-05-17 00:00:00-04:00,461.6499938964844,463.30999755859375,457.7900085449219,461.2699890136719,442.923095703125,389500,0.0,0.0
2023-05-18 00:00:00-04:00,461.70001220703125,474.3599853515625,457.6600036621094,472.25,453.4664306640625,466400,0.0,0.0
2023-05-19 00:00:00-04:00,473.6700134277344,475.2900085449219,467.8699951171875,469.8399963378906,451.1522216796875,345500,0.0,0.0
2023-05-22 00:00:00-04:00,469.29998779296875,475.4800109863281,469.2799987792969,472.4200134277344,453.62957763671875,274000,0.0,0.0
2023-05-23 00:00:00-04:00,467.7200012207031,471.80999755859375,457.1300048828125,460.1000061035156,441.7996826171875,613900,0.0,0.0
2023-05-24 00:00:00-04:00,455.8699951171875,460.8999938964844,451.54998779296875,457.19000244140625,439.0053405761719,536400,0.0,0.0
2023-05-25 00:00:00-04:00,460.7799987792969,469.3800048828125,460.0,466.510009765625,447.9546813964844,491900,0.0,0.0
2023-05-26 00:00:00-04:00,470.44000244140625,478.57000732421875,468.510009765625,475.8299865722656,456.9039306640625,393200,0.0,0.0
2023-05-30 00:00:00-04:00,480.7200012207031,486.5,469.6000061035156,471.4100036621094,452.6598205566406,418200,0.0,0.0
2023-05-31 00:00:00-04:00,468.9700012207031,471.69000244140625,465.6000061035156,470.5299987792969,451.8148193359375,723400,0.0,0.0
2023-06-01 00:00:00-04:00,471.1700134277344,472.0,458.17999267578125,466.9700012207031,448.3963317871094,414700,0.0,0.0
2023-06-02 00:00:00-04:00,472.5299987792969,479.6400146484375,471.29998779296875,478.760009765625,459.7174987792969,423600,0.0,0.0
2023-06-05 00:00:00-04:00,477.8399963378906,483.55999755859375,477.54998779296875,480.80999755859375,461.6859130859375,358600,0.0,0.0
2023-06-06 00:00:00-04:00,478.1700134277344,481.1600036621094,473.3599853515625,477.239990234375,458.2579040527344,401700,0.0,0.0
2023-06-07 00:00:00-04:00,479.44000244140625,483.8299865722656,471.3699951171875,472.489990234375,453.69683837890625,465300,0.0,0.0
2023-06-08 00:00:00-04:00,474.3399963378906,481.7200012207031,471.9200134277344,480.8699951171875,461.7434997558594,319500,0.0,0.0
2023-06-09 00:00:00-04:00,482.260009765625,482.260009765625,473.20001220703125,473.8500061035156,455.002685546875,393600,0.0,0.0
2023-06-12 00:00:00-04:00,477.4599914550781,477.4599914550781,470.7300109863281,474.17999267578125,455.31964111328125,1044700,0.0,0.0
2023-06-13 00:00:00-04:00,477.19000244140625,482.4700012207031,471.6600036621094,479.989990234375,460.8984375,1373800,0.0,0.0
2023-06-14 00:00:00-04:00,480.489990234375,488.8999938964844,473.260009765625,486.20001220703125,466.8615417480469,733900,0.0,0.0
2023-06-15 00:00:00-04:00,481.54998779296875,489.70001220703125,478.79998779296875,487.54998779296875,468.1578063964844,457600,0.0,0.0
2023-06-16 00:00:00-04:00,491.6499938964844,492.45001220703125,477.3999938964844,477.7300109863281,458.7284240722656,628400,0.0,0.0
2023-06-20 00:00:00-04:00,476.1099853515625,478.19000244140625,468.45001220703125,473.7799987792969,454.9355163574219,559100,0.0,0.0
2023-06-21 00:00:00-04:00,467.760009765625,478.2699890136719,465.20001220703125,474.6499938964844,455.7709045410156,439000,0.0,0.0
2023-06-22 00:00:00-04:00,471.80999755859375,471.80999755859375,463.7200012207031,467.20001220703125,448.6171875,349000,0.0,0.0
2023-06-23 00:00:00-04:00,462.6499938964844,471.9800109863281,460.010009765625,465.1499938964844,446.6487731933594,737200,0.0,0.0
2023-06-26 00:00:00-04:00,463.8299865722656,466.42999267578125,461.5400085449219,463.25,444.82440185546875,405200,0.0,0.0
2023-06-27 00:00:00-04:00,466.2099914550781,469.7200012207031,464.20001220703125,465.0799865722656,446.5815124511719,456300,0.0,0.0
2023-06-28 00:00:00-04:00,466.30999755859375,466.30999755859375,456.94000244140625,463.32000732421875,444.8916320800781,657700,0.0,0.0
2023-06-29 00:00:00-04:00,464.57000732421875,470.70001220703125,460.4200134277344,462.07000732421875,443.6912841796875,718900,0.0,0.0
2023-06-30 00:00:00-04:00,466.3399963378906,473.7699890136719,462.42999267578125,469.2900085449219,450.6241149902344,722100,0.0,0.0
2023-07-03 00:00:00-04:00,468.489990234375,472.92999267578125,464.5,472.82000732421875,454.01373291015625,255100,0.0,0.0
2023-07-05 00:00:00-04:00,467.82000732421875,474.5299987792969,465.989990234375,473.32000732421875,454.4938049316406,500200,0.0,0.0
2023-07-06 00:00:00-04:00,466.010009765625,470.20001220703125,463.760009765625,469.4599914550781,450.78729248046875,624900,0.0,0.0
2023-07-07 00:00:00-04:00,467.2200012207031,475.1700134277344,466.9100036621094,471.75,452.9862365722656,426500,0.0,0.0
2023-07-10 00:00:00-04:00,471.3900146484375,481.0,468.5400085449219,480.6300048828125,461.5130310058594,794300,0.0,0.0
2023-07-11 00:00:00-04:00,480.17999267578125,489.0,478.2900085449219,486.6499938964844,467.29364013671875,486100,0.0,0.0
2023-07-12 00:00:00-04:00,494.75,499.3399963378906,493.239990234375,497.75,477.9521179199219,501700,0.0,0.0
2023-07-13 00:00:00-04:00,499.8999938964844,503.8900146484375,497.4100036621094,497.7799987792969,477.9809265136719,463400,0.0,0.0
2023-07-14 00:00:00-04:00,499.5,500.92999267578125,495.2099914550781,497.17999267578125,477.4048156738281,437800,0.0,0.0
2023-07-17 00:00:00-04:00,492.7099914550781,499.44000244140625,490.7099914550781,499.25,479.3924560546875,532400,0.0,0.0
2023-07-18 00:00:00-04:00,500.0,503.25,493.760009765625,502.8299865722656,482.8300476074219,443100,0.0,0.0
2023-07-19 00:00:00-04:00,501.2900085449219,510.4200134277344,501.2900085449219,507.94000244140625,487.73687744140625,636900,0.0,0.0
2023-07-20 00:00:00-04:00,504.8900146484375,512.4299926757812,504.0299987792969,509.6600036621094,489.3883972167969,490500,0.0,0.0
2023-07-21 00:00:00-04:00,511.489990234375,514.6699829101562,505.0199890136719,511.4200134277344,491.078369140625,550500,0.0,0.0
2023-07-24 00:00:00-04:00,511.2200012207031,514.0,500.7300109863281,502.75,482.75323486328125,709100,0.0,0.0
2023-07-25 00:00:00-04:00,508.6700134277344,548.9199829101562,507.55999755859375,548.2000122070312,526.3955688476562,1144800,0.0,0.0
2023-07-26 00:00:00-04:00,550.0,564.3499755859375,547.1900024414062,557.25,535.0855102539062,776100,0.0,0.0
2023-07-27 00:00:00-04:00,555.219970703125,561.4400024414062,551.9199829101562,553.5999755859375,531.5807495117188,687800,0.0,0.0
2023-07-28 00:00:00-04:00,560.469970703125,563.5,549.5800170898438,550.280029296875,528.3927001953125,411400,0.0,0.0
2023-07-31 00:00:00-04:00,548.9000244140625,552.4500122070312,543.3699951171875,548.0800170898438,526.2803344726562,404900,0.0,0.0
2023-08-01 00:00:00-04:00,546.3200073242188,549.010009765625,542.1400146484375,545.9400024414062,524.225341796875,450800,0.0,0.0
2023-08-02 00:00:00-04:00,540.6199951171875,545.510009765625,532.8499755859375,545.25,523.5629272460938,613600,0.0,0.0
2023-08-03 00:00:00-04:00,542.6799926757812,548.1199951171875,539.52001953125,543.780029296875,522.1513671875,441100,0.0,0.0
2023-08-04 00:00:00-04:00,545.3800048828125,551.6199951171875,541.3499755859375,542.260009765625,520.6918334960938,385600,0.0,0.0
2023-08-07 00:00:00-04:00,545.6500244140625,552.6599731445312,544.219970703125,551.5,529.564208984375,344500,0.0,0.0
2023-08-08 00:00:00-04:00,547.75,549.0499877929688,537.2899780273438,548.0700073242188,526.2705688476562,369400,0.0,0.0
2023-08-09 00:00:00-04:00,547.5,553.489990234375,545.9600219726562,546.2000122070312,524.4750366210938,276900,0.0,0.0
2023-08-10 00:00:00-04:00,548.5900268554688,553.280029296875,542.8200073242188,546.8599853515625,526.4387817382812,294600,1.38,0.0
2023-08-11 00:00:00-04:00,543.8400268554688,549.47998046875,541.4299926757812,548.989990234375,528.4892578125,242600,0.0,0.0
2023-08-14 00:00:00-04:00,550.1199951171875,550.9000244140625,546.1599731445312,547.280029296875,526.84326171875,217800,0.0,0.0
2023-08-15 00:00:00-04:00,542.8499755859375,542.8499755859375,533.010009765625,533.8200073242188,513.8856811523438,294600,0.0,0.0
2023-08-16 00:00:00-04:00,532.7899780273438,534.6400146484375,529.5999755859375,529.6300048828125,509.852294921875,201300,0.0,0.0
2023-08-17 00:00:00-04:00,529.739990234375,529.739990234375,520.5999755859375,520.75,501.3038635253906,435500,0.0,0.0
2023-08-18 00:00:00-04:00,515.47998046875,524.25,512.22998046875,520.1699829101562,500.7454833984375,297300,0.0,0.0
2023-08-21 00:00:00-04:00,518.4500122070312,526.739990234375,516.47998046875,524.739990234375,505.14483642578125,353900,0.0,0.0
2023-08-22 00:00:00-04:00,527.4099731445312,531.8499755859375,524.739990234375,527.9099731445312,508.1963806152344,275800,0.0,0.0
2023-08-23 00:00:00-04:00,530.489990234375,536.02001953125,527.8499755859375,535.8499755859375,515.8400268554688,264700,0.0,0.0
2023-08-24 00:00:00-04:00,536.5800170898438,538.5599975585938,530.6599731445312,532.4600219726562,512.5765991210938,243500,0.0,0.0
2023-08-25 00:00:00-04:00,535.1699829101562,537.6900024414062,528.1500244140625,531.1500244140625,511.3155517578125,189000,0.0,0.0
2023-08-28 00:00:00-04:00,532.75,534.719970703125,529.3900146484375,532.1500244140625,512.2781982421875,190700,0.0,0.0
2023-08-29 00:00:00-04:00,531.9199829101562,538.7899780273438,529.469970703125,538.6099853515625,518.4968872070312,264800,0.0,0.0
2023-08-30 00:00:00-04:00,537.8099975585938,547.1300048828125,537.8099975585938,544.1300048828125,523.8107299804688,224900,0.0,0.0
2023-08-31 00:00:00-04:00,545.1799926757812,545.5999755859375,540.9000244140625,543.6199951171875,523.3197631835938,350100,0.0,0.0
2023-09-01 00:00:00-04:00,547.8800048828125,547.8800048828125,538.6900024414062,541.3900146484375,521.173095703125,214000,0.0,0.0
2023-09-05 00:00:00-04:00,538.1900024414062,543.1900024414062,532.3200073242188,541.1599731445312,520.95166015625,443700,0.0,0.0
2023-09-06 00:00:00-04:00,541.6599731445312,548.5,540.4299926757812,541.8400268554688,521.6062622070312,396400,0.0,0.0
2023-09-07 00:00:00-04:00,538.1900024414062,547.4099731445312,529.0399780273438,546.489990234375,526.0827026367188,318200,0.0,0.0
2023-09-08 00:00:00-04:00,548.4600219726562,548.5599975585938,531.8599853515625,533.7899780273438,513.8568725585938,263900,0.0,0.0
2023-09-11 00:00:00-04:00,536.02001953125,538.0900268554688,531.5,536.1599731445312,516.138427734375,208900,0.0,0.0
2023-09-12 00:00:00-04:00,529.1699829101562,532.6099853515625,522.4500122070312,525.969970703125,506.32891845703125,409400,0.0,0.0
2023-09-13 00:00:00-04:00,527.22998046875,536.75,523.6799926757812,535.25,515.2623291015625,339200,0.0,0.0
2023-09-14 00:00:00-04:00,535.8900146484375,539.3599853515625,528.1799926757812,538.6900024414062,518.5737915039062,376000,0.0,0.0
2023-09-15 00:00:00-04:00,530.5399780273438,540.1400146484375,529.3499755859375,530.0800170898438,510.285400390625,810800,0.0,0.0
2023-09-18 00:00:00-04:00,528.25,537.219970703125,525.260009765625,533.0900268554688,513.18310546875,284900,0.0,0.0
2023-09-19 00:00:00-04:00,533.239990234375,538.6300048828125,529.6500244140625,538.0499877929688,517.9578247070312,254700,0.0,0.0
2023-09-20 00:00:00-04:00,540.5499877929688,543.7999877929688,534.02001953125,535.0399780273438,515.0601806640625,299800,0.0,0.0
2023-09-21 00:00:00-04:00,527.3400268554688,530.5499877929688,514.280029296875,515.4199829101562,496.1728820800781,481300,0.0,0.0
2023-09-22 00:00:00-04:00,515.5599975585938,517.989990234375,510.7200012207031,513.1599731445312,493.99725341796875,290600,0.0,0.0
2023-09-25 00:00:00-04:00,509.8699951171875,517.3599853515625,507.04998779296875,516.9000244140625,497.59765625,299100,0.0,0.0
2023-09-26 00:00:00-04:00,511.6000061035156,526.0599975585938,511.6000061035156,516.260009765625,496.9815368652344,530600,0.0,0.0
2023-09-27 00:00:00-04:00,519.4600219726562,522.22998046875,503.29998779296875,511.94000244140625,492.82281494140625,339500,0.0,0.0
2023-09-28 00:00:00-04:00,513.989990234375,523.0399780273438,513.010009765625,521.5,502.02587890625,339900,0.0,0.0
2023-09-29 00:00:00-04:00,526.8599853515625,529.6900024414062,512.27001953125,513.0800170898438,493.9202880859375,287800,0.0,0.0
2023-10-02 00:00:00-04:00,511.510009765625,513.6099853515625,499.6700134277344,506.989990234375,488.05767822265625,306400,0.0,0.0
2023-10-03 00:00:00-04:00,504.54998779296875,509.57000732421875,491.67999267578125,495.4599914550781,476.95819091796875,341600,0.0,0.0
2023-10-04 00:00:00-04:00,497.57000732421875,502.5,495.5400085449219,501.5899963378906,482.85931396484375,353000,0.0,0.0
2023-10-05 00:00:00-04:00,501.04998779296875,502.9100036621094,495.2799987792969,498.1300048828125,479.5285339355469,367400,0.0,0.0
2023-10-06 00:00:00-04:00,493.3800048828125,515.8300170898438,490.4700012207031,513.3400268554688,494.17059326171875,416600,0.0,0.0
2023-10-09 00:00:00-04:00,511.79998779296875,518.2899780273438,509.2699890136719,515.3699951171875,496.1247253417969,243000,0.0,0.0
2023-10-10 00:00:00-04:00,515.030029296875,523.780029296875,510.80999755859375,520.780029296875,501.3327941894531,244300,0.0,0.0
2023-10-11 00:00:00-04:00,525.5800170898438,527.6500244140625,518.780029296875,523.1699829101562,503.6333923339844,253800,0.0,0.0
2023-10-12 00:00:00-04:00,525.6599731445312,529.3400268554688,517.25,520.0900268554688,500.6684875488281,311200,0.0,0.0
2023-10-13 00:00:00-04:00,521.5999755859375,521.5999755859375,506.4700012207031,510.55999755859375,491.49432373046875,331600,0.0,0.0
2023-10-16 00:00:00-04:00,515.780029296875,520.989990234375,513.4099731445312,515.4600219726562,496.21142578125,191600,0.0,0.0
2023-10-17 00:00:00-04:00,510.82000732421875,520.3800048828125,510.82000732421875,515.7999877929688,496.5386657714844,207100,0.0,0.0
2023-10-18 00:00:00-04:00,510.989990234375,512.97998046875,504.70001220703125,505.989990234375,487.0950012207031,418800,0.0,0.0
2023-10-19 00:00:00-04:00,507.2300109863281,508.6400146484375,496.1199951171875,497.2699890136719,478.70062255859375,282600,0.0,0.0
2023-10-20 00:00:00-04:00,495.9599914550781,498.54998779296875,485.92999267578125,489.739990234375,471.4518127441406,340900,0.0,0.0
2023-10-23 00:00:00-04:00,487.17999267578125,495.0,482.489990234375,487.5899963378906,469.382080078125,323200,0.0,0.0
2023-10-24 00:00:00-04:00,489.3500061035156,495.3699951171875,483.3999938964844,488.04998779296875,469.824951171875,286600,0.0,0.0
2023-10-25 00:00:00-04:00,481.4800109863281,490.0299987792969,476.70001220703125,479.6300048828125,461.7193298339844,292800,0.0,0.0
2023-10-26 00:00:00-04:00,478.3500061035156,487.510009765625,477.80999755859375,481.54998779296875,463.5676574707031,370900,0.0,0.0
2023-10-27 00:00:00-04:00,481.95001220703125,485.55999755859375,474.57000732421875,476.19000244140625,458.4078063964844,398200,0.0,0.0
2023-10-30 00:00:00-04:00,479.7799987792969,483.7900085449219,474.4100036621094,481.989990234375,463.9912414550781,424000,0.0,0.0
2023-10-31 00:00:00-04:00,473.0,476.5299987792969,466.2300109863281,471.54998779296875,453.94110107421875,541600,0.0,0.0
2023-11-01 00:00:00-04:00,468.3500061035156,480.6199951171875,458.989990234375,471.8500061035156,454.2298889160156,687400,0.0,0.0
2023-11-02 00:00:00-04:00,480.19000244140625,487.0299987792969,475.8999938964844,487.0199890136719,468.8334045410156,493700,0.0,0.0
2023-11-03 00:00:00-04:00,484.9200134277344,498.79998779296875,484.9200134277344,497.760009765625,479.1723937988281,355800,0.0,0.0
2023-11-06 00:00:00-05:00,498.42999267578125,500.1400146484375,493.1199951171875,496.55999755859375,478.01715087890625,330600,0.0,0.0
2023-11-07 00:00:00-05:00,499.80999755859375,503.6600036621094,495.94000244140625,497.29998779296875,478.72955322265625,457900,0.0,0.0
2023-11-08 00:00:00-05:00,496.94000244140625,507.3299865722656,496.94000244140625,504.9800109863281,487.4754943847656,251200,1.38,0.0
2023-11-09 00:00:00-05:00,507.20001220703125,512.8099975585938,504.2799987792969,506.2200012207031,488.6725158691406,257600,0.0,0.0
2023-11-10 00:00:00-05:00,509.1400146484375,514.4099731445312,500.3900146484375,514.260009765625,496.4338073730469,347000,0.0,0.0
2023-11-13 00:00:00-05:00,510.0,512.780029296875,501.29998779296875,503.7900085449219,486.3267517089844,399200,0.0,0.0
2023-11-14 00:00:00-05:00,512.4500122070312,522.9099731445312,512.4199829101562,518.0499877929688,500.0924377441406,397100,0.0,0.0
2023-11-15 00:00:00-05:00,520.0999755859375,524.4600219726562,518.6900024414062,521.75,503.66412353515625,284700,0.0,0.0
2023-11-16 00:00:00-05:00,523.27001953125,529.7100219726562,521.010009765625,524.27001953125,506.0968017578125,251000,0.0,0.0
2023-11-17 00:00:00-05:00,528.9600219726562,528.9600219726562,518.6300048828125,521.4199829101562,503.3455505371094,354000,0.0,0.0
2023-11-20 00:00:00-05:00,521.8599853515625,524.0399780273438,518.9500122070312,522.2100219726562,504.10821533203125,220400,0.0,0.0
2023-11-21 00:00:00-05:00,522.0,524.989990234375,518.6500244140625,524.8900146484375,506.69537353515625,161500,0.0,0.0
2023-11-22 00:00:00-05:00,529.1799926757812,533.3499755859375,523.7899780273438,523.969970703125,505.8072204589844,180300,0.0,0.0
2023-11-24 00:00:00-05:00,522.8699951171875,528.4299926757812,522.1099853515625,528.3499755859375,510.03546142578125,103800,0.0,0.0
2023-11-27 00:00:00-05:00,524.469970703125,528.030029296875,522.739990234375,525.3499755859375,507.1393127441406,193900,0.0,0.0
2023-11-28 00:00:00-05:00,522.3900146484375,528.1500244140625,522.219970703125,523.8400268554688,505.6817626953125,189400,0.0,0.0
2023-11-29 00:00:00-05:00,528.1500244140625,532.0800170898438,525.3599853515625,526.5700073242188,508.317138671875,211300,0.0,0.0
2023-11-30 00:00:00-05:00,526.4199829101562,528.2899780273438,516.5800170898438,520.8499755859375,502.79534912109375,364400,0.0,0.0
2023-12-01 00:00:00-05:00,519.1300048828125,528.2899780273438,516.489990234375,527.7000122070312,509.4079895019531,402400,0.0,0.0
2023-12-04 00:00:00-05:00,524.75,532.5,522.02001953125,525.489990234375,507.27447509765625,259100,0.0,0.0
2023-12-05 00:00:00-05:00,523.1099853515625,524.5700073242188,517.0999755859375,523.4299926757812,505.2859191894531,195700,0.0,0.0
2023-12-06 00:00:00-05:00,526.9199829101562,527.97998046875,515.0,515.1099853515625,497.25433349609375,359400,0.0,0.0
2023-12-07 00:00:00-05:00,516.989990234375,518.4600219726562,507.3800048828125,508.44000244140625,490.8155822753906,343400,0.0,0.0
2023-12-08 00:00:00-05:00,507.0400085449219,509.07000732421875,500.010009765625,506.67999267578125,489.1165466308594,348300,0.0,0.0
2023-12-11 00:00:00-05:00,507.7099914550781,518.4299926757812,507.7099914550781,516.6099853515625,498.7023010253906,324400,0.0,0.0
2023-12-12 00:00:00-05:00,518.9600219726562,526.25,513.0399780273438,526.02001953125,507.78619384765625,319400,0.0,0.0
2023-12-13 00:00:00-05:00,534.7100219726562,546.969970703125,529.0999755859375,546.3699951171875,527.4307250976562,696200,0.0,0.0
2023-12-14 00:00:00-05:00,551.25,559.8599853515625,538.5499877929688,542.1099853515625,523.3184204101562,510500,0.0,0.0
2023-12-15 00:00:00-05:00,541.510009765625,541.510009765625,528.489990234375,531.5800170898438,513.1533813476562,643800,0.0,0.0
2023-12-18 00:00:00-05:00,531.8200073242188,536.4199829101562,525.260009765625,532.8599853515625,514.3890991210938,564200,0.0,0.0
2023-12-19 00:00:00-05:00,535.0,544.239990234375,534.7999877929688,542.530029296875,523.723876953125,351000,0.0,0.0
2023-12-20 00:00:00-05:00,541.719970703125,555.780029296875,540.1400146484375,540.1799926757812,521.4554443359375,337500,0.0,0.0
2023-12-21 00:00:00-05:00,544.4299926757812,553.4299926757812,541.3200073242188,553.02001953125,533.8501586914062,317200,0.0,0.0
2023-12-22 00:00:00-05:00,554.75,562.7000122070312,554.75,562.280029296875,542.7892456054688,384900,0.0,0.0
2023-12-26 00:00:00-05:00,562.280029296875,563.3499755859375,558.4400024414062,561.27001953125,541.8143310546875,145500,0.0,0.0
2023-12-27 00:00:00-05:00,561.5700073242188,566.9299926757812,561.5700073242188,565.6199951171875,546.0134887695312,195000,0.0,0.0
2023-12-28 00:00:00-05:00,566.9299926757812,573.1799926757812,566.9099731445312,570.5999755859375,550.8208618164062,245300,0.0,0.0
2023-12-29 00:00:00-05:00,569.4400024414062,573.3200073242188,563.8599853515625,565.6500244140625,546.04248046875,271500,0.0,0.0
2024-01-02 00:00:00-05:00,560.0399780273438,561.52001953125,551.0900268554688,555.7999877929688,536.533935546875,364600,0.0,0.0
2024-01-03 00:00:00-05:00,552.9099731445312,552.9099731445312,544.8400268554688,549.8699951171875,530.809326171875,418600,0.0,0.0
2024-01-04 00:00:00-05:00,547.3400268554688,562.3200073242188,547.3400268554688,559.719970703125,540.3179321289062,368600,0.0,0.0
2024-01-05 00:00:00-05:00,556.2000122070312,560.2100219726562,536.3599853515625,538.0499877929688,519.399169921875,447100,0.0,0.0
2024-01-08 00:00:00-05:00,541.9199829101562,543.260009765625,536.0700073242188,543.1500244140625,524.3224487304688,347400,0.0,0.0
2024-01-09 00:00:00-05:00,537.8300170898438,546.7000122070312,537.8200073242188,539.75,521.040283203125,358200,0.0,0.0
2024-01-10 00:00:00-05:00,541.6300048828125,546.8300170898438,538.0,546.6599731445312,527.7107543945312,243400,0.0,0.0
2024-01-11 00:00:00-05:00,549.780029296875,554.780029296875,546.0999755859375,550.280029296875,531.2052001953125,867600,0.0,0.0
2024-01-12 00:00:00-05:00,555.2999877929688,556.0,542.3099975585938,545.4600219726562,526.5523071289062,308600,0.0,0.0
2024-01-16 00:00:00-05:00,541.0700073242188,543.52001953125,536.0800170898438,542.469970703125,523.6658935546875,604400,0.0,0.0
2024-01-17 00:00:00-05:00,532.0,539.2999877929688,525.4600219726562,538.1599731445312,519.50537109375,538900,0.0,0.0
2024-01-18 00:00:00-05:00,551.3499755859375,554.27001953125,539.3599853515625,546.4600219726562,527.5177001953125,615100,0.0,0.0
2024-01-19 00:00:00-05:00,551.4000244140625,556.280029296875,545.0399780273438,553.9299926757812,534.7286987304688,380000,0.0,0.0
2024-01-22 00:00:00-05:00,556.8300170898438,569.5999755859375,556.1699829101562,566.219970703125,546.5927124023438,456000,0.0,0.0
2024-01-23 00:00:00-05:00,566.6300048828125,571.1900024414062,562.8800048828125,563.7999877929688,544.256591796875,362000,0.0,0.0
2024-01-24 00:00:00-05:00,567.7899780273438,567.7899780273438,558.0900268554688,558.4600219726562,539.101806640625,291500,0.0,0.0
2024-01-25 00:00:00-05:00,558.6799926757812,559.5900268554688,549.3499755859375,554.77001953125,535.53955078125,508900,0.0,0.0
2024-01-26 00:00:00-05:00,557.0900268554688,559.3300170898438,544.3599853515625,549.2899780273438,530.24951171875,561600,0.0,0.0
2024-01-29 00:00:00-05:00,542.3800048828125,551.47998046875,542.3800048828125,550.9500122070312,531.85205078125,683700,0.0,0.0
2024-01-30 00:00:00-05:00,580.1400146484375,617.3900146484375,580.1400146484375,602.239990234375,581.3640747070312,1307300,0.0,0.0
2024-01-31 00:00:00-05:00,600.0,612.530029296875,596.6300048828125,598.6199951171875,577.8695068359375,817800,0.0,0.0
2024-02-01 00:00:00-05:00,598.9400024414062,604.2999877929688,584.4099731445312,604.2999877929688,583.3526611328125,785900,0.0,0.0
2024-02-02 00:00:00-05:00,603.3599853515625,604.5800170898438,590.6699829101562,593.0599975585938,572.5022583007812,576900,0.0,0.0
2024-02-05 00:00:00-05:00,590.8499755859375,592.3900146484375,582.4299926757812,583.3900146484375,563.1675415039062,715400,0.0,0.0
2024-02-06 00:00:00-05:00,586.9299926757812,586.9299926757812,579.3400268554688,582.0,561.82568359375,469100,0.0,0.0
2024-02-07 00:00:00-05:00,585.0800170898438,591.489990234375,578.3499755859375,590.6300048828125,570.156494140625,475400,0.0,0.0
2024-02-08 00:00:00-05:00,586.4299926757812,588.47998046875,581.25,585.5,565.2044067382812,515300,0.0,0.0
2024-02-09 00:00:00-05:00,585.3900146484375,594.239990234375,584.5,592.4199829101562,571.8844604492188,336200,0.0,0.0
2024-02-12 00:00:00-05:00,592.9299926757812,596.7999877929688,589.4199829101562,590.1900024414062,569.7317504882812,485100,0.0,0.0
2024-02-13 00:00:00-05:00,580.0,582.280029296875,570.7999877929688,575.6099853515625,555.6571655273438,403400,0.0,0.0
2024-02-14 00:00:00-05:00,580.6599731445312,580.6599731445312,568.5999755859375,572.7999877929688,552.9445190429688,443400,0.0,0.0
2024-02-15 00:00:00-05:00,573.6400146484375,578.010009765625,571.3200073242188,575.719970703125,557.320068359375,386300,1.6,0.0
2024-02-16 00:00:00-05:00,573.25,578.3800048828125,568.0700073242188,568.75,550.5729370117188,327700,0.0,0.0
2024-02-20 00:00:00-05:00,559.3800048828125,560.260009765625,551.1799926757812,556.5599975585938,538.7724609375,903800,0.0,0.0
2024-02-21 00:00:00-05:00,554.5,559.739990234375,549.5700073242188,555.6500244140625,537.8916015625,501100,0.0,0.0
2024-02-22 00:00:00-05:00,563.7899780273438,569.510009765625,560.1199951171875,565.469970703125,547.397705078125,482200,0.0,0.0
2024-02-23 00:00:00-05:00,568.489990234375,571.1799926757812,566.0700073242188,568.969970703125,550.7858276367188,410400,0.0,0.0
2024-02-26 00:00:00-05:00,569.25,574.1400146484375,567.6199951171875,567.9299926757812,549.7791748046875,398400,0.0,0.0
2024-02-27 00:00:00-05:00,567.780029296875,567.780029296875,557.6199951171875,557.8400268554688,540.0116577148438,413500,0.0,0.0
2024-02-28 00:00:00-05:00,554.8599853515625,568.2000122070312,554.3099975585938,567.9099731445312,549.759765625,429700,0.0,0.0
2024-02-29 00:00:00-05:00,569.7899780273438,570.3400268554688,560.8400268554688,560.969970703125,543.0414428710938,432200,0.0,0.0
2024-03-01 00:00:00-05:00,558.52001953125,567.4400024414062,554.77001953125,565.47998046875,547.4074096679688,260600,0.0,0.0
2024-03-04 00:00:00-05:00,565.280029296875,565.8400268554688,557.7999877929688,558.3699951171875,540.5245971679688,365200,0.0,0.0
2024-03-05 00:00:00-05:00,556.0,557.1500244140625,548.52001953125,550.3499755859375,532.760986328125,257500,0.0,0.0
2024-03-06 00:00:00-05:00,551.0,554.219970703125,547.2000122070312,549.530029296875,531.9672241210938,487800,0.0,0.0
2024-03-07 00:00:00-05:00,559.2000122070312,559.2000122070312,550.0,550.1699829101562,532.586669921875,382500,0.0,0.0
2024-03-08 00:00:00-05:00,550.0,555.1799926757812,549.1500244140625,551.5,533.8742065429688,279900,0.0,0.0
2024-03-11 00:00:00-04:00,550.52001953125,564.7899780273438,548.3900146484375,564.2999877929688,546.2650756835938,413200,0.0,0.0
2024-03-12 00:00:00-04:00,567.5999755859375,578.6500244140625,561.3900146484375,565.7999877929688,547.717041015625,366400,0.0,0.0
2024-03-13 00:00:00-04:00,566.97998046875,566.97998046875,556.72998046875,557.52001953125,539.7018432617188,341000,0.0,0.0
2024-03-14 00:00:00-04:00,559.0,559.22998046875,546.8499755859375,553.0700073242188,535.3941040039062,295700,0.0,0.0
2024-03-15 00:00:00-04:00,549.5599975585938,552.1199951171875,544.0800170898438,544.739990234375,527.3302612304688,520700,0.0,0.0
2024-03-18 00:00:00-04:00,547.25,555.1900024414062,545.5399780273438,550.3900146484375,532.7997436523438,358400,0.0,0.0
2024-03-19 00:00:00-04:00,551.0,564.7999877929688,548.8200073242188,564.3300170898438,546.2941284179688,341400,0.0,0.0
2024-03-20 00:00:00-04:00,565.0499877929688,565.4299926757812,555.8200073242188,559.1400146484375,541.2700805664062,529300,0.0,0.0
2024-03-21 00:00:00-04:00,560.4199829101562,568.4600219726562,560.02001953125,563.780029296875,545.7617797851562,493400,0.0,0.0
2024-03-22 00:00:00-04:00,563.0,563.0,550.7899780273438,553.1099853515625,535.4327392578125,364300,0.0,0.0
2024-03-25 00:00:00-04:00,550.75,552.2100219726562,547.530029296875,551.3400268554688,533.7194213867188,297400,0.0,0.0
2024-03-26 00:00:00-04:00,551.9299926757812,556.0,551.0599975585938,551.6799926757812,534.0484619140625,377700,0.0,0.0
2024-03-27 00:00:00-04:00,556.6199951171875,558.22998046875,550.4199829101562,557.0,539.1984252929688,313000,0.0,0.0
2024-03-28 00:00:00-04:00,558.4600219726562,563.22998046875,557.52001953125,560.4500122070312,542.5382690429688,338900,0.0,0.0
2024-04-01 00:00:00-04:00,562.3599853515625,563.6199951171875,552.25,554.8300170898438,537.0977783203125,280800,0.0,0.0
2024-04-02 00:00:00-04:00,551.6900024414062,554.72998046875,537.8300170898438,542.2899780273438,524.95849609375,356400,0.0,0.0
2024-04-03 00:00:00-04:00,541.9400024414062,544.5599975585938,539.510009765625,540.0,522.7417602539062,313800,0.0,0.0
2024-04-04 00:00:00-04:00,543.3699951171875,547.9500122070312,531.9199829101562,533.5800170898438,516.52685546875,465300,0.0,0.0
2024-04-05 00:00:00-04:00,536.239990234375,543.5599975585938,535.3499755859375,542.3900146484375,525.0553588867188,421800,0.0,0.0
2024-04-08 00:00:00-04:00,544.4000244140625,549.989990234375,541.4000244140625,549.0599975585938,531.51220703125,302100,0.0,0.0
2024-04-09 00:00:00-04:00,554.7000122070312,555.0,549.8200073242188,554.719970703125,536.9912109375,273600,0.0,0.0
2024-04-10 00:00:00-04:00,541.5499877929688,549.0999755859375,532.5999755859375,533.0499877929688,516.0137939453125,317400,0.0,0.0
2024-04-11 00:00:00-04:00,532.6599731445312,539.2899780273438,526.5800170898438,534.489990234375,517.40771484375,336700,0.0,0.0
2024-04-12 00:00:00-04:00,528.510009765625,532.9000244140625,520.780029296875,526.6199951171875,509.7893981933594,434800,0.0,0.0
2024-04-15 00:00:00-04:00,533.3599853515625,534.0999755859375,510.760009765625,513.0599975585938,496.6627502441406,524900,0.0,0.0
2024-04-16 00:00:00-04:00,513.2000122070312,514.3499755859375,508.6700134277344,513.4299926757812,497.0209045410156,470900,0.0,0.0
2024-04-17 00:00:00-04:00,517.5700073242188,518.4199829101562,511.4700012207031,511.8299865722656,495.4720764160156,447700,0.0,0.0
2024-04-18 00:00:00-04:00,512.3200073242188,518.1699829101562,499.7699890136719,505.760009765625,489.5960693359375,1421600,0.0,0.0
2024-04-19 00:00:00-04:00,508.0299987792969,510.2200012207031,503.989990234375,510.07000732421875,493.7682800292969,519900,0.0,0.0
2024-04-22 00:00:00-04:00,514.280029296875,522.1300048828125,510.3900146484375,515.1699829101562,498.7052917480469,915200,0.0,0.0
2024-04-23 00:00:00-04:00,479.0,483.0799865722656,439.95001220703125,446.0,431.7459411621094,3661100,0.0,0.0
2024-04-24 00:00:00-04:00,452.5,471.0299987792969,449.0,464.6499938964844,449.7998352050781,2230400,0.0,0.0
2024-04-25 00:00:00-04:00,466.8800048828125,474.32000732421875,458.9200134277344,464.489990234375,449.6450500488281,1469600,0.0,0.0
2024-04-26 00:00:00-04:00,465.2300109863281,479.3299865722656,463.1600036621094,477.7799987792969,462.5102844238281,1040900,0.0,0.0
2024-04-29 00:00:00-04:00,480.4800109863281,483.0,472.5400085449219,476.9800109863281,461.7358703613281,982500,0.0,0.0
2024-04-30 00:00:00-04:00,475.6700134277344,482.1499938964844,464.82000732421875,465.7900085449219,450.9034423828125,932600,0.0,0.0
2024-05-01 00:00:00-04:00,465.5400085449219,480.4800109863281,463.3500061035156,470.0299987792969,455.0079650878906,920100,0.0,0.0
2024-05-02 00:00:00-04:00,471.2900085449219,471.9800109863281,458.69000244140625,467.70001220703125,452.7524719238281,767800,0.0,0.0
2024-05-03 00:00:00-04:00,473.260009765625,474.8999938964844,466.3599853515625,467.0400085449219,452.1134948730469,826500,0.0,0.0
2024-05-06 00:00:00-04:00,471.95001220703125,480.260009765625,470.010009765625,475.489990234375,460.2934265136719,1084800,0.0,0.0
2024-05-07 00:00:00-04:00,479.2300109863281,479.2300109863281,471.3399963378906,471.3999938964844,456.334228515625,852700,0.0,0.0
2024-05-08 00:00:00-04:00,470.2799987792969,474.8699951171875,468.42999267578125,470.75,455.7049865722656,811400,0.0,0.0
2024-05-09 00:00:00-04:00,472.8500061035156,484.5,472.3800048828125,482.5,467.0794372558594,760100,0.0,0.0
2024-05-10 00:00:00-04:00,483.79998779296875,487.8800048828125,482.2799987792969,485.1600036621094,469.6544494628906,544700,0.0,0.0
2024-05-13 00:00:00-04:00,488.239990234375,493.1400146484375,484.0,485.57000732421875,470.05133056640625,448400,0.0,0.0
2024-05-14 00:00:00-04:00,490.0,494.3500061035156,482.69000244140625,488.1099853515625,472.5101318359375,738900,0.0,0.0
2024-05-15 00:00:00-04:00,490.0,493.8500061035156,487.0,490.05999755859375,474.3977966308594,773500,0.0,0.0
2024-05-16 00:00:00-04:00,488.5299987792969,503.5199890136719,488.07000732421875,497.510009765625,483.1872863769531,931500,1.6,0.0
2024-05-17 00:00:00-04:00,500.8800048828125,505.6600036621094,495.20001220703125,505.3299865722656,490.7821044921875,878500,0.0,0.0
2024-05-20 00:00:00-04:00,502.5400085449219,512.6199951171875,502.5400085449219,512.260009765625,497.5126647949219,569800,0.0,0.0
2024-05-21 00:00:00-04:00,511.2900085449219,515.469970703125,502.54998779296875,505.5299987792969,490.9764404296875,798400,0.0,0.0
2024-05-22 00:00:00-04:00,507.6300048828125,507.6300048828125,499.07000732421875,503.8299865722656,489.3253173828125,655300,0.0,0.0
2024-05-23 00:00:00-04:00,505.55999755859375,507.79998779296875,489.82000732421875,490.3999938964844,476.28192138671875,1178500,0.0,0.0
2024-05-24 00:00:00-04:00,492.8500061035156,495.6000061035156,487.9700012207031,493.0,478.80706787109375,482900,0.0,0.0
2024-05-28 00:00:00-04:00,493.0,496.260009765625,488.6199951171875,495.70001220703125,481.42938232421875,715000,0.0,0.0
2024-05-29 00:00:00-04:00,491.0799865722656,493.3500061035156,487.0,489.739990234375,475.6409912109375,663500,0.0,0.0
2024-05-30 00:00:00-04:00,489.0,491.3500061035156,483.4599914550781,489.5199890136719,475.4272766113281,508900,0.0,0.0
2024-05-31 00:00:00-04:00,487.8900146484375,495.6199951171875,485.3599853515625,495.17999267578125,480.92431640625,701600,0.0,0.0
2024-06-03 00:00:00-04:00,494.2200012207031,495.8699951171875,483.9800109863281,490.5,476.3790588378906,789900,0.0,0.0
2024-06-04 00:00:00-04:00,491.1000061035156,495.32000732421875,488.9100036621094,493.19000244140625,478.9916687011719,438000,0.0,0.0
2024-06-05 00:00:00-04:00,494.2799987792969,501.5,486.8699951171875,498.30999755859375,483.9642333984375,481400,0.0,0.0
2024-06-06 00:00:00-04:00,498.0799865722656,502.8699951171875,491.760009765625,493.0899963378906,478.89453125,722100,0.0,0.0
2024-06-07 00:00:00-04:00,491.8999938964844,496.1600036621094,490.0,491.69000244140625,477.5348815917969,394200,0.0,0.0
2024-06-10 00:00:00-04:00,488.0899963378906,489.42999267578125,482.9100036621094,484.010009765625,470.0759582519531,473000,0.0,0.0
2024-06-11 00:00:00-04:00,482.7900085449219,486.69000244140625,480.55999755859375,484.4800109863281,470.532470703125,574200,0.0,0.0
2024-06-12 00:00:00-04:00,490.30999755859375,493.1700134277344,486.8599853515625,487.94000244140625,473.8927917480469,494600,0.0,0.0
2024-06-13 00:00:00-04:00,486.2200012207031,488.0799865722656,482.4200134277344,484.2799987792969,470.3381652832031,483000,0.0,0.0
2024-06-14 00:00:00-04:00,478.989990234375,482.94000244140625,476.5400085449219,480.5299987792969,466.69610595703125,534000,0.0,0.0
2024-06-17 00:00:00-04:00,479.1600036621094,487.6099853515625,477.30999755859375,484.7799987792969,470.8237609863281,492000,0.0,0.0
2024-06-18 00:00:00-04:00,484.44000244140625,487.07000732421875,475.32000732421875,476.5199890136719,462.8015441894531,732700,0.0,0.0
2024-06-20 00:00:00-04:00,478.8800048828125,484.989990234375,478.1199951171875,482.7900085449219,468.89105224609375,669900,0.0,0.0
2024-06-21 00:00:00-04:00,481.3800048828125,486.6000061035156,480.3599853515625,486.32000732421875,472.3194580078125,702200,0.0,0.0
2024-06-24 00:00:00-04:00,486.1499938964844,492.75,483.6600036621094,489.1600036621094,475.07769775390625,383100,0.0,0.0
2024-06-25 00:00:00-04:00,489.9599914550781,490.17999267578125,484.7900085449219,488.7900085449219,474.71826171875,387700,0.0,0.0
2024-06-26 00:00:00-04:00,484.739990234375,488.3500061035156,482.05999755859375,486.9100036621094,472.8924560546875,294900,0.0,0.0
2024-06-27 00:00:00-04:00,486.8299865722656,491.9599914550781,485.6400146484375,486.80999755859375,472.7953186035156,362200,0.0,0.0
2024-06-28 00:00:00-04:00,487.70001220703125,491.1300048828125,479.3699951171875,481.75,467.8810119628906,829900,0.0,0.0
2024-07-01 00:00:00-04:00,481.7799987792969,484.6600036621094,478.3299865722656,479.30999755859375,465.5111999511719,477500,0.0,0.0
2024-07-02 00:00:00-04:00,479.5899963378906,491.42999267578125,478.8299865722656,491.4200134277344,477.2725524902344,428700,0.0,0.0
2024-07-03 00:00:00-04:00,494.1600036621094,499.67999267578125,491.010009765625,491.010009765625,476.8743896484375,351700,0.0,0.0
2024-07-05 00:00:00-04:00,491.19000244140625,495.260009765625,488.44000244140625,495.239990234375,480.98260498046875,384900,0.0,0.0
2024-07-08 00:00:00-04:00,495.1300048828125,498.2300109863281,491.19000244140625,492.260009765625,478.08843994140625,363000,0.0,0.0
2024-07-09 00:00:00-04:00,491.9100036621094,495.6000061035156,488.7200012207031,489.07000732421875,474.9902648925781,465500,0.0,0.0
2024-07-10 00:00:00-04:00,489.75,491.7900085449219,487.42999267578125,489.0,474.9222412109375,596600,0.0,0.0
2024-07-11 00:00:00-04:00,488.9800109863281,497.7200012207031,487.6400146484375,493.6499938964844,479.4383850097656,707900,0.0,0.0
2024-07-12 00:00:00-04:00,495.8500061035156,505.4100036621094,494.0,502.0,487.5480041503906,664400,0.0,0.0
2024-07-15 00:00:00-04:00,500.3599853515625,503.3599853515625,498.760009765625,501.5,487.0624084472656,524400,0.0,0.0
2024-07-16 00:00:00-04:00,504.1600036621094,510.3299865722656,503.4200134277344,508.0,493.3752746582031,544200,0.0,0.0
2024-07-17 00:00:00-04:00,506.739990234375,510.07000732421875,503.4599914550781,504.0,489.49041748046875,403200,0.0,0.0
2024-07-18 00:00:00-04:00,500.9200134277344,504.489990234375,496.4200134277344,498.54998779296875,484.19732666015625,410800,0.0,0.0
2024-07-19 00:00:00-04:00,499.0,499.82000732421875,493.5799865722656,495.8900146484375,481.6139221191406,612300,0.0,0.0
2024-07-22 00:00:00-04:00,499.94000244140625,506.8399963378906,495.7799987792969,506.0199890136719,491.4522705078125,1172200,0.0,0.0
2024-07-23 00:00:00-04:00,549.989990234375,571.02001953125,537.5900268554688,546.010009765625,530.291015625,1362700,0.0,0.0
2024-07-24 00:00:00-04:00,544.8699951171875,544.8699951171875,532.4600219726562,534.2000122070312,518.8209838867188,692500,0.0,0.0
2024-07-25 00:00:00-04:00,535.2899780273438,545.5399780273438,529.6099853515625,538.2100219726562,522.7156372070312,586400,0.0,0.0
2024-07-26 00:00:00-04:00,539.0,545.3699951171875,532.239990234375,540.5499877929688,524.9882202148438,439600,0.0,0.0
2024-07-29 00:00:00-04:00,540.5800170898438,542.77001953125,536.1699829101562,542.6300048828125,527.00830078125,352000,0.0,0.0
2024-07-30 00:00:00-04:00,545.2000122070312,547.6699829101562,540.0,546.260009765625,530.5338745117188,383800,0.0,0.0
2024-07-31 00:00:00-04:00,548.4299926757812,549.719970703125,538.5499877929688,540.760009765625,525.192138671875,407900,0.0,0.0
2024-08-01 00:00:00-04:00,542.1199951171875,555.3300170898438,542.1199951171875,547.9000244140625,532.1266479492188,599400,0.0,0.0
2024-08-02 00:00:00-04:00,543.2000122070312,545.8400268554688,530.4199829101562,539.8499755859375,524.3082885742188,634800,0.0,0.0
2024-08-05 00:00:00-04:00,530.0,531.469970703125,517.280029296875,517.4299926757812,502.5338134765625,581900,0.0,0.0
2024-08-06 00:00:00-04:00,520.2000122070312,532.2100219726562,520.2000122070312,526.1099853515625,510.9640197753906,465400,0.0,0.0
2024-08-07 00:00:00-04:00,530.5700073242188,537.97998046875,523.5700073242188,524.3900146484375,509.29339599609375,336500,0.0,0.0
2024-08-08 00:00:00-04:00,527.2000122070312,534.4299926757812,524.4099731445312,530.739990234375,515.4606323242188,288100,0.0,0.0
2024-08-09 00:00:00-04:00,531.4199829101562,537.1799926757812,530.8800048828125,533.8300170898438,518.4617309570312,250100,0.0,0.0
2024-08-12 00:00:00-04:00,532.6900024414062,535.8400268554688,529.969970703125,532.4099731445312,517.0825805664062,536200,0.0,0.0
2024-08-13 00:00:00-04:00,534.760009765625,548.3800048828125,534.6599731445312,546.4500122070312,530.7183227539062,385000,0.0,0.0
2024-08-14 00:00:00-04:00,546.2899780273438,558.8599853515625,545.3800048828125,554.3300170898438,538.37158203125,867800,0.0,0.0
2024-08-15 00:00:00-04:00,555.3499755859375,566.2899780273438,553.780029296875,563.1400146484375,546.9279174804688,841200,0.0,0.0
2024-08-16 00:00:00-04:00,560.8499755859375,565.02001953125,556.5399780273438,561.6599731445312,547.0447998046875,365200,1.6,0.0
2024-08-19 00:00:00-04:00,562.4000244140625,565.0599975585938,557.8599853515625,560.530029296875,545.9442138671875,390400,0.0,0.0
2024-08-20 00:00:00-04:00,561.9600219726562,571.5999755859375,557.7000122070312,563.0,548.3499145507812,359100,0.0,0.0
2024-08-21 00:00:00-04:00,561.8900146484375,563.5399780273438,556.5999755859375,561.6400146484375,547.0253295898438,477100,0.0,0.0
2024-08-22 00:00:00-04:00,562.3900146484375,566.77001953125,562.3900146484375,564.72998046875,550.0348510742188,373000,0.0,0.0
2024-08-23 00:00:00-04:00,567.219970703125,573.2899780273438,566.0900268554688,571.1900024414062,556.3267822265625,380700,0.0,0.0
2024-08-26 00:00:00-04:00,574.2899780273438,579.2899780273438,572.239990234375,575.6300048828125,560.6513061523438,382400,0.0,0.0
2024-08-27 00:00:00-04:00,575.4299926757812,585.75,572.4299926757812,584.9099731445312,569.6897583007812,477500,0.0,0.0
2024-08-28 00:00:00-04:00,583.239990234375,585.9299926757812,573.9600219726562,580.1500244140625,565.0535888671875,510900,0.0,0.0
2024-08-29 00:00:00-04:00,581.0900268554688,588.6699829101562,578.1199951171875,582.0900268554688,566.943115234375,391400,0.0,0.0
2024-08-30 00:00:00-04:00,582.719970703125,585.1599731445312,573.219970703125,580.5900268554688,565.482177734375,325400,0.0,0.0
2024-09-03 00:00:00-04:00,581.530029296875,583.4000244140625,570.260009765625,573.469970703125,558.54736328125,343400,0.0,0.0
2024-09-04 00:00:00-04:00,573.5,578.1300048828125,568.3900146484375,572.9400024414062,558.0311889648438,304400,0.0,0.0
2024-09-05 00:00:00-04:00,574.4400024414062,574.4400024414062,561.8800048828125,570.6599731445312,555.8104858398438,362400,0.0,0.0
2024-09-06 00:00:00-04:00,567.219970703125,572.4199829101562,557.7999877929688,559.8499755859375,545.2817993164062,429700,0.0,0.0
2024-09-09 00:00:00-04:00,565.2899780273438,567.5399780273438,557.1300048828125,558.3400268554688,543.8110961914062,524700,0.0,0.0
2024-09-10 00:00:00-04:00,560.1500244140625,565.27001953125,555.280029296875,562.3499755859375,547.716796875,405000,0.0,0.0
2024-09-11 00:00:00-04:00,560.8300170898438,563.8699951171875,549.0399780273438,562.0,547.3758544921875,423200,0.0,0.0
2024-09-12 00:00:00-04:00,560.02001953125,562.0800170898438,554.9500122070312,559.75,545.184326171875,386300,0.0,0.0
2024-09-13 00:00:00-04:00,562.2899780273438,565.8400268554688,560.0,561.9299926757812,547.3077392578125,390500,0.0,0.0
2024-09-16 00:00:00-04:00,565.8400268554688,570.7000122070312,564.7899780273438,566.6599731445312,551.91455078125,407900,0.0,0.0
2024-09-17 00:00:00-04:00,567.5900268554688,569.3499755859375,555.75,556.3800048828125,541.902099609375,495000,0.0,0.0
2024-09-18 00:00:00-04:00,553.9500122070312,558.97998046875,550.969970703125,551.5700073242188,537.21728515625,466900,0.0,0.0
2024-09-19 00:00:00-04:00,559.7899780273438,560.6699829101562,551.75,555.3099975585938,540.8600463867188,449500,0.0,0.0
2024-09-20 00:00:00-04:00,550.719970703125,551.530029296875,546.6500244140625,551.4099731445312,537.0614624023438,811600,0.0,0.0
2024-09-23 00:00:00-04:00,552.4600219726562,560.9600219726562,551.5,560.1599731445312,545.583740234375,295600,0.0,0.0
2024-09-24 00:00:00-04:00,561.4500122070312,561.9099731445312,553.489990234375,560.75,546.158447265625,423800,0.0,0.0
2024-09-25 00:00:00-04:00,562.6500244140625,563.8599853515625,559.6500244140625,562.3699951171875,547.736328125,383200,0.0,0.0
2024-09-26 00:00:00-04:00,565.97998046875,570.6400146484375,565.5,567.27001953125,552.5087890625,404200,0.0,0.0
2024-09-27 00:00:00-04:00,569.6300048828125,577.8900146484375,569.6300048828125,576.1500244140625,561.1577758789062,560500,0.0,0.0
2024-09-30 00:00:00-04:00,576.0599975585938,583.9500122070312,573.2100219726562,582.9299926757812,567.76123046875,339600,0.0,0.0
2024-10-01 00:00:00-04:00,583.5,583.5,568.97998046875,575.75,560.7681274414062,365700,0.0,0.0
2024-10-02 00:00:00-04:00,579.72998046875,590.77001953125,579.3499755859375,590.3699951171875,575.0076904296875,401500,0.0,0.0
2024-10-03 00:00:00-04:00,586.9500122070312,590.4000244140625,583.5800170898438,588.3099975585938,573.001220703125,542600,0.0,0.0
2024-10-04 00:00:00-04:00,592.0,596.719970703125,583.8400268554688,589.719970703125,574.3745727539062,436100,0.0,0.0
2024-10-07 00:00:00-04:00,586.7000122070312,588.489990234375,582.8599853515625,584.489990234375,569.2807006835938,355300,0.0,0.0
2024-10-08 00:00:00-04:00,590.4299926757812,599.25,585.2100219726562,596.8300170898438,581.299560546875,411500,0.0,0.0
2024-10-09 00:00:00-04:00,601.5800170898438,611.1900024414062,597.5599975585938,604.4299926757812,588.7017822265625,404700,0.0,0.0
2024-10-10 00:00:00-04:00,604.760009765625,606.25,598.5900268554688,599.4299926757812,583.8319702148438,246300,0.0,0.0
2024-10-11 00:00:00-04:00,600.1099853515625,605.9000244140625,600.030029296875,605.5900268554688,589.8316040039062,256500,0.0,0.0
2024-10-14 00:00:00-04:00,606.010009765625,609.9500122070312,604.6400146484375,607.3599853515625,591.5556030273438,278700,0.0,0.0
2024-10-15 00:00:00-04:00,614.0,617.1799926757812,610.9299926757812,613.2999877929688,597.3410034179688,333500,0.0,0.0
2024-10-16 00:00:00-04:00,611.47998046875,614.9600219726562,602.9500122070312,607.510009765625,591.7017211914062,274200,0.0,0.0
2024-10-17 00:00:00-04:00,611.280029296875,613.989990234375,605.780029296875,605.8099975585938,590.0458374023438,232300,0.0,0.0
2024-10-18 00:00:00-04:00,606.4400024414062,610.8099975585938,603.6900024414062,608.02001953125,592.1984252929688,267800,0.0,0.0
2024-10-21 00:00:00-04:00,602.75,607.7100219726562,598.8099975585938,603.8099975585938,588.097900390625,344000,0.0,0.0
2024-10-22 00:00:00-04:00,600.0,605.27001953125,597.72998046875,604.0800170898438,588.3609008789062,253700,0.0,0.0
2024-10-23 00:00:00-04:00,603.0,605.0,592.6400146484375,596.3800048828125,580.861328125,281200,0.0,0.0
2024-10-24 00:00:00-04:00,593.77001953125,596.030029296875,585.5399780273438,590.25,574.8908081054688,365400,0.0,0.0
2024-10-25 00:00:00-04:00,594.030029296875,595.8599853515625,585.3300170898438,588.719970703125,573.4005737304688,391600,0.0,0.0
2024-10-28 00:00:00-04:00,593.0700073242188,596.5800170898438,590.4000244140625,595.27001953125,579.7801513671875,490700,0.0,0.0
2024-10-29 00:00:00-04:00,609.4000244140625,631.7000122070312,573.3699951171875,578.9299926757812,563.8653564453125,1462500,0.0,0.0
2024-10-30 00:00:00-04:00,582.010009765625,588.469970703125,565.8200073242188,569.0900268554688,554.2814331054688,747100,0.0,0.0
2024-10-31 00:00:00-04:00,570.2999877929688,577.4500122070312,569.0,571.2000122070312,556.3365478515625,545300,0.0,0.0
2024-11-01 00:00:00-04:00,570.6500244140625,578.9299926757812,570.1900024414062,577.9500122070312,562.9109497070312,369300,0.0,0.0
2024-11-04 00:00:00-05:00,577.5,590.4600219726562,575.3099975585938,589.3400268554688,574.0045166015625,387000,0.0,0.0
2024-11-05 00:00:00-05:00,590.4199829101562,596.6099853515625,585.0999755859375,588.3200073242188,573.0111083984375,537800,0.0,0.0
2024-11-06 00:00:00-05:00,593.0700073242188,595.0,559.6300048828125,574.8200073242188,559.8623657226562,1254600,0.0,0.0
2024-11-07 00:00:00-05:00,579.239990234375,579.6300048828125,572.02001953125,575.6599731445312,560.680419921875,658200,0.0,0.0
2024-11-08 00:00:00-05:00,577.469970703125,596.7100219726562,575.6300048828125,594.0,578.543212890625,781500,0.0,0.0
2024-11-11 00:00:00-05:00,594.5900268554688,602.9000244140625,594.3200073242188,597.25,581.7085571289062,441600,0.0,0.0
2024-11-12 00:00:00-05:00,595.9099731445312,606.010009765625,594.1500244140625,602.6400146484375,586.9583740234375,404400,0.0,0.0
2024-11-13 00:00:00-05:00,605.0700073242188,621.4600219726562,604.4199829101562,610.530029296875,594.6431884765625,583500,0.0,0.0
2024-11-14 00:00:00-05:00,608.4099731445312,616.969970703125,605.0399780273438,606.1400146484375,590.3673095703125,354400,0.0,0.0
2024-11-15 00:00:00-05:00,599.4400024414062,603.72998046875,593.3499755859375,593.8599853515625,579.9376831054688,525000,1.6,0.0
2024-11-18 00:00:00-05:00,592.3599853515625,595.219970703125,590.1400146484375,593.1199951171875,579.2149658203125,653300,0.0,0.0
2024-11-19 00:00:00-05:00,591.5599975585938,602.0399780273438,590.0,597.1300048828125,583.131103515625,457200,0.0,0.0
2024-11-20 00:00:00-05:00,600.9299926757812,603.3200073242188,576.8800048828125,582.0,568.3557739257812,888900,0.0,0.0
2024-11-21 00:00:00-05:00,587.989990234375,587.989990234375,580.02001953125,581.3400268554688,567.7112426757812,685600,0.0,0.0
2024-11-22 00:00:00-05:00,579.22998046875,590.6099853515625,578.8800048828125,589.5700073242188,575.7481689453125,437000,0.0,0.0
2024-11-25 00:00:00-05:00,592.75,596.5499877929688,589.5900268554688,592.72998046875,578.8341674804688,575600,0.0,0.0
2024-11-26 00:00:00-05:00,593.6900024414062,603.0700073242188,592.4600219726562,601.9600219726562,587.8478393554688,362300,0.0,0.0
2024-11-27 00:00:00-05:00,604.2000122070312,607.4099731445312,601.1799926757812,604.9600219726562,590.7774658203125,345500,0.0,0.0
2024-11-29 00:00:00-05:00,605.1699829101562,611.0800170898438,605.1699829101562,609.6300048828125,595.3380126953125,204400,0.0,0.0
2024-12-02 00:00:00-05:00,608.010009765625,610.0599975585938,601.760009765625,608.969970703125,594.6934204101562,347300,0.0,0.0
2024-12-03 00:00:00-05:00,608.5800170898438,613.6400146484375,607.1699829101562,608.0999755859375,593.8438110351562,307900,0.0,0.0
2024-12-04 00:00:00-05:00,605.8200073242188,617.47998046875,605.8200073242188,615.9299926757812,601.4902954101562,371900,0.0,0.0
2024-12-05 00:00:00-05:00,610.260009765625,616.3900146484375,608.719970703125,609.9099731445312,595.6115112304688,402000,0.0,0.0
2024-12-06 00:00:00-05:00,609.1699829101562,619.75,609.1699829101562,617.1799926757812,602.7109375,484400,0.0,0.0
2024-12-09 00:00:00-05:00,618.5399780273438,620.97998046875,612.22998046875,618.5,604.0000610351562,323900,0.0,0.0
2024-12-10 00:00:00-05:00,617.9000244140625,635.739990234375,617.3300170898438,629.010009765625,614.2637329101562,483900,0.0,0.0
2024-12-11 00:00:00-05:00,631.510009765625,638.760009765625,629.030029296875,629.6099853515625,614.8495483398438,455000,0.0,0.0
2024-12-12 00:00:00-05:00,638.9400024414062,642.4500122070312,634.0599975585938,635.989990234375,621.0800170898438,430300,0.0,0.0
2024-12-13 00:00:00-05:00,635.0,636.219970703125,620.3200073242188,625.0999755859375,610.4453735351562,380500,0.0,0.0
2024-12-16 00:00:00-05:00,625.0399780273438,627.2899780273438,617.030029296875,618.3800048828125,603.8828125,506500,0.0,0.0
2024-12-17 00:00:00-05:00,617.6699829101562,619.4400024414062,610.3900146484375,611.5,597.1640625,555000,0.0,0.0
2024-12-18 00:00:00-05:00,619.0599975585938,620.2999877929688,597.2999877929688,597.9000244140625,583.8829956054688,715200,0.0,0.0
2024-12-19 00:00:00-05:00,596.1900024414062,606.2000122070312,593.260009765625,600.5800170898438,586.500244140625,508400,0.0,0.0
2024-12-20 00:00:00-05:00,597.47998046875,606.739990234375,596.1599731445312,604.7999877929688,590.6212158203125,828400,0.0,0.0
2024-12-23 00:00:00-05:00,601.6699829101562,607.0999755859375,598.9600219726562,605.4199829101562,591.2266845703125,302900,0.0,0.0
2024-12-24 00:00:00-05:00,607.3099975585938,607.9099731445312,602.989990234375,607.9099731445312,593.6583251953125,157400,0.0,0.0
2024-12-26 00:00:00-05:00,604.8599853515625,613.5599975585938,604.8599853515625,610.969970703125,596.6465454101562,221100,0.0,0.0
2024-12-27 00:00:00-05:00,607.0,611.9299926757812,603.3300170898438,609.5900268554688,595.2989501953125,245400,0.0,0.0
2024-12-30 00:00:00-05:00,602.0700073242188,602.260009765625,595.0700073242188,599.6500244140625,585.592041015625,358300,0.0,0.0
2024-12-31 00:00:00-05:00,601.22998046875,606.22998046875,598.1300048828125,600.010009765625,585.9435424804688,223800,0.0,0.0
2025-01-02 00:00:00-05:00,601.5,603.760009765625,595.0900268554688,597.1300048828125,583.131103515625,390300,0.0,0.0
2025-01-03 00:00:00-05:00,597.8800048828125,602.9400024414062,595.9400024414062,601.47998046875,587.3790893554688,243800,0.0,0.0
2025-01-06 00:00:00-05:00,601.47998046875,604.9299926757812,596.5399780273438,596.6599731445312,582.6719970703125,359400,0.0,0.0
2025-01-07 00:00:00-05:00,594.510009765625,597.7000122070312,588.0499877929688,591.3300170898438,577.4671020507812,445400,0.0,0.0
2025-01-08 00:00:00-05:00,588.0499877929688,602.2999877929688,586.1099853515625,602.22998046875,588.1113891601562,417300,0.0,0.0
2025-01-10 00:00:00-05:00,589.530029296875,595.0,573.7000122070312,575.72998046875,562.232666015625,448000,0.0,0.0
2025-01-13 00:00:00-05:00,574.0,581.6699829101562,570.25,580.52001953125,566.9104614257812,410400,0.0,0.0
2025-01-14 00:00:00-05:00,582.6699829101562,587.469970703125,579.4600219726562,585.7999877929688,572.0665893554688,446900,0.0,0.0
2025-01-15 00:00:00-05:00,596.6699829101562,602.7100219726562,593.3200073242188,601.0,586.9102783203125,504100,0.0,0.0
2025-01-16 00:00:00-05:00,603.4400024414062,610.8900146484375,598.739990234375,609.969970703125,595.6700439453125,425400,0.0,0.0
2025-01-17 00:00:00-05:00,612.760009765625,617.1900024414062,609.02001953125,612.02001953125,597.6719970703125,311700,0.0,0.0
2025-01-21 00:00:00-05:00,604.9600219726562,618.6099853515625,604.9600219726562,617.3800048828125,602.9063110351562,676000,0.0,0.0
2025-01-22 00:00:00-05:00,615.9400024414062,618.760009765625,611.2899780273438,613.0,598.6290283203125,406700,0.0,0.0
2025-01-23 00:00:00-05:00,615.3699951171875,616.0,609.77001953125,615.9600219726562,601.5195922851562,574300,0.0,0.0
2025-01-24 00:00:00-05:00,613.3800048828125,622.969970703125,612.2000122070312,620.719970703125,606.16796875,369300,0.0,0.0
2025-01-27 00:00:00-05:00,615.969970703125,625.4400024414062,613.0700073242188,623.72998046875,609.107421875,400400,0.0,0.0
2025-01-28 00:00:00-05:00,622.5399780273438,634.989990234375,619.3300170898438,628.3400268554688,613.609375,514500,0.0,0.0
2025-01-29 00:00:00-05:00,595.9500122070312,618.1900024414062,572.27001953125,593.0499877929688,579.1467895507812,1061400,0.0,0.0
2025-01-30 00:00:00-05:00,593.5,603.75,585.0599975585938,590.72998046875,576.881103515625,503100,0.0,0.0
2025-01-31 00:00:00-05:00,590.8499755859375,597.0900268554688,586.0399780273438,596.77001953125,582.779541015625,735900,0.0,0.0
2025-02-03 00:00:00-05:00,587.1900024414062,592.9500122070312,581.3800048828125,582.4299926757812,568.775634765625,604500,0.0,0.0
2025-02-04 00:00:00-05:00,580.2000122070312,589.469970703125,578.7999877929688,584.469970703125,570.7677612304688,855700,0.0,0.0
2025-02-05 00:00:00-05:00,586.1699829101562,588.1799926757812,575.2100219726562,582.1199951171875,568.4729614257812,825600,0.0,0.0
2025-02-06 00:00:00-05:00,587.0800170898438,587.75,579.47998046875,587.47998046875,573.7072143554688,570200,0.0,0.0
2025-02-07 00:00:00-05:00,587.4199829101562,588.0599975585938,577.52001953125,579.3900146484375,565.806884765625,549500,0.0,0.0
2025-02-10 00:00:00-05:00,582.0499877929688,583.8300170898438,575.5900268554688,583.47998046875,569.801025390625,547400,0.0,0.0
2025-02-11 00:00:00-05:00,574.489990234375,582.219970703125,569.1500244140625,577.3099975585938,563.775634765625,728900,0.0,0.0
2025-02-12 00:00:00-05:00,572.239990234375,573.4299926757812,567.0499877929688,572.530029296875,559.1077270507812,634500,0.0,0.0
2025-02-13 00:00:00-05:00,575.1300048828125,576.27001953125,568.2999877929688,572.2999877929688,558.8831787109375,784500,0.0,0.0
2025-02-14 00:00:00-05:00,573.8599853515625,578.8699951171875,571.4400024414062,572.6300048828125,560.9697265625,453900,1.8,0.0
2025-02-18 00:00:00-05:00,572.6599731445312,575.6900024414062,561.7100219726562,572.6900024414062,561.028564453125,748200,0.0,0.0
2025-02-19 00:00:00-05:00,571.0900268554688,576.3300170898438,567.4000244140625,574.72998046875,563.0269775390625,609000,0.0,0.0
2025-02-20 00:00:00-05:00,574.0999755859375,575.5,568.02001953125,574.3499755859375,562.6547241210938,737000,0.0,0.0
2025-02-21 00:00:00-05:00,573.1900024414062,579.52001953125,571.3400268554688,578.3400268554688,566.5635375976562,565200,0.0,0.0
2025-02-24 00:00:00-05:00,578.3099975585938,582.9400024414062,568.8800048828125,573.5499877929688,561.8710327148438,627000,0.0,0.0
2025-02-25 00:00:00-05:00,580.530029296875,586.5399780273438,578.6400146484375,584.5399780273438,572.6372680664062,723400,0.0,0.0
2025-02-26 00:00:00-05:00,583.4099731445312,587.0,577.8800048828125,579.4400024414062,567.64111328125,397200,0.0,0.0
2025-02-27 00:00:00-05:00,579.5999755859375,589.0,579.5999755859375,581.27001953125,569.433837890625,456200,0.0,0.0
2025-02-28 00:00:00-05:00,585.2899780273438,590.510009765625,580.6500244140625,590.510009765625,578.4856567382812,570700,0.0,0.0
2025-03-03 00:00:00-05:00,590.510009765625,598.7100219726562,585.9500122070312,588.760009765625,576.7713623046875,507500,0.0,0.0
2025-03-04 00:00:00-05:00,586.5900268554688,586.5900268554688,560.6599731445312,567.6199951171875,556.0618286132812,674800,0.0,0.0
2025-03-05 00:00:00-05:00,567.8499755859375,574.5599975585938,561.5900268554688,572.989990234375,561.3223876953125,614800,0.0,0.0
2025-03-06 00:00:00-05:00,566.0700073242188,573.5900268554688,561.72998046875,566.280029296875,554.7490844726562,649000,0.0,0.0
2025-03-07 00:00:00-05:00,565.3200073242188,566.9199829101562,553.3499755859375,561.8900146484375,550.448486328125,710400,0.0,0.0
2025-03-10 00:00:00-04:00,555.0,556.5,539.510009765625,545.3400268554688,534.2355346679688,819700,0.0,0.0
2025-03-11 00:00:00-04:00,543.2000122070312,549.22998046875,535.9199829101562,541.719970703125,530.6891479492188,846600,0.0,0.0
2025-03-12 00:00:00-04:00,545.2100219726562,549.1699829101562,538.5,545.0700073242188,533.9710083007812,662900,0.0,0.0
2025-03-13 00:00:00-04:00,544.02001953125,547.3200073242188,537.1300048828125,541.4600219726562,530.4345092773438,650800,0.0,0.0
2025-03-14 00:00:00-04:00,547.1199951171875,556.6900024414062,544.4199829101562,554.7100219726562,543.4147338867188,405800,0.0,0.0
2025-03-17 00:00:00-04:00,552.7000122070312,569.0900268554688,552.0999755859375,565.969970703125,554.4453735351562,343100,0.0,0.0
2025-03-18 00:00:00-04:00,566.469970703125,571.510009765625,564.8400268554688,568.7000122070312,557.119873046875,555200,0.0,0.0
2025-03-19 00:00:00-04:00,567.8499755859375,573.6799926757812,562.0800170898438,570.4099731445312,558.7949829101562,522000,0.0,0.0
2025-03-20 00:00:00-04:00,565.3300170898438,571.9400024414062,562.52001953125,565.989990234375,554.4649658203125,580600,0.0,0.0
2025-03-21 00:00:00-04:00,561.969970703125,563.72998046875,554.75,562.5599975585938,551.1047973632812,822800,0.0,0.0
2025-03-24 00:00:00-04:00,569.8599853515625,574.0399780273438,565.2000122070312,566.7899780273438,555.2485961914062,476900,0.0,0.0
2025-03-25 00:00:00-04:00,569.0599975585938,576.5399780273438,564.2000122070312,574.6099853515625,562.909423828125,409800,0.0,0.0
2025-03-26 00:00:00-04:00,574.72998046875,578.9299926757812,565.5499877929688,569.469970703125,557.8740844726562,455100,0.0,0.0
2025-03-27 00:00:00-04:00,570.239990234375,571.0,563.8800048828125,565.77001953125,554.2494506835938,453900,0.0,0.0
2025-03-28 00:00:00-04:00,566.0599975585938,569.5700073242188,555.0700073242188,558.469970703125,547.0980834960938,390000,0.0,0.0
2025-03-31 00:00:00-04:00,554.0900268554688,567.280029296875,550.0499877929688,565.5,553.9849853515625,569400,0.0,0.0
2025-04-01 00:00:00-04:00,564.1799926757812,570.4000244140625,560.7100219726562,567.2999877929688,555.7483520507812,550100,0.0,0.0
2025-04-02 00:00:00-04:00,561.969970703125,576.719970703125,561.2899780273438,575.9600219726562,564.2319946289062,481900,0.0,0.0
2025-04-03 00:00:00-04:00,561.5800170898438,564.2100219726562,543.6699829101562,544.1799926757812,533.0990600585938,631700,0.0,0.0
2025-04-04 00:00:00-04:00,533.0900268554688,533.260009765625,507.1400146484375,507.44000244140625,497.1072082519531,1194700,0.0,0.0
2025-04-07 00:00:00-04:00,497.2799987792969,521.3499755859375,486.739990234375,506.55999755859375,496.2450866699219,1092200,0.0,0.0
2025-04-08 00:00:00-04:00,523.4000244140625,531.6599731445312,496.8500061035156,506.9700012207031,496.6467590332031,852900,0.0,0.0
2025-04-09 00:00:00-04:00,500.0,550.9199829101562,495.2799987792969,549.3300170898438,538.1443481445312,935700,0.0,0.0
2025-04-10 00:00:00-04:00,537.489990234375,538.3099975585938,509.8299865722656,527.77001953125,517.0232543945312,525800,0.0,0.0
2025-04-11 00:00:00-04:00,524.02001953125,546.0399780273438,521.6599731445312,541.7000122070312,530.6695556640625,464600,0.0,0.0
2025-04-14 00:00:00-04:00,551.3499755859375,557.8900146484375,547.739990234375,551.25,540.025146484375,484200,0.0,0.0
2025-04-15 00:00:00-04:00,553.9099731445312,562.02001953125,552.3099975585938,556.5700073242188,545.23681640625,362000,0.0,0.0
2025-04-16 00:00:00-04:00,551.27001953125,556.1599731445312,538.75,542.5599975585938,531.5120849609375,418500,0.0,0.0
2025-04-17 00:00:00-04:00,547.530029296875,555.0399780273438,543.0,546.8900146484375,535.7539672851562,508600,0.0,0.0
2025-04-21 00:00:00-04:00,539.27001953125,542.6799926757812,525.77001953125,533.47998046875,522.6170043945312,917300,0.0,0.0
2025-04-22 00:00:00-04:00,521.6500244140625,540.6099853515625,516.2899780273438,538.47998046875,527.5150756835938,818200,0.0,0.0
2025-04-23 00:00:00-04:00,548.2100219726562,559.989990234375,531.7899780273438,533.4099731445312,522.54833984375,940900,0.0,0.0
2025-04-24 00:00:00-04:00,535.9099731445312,538.4299926757812,529.0,530.5999755859375,519.7955932617188,689700,0.0,0.0
2025-04-25 00:00:00-04:00,532.969970703125,537.75,528.6699829101562,535.3599853515625,524.458740234375,504500,0.0,0.0
2025-04-28 00:00:00-04:00,534.6799926757812,539.2000122070312,529.4299926757812,534.9500122070312,524.0570678710938,433200,0.0,0.0
2025-04-29 00:00:00-04:00,536.530029296875,542.9000244140625,531.4099731445312,540.4600219726562,529.454833984375,350500,0.0,0.0
2025-04-30 00:00:00-04:00,536.989990234375,546.530029296875,531.27001953125,545.1099853515625,534.0101318359375,600800,0.0,0.0
2025-05-01 00:00:00-04:00,543.0,552.2899780273438,539.6699829101562,546.0700073242188,534.9506225585938,430400,0.0,0.0
2025-05-02 00:00:00-04:00,554.5,558.719970703125,550.6500244140625,555.8200073242188,544.5021362304688,389900,0.0,0.0
2025-05-05 00:00:00-04:00,552.3699951171875,557.8599853515625,549.489990234375,550.4099731445312,539.2022094726562,328400,0.0,0.0
2025-05-06 00:00:00-04:00,545.5700073242188,550.9099731445312,542.3900146484375,545.1699829101562,534.0689697265625,438300,0.0,0.0
2025-05-07 00:00:00-04:00,545.5900268554688,554.3099975585938,545.5900268554688,552.6699829101562,541.4161376953125,339800,0.0,0.0
2025-05-08 00:00:00-04:00,554.2899780273438,563.1699829101562,552.9199829101562,557.97998046875,546.6180419921875,526100,0.0,0.0
2025-05-09 00:00:00-04:00,559.260009765625,561.1300048828125,554.719970703125,556.5599975585938,545.2269897460938,379900,0.0,0.0
2025-05-12 00:00:00-04:00,569.6199951171875,569.969970703125,558.4099731445312,568.969970703125,557.38427734375,431600,0.0,0.0
2025-05-13 00:00:00-04:00,569.1300048828125,574.5399780273438,562.2899780273438,563.8699951171875,552.3881225585938,512800,0.0,0.0
2025-05-14 00:00:00-04:00,564.6699829101562,567.739990234375,561.5700073242188,566.5800170898438,555.0430297851562,445200,0.0,0.0
2025-05-15 00:00:00-04:00,565.6799926757812,576.77001953125,565.6799926757812,575.4099731445312,563.6931762695312,608300,0.0,0.0
2025-05-16 00:00:00-04:00,574.7100219726562,578.4299926757812,567.8200073242188,572.219970703125,562.3271484375,786900,1.8,0.0
2025-05-19 00:00:00-04:00,568.0599975585938,575.0499877929688,567.7899780273438,572.6500244140625,562.749755859375,284000,0.0,0.0
2025-05-20 00:00:00-04:00,569.2899780273438,574.1799926757812,567.2899780273438,571.2100219726562,561.334716796875,508000,0.0,0.0
2025-05-21 00:00:00-04:00,567.9099731445312,570.6799926757812,559.4600219726562,560.0999755859375,550.416748046875,509400,0.0,0.0
2025-05-22 00:00:00-04:00,559.52001953125,566.7999877929688,556.4400024414062,563.8800048828125,554.1314086914062,435600,0.0,0.0
2025-05-23 00:00:00-04:00,558.1199951171875,562.2000122070312,556.6599731445312,558.6699829101562,549.011474609375,226500,0.0,0.0
2025-05-27 00:00:00-04:00,563.760009765625,568.0499877929688,560.2000122070312,566.5900268554688,556.7945556640625,433500,0.0,0.0
2025-05-28 00:00:00-04:00,566.0999755859375,569.5399780273438,562.5,562.6799926757812,552.9520874023438,359100,0.0,0.0
2025-05-29 00:00:00-04:00,565.0,567.22998046875,560.739990234375,566.0,556.2147827148438,531900,0.0,0.0
2025-05-30 00:00:00-04:00,566.0,566.0,556.8900146484375,564.02001953125,554.26904296875,631900,0.0,0.0
2025-06-02 00:00:00-04:00,557.6500244140625,564.3599853515625,544.5499877929688,564.2000122070312,554.4458618164062,299100,0.0,0.0
2025-06-03 00:00:00-04:00,562.5999755859375,567.3699951171875,554.3800048828125,566.4099731445312,556.61767578125,338400,0.0,0.0
2025-06-04 00:00:00-04:00,568.1900024414062,569.72998046875,565.3499755859375,566.9099731445312,557.1089477539062,264600,0.0,0.0
2025-06-05 00:00:00-04:00,568.9299926757812,568.9299926757812,561.1500244140625,564.0700073242188,554.318115234375,348300,0.0,0.0
2025-06-06 00:00:00-04:00,566.4000244140625,569.75,564.5599975585938,568.6400146484375,558.8091430664062,251300,0.0,0.0
2025-06-09 00:00:00-04:00,567.780029296875,569.219970703125,557.2999877929688,558.0,548.3530883789062,526500,0.0,0.0
2025-06-10 00:00:00-04:00,558.9600219726562,563.260009765625,556.0900268554688,557.8400268554688,548.1958618164062,500400,0.0,0.0
2025-06-11 00:00:00-04:00,557.6199951171875,560.5900268554688,553.030029296875,554.4199829101562,544.8350219726562,566700,0.0,0.0
2025-06-12 00:00:00-04:00,552.25,555.25,547.8499755859375,555.1900024414062,545.5916748046875,411000,0.0,0.0
2025-06-13 00:00:00-04:00,549.6400146484375,550.989990234375,540.3400268554688,542.72998046875,533.3469848632812,465500,0.0,0.0
2025-06-16 00:00:00-04:00,546.27001953125,551.77001953125,545.8200073242188,547.3699951171875,537.9068603515625,375400,0.0,0.0
2025-06-17 00:00:00-04:00,543.5,549.2999877929688,543.5,548.5499877929688,539.06640625,414800,0.0,0.0
2025-06-18 00:00:00-04:00,547.280029296875,550.6799926757812,540.8599853515625,543.719970703125,534.3198852539062,551600,0.0,0.0
2025-06-20 00:00:00-04:00,546.0,547.52001953125,541.469970703125,544.780029296875,535.3616333007812,666100,0.0,0.0
2025-06-23 00:00:00-04:00,543.6599731445312,555.5599975585938,539.6500244140625,555.1199951171875,545.5228881835938,867300,0.0,0.0
2025-06-24 00:00:00-04:00,561.3599853515625,577.5800170898438,560.3599853515625,575.6900024414062,565.7371826171875,672300,0.0,0.0
2025-06-25 00:00:00-04:00,574.1400146484375,574.469970703125,560.3499755859375,569.989990234375,560.1358032226562,562200,0.0,0.0
2025-06-26 00:00:00-04:00,570.75,571.5700073242188,564.3300170898438,565.6900024414062,555.9100952148438,584400,0.0,0.0
2025-06-27 00:00:00-04:00,569.5700073242188,577.5,568.1400146484375,576.4099731445312,566.4447631835938,879900,0.0,0.0
2025-06-30 00:00:00-04:00,575.8200073242188,579.0700073242188,569.4299926757812,576.739990234375,566.7691040039062,584600,0.0,0.0
2025-07-01 00:00:00-04:00,574.4000244140625,583.6300048828125,570.0,581.3400268554688,571.28955078125,456800,0.0,0.0
2025-07-02 00:00:00-04:00,577.3599853515625,586.3499755859375,577.3599853515625,582.8499755859375,572.7734375,466700,0.0,0.0
2025-07-03 00:00:00-04:00,586.5,589.5499877929688,580.0,587.739990234375,577.578857421875,268200,0.0,0.0
2025-07-07 00:00:00-04:00,587.7899780273438,590.47998046875,583.1799926757812,588.0,577.8344116210938,373800,0.0,0.0
2025-07-08 00:00:00-04:00,591.3599853515625,593.27001953125,577.0999755859375,580.969970703125,570.9259643554688,541000,0.0,0.0
2025-07-09 00:00:00-04:00,582.8499755859375,586.3499755859375,579.4500122070312,581.8099975585938,571.7514038085938,349900,0.0,0.0
2025-07-10 00:00:00-04:00,580.9199829101562,586.8800048828125,579.8300170898438,580.6599731445312,570.6212768554688,332300,0.0,0.0
2025-07-11 00:00:00-04:00,576.5599975585938,578.7899780273438,563.3099975585938,565.5599975585938,555.7823486328125,635300,0.0,0.0
2025-07-14 00:00:00-04:00,565.6099853515625,576.5499877929688,562.9299926757812,570.6599731445312,560.7941284179688,520000,0.0,0.0
2025-07-15 00:00:00-04:00,571.510009765625,576.0599975585938,563.1099853515625,563.1300048828125,553.3943481445312,403300,0.0,0.0
2025-07-16 00:00:00-04:00,564.7999877929688,573.3900146484375,558.6400146484375,572.1300048828125,562.23876953125,840900,0.0,0.0
2025-07-17 00:00:00-04:00,575.0,581.8200073242188,569.4099731445312,580.1799926757812,570.1495971679688,647000,0.0,0.0
2025-07-18 00:00:00-04:00,580.6300048828125,584.5599975585938,576.77001953125,577.9400024414062,567.9483032226562,584900,0.0,0.0
2025-07-21 00:00:00-04:00,582.5800170898438,582.9500122070312,574.5700073242188,577.969970703125,567.9778442382812,1065600,0.0,0.0
2025-07-22 00:00:00-04:00,565.010009765625,571.530029296875,525.3400268554688,526.47998046875,517.3779907226562,2464300,0.0,0.0
2025-07-23 00:00:00-04:00,534.77001953125,538.989990234375,525.0,530.8599853515625,521.6822509765625,1930900,0.0,0.0
2025-07-24 00:00:00-04:00,532.3099975585938,547.8699951171875,531.7899780273438,543.3099975585938,533.9169921875,1252000,0.0,0.0
2025-07-25 00:00:00-04:00,546.489990234375,551.4199829101562,544.5,546.2899780273438,536.8453979492188,998800,0.0,0.0
2025-07-28 00:00:00-04:00,542.4600219726562,556.9099731445312,541.1199951171875,552.7899780273438,543.2330932617188,1668300,0.0,0.0
2025-07-29 00:00:00-04:00,557.6099853515625,561.0,552.8800048828125,557.2100219726562,547.5767211914062,1162100,0.0,0.0
2025-07-30 00:00:00-04:00,555.0700073242188,563.7899780273438,554.6300048828125,559.1500244140625,549.4832763671875,994500,0.0,0.0
2025-07-31 00:00:00-04:00,556.47998046875,569.989990234375,556.47998046875,561.3599853515625,551.6549072265625,1103000,0.0,0.0
2025-08-01 00:00:00-04:00,559.1400146484375,563.6099853515625,552.3900146484375,557.4000244140625,547.763427734375,1053000,0.0,0.0
2025-08-04 00:00:00-04:00,560.510009765625,573.2899780273438,560.510009765625,572.0399780273438,562.1503295898438,863400,0.0,0.0
2025-08-05 00:00:00-04:00,572.1500244140625,575.9600219726562,557.6199951171875,557.72998046875,548.0877075195312,1089700,0.0,0.0
2025-08-06 00:00:00-04:00,559.22998046875,562.6599731445312,542.260009765625,548.2999877929688,538.8206787109375,1064900,0.0,0.0
2025-08-07 00:00:00-04:00,553.0900268554688,555.0,541.5,545.489990234375,536.059326171875,499700,0.0,0.0
2025-08-08 00:00:00-04:00,546.8099975585938,550.0,545.0,546.6799926757812,537.2286987304688,608700,0.0,0.0
2025-08-11 00:00:00-04:00,547.1599731445312,555.7100219726562,547.1599731445312,549.3900146484375,539.891845703125,588000,0.0,0.0
2025-08-12 00:00:00-04:00,550.010009765625,554.0800170898438,547.52001953125,550.1599731445312,540.6485595703125,589400,0.0,0.0
2025-08-13 00:00:00-04:00,554.0,567.8900146484375,552.489990234375,567.4299926757812,557.6200561523438,542900,0.0,0.0
2025-08-14 00:00:00-04:00,564.2100219726562,566.5999755859375,560.2999877929688,565.719970703125,555.9395141601562,362900,0.0,0.0
2025-08-15 00:00:00-04:00,564.260009765625,566.8499755859375,555.9600219726562,557.02001953125,549.1372680664062,372300,1.8,0.0
2025-08-18 00:00:00-04:00,556.02001953125,561.72998046875,555.02001953125,555.6699829101562,547.806396484375,709700,0.0,0.0
2025-08-19 00:00:00-04:00,556.0,570.010009765625,555.3300170898438,568.1599731445312,560.1195068359375,685200,0.0,0.0
2025-08-20 00:00:00-04:00,567.6300048828125,574.4099731445312,562.5999755859375,574.25,566.1233520507812,577300,0.0,0.0
2025-08-21 00:00:00-04:00,570.6099853515625,572.1199951171875,565.989990234375,567.27001953125,559.2421875,535600,0.0,0.0
2025-08-22 00:00:00-04:00,571.1199951171875,580.22998046875,566.6900024414062,574.8300170898438,566.6953125,380100,0.0,0.0
2025-08-25 00:00:00-04:00,573.4600219726562,577.4500122070312,569.9299926757812,573.719970703125,565.6008911132812,532500,0.0,0.0
2025-08-26 00:00:00-04:00,572.8800048828125,572.9099731445312,562.9299926757812,571.4299926757812,563.3433837890625,425100,0.0,0.0
2025-08-27 00:00:00-04:00,571.489990234375,575.27001953125,569.7100219726562,570.1500244140625,562.0814208984375,332900,0.0,0.0
2025-08-28 00:00:00-04:00,571.0499877929688,572.1300048828125,568.3900146484375,568.5499877929688,560.5040283203125,521500,0.0,0.0
2025-08-29 00:00:00-04:00,568.7999877929688,571.6400146484375,565.530029296875,567.719970703125,559.685791015625,499000,0.0,0.0
2025-09-02 00:00:00-04:00,560.6599731445312,565.7899780273438,548.0,553.9099731445312,546.0712280273438,845300,0.0,0.0
2025-09-03 00:00:00-04:00,552.5999755859375,558.4400024414062,549.0900268554688,551.6099853515625,543.8038330078125,898700,0.0,0.0
2025-09-04 00:00:00-04:00,554.0999755859375,557.5999755859375,551.0,557.1900024414062,549.3048706054688,590600,0.0,0.0
2025-09-05 00:00:00-04:00,558.3599853515625,561.5900268554688,554.0,555.1500244140625,547.293701171875,626800,0.0,0.0
2025-09-08 00:00:00-04:00,557.72998046875,576.1599731445312,554.9099731445312,574.5800170898438,566.44873046875,922800,0.0,0.0
2025-09-09 00:00:00-04:00,571.989990234375,574.5,567.9000244140625,569.1599731445312,561.1054077148438,671200,0.0,0.0
2025-09-10 00:00:00-04:00,571.77001953125,571.77001953125,558.97998046875,563.1799926757812,555.2100830078125,648700,0.0,0.0
2025-09-11 00:00:00-04:00,565.7100219726562,585.8400268554688,564.7999877929688,585.47998046875,577.1945190429688,477000,0.0,0.0
2025-09-12 00:00:00-04:00,584.0700073242188,585.4500122070312,576.3400268554688,583.25,574.9960327148438,722100,0.0,0.0
2025-09-15 00:00:00-04:00,584.1500244140625,584.3400268554688,574.9500122070312,576.6099853515625,568.449951171875,1255800,0.0,0.0
2025-09-16 00:00:00-04:00,576.1500244140625,580.0399780273438,562.9000244140625,567.02001953125,558.9957885742188,566600,0.0,0.0
2025-09-17 00:00:00-04:00,568.8099975585938,585.4000244140625,568.8099975585938,578.6400146484375,570.4512939453125,875400,0.0,0.0
2025-09-18 00:00:00-04:00,579.3099975585938,579.989990234375,548.0900268554688,555.97998046875,548.1119384765625,1599000,0.0,0.0
2025-09-19 00:00:00-04:00,557.9600219726562,562.7899780273438,555.0,559.75,551.8285522460938,1237100,0.0,0.0
2025-09-22 00:00:00-04:00,559.0,571.72998046875,557.0,568.0599975585938,560.0210571289062,838700,0.0,0.0
2025-09-23 00:00:00-04:00,566.0,570.969970703125,565.6199951171875,568.9400024414062,560.8884887695312,650800,0.0,0.0
2025-09-24 00:00:00-04:00,566.0,567.9299926757812,558.3200073242188,566.4199829101562,558.4042358398438,710900,0.0,0.0
2025-09-25 00:00:00-04:00,564.0,566.6400146484375,559.0499877929688,564.6599731445312,556.6691284179688,484800,0.0,0.0
2025-09-26 00:00:00-04:00,565.8200073242188,572.7899780273438,564.1300048828125,565.4199829101562,557.4183959960938,579900,0.0,0.0
2025-09-29 00:00:00-04:00,566.8499755859375,571.3699951171875,563.8400268554688,568.9000244140625,560.84912109375,507800,0.0,0.0
2025-09-30 00:00:00-04:00,566.6400146484375,571.8699951171875,562.8599853515625,567.4099731445312,559.3801879882812,460700,0.0,0.0
2025-10-01 00:00:00-04:00,567.010009765625,568.3400268554688,550.1599731445312,552.5900268554688,544.7699584960938,522800,0.0,0.0
2025-10-02 00:00:00-04:00,550.8699951171875,562.6400146484375,545.010009765625,560.77001953125,552.834228515625,660000,0.0,0.0
2025-10-03 00:00:00-04:00,560.5,563.4500122070312,555.0,560.1199951171875,552.1934204101562,386900,0.0,0.0
2025-10-06 00:00:00-04:00,564.0599975585938,568.2000122070312,557.72998046875,564.8099975585938,556.8169555664062,396800,0.0,0.0
2025-10-07 00:00:00-04:00,562.989990234375,572.4000244140625,558.0499877929688,569.1099853515625,561.0562133789062,324100,0.0,0.0
2025-10-08 00:00:00-04:00,567.6500244140625,573.6300048828125,563.9199829101562,566.9400024414062,558.9169311523438,330800,0.0,0.0
2025-10-09 00:00:00-04:00,563.3200073242188,566.760009765625,557.3900146484375,558.2999877929688,550.399169921875,474400,0.0,0.0
2025-10-10 00:00:00-04:00,562.0,562.8099975585938,546.530029296875,546.9500122070312,539.2097778320312,488100,0.0,0.0
2025-10-13 00:00:00-04:00,548.0499877929688,552.4500122070312,545.0,548.3499755859375,540.5899047851562,450200,0.0,0.0
2025-10-14 00:00:00-04:00,547.8499755859375,556.9199829101562,547.0,553.5800170898438,545.7459716796875,367100,0.0,0.0
2025-10-15 00:00:00-04:00,551.72998046875,554.530029296875,543.489990234375,549.4000244140625,541.6251220703125,511100,0.0,0.0
2025-10-16 00:00:00-04:00,550.1799926757812,550.1799926757812,531.780029296875,533.3400268554688,525.7924194335938,773000,0.0,0.0
2025-10-17 00:00:00-04:00,535.0,536.6799926757812,526.0700073242188,534.3499755859375,526.7880249023438,861700,0.0,0.0
2025-10-20 00:00:00-04:00,528.6799926757812,538.6099853515625,525.3099975585938,536.7000122070312,529.1048583984375,603300,0.0,0.0
2025-10-21 00:00:00-04:00,531.780029296875,545.3200073242188,531.780029296875,540.3599853515625,532.7130126953125,686200,0.0,0.0
2025-10-22 00:00:00-04:00,539.8300170898438,545.739990234375,535.989990234375,537.6099853515625,530.0018920898438,514600,0.0,0.0
2025-10-23 00:00:00-04:00,536.5599975585938,539.1900024414062,533.0800170898438,538.75,531.1257934570312,440300,0.0,0.0
2025-10-24 00:00:00-04:00,543.5999755859375,547.8800048828125,538.7899780273438,542.2899780273438,534.6156616210938,394400,0.0,0.0
2025-10-27 00:00:00-04:00,545.5499877929688,548.8499755859375,542.7899780273438,546.8599853515625,539.1210327148438,688300,0.0,0.0
2025-10-28 00:00:00-04:00,553.9199829101562,594.3800048828125,550.9299926757812,593.760009765625,585.3573608398438,1465900,0.0,0.0
2025-10-29 00:00:00-04:00,588.1599731445312,588.2100219726562,560.219970703125,567.5399780273438,559.5083618164062,1140300,0.0,0.0
2025-10-30 00:00:00-04:00,568.5700073242188,589.2000122070312,568.1699829101562,583.1400146484375,574.8876953125,697800,0.0,0.0
2025-10-31 00:00:00-04:00,579.1599731445312,591.469970703125,576.5800170898438,588.5499877929688,580.2210083007812,871400,0.0,0.0
2025-11-03 00:00:00-05:00,586.7100219726562,588.4500122070312,577.7999877929688,581.0999755859375,572.8764038085938,544100,0.0,0.0
2025-11-04 00:00:00-05:00,583.3499755859375,583.6799926757812,570.219970703125,574.9000244140625,566.7642211914062,890800,0.0,0.0
2025-11-05 00:00:00-05:00,572.760009765625,579.7999877929688,570.719970703125,571.9299926757812,563.836181640625,652000,0.0,0.0
2025-11-06 00:00:00-05:00,569.3400268554688,581.97998046875,567.1199951171875,580.3900146484375,572.1765747070312,708900,0.0,0.0
2025-11-07 00:00:00-05:00,578.030029296875,583.6699829101562,576.8499755859375,582.8499755859375,574.6016845703125,552600,0.0,0.0
2025-11-10 00:00:00-05:00,581.8599853515625,582.1500244140625,572.5399780273438,576.9500122070312,568.7852172851562,683900,0.0,0.0
2025-11-11 00:00:00-05:00,579.0800170898438,587.3599853515625,576.4000244140625,584.3900146484375,576.1199951171875,366300,0.0,0.0
2025-11-12 00:00:00-05:00,585.7899780273438,591.0,580.030029296875,580.780029296875,572.5610961914062,620700,0.0,0.0
2025-11-13 00:00:00-05:00,575.97998046875,578.0900268554688,569.6199951171875,573.3400268554688,565.226318359375,530800,0.0,0.0
2025-11-14 00:00:00-05:00,572.010009765625,573.5999755859375,564.52001953125,565.1500244140625,558.9068603515625,423500,1.8,0.0
2025-11-17 00:00:00-05:00,562.1500244140625,570.47998046875,556.0599975585938,557.9299926757812,551.7666015625,674200,0.0,0.0
2025-11-18 00:00:00-05:00,554.8499755859375,562.280029296875,550.010009765625,556.8300170898438,550.6788330078125,655700,0.0,0.0
2025-11-19 00:00:00-05:00,554.8499755859375,563.4299926757812,554.72998046875,559.5900268554688,553.4083251953125,484000,0.0,0.0
2025-11-20 00:00:00-05:00,564.9600219726562,568.6300048828125,558.7000122070312,560.0800170898438,553.8928833007812,572300,0.0,0.0
2025-11-21 00:00:00-05:00,561.3900146484375,570.9099731445312,559.6300048828125,561.989990234375,555.7817993164062,578000,0.0,0.0
2025-11-24 00:00:00-05:00,561.22998046875,567.4099731445312,556.25,556.5999755859375,550.4512329101562,822100,0.0,0.0
2025-11-25 00:00:00-05:00,556.77001953125,565.22998046875,556.0599975585938,562.9199829101562,556.7014770507812,617900,0.0,0.0
2025-11-26 00:00:00-05:00,560.6799926757812,566.989990234375,556.5999755859375,562.739990234375,556.5234985351562,575100,0.0,0.0
2025-11-28 00:00:00-05:00,564.1900024414062,567.2100219726562,560.6400146484375,563.719970703125,557.49267578125,249700,0.0,0.0
2025-12-01 00:00:00-05:00,559.8099975585938,565.7899780273438,558.1599731445312,559.6599731445312,553.4775390625,650000,0.0,0.0
2025-12-02 00:00:00-05:00,558.97998046875,561.5,546.7100219726562,547.2899780273438,541.244140625,749900,0.0,0.0
2025-12-03 00:00:00-05:00,546.1099853515625,553.4400024414062,545.0,545.5599975585938,539.5332641601562,994700,0.0,0.0
2025-12-04 00:00:00-05:00,545.1199951171875,550.0,538.260009765625,540.8499755859375,534.8753051757812,816200,0.0,0.0
2025-12-05 00:00:00-05:00,540.0,544.1400146484375,531.489990234375,538.260009765625,532.31396484375,797600,0.0,0.0
2025-12-08 00:00:00-05:00,535.6900024414062,540.5499877929688,534.5599975585938,536.9000244140625,530.968994140625,899900,0.0,0.0
2025-12-09 00:00:00-05:00,539.6199951171875,544.8699951171875,536.2899780273438,537.219970703125,531.285400390625,598800,0.0,0.0
2025-12-10 00:00:00-05:00,536.260009765625,541.72998046875,530.4099731445312,538.1900024414062,532.2446899414062,1128800,0.0,0.0
2025-12-11 00:00:00-05:00,539.0999755859375,550.6199951171875,539.0999755859375,549.6099853515625,543.53857421875,685300,0.0,0.0
2025-12-12 00:00:00-05:00,552.260009765625,555.9500122070312,546.0900268554688,551.0900268554688,545.002197265625,629600,0.0,0.0
2025-12-15 00:00:00-05:00,551.5,556.6500244140625,549.0900268554688,553.510009765625,547.3955078125,709100,0.0,0.0
2025-12-16 00:00:00-05:00,553.6500244140625,556.52001953125,549.1599731445312,551.22998046875,545.140625,601000,0.0,0.0
2025-12-17 00:00:00-05:00,551.1599731445312,568.280029296875,550.530029296875,560.969970703125,554.7730102539062,705300,0.0,0.0
2025-12-18 00:00:00-05:00,563.1900024414062,570.5999755859375,560.8699951171875,562.4000244140625,556.1873168945312,800500,0.0,0.0
2025-12-19 00:00:00-05:00,559.27001953125,571.9199829101562,559.27001953125,568.280029296875,562.0023193359375,1726500,0.0,0.0
2025-12-22 00:00:00-05:00,567.0999755859375,580.7000122070312,567.0999755859375,576.6400146484375,570.2699584960938,520600,0.0,0.0
2025-12-23 00:00:00-05:00,577.3699951171875,581.7899780273438,573.3200073242188,581.2999877929688,574.87841796875,428000,0.0,0.0
2025-12-24 00:00:00-05:00,581.1300048828125,585.0,579.1500244140625,581.75,575.323486328125,143500,0.0,0.0
2025-12-26 00:00:00-05:00,582.8800048828125,585.989990234375,580.6799926757812,584.989990234375,578.5277709960938,245500,0.0,0.0
2025-12-29 00:00:00-05:00,587.030029296875,587.8800048828125,582.0599975585938,585.760009765625,579.2891845703125,320700,0.0,0.0
2025-12-30 00:00:00-05:00,583.0999755859375,586.219970703125,579.3099975585938,582.25,575.8179931640625,373800,0.0,0.0
