Date,Open,High,Low,Close,Adj Close,Volume,Dividends,Stock Splits
2021-01-04 00:00:00+00:00,2055.0,2065.0,2015.0,2040.0,2038.9132080078125,32001,0.0,0.0
2021-01-05 00:00:00+00:00,2030.0,2060.0,1988.0,2010.0,2008.9293212890625,34370,0.0,0.0
2021-01-06 00:00:00+00:00,2030.0,2050.0,1976.0,2010.0,2008.9293212890625,41781,0.0,0.0
2021-01-07 00:00:00+00:00,2045.0,2060.0,1970.0,1992.0,1990.9388427734375,34097,0.0,0.0
2021-01-08 00:00:00+00:00,2035.0,2050.0,1981.2320556640625,1994.0,1992.9376220703125,46578,0.0,0.0
2021-01-11 00:00:00+00:00,2075.0,2075.0,1956.0,1960.0,1958.9559326171875,23120,0.0,0.0
2021-01-12 00:00:00+00:00,2025.0,2025.0,1932.0,1934.0,1932.9698486328125,45231,0.0,0.0
2021-01-13 00:00:00+00:00,1862.0,1968.0,1862.0,1934.0,1932.9698486328125,60320,0.0,0.0
2021-01-14 00:00:00+00:00,1948.0,1998.0,1852.0,1950.0,1948.961181640625,106208,0.0,0.0
2021-01-15 00:00:00+00:00,1962.0,2020.0,1910.0,1940.0,1938.9664306640625,30281,0.0,0.0
2021-01-18 00:00:00+00:00,1988.0,2020.0,1930.0,1940.0,1938.9664306640625,28206,0.0,0.0
2021-01-19 00:00:00+00:00,1976.0,1984.0,1924.0,1938.0,1936.9676513671875,38723,0.0,0.0
2021-01-20 00:00:00+00:00,1972.0,2005.0,1934.0,1960.0,1958.9559326171875,38461,0.0,0.0
2021-01-21 00:00:00+00:00,1963.0,2025.0,1950.0,1958.0,1956.956787109375,70351,0.0,0.0
2021-01-22 00:00:00+00:00,1998.0,2030.0,1926.0,1926.0,1924.97412109375,181583,0.0,0.0
2021-01-25 00:00:00+00:00,1980.0,2020.0,1924.0,1960.0,1958.9559326171875,66051,0.0,0.0
2021-01-26 00:00:00+00:00,1980.0,2030.0,1958.0,2030.0,2028.9185791015625,59996,0.0,0.0
2021-01-27 00:00:00+00:00,2025.0,2050.0,1974.0,1974.0,1972.9483642578125,46664,0.0,0.0
2021-01-28 00:00:00+00:00,1950.0,1992.0,1928.0,1976.0,1974.947509765625,95112,0.0,0.0
2021-01-29 00:00:00+00:00,1926.0,2000.0,1926.0,1984.0,1982.943115234375,54088,0.0,0.0
2021-02-01 00:00:00+00:00,1972.0,2035.0,1942.0,1990.0,1988.939697265625,61317,0.0,0.0
2021-02-02 00:00:00+00:00,1996.0,2005.0,1944.0,2000.0,1998.9344482421875,33929,0.0,0.0
2021-02-03 00:00:00+00:00,2010.0,2045.0,2000.0,2030.0,2028.9185791015625,52859,0.0,0.0
2021-02-04 00:00:00+00:00,2100.0,2100.0,1990.0,2000.0,1998.9344482421875,261486,0.0,0.0
2021-02-05 00:00:00+00:00,2045.0,2070.0,1962.0,1980.0,1978.9453125,71352,0.0,0.0
2021-02-08 00:00:00+00:00,1972.0,2005.0,1954.0,1968.0,1966.9515380859375,33549,0.0,0.0
2021-02-09 00:00:00+00:00,1980.0,2000.0,1950.0,1998.0,1996.935546875,30702,0.0,0.0
2021-02-10 00:00:00+00:00,1998.0,2030.0,1972.0,2005.0,2003.931884765625,53421,0.0,0.0
2021-02-11 00:00:00+00:00,1956.0,2030.0,1954.0,1994.0,1992.9376220703125,28734,0.0,0.0
2021-02-12 00:00:00+00:00,2050.0,2115.0,1966.0,2010.0,2008.9293212890625,50757,0.0,0.0
2021-02-15 00:00:00+00:00,2100.0,2100.0,1992.0,2000.0,1998.9344482421875,18851,0.0,0.0
2021-02-16 00:00:00+00:00,2045.0,2050.0,1928.0,1938.0,1936.9676513671875,74504,0.0,0.0
2021-02-17 00:00:00+00:00,1940.0,2010.0,1908.0,1924.0,1922.9749755859375,34789,0.0,0.0
2021-02-18 00:00:00+00:00,1880.0,1964.0,1870.0,1920.0,1918.977294921875,43985,0.0,0.0
2021-02-19 00:00:00+00:00,1876.0,1998.0,1869.3599853515625,1896.0,1894.9898681640625,131639,0.0,0.0
2021-02-22 00:00:00+00:00,1868.0,1904.0,1852.0,1860.0,1859.0091552734375,84958,0.0,0.0
2021-02-23 00:00:00+00:00,1850.0,1876.0,1818.0,1818.0,1817.031494140625,65704,0.0,0.0
2021-02-24 00:00:00+00:00,1750.0,1863.0,1750.0,1808.0,1807.0367431640625,75597,0.0,0.0
2021-02-25 00:00:00+00:00,1808.0,1840.0,1770.0,1780.0,1779.0516357421875,74990,0.0,0.0
2021-02-26 00:00:00+00:00,1778.0,1822.0,1760.0,1792.0,1791.0455322265625,105782,0.0,0.0
2021-03-01 00:00:00+00:00,1870.0,1870.0,1818.0,1854.0,1853.0123291015625,225515,0.0,0.0
2021-03-02 00:00:00+00:00,1866.0,1926.0,1856.0,1862.0,1861.008056640625,35510,0.0,0.0
2021-03-03 00:00:00+00:00,1902.0,1928.0,1862.0,1862.0,1861.008056640625,208601,0.0,0.0
2021-03-04 00:00:00+00:00,1900.0,1930.0,1852.0,1860.0,1859.0499267578125,51556,4.1,0.0
2021-03-05 00:00:00+00:00,1852.0,1882.0,1810.0,1810.0,1809.0753173828125,98319,0.0,0.0
2021-03-08 00:00:00+00:00,1928.0,1928.0,1800.0,1812.0,1811.0743408203125,237972,0.0,0.0
2021-03-09 00:00:00+00:00,1804.0,1895.0340576171875,1804.0,1820.0,1819.070556640625,47853,0.0,0.0
2021-03-10 00:00:00+00:00,1912.0,1928.0,1799.0909423828125,1802.0,1801.07958984375,35519,0.0,0.0
2021-03-11 00:00:00+00:00,1886.0,1886.0,1820.0,1856.0,1855.052001953125,112851,0.0,0.0
2021-03-12 00:00:00+00:00,1844.0,1852.0,1802.0,1806.0,1805.07763671875,44207,0.0,0.0
2021-03-15 00:00:00+00:00,1880.0,1880.0,1790.0,1804.0,1803.07861328125,26257,0.0,0.0
2021-03-16 00:00:00+00:00,1790.0,1834.0,1790.0,1826.0,1825.0673828125,42424,0.0,0.0
2021-03-17 00:00:00+00:00,1804.0,1826.0,1776.0,1790.0,1789.0859375,203063,0.0,0.0
2021-03-18 00:00:00+00:00,1776.0,1806.0,1774.0,1782.0,1781.08984375,220758,0.0,0.0
2021-03-19 00:00:00+00:00,1782.0,1796.0,1726.0,1730.0,1729.116455078125,228218,0.0,0.0
2021-03-22 00:00:00+00:00,1804.0,1804.0,1744.0,1764.0,1763.098876953125,120923,0.0,0.0
2021-03-23 00:00:00+00:00,1746.0,1776.0,1742.0,1754.0,1753.10400390625,81627,0.0,0.0
2021-03-24 00:00:00+00:00,1752.0,1780.0,1746.0,1748.0,1747.107177734375,42856,0.0,0.0
2021-03-25 00:00:00+00:00,1714.0,1810.0,1700.0,1792.0,1791.0848388671875,95435,0.0,0.0
2021-03-26 00:00:00+00:00,1940.0,2095.0,1928.0,2000.0,1998.9783935546875,210789,0.0,0.0
2021-03-29 00:00:00+01:00,2050.0,2095.0,1928.0,1952.0,1951.003173828125,90309,0.0,0.0
2021-03-30 00:00:00+01:00,2040.0,2040.0,1924.0,1948.0,1947.0050048828125,36045,0.0,0.0
2021-03-31 00:00:00+01:00,1856.0,1942.0,1856.0,1906.0,1905.026611328125,60084,0.0,0.0
2021-04-01 00:00:00+01:00,1942.0,2015.0,1917.9200439453125,2005.0,2003.975830078125,298584,0.0,0.0
2021-04-06 00:00:00+01:00,2035.0,2100.0,2016.449951171875,2050.0,2048.952392578125,103971,0.0,0.0
2021-04-07 00:00:00+01:00,2065.0,2075.0,2045.0,2055.0,2053.950927734375,100801,0.0,0.0
2021-04-08 00:00:00+01:00,2145.0,2160.906005859375,2060.0,2105.0,2103.925048828125,82433,0.0,0.0
2021-04-09 00:00:00+01:00,2120.0,2245.0,2095.0,2145.0,2143.904541015625,95546,0.0,0.0
2021-04-12 00:00:00+01:00,2210.0,2355.0,2068.800048828125,2150.0,2148.902099609375,48803,0.0,0.0
2021-04-13 00:00:00+01:00,2105.0,2175.0,2105.0,2175.0,2173.888916015625,41605,0.0,0.0
2021-04-14 00:00:00+01:00,2240.0,2240.0,2159.930908203125,2200.0,2198.876220703125,28560,0.0,0.0
2021-04-15 00:00:00+01:00,2285.0,2350.0,2125.0,2205.0,2203.8740234375,51899,0.0,0.0
2021-04-16 00:00:00+01:00,2100.0,2210.0,2100.0,2175.0,2173.888916015625,35869,0.0,0.0
2021-04-19 00:00:00+01:00,2165.0,2240.0,2105.0,2145.0,2143.904541015625,37435,0.0,0.0
2021-04-20 00:00:00+01:00,2100.0,2145.0,2043.52001953125,2090.0,2088.9326171875,37048,0.0,0.0
2021-04-21 00:00:00+01:00,2040.0,2195.0,2020.0,2040.0,2038.9581298828125,26668,0.0,0.0
2021-04-22 00:00:00+01:00,2145.0,2180.0,2010.0,2050.0,2048.952392578125,46696,0.0,0.0
2021-04-23 00:00:00+01:00,1994.0,2120.0,1991.93994140625,2085.0,2083.934814453125,80012,0.0,0.0
2021-04-26 00:00:00+01:00,2150.0,2170.0,2055.0,2070.0,2068.94287109375,31724,0.0,0.0
2021-04-27 00:00:00+01:00,2105.0,2165.0,2020.0,2020.0,2018.9681396484375,41593,0.0,0.0
2021-04-28 00:00:00+01:00,1982.0,2060.0,1982.0,2020.0,2018.9681396484375,132289,0.0,0.0
2021-04-29 00:00:00+01:00,2010.0,2105.0,1996.0,2105.0,2103.925048828125,60068,0.0,0.0
2021-04-30 00:00:00+01:00,2160.0,2190.0,2070.5,2180.0,2178.886474609375,104296,0.0,0.0
2021-05-04 00:00:00+01:00,2165.0,2205.0,2085.0,2090.0,2088.9326171875,59559,0.0,0.0
2021-05-05 00:00:00+01:00,2120.0,2160.0,2090.0,2115.0,2113.919921875,29318,0.0,0.0
2021-05-06 00:00:00+01:00,2155.0,2195.0,2065.0,2135.0,2133.90966796875,40935,0.0,0.0
2021-05-07 00:00:00+01:00,2145.0,2199.5,2110.0,2195.0,2193.87890625,27407,0.0,0.0
2021-05-10 00:00:00+01:00,2235.0,2250.0,2140.0,2140.0,2138.906982421875,34986,0.0,0.0
2021-05-11 00:00:00+01:00,2075.0,2120.0,2040.0,2075.0,2073.940185546875,29759,0.0,0.0
2021-05-12 00:00:00+01:00,2055.0,2065.0,1900.0,2050.0,2048.952392578125,41988,0.0,0.0
2021-05-13 00:00:00+01:00,1978.0,2065.0,1978.0,2065.0,2063.9453125,96890,0.0,0.0
2021-05-14 00:00:00+01:00,2150.0,2150.0,1996.0,2065.0,2063.9453125,23348,0.0,0.0
2021-05-17 00:00:00+01:00,2060.0,2155.0,1974.0,2030.0,2028.9632568359375,17994,0.0,0.0
2021-05-18 00:00:00+01:00,2045.0,2060.0,1982.0,2015.0,2013.970703125,28386,0.0,0.0
2021-05-19 00:00:00+01:00,1994.0,2045.0,1894.0,2045.0,2043.9556884765625,35857,0.0,0.0
2021-05-20 00:00:00+01:00,2110.0,2110.0,2015.0,2040.0,2038.9581298828125,193703,0.0,0.0
2021-05-21 00:00:00+01:00,2020.0,2095.0,2015.0,2040.0,2038.9581298828125,27003,0.0,0.0
2021-05-24 00:00:00+01:00,2135.0,2205.0,1996.0,2040.0,2038.9581298828125,20958,0.0,0.0
2021-05-25 00:00:00+01:00,1976.0,2108.0,1946.0,2055.0,2053.950927734375,75581,0.0,0.0
2021-05-26 00:00:00+01:00,2150.0,2150.0,2010.0,2060.0,2058.94775390625,52094,0.0,0.0
2021-05-27 00:00:00+01:00,2150.0,2168.201904296875,1972.0,2085.0,2083.934814453125,60975,0.0,0.0
2021-05-28 00:00:00+01:00,2110.0,2150.0,2050.0,2070.0,2068.94287109375,37282,0.0,0.0
2021-06-01 00:00:00+01:00,2160.0,2210.0,1976.0,2110.0,2108.922119140625,41516,0.0,0.0
2021-06-02 00:00:00+01:00,2105.0,2215.0,1986.0,2170.0,2168.8916015625,37417,0.0,0.0
2021-06-03 00:00:00+01:00,2165.0,2177.930908203125,2100.0,2130.0,2128.91162109375,37552,0.0,0.0
2021-06-04 00:00:00+01:00,2145.0,2145.0,2020.0,2070.0,2068.94287109375,29182,0.0,0.0
2021-06-07 00:00:00+01:00,2060.0,2145.0,2015.0,2145.0,2143.904541015625,44740,0.0,0.0
2021-06-08 00:00:00+01:00,2200.0,2230.0,2030.0,2095.0,2093.9296875,583370,0.0,0.0
2021-06-09 00:00:00+01:00,2110.0,2110.0,2060.0,2085.0,2083.934814453125,93092,0.0,0.0
2021-06-10 00:00:00+01:00,2085.0,2110.0,2045.0,2110.0,2108.922119140625,69247,0.0,0.0
2021-06-11 00:00:00+01:00,2160.0,2205.0,2095.0,2160.0,2158.896728515625,62877,0.0,0.0
2021-06-14 00:00:00+01:00,2205.0,2220.0,2105.0,2170.0,2168.8916015625,35184,0.0,0.0
2021-06-15 00:00:00+01:00,2225.0,2245.0,2145.0,2245.0,2243.853271484375,103146,0.0,0.0
2021-06-16 00:00:00+01:00,2250.0,2295.0,2205.0,2265.0,2263.843017578125,130272,0.0,0.0
2021-06-17 00:00:00+01:00,2280.0,2345.0,2235.0,2260.0,2258.845703125,91209,0.0,0.0
2021-06-18 00:00:00+01:00,2255.0,2310.0,2235.0,2310.0,2308.820068359375,146416,0.0,0.0
2021-06-21 00:00:00+01:00,2350.0,2375.0,2235.0,2275.0,2273.837646484375,89337,0.0,0.0
2021-06-22 00:00:00+01:00,2290.0,2345.0,2270.0,2345.0,2343.802490234375,74471,0.0,0.0
2021-06-23 00:00:00+01:00,2330.0,2390.0,2215.0,2345.0,2343.802490234375,63637,0.0,0.0
2021-06-24 00:00:00+01:00,2360.0,2360.0,2275.0,2310.0,2308.820068359375,136986,0.0,0.0
2021-06-25 00:00:00+01:00,2295.0,2395.0,2283.863037109375,2335.0,2333.807373046875,43271,0.0,0.0
2021-06-28 00:00:00+01:00,2255.0,2355.0,2255.0,2330.0,2328.809814453125,47291,0.0,0.0
2021-06-29 00:00:00+01:00,2360.0,2405.0,2325.0,2355.0,2353.79736328125,103407,0.0,0.0
2021-06-30 00:00:00+01:00,2350.0,2395.0,2305.0,2310.0,2308.820068359375,60027,0.0,0.0
2021-07-01 00:00:00+01:00,2325.0,2365.0,2245.0,2285.0,2283.8330078125,54675,0.0,0.0
2021-07-02 00:00:00+01:00,2325.0,2415.0,2230.0,2310.0,2308.820068359375,17425,0.0,0.0
2021-07-05 00:00:00+01:00,2280.0,2395.0,2280.0,2380.0,2378.78466796875,36587,0.0,0.0
2021-07-06 00:00:00+01:00,2335.0,2440.0,2318.259033203125,2430.0,2428.758544921875,69957,0.0,0.0
2021-07-07 00:00:00+01:00,2430.0,2505.0,2400.0,2470.0,2468.73828125,277816,0.0,0.0
2021-07-08 00:00:00+01:00,2425.0,2465.0,2345.0,2410.0,2408.769287109375,81723,0.0,0.0
2021-07-09 00:00:00+01:00,2425.0,2555.0,2380.0,2460.0,2458.743408203125,28594,0.0,0.0
2021-07-12 00:00:00+01:00,2520.0,2520.0,2435.0,2440.0,2438.753662109375,28970,0.0,0.0
2021-07-13 00:00:00+01:00,2460.0,2550.0,2350.0,2425.0,2423.76171875,33138,0.0,0.0
2021-07-14 00:00:00+01:00,2405.0,2445.0,2355.0,2380.0,2378.78466796875,43268,0.0,0.0
2021-07-15 00:00:00+01:00,2380.0,2410.0,2355.0,2390.0,2388.779296875,49037,0.0,0.0
2021-07-16 00:00:00+01:00,2350.0,2410.0,2350.0,2370.0,2368.7890625,29725,0.0,0.0
2021-07-19 00:00:00+01:00,2310.0,2355.0,2200.0,2250.0,2248.850830078125,36449,0.0,0.0
2021-07-20 00:00:00+01:00,2270.0,2300.0,2263.64990234375,2275.0,2273.837646484375,66005,0.0,0.0
2021-07-21 00:00:00+01:00,2340.0,2400.0,2305.0,2330.0,2328.809814453125,40682,0.0,0.0
2021-07-22 00:00:00+01:00,2330.0,2420.0,2325.0,2390.0,2388.779296875,27310,0.0,0.0
2021-07-23 00:00:00+01:00,2445.0,2445.0,2325.0,2395.0,2393.77685546875,19134,0.0,0.0
2021-07-26 00:00:00+01:00,2300.0,2475.0,2230.0,2465.0,2463.741455078125,28654,0.0,0.0
2021-07-27 00:00:00+01:00,2345.0,2460.0,2345.0,2400.0,2398.7744140625,140397,0.0,0.0
2021-07-28 00:00:00+01:00,2475.0,2505.0,2335.0,2435.0,2433.756591796875,54633,0.0,0.0
2021-07-29 00:00:00+01:00,2550.0,2550.0,2425.0,2490.0,2488.727783203125,63847,0.0,0.0
2021-07-30 00:00:00+01:00,2440.0,2470.0,2270.0,2410.0,2408.769287109375,42119,0.0,0.0
2021-08-02 00:00:00+01:00,2475.0,2541.0,2340.0,2515.0,2513.715576171875,46401,0.0,0.0
2021-08-03 00:00:00+01:00,2525.0,2580.0,2380.0,2475.0,2473.735595703125,30482,0.0,0.0
2021-08-04 00:00:00+01:00,2410.0,2560.0,2405.0,2560.0,2558.69287109375,37716,0.0,0.0
2021-08-05 00:00:00+01:00,2495.0,2638.39990234375,2415.0,2575.0,2573.68505859375,167612,0.0,0.0
2021-08-06 00:00:00+01:00,2580.0,2605.0,2520.0,2550.0,2548.697265625,113808,0.0,0.0
2021-08-09 00:00:00+01:00,2620.0,2620.0,2485.0,2485.0,2483.73046875,41780,0.0,0.0
2021-08-10 00:00:00+01:00,2510.0,2555.0,2426.25,2515.0,2513.715576171875,33720,0.0,0.0
2021-08-11 00:00:00+01:00,2575.0,2705.0,2495.0,2500.0,2498.7236328125,45649,0.0,0.0
2021-08-12 00:00:00+01:00,2580.0,2590.0,2490.0,2515.0,2513.715576171875,19161,0.0,0.0
2021-08-13 00:00:00+01:00,2485.0,2535.0,2480.0,2500.0,2498.7236328125,11585,0.0,0.0
2021-08-16 00:00:00+01:00,2410.0,2520.0,2410.0,2490.0,2488.727783203125,10639,0.0,0.0
2021-08-17 00:00:00+01:00,2475.0,2530.0,2405.0,2500.0,2498.7236328125,101140,0.0,0.0
2021-08-18 00:00:00+01:00,2435.0,2540.0,2423.75,2500.0,2498.7236328125,36482,0.0,0.0
2021-08-19 00:00:00+01:00,2460.0,2500.0,2429.988037109375,2500.0,2498.7236328125,23949,0.0,0.0
2021-08-20 00:00:00+01:00,2500.0,2555.0,2425.0,2515.0,2513.715576171875,10438,0.0,0.0
2021-08-23 00:00:00+01:00,2520.0,2620.0,2489.5,2545.0,2543.700439453125,15251,0.0,0.0
2021-08-24 00:00:00+01:00,2545.0,2700.0,2415.0,2555.0,2553.69482421875,17348,0.0,0.0
2021-08-25 00:00:00+01:00,2555.0,2645.0,2524.988037109375,2585.0,2583.679931640625,19459,0.0,0.0
2021-08-26 00:00:00+01:00,2610.0,2680.0,2545.0,2615.0,2613.66455078125,15323,0.0,0.0
2021-08-27 00:00:00+01:00,2590.0,2730.0,2575.0,2680.0,2678.631103515625,36362,0.0,0.0
2021-08-31 00:00:00+01:00,2680.0,2725.0,2505.0,2615.0,2613.66455078125,57887,0.0,0.0
2021-09-01 00:00:00+01:00,2650.0,2720.0,2560.0,2605.0,2603.66943359375,38466,0.0,0.0
2021-09-02 00:00:00+01:00,2590.0,2725.0,2515.0,2650.0,2648.646484375,46778,0.0,0.0
2021-09-03 00:00:00+01:00,2580.0,2700.0,2535.0,2650.0,2648.646484375,64344,0.0,0.0
2021-09-06 00:00:00+01:00,2685.0,2725.0,2620.0,2645.0,2643.64892578125,49427,0.0,0.0
2021-09-07 00:00:00+01:00,2645.0,2680.0,2620.0,2650.0,2648.646484375,232106,0.0,0.0
2021-09-08 00:00:00+01:00,2625.0,2680.0,2540.0,2565.0,2563.689697265625,30034,0.0,0.0
2021-09-09 00:00:00+01:00,2545.0,2630.0,2480.0,2545.0,2543.828369140625,23697,12.9,0.0
2021-09-10 00:00:00+01:00,2535.0,2590.0,2495.0,2570.0,2568.816650390625,25666,0.0,0.0
2021-09-13 00:00:00+01:00,2555.0,2600.0,2465.0,2510.0,2508.84423828125,63753,0.0,0.0
2021-09-14 00:00:00+01:00,2475.0,2565.0,2475.0,2510.0,2508.84423828125,46737,0.0,0.0
2021-09-15 00:00:00+01:00,2530.0,2570.0,2455.0,2455.0,2453.86962890625,18259,0.0,0.0
2021-09-16 00:00:00+01:00,2495.0,2555.0,2425.0,2440.0,2438.87646484375,37626,0.0,0.0
2021-09-17 00:00:00+01:00,2470.0,2535.0,2415.0,2450.0,2448.871826171875,74646,0.0,0.0
2021-09-20 00:00:00+01:00,2410.0,2450.0,2341.780029296875,2365.0,2363.910888671875,43535,0.0,0.0
2021-09-21 00:00:00+01:00,2415.0,2490.0,2408.0,2440.0,2438.87646484375,92237,0.0,0.0
2021-09-22 00:00:00+01:00,2400.0,2470.0,2345.0,2355.0,2353.915771484375,69344,0.0,0.0
2021-09-23 00:00:00+01:00,2395.0,2430.0,2360.0,2430.0,2428.880859375,140319,0.0,0.0
2021-09-24 00:00:00+01:00,2415.0,2530.0,2380.0,2380.0,2378.904052734375,69568,0.0,0.0
2021-09-27 00:00:00+01:00,2410.0,2430.0,2320.0,2320.0,2318.931884765625,34228,0.0,0.0
2021-09-28 00:00:00+01:00,2295.0,2400.0,2230.0,2300.0,2298.941162109375,133395,0.0,0.0
2021-09-29 00:00:00+01:00,2320.0,2360.0,2290.0,2355.0,2353.915771484375,36402,0.0,0.0
2021-09-30 00:00:00+01:00,2370.0,2450.0,2280.0,2280.0,2278.9501953125,152936,0.0,0.0
2021-10-01 00:00:00+01:00,2235.0,2300.0,2227.625,2250.0,2248.9638671875,34299,0.0,0.0
2021-10-04 00:00:00+01:00,2340.0,2355.0,2190.0,2190.0,2188.991455078125,45360,0.0,0.0
2021-10-05 00:00:00+01:00,2180.0,2285.0,2115.0,2265.0,2263.95703125,43985,0.0,0.0
2021-10-06 00:00:00+01:00,2250.0,2285.0,2200.0,2215.0,2213.97998046875,59864,0.0,0.0
2021-10-07 00:00:00+01:00,2230.0,2285.0,2200.0,2245.0,2243.9658203125,59910,0.0,0.0
2021-10-08 00:00:00+01:00,2350.0,2350.0,2235.0,2265.0,2263.95703125,94310,0.0,0.0
2021-10-11 00:00:00+01:00,2255.0,2375.0,2215.0,2265.0,2263.95703125,49413,0.0,0.0
2021-10-12 00:00:00+01:00,2260.0,2335.0,2180.0,2320.0,2318.931884765625,38503,0.0,0.0
2021-10-13 00:00:00+01:00,2310.0,2380.0,2245.0,2360.0,2358.9130859375,316000,0.0,0.0
2021-10-14 00:00:00+01:00,2375.0,2430.0,2345.0,2375.0,2373.90673828125,61653,0.0,0.0
2021-10-15 00:00:00+01:00,2400.0,2405.0,2355.0,2390.0,2388.8994140625,40281,0.0,0.0
2021-10-18 00:00:00+01:00,2335.0,2435.0,2335.0,2420.0,2418.885498046875,27016,0.0,0.0
2021-10-19 00:00:00+01:00,2480.0,2520.0,2300.0,2400.0,2398.89501953125,39788,0.0,0.0
2021-10-20 00:00:00+01:00,2455.0,2455.0,2340.0,2340.0,2338.922119140625,31003,0.0,0.0
2021-10-21 00:00:00+01:00,2330.0,2405.0,2275.0,2370.0,2368.908203125,26190,0.0,0.0
2021-10-22 00:00:00+01:00,2370.0,2420.0,2246.25,2370.0,2368.908203125,93203,0.0,0.0
2021-10-25 00:00:00+01:00,2325.0,2384.800048828125,2305.0,2350.0,2348.91748046875,23212,0.0,0.0
2021-10-26 00:00:00+01:00,2355.0,2405.0,2305.0,2395.0,2393.89697265625,34417,0.0,0.0
2021-10-27 00:00:00+01:00,2390.0,2420.0,2315.0,2325.0,2323.928955078125,45546,0.0,0.0
2021-10-28 00:00:00+01:00,2225.0,2360.0,2045.0,2330.0,2328.927001953125,35896,0.0,0.0
2021-10-29 00:00:00+01:00,2330.0,2340.0,2275.0,2305.0,2303.9384765625,36044,0.0,0.0
2021-11-01 00:00:00+00:00,2330.0,2380.0,2275.0,2355.0,2353.915771484375,27677,0.0,0.0
2021-11-02 00:00:00+00:00,2405.0,2470.0,2330.0,2335.0,2333.9248046875,22539,0.0,0.0
2021-11-03 00:00:00+00:00,2345.0,2370.0,2335.0,2340.0,2338.922119140625,118268,0.0,0.0
2021-11-04 00:00:00+00:00,2345.0,2440.0,2275.0,2380.0,2378.904052734375,146762,0.0,0.0
2021-11-05 00:00:00+00:00,2340.0,2460.0,2275.0,2400.0,2398.89501953125,29309,0.0,0.0
2021-11-08 00:00:00+00:00,2345.0,2415.0,2280.0,2400.0,2398.89501953125,46781,0.0,0.0
2021-11-09 00:00:00+00:00,2420.0,2500.0,2245.0,2305.0,2303.9384765625,132162,0.0,0.0
2021-11-10 00:00:00+00:00,2405.0,2600.0,2255.0,2255.0,2253.96142578125,205809,0.0,0.0
2021-11-11 00:00:00+00:00,2310.0,2310.0,2143.0,2150.0,2149.01025390625,233691,0.0,0.0
2021-11-12 00:00:00+00:00,2165.0,2260.0,2160.0,2260.0,2258.95947265625,168094,0.0,0.0
2021-11-15 00:00:00+00:00,2265.0,2300.0,2240.0,2260.0,2258.95947265625,40681,0.0,0.0
2021-11-16 00:00:00+00:00,2275.0,2325.0,2230.0,2320.0,2318.931884765625,77341,0.0,0.0
2021-11-17 00:00:00+00:00,2315.0,2370.0,2280.0,2325.0,2323.928955078125,60380,0.0,0.0
2021-11-18 00:00:00+00:00,2345.0,2360.0,2305.0,2350.0,2348.91748046875,64330,0.0,0.0
2021-11-19 00:00:00+00:00,2330.0,2368.199951171875,2320.0,2350.0,2348.91748046875,77730,0.0,0.0
2021-11-22 00:00:00+00:00,2305.0,2370.0,2305.0,2350.0,2348.91748046875,37151,0.0,0.0
2021-11-23 00:00:00+00:00,2335.0,2365.0,2254.10009765625,2260.0,2258.95947265625,64744,0.0,0.0
2021-11-24 00:00:00+00:00,2320.0,2365.0,2245.0,2275.0,2273.9521484375,37802,0.0,0.0
2021-11-25 00:00:00+00:00,2285.0,2300.0,2265.0,2280.0,2278.9501953125,23523,0.0,0.0
2021-11-26 00:00:00+00:00,2275.0,2295.0,2230.0,2270.0,2268.955078125,49280,0.0,0.0
2021-11-29 00:00:00+00:00,2300.0,2354.60009765625,2275.0,2290.0,2288.945068359375,98402,0.0,0.0
2021-11-30 00:00:00+00:00,2255.0,2330.0,2255.0,2300.0,2298.941162109375,49793,0.0,0.0
2021-12-01 00:00:00+00:00,2370.0,2375.0,2300.0,2355.0,2353.915771484375,46225,0.0,0.0
2021-12-02 00:00:00+00:00,2335.0,2370.0,2300.0,2340.0,2338.9658203125,160431,4.4,0.0
2021-12-03 00:00:00+00:00,2340.0,2350.0,2335.0,2340.0,2338.9658203125,88336,0.0,0.0
2021-12-06 00:00:00+00:00,2360.0,2385.0,2345.0,2360.0,2358.95703125,28624,0.0,0.0
2021-12-07 00:00:00+00:00,2350.0,2460.0,2350.0,2435.0,2433.924560546875,34528,0.0,0.0
2021-12-08 00:00:00+00:00,2480.0,2480.0,2400.0,2435.0,2433.924560546875,45616,0.0,0.0
2021-12-09 00:00:00+00:00,2415.0,2440.0,2275.0,2410.0,2408.93505859375,55331,0.0,0.0
2021-12-10 00:00:00+00:00,2395.0,2440.0,2270.199951171875,2435.0,2433.924560546875,96140,0.0,0.0
2021-12-13 00:00:00+00:00,2435.0,2477.8701171875,2240.0,2430.0,2428.92626953125,32541,0.0,0.0
2021-12-14 00:00:00+00:00,2400.0,2455.0,2400.0,2440.0,2438.921875,126189,0.0,0.0
2021-12-15 00:00:00+00:00,2425.0,2455.0,2420.0,2435.0,2433.924560546875,205495,0.0,0.0
2021-12-16 00:00:00+00:00,2465.0,2525.0,2440.0,2525.0,2523.88427734375,55016,0.0,0.0
2021-12-17 00:00:00+00:00,2515.0,2575.0,2500.0,2575.0,2573.862548828125,129285,0.0,0.0
2021-12-20 00:00:00+00:00,2515.0,2535.0,2485.0,2535.0,2533.8798828125,49406,0.0,0.0
2021-12-21 00:00:00+00:00,2570.0,2575.0,2543.580078125,2555.0,2553.870849609375,40154,0.0,0.0
2021-12-22 00:00:00+00:00,2515.0,2633.89990234375,2505.0,2625.0,2623.840087890625,289604,0.0,0.0
2021-12-23 00:00:00+00:00,2755.0,2755.0,2605.0,2655.0,2653.8271484375,26877,0.0,0.0
2021-12-24 00:00:00+00:00,2630.0,2655.0,2561.25,2610.0,2608.8466796875,6371,0.0,0.0
2021-12-29 00:00:00+00:00,2635.0,2695.0,2630.0,2660.0,2658.82470703125,37987,0.0,0.0
2021-12-30 00:00:00+00:00,2765.0,2830.0,2615.0,2645.0,2643.8310546875,38562,0.0,0.0
2021-12-31 00:00:00+00:00,2630.0,2635.60009765625,2595.0,2630.0,2628.837890625,5575,0.0,0.0
2022-01-04 00:00:00+00:00,2630.0,2712.64697265625,2525.0,2605.0,2603.84912109375,55518,0.0,0.0
2022-01-05 00:00:00+00:00,2635.0,2740.0,2505.0,2590.0,2588.855712890625,51855,0.0,0.0
2022-01-06 00:00:00+00:00,2550.0,2577.5,2470.0,2500.0,2498.89599609375,24188,0.0,0.0
2022-01-07 00:00:00+00:00,2545.0,2655.0,2415.0,2490.0,2488.8994140625,43768,0.0,0.0
2022-01-10 00:00:00+00:00,2595.0,2595.0,2390.0,2410.0,2408.93505859375,146337,0.0,0.0
2022-01-11 00:00:00+00:00,2415.0,2465.0,2373.7880859375,2400.0,2398.939697265625,20045,0.0,0.0
2022-01-12 00:00:00+00:00,2425.0,2575.0,2380.0,2385.0,2383.9462890625,17467,0.0,0.0
2022-01-13 00:00:00+00:00,2380.0,2515.0,2320.0,2355.0,2353.959716796875,30322,0.0,0.0
2022-01-14 00:00:00+00:00,2410.0,2450.0,2257.5,2260.0,2259.001708984375,20985,0.0,0.0
2022-01-17 00:00:00+00:00,2265.0,2360.0,2223.860107421875,2360.0,2358.95703125,49900,0.0,0.0
2022-01-18 00:00:00+00:00,2395.0,2395.0,2285.0,2285.0,2283.99072265625,39204,0.0,0.0
2022-01-19 00:00:00+00:00,2265.0,2305.0,2220.0,2220.0,2219.01953125,39753,0.0,0.0
2022-01-20 00:00:00+00:00,2240.0,2280.0,2200.0,2225.0,2224.01708984375,156845,0.0,0.0
2022-01-21 00:00:00+00:00,2235.0,2280.64990234375,2190.0,2250.0,2249.005859375,41511,0.0,0.0
2022-01-24 00:00:00+00:00,2240.0,2240.0,2080.0,2120.0,2119.063232421875,65608,0.0,0.0
2022-01-25 00:00:00+00:00,2100.0,2145.0,2085.0,2105.0,2104.0703125,166290,0.0,0.0
2022-01-26 00:00:00+00:00,2140.0,2162.262939453125,2110.0,2130.0,2129.05859375,162916,0.0,0.0
2022-01-27 00:00:00+00:00,2100.0,2125.0,2050.0,2100.0,2099.072265625,50729,0.0,0.0
2022-01-28 00:00:00+00:00,2040.0,2131.180908203125,2040.0,2045.0,2044.0966796875,95551,0.0,0.0
2022-01-31 00:00:00+00:00,2140.0,2235.0,2070.0,2165.0,2164.04345703125,398183,0.0,0.0
2022-02-01 00:00:00+00:00,2165.0,2225.0,2155.0,2180.0,2179.036865234375,101047,0.0,0.0
2022-02-02 00:00:00+00:00,2180.0,2225.0,2160.0,2195.0,2194.0302734375,78341,0.0,0.0
2022-02-03 00:00:00+00:00,2185.0,2205.0,2135.0,2140.0,2139.054443359375,224557,0.0,0.0
2022-02-04 00:00:00+00:00,2140.0,2197.262939453125,2065.0,2065.0,2064.087646484375,67629,0.0,0.0
2022-02-07 00:00:00+00:00,2035.0,2085.0,2035.0,2075.0,2074.083251953125,24241,0.0,0.0
2022-02-08 00:00:00+00:00,2080.0,2110.0,2025.0,2040.0,2039.0987548828125,97404,0.0,0.0
2022-02-09 00:00:00+00:00,2080.0,2160.0,1992.8800048828125,2140.0,2139.054443359375,152144,0.0,0.0
2022-02-10 00:00:00+00:00,2125.0,2160.0,2065.0,2085.0,2084.07861328125,25729,0.0,0.0
2022-02-11 00:00:00+00:00,2080.0,2125.0,2040.0,2080.0,2079.0810546875,83420,0.0,0.0
2022-02-14 00:00:00+00:00,2060.0,2080.0,2002.699951171875,2030.0,2029.10302734375,36656,0.0,0.0
2022-02-15 00:00:00+00:00,2030.0,2050.0,2015.0,2020.0,2019.107421875,82177,0.0,0.0
2022-02-16 00:00:00+00:00,2080.0,2090.0,1958.0,2010.0,2009.112060546875,285426,0.0,0.0
2022-02-17 00:00:00+00:00,1900.0,2015.0,1900.0,1944.0,1943.1409912109375,44478,0.0,0.0
2022-02-18 00:00:00+00:00,1944.0,1960.0,1882.0,1942.0,1941.141845703125,61258,0.0,0.0
2022-02-21 00:00:00+00:00,1964.0,1964.0,1875.0,1932.0,1931.1463623046875,49317,0.0,0.0
2022-02-22 00:00:00+00:00,1908.0,1962.0,1866.0,1962.0,1961.133056640625,117804,0.0,0.0
2022-02-23 00:00:00+00:00,1960.0,2085.0,1944.0,2025.0,2024.105224609375,403210,0.0,0.0
2022-02-24 00:00:00+00:00,1930.0,2009.0,1872.0,1980.0,1979.1253662109375,200871,0.0,0.0
2022-02-25 00:00:00+00:00,1980.0,2040.0,1974.0,2020.0,2019.107421875,65332,0.0,0.0
2022-02-28 00:00:00+00:00,2000.0,2770.0,2000.0,2665.0,2663.822509765625,2489219,0.0,0.0
2022-03-01 00:00:00+00:00,2640.0,2680.0,2595.0,2600.0,2598.85107421875,760835,0.0,0.0
2022-03-02 00:00:00+00:00,2665.0,2670.548095703125,2455.0,2660.0,2658.82470703125,296610,0.0,0.0
2022-03-03 00:00:00+00:00,2665.0,2700.0,2520.0,2520.0,2518.886474609375,258108,0.0,0.0
2022-03-04 00:00:00+00:00,2500.0,2560.0,2150.0,2280.0,2278.99267578125,394678,0.0,0.0
2022-03-07 00:00:00+00:00,1802.0,1892.0,1600.0,1760.0,1759.222412109375,981068,0.0,0.0
2022-03-08 00:00:00+00:00,1770.0,1819.5999755859375,1704.0,1770.0,1769.218017578125,403369,0.0,0.0
2022-03-09 00:00:00+00:00,1814.0,1934.0,1734.0,1912.0,1911.1551513671875,926083,0.0,0.0
2022-03-10 00:00:00+00:00,1864.0,1936.0,1842.800048828125,1920.0,1919.1517333984375,142985,0.0,0.0
2022-03-11 00:00:00+00:00,1900.0,2025.0,1900.0,2015.0,2014.109619140625,175035,0.0,0.0
2022-03-14 00:00:00+00:00,1998.0,2105.0,1982.0,2000.0,1999.1163330078125,135415,0.0,0.0
2022-03-15 00:00:00+00:00,2105.0,2105.0,1962.0,2025.0,2024.105224609375,178345,0.0,0.0
2022-03-16 00:00:00+00:00,2100.0,2170.0,2045.0,2150.0,2149.05029296875,274383,0.0,0.0
2022-03-17 00:00:00+00:00,2140.0,2190.0,2045.0,2070.0,2069.08544921875,90041,0.0,0.0
2022-03-18 00:00:00+00:00,2110.0,2220.0,2035.0,2150.0,2149.05029296875,157471,0.0,0.0
2022-03-21 00:00:00+00:00,2180.0,2215.0,2125.0,2175.0,2174.038818359375,54765,0.0,0.0
2022-03-22 00:00:00+00:00,2130.0,2180.0,2105.0,2105.0,2104.0703125,57187,0.0,0.0
2022-03-23 00:00:00+00:00,2100.0,2150.0,2100.0,2145.0,2144.052490234375,84604,0.0,0.0
2022-03-24 00:00:00+00:00,2160.0,2160.0,2100.0,2115.0,2114.06591796875,61816,0.0,0.0
2022-03-25 00:00:00+00:00,2100.0,2180.0,2100.0,2125.0,2124.06103515625,35945,0.0,0.0
2022-03-28 00:00:00+01:00,2135.0,2225.0,2050.0,2085.0,2084.07861328125,37683,0.0,0.0
2022-03-29 00:00:00+01:00,2070.0,2205.0,2070.0,2170.0,2169.041259765625,55874,0.0,0.0
2022-03-30 00:00:00+01:00,2260.0,2265.0,2085.0,2110.0,2109.067626953125,63514,0.0,0.0
2022-03-31 00:00:00+01:00,2110.0,2135.0,2045.0,2110.0,2109.067626953125,131451,0.0,0.0
2022-04-01 00:00:00+01:00,2210.0,2260.0,2090.0,2105.0,2104.0703125,35607,0.0,0.0
2022-04-04 00:00:00+01:00,2180.0,2195.0,2077.52490234375,2140.0,2139.054443359375,256420,0.0,0.0
2022-04-05 00:00:00+01:00,2135.0,2165.0,2095.0,2100.0,2099.072265625,170475,0.0,0.0
2022-04-06 00:00:00+01:00,2100.0,2130.0,2055.0,2090.0,2089.076904296875,123323,0.0,0.0
2022-04-07 00:00:00+01:00,2090.0,2165.0,2065.0,2105.0,2104.0703125,65913,0.0,0.0
2022-04-08 00:00:00+01:00,2135.0,2135.0,2055.0,2075.0,2074.083251953125,40506,0.0,0.0
2022-04-11 00:00:00+01:00,2075.0,2085.0,2025.0,2025.0,2024.105224609375,167388,0.0,0.0
2022-04-12 00:00:00+01:00,2025.0,2090.0,1997.5,2075.0,2074.083251953125,62086,0.0,0.0
2022-04-13 00:00:00+01:00,2105.0,2270.0,2105.0,2195.0,2194.0302734375,191877,0.0,0.0
2022-04-14 00:00:00+01:00,2250.0,2265.0,2165.0,2190.0,2189.0322265625,313522,0.0,0.0
2022-04-19 00:00:00+01:00,2175.0,2220.0,2135.39794921875,2200.0,2199.02783203125,54180,0.0,0.0
2022-04-20 00:00:00+01:00,2175.0,2210.0,2160.0,2200.0,2199.02783203125,56156,0.0,0.0
2022-04-21 00:00:00+01:00,2260.0,2300.0,2195.0,2300.0,2298.984130859375,396192,0.0,0.0
2022-04-22 00:00:00+01:00,2280.0,2320.0,2265.0,2290.0,2288.98779296875,103359,0.0,0.0
2022-04-25 00:00:00+01:00,2290.0,2290.0,2200.0,2275.0,2273.99462890625,101757,0.0,0.0
2022-04-26 00:00:00+01:00,2320.0,2320.0,2255.0,2270.0,2268.997314453125,106416,0.0,0.0
2022-04-27 00:00:00+01:00,2260.0,2294.5,2215.0,2240.0,2239.010498046875,75282,0.0,0.0
2022-04-28 00:00:00+01:00,2300.0,2330.0,2235.0,2270.0,2268.997314453125,89267,0.0,0.0
2022-04-29 00:00:00+01:00,2300.0,2335.0,2275.0,2330.0,2328.970458984375,59243,0.0,0.0
2022-05-03 00:00:00+01:00,2270.0,2332.60009765625,2245.0,2300.0,2298.984130859375,324236,0.0,0.0
2022-05-04 00:00:00+01:00,2335.0,2345.0,2255.0,2305.0,2303.9814453125,33494,0.0,0.0
2022-05-05 00:00:00+01:00,2325.0,2360.0,2260.0,2285.0,2283.99072265625,54478,0.0,0.0
2022-05-06 00:00:00+01:00,2225.0,2348.800048828125,2185.0,2240.0,2239.010498046875,59209,0.0,0.0
2022-05-09 00:00:00+01:00,2260.0,2260.0,2100.0,2140.0,2139.054443359375,80131,0.0,0.0
2022-05-10 00:00:00+01:00,2125.0,2170.0,2085.0,2115.0,2114.06591796875,114224,0.0,0.0
2022-05-11 00:00:00+01:00,2125.0,2135.0,2080.0,2130.0,2129.05859375,52891,0.0,0.0
2022-05-12 00:00:00+01:00,2015.0,2110.0,1984.0,2110.0,2109.067626953125,86647,0.0,0.0
2022-05-13 00:00:00+01:00,2085.0,2145.0,2080.0,2110.0,2109.067626953125,72620,0.0,0.0
2022-05-16 00:00:00+01:00,2180.0,2180.0,2070.0,2090.0,2089.076904296875,44723,0.0,0.0
2022-05-17 00:00:00+01:00,2200.0,2200.0,2090.39111328125,2160.0,2159.045654296875,258224,0.0,0.0
2022-05-18 00:00:00+01:00,2120.0,2176.800048828125,2100.0,2120.0,2119.063232421875,35935,0.0,0.0
2022-05-19 00:00:00+01:00,2100.0,2150.0,2035.0,2125.0,2124.06103515625,62624,0.0,0.0
2022-05-20 00:00:00+01:00,2145.0,2200.0,2135.0,2160.0,2159.045654296875,56649,0.0,0.0
2022-05-23 00:00:00+01:00,2090.0,2215.0,2090.0,2150.0,2149.05029296875,98826,0.0,0.0
2022-05-24 00:00:00+01:00,2100.0,2220.0,2100.0,2190.0,2189.0322265625,69673,0.0,0.0
2022-05-25 00:00:00+01:00,2185.0,2220.0,2075.0,2170.0,2169.041259765625,61820,0.0,0.0
2022-05-26 00:00:00+01:00,2175.0,2260.0,2172.800048828125,2245.0,2244.0078125,29433,0.0,0.0
2022-05-27 00:00:00+01:00,2365.0,2365.0,2235.0,2305.0,2303.9814453125,42039,0.0,0.0
2022-05-30 00:00:00+01:00,2360.0,2370.0,2295.0,2315.0,2313.977294921875,32877,0.0,0.0
2022-05-31 00:00:00+01:00,2310.0,2335.0,2225.0,2225.0,2224.01708984375,115279,0.0,0.0
2022-06-01 00:00:00+01:00,2215.0,2290.0,2215.0,2225.0,2224.01708984375,147181,0.0,0.0
2022-06-06 00:00:00+01:00,2200.0,2370.0,2200.0,2335.0,2333.96826171875,90132,0.0,0.0
2022-06-07 00:00:00+01:00,2335.0,2358.34912109375,2265.0,2285.0,2283.99072265625,230764,0.0,0.0
2022-06-08 00:00:00+01:00,2285.0,2345.0,2255.0,2270.0,2268.997314453125,102535,0.0,0.0
2022-06-09 00:00:00+01:00,2345.0,2345.0,2245.0,2250.0,2249.005859375,172797,0.0,0.0
2022-06-10 00:00:00+01:00,2345.0,2345.0,2214.027099609375,2220.0,2219.01953125,42450,0.0,0.0
2022-06-13 00:00:00+01:00,2310.0,2310.0,2115.0,2130.0,2129.05859375,38117,0.0,0.0
2022-06-14 00:00:00+01:00,2160.0,2170.0,2035.0,2090.0,2089.076904296875,207011,0.0,0.0
2022-06-15 00:00:00+01:00,2125.0,2190.0,2087.0,2170.0,2169.041259765625,311989,0.0,0.0
2022-06-16 00:00:00+01:00,2080.0,2165.0,1955.291015625,1986.0,1985.12255859375,234776,0.0,0.0
2022-06-17 00:00:00+01:00,2065.0,2065.0,1940.0,1940.0,1939.142822265625,267194,0.0,0.0
2022-06-20 00:00:00+01:00,1970.0,2025.0,1920.0,1958.0,1957.1348876953125,150994,0.0,0.0
2022-06-21 00:00:00+01:00,1966.0,2045.0,1896.4000244140625,1996.0,1995.1181640625,86211,0.0,0.0
2022-06-22 00:00:00+01:00,1960.0,2045.0,1944.0,2020.0,2019.107421875,62410,0.0,0.0
2022-06-23 00:00:00+01:00,2030.0,2035.0,1968.0,1986.0,1985.12255859375,60670,0.0,0.0
2022-06-24 00:00:00+01:00,1968.0,2075.0,1968.0,2075.0,2074.083251953125,78168,0.0,0.0
2022-06-27 00:00:00+01:00,1978.0,2115.0,1978.0,2060.0,2059.089599609375,54830,0.0,0.0
2022-06-28 00:00:00+01:00,2080.0,2100.0,2015.0,2025.0,2024.105224609375,48563,0.0,0.0
2022-06-29 00:00:00+01:00,2010.0,2030.0,1980.0,2020.0,2019.107421875,45919,0.0,0.0
2022-06-30 00:00:00+01:00,1960.0,1994.0,1928.0,1976.0,1975.127197265625,84781,0.0,0.0
2022-07-01 00:00:00+01:00,2065.0,2065.0,1940.0,1982.0,1981.124267578125,40110,0.0,0.0
2022-07-04 00:00:00+01:00,1888.0,1993.47998046875,1888.0,1966.0,1965.13134765625,23957,0.0,0.0
2022-07-05 00:00:00+01:00,1996.0,2140.0,1918.0,1958.0,1957.1348876953125,40994,0.0,0.0
2022-07-06 00:00:00+01:00,2040.0,2040.0,1980.0,1990.0,1989.1207275390625,51710,0.0,0.0
2022-07-07 00:00:00+01:00,2015.0,2055.0,1980.0,1984.0,1983.123291015625,50275,0.0,0.0
2022-07-08 00:00:00+01:00,1966.0,1990.0,1934.0,1990.0,1989.1207275390625,133565,0.0,0.0
2022-07-11 00:00:00+01:00,2000.0,2025.0,1940.0,1990.0,1989.1207275390625,543707,0.0,0.0
2022-07-12 00:00:00+01:00,1978.0,1988.0,1932.0,1982.0,1981.124267578125,33825,0.0,0.0
2022-07-13 00:00:00+01:00,2075.0,2075.0,1940.0,1980.0,1979.1253662109375,65905,0.0,0.0
2022-07-14 00:00:00+01:00,1938.0,1996.0,1938.0,1994.0,1993.2568359375,90472,13.7,0.0
2022-07-15 00:00:00+01:00,1958.0,2040.0,1950.0,2040.0,2039.2398681640625,140623,0.0,0.0
2022-07-18 00:00:00+01:00,2060.0,2100.0,2030.0,2040.0,2039.2398681640625,27966,0.0,0.0
2022-07-19 00:00:00+01:00,2030.0,2077.528076171875,2005.0,2070.0,2069.228759765625,105642,0.0,0.0
2022-07-20 00:00:00+01:00,2045.0,2155.0,2036.0799560546875,2140.0,2139.202392578125,83295,0.0,0.0
2022-07-21 00:00:00+01:00,2125.0,2225.0,2120.0,2210.0,2209.176025390625,91411,0.0,0.0
2022-07-22 00:00:00+01:00,2220.0,2295.0,2175.0,2220.0,2219.173095703125,90883,0.0,0.0
2022-07-25 00:00:00+01:00,2195.0,2230.0,2160.0,2190.0,2189.183837890625,79195,0.0,0.0
2022-07-26 00:00:00+01:00,2170.0,2225.0,2150.0,2170.0,2169.19140625,35003,0.0,0.0
2022-07-27 00:00:00+01:00,2165.0,2268.444091796875,2145.0,2230.0,2229.1689453125,148615,0.0,0.0
2022-07-28 00:00:00+01:00,2230.0,2270.0,2195.0,2230.0,2229.1689453125,79766,0.0,0.0
2022-07-29 00:00:00+01:00,2335.0,2335.0,2225.0,2285.0,2284.148681640625,54804,0.0,0.0
2022-08-01 00:00:00+01:00,2285.0,2325.0,2255.0,2275.0,2274.152099609375,70957,0.0,0.0
2022-08-02 00:00:00+01:00,2215.0,2259.39990234375,2205.0,2210.0,2209.176025390625,275269,0.0,0.0
2022-08-03 00:00:00+01:00,2190.0,2355.0,2190.0,2210.0,2209.176025390625,286847,0.0,0.0
2022-08-04 00:00:00+01:00,2170.0,2255.0,2160.0,2170.0,2169.19140625,188734,0.0,0.0
2022-08-05 00:00:00+01:00,2170.0,2205.0,2130.0,2135.0,2134.20458984375,31334,0.0,0.0
2022-08-08 00:00:00+01:00,2035.0,2155.0,2035.0,2115.0,2114.212158203125,30481,0.0,0.0
2022-08-09 00:00:00+01:00,2170.0,2175.39990234375,2025.0,2060.0,2059.23193359375,49154,0.0,0.0
2022-08-10 00:00:00+01:00,2045.0,2160.0,2025.0,2155.0,2154.197021484375,49382,0.0,0.0
2022-08-11 00:00:00+01:00,2175.0,2210.0,2055.0,2175.0,2174.189208984375,41901,0.0,0.0
2022-08-12 00:00:00+01:00,2105.0,2200.0,2104.159912109375,2180.0,2179.187744140625,20912,0.0,0.0
2022-08-15 00:00:00+01:00,2200.0,2255.0,2180.75,2255.0,2254.159423828125,47654,0.0,0.0
2022-08-16 00:00:00+01:00,2255.0,2260.0,2210.0,2240.0,2239.16552734375,40511,0.0,0.0
2022-08-17 00:00:00+01:00,2195.0,2245.0,2105.0,2125.0,2124.2080078125,58436,0.0,0.0
2022-08-18 00:00:00+01:00,2085.0,2200.0,2075.0,2155.0,2154.197021484375,41957,0.0,0.0
2022-08-19 00:00:00+01:00,2115.0,2150.0,2095.0,2095.0,2094.21923828125,21001,0.0,0.0
2022-08-22 00:00:00+01:00,2075.0,2090.0,1974.0,1974.0,1973.2645263671875,57689,0.0,0.0
2022-08-23 00:00:00+01:00,1944.0,2025.0,1900.0,1998.0,1997.2552490234375,641256,0.0,0.0
2022-08-24 00:00:00+01:00,1980.0,2045.0799560546875,1888.0,2045.0,2044.2381591796875,26102,0.0,0.0
2022-08-25 00:00:00+01:00,1964.0,2130.0,1964.0,2045.0,2044.2381591796875,49326,0.0,0.0
2022-08-26 00:00:00+01:00,2150.0,2150.0,2020.0,2020.0,2019.2471923828125,45539,0.0,0.0
2022-08-30 00:00:00+01:00,2050.0,2092.65087890625,1994.0,2015.0,2014.2490234375,39745,0.0,0.0
2022-08-31 00:00:00+01:00,1928.0,2085.0,1928.0,2010.0,2009.2510986328125,42859,0.0,0.0
2022-09-01 00:00:00+01:00,1988.0,2040.0,1947.448974609375,1960.0,1959.26953125,38985,0.0,0.0
2022-09-02 00:00:00+01:00,1966.0,2160.0,1882.0,2035.0,2034.24169921875,50209,0.0,0.0
2022-09-05 00:00:00+01:00,1994.0,2110.0,1974.0,2000.0,1999.254638671875,74692,0.0,0.0
2022-09-06 00:00:00+01:00,2040.0,2055.0,2005.0,2030.0,2029.243408203125,59128,0.0,0.0
2022-09-07 00:00:00+01:00,2030.0,2055.0,1938.0,2035.0,2034.24169921875,85529,0.0,0.0
2022-09-08 00:00:00+01:00,2130.0,2130.0,2020.0,2080.0,2079.224853515625,57455,0.0,0.0
2022-09-09 00:00:00+01:00,2175.0,2230.0,2094.5,2110.0,2109.213623046875,40155,0.0,0.0
2022-09-12 00:00:00+01:00,2150.0,2175.0,2100.0,2165.0,2164.193115234375,37322,0.0,0.0
2022-09-13 00:00:00+01:00,2115.0,2180.0,1988.0,2130.0,2129.2060546875,161524,0.0,0.0
2022-09-14 00:00:00+01:00,2110.0,2160.0,2085.0,2090.0,2089.221435546875,115420,0.0,0.0
2022-09-15 00:00:00+01:00,2080.0,2175.0,2015.0,2030.0,2029.243408203125,103763,0.0,0.0
2022-09-16 00:00:00+01:00,2040.0,2120.0,1934.0,2000.0,1999.254638671875,149385,0.0,0.0
2022-09-20 00:00:00+01:00,2015.0,2090.0,1954.0,1978.0,1977.2630615234375,54987,0.0,0.0
2022-09-21 00:00:00+01:00,1960.0,1988.0,1958.6800537109375,1970.0,1969.26611328125,399563,0.0,0.0
2022-09-22 00:00:00+01:00,1952.0,1978.0,1890.0,1890.0,1889.295654296875,75814,0.0,0.0
2022-09-23 00:00:00+01:00,1872.0,1896.0,1770.0,1838.0,1837.3150634765625,177416,0.0,0.0
2022-09-26 00:00:00+01:00,1850.0,1852.0,1808.0,1840.0,1839.314453125,121251,0.0,0.0
2022-09-27 00:00:00+01:00,1844.0,1919.0,1778.0,1792.0,1791.332275390625,187506,0.0,0.0
2022-09-28 00:00:00+01:00,1792.0,1792.0,1726.0,1784.0,1783.335205078125,72201,0.0,0.0
2022-09-29 00:00:00+01:00,1748.0,1794.0,1716.0,1764.0,1763.3426513671875,194750,0.0,0.0
2022-09-30 00:00:00+01:00,1686.0,1802.0,1686.0,1784.0,1783.335205078125,291606,0.0,0.0
2022-10-03 00:00:00+01:00,1820.0,1836.0,1752.0,1826.0,1825.319580078125,287027,0.0,0.0
2022-10-04 00:00:00+01:00,1856.0,1894.0,1836.0,1894.0,1893.294189453125,196399,0.0,0.0
2022-10-05 00:00:00+01:00,1934.0,1934.0,1860.0,1876.0,1875.301025390625,202064,0.0,0.0
2022-10-06 00:00:00+01:00,1962.0,1962.0,1864.0,1906.0,1905.289794921875,707225,0.0,0.0
2022-10-07 00:00:00+01:00,1986.0,1998.0,1838.2869873046875,1850.0,1849.310791015625,44628,0.0,0.0
2022-10-10 00:00:00+01:00,1802.0,1840.0,1780.0,1786.0,1785.3345947265625,35018,0.0,0.0
2022-10-11 00:00:00+01:00,1750.0,1798.0,1748.0,1772.0,1771.3394775390625,46312,0.0,0.0
2022-10-12 00:00:00+01:00,1700.0,1776.0,1700.0,1720.0,1719.359130859375,75938,0.0,0.0
2022-10-13 00:00:00+01:00,1744.0,1858.0,1714.0,1846.0,1845.312255859375,433700,0.0,0.0
2022-10-14 00:00:00+01:00,1864.0,1920.0,1857.68505859375,1874.0,1873.301513671875,179693,0.0,0.0
2022-10-17 00:00:00+01:00,1956.0,1964.0,1858.0,1910.0,1909.288330078125,89545,0.0,0.0
2022-10-18 00:00:00+01:00,1928.0,1952.0,1892.0,1898.0,1897.2926025390625,81078,0.0,0.0
2022-10-19 00:00:00+01:00,1940.0,1944.0,1865.8060302734375,1866.0,1865.3046875,70194,0.0,0.0
2022-10-20 00:00:00+01:00,1800.0,1876.0,1800.0,1858.0,1857.307373046875,106877,0.0,0.0
2022-10-21 00:00:00+01:00,1850.0,1912.0,1830.0,1856.0,1855.308349609375,73719,0.0,0.0
2022-10-24 00:00:00+01:00,1864.0,2015.0,1864.0,1914.0,1913.2867431640625,30652,0.0,0.0
2022-10-25 00:00:00+01:00,1920.0,2025.0,1906.0,2005.0,2004.252685546875,27997,0.0,0.0
2022-10-26 00:00:00+01:00,1990.0,2090.0,1980.6400146484375,2075.0,2074.2265625,449773,0.0,0.0
2022-10-27 00:00:00+01:00,2085.0,2105.0,2005.0,2020.0,2019.2471923828125,36252,0.0,0.0
2022-10-28 00:00:00+01:00,2110.0,2110.0,1987.4000244140625,2005.0,2004.252685546875,24293,0.0,0.0
2022-10-31 00:00:00+00:00,2040.0,2040.0,1914.0,1914.0,1913.2867431640625,70913,0.0,0.0
2022-11-01 00:00:00+00:00,1940.0,1981.5699462890625,1894.0,1956.0,1955.2711181640625,112261,0.0,0.0
2022-11-02 00:00:00+00:00,1978.0,2015.0,1930.0,1930.0,1929.2808837890625,74546,0.0,0.0
2022-11-03 00:00:00+00:00,1934.0,2000.0,1892.0,1906.0,1905.289794921875,268837,0.0,0.0
2022-11-04 00:00:00+00:00,1910.0,1916.0,1876.4000244140625,1900.0,1899.2919921875,119516,0.0,0.0
2022-11-07 00:00:00+00:00,1920.0,1978.0,1905.0,1978.0,1977.2630615234375,122382,0.0,0.0
2022-11-08 00:00:00+00:00,2050.0,2100.0,1974.0,1982.0,1981.2613525390625,53469,0.0,0.0
2022-11-09 00:00:00+00:00,1974.0,2105.0,1966.0,2000.0,1999.254638671875,37118,0.0,0.0
2022-11-10 00:00:00+00:00,2000.0,2085.0,1950.0,2060.0,2059.23193359375,107399,0.0,0.0
2022-11-11 00:00:00+00:00,2105.0,2195.472900390625,2080.0,2150.0,2149.198974609375,264594,0.0,0.0
2022-11-14 00:00:00+00:00,2200.0,2200.0,2065.0,2120.0,2119.2099609375,51343,0.0,0.0
2022-11-15 00:00:00+00:00,2110.0,2140.0,2045.0,2090.0,2089.221435546875,55076,0.0,0.0
2022-11-16 00:00:00+00:00,2095.0,2105.0,2005.0,2045.0,2044.2381591796875,147670,0.0,0.0
2022-11-17 00:00:00+00:00,2045.0,2070.0,2015.0,2040.0,2039.2398681640625,44723,0.0,0.0
2022-11-18 00:00:00+00:00,2050.0,2135.0,2000.0,2035.0,2034.24169921875,58589,0.0,0.0
2022-11-21 00:00:00+00:00,2100.0,2200.0,2000.0,2080.0,2079.224853515625,1139136,0.0,0.0
2022-11-22 00:00:00+00:00,2105.0,2185.0,2075.0,2185.0,2184.185791015625,103702,0.0,0.0
2022-11-23 00:00:00+00:00,2175.0,2220.0,2135.0,2210.0,2209.176025390625,68792,0.0,0.0
2022-11-24 00:00:00+00:00,2225.0,2380.0,2170.0,2180.0,2179.187744140625,24046,0.0,0.0
2022-11-25 00:00:00+00:00,2225.0,2235.0,2130.0,2185.0,2184.185791015625,34248,0.0,0.0
2022-11-28 00:00:00+00:00,2185.0,2319.39990234375,2145.0,2145.0,2144.200927734375,29929,0.0,0.0
2022-11-29 00:00:00+00:00,2210.0,2210.0,2093.949951171875,2100.0,2099.217529296875,28661,0.0,0.0
2022-11-30 00:00:00+00:00,2110.0,2170.0,2073.10009765625,2160.0,2159.195068359375,66276,0.0,0.0
2022-12-01 00:00:00+00:00,2135.0,2235.0,2050.0,2200.0,2199.226806640625,163322,4.6,0.0
2022-12-02 00:00:00+00:00,2145.0,2235.0,2145.0,2200.0,2199.226806640625,72783,0.0,0.0
2022-12-05 00:00:00+00:00,2215.0,2265.0,2210.0,2240.0,2239.213134765625,85269,0.0,0.0
2022-12-06 00:00:00+00:00,2275.0,2275.0,2140.0,2150.0,2149.24462890625,127753,0.0,0.0
2022-12-07 00:00:00+00:00,2170.0,2200.300048828125,2120.0,2125.0,2124.253173828125,55888,0.0,0.0
2022-12-08 00:00:00+00:00,2130.0,2173.39990234375,2055.0,2130.0,2129.25146484375,34520,0.0,0.0
2022-12-09 00:00:00+00:00,2135.0,2170.0,2120.0,2160.0,2159.240966796875,345496,0.0,0.0
2022-12-12 00:00:00+00:00,2115.0,2170.0,2115.0,2145.0,2144.24658203125,26099,0.0,0.0
2022-12-13 00:00:00+00:00,2165.0,2240.0,2125.0,2190.0,2189.23046875,71573,0.0,0.0
2022-12-14 00:00:00+00:00,2220.0,2255.0,2165.0,2210.0,2209.22314453125,35106,0.0,0.0
2022-12-15 00:00:00+00:00,2175.0,2274.89990234375,2140.0,2175.0,2174.235595703125,41774,0.0,0.0
2022-12-16 00:00:00+00:00,2180.0,2200.0,2091.010009765625,2155.0,2154.242919921875,182302,0.0,0.0
2022-12-19 00:00:00+00:00,2150.0,2185.0,2135.0,2160.0,2159.240966796875,33760,0.0,0.0
2022-12-20 00:00:00+00:00,2145.0,2217.800048828125,2075.0,2125.0,2124.253173828125,24870,0.0,0.0
2022-12-21 00:00:00+00:00,2150.0,2175.0,2125.0,2175.0,2174.235595703125,209769,0.0,0.0
2022-12-22 00:00:00+00:00,2275.0,2275.0,2120.0,2140.0,2139.247802734375,27593,0.0,0.0
2022-12-23 00:00:00+00:00,2185.0,2185.0,2120.0,2150.0,2149.24462890625,16654,0.0,0.0
2022-12-28 00:00:00+00:00,2250.0,2250.0,2125.0,2190.0,2189.23046875,33066,0.0,0.0
2022-12-29 00:00:00+00:00,2280.0,2280.0,2155.0,2215.0,2214.2216796875,26152,0.0,0.0
2022-12-30 00:00:00+00:00,2260.0,2285.0,2210.0,2260.0,2259.2060546875,31410,0.0,0.0
2023-01-03 00:00:00+00:00,2350.0,2350.0,2260.0,2285.0,2284.197265625,54697,0.0,0.0
2023-01-04 00:00:00+00:00,2265.0,2385.0,2210.0,2245.0,2244.2109375,127444,0.0,0.0
2023-01-05 00:00:00+00:00,2240.0,2345.0,2205.0,2255.0,2254.20751953125,33818,0.0,0.0
2023-01-06 00:00:00+00:00,2245.0,2320.800048828125,2210.0,2210.0,2209.22314453125,43087,0.0,0.0
2023-01-09 00:00:00+00:00,2300.0,2300.0,2160.0,2205.0,2204.225341796875,306300,0.0,0.0
2023-01-10 00:00:00+00:00,2140.0,2224.800048828125,2108.22509765625,2170.0,2169.237548828125,40823,0.0,0.0
2023-01-11 00:00:00+00:00,2200.0,2250.0,2175.0,2245.0,2244.2109375,44635,0.0,0.0
2023-01-12 00:00:00+00:00,2265.0,2275.0,2225.0,2250.0,2249.20947265625,42888,0.0,0.0
2023-01-13 00:00:00+00:00,2250.0,2275.0,2210.0,2250.0,2249.20947265625,62409,0.0,0.0
2023-01-16 00:00:00+00:00,2240.0,2310.0,2220.0,2310.0,2309.18798828125,60036,0.0,0.0
2023-01-17 00:00:00+00:00,2215.0,2320.0,2215.0,2285.0,2284.197265625,330880,0.0,0.0
2023-01-18 00:00:00+00:00,2270.0,2310.0,2240.0,2285.0,2284.197265625,61474,0.0,0.0
2023-01-19 00:00:00+00:00,2280.0,2295.0,2205.0,2220.0,2219.22021484375,29752,0.0,0.0
2023-01-20 00:00:00+00:00,2205.0,2290.0,2205.0,2265.0,2264.2041015625,26361,0.0,0.0
2023-01-23 00:00:00+00:00,2170.0,2315.0,2165.0,2290.0,2289.195068359375,91932,0.0,0.0
2023-01-24 00:00:00+00:00,2290.0,2370.0,2275.0,2335.0,2334.1796875,63372,0.0,0.0
2023-01-25 00:00:00+00:00,2235.0,2345.0,2235.0,2340.0,2339.177490234375,73582,0.0,0.0
2023-01-26 00:00:00+00:00,2340.0,2355.0,2290.0,2290.0,2289.195068359375,80482,0.0,0.0
2023-01-27 00:00:00+00:00,2300.0,2320.0,2208.080078125,2290.0,2289.195068359375,43400,0.0,0.0
2023-01-30 00:00:00+00:00,2225.0,2305.0,2225.0,2280.0,2279.198974609375,37346,0.0,0.0
2023-01-31 00:00:00+00:00,2260.0,2350.0,2255.0,2345.0,2344.176025390625,60081,0.0,0.0
2023-02-01 00:00:00+00:00,2350.0,2385.0,2250.0,2340.0,2339.177490234375,63883,0.0,0.0
2023-02-02 00:00:00+00:00,2405.0,2470.0,2375.0,2450.0,2449.13916015625,156480,0.0,0.0
2023-02-03 00:00:00+00:00,2430.0,2470.0,2405.0,2410.0,2409.153076171875,105883,0.0,0.0
2023-02-06 00:00:00+00:00,2400.0,2435.0,2390.0,2415.0,2414.1513671875,58177,0.0,0.0
2023-02-07 00:00:00+00:00,2390.0,2420.0,2320.0,2345.0,2344.176025390625,41134,0.0,0.0
2023-02-08 00:00:00+00:00,2335.0,2400.0,2335.0,2370.0,2369.1669921875,50692,0.0,0.0
2023-02-09 00:00:00+00:00,2375.0,2410.0,2355.0,2390.0,2389.16015625,135680,0.0,0.0
2023-02-10 00:00:00+00:00,2500.0,2625.0,2428.794921875,2485.0,2484.126708984375,279342,0.0,0.0
2023-02-13 00:00:00+00:00,2425.0,2520.0,2425.0,2500.0,2499.1220703125,77719,0.0,0.0
2023-02-14 00:00:00+00:00,2390.0,2535.0,2380.0,2460.0,2459.135498046875,183511,0.0,0.0
2023-02-15 00:00:00+00:00,2475.0,2510.0,2410.0,2480.0,2479.128662109375,318168,0.0,0.0
2023-02-16 00:00:00+00:00,2500.0,2510.0,2460.0,2470.0,2469.1318359375,83382,0.0,0.0
2023-02-17 00:00:00+00:00,2495.0,2515.0,2465.0,2470.0,2469.1318359375,164210,0.0,0.0
2023-02-20 00:00:00+00:00,2485.0,2510.5,2445.0,2500.0,2499.1220703125,213060,0.0,0.0
2023-02-21 00:00:00+00:00,2500.0,2510.0,2465.0,2480.0,2479.128662109375,358163,0.0,0.0
2023-02-22 00:00:00+00:00,2500.0,2500.0,2455.0,2465.0,2464.134033203125,133684,0.0,0.0
2023-02-23 00:00:00+00:00,2465.0,2510.0,2465.0,2500.0,2499.1220703125,117651,0.0,0.0
2023-02-24 00:00:00+00:00,2510.0,2550.0,2460.0,2480.0,2479.128662109375,114163,0.0,0.0
2023-02-27 00:00:00+00:00,2500.0,2500.0,2426.570068359375,2465.0,2464.134033203125,244709,0.0,0.0
2023-02-28 00:00:00+00:00,2465.0,2490.0,2440.0,2490.0,2489.124755859375,2000387,0.0,0.0
2023-03-01 00:00:00+00:00,2540.0,2605.0,2485.0,2580.0,2579.09375,1478026,0.0,0.0
2023-03-02 00:00:00+00:00,2600.0,2630.0,2565.0,2625.0,2624.07763671875,299372,0.0,0.0
2023-03-03 00:00:00+00:00,2585.0,2650.0,2565.0,2565.0,2564.098388671875,426601,0.0,0.0
2023-03-06 00:00:00+00:00,2560.0,2600.0,2525.0,2580.0,2579.09375,197657,0.0,0.0
2023-03-07 00:00:00+00:00,2620.0,2625.0,2540.0,2570.0,2569.096923828125,606541,0.0,0.0
2023-03-08 00:00:00+00:00,2445.0,2650.0,2445.0,2605.0,2604.084716796875,107522,0.0,0.0
2023-03-09 00:00:00+00:00,2500.0,2645.0,2386.10009765625,2570.0,2569.096923828125,240965,0.0,0.0
2023-03-10 00:00:00+00:00,2495.0,2555.0,2495.0,2550.0,2549.103759765625,180652,0.0,0.0
2023-03-13 00:00:00+00:00,2430.0,2552.5,2430.0,2455.0,2454.137451171875,1165516,0.0,0.0
2023-03-14 00:00:00+00:00,2440.0,2515.0,2360.0,2500.0,2499.1220703125,160235,0.0,0.0
2023-03-15 00:00:00+00:00,2580.0,2580.0,2438.97509765625,2475.0,2474.130126953125,189616,0.0,0.0
2023-03-16 00:00:00+00:00,2495.0,2520.0,2443.242919921875,2500.0,2499.1220703125,139292,0.0,0.0
2023-03-17 00:00:00+00:00,2510.0,2610.0,2446.860107421875,2480.0,2479.128662109375,159180,0.0,0.0
2023-03-20 00:00:00+00:00,2480.0,2505.0,2425.0,2505.0,2504.11962890625,130667,0.0,0.0
2023-03-21 00:00:00+00:00,2515.0,2515.0,2477.715087890625,2500.0,2499.1220703125,74176,0.0,0.0
2023-03-22 00:00:00+00:00,2465.0,2500.0,2367.5,2480.0,2479.128662109375,153482,0.0,0.0
2023-03-23 00:00:00+00:00,2455.0,2495.0,2435.0,2465.0,2464.134033203125,173335,0.0,0.0
2023-03-24 00:00:00+00:00,2470.0,2620.0,2419.5,2450.0,2449.13916015625,252184,0.0,0.0
2023-03-27 00:00:00+01:00,2470.0,2490.0,2447.0,2485.0,2484.126708984375,132783,0.0,0.0
2023-03-28 00:00:00+01:00,2500.0,2582.0,2440.0,2450.0,2449.13916015625,124607,0.0,0.0
2023-03-29 00:00:00+01:00,2450.0,2620.0,2345.010009765625,2485.0,2484.126708984375,136781,0.0,0.0
2023-03-30 00:00:00+01:00,2505.0,2535.0,2345.0,2515.0,2514.116455078125,62488,0.0,0.0
2023-03-31 00:00:00+01:00,2515.0,2606.10009765625,2490.4951171875,2505.0,2504.11962890625,66558,0.0,0.0
2023-04-03 00:00:00+01:00,2515.0,2535.0,2470.0,2510.0,2509.1181640625,96386,0.0,0.0
2023-04-04 00:00:00+01:00,2485.0,2535.0,2459.10009765625,2490.0,2489.124755859375,371256,0.0,0.0
2023-04-05 00:00:00+01:00,2495.0,2495.0,2390.0,2420.0,2419.149658203125,122307,0.0,0.0
2023-04-06 00:00:00+01:00,2310.0,2455.0,2310.0,2430.0,2429.146240234375,186135,0.0,0.0
2023-04-11 00:00:00+01:00,2425.0,2475.0,2415.0,2415.0,2414.1513671875,42240,0.0,0.0
2023-04-12 00:00:00+01:00,2440.0,2470.0,2379.843017578125,2445.0,2444.14111328125,132827,0.0,0.0
2023-04-13 00:00:00+01:00,2465.0,2600.0,2465.0,2585.0,2584.091552734375,220836,0.0,0.0
2023-04-14 00:00:00+01:00,2625.0,2745.0,2595.0,2685.0,2684.056396484375,391341,0.0,0.0
2023-04-17 00:00:00+01:00,2675.0,2700.0,2625.0,2675.0,2674.060302734375,145032,0.0,0.0
2023-04-18 00:00:00+01:00,2655.0,2690.0,2555.0,2655.0,2654.067138671875,343299,0.0,0.0
2023-04-19 00:00:00+01:00,2640.0,2663.14990234375,2585.0,2610.0,2609.082763671875,549704,0.0,0.0
2023-04-20 00:00:00+01:00,2585.0,2740.0,2570.0,2725.0,2724.042724609375,262665,0.0,0.0
2023-04-21 00:00:00+01:00,2705.0,2805.0,2695.0,2715.0,2714.0458984375,252123,0.0,0.0
2023-04-24 00:00:00+01:00,2690.0,2720.5,2660.0,2670.0,2669.061767578125,225133,0.0,0.0
2023-04-25 00:00:00+01:00,2670.0,2730.0,2645.0,2730.0,2729.040771484375,124604,0.0,0.0
2023-04-26 00:00:00+01:00,2725.0,2755.0,2685.0,2725.0,2724.042724609375,210651,0.0,0.0
2023-04-27 00:00:00+01:00,2695.0,2800.77490234375,2695.0,2765.0,2764.028564453125,184306,0.0,0.0
2023-04-28 00:00:00+01:00,2730.0,2809.89990234375,2650.0,2760.0,2759.030029296875,91714,0.0,0.0
2023-05-02 00:00:00+01:00,2795.0,2815.0,2735.0,2760.0,2759.030029296875,94574,0.0,0.0
2023-05-03 00:00:00+01:00,2745.0,2775.0,2726.699951171875,2750.0,2749.033447265625,72490,0.0,0.0
2023-05-04 00:00:00+01:00,2765.0,2805.0,2730.0,2795.0,2794.017822265625,123858,0.0,0.0
2023-05-05 00:00:00+01:00,2800.0,2818.89990234375,2755.0,2795.0,2794.017822265625,55722,0.0,0.0
2023-05-09 00:00:00+01:00,2810.0,2810.0,2770.0,2795.0,2794.017822265625,114081,0.0,0.0
2023-05-10 00:00:00+01:00,2770.0,2884.800048828125,2765.0,2855.0,2853.9970703125,90191,0.0,0.0
2023-05-11 00:00:00+01:00,2785.0,2875.0,2785.0,2845.0,2844.0,415401,0.0,0.0
2023-05-12 00:00:00+01:00,2850.0,2865.0,2800.0,2835.0,2834.003662109375,114588,0.0,0.0
2023-05-15 00:00:00+01:00,2835.0,2860.0,2790.0,2825.0,2824.007080078125,112168,0.0,0.0
2023-05-16 00:00:00+01:00,2820.0,2840.0,2770.0,2810.0,2809.0126953125,206324,0.0,0.0
2023-05-17 00:00:00+01:00,2770.0,2810.0,2735.0,2770.0,2769.0263671875,285668,0.0,0.0
2023-05-18 00:00:00+01:00,2730.0,2795.0,2614.199951171875,2760.0,2759.030029296875,63437,0.0,0.0
2023-05-19 00:00:00+01:00,2770.0,2785.0,2735.0,2745.0,2744.03564453125,137141,0.0,0.0
2023-05-22 00:00:00+01:00,2710.0,2825.0,2620.0,2740.0,2739.037353515625,212531,0.0,0.0
2023-05-23 00:00:00+01:00,2680.0,2745.0,2525.0,2705.0,2704.049560546875,68978,0.0,0.0
2023-05-24 00:00:00+01:00,2715.0,2815.0,2650.0,2660.0,2659.0654296875,80011,0.0,0.0
2023-05-25 00:00:00+01:00,2670.0,2778.39990234375,2597.93408203125,2670.0,2669.061767578125,196592,0.0,0.0
2023-05-26 00:00:00+01:00,2650.0,2714.964111328125,2650.0,2690.0,2689.0546875,209228,0.0,0.0
2023-05-30 00:00:00+01:00,2700.0,2830.0,2640.0,2720.0,2719.044189453125,63199,0.0,0.0
2023-05-31 00:00:00+01:00,2650.0,2835.0,2650.0,2765.0,2764.028564453125,465873,0.0,0.0
2023-06-01 00:00:00+01:00,2770.0,2795.0,2740.0,2765.0,2764.028564453125,64832,0.0,0.0
2023-06-02 00:00:00+01:00,2795.0,2840.0,2756.800048828125,2790.0,2789.01953125,257442,0.0,0.0
2023-06-05 00:00:00+01:00,2660.0,2810.0,2660.0,2745.0,2744.03564453125,57607,0.0,0.0
2023-06-06 00:00:00+01:00,2870.0,2870.0,2735.0,2765.0,2764.028564453125,77710,0.0,0.0
2023-06-07 00:00:00+01:00,2760.0,2798.0,2745.0,2770.0,2769.0263671875,117569,0.0,0.0
2023-06-08 00:00:00+01:00,2775.0,2775.0,2710.0,2725.0,2724.042724609375,72157,0.0,0.0
2023-06-09 00:00:00+01:00,2665.0,2735.0,2660.0,2715.0,2714.0458984375,192517,0.0,0.0
2023-06-12 00:00:00+01:00,2730.0,2780.0,2699.800048828125,2730.0,2729.040771484375,143565,0.0,0.0
2023-06-13 00:00:00+01:00,2730.0,2790.0,2600.0,2720.0,2719.044189453125,97741,0.0,0.0
2023-06-14 00:00:00+01:00,2720.0,2725.0,2590.0,2670.0,2669.061767578125,477569,0.0,0.0
2023-06-15 00:00:00+01:00,2685.0,2700.0,2540.175048828125,2600.0,2599.08642578125,136073,0.0,0.0
2023-06-16 00:00:00+01:00,2600.0,2685.0,2440.0,2665.0,2664.0634765625,215323,0.0,0.0
2023-06-19 00:00:00+01:00,2615.0,2710.0,2615.0,2705.0,2704.049560546875,240724,0.0,0.0
2023-06-20 00:00:00+01:00,2705.0,2730.0,2670.0,2725.0,2724.042724609375,94042,0.0,0.0
2023-06-21 00:00:00+01:00,2715.0,2735.0,2692.699951171875,2700.0,2699.051025390625,165049,0.0,0.0
2023-06-22 00:00:00+01:00,2645.0,2715.0,2645.0,2705.0,2704.049560546875,98688,0.0,0.0
2023-06-23 00:00:00+01:00,2590.0,2735.0,2436.175048828125,2710.0,2709.0478515625,94898,0.0,0.0
2023-06-26 00:00:00+01:00,2735.0,2735.0,2665.0,2705.0,2704.049560546875,203852,0.0,0.0
2023-06-27 00:00:00+01:00,2700.0,2750.0,2605.0,2705.0,2704.049560546875,60745,0.0,0.0
2023-06-28 00:00:00+01:00,2695.0,2750.0,2690.0,2725.0,2724.042724609375,64087,0.0,0.0
2023-06-29 00:00:00+01:00,2850.0,2850.0,2655.0,2695.0,2694.05322265625,58581,0.0,0.0
2023-06-30 00:00:00+01:00,2650.0,2745.0,2646.25,2730.0,2729.040771484375,110820,0.0,0.0
2023-07-03 00:00:00+01:00,2845.0,2845.0,2670.0,2670.0,2669.061767578125,108981,0.0,0.0
2023-07-04 00:00:00+01:00,2575.0,2720.0,2575.0,2700.0,2699.051025390625,53875,0.0,0.0
2023-07-05 00:00:00+01:00,2670.0,2695.0,2625.0,2625.0,2624.07763671875,208704,0.0,0.0
2023-07-06 00:00:00+01:00,2555.0,2620.0,2528.10009765625,2590.0,2589.090087890625,104251,0.0,0.0
2023-07-07 00:00:00+01:00,2575.0,2625.0,2563.5,2610.0,2609.082763671875,63873,0.0,0.0
2023-07-10 00:00:00+01:00,2610.0,2710.10009765625,2540.0,2625.0,2624.07763671875,58200,0.0,0.0
2023-07-11 00:00:00+01:00,2615.0,2720.60009765625,2550.0,2550.0,2549.103759765625,101914,0.0,0.0
2023-07-12 00:00:00+01:00,2585.0,2645.0,2478.35009765625,2610.0,2609.082763671875,67632,0.0,0.0
2023-07-13 00:00:00+01:00,2630.0,2690.0,2575.0,2595.0,2594.08837890625,39584,0.0,0.0
2023-07-14 00:00:00+01:00,2540.0,2594.988037109375,2540.0,2560.0,2559.100830078125,52964,0.0,0.0
2023-07-17 00:00:00+01:00,2545.0,2557.5,2520.0,2520.0,2519.114501953125,27936,0.0,0.0
2023-07-18 00:00:00+01:00,2495.0,2530.0,2480.0,2495.0,2494.123291015625,74831,0.0,0.0
2023-07-19 00:00:00+01:00,2500.0,2562.4951171875,2490.0,2550.0,2549.103759765625,69907,0.0,0.0
2023-07-20 00:00:00+01:00,2535.0,2560.0,2480.0,2510.0,2509.1181640625,59967,0.0,0.0
2023-07-21 00:00:00+01:00,2510.0,2535.0,2455.0,2500.0,2499.1220703125,126570,0.0,0.0
2023-07-24 00:00:00+01:00,2490.0,2520.0,2470.0,2485.0,2484.126708984375,678497,0.0,0.0
2023-07-25 00:00:00+01:00,2430.0,2505.0,2411.655029296875,2485.0,2484.126708984375,352481,0.0,0.0
2023-07-26 00:00:00+01:00,2500.0,2515.0,2435.0,2455.0,2454.137451171875,80016,0.0,0.0
2023-07-27 00:00:00+01:00,2455.0,2510.0,2450.0,2485.0,2484.126708984375,73660,0.0,0.0
2023-07-28 00:00:00+01:00,2450.0,2480.0,2415.0,2430.0,2429.146240234375,64753,0.0,0.0
2023-07-31 00:00:00+01:00,2480.0,2480.0,2380.0,2400.0,2399.15673828125,103242,0.0,0.0
2023-08-01 00:00:00+01:00,2365.0,2440.0,2335.0,2440.0,2439.142333984375,43335,0.0,0.0
2023-08-02 00:00:00+01:00,2440.0,2445.0,2375.0,2405.0,2404.15478515625,54734,0.0,0.0
2023-08-03 00:00:00+01:00,2410.0,2410.0,2365.0,2380.0,2379.31103515625,35150,14.900001,0.0
2023-08-04 00:00:00+01:00,2270.0,2430.0,2270.0,2350.0,2349.319580078125,433804,0.0,0.0
2023-08-07 00:00:00+01:00,2355.0,2370.0,2310.300048828125,2330.0,2329.325439453125,64656,0.0,0.0
2023-08-08 00:00:00+01:00,2310.0,2340.0,2260.300048828125,2320.0,2319.328369140625,29128,0.0,0.0
2023-08-09 00:00:00+01:00,2325.0,2360.0,2193.0,2355.0,2354.318359375,72589,0.0,0.0
2023-08-10 00:00:00+01:00,2375.0,2490.0,2345.0,2360.0,2359.31689453125,48599,0.0,0.0
2023-08-11 00:00:00+01:00,2355.0,2395.0,2335.0,2345.0,2344.3212890625,71911,0.0,0.0
2023-08-14 00:00:00+01:00,2280.0,2345.0,2280.0,2310.0,2309.3310546875,32644,0.0,0.0
2023-08-15 00:00:00+01:00,2345.0,2345.0,2260.0,2275.0,2274.34130859375,22720,0.0,0.0
2023-08-16 00:00:00+01:00,2265.0,2380.0,2144.48388671875,2240.0,2239.351806640625,39537,0.0,0.0
2023-08-17 00:00:00+01:00,2335.0,2335.0,2140.0,2225.0,2224.35595703125,34842,0.0,0.0
2023-08-18 00:00:00+01:00,2215.0,2305.0,2125.0,2160.0,2159.374755859375,67608,0.0,0.0
2023-08-21 00:00:00+01:00,2130.0,2295.0,2115.0,2115.0,2114.387939453125,46426,0.0,0.0
2023-08-22 00:00:00+01:00,2120.0,2185.0,2120.0,2160.0,2159.374755859375,87235,0.0,0.0
2023-08-23 00:00:00+01:00,2140.0,2205.0,2140.0,2195.0,2194.36474609375,72550,0.0,0.0
2023-08-24 00:00:00+01:00,2265.0,2265.0,2135.0,2210.0,2209.360107421875,88645,0.0,0.0
2023-08-25 00:00:00+01:00,2210.0,2295.0,2175.0,2195.0,2194.36474609375,49019,0.0,0.0
2023-08-29 00:00:00+01:00,2285.0,2285.0,2185.0,2210.0,2209.360107421875,40575,0.0,0.0
2023-08-30 00:00:00+01:00,2175.0,2230.0,2171.550048828125,2190.0,2189.365966796875,127530,0.0,0.0
2023-08-31 00:00:00+01:00,2160.0,2235.0,2155.0,2215.0,2214.35888671875,103093,0.0,0.0
2023-09-01 00:00:00+01:00,2220.0,2295.0,2175.0,2205.0,2204.36181640625,44156,0.0,0.0
2023-09-04 00:00:00+01:00,2200.0,2250.0,2195.0,2205.0,2204.36181640625,51543,0.0,0.0
2023-09-05 00:00:00+01:00,2215.0,2280.0,2190.0,2210.0,2209.360107421875,31937,0.0,0.0
2023-09-06 00:00:00+01:00,2185.0,2295.0,2185.0,2210.0,2209.360107421875,26880,0.0,0.0
2023-09-07 00:00:00+01:00,2295.0,2295.0,2130.0,2200.0,2199.363037109375,41504,0.0,0.0
2023-09-08 00:00:00+01:00,2300.0,2300.0,2175.0,2230.0,2229.3544921875,67867,0.0,0.0
2023-09-11 00:00:00+01:00,2220.0,2271.549072265625,2198.0,2240.0,2239.351806640625,124627,0.0,0.0
2023-09-12 00:00:00+01:00,2300.0,2300.0,2200.0,2240.0,2239.351806640625,60162,0.0,0.0
2023-09-13 00:00:00+01:00,2300.0,2300.0,2220.0,2255.0,2254.34716796875,59009,0.0,0.0
2023-09-14 00:00:00+01:00,2295.0,2321.93798828125,2255.0,2320.0,2319.328369140625,113789,0.0,0.0
2023-09-15 00:00:00+01:00,2380.0,2380.0,2230.0,2295.0,2294.3359375,121217,0.0,0.0
2023-09-18 00:00:00+01:00,2400.0,2400.0,2175.0,2185.0,2184.367431640625,84112,0.0,0.0
2023-09-19 00:00:00+01:00,2175.0,2210.0,2090.0,2145.0,2144.37939453125,72508,0.0,0.0
2023-09-20 00:00:00+01:00,2150.0,2180.0,2145.0,2160.0,2159.374755859375,47681,0.0,0.0
2023-09-21 00:00:00+01:00,2255.0,2255.0,2134.5,2170.0,2169.371826171875,58244,0.0,0.0
2023-09-22 00:00:00+01:00,2150.0,2215.0,2145.0,2180.0,2179.369140625,69351,0.0,0.0
2023-09-25 00:00:00+01:00,2280.0,2300.0,2130.0,2175.0,2174.370361328125,269745,0.0,0.0
2023-09-26 00:00:00+01:00,2175.0,2261.85009765625,2145.0,2185.0,2184.367431640625,210821,0.0,0.0
2023-09-27 00:00:00+01:00,2155.0,2225.0,2130.0,2185.0,2184.367431640625,182919,0.0,0.0
2023-09-28 00:00:00+01:00,2190.0,2195.0,2144.510009765625,2155.0,2154.376220703125,36344,0.0,0.0
2023-09-29 00:00:00+01:00,2155.0,2245.0,2150.0,2180.0,2179.369140625,52437,0.0,0.0
2023-10-02 00:00:00+01:00,2180.0,2195.0,2135.0,2150.0,2149.377685546875,117677,0.0,0.0
2023-10-03 00:00:00+01:00,2200.0,2200.0,2070.0,2070.0,2069.400634765625,117729,0.0,0.0
2023-10-04 00:00:00+01:00,2075.0,2095.0,2030.0,2055.0,2054.405517578125,154861,0.0,0.0
2023-10-05 00:00:00+01:00,2005.0,2065.0,1950.0,1976.0,1975.4281005859375,356463,0.0,0.0
2023-10-06 00:00:00+01:00,1998.0,2015.0,1960.0,1984.0,1983.425537109375,324221,0.0,0.0
2023-10-09 00:00:00+01:00,1984.0,1988.0,1947.2969970703125,1970.0,1969.429931640625,99234,0.0,0.0
2023-10-10 00:00:00+01:00,1986.0,2110.0,1974.0,2090.0,2089.39501953125,119633,0.0,0.0
2023-10-11 00:00:00+01:00,2085.0,2095.0,2025.0,2045.0,2044.408203125,34794,0.0,0.0
2023-10-12 00:00:00+01:00,1982.0,2055.0,1879.43994140625,1882.0,1881.455078125,1210772,0.0,0.0
2023-10-13 00:00:00+01:00,1868.0,1930.0,1821.199951171875,1920.0,1919.4443359375,456995,0.0,0.0
2023-10-16 00:00:00+01:00,1928.0,1942.0,1894.0,1904.0,1903.4488525390625,76864,0.0,0.0
2023-10-17 00:00:00+01:00,1890.0,1946.0,1854.0,1930.0,1929.44140625,395048,0.0,0.0
2023-10-18 00:00:00+01:00,1932.0,2000.0,1878.0,1882.0,1881.455078125,438199,0.0,0.0
2023-10-19 00:00:00+01:00,1804.0,1926.0,1790.0,1874.0,1873.45751953125,303866,0.0,0.0
2023-10-20 00:00:00+01:00,1860.0,1880.5400390625,1828.0,1846.0,1845.4656982421875,93736,0.0,0.0
2023-10-23 00:00:00+01:00,1842.0,1888.0,1756.0,1834.0,1833.4691162109375,48376,0.0,0.0
2023-10-24 00:00:00+01:00,1812.0,1918.0,1770.0,1802.0,1801.478271484375,53652,0.0,0.0
2023-10-25 00:00:00+01:00,1818.0,1924.0,1764.0,1778.0,1777.4853515625,95201,0.0,0.0
2023-10-26 00:00:00+01:00,1634.0,1780.0,1634.0,1748.0,1747.494140625,374284,0.0,0.0
2023-10-27 00:00:00+01:00,1666.0,1758.0,1666.0,1722.0,1721.50146484375,68634,0.0,0.0
2023-10-30 00:00:00+00:00,1802.0,1802.0,1712.0,1712.0,1711.50439453125,126471,0.0,0.0
2023-10-31 00:00:00+00:00,1720.0,1802.0,1694.0,1802.0,1801.478271484375,162322,0.0,0.0
2023-11-01 00:00:00+00:00,1796.0,1854.5,1790.0,1822.0,1821.4725341796875,297946,0.0,0.0
2023-11-02 00:00:00+00:00,1832.0,1890.0,1814.0,1864.0,1863.4603271484375,141636,0.0,0.0
2023-11-03 00:00:00+00:00,1936.0,1948.0,1852.0,1912.0,1911.446533203125,707566,0.0,0.0
2023-11-06 00:00:00+00:00,1904.0,1952.0,1887.550048828125,1888.0,1887.4534912109375,345796,0.0,0.0
2023-11-07 00:00:00+00:00,1852.0,1922.0,1847.93896484375,1918.0,1917.4447021484375,140932,0.0,0.0
2023-11-08 00:00:00+00:00,1828.0,1954.0,1816.0,1924.0,1923.443115234375,110379,0.0,0.0
2023-11-09 00:00:00+00:00,1926.0,1978.0,1912.010009765625,1960.0,1959.4326171875,292554,0.0,0.0
2023-11-10 00:00:00+00:00,1912.0,1956.0,1898.0,1938.0,1937.4390869140625,295754,0.0,0.0
2023-11-13 00:00:00+00:00,1946.0,1946.0,1858.0,1924.0,1923.443115234375,483114,0.0,0.0
2023-11-14 00:00:00+00:00,1918.0,2075.0,1918.0,2055.0,2054.405517578125,173028,0.0,0.0
2023-11-15 00:00:00+00:00,2115.0,2170.0,2075.0,2075.0,2074.399169921875,143372,0.0,0.0
2023-11-16 00:00:00+00:00,2033.8809814453125,2105.0,1985.75,2030.0,2029.412353515625,118140,0.0,0.0
2023-11-17 00:00:00+00:00,2000.0,2090.0,2000.0,2080.0,2079.39794921875,287633,0.0,0.0
2023-11-20 00:00:00+00:00,2075.0,2130.0,2050.0,2125.0,2124.384765625,81139,0.0,0.0
2023-11-21 00:00:00+00:00,2115.0,2135.0,2111.6298828125,2125.0,2124.384765625,293962,0.0,0.0
2023-11-22 00:00:00+00:00,2150.0,2220.0,2135.0,2160.0,2159.374755859375,201199,0.0,0.0
2023-11-23 00:00:00+00:00,2145.0,2190.0,2135.0,2190.0,2189.365966796875,61344,0.0,0.0
2023-11-24 00:00:00+00:00,2175.0,2215.0,2175.0,2210.0,2209.360107421875,233431,0.0,0.0
2023-11-27 00:00:00+00:00,2190.0,2235.0,2150.0,2160.0,2159.374755859375,189039,0.0,0.0
2023-11-28 00:00:00+00:00,2175.0,2210.0,2130.0,2175.0,2174.370361328125,60288,0.0,0.0
2023-11-29 00:00:00+00:00,2150.0,2185.0,2075.0,2160.0,2159.374755859375,43758,0.0,0.0
2023-11-30 00:00:00+00:00,2145.0,2255.0,2100.0,2115.0,2114.43603515625,136605,4.9,0.0
2023-12-01 00:00:00+00:00,2120.0,2155.0,1984.0,2155.0,2154.425048828125,102464,0.0,0.0
2023-12-04 00:00:00+00:00,2155.0,2205.0,2085.0,2090.0,2089.4423828125,66552,0.0,0.0
2023-12-05 00:00:00+00:00,2070.0,2160.0,1958.0,2130.0,2129.431640625,288857,0.0,0.0
2023-12-06 00:00:00+00:00,2030.0,2156.0,2030.0,2145.0,2144.427978515625,102664,0.0,0.0
2023-12-07 00:00:00+00:00,2240.0,2240.0,2085.0,2100.0,2099.43994140625,62673,0.0,0.0
2023-12-08 00:00:00+00:00,2000.0,2190.0,2000.0,2185.0,2184.4169921875,62382,0.0,0.0
2023-12-11 00:00:00+00:00,2145.0,2225.0,2120.0,2195.0,2194.41455078125,99559,0.0,0.0
2023-12-12 00:00:00+00:00,2150.0,2260.0,2105.0,2185.0,2184.4169921875,105141,0.0,0.0
2023-12-13 00:00:00+00:00,2280.0,2280.0,2175.0,2190.0,2189.415771484375,79961,0.0,0.0
2023-12-14 00:00:00+00:00,2220.0,2300.0,2190.0,2285.0,2284.390625,63152,0.0,0.0
2023-12-15 00:00:00+00:00,2295.0,2345.0,2255.0,2315.0,2314.382568359375,184899,0.0,0.0
2023-12-18 00:00:00+00:00,2215.0,2380.0,2215.0,2305.0,2304.385009765625,82682,0.0,0.0
2023-12-19 00:00:00+00:00,2245.0,2340.0,2230.0,2300.0,2299.38671875,57704,0.0,0.0
2023-12-20 00:00:00+00:00,2325.0,2375.0,2300.0,2370.0,2369.367431640625,57155,0.0,0.0
2023-12-21 00:00:00+00:00,2355.0,2440.0,2295.0,2345.0,2344.37451171875,132079,0.0,0.0
2023-12-22 00:00:00+00:00,2440.0,2440.0,2340.0,2350.0,2349.373046875,20443,0.0,0.0
2023-12-27 00:00:00+00:00,2470.0,2470.0,2320.0,2350.0,2349.373046875,34378,0.0,0.0
2023-12-28 00:00:00+00:00,2365.0,2495.0,2245.0,2320.0,2319.381103515625,21508,0.0,0.0
2023-12-29 00:00:00+00:00,2285.0,2405.0,2285.0,2295.0,2294.387939453125,17874,0.0,0.0
2024-01-02 00:00:00+00:00,2200.0,2390.0,2200.0,2265.0,2264.395751953125,36569,0.0,0.0
2024-01-03 00:00:00+00:00,2205.0,2278.7099609375,2183.35693359375,2190.0,2189.415771484375,58076,0.0,0.0
2024-01-04 00:00:00+00:00,2210.0,2215.0,2160.0,2200.0,2199.4130859375,39565,0.0,0.0
2024-01-05 00:00:00+00:00,2215.0,2295.0,2160.0,2200.0,2199.4130859375,81760,0.0,0.0
2024-01-08 00:00:00+00:00,2200.0,2370.0,2160.0,2220.0,2219.407958984375,55036,0.0,0.0
2024-01-09 00:00:00+00:00,2225.0,2295.0,2210.0,2275.0,2274.39306640625,59372,0.0,0.0
2024-01-10 00:00:00+00:00,2245.0,2290.0,2210.0,2230.0,2229.405029296875,50785,0.0,0.0
2024-01-11 00:00:00+00:00,2250.0,2250.0,2160.0,2160.0,2159.423828125,44468,0.0,0.0
2024-01-12 00:00:00+00:00,2215.0,2230.0,2175.0,2175.0,2174.419677734375,83064,0.0,0.0
2024-01-15 00:00:00+00:00,2150.0,2190.0,2085.0,2140.0,2139.428955078125,47397,0.0,0.0
2024-01-16 00:00:00+00:00,2100.0,2150.0,2095.0,2120.0,2119.434326171875,55202,0.0,0.0
2024-01-17 00:00:00+00:00,2110.0,2215.0,2070.0,2155.0,2154.425048828125,187979,0.0,0.0
2024-01-18 00:00:00+00:00,2195.0,2220.0,2040.0,2200.0,2199.4130859375,51606,0.0,0.0
2024-01-19 00:00:00+00:00,2200.0,2230.0,2165.0,2190.0,2189.415771484375,146016,0.0,0.0
2024-01-22 00:00:00+00:00,2170.0,2225.0,2145.0,2220.0,2219.407958984375,101447,0.0,0.0
2024-01-23 00:00:00+00:00,2245.0,2250.0,2095.0,2110.0,2109.43701171875,76985,0.0,0.0
2024-01-24 00:00:00+00:00,2120.0,2165.0,1998.0,2165.0,2164.42236328125,151930,0.0,0.0
2024-01-25 00:00:00+00:00,2200.0,2200.0,2120.0,2185.0,2184.4169921875,37283,0.0,0.0
2024-01-26 00:00:00+00:00,2150.0,2200.0,2150.0,2185.0,2184.4169921875,52971,0.0,0.0
2024-01-29 00:00:00+00:00,2185.0,2275.14990234375,2155.0,2200.0,2199.4130859375,40810,0.0,0.0
2024-01-30 00:00:00+00:00,2200.0,2230.0,2164.85009765625,2190.0,2189.415771484375,98605,0.0,0.0
2024-01-31 00:00:00+00:00,2200.0,2244.887939453125,2160.0,2220.0,2219.407958984375,68309,0.0,0.0
2024-02-01 00:00:00+00:00,2200.0,2220.0,2122.845947265625,2140.0,2139.428955078125,76610,0.0,0.0
2024-02-02 00:00:00+00:00,2220.0,2220.0,2095.0,2140.0,2139.428955078125,92391,0.0,0.0
2024-02-05 00:00:00+00:00,2050.0,2190.0,2050.0,2145.0,2144.427978515625,57096,0.0,0.0
2024-02-06 00:00:00+00:00,2175.0,2255.0,2131.514892578125,2165.0,2164.42236328125,45599,0.0,0.0
2024-02-07 00:00:00+00:00,2190.0,2190.0,2110.0,2120.0,2119.434326171875,64071,0.0,0.0
2024-02-08 00:00:00+00:00,2100.0,2175.0,2081.212890625,2145.0,2144.427978515625,72877,0.0,0.0
2024-02-09 00:00:00+00:00,2185.0,2185.0,2055.0,2135.0,2134.4306640625,55594,0.0,0.0
2024-02-12 00:00:00+00:00,2235.0,2242.39990234375,2100.175048828125,2120.0,2119.434326171875,34902,0.0,0.0
2024-02-13 00:00:00+00:00,2190.0,2190.0,2070.0,2085.0,2084.44384765625,44932,0.0,0.0
2024-02-14 00:00:00+00:00,2080.0,2125.0,2080.0,2110.0,2109.43701171875,46478,0.0,0.0
2024-02-15 00:00:00+00:00,2100.0,2173.219970703125,2005.0,2135.0,2134.4306640625,41897,0.0,0.0
2024-02-16 00:00:00+00:00,2120.0,2205.0,2100.34912109375,2205.0,2204.411865234375,26874,0.0,0.0
2024-02-19 00:00:00+00:00,2175.0,2279.5,2095.0,2215.0,2214.4091796875,39185,0.0,0.0
2024-02-20 00:00:00+00:00,2280.0,2280.0,2150.0,2185.0,2184.4169921875,27799,0.0,0.0
2024-02-21 00:00:00+00:00,2190.0,2190.0,2095.0,2095.0,2094.441162109375,33184,0.0,0.0
2024-02-22 00:00:00+00:00,2130.0,2220.0,2075.0,2180.0,2179.418701171875,57079,0.0,0.0
2024-02-23 00:00:00+00:00,2235.0,2235.0,2114.85009765625,2170.0,2169.421142578125,30246,0.0,0.0
2024-02-26 00:00:00+00:00,2175.0,2207.949951171875,2080.0,2180.0,2179.418701171875,41824,0.0,0.0
2024-02-27 00:00:00+00:00,2205.0,2220.0,2171.75,2200.0,2199.4130859375,25203,0.0,0.0
2024-02-28 00:00:00+00:00,2180.0,2180.0,2150.0,2170.0,2169.421142578125,65331,0.0,0.0
2024-02-29 00:00:00+00:00,2130.0,2210.0,2130.0,2185.0,2184.4169921875,47105,0.0,0.0
2024-03-01 00:00:00+00:00,2135.0,2215.0,2095.0,2215.0,2214.4091796875,63445,0.0,0.0
2024-03-04 00:00:00+00:00,2320.0,2365.0,2170.0,2190.0,2189.415771484375,246470,0.0,0.0
2024-03-05 00:00:00+00:00,2160.0,2170.0,2080.0,2080.0,2079.445068359375,130807,0.0,0.0
2024-03-06 00:00:00+00:00,2125.0,2160.0,2055.0,2135.0,2134.4306640625,240940,0.0,0.0
2024-03-07 00:00:00+00:00,2140.0,2220.0,2122.5,2205.0,2204.411865234375,34528,0.0,0.0
2024-03-08 00:00:00+00:00,2215.0,2230.0,2180.0,2180.0,2179.418701171875,69139,0.0,0.0
2024-03-11 00:00:00+00:00,2170.0,2295.0,2135.0,2145.0,2144.427978515625,260238,0.0,0.0
2024-03-12 00:00:00+00:00,2155.0,2195.0,2145.0,2170.0,2169.421142578125,72975,0.0,0.0
2024-03-13 00:00:00+00:00,2160.0,2185.0,2105.0,2140.0,2139.428955078125,62553,0.0,0.0
2024-03-14 00:00:00+00:00,2125.0,2155.0,2055.0,2085.0,2084.44384765625,52412,0.0,0.0
2024-03-15 00:00:00+00:00,2080.0,2135.0,2060.0,2105.0,2104.4384765625,151508,0.0,0.0
2024-03-18 00:00:00+00:00,2200.0,2200.0,2070.0,2080.0,2079.445068359375,51926,0.0,0.0
2024-03-19 00:00:00+00:00,2000.0,2095.0,2000.0,2060.0,2059.4501953125,78485,0.0,0.0
2024-03-20 00:00:00+00:00,2005.0,2170.0,2005.0,2075.0,2074.4462890625,41296,0.0,0.0
2024-03-21 00:00:00+00:00,2170.0,2170.0,2081.10009765625,2090.0,2089.4423828125,243623,0.0,0.0
2024-03-22 00:00:00+00:00,2000.0,2180.0,2000.0,2085.0,2084.44384765625,61221,0.0,0.0
2024-03-25 00:00:00+00:00,2085.0,2150.0,2000.0,2060.0,2059.4501953125,317343,0.0,0.0
2024-03-26 00:00:00+00:00,2055.0,2105.0,2025.0,2100.0,2099.43994140625,82750,0.0,0.0
2024-03-27 00:00:00+00:00,2100.0,2100.0,2050.0,2075.0,2074.4462890625,245084,0.0,0.0
2024-03-28 00:00:00+00:00,2085.0,2125.0,2075.0,2125.0,2124.43310546875,57347,0.0,0.0
2024-04-02 00:00:00+01:00,2110.0,2165.014892578125,2035.449951171875,2040.0,2039.455810546875,60063,0.0,0.0
2024-04-03 00:00:00+01:00,2015.0,2079.10009765625,2015.0,2070.0,2069.44775390625,76978,0.0,0.0
2024-04-04 00:00:00+01:00,2030.0,2120.0,2030.0,2095.0,2094.441162109375,38189,0.0,0.0
2024-04-05 00:00:00+01:00,2100.0,2155.0,2033.5169677734375,2045.0,2044.45458984375,38363,0.0,0.0
2024-04-08 00:00:00+01:00,2000.0,2155.0,2000.0,2070.0,2069.44775390625,28441,0.0,0.0
2024-04-09 00:00:00+01:00,2000.0,2100.0,2000.0,2075.0,2074.4462890625,172333,0.0,0.0
2024-04-10 00:00:00+01:00,2000.0,2150.0,2000.0,2095.0,2094.441162109375,59156,0.0,0.0
2024-04-11 00:00:00+01:00,2160.0,2160.0,2070.0,2090.0,2089.4423828125,40498,0.0,0.0
2024-04-12 00:00:00+01:00,2180.0,2180.0,2080.0,2080.0,2079.445068359375,48762,0.0,0.0
2024-04-15 00:00:00+01:00,2085.0,2175.0,2015.0,2090.0,2089.4423828125,32520,0.0,0.0
2024-04-16 00:00:00+01:00,2020.0,2090.0,2000.0,2075.0,2074.4462890625,80860,0.0,0.0
2024-04-17 00:00:00+01:00,2060.0,2100.0,2045.0,2075.0,2074.4462890625,106369,0.0,0.0
2024-04-18 00:00:00+01:00,2075.0,2090.0,2031.25,2085.0,2084.44384765625,51970,0.0,0.0
2024-04-19 00:00:00+01:00,2070.0,2115.0,2065.0,2105.0,2104.4384765625,124204,0.0,0.0
2024-04-22 00:00:00+01:00,2100.0,2135.0,2070.0,2070.0,2069.44775390625,250554,0.0,0.0
2024-04-23 00:00:00+01:00,2070.0,2125.0,2061.60009765625,2125.0,2124.43310546875,54285,0.0,0.0
2024-04-24 00:00:00+01:00,2120.0,2180.0,2080.0,2180.0,2179.418701171875,94704,0.0,0.0
2024-04-25 00:00:00+01:00,2175.0,2230.0,2170.0,2225.0,2224.406494140625,95845,0.0,0.0
2024-04-26 00:00:00+01:00,2235.0,2270.0,2170.0,2180.0,2179.418701171875,75467,0.0,0.0
2024-04-29 00:00:00+01:00,2195.0,2270.0,2115.0,2260.0,2259.397216796875,55142,0.0,0.0
2024-04-30 00:00:00+01:00,2255.0,2315.0,2220.0,2260.0,2259.397216796875,76708,0.0,0.0
2024-05-01 00:00:00+01:00,2250.0,2289.989990234375,2240.0,2330.0,2329.37841796875,151909,0.0,0.0
2024-05-02 00:00:00+01:00,2320.0,2330.0,2265.0,2300.0,2299.38671875,66435,0.0,0.0
2024-05-03 00:00:00+01:00,2295.0,2335.0,2275.0,2310.0,2309.383544921875,34302,0.0,0.0
2024-05-07 00:00:00+01:00,2255.0,2380.0,2255.0,2365.0,2364.369140625,66771,0.0,0.0
2024-05-08 00:00:00+01:00,2380.0,2420.0,2255.0,2370.0,2369.367431640625,31465,0.0,0.0
2024-05-09 00:00:00+01:00,2330.0,2420.0,2330.0,2395.0,2394.361083984375,57326,0.0,0.0
2024-05-10 00:00:00+01:00,2475.0,2490.0,2380.0,2425.0,2424.35302734375,93166,0.0,0.0
2024-05-13 00:00:00+01:00,2535.0,2535.0,2335.0,2335.0,2334.377197265625,61306,0.0,0.0
2024-05-14 00:00:00+01:00,2400.0,2400.0,2265.0,2350.0,2349.373046875,48253,0.0,0.0
2024-05-15 00:00:00+01:00,2400.0,2410.0,2320.0,2405.0,2404.3583984375,63082,0.0,0.0
2024-05-16 00:00:00+01:00,2405.0,2460.0,2310.0,2425.0,2424.35302734375,55871,0.0,0.0
2024-05-17 00:00:00+01:00,2530.0,2530.0,2350.0,2460.0,2459.34375,26635,0.0,0.0
2024-05-20 00:00:00+01:00,2560.0,2563.699951171875,2400.0,2480.0,2479.338623046875,51521,0.0,0.0
2024-05-21 00:00:00+01:00,2435.0,2520.0,2390.0,2410.0,2409.35693359375,79989,0.0,0.0
2024-05-22 00:00:00+01:00,2510.0,2510.0,2380.0,2390.0,2389.3623046875,66816,0.0,0.0
2024-05-23 00:00:00+01:00,2360.0,2400.0,2353.381103515625,2375.0,2374.36669921875,72568,0.0,0.0
2024-05-24 00:00:00+01:00,2340.0,2425.0,2340.0,2425.0,2424.35302734375,47718,0.0,0.0
2024-05-28 00:00:00+01:00,2435.0,2535.0,2410.0,2490.0,2489.335693359375,58795,0.0,0.0
2024-05-29 00:00:00+01:00,2590.0,2590.0,2420.0,2420.0,2419.3544921875,195100,0.0,0.0
2024-05-30 00:00:00+01:00,2450.0,2510.0,2337.830078125,2475.0,2474.339599609375,71554,0.0,0.0
2024-05-31 00:00:00+01:00,2475.0,2500.0,2460.0,2500.0,2499.333251953125,136357,0.0,0.0
2024-06-03 00:00:00+01:00,2475.0,2520.0,2405.0,2450.0,2449.346435546875,92113,0.0,0.0
2024-06-04 00:00:00+01:00,2450.0,2465.0,2372.0,2385.0,2384.364013671875,34422,0.0,0.0
2024-06-05 00:00:00+01:00,2405.0,2455.0,2380.0,2445.0,2444.347900390625,210841,0.0,0.0
2024-06-06 00:00:00+01:00,2450.0,2485.0,2390.0,2470.0,2469.3408203125,54849,0.0,0.0
2024-06-07 00:00:00+01:00,2500.0,2510.0,2455.0,2490.0,2489.335693359375,48981,0.0,0.0
2024-06-10 00:00:00+01:00,2420.0,2550.0,2370.0,2460.0,2459.34375,63342,0.0,0.0
2024-06-11 00:00:00+01:00,2495.0,2765.0,2489.967041015625,2635.0,2634.297119140625,264371,0.0,0.0
2024-06-12 00:00:00+01:00,2685.0,2690.0,2580.0,2660.0,2659.29052734375,93675,0.0,0.0
2024-06-13 00:00:00+01:00,2650.0,2675.0,2595.0,2605.0,2604.30517578125,79925,0.0,0.0
2024-06-14 00:00:00+01:00,2630.0,2645.0,2595.0,2600.0,2599.306396484375,86895,0.0,0.0
2024-06-17 00:00:00+01:00,2660.0,2691.530029296875,2551.10009765625,2570.0,2569.314453125,226741,0.0,0.0
2024-06-18 00:00:00+01:00,2580.0,2630.0,2575.0,2630.0,2629.29833984375,71362,0.0,0.0
2024-06-19 00:00:00+01:00,2625.0,2700.60009765625,2600.0,2640.0,2639.295654296875,75475,0.0,0.0
2024-06-20 00:00:00+01:00,2515.0,2685.0,2515.0,2640.0,2639.295654296875,52207,0.0,0.0
2024-06-21 00:00:00+01:00,2585.0,2661.699951171875,2585.0,2615.0,2614.302734375,435535,0.0,0.0
2024-06-24 00:00:00+01:00,2735.0,2735.0,2585.0,2635.0,2634.297119140625,77419,0.0,0.0
2024-06-25 00:00:00+01:00,2515.0,2646.5,2475.0,2545.0,2544.321044921875,126366,0.0,0.0
2024-06-26 00:00:00+01:00,2525.0,2565.0,2483.75,2485.0,2484.336669921875,95004,0.0,0.0
2024-06-27 00:00:00+01:00,2480.0,2520.0,2390.0,2510.0,2509.33056640625,81070,0.0,0.0
2024-06-28 00:00:00+01:00,2490.0,2545.0,2465.0,2470.0,2469.3408203125,256077,0.0,0.0
2024-07-01 00:00:00+01:00,2485.0,2495.0,2435.0,2470.0,2469.3408203125,121389,0.0,0.0
2024-07-02 00:00:00+01:00,2405.0,2466.26904296875,2405.0,2450.0,2449.346435546875,83747,0.0,0.0
2024-07-03 00:00:00+01:00,2335.0,2500.0,2335.0,2495.0,2494.33447265625,129484,0.0,0.0
2024-07-04 00:00:00+01:00,2445.0,2630.0,2445.0,2470.0,2469.3408203125,73900,0.0,0.0
2024-07-05 00:00:00+01:00,2460.0,2540.0,2460.0,2500.0,2499.333251953125,109870,0.0,0.0
2024-07-08 00:00:00+01:00,2470.0,2500.0,2450.0,2470.0,2469.3408203125,174164,0.0,0.0
2024-07-09 00:00:00+01:00,2475.0,2525.0,2460.0,2495.0,2494.33447265625,100235,0.0,0.0
2024-07-10 00:00:00+01:00,2490.0,2505.0,2478.5,2495.0,2494.33447265625,132460,0.0,0.0
2024-07-11 00:00:00+01:00,2485.0,2580.0,2485.0,2570.0,2569.478271484375,579620,15.9,0.0
2024-07-12 00:00:00+01:00,2580.0,2600.0,2568.300048828125,2585.0,2584.47509765625,39927,0.0,0.0
2024-07-15 00:00:00+01:00,2570.0,2605.0,2565.0,2575.0,2574.47705078125,61459,0.0,0.0
2024-07-16 00:00:00+01:00,2560.0,2575.489990234375,2475.0,2565.0,2564.47900390625,47655,0.0,0.0
2024-07-17 00:00:00+01:00,2515.0,2600.0,2490.0,2515.0,2514.4892578125,33542,0.0,0.0
2024-07-18 00:00:00+01:00,2510.0,2560.0,2480.0,2535.0,2534.4853515625,82983,0.0,0.0
2024-07-19 00:00:00+01:00,2515.0,2535.0,2405.0,2435.0,2434.505859375,138457,0.0,0.0
2024-07-22 00:00:00+01:00,2430.0,2475.0,2395.0,2475.0,2474.497314453125,70871,0.0,0.0
2024-07-23 00:00:00+01:00,2480.0,2480.0,2365.0,2445.0,2444.503662109375,45934,0.0,0.0
2024-07-24 00:00:00+01:00,2440.0,2450.0,2400.0,2410.0,2409.510498046875,67955,0.0,0.0
2024-07-25 00:00:00+01:00,2395.0,2430.5,2365.0,2410.0,2409.510498046875,76777,0.0,0.0
2024-07-26 00:00:00+01:00,2430.0,2445.0,2405.0,2445.0,2444.503662109375,67829,0.0,0.0
2024-07-29 00:00:00+01:00,2460.0,2475.0,2415.0,2425.0,2424.507568359375,80571,0.0,0.0
2024-07-30 00:00:00+01:00,2420.0,2485.0,2405.0,2475.0,2474.497314453125,91342,0.0,0.0
2024-07-31 00:00:00+01:00,2580.0,2580.0,2385.0,2510.0,2509.490478515625,68790,0.0,0.0
2024-08-01 00:00:00+01:00,2515.0,2580.0,2417.205078125,2435.0,2434.505859375,161760,0.0,0.0
2024-08-02 00:00:00+01:00,2545.0,2545.0,2330.0,2345.0,2344.52392578125,86182,0.0,0.0
2024-08-05 00:00:00+01:00,2345.0,2359.800048828125,2225.0,2270.0,2269.539306640625,96175,0.0,0.0
2024-08-06 00:00:00+01:00,2300.0,2335.0,2280.0,2295.0,2294.5341796875,90500,0.0,0.0
2024-08-07 00:00:00+01:00,2320.0,2335.0,2265.0,2285.0,2284.5361328125,63698,0.0,0.0
2024-08-08 00:00:00+01:00,2285.0,2290.0,2230.0,2290.0,2289.534912109375,43958,0.0,0.0
2024-08-09 00:00:00+01:00,2185.0,2330.0,2185.0,2295.0,2294.5341796875,29756,0.0,0.0
2024-08-12 00:00:00+01:00,2310.0,2375.0,2265.0,2280.0,2279.537109375,38035,0.0,0.0
2024-08-13 00:00:00+01:00,2280.0,2320.0,2275.0,2305.0,2304.531982421875,44851,0.0,0.0
2024-08-14 00:00:00+01:00,2295.0,2345.0,2295.0,2300.0,2299.533203125,43824,0.0,0.0
2024-08-15 00:00:00+01:00,2315.0,2320.0,2292.199951171875,2305.0,2304.531982421875,211931,0.0,0.0
2024-08-16 00:00:00+01:00,2295.0,2350.0,2280.0,2280.0,2279.537109375,57267,0.0,0.0
2024-08-19 00:00:00+01:00,2285.0,2325.0,2280.0,2325.0,2324.52783203125,255710,0.0,0.0
2024-08-20 00:00:00+01:00,2215.0,2345.0,2215.0,2260.0,2259.541259765625,92513,0.0,0.0
2024-08-21 00:00:00+01:00,2255.0,2310.0,2237.199951171875,2280.0,2279.537109375,113880,0.0,0.0
2024-08-22 00:00:00+01:00,2220.0,2285.0,2185.0,2260.0,2259.541259765625,97517,0.0,0.0
2024-08-23 00:00:00+01:00,2245.0,2285.0,2243.595947265625,2260.0,2259.541259765625,60065,0.0,0.0
2024-08-27 00:00:00+01:00,2160.0,2285.0,2160.0,2255.0,2254.542236328125,53933,0.0,0.0
2024-08-28 00:00:00+01:00,2245.0,2305.0,2240.0,2270.0,2269.539306640625,44275,0.0,0.0
2024-08-29 00:00:00+01:00,2280.0,2320.0,2261.60009765625,2305.0,2304.531982421875,29969,0.0,0.0
2024-08-30 00:00:00+01:00,2320.0,2335.0,2295.0,2295.0,2294.5341796875,147581,0.0,0.0
2024-09-02 00:00:00+01:00,2295.0,2305.60009765625,2250.0,2285.0,2284.5361328125,49933,0.0,0.0
2024-09-03 00:00:00+01:00,2250.0,2290.0,2235.0,2235.0,2234.546142578125,38453,0.0,0.0
2024-09-04 00:00:00+01:00,2210.0,2230.0,2180.0,2205.0,2204.55224609375,39423,0.0,0.0
2024-09-05 00:00:00+01:00,2195.0,2225.0,2175.0,2210.0,2209.55126953125,25185,0.0,0.0
2024-09-06 00:00:00+01:00,2140.0,2310.0,2140.0,2145.0,2144.564697265625,158033,0.0,0.0
2024-09-09 00:00:00+01:00,2150.0,2195.0,2105.0,2180.0,2179.557373046875,36996,0.0,0.0
2024-09-10 00:00:00+01:00,2180.0,2258.6650390625,2150.0,2180.0,2179.557373046875,30627,0.0,0.0
2024-09-11 00:00:00+01:00,2220.0,2220.0,2145.0,2145.0,2144.564697265625,44728,0.0,0.0
2024-09-12 00:00:00+01:00,2165.0,2215.0,2120.0,2170.0,2169.559326171875,25860,0.0,0.0
2024-09-13 00:00:00+01:00,2180.0,2225.0,2180.0,2205.0,2204.55224609375,71932,0.0,0.0
2024-09-16 00:00:00+01:00,2170.0,2196.0,2110.0,2125.0,2124.568603515625,43519,0.0,0.0
2024-09-17 00:00:00+01:00,2100.0,2180.0,2095.0,2100.0,2099.57373046875,90216,0.0,0.0
2024-09-18 00:00:00+01:00,2100.0,2200.0,2055.0,2065.0,2064.580810546875,63632,0.0,0.0
2024-09-19 00:00:00+01:00,2095.0,2120.0,2075.4130859375,2110.0,2109.571533203125,311817,0.0,0.0
2024-09-20 00:00:00+01:00,2120.0,2125.06103515625,2065.0,2065.0,2064.580810546875,149359,0.0,0.0
2024-09-23 00:00:00+01:00,2075.0,2153.0,2050.0,2095.0,2094.57470703125,80269,0.0,0.0
2024-09-24 00:00:00+01:00,2110.0,2237.5,2030.0,2050.0,2049.58349609375,90806,0.0,0.0
2024-09-25 00:00:00+01:00,2000.0,2060.0,2000.0,2020.0,2019.58984375,59676,0.0,0.0
2024-09-26 00:00:00+01:00,2000.0,2080.0,2000.0,2070.0,2069.57958984375,135936,0.0,0.0
2024-09-27 00:00:00+01:00,2085.0,2125.0,2084.97607421875,2125.0,2124.568603515625,161190,0.0,0.0
2024-09-30 00:00:00+01:00,2140.0,2140.0,2075.0,2125.0,2124.568603515625,178185,0.0,0.0
2024-10-01 00:00:00+01:00,2125.0,2200.0,2075.0,2075.0,2074.57861328125,59296,0.0,0.0
2024-10-02 00:00:00+01:00,2000.0,2090.0,2000.0,2055.0,2054.5830078125,42014,0.0,0.0
2024-10-03 00:00:00+01:00,2100.0,2100.0,2020.0,2020.0,2019.58984375,29617,0.0,0.0
2024-10-04 00:00:00+01:00,2020.0,2070.0,2009.4000244140625,2045.0,2044.5848388671875,88234,0.0,0.0
2024-10-07 00:00:00+01:00,2040.0,2070.0,2010.0,2035.0,2034.5867919921875,51191,0.0,0.0
2024-10-08 00:00:00+01:00,2010.0,2030.0,1982.0,1982.0,1981.5975341796875,82712,0.0,0.0
2024-10-09 00:00:00+01:00,1992.0,2000.0,1986.8800048828125,1996.0,1995.5947265625,65111,0.0,0.0
2024-10-10 00:00:00+01:00,1992.0,2010.0,1948.0,1948.0,1947.6044921875,41854,0.0,0.0
2024-10-11 00:00:00+01:00,2040.0,2040.0,1931.9959716796875,1970.0,1969.60009765625,265859,0.0,0.0
2024-10-14 00:00:00+01:00,1964.0,1978.0,1934.0,1960.0,1959.60205078125,98217,0.0,0.0
2024-10-15 00:00:00+01:00,1968.0,1996.0,1938.0,1938.0,1937.6065673828125,100919,0.0,0.0
2024-10-16 00:00:00+01:00,1998.5,2045.0,2020.0,2040.0,2039.5858154296875,168302,0.0,0.0
2024-10-17 00:00:00+01:00,2025.0,2070.041015625,2014.801025390625,2070.0,2069.57958984375,140401,0.0,0.0
2024-10-18 00:00:00+01:00,2150.0,2150.0,2077.5,2125.0,2124.568603515625,424182,0.0,0.0
2024-10-21 00:00:00+01:00,2135.0,2215.0,2070.0,2105.0,2104.572509765625,98371,0.0,0.0
2024-10-22 00:00:00+01:00,2100.0,2190.0,2076.781982421875,2110.0,2109.571533203125,44880,0.0,0.0
2024-10-23 00:00:00+01:00,2050.0,2130.0,2050.0,2110.0,2109.571533203125,98331,0.0,0.0
2024-10-24 00:00:00+01:00,2110.0,2130.0,2106.241943359375,2125.0,2124.568603515625,29583,0.0,0.0
2024-10-25 00:00:00+01:00,2085.0,2115.0,2084.362060546875,2105.0,2104.572509765625,42220,0.0,0.0
2024-10-28 00:00:00+00:00,2125.0,2150.0,2100.0,2140.0,2139.5654296875,45777,0.0,0.0
2024-10-29 00:00:00+00:00,2140.0,2165.0,2140.0,2160.0,2159.5615234375,136736,0.0,0.0
2024-10-30 00:00:00+00:00,2085.0,2205.0,2085.0,2175.0,2174.558349609375,363167,0.0,0.0
2024-10-31 00:00:00+00:00,2160.0,2180.0,2125.0,2150.0,2149.563232421875,384115,0.0,0.0
2024-11-01 00:00:00+00:00,2050.0,2201.10009765625,2050.0,2170.0,2169.559326171875,98895,0.0,0.0
2024-11-04 00:00:00+00:00,2165.0,2177.5380859375,2105.0,2130.0,2129.5673828125,94213,0.0,0.0
2024-11-05 00:00:00+00:00,2030.0,2155.0,2030.0,2120.0,2119.5693359375,106853,0.0,0.0
2024-11-06 00:00:00+00:00,2205.0,2205.0,2137.56201171875,2145.0,2144.564697265625,123419,0.0,0.0
2024-11-07 00:00:00+00:00,2165.0,2205.0,2145.0,2195.0,2194.55419921875,95449,0.0,0.0
2024-11-08 00:00:00+00:00,2185.0,2224.1298828125,2075.0,2075.0,2074.57861328125,78883,0.0,0.0
2024-11-11 00:00:00+00:00,2085.0,2155.0,2056.3701171875,2130.0,2129.5673828125,93217,0.0,0.0
2024-11-12 00:00:00+00:00,2140.0,2145.0,2012.0,2035.0,2034.5867919921875,483681,0.0,0.0
2024-11-13 00:00:00+00:00,2000.0,2085.0,2000.0,2085.0,2084.57666015625,289881,0.0,0.0
2024-11-14 00:00:00+00:00,2100.0,2110.0,2065.0,2110.0,2109.571533203125,122032,0.0,0.0
2024-11-15 00:00:00+00:00,2070.0,2130.0,2070.0,2105.0,2104.572509765625,245487,0.0,0.0
2024-11-18 00:00:00+00:00,2105.0,2118.300048828125,2060.0,2070.0,2069.57958984375,329990,0.0,0.0
2024-11-19 00:00:00+00:00,2050.0,2070.0,2010.0,2040.0,2039.5858154296875,171744,0.0,0.0
2024-11-20 00:00:00+00:00,2070.0,2070.0,1950.0,1950.0,1949.60400390625,74924,0.0,0.0
2024-11-21 00:00:00+00:00,2040.0,2040.0,1870.0,2020.0,2019.58984375,174832,0.0,0.0
2024-11-22 00:00:00+00:00,2025.0,2100.0,2020.0,2090.0,2089.575439453125,195054,0.0,0.0
2024-11-25 00:00:00+00:00,2005.0,2120.0,2005.0,2110.0,2109.571533203125,93221,0.0,0.0
2024-11-26 00:00:00+00:00,2010.0,2110.0,2010.0,2045.0,2044.5848388671875,383180,0.0,0.0
2024-11-27 00:00:00+00:00,2065.0,2080.0,2025.0,2025.0,2024.5887451171875,79452,0.0,0.0
2024-11-28 00:00:00+00:00,1962.0,2065.0,1962.0,2035.0,2034.6380615234375,50336,5.1,0.0
2024-11-29 00:00:00+00:00,2060.0,2080.0,2035.0,2060.0,2059.633544921875,61640,0.0,0.0
2024-12-02 00:00:00+00:00,2055.0,2145.0,1982.0,2070.0,2069.6318359375,84190,0.0,0.0
2024-12-03 00:00:00+00:00,2070.0,2100.0,2047.4019775390625,2085.0,2084.629150390625,58204,0.0,0.0
2024-12-04 00:00:00+00:00,1986.0,2125.169921875,1986.0,2125.0,2124.6220703125,86788,0.0,0.0
2024-12-05 00:00:00+00:00,2120.0,2145.0,2056.884033203125,2060.0,2059.633544921875,341596,0.0,0.0
2024-12-06 00:00:00+00:00,2050.0,2085.0,2000.426025390625,2070.0,2069.6318359375,29232,0.0,0.0
2024-12-09 00:00:00+00:00,2090.0,2165.0,2065.0,2105.0,2104.62548828125,49813,0.0,0.0
2024-12-10 00:00:00+00:00,2100.0,2115.0,2060.0,2070.0,2069.6318359375,43728,0.0,0.0
2024-12-11 00:00:00+00:00,2075.0,2135.1708984375,2068.589111328125,2135.0,2134.620361328125,149406,0.0,0.0
2024-12-12 00:00:00+00:00,2155.0,2155.0,2095.0,2120.0,2119.622802734375,52603,0.0,0.0
2024-12-13 00:00:00+00:00,2155.0,2155.0,2110.0,2115.0,2114.6240234375,45171,0.0,0.0
2024-12-16 00:00:00+00:00,2125.0,2155.0,2090.0,2140.0,2139.619384765625,86531,0.0,0.0
2024-12-17 00:00:00+00:00,2145.0,2160.0,2110.0,2125.0,2124.6220703125,271693,0.0,0.0
2024-12-18 00:00:00+00:00,2200.0,2200.0,2115.0,2160.0,2159.615966796875,66507,0.0,0.0
2024-12-19 00:00:00+00:00,2130.0,2160.0,2051.5,2070.0,2069.6318359375,178002,0.0,0.0
2024-12-20 00:00:00+00:00,2105.0,2105.0,2020.0,2070.0,2069.6318359375,122974,0.0,0.0
2024-12-23 00:00:00+00:00,2075.0,2080.0,2055.0,2080.0,2079.630126953125,25674,0.0,0.0
2024-12-24 00:00:00+00:00,2165.0,2165.0,2080.0,2100.0,2099.626708984375,15826,0.0,0.0
2024-12-27 00:00:00+00:00,2095.0,2130.0,2060.0,2105.0,2104.62548828125,25514,0.0,0.0
2024-12-30 00:00:00+00:00,2180.0,2180.0,2095.0,2110.0,2109.624755859375,20922,0.0,0.0
2024-12-31 00:00:00+00:00,2155.0,2160.0,2115.0,2155.0,2154.61669921875,15145,0.0,0.0
2025-01-02 00:00:00+00:00,2160.0,2175.0,2115.0,2130.0,2129.62109375,38914,0.0,0.0
2025-01-03 00:00:00+00:00,2200.0,2200.0,2075.0,2100.0,2099.626708984375,40346,0.0,0.0
2025-01-06 00:00:00+00:00,2075.0,2160.0,2075.0,2140.0,2139.619384765625,28520,0.0,0.0
2025-01-07 00:00:00+00:00,2135.0,2170.0,2102.7890625,2140.0,2139.619384765625,38933,0.0,0.0
2025-01-08 00:00:00+00:00,2115.0,2175.0,2030.0,2040.0,2039.63720703125,67789,0.0,0.0
2025-01-09 00:00:00+00:00,2000.0,2045.0,1986.0,2025.0,2024.6397705078125,168383,0.0,0.0
2025-01-10 00:00:00+00:00,2105.0,2105.0,1980.0,1988.0,1987.646484375,98839,0.0,0.0
2025-01-13 00:00:00+00:00,1980.0,1982.56005859375,1936.0,1956.0,1955.652099609375,70948,0.0,0.0
2025-01-14 00:00:00+00:00,2025.0,2025.0,1878.1400146484375,1960.0,1959.6514892578125,30987,0.0,0.0
2025-01-15 00:00:00+00:00,1990.0,2010.0,1962.0,2010.0,2009.642578125,84383,0.0,0.0
2025-01-16 00:00:00+00:00,2045.0,2055.0,2000.0,2035.0,2034.6380615234375,37112,0.0,0.0
2025-01-17 00:00:00+00:00,2035.0,2075.0,2035.0,2065.0,2064.6328125,58966,0.0,0.0
2025-01-20 00:00:00+00:00,2085.0,2095.0,2025.0,2075.0,2074.630859375,87799,0.0,0.0
2025-01-21 00:00:00+00:00,2075.0,2170.0,2063.721923828125,2105.0,2104.62548828125,32368,0.0,0.0
2025-01-22 00:00:00+00:00,2185.0,2185.0,2077.85400390625,2120.0,2119.622802734375,165958,0.0,0.0
2025-01-23 00:00:00+00:00,2095.0,2200.0,2095.0,2165.0,2164.61474609375,106601,0.0,0.0
2025-01-24 00:00:00+00:00,2140.0,2190.0,2139.5,2160.0,2159.615966796875,37410,0.0,0.0
2025-01-27 00:00:00+00:00,2200.0,2200.0,2060.0,2060.0,2059.633544921875,68590,0.0,0.0
2025-01-28 00:00:00+00:00,2065.0,2115.0,2050.0,2075.0,2074.630859375,69934,0.0,0.0
2025-01-29 00:00:00+00:00,2085.0,2160.0,2055.0,2055.0,2054.634765625,57197,0.0,0.0
2025-01-30 00:00:00+00:00,2055.0,2100.0,2035.0,2095.0,2094.62744140625,80643,0.0,0.0
2025-01-31 00:00:00+00:00,1996.0,2155.0,1996.0,2100.0,2099.626708984375,130072,0.0,0.0
2025-02-03 00:00:00+00:00,2055.0,2080.80908203125,2015.0,2060.0,2059.633544921875,50559,0.0,0.0
2025-02-04 00:00:00+00:00,2155.0,2155.0,2040.0,2070.0,2069.6318359375,67681,0.0,0.0
2025-02-05 00:00:00+00:00,2065.0,2078.800048828125,2000.0,2025.0,2024.6397705078125,102325,0.0,0.0
2025-02-06 00:00:00+00:00,2100.0,2100.0,1990.1500244140625,2005.0,2004.6434326171875,67419,0.0,0.0
2025-02-07 00:00:00+00:00,1950.0,2010.0,1927.85400390625,1928.0,1927.6571044921875,59183,0.0,0.0
2025-02-10 00:00:00+00:00,1939.8489990234375,1986.0,1864.4840087890625,1976.0,1975.6484375,70381,0.0,0.0
2025-02-11 00:00:00+00:00,1984.0,1996.0,1966.0,1980.0,1979.6478271484375,36682,0.0,0.0
2025-02-12 00:00:00+00:00,1886.0,1990.0,1886.0,1986.0,1985.646728515625,158970,0.0,0.0
2025-02-13 00:00:00+00:00,1978.0,2025.0,1974.0,2020.0,2019.6407470703125,180042,0.0,0.0
2025-02-14 00:00:00+00:00,2030.0,2040.0,2010.0,2025.0,2024.6397705078125,29475,0.0,0.0
2025-02-17 00:00:00+00:00,2100.0,2100.0,2014.0780029296875,2020.0,2019.6407470703125,21748,0.0,0.0
2025-02-18 00:00:00+00:00,2100.0,2100.0,2000.0,2020.0,2019.6407470703125,26345,0.0,0.0
2025-02-19 00:00:00+00:00,1930.0,2045.0,1892.0,2015.0,2014.6416015625,82937,0.0,0.0
2025-02-20 00:00:00+00:00,1928.0,2035.0,1928.0,2025.0,2024.6397705078125,51463,0.0,0.0
2025-02-21 00:00:00+00:00,2030.0,2100.0,1950.0,1950.0,1949.6531982421875,64544,0.0,0.0
2025-02-24 00:00:00+00:00,1968.0,2008.6500244140625,1942.0,1964.0,1963.6507568359375,42010,0.0,0.0
2025-02-25 00:00:00+00:00,1910.0,2040.0,1910.0,1936.0,1935.6556396484375,54895,0.0,0.0
2025-02-26 00:00:00+00:00,1958.0,1976.0,1918.0,1936.0,1935.6556396484375,36284,0.0,0.0
2025-02-27 00:00:00+00:00,1940.0,1948.91796875,1904.0,1910.0,1909.6602783203125,62259,0.0,0.0
2025-02-28 00:00:00+00:00,1886.0,1926.0,1852.0,1916.0,1915.6591796875,127863,0.0,0.0
2025-03-03 00:00:00+00:00,2000.0,2000.0,1900.0,1918.0,1917.6588134765625,336703,0.0,0.0
2025-03-04 00:00:00+00:00,1850.0,1922.0,1850.0,1876.0,1875.6663818359375,260446,0.0,0.0
2025-03-05 00:00:00+00:00,1896.0,1930.0,1874.0,1916.0,1915.6591796875,52044,0.0,0.0
2025-03-06 00:00:00+00:00,1870.0,1988.0,1870.0,1910.0,1909.6602783203125,32865,0.0,0.0
2025-03-07 00:00:00+00:00,1850.0,1966.5999755859375,1850.0,1908.0,1907.6607666015625,63950,0.0,0.0
2025-03-10 00:00:00+00:00,1998.0,1998.0,1838.0,1838.0,1837.673095703125,67035,0.0,0.0
2025-03-11 00:00:00+00:00,1820.0,1864.0,1760.0,1804.0,1803.67919921875,64893,0.0,0.0
2025-03-12 00:00:00+00:00,1888.0,1888.0,1764.1199951171875,1862.0,1861.6688232421875,289671,0.0,0.0
2025-03-13 00:00:00+00:00,1886.0,1886.0,1850.0,1854.0,1853.6702880859375,151773,0.0,0.0
2025-03-14 00:00:00+00:00,1830.0,1914.6259765625,1830.0,1882.0,1881.6651611328125,44905,0.0,0.0
2025-03-17 00:00:00+00:00,1898.0,1918.0,1878.0,1904.0,1903.661376953125,25864,0.0,0.0
2025-03-18 00:00:00+00:00,1980.0,1980.0,1894.0,1904.0,1903.661376953125,27325,0.0,0.0
2025-03-19 00:00:00+00:00,1906.0,1974.0,1890.0,1904.0,1903.661376953125,80459,0.0,0.0
2025-03-20 00:00:00+00:00,1994.0,1994.0,1822.0,1902.0,1901.6617431640625,80505,0.0,0.0
2025-03-21 00:00:00+00:00,1894.0,1920.0,1866.0,1882.0,1881.6651611328125,154241,0.0,0.0
2025-03-24 00:00:00+00:00,1814.0,1934.0,1814.0,1884.0,1883.6649169921875,39677,0.0,0.0
2025-03-25 00:00:00+00:00,1894.0,1918.0,1878.0,1888.0,1887.6641845703125,167280,0.0,0.0
2025-03-26 00:00:00+00:00,1976.0,1976.0,1834.0,1856.0,1855.6697998046875,43930,0.0,0.0
2025-03-27 00:00:00+00:00,1820.0,1860.0,1796.0,1806.0,1805.6787109375,92914,0.0,0.0
2025-03-28 00:00:00+00:00,1892.0,1892.0,1768.5999755859375,1784.0,1783.6826171875,78616,0.0,0.0
2025-03-31 00:00:00+01:00,1750.0,1822.0,1704.0,1720.0,1719.6942138671875,97051,0.0,0.0
2025-04-01 00:00:00+01:00,1708.0,1756.0,1702.0,1738.0,1737.69091796875,288777,0.0,0.0
2025-04-02 00:00:00+01:00,1820.0,1820.0,1704.0,1752.0,1751.6883544921875,93455,0.0,0.0
2025-04-03 00:00:00+01:00,1700.0,1746.0,1652.0,1664.0,1663.7039794921875,62707,0.0,0.0
2025-04-04 00:00:00+01:00,1658.0,1734.0,1566.0,1588.0,1587.7176513671875,242518,0.0,0.0
2025-04-07 00:00:00+01:00,1520.0,1594.0,1470.0,1500.0,1499.733154296875,144503,0.0,0.0
2025-04-08 00:00:00+01:00,1554.0,1578.0,1506.0,1556.0,1555.723388671875,383303,0.0,0.0
2025-04-09 00:00:00+01:00,1514.0,1550.0,1494.0,1506.0,1505.732177734375,66410,0.0,0.0
2025-04-10 00:00:00+01:00,1576.0,1634.0,1570.0,1570.0,1569.7208251953125,127051,0.0,0.0
2025-04-11 00:00:00+01:00,1644.0,1644.0,1516.0,1582.0,1581.7186279296875,712258,0.0,0.0
2025-04-14 00:00:00+01:00,1524.0,1656.0,1524.0,1656.0,1655.70556640625,117545,0.0,0.0
2025-04-15 00:00:00+01:00,1660.0,1674.0909423828125,1626.0,1628.0,1627.71044921875,234482,0.0,0.0
2025-04-16 00:00:00+01:00,1630.0,1768.0,1628.0,1754.0,1753.68798828125,315357,0.0,0.0
2025-04-17 00:00:00+01:00,1742.0,1753.97998046875,1700.0,1728.0,1727.692626953125,609454,0.0,0.0
2025-04-22 00:00:00+01:00,1728.0,1764.0,1654.0,1656.0,1655.70556640625,65908,0.0,0.0
2025-04-23 00:00:00+01:00,1676.0,1720.0,1632.0,1688.0,1687.6998291015625,125355,0.0,0.0
2025-04-24 00:00:00+01:00,1680.0,1696.0,1658.6920166015625,1682.0,1681.7008056640625,51714,0.0,0.0
2025-04-25 00:00:00+01:00,1690.0,1760.0,1676.0,1678.0,1677.7015380859375,67928,0.0,0.0
2025-04-28 00:00:00+01:00,1694.0,1710.0,1638.0,1638.0,1637.7086181640625,90794,0.0,0.0
2025-04-29 00:00:00+01:00,1632.0,1652.0,1624.0,1642.0,1641.7078857421875,63366,0.0,0.0
2025-04-30 00:00:00+01:00,1712.0,1712.0,1610.0,1640.0,1639.7083740234375,140548,0.0,0.0
2025-05-01 00:00:00+01:00,1584.0,1702.0,1584.0,1702.0,1701.697265625,282416,0.0,0.0
2025-05-02 00:00:00+01:00,1772.0,1772.0,1692.0,1738.0,1737.69091796875,107641,0.0,0.0
2025-05-06 00:00:00+01:00,1814.0,1814.0,1682.0,1700.0,1699.6976318359375,92736,0.0,0.0
2025-05-07 00:00:00+01:00,1620.0,1732.0,1620.0,1722.0,1721.693603515625,92660,0.0,0.0
2025-05-08 00:00:00+01:00,1722.0,1806.0,1640.0,1798.0,1797.68017578125,277920,0.0,0.0
2025-05-09 00:00:00+01:00,1714.0,1860.0,1714.0,1792.0,1791.6812744140625,67382,0.0,0.0
2025-05-12 00:00:00+01:00,1712.0,1906.0,1712.0,1856.0,1855.6697998046875,110307,0.0,0.0
2025-05-13 00:00:00+01:00,1944.0,1944.0,1816.0,1886.0,1885.6644287109375,192378,0.0,0.0
2025-05-14 00:00:00+01:00,1798.0,1908.8780517578125,1798.0,1886.0,1885.6644287109375,611801,0.0,0.0
2025-05-15 00:00:00+01:00,1868.0,1912.0,1840.0,1904.0,1903.661376953125,73815,0.0,0.0
2025-05-16 00:00:00+01:00,1952.0,1952.0,1866.0,1904.0,1903.661376953125,41517,0.0,0.0
2025-05-19 00:00:00+01:00,1916.0,1930.0,1810.0,1828.0,1827.6749267578125,83137,0.0,0.0
2025-05-20 00:00:00+01:00,1826.0,1880.0,1814.0,1876.0,1875.6663818359375,67964,0.0,0.0
2025-05-21 00:00:00+01:00,1788.0,1867.865966796875,1788.0,1852.0,1851.6705322265625,92285,0.0,0.0
2025-05-22 00:00:00+01:00,1936.0,1936.0,1828.0,1848.0,1847.6712646484375,79054,0.0,0.0
2025-05-23 00:00:00+01:00,1782.0,1930.0,1778.93505859375,1798.0,1797.68017578125,126234,0.0,0.0
2025-05-27 00:00:00+01:00,1826.0,1848.0,1791.0909423828125,1822.0,1821.6759033203125,79320,0.0,0.0
2025-05-28 00:00:00+01:00,1824.0,1876.0,1794.0,1800.0,1799.679931640625,87262,0.0,0.0
2025-05-29 00:00:00+01:00,1792.0,1832.0,1788.0,1806.0,1805.6787109375,381916,0.0,0.0
2025-05-30 00:00:00+01:00,1722.0,1822.0,1722.0,1790.0,1789.681640625,62756,0.0,0.0
2025-06-02 00:00:00+01:00,1874.0,1874.0,1764.0,1794.0,1793.680908203125,104743,0.0,0.0
2025-06-03 00:00:00+01:00,1730.0,1810.0,1730.0,1802.0,1801.679443359375,96956,0.0,0.0
2025-06-04 00:00:00+01:00,1806.0,1818.0,1788.0,1800.0,1799.679931640625,109598,0.0,0.0
2025-06-05 00:00:00+01:00,1720.0,1808.0,1720.0,1792.0,1791.6812744140625,51209,0.0,0.0
2025-06-06 00:00:00+01:00,1720.0,1812.0,1720.0,1806.0,1805.6787109375,121642,0.0,0.0
2025-06-09 00:00:00+01:00,1884.0,1926.0,1790.0,1904.0,1903.661376953125,411562,0.0,0.0
2025-06-10 00:00:00+01:00,1950.0,1950.0,1767.5,1894.0,1893.6632080078125,571928,0.0,0.0
2025-06-11 00:00:00+01:00,1808.0,1914.0,1808.0,1856.0,1855.6697998046875,105584,0.0,0.0
2025-06-12 00:00:00+01:00,1774.0,1894.0,1774.0,1872.0,1871.6671142578125,74204,0.0,0.0
2025-06-13 00:00:00+01:00,1890.0,1890.0,1766.0,1800.0,1799.679931640625,141718,0.0,0.0
2025-06-16 00:00:00+01:00,1804.0,1846.0,1766.0,1786.0,1785.6822509765625,137486,0.0,0.0
2025-06-17 00:00:00+01:00,1860.0,1860.0,1692.0,1744.0,1743.6898193359375,209420,0.0,0.0
2025-06-18 00:00:00+01:00,1798.0,1798.0,1721.991943359375,1768.0,1767.685546875,126921,0.0,0.0
2025-06-19 00:00:00+01:00,1702.0,1768.0,1702.0,1756.0,1755.6876220703125,142725,0.0,0.0
2025-06-20 00:00:00+01:00,1800.0,1800.0,1752.0,1794.0,1793.680908203125,365828,0.0,0.0
2025-06-23 00:00:00+01:00,1710.0,1820.60302734375,1710.0,1774.0,1773.6845703125,52386,0.0,0.0
2025-06-24 00:00:00+01:00,1752.0,1820.0,1752.0,1788.0,1787.6820068359375,68888,0.0,0.0
2025-06-25 00:00:00+01:00,1792.0,1854.0,1790.0,1852.0,1851.6705322265625,665113,0.0,0.0
2025-06-26 00:00:00+01:00,1848.0,1910.1529541015625,1848.0,1910.0,1909.6602783203125,143115,0.0,0.0
2025-06-27 00:00:00+01:00,1920.0,1938.0,1902.0,1938.0,1937.6553955078125,100128,0.0,0.0
2025-06-30 00:00:00+01:00,1950.0,1950.0,1896.0,1896.0,1895.6627197265625,107180,0.0,0.0
2025-07-01 00:00:00+01:00,1904.0,1948.0,1864.0,1890.0,1889.6639404296875,103521,0.0,0.0
2025-07-02 00:00:00+01:00,1894.0,1968.0,1888.0,1968.0,1967.6500244140625,138400,0.0,0.0
2025-07-03 00:00:00+01:00,2000.0,2030.0,1950.0,2025.0,2024.6397705078125,275126,0.0,0.0
2025-07-04 00:00:00+01:00,2115.0,2115.0,1980.0,2005.0,2004.6434326171875,72862,0.0,0.0
2025-07-07 00:00:00+01:00,1996.0,2035.0,1992.0,2000.0,1999.6444091796875,133861,0.0,0.0
2025-07-08 00:00:00+01:00,2010.0,2010.0,1974.0,1988.0,1987.646484375,250716,0.0,0.0
2025-07-09 00:00:00+01:00,1982.0,2020.0,1960.0,2000.0,1999.6444091796875,118081,0.0,0.0
2025-07-10 00:00:00+01:00,2000.0,2015.0,1976.0,2010.0,2009.8143310546875,74027,17.1,0.0
2025-07-11 00:00:00+01:00,2005.0,2030.0,1980.0,2000.0,1999.8153076171875,91273,0.0,0.0
2025-07-14 00:00:00+01:00,2085.0,2085.0,1996.0,2005.0,2004.8148193359375,78163,0.0,0.0
2025-07-15 00:00:00+01:00,2020.0,2065.0,2000.0,2010.0,2009.8143310546875,154295,0.0,0.0
2025-07-16 00:00:00+01:00,1980.0,2030.0,1980.0,1984.0,1983.816650390625,96811,0.0,0.0
2025-07-17 00:00:00+01:00,1990.0,2020.0,1980.0,2010.0,2009.8143310546875,85426,0.0,0.0
2025-07-18 00:00:00+01:00,2005.0,2045.0,2005.0,2030.0,2029.8125,56248,0.0,0.0
2025-07-21 00:00:00+01:00,2035.0,2045.0,1986.0,1986.0,1985.8165283203125,81956,0.0,0.0
2025-07-22 00:00:00+01:00,1984.0,1990.0,1916.0,1916.0,1915.822998046875,142568,0.0,0.0
2025-07-23 00:00:00+01:00,2005.0,2005.0,1920.0,1950.0,1949.81982421875,67687,0.0,0.0
2025-07-24 00:00:00+01:00,1942.0,1982.0,1890.0,1910.0,1909.823486328125,166788,0.0,0.0
2025-07-25 00:00:00+01:00,1994.0,1994.0,1880.0,1908.0,1907.82373046875,82825,0.0,0.0
2025-07-28 00:00:00+01:00,1990.0,1990.0,1860.0,1868.0,1867.8275146484375,127918,0.0,0.0
2025-07-29 00:00:00+01:00,1952.0,1952.0,1864.0,1866.0,1865.82763671875,322925,0.0,0.0
2025-07-30 00:00:00+01:00,1868.0,1886.0,1828.0,1834.0,1833.83056640625,134885,0.0,0.0
2025-07-31 00:00:00+01:00,1750.0,1840.0,1750.0,1816.0,1815.8321533203125,157091,0.0,0.0
2025-08-01 00:00:00+01:00,1824.0,1826.0,1772.031005859375,1788.0,1787.8348388671875,97762,0.0,0.0
2025-08-04 00:00:00+01:00,1872.0,1872.0,1782.0,1782.0,1781.8353271484375,302860,0.0,0.0
2025-08-05 00:00:00+01:00,1864.0,1864.0,1780.0,1794.0,1793.834228515625,229377,0.0,0.0
2025-08-06 00:00:00+01:00,1800.0,1800.0,1761.758056640625,1772.0,1771.8363037109375,157382,0.0,0.0
2025-08-07 00:00:00+01:00,1750.0,1830.0,1750.0,1810.0,1809.8328857421875,126783,0.0,0.0
2025-08-08 00:00:00+01:00,1812.0,1844.0,1802.0,1838.0,1837.8302001953125,166971,0.0,0.0
2025-08-11 00:00:00+01:00,1922.0,1922.0,1812.0,1812.0,1811.8326416015625,156278,0.0,0.0
2025-08-12 00:00:00+01:00,1824.0,1892.0,1812.0,1834.0,1833.83056640625,80269,0.0,0.0
2025-08-13 00:00:00+01:00,1836.0,1858.0,1806.0,1838.0,1837.8302001953125,96027,0.0,0.0
2025-08-14 00:00:00+01:00,1838.0,1880.0,1826.0,1832.0,1831.830810546875,63710,0.0,0.0
2025-08-15 00:00:00+01:00,1838.0,1918.0,1812.0,1812.0,1811.8326416015625,59774,0.0,0.0
2025-08-18 00:00:00+01:00,1800.0,1866.0,1800.0,1820.0,1819.831787109375,66574,0.0,0.0
2025-08-19 00:00:00+01:00,1840.0,1840.0,1812.0,1840.0,1839.830078125,57955,0.0,0.0
2025-08-20 00:00:00+01:00,1828.0,1878.260009765625,1820.0,1830.0,1829.8309326171875,48890,0.0,0.0
2025-08-21 00:00:00+01:00,1818.0,1854.0,1818.0,1842.0,1841.829833984375,54678,0.0,0.0
2025-08-22 00:00:00+01:00,1928.0,1928.0,1836.0,1872.0,1871.8271484375,67275,0.0,0.0
2025-08-26 00:00:00+01:00,1950.0,1950.0,1820.0,1832.0,1831.830810546875,130901,0.0,0.0
2025-08-27 00:00:00+01:00,1830.0,1850.0,1810.0,1810.0,1809.8328857421875,64964,0.0,0.0
2025-08-28 00:00:00+01:00,1776.0,1840.0,1776.0,1834.0,1833.83056640625,52981,0.0,0.0
2025-08-29 00:00:00+01:00,1840.0,1862.0,1816.0,1842.0,1841.829833984375,168820,0.0,0.0
2025-09-01 00:00:00+01:00,1920.0,1920.0,1812.0,1812.0,1811.8326416015625,72217,0.0,0.0
2025-09-02 00:00:00+01:00,1898.0,1898.0,1755.9730224609375,1766.0,1765.8367919921875,81583,0.0,0.0
2025-09-03 00:00:00+01:00,1770.0,1826.0,1766.0,1792.0,1791.83447265625,72086,0.0,0.0
2025-09-04 00:00:00+01:00,1794.0,1834.0,1764.0,1770.0,1769.8365478515625,80364,0.0,0.0
2025-09-05 00:00:00+01:00,1852.0,1852.0,1778.0,1834.0,1833.83056640625,79160,0.0,0.0
2025-09-08 00:00:00+01:00,1838.0,1862.0,1822.0,1830.0,1829.8309326171875,53055,0.0,0.0
2025-09-09 00:00:00+01:00,1916.0,1916.0,1816.0,1824.0,1823.8314208984375,67155,0.0,0.0
2025-09-10 00:00:00+01:00,1798.0,1840.0,1798.0,1826.0,1825.831298828125,299266,0.0,0.0
2025-09-11 00:00:00+01:00,1860.0,1860.0,1813.5999755859375,1852.0,1851.828857421875,78887,0.0,0.0
2025-09-12 00:00:00+01:00,1838.0,1852.6199951171875,1802.0,1822.0,1821.8316650390625,62711,0.0,0.0
2025-09-15 00:00:00+01:00,1820.0,1854.0,1818.0,1830.0,1829.8309326171875,103232,0.0,0.0
2025-09-16 00:00:00+01:00,1828.0,1840.0,1788.0,1804.0,1803.8333740234375,259025,0.0,0.0
2025-09-17 00:00:00+01:00,1782.0,1820.0,1780.0,1810.0,1809.8328857421875,92492,0.0,0.0
2025-09-18 00:00:00+01:00,1824.0,1858.0,1810.0,1842.0,1841.829833984375,195973,0.0,0.0
2025-09-19 00:00:00+01:00,1832.0,1898.0,1816.0,1894.0,1893.8250732421875,223133,0.0,0.0
2025-09-22 00:00:00+01:00,1980.0,1980.0,1884.0,1902.0,1901.8243408203125,80421,0.0,0.0
2025-09-23 00:00:00+01:00,1896.0,1931.56005859375,1896.0,1922.0,1921.8223876953125,152310,0.0,0.0
2025-09-24 00:00:00+01:00,1924.0,1942.0,1894.0,1904.0,1903.8240966796875,86449,0.0,0.0
2025-09-25 00:00:00+01:00,1894.0,1920.0,1884.0,1894.0,1893.8250732421875,99002,0.0,0.0
2025-09-26 00:00:00+01:00,1890.0,1902.0,1806.0,1864.0,1863.8277587890625,87483,0.0,0.0
2025-09-29 00:00:00+01:00,1872.0,1927.0999755859375,1830.0,1868.0,1867.8275146484375,77404,0.0,0.0
2025-09-30 00:00:00+01:00,1866.0,1881.97802734375,1834.0,1848.0,1847.8292236328125,158336,0.0,0.0
2025-10-01 00:00:00+01:00,1860.0,1894.0,1834.0,1894.0,1893.8250732421875,134721,0.0,0.0
2025-10-02 00:00:00+01:00,1978.0,1978.0,1892.0,1958.0,1957.819091796875,433003,0.0,0.0
2025-10-03 00:00:00+01:00,1988.0,2020.0,1958.0,2010.0,2009.8143310546875,98669,0.0,0.0
2025-10-06 00:00:00+01:00,2000.0,2030.0,1958.0,1976.0,1975.8173828125,92338,0.0,0.0
2025-10-07 00:00:00+01:00,1972.0,2020.0,1962.0,1990.0,1989.816162109375,79487,0.0,0.0
2025-10-08 00:00:00+01:00,1988.0,2045.0,1974.0,2040.0,2039.8115234375,139469,0.0,0.0
2025-10-09 00:00:00+01:00,2040.0,2055.0,2005.0,2015.0,2014.8138427734375,249368,0.0,0.0
2025-10-10 00:00:00+01:00,2025.0,2035.0,1980.0,1980.0,1979.8170166015625,644958,0.0,0.0
2025-10-13 00:00:00+01:00,1906.0,1946.0,1682.0,1830.0,1829.8309326171875,909241,0.0,0.0
2025-10-14 00:00:00+01:00,1830.0,1830.0,1778.0,1782.0,1781.8353271484375,218281,0.0,0.0
2025-10-15 00:00:00+01:00,1750.0,1818.0,1750.0,1818.0,1817.83203125,139847,0.0,0.0
2025-10-16 00:00:00+01:00,1822.0,1844.0,1816.0,1834.0,1833.83056640625,335140,0.0,0.0
2025-10-17 00:00:00+01:00,1840.0,1850.0,1796.0,1818.0,1817.83203125,121090,0.0,0.0
2025-10-20 00:00:00+01:00,1832.0,1842.0,1804.0,1840.0,1839.830078125,99339,0.0,0.0
2025-10-21 00:00:00+01:00,1802.0,1855.4000244140625,1802.0,1844.0,1843.8297119140625,92459,0.0,0.0
2025-10-22 00:00:00+01:00,1918.0,1918.0,1838.0,1886.0,1885.82568359375,346934,0.0,0.0
2025-10-23 00:00:00+01:00,1802.0,1914.0,1802.0,1888.0,1887.8255615234375,90134,0.0,0.0
2025-10-24 00:00:00+01:00,1920.0,1924.0,1884.0,1914.0,1913.8231201171875,74302,0.0,0.0
2025-10-27 00:00:00+00:00,1926.0,1966.0,1915.072998046875,1932.0,1931.821533203125,101200,0.0,0.0
2025-10-28 00:00:00+00:00,1970.0,1970.0,1920.0,1934.0,1933.8214111328125,54103,0.0,0.0
2025-10-29 00:00:00+00:00,1966.0,1966.0,1904.0,1904.0,1903.8240966796875,69423,0.0,0.0
2025-10-30 00:00:00+00:00,1900.0,1912.0,1884.0,1892.0,1891.8251953125,71302,0.0,0.0
2025-10-31 00:00:00+00:00,1982.0,1982.0,1864.4219970703125,1892.0,1891.8251953125,99076,0.0,0.0
2025-11-03 00:00:00+00:00,1810.0,1904.0,1810.0,1880.0,1879.8262939453125,93108,0.0,0.0
2025-11-04 00:00:00+00:00,1968.0,1968.0,1830.0,1830.0,1829.8309326171875,173938,0.0,0.0
2025-11-05 00:00:00+00:00,1828.0,1850.0,1788.0,1844.0,1843.8297119140625,157113,0.0,0.0
2025-11-06 00:00:00+00:00,1832.0,1848.0,1790.0,1804.0,1803.8333740234375,432904,0.0,0.0
2025-11-07 00:00:00+00:00,1882.0,1882.0,1780.0,1786.0,1785.8349609375,106877,0.0,0.0
2025-11-10 00:00:00+00:00,1776.0,1826.0,1776.0,1792.0,1791.83447265625,137766,0.0,0.0
2025-11-11 00:00:00+00:00,1814.0,2090.0,1808.0,2060.0,2059.8095703125,583507,0.0,0.0
2025-11-12 00:00:00+00:00,1966.0,2115.0,1966.0,2115.0,2114.8046875,361153,0.0,0.0
2025-11-13 00:00:00+00:00,2110.0,2160.0,2085.0,2090.0,2089.806884765625,376571,0.0,0.0
2025-11-14 00:00:00+00:00,2090.0,2105.0,2025.0,2075.0,2074.80810546875,297035,0.0,0.0
2025-11-17 00:00:00+00:00,2170.0,2170.0,2035.0,2035.0,2034.81201171875,76236,0.0,0.0
2025-11-18 00:00:00+00:00,1940.0,2030.0,1940.0,1982.0,1981.81689453125,177020,0.0,0.0
2025-11-19 00:00:00+00:00,1972.0,2000.0,1958.0,1968.0,1967.8182373046875,78699,0.0,0.0
2025-11-20 00:00:00+00:00,2055.0,2055.0,1938.0,1938.0,1937.821044921875,80258,0.0,0.0
2025-11-21 00:00:00+00:00,1878.0,1940.0,1878.0,1922.0,1921.8223876953125,93605,0.0,0.0
2025-11-24 00:00:00+00:00,1922.0,1962.2110595703125,1898.0,1928.0,1927.8218994140625,123160,0.0,0.0
2025-11-25 00:00:00+00:00,1850.0,1968.0,1850.0,1968.0,1967.8182373046875,79328,0.0,0.0
2025-11-26 00:00:00+00:00,2045.0,2045.0,1946.0,1964.0,1963.818603515625,51241,0.0,0.0
2025-11-27 00:00:00+00:00,2050.0,2050.0,1948.0,1968.0,1967.872314453125,32523,5.4,0.0
2025-11-28 00:00:00+00:00,2060.0,2060.0,1956.0,1972.0,1971.8719482421875,43427,0.0,0.0
2025-12-01 00:00:00+00:00,1880.0,1982.0,1880.0,1972.0,1971.8719482421875,59126,0.0,0.0
2025-12-02 00:00:00+00:00,2065.0,2065.0,1924.0,1968.0,1967.872314453125,217325,0.0,0.0
2025-12-03 00:00:00+00:00,2040.0,2040.0,1962.0,2040.0,2039.8675537109375,237257,0.0,0.0
2025-12-04 00:00:00+00:00,2130.0,2140.0,2045.0,2120.0,2119.8623046875,147226,0.0,0.0
2025-12-05 00:00:00+00:00,2145.0,2190.0,2120.0,2150.0,2149.8603515625,162274,0.0,0.0
2025-12-08 00:00:00+00:00,2195.0,2195.0,2075.0,2075.0,2074.865234375,179910,0.0,0.0
2025-12-09 00:00:00+00:00,2105.0,2133.718017578125,2065.0,2080.0,2079.864990234375,94777,0.0,0.0
2025-12-10 00:00:00+00:00,2170.0,2170.0,2040.0,2045.0,2044.8673095703125,253674,0.0,0.0
2025-12-11 00:00:00+00:00,1956.0,2065.0,1956.0,2040.0,2039.8675537109375,73913,0.0,0.0
2025-12-12 00:00:00+00:00,2075.0,2100.0,2050.0,2050.0,2049.866943359375,163209,0.0,0.0
2025-12-15 00:00:00+00:00,2025.0,2090.0,2025.0,2065.0,2064.865966796875,114437,0.0,0.0
2025-12-16 00:00:00+00:00,2060.0,2080.0,2030.0,2050.0,2049.866943359375,228687,0.0,0.0
2025-12-17 00:00:00+00:00,2005.0,2075.0,2005.0,2055.0,2054.86669921875,105617,0.0,0.0
2025-12-18 00:00:00+00:00,2000.0,2090.0,2000.0,2090.0,2089.8642578125,92534,0.0,0.0
2025-12-19 00:00:00+00:00,2080.0,2100.0,2070.0,2095.0,2094.864013671875,160373,0.0,0.0
2025-12-22 00:00:00+00:00,2085.0,2100.0,2065.0,2080.0,2079.864990234375,414093,0.0,0.0
2025-12-23 00:00:00+00:00,2170.0,2170.0,2055.0,2060.0,2059.8662109375,28487,0.0,0.0
2025-12-24 00:00:00+00:00,2050.0,2080.0,2050.0,2055.0,2054.86669921875,9756,0.0,0.0
2025-12-29 00:00:00+00:00,2070.0,2095.0,2055.0,2075.0,2074.865234375,46507,0.0,0.0
2025-12-30 00:00:00+00:00,2065.0,2085.0,2050.0,2075.0,2074.865234375,35507,0.0,0.0
