Date,Open,High,Low,Close,Adj Close,Volume,Dividends,Stock Splits
2022-01-03 00:00:00-05:00,172.1999969482422,173.19000244140625,170.57000732421875,172.97999572753906,148.08383178710938,5488900,0.0,0.0
2022-01-04 00:00:00-05:00,172.66000366210938,174.4499969482422,172.1999969482422,173.22999572753906,148.29783630371094,4717600,0.0,0.0
2022-01-05 00:00:00-05:00,173.36000061035156,175.36000061035156,173.22999572753906,173.82000732421875,148.8029327392578,6564600,0.0,0.0
2022-01-06 00:00:00-05:00,173.91000366210938,175.60000610351562,173.22999572753906,173.86000061035156,148.83717346191406,4288700,0.0,0.0
2022-01-07 00:00:00-05:00,174.08999633789062,174.69000244140625,172.61000061035156,174.0800018310547,149.0255126953125,4916000,0.0,0.0
2022-01-10 00:00:00-05:00,174.44000244140625,175.83999633789062,173.6199951171875,174.1699981689453,149.10252380371094,5055900,0.0,0.0
2022-01-11 00:00:00-05:00,173.67999267578125,174.22999572753906,171.6199951171875,174.08999633789062,149.0340576171875,6452300,0.0,0.0
2022-01-12 00:00:00-05:00,173.89999389648438,174.3300018310547,172.9499969482422,173.89999389648438,148.8714141845703,5268000,0.0,0.0
2022-01-13 00:00:00-05:00,173.7100067138672,174.69000244140625,173.24000549316406,174.17999267578125,149.11109924316406,4310300,0.0,0.0
2022-01-14 00:00:00-05:00,174.57000732421875,175.94000244140625,173.39999389648438,175.63999938964844,150.36093139648438,4474500,0.0,0.0
2022-01-18 00:00:00-05:00,173.6199951171875,174.75999450683594,173.14999389648438,173.9600067138672,148.9227752685547,5789500,0.0,0.0
2022-01-19 00:00:00-05:00,173.9600067138672,175.9600067138672,173.57000732421875,175.2100067138672,149.9928436279297,6424500,0.0,0.0
2022-01-20 00:00:00-05:00,175.41000366210938,176.8800048828125,173.83999633789062,173.94000244140625,148.90562438964844,6284200,0.0,0.0
2022-01-21 00:00:00-05:00,175.3300018310547,177.24000549316406,174.11000061035156,174.22000122070312,149.14529418945312,6753200,0.0,0.0
2022-01-24 00:00:00-05:00,175.49000549316406,176.5,168.9600067138672,173.3300018310547,148.3834228515625,9263900,0.0,0.0
2022-01-25 00:00:00-05:00,172.0800018310547,172.47999572753906,169.74000549316406,171.33999633789062,146.67982482910156,6536900,0.0,0.0
2022-01-26 00:00:00-05:00,169.36000061035156,171.80999755859375,166.4499969482422,169.52999877929688,145.13035583496094,6841800,0.0,0.0
2022-01-27 00:00:00-05:00,170.77999877929688,173.27999877929688,168.77999877929688,169.3699951171875,144.993408203125,6543500,0.0,0.0
2022-01-28 00:00:00-05:00,168.50999450683594,172.72999572753906,167.2100067138672,172.6699981689453,147.81845092773438,5796000,0.0,0.0
2022-01-31 00:00:00-05:00,170.77000427246094,174.11000061035156,170.58999633789062,173.52000427246094,148.54608154296875,5908000,0.0,0.0
2022-02-01 00:00:00-05:00,173.14999389648438,173.42999267578125,169.55999755859375,172.33999633789062,147.53590393066406,5952700,0.0,0.0
2022-02-02 00:00:00-05:00,172.75999450683594,175.63999938964844,172.57000732421875,175.47000122070312,150.2154541015625,5767000,0.0,0.0
2022-02-03 00:00:00-05:00,175.27000427246094,176.66000366210938,173.8300018310547,175.3699951171875,150.12985229492188,4632700,0.0,0.0
2022-02-04 00:00:00-05:00,173.10000610351562,174.88999938964844,171.19000244140625,172.49000549316406,147.66433715820312,4592400,0.0,0.0
2022-02-07 00:00:00-05:00,172.74000549316406,172.99000549316406,171.2100067138672,171.80999755859375,147.0822296142578,4813300,0.0,0.0
2022-02-08 00:00:00-05:00,172.6300048828125,172.63999938964844,170.30999755859375,172.02000427246094,147.26199340820312,3957700,0.0,0.0
2022-02-09 00:00:00-05:00,172.5,172.77999877929688,171.00999450683594,171.94000244140625,147.19351196289062,6780200,0.0,0.0
2022-02-10 00:00:00-05:00,168.66000366210938,171.4499969482422,167.3000030517578,168.3699951171875,144.13729858398438,7899800,0.0,0.0
2022-02-11 00:00:00-05:00,168.05999755859375,170.30999755859375,167.69000244140625,168.5800018310547,144.3170928955078,7299600,0.0,0.0
2022-02-14 00:00:00-05:00,169.4199981689453,169.67999267578125,165.10000610351562,166.6999969482422,142.70765686035156,6822500,0.0,0.0
2022-02-15 00:00:00-05:00,167.22000122070312,168.25,165.25999450683594,165.9600067138672,142.07415771484375,4943800,0.0,0.0
2022-02-16 00:00:00-05:00,165.6300048828125,167.1999969482422,164.5399932861328,166.3000030517578,142.36526489257812,4161700,0.0,0.0
2022-02-17 00:00:00-05:00,166.00999450683594,167.9499969482422,165.0,166.75,142.75047302246094,5156800,0.0,0.0
2022-02-18 00:00:00-05:00,167.11000061035156,168.24000549316406,166.22000122070312,167.7100067138672,143.57232666015625,5181600,0.0,0.0
2022-02-22 00:00:00-05:00,168.57000732421875,168.94000244140625,166.22999572753906,168.35000610351562,144.12017822265625,7733900,0.0,0.0
2022-02-23 00:00:00-05:00,169.1199951171875,169.1199951171875,166.52000427246094,166.69000244140625,142.69911193847656,5812800,0.0,0.0
2022-02-24 00:00:00-05:00,165.7100067138672,166.33999633789062,160.2899932861328,163.7899932861328,140.2164764404297,8888800,0.0,0.0
2022-02-25 00:00:00-05:00,164.4199981689453,168.4600067138672,164.25999450683594,168.3800048828125,144.14588928222656,6535600,0.0,0.0
2022-02-28 00:00:00-05:00,164.0399932861328,165.2100067138672,161.41000366210938,163.74000549316406,140.17372131347656,7677000,0.0,0.0
2022-03-01 00:00:00-05:00,163.07000732421875,164.39999389648438,161.3000030517578,162.27000427246094,138.91525268554688,5107900,0.0,0.0
2022-03-02 00:00:00-05:00,162.97999572753906,165.82000732421875,162.49000549316406,164.52000427246094,140.84141540527344,5452100,0.0,0.0
2022-03-03 00:00:00-05:00,163.97000122070312,165.19000244140625,162.8000030517578,163.27000427246094,140.69061279296875,5352200,1.075,0.0
2022-03-04 00:00:00-05:00,162.0,166.5,160.9199981689453,165.75,142.8276824951172,6340300,0.0,0.0
2022-03-07 00:00:00-05:00,164.07000732421875,165.14999389648438,162.1300048828125,162.4499969482422,139.9840087890625,6319500,0.0,0.0
2022-03-08 00:00:00-05:00,162.3800048828125,163.97000122070312,157.69000244140625,157.8699951171875,136.03741455078125,6163700,0.0,0.0
2022-03-09 00:00:00-05:00,159.80999755859375,160.05999755859375,156.39999389648438,157.39999389648438,135.6324005126953,5764900,0.0,0.0
2022-03-10 00:00:00-05:00,155.7899932861328,156.25,153.3699951171875,154.50999450683594,133.14205932617188,6103700,0.0,0.0
2022-03-11 00:00:00-05:00,155.4499969482422,156.88999938964844,153.47999572753906,153.72999572753906,132.46995544433594,4762600,0.0,0.0
2022-03-14 00:00:00-04:00,155.14999389648438,157.8000030517578,154.5,155.88999938964844,134.33120727539062,6075600,0.0,0.0
2022-03-15 00:00:00-04:00,157.32000732421875,159.5,156.8300018310547,159.0,137.01112365722656,6203400,0.0,0.0
2022-03-16 00:00:00-04:00,158.41000366210938,159.99000549316406,157.0399932861328,159.6999969482422,137.6143341064453,6299000,0.0,0.0
2022-03-17 00:00:00-04:00,159.8300018310547,161.6300048828125,159.3000030517578,160.94000244140625,138.68284606933594,3587600,0.0,0.0
2022-03-18 00:00:00-04:00,161.3800048828125,162.92999267578125,160.05999755859375,162.7899932861328,140.2769775390625,12123000,0.0,0.0
2022-03-21 00:00:00-04:00,162.27000427246094,163.80999755859375,161.07000732421875,162.55999755859375,140.07879638671875,5122600,0.0,0.0
2022-03-22 00:00:00-04:00,162.83999633789062,164.77000427246094,162.22999572753906,164.33999633789062,141.6126708984375,5779200,0.0,0.0
2022-03-23 00:00:00-04:00,164.25,165.27999877929688,162.6300048828125,163.47999572753906,140.87159729003906,4533700,0.0,0.0
2022-03-24 00:00:00-04:00,164.05999755859375,164.72999572753906,163.27000427246094,164.47000122070312,141.7246856689453,3160300,0.0,0.0
2022-03-25 00:00:00-04:00,164.42999267578125,165.89999389648438,164.42999267578125,165.24000549316406,142.38818359375,4146800,0.0,0.0
2022-03-28 00:00:00-04:00,165.10000610351562,165.77000427246094,163.7100067138672,165.72999572753906,142.8104248046875,4308000,0.0,0.0
2022-03-29 00:00:00-04:00,167.2899932861328,168.5800018310547,166.3699951171875,168.19000244140625,144.93023681640625,4440400,0.0,0.0
2022-03-30 00:00:00-04:00,168.10000610351562,168.24000549316406,166.1199951171875,167.9600067138672,144.73204040527344,3871500,0.0,0.0
2022-03-31 00:00:00-04:00,168.3699951171875,169.3000030517578,167.27000427246094,167.3800048828125,144.2322235107422,6076200,0.0,0.0
2022-04-01 00:00:00-04:00,167.88999938964844,169.92999267578125,167.3699951171875,169.75999450683594,146.28309631347656,3239600,0.0,0.0
2022-04-04 00:00:00-04:00,169.11000061035156,169.38999938964844,167.4499969482422,169.32000732421875,145.90394592285156,3759900,0.0,0.0
2022-04-05 00:00:00-04:00,168.32000732421875,171.3800048828125,168.32000732421875,169.5,146.0590362548828,4480700,0.0,0.0
2022-04-06 00:00:00-04:00,169.9199981689453,172.6999969482422,169.49000549316406,172.38999938964844,148.5493621826172,4294800,0.0,0.0
2022-04-07 00:00:00-04:00,172.02999877929688,173.27999877929688,170.77999877929688,172.5500030517578,148.68724060058594,5041600,0.0,0.0
2022-04-08 00:00:00-04:00,172.99000549316406,173.69000244140625,171.58999633789062,173.1300048828125,149.18702697753906,3883100,0.0,0.0
2022-04-11 00:00:00-04:00,173.61000061035156,174.97000122070312,172.32000732421875,172.60000610351562,148.73036193847656,3825100,0.0,0.0
2022-04-12 00:00:00-04:00,173.77999877929688,174.64999389648438,172.6300048828125,173.3000030517578,149.33352661132812,3924300,0.0,0.0
2022-04-13 00:00:00-04:00,173.5800018310547,173.82000732421875,171.72999572753906,173.0,149.0749969482422,4394000,0.0,0.0
2022-04-14 00:00:00-04:00,173.47999572753906,174.25999450683594,171.75999450683594,171.89999389648438,148.12713623046875,4834300,0.0,0.0
2022-04-18 00:00:00-04:00,171.22000122070312,172.30999755859375,169.9600067138672,170.4199981689453,146.85183715820312,3086000,0.0,0.0
2022-04-19 00:00:00-04:00,169.83999633789062,173.1699981689453,169.83999633789062,172.89999389648438,148.98886108398438,3642000,0.0,0.0
2022-04-20 00:00:00-04:00,173.72000122070312,175.97000122070312,173.72000122070312,175.47000122070312,151.2034149169922,4197600,0.0,0.0
2022-04-21 00:00:00-04:00,175.75999450683594,177.24000549316406,174.64999389648438,174.83999633789062,150.66055297851562,3701300,0.0,0.0
2022-04-22 00:00:00-04:00,174.99000549316406,175.27000427246094,171.94000244140625,172.14999389648438,148.3425750732422,5864000,0.0,0.0
2022-04-25 00:00:00-04:00,173.2100067138672,173.9199981689453,171.0,173.74000549316406,149.71267700195312,7369900,0.0,0.0
2022-04-26 00:00:00-04:00,173.97000122070312,175.35000610351562,172.72999572753906,173.3000030517578,149.33352661132812,7386600,0.0,0.0
2022-04-27 00:00:00-04:00,173.4199981689453,176.69000244140625,173.19000244140625,174.85000610351562,150.66920471191406,5180300,0.0,0.0
2022-04-28 00:00:00-04:00,174.52999877929688,177.6199951171875,173.82000732421875,177.5,152.95269775390625,5235800,0.0,0.0
2022-04-29 00:00:00-04:00,177.41000366210938,177.41000366210938,171.41000366210938,171.7100067138672,147.96340942382812,6505600,0.0,0.0
2022-05-02 00:00:00-04:00,173.0,173.4600067138672,165.27000427246094,167.75999450683594,144.55972290039062,7692100,0.0,0.0
2022-05-03 00:00:00-04:00,169.13999938964844,169.30999755859375,166.5800018310547,167.99000549316406,144.75787353515625,5564900,0.0,0.0
2022-05-04 00:00:00-04:00,167.61000061035156,174.1199951171875,167.61000061035156,173.86000061035156,149.81610107421875,6231500,0.0,0.0
2022-05-05 00:00:00-04:00,173.10000610351562,173.32000732421875,169.0800018310547,170.38999938964844,146.8259735107422,6534300,0.0,0.0
2022-05-06 00:00:00-04:00,169.24000549316406,170.8000030517578,168.72000122070312,170.41000366210938,146.8431854248047,5824600,0.0,0.0
2022-05-09 00:00:00-04:00,169.66000366210938,172.88999938964844,168.75999450683594,171.6999969482422,147.95481872558594,7269100,0.0,0.0
2022-05-10 00:00:00-04:00,173.1199951171875,174.5399932861328,170.75,171.49000549316406,147.77383422851562,5936700,0.0,0.0
2022-05-11 00:00:00-04:00,170.82000732421875,172.41000366210938,169.9199981689453,170.66000366210938,147.05865478515625,5376900,0.0,0.0
2022-05-12 00:00:00-04:00,171.25,171.99000549316406,168.16000366210938,170.39999389648438,146.8345947265625,6473500,0.0,0.0
2022-05-13 00:00:00-04:00,170.6999969482422,174.16000366210938,169.4600067138672,173.72000122070312,149.69546508789062,4714600,0.0,0.0
2022-05-16 00:00:00-04:00,173.7100067138672,176.3000030517578,173.4199981689453,175.47000122070312,151.2034149169922,5317200,0.0,0.0
2022-05-17 00:00:00-04:00,175.30999755859375,175.67999267578125,172.5800018310547,174.4600067138672,150.33311462402344,5012200,0.0,0.0
2022-05-18 00:00:00-04:00,173.69000244140625,173.8699951171875,162.9199981689453,163.64999389648438,141.01805114746094,8875400,0.0,0.0
2022-05-19 00:00:00-04:00,162.5,162.77999877929688,159.6699981689453,161.1999969482422,138.90689086914062,6423800,0.0,0.0
2022-05-20 00:00:00-04:00,162.24000549316406,163.05999755859375,159.6199951171875,162.2100067138672,139.77725219726562,5768800,0.0,0.0
2022-05-23 00:00:00-04:00,164.2100067138672,166.9499969482422,163.57000732421875,165.60000610351562,142.69839477539062,4657800,0.0,0.0
2022-05-24 00:00:00-04:00,166.02000427246094,168.25999450683594,165.16000366210938,167.82000732421875,144.61138916015625,6327600,0.0,0.0
2022-05-25 00:00:00-04:00,167.85000610351562,169.49000549316406,166.9600067138672,168.97000122070312,145.6023406982422,5781000,0.0,0.0
2022-05-26 00:00:00-04:00,168.9600067138672,171.08999633789062,168.9600067138672,170.11000061035156,146.584716796875,5193800,0.0,0.0
2022-05-27 00:00:00-04:00,171.25999450683594,171.80999755859375,170.1999969482422,171.77000427246094,148.01512145996094,6713500,0.0,0.0
2022-05-31 00:00:00-04:00,170.97999572753906,170.97999572753906,165.3699951171875,167.75,144.55105590820312,13610000,0.0,0.0
2022-06-01 00:00:00-04:00,168.17999267578125,168.3800048828125,163.82000732421875,166.49000549316406,143.46531677246094,5613900,0.0,0.0
2022-06-02 00:00:00-04:00,165.6199951171875,166.75,162.64999389648438,166.67999267578125,144.62803649902344,4677300,1.15,0.0
2022-06-03 00:00:00-04:00,165.86000061035156,166.58999633789062,164.36000061035156,164.85000610351562,143.0401611328125,4222000,0.0,0.0
2022-06-06 00:00:00-04:00,166.4600067138672,167.6199951171875,164.72999572753906,165.5399932861328,143.63885498046875,3447800,0.0,0.0
2022-06-07 00:00:00-04:00,165.67999267578125,166.86000061035156,164.22000122070312,166.55999755859375,144.52391052246094,4168300,0.0,0.0
2022-06-08 00:00:00-04:00,165.74000549316406,166.80999755859375,165.11000061035156,165.72999572753906,143.80372619628906,2646800,0.0,0.0
2022-06-09 00:00:00-04:00,165.19000244140625,166.92999267578125,162.6699981689453,162.77999877929688,141.24400329589844,3522900,0.0,0.0
2022-06-10 00:00:00-04:00,160.97000122070312,163.9199981689453,159.4499969482422,162.52000427246094,141.01844787597656,5203300,0.0,0.0
2022-06-13 00:00:00-04:00,160.52999877929688,162.8699951171875,159.05999755859375,159.74000549316406,138.606201171875,6300700,0.0,0.0
2022-06-14 00:00:00-04:00,160.0,160.0500030517578,154.86000061035156,156.1199951171875,135.4651641845703,6159200,0.0,0.0
2022-06-15 00:00:00-04:00,157.9199981689453,159.83999633789062,155.92999267578125,157.7899932861328,136.9141845703125,5940100,0.0,0.0
2022-06-16 00:00:00-04:00,156.6300048828125,158.4600067138672,155.11000061035156,157.02999877929688,136.25474548339844,7207900,0.0,0.0
2022-06-17 00:00:00-04:00,157.02999877929688,158.99000549316406,156.1699981689453,157.05999755859375,136.28076171875,9881800,0.0,0.0
2022-06-21 00:00:00-04:00,158.1699981689453,160.9600067138672,157.35000610351562,160.7100067138672,139.44789123535156,4449600,0.0,0.0
2022-06-22 00:00:00-04:00,160.3300018310547,162.99000549316406,159.55999755859375,162.02999877929688,140.59324645996094,4706500,0.0,0.0
2022-06-23 00:00:00-04:00,163.77999877929688,165.13999938964844,163.14999389648438,164.10000610351562,142.38937377929688,5810700,0.0,0.0
2022-06-24 00:00:00-04:00,165.63999938964844,166.19000244140625,163.94000244140625,166.1300048828125,144.1508026123047,5951500,0.0,0.0
2022-06-27 00:00:00-04:00,165.8699951171875,167.1300048828125,165.33999633789062,166.35000610351562,144.34169006347656,4595800,0.0,0.0
2022-06-28 00:00:00-04:00,167.14999389648438,168.4499969482422,163.85000610351562,164.00999450683594,142.311279296875,4372900,0.0,0.0
2022-06-29 00:00:00-04:00,166.05999755859375,167.55999755859375,165.35000610351562,166.72999572753906,144.67140197753906,3653600,0.0,0.0
2022-06-30 00:00:00-04:00,167.1300048828125,167.5800018310547,165.6300048828125,166.66000366210938,144.6106719970703,6295100,0.0,0.0
2022-07-01 00:00:00-04:00,166.74000549316406,169.52000427246094,165.75999450683594,169.38999938964844,146.9794921875,3918700,0.0,0.0
2022-07-05 00:00:00-04:00,168.6300048828125,169.38999938964844,165.3300018310547,169.00999450683594,146.64976501464844,4971600,0.0,0.0
2022-07-06 00:00:00-04:00,170.0,171.9499969482422,169.47999572753906,170.6999969482422,148.11618041992188,4209100,0.0,0.0
2022-07-07 00:00:00-04:00,169.52000427246094,171.0399932861328,169.3800048828125,170.36000061035156,147.8211669921875,5150200,0.0,0.0
2022-07-08 00:00:00-04:00,170.57000732421875,172.6999969482422,170.5500030517578,171.8800048828125,149.14007568359375,3482900,0.0,0.0
2022-07-11 00:00:00-04:00,171.41000366210938,172.8000030517578,170.02000427246094,170.47000122070312,147.91659545898438,4921300,0.0,0.0
2022-07-12 00:00:00-04:00,173.0,173.32000732421875,168.8699951171875,169.5,147.07493591308594,5201600,0.0,0.0
2022-07-13 00:00:00-04:00,168.5399932861328,171.44000244140625,167.97999572753906,170.10000610351562,147.5955810546875,4533100,0.0,0.0
2022-07-14 00:00:00-04:00,168.2899932861328,171.16000366210938,167.6999969482422,170.97999572753906,148.359130859375,4218300,0.0,0.0
2022-07-15 00:00:00-04:00,171.33999633789062,172.9199981689453,170.02000427246094,171.1199951171875,148.48060607910156,4659100,0.0,0.0
2022-07-18 00:00:00-04:00,171.14999389648438,171.24000549316406,167.85000610351562,168.25999450683594,145.99900817871094,3479700,0.0,0.0
2022-07-19 00:00:00-04:00,170.25,170.75,168.6300048828125,170.05999755859375,147.56085205078125,4201600,0.0,0.0
2022-07-20 00:00:00-04:00,170.0500030517578,170.57000732421875,167.4600067138672,168.25999450683594,145.99900817871094,3460700,0.0,0.0
2022-07-21 00:00:00-04:00,167.99000549316406,169.41000366210938,167.55999755859375,168.50999450683594,146.2158966064453,3088300,0.0,0.0
2022-07-22 00:00:00-04:00,169.13999938964844,170.57000732421875,168.49000549316406,169.61000061035156,147.17041015625,3757800,0.0,0.0
2022-07-25 00:00:00-04:00,170.30999755859375,170.86000061035156,169.0399932861328,169.85000610351562,147.37864685058594,3357200,0.0,0.0
2022-07-26 00:00:00-04:00,170.57000732421875,171.99000549316406,169.24000549316406,171.8300018310547,149.09666442871094,3732100,0.0,0.0
2022-07-27 00:00:00-04:00,170.49000549316406,171.9499969482422,169.05999755859375,171.58999633789062,148.88841247558594,4479000,0.0,0.0
2022-07-28 00:00:00-04:00,171.8699951171875,175.1199951171875,171.19000244140625,174.83999633789062,151.7084503173828,3134200,0.0,0.0
2022-07-29 00:00:00-04:00,173.66000366210938,175.47999572753906,173.38999938964844,174.9600067138672,151.8125762939453,4215500,0.0,0.0
2022-08-01 00:00:00-04:00,174.5500030517578,177.69000244140625,174.5500030517578,176.9499969482422,153.539306640625,4034600,0.0,0.0
2022-08-02 00:00:00-04:00,176.94000244140625,177.14999389648438,175.22000122070312,175.49000549316406,152.27247619628906,3781100,0.0,0.0
2022-08-03 00:00:00-04:00,175.0800018310547,177.05999755859375,174.24000549316406,176.8300018310547,153.43521118164062,4401300,0.0,0.0
2022-08-04 00:00:00-04:00,176.4199981689453,176.74000549316406,174.5800018310547,175.8699951171875,152.60220336914062,3822500,0.0,0.0
2022-08-05 00:00:00-04:00,174.38999938964844,174.6999969482422,172.39999389648438,174.5500030517578,151.45681762695312,3295600,0.0,0.0
2022-08-08 00:00:00-04:00,175.7899932861328,175.97000122070312,173.32000732421875,173.85000610351562,150.84945678710938,2846100,0.0,0.0
2022-08-09 00:00:00-04:00,174.7899932861328,175.22999572753906,173.9600067138672,174.5,151.4134521484375,3228800,0.0,0.0
2022-08-10 00:00:00-04:00,175.80999755859375,176.42999267578125,174.72000122070312,175.94000244140625,152.66293334960938,4041100,0.0,0.0
2022-08-11 00:00:00-04:00,176.36000061035156,177.1199951171875,174.6699981689453,175.0399932861328,151.8820037841797,2743800,0.0,0.0
2022-08-12 00:00:00-04:00,175.92999267578125,177.3800048828125,175.3800048828125,177.3300018310547,153.86903381347656,3756200,0.0,0.0
2022-08-15 00:00:00-04:00,177.77000427246094,179.36000061035156,176.8000030517578,179.27999877929688,155.56105041503906,3043100,0.0,0.0
2022-08-16 00:00:00-04:00,179.77999877929688,180.6999969482422,178.63999938964844,180.32000732421875,156.4635009765625,3395700,0.0,0.0
2022-08-17 00:00:00-04:00,180.10000610351562,181.07000732421875,179.72000122070312,180.22000122070312,156.3766632080078,2666200,0.0,0.0
2022-08-18 00:00:00-04:00,180.82000732421875,180.92999267578125,179.94000244140625,180.39999389648438,156.53282165527344,3010600,0.0,0.0
2022-08-19 00:00:00-04:00,179.75999450683594,181.00999450683594,179.32000732421875,180.1699981689453,156.3332977294922,3704000,0.0,0.0
2022-08-22 00:00:00-04:00,180.13999938964844,180.47000122070312,178.02000427246094,178.4499969482422,154.84083557128906,3385000,0.0,0.0
2022-08-23 00:00:00-04:00,177.82000732421875,178.86000061035156,177.2899932861328,178.3699951171875,154.7714385986328,2575000,0.0,0.0
2022-08-24 00:00:00-04:00,178.3699951171875,179.5,178.11000061035156,179.25999450683594,155.54368591308594,3340600,0.0,0.0
2022-08-25 00:00:00-04:00,179.02999877929688,179.35000610351562,177.38999938964844,179.27000427246094,155.55238342285156,3401800,0.0,0.0
2022-08-26 00:00:00-04:00,179.9600067138672,179.97999572753906,174.6699981689453,175.0399932861328,151.8820037841797,5246600,0.0,0.0
2022-08-29 00:00:00-04:00,174.5500030517578,175.2899932861328,173.2100067138672,174.49000549316406,151.40476989746094,4184500,0.0,0.0
2022-08-30 00:00:00-04:00,174.33999633789062,174.69000244140625,172.3300018310547,172.99000549316406,150.1032257080078,4026300,0.0,0.0
2022-08-31 00:00:00-04:00,173.80999755859375,174.41000366210938,172.1999969482422,172.27000427246094,149.47845458984375,5597900,0.0,0.0
2022-09-01 00:00:00-04:00,170.9199981689453,172.97999572753906,170.24000549316406,172.85000610351562,150.98965454101562,4846100,1.15,0.0
2022-09-02 00:00:00-04:00,173.72000122070312,174.97000122070312,169.88999938964844,170.66000366210938,149.07667541503906,5801500,0.0,0.0
2022-09-06 00:00:00-04:00,170.97999572753906,172.58999633789062,169.1300048828125,169.50999450683594,148.0720977783203,4900100,0.0,0.0
2022-09-07 00:00:00-04:00,170.6199951171875,173.77999877929688,169.92999267578125,173.25,151.3390655517578,6074600,0.0,0.0
2022-09-08 00:00:00-04:00,172.77999877929688,173.42999267578125,170.55999755859375,172.6699981689453,150.8324737548828,3888100,0.0,0.0
2022-09-09 00:00:00-04:00,172.64999389648438,174.5500030517578,171.6699981689453,173.22000122070312,151.31289672851562,3662000,0.0,0.0
2022-09-12 00:00:00-04:00,173.22000122070312,174.44000244140625,172.75,173.89999389648438,151.9068603515625,5953300,0.0,0.0
2022-09-13 00:00:00-04:00,172.5,172.8300018310547,166.9499969482422,167.41000366210938,146.23764038085938,6926200,0.0,0.0
2022-09-14 00:00:00-04:00,168.1199951171875,169.19000244140625,167.57000732421875,168.67999267578125,147.34703063964844,5156900,0.0,0.0
2022-09-15 00:00:00-04:00,168.52999877929688,168.55999755859375,165.33999633789062,165.8800048828125,144.9011688232422,5461000,0.0,0.0
2022-09-16 00:00:00-04:00,166.36000061035156,167.1699981689453,165.25,166.97000122070312,145.85333251953125,12012600,0.0,0.0
2022-09-19 00:00:00-04:00,167.05999755859375,168.80999755859375,166.5,168.72999572753906,147.3907470703125,3720900,0.0,0.0
2022-09-20 00:00:00-04:00,167.5800018310547,169.14999389648438,166.86000061035156,168.9199981689453,147.5566864013672,3872000,0.0,0.0
2022-09-21 00:00:00-04:00,169.8800048828125,172.02999877929688,168.33999633789062,168.44000244140625,147.13742065429688,5134500,0.0,0.0
2022-09-22 00:00:00-04:00,168.39999389648438,169.88999938964844,168.0500030517578,168.60000610351562,147.2771759033203,4290600,0.0,0.0
2022-09-23 00:00:00-04:00,168.38999938964844,168.75,166.52999877929688,168.52000427246094,147.20730590820312,4565100,0.0,0.0
2022-09-26 00:00:00-04:00,168.3300018310547,170.00999450683594,167.52999877929688,168.4499969482422,147.14614868164062,5326400,0.0,0.0
2022-09-27 00:00:00-04:00,168.24000549316406,170.0,165.24000549316406,166.00999450683594,145.0146942138672,5400700,0.0,0.0
2022-09-28 00:00:00-04:00,166.91000366210938,169.6199951171875,165.24000549316406,168.6699981689453,147.3383331298828,5480900,0.0,0.0
2022-09-29 00:00:00-04:00,168.8000030517578,169.13999938964844,165.0,166.61000061035156,145.53884887695312,5167700,0.0,0.0
2022-09-30 00:00:00-04:00,167.69000244140625,168.24000549316406,163.00999450683594,163.25999450683594,142.61248779296875,5971900,0.0,0.0
2022-10-03 00:00:00-04:00,163.52000427246094,165.69000244140625,163.02000427246094,165.25,144.35086059570312,5093400,0.0,0.0
2022-10-04 00:00:00-04:00,167.38999938964844,168.72999572753906,165.5500030517578,167.11000061035156,145.97561645507812,4596800,0.0,0.0
2022-10-05 00:00:00-04:00,166.97000122070312,167.08999633789062,163.72999572753906,166.0,145.0059814453125,3538600,0.0,0.0
2022-10-06 00:00:00-04:00,165.7899932861328,166.02000427246094,162.5,162.8000030517578,142.21072387695312,4623400,0.0,0.0
2022-10-07 00:00:00-04:00,162.3000030517578,163.00999450683594,160.97999572753906,161.61000061035156,141.1711883544922,4779200,0.0,0.0
2022-10-10 00:00:00-04:00,161.99000549316406,163.0399932861328,161.19000244140625,161.82000732421875,141.3546600341797,4839200,0.0,0.0
2022-10-11 00:00:00-04:00,162.24000549316406,164.27000427246094,161.55999755859375,162.58999633789062,142.02723693847656,5222600,0.0,0.0
2022-10-12 00:00:00-04:00,168.72999572753906,170.6999969482422,166.60000610351562,169.38999938964844,147.96726989746094,9795300,0.0,0.0
2022-10-13 00:00:00-04:00,167.10000610351562,175.0399932861328,166.82000732421875,174.61000061035156,152.52706909179688,8412700,0.0,0.0
2022-10-14 00:00:00-04:00,175.97999572753906,176.25999450683594,169.99000549316406,170.19000244140625,148.66604614257812,5937900,0.0,0.0
2022-10-17 00:00:00-04:00,172.27000427246094,173.58999633789062,171.07000732421875,172.72999572753906,150.8848419189453,6401800,0.0,0.0
2022-10-18 00:00:00-04:00,174.82000732421875,176.91000366210938,173.41000366210938,175.05999755859375,152.920166015625,4547400,0.0,0.0
2022-10-19 00:00:00-04:00,174.82000732421875,175.83999633789062,172.3300018310547,173.36000061035156,151.43516540527344,5200200,0.0,0.0
2022-10-20 00:00:00-04:00,174.1999969482422,174.36000061035156,171.11000061035156,171.4600067138672,149.77548217773438,4314000,0.0,0.0
2022-10-21 00:00:00-04:00,171.1999969482422,173.69000244140625,170.5800018310547,173.05999755859375,151.173095703125,5071500,0.0,0.0
2022-10-24 00:00:00-04:00,174.80999755859375,177.97999572753906,174.6699981689453,177.67999267578125,155.2088165283203,5316500,0.0,0.0
2022-10-25 00:00:00-04:00,178.1199951171875,178.8699951171875,176.61000061035156,178.27000427246094,155.72421264648438,5220000,0.0,0.0
2022-10-26 00:00:00-04:00,179.25999450683594,180.89999389648438,178.32000732421875,179.07000732421875,156.42303466796875,5136000,0.0,0.0
2022-10-27 00:00:00-04:00,180.3699951171875,180.92999267578125,178.57000732421875,178.8800048828125,156.25709533691406,5424100,0.0,0.0
2022-10-28 00:00:00-04:00,179.6999969482422,182.92999267578125,179.47999572753906,182.22999572753906,159.18338012695312,6715300,0.0,0.0
2022-10-31 00:00:00-04:00,181.17999267578125,182.97999572753906,180.5399932861328,181.5800018310547,158.6156005859375,4877200,0.0,0.0
2022-11-01 00:00:00-04:00,180.94000244140625,182.80999755859375,179.88999938964844,180.75999450683594,157.8992919921875,4084500,0.0,0.0
2022-11-02 00:00:00-04:00,180.77999877929688,183.5800018310547,178.1699981689453,178.24000549316406,155.69801330566406,4970600,0.0,0.0
2022-11-03 00:00:00-04:00,176.77999877929688,178.89999389648438,176.52999877929688,177.77999877929688,155.29615783691406,3753800,0.0,0.0
2022-11-04 00:00:00-04:00,177.9199981689453,179.7899932861328,176.52999877929688,178.77999877929688,156.1697235107422,3922400,0.0,0.0
2022-11-07 00:00:00-05:00,179.52000427246094,180.6199951171875,178.8300018310547,180.2100067138672,157.41888427734375,3246100,0.0,0.0
2022-11-08 00:00:00-05:00,180.44000244140625,182.11000061035156,178.8000030517578,180.7100067138672,157.8556365966797,3724700,0.0,0.0
2022-11-09 00:00:00-05:00,179.9499969482422,181.07000732421875,178.39999389648438,178.5500030517578,155.9687957763672,4723600,0.0,0.0
2022-11-10 00:00:00-05:00,182.64999389648438,182.9199981689453,178.55999755859375,181.6999969482422,158.72042846679688,6704100,0.0,0.0
2022-11-11 00:00:00-05:00,181.1300048828125,181.69000244140625,175.44000244140625,178.0500030517578,155.5320281982422,7390500,0.0,0.0
2022-11-14 00:00:00-05:00,178.6699981689453,179.17999267578125,176.5,176.72999572753906,154.37896728515625,5633000,0.0,0.0
2022-11-15 00:00:00-05:00,178.0399932861328,178.6999969482422,175.4199981689453,177.19000244140625,154.78079223632812,5153600,0.0,0.0
2022-11-16 00:00:00-05:00,178.3000030517578,179.6300048828125,177.72000122070312,178.3300018310547,155.77659606933594,4701100,0.0,0.0
2022-11-17 00:00:00-05:00,177.49000549316406,180.16000366210938,177.42999267578125,180.02999877929688,157.26161193847656,3920300,0.0,0.0
2022-11-18 00:00:00-05:00,180.2100067138672,181.83999633789062,180.02000427246094,181.3300018310547,158.39723205566406,4498100,0.0,0.0
2022-11-21 00:00:00-05:00,182.27000427246094,185.1300048828125,182.08999633789062,184.82000732421875,161.44581604003906,4397600,0.0,0.0
2022-11-22 00:00:00-05:00,185.80999755859375,186.6199951171875,184.3699951171875,184.83999633789062,161.4633026123047,4109600,0.0,0.0
2022-11-23 00:00:00-05:00,185.0,186.0800018310547,184.5,185.0800018310547,161.67294311523438,2511000,0.0,0.0
2022-11-25 00:00:00-05:00,184.5800018310547,185.0,183.94000244140625,184.11000061035156,160.82562255859375,1837000,0.0,0.0
2022-11-28 00:00:00-05:00,184.39999389648438,185.49000549316406,183.50999450683594,183.88999938964844,160.63345336914062,6411400,0.0,0.0
2022-11-29 00:00:00-05:00,183.3000030517578,183.4199981689453,181.02000427246094,182.58999633789062,159.4978790283203,4375400,0.0,0.0
2022-11-30 00:00:00-05:00,181.89999389648438,185.6999969482422,180.24000549316406,185.50999450683594,162.048583984375,7915600,0.0,0.0
2022-12-01 00:00:00-05:00,185.47999572753906,186.3300018310547,184.16000366210938,185.89999389648438,163.4021759033203,4683300,1.15,0.0
2022-12-02 00:00:00-05:00,184.0,186.30999755859375,183.83999633789062,185.69000244140625,163.21759033203125,3547700,0.0,0.0
2022-12-05 00:00:00-05:00,183.42999267578125,183.94000244140625,182.32000732421875,183.1199951171875,160.95864868164062,4083200,0.0,0.0
2022-12-06 00:00:00-05:00,183.75,184.2899932861328,180.6999969482422,181.6300048828125,159.6489715576172,5835100,0.0,0.0
2022-12-07 00:00:00-05:00,181.80999755859375,182.4499969482422,180.69000244140625,182.17999267578125,160.13241577148438,4241700,0.0,0.0
2022-12-08 00:00:00-05:00,181.80999755859375,183.97999572753906,181.25999450683594,183.77999877929688,161.5387420654297,3800800,0.0,0.0
2022-12-09 00:00:00-05:00,184.2100067138672,184.2100067138672,183.0500030517578,183.10000610351562,160.9410400390625,3116100,0.0,0.0
2022-12-12 00:00:00-05:00,184.17999267578125,184.17999267578125,182.36000061035156,183.97000122070312,161.70574951171875,4691400,0.0,0.0
2022-12-13 00:00:00-05:00,186.47999572753906,186.83999633789062,182.94000244140625,183.8699951171875,161.61785888671875,5634900,0.0,0.0
2022-12-14 00:00:00-05:00,184.07000732421875,185.8800048828125,182.1300048828125,183.36000061035156,161.16958618164062,5392500,0.0,0.0
2022-12-15 00:00:00-05:00,181.97999572753906,182.7100067138672,178.38999938964844,180.25,158.43594360351562,6127800,0.0,0.0
2022-12-16 00:00:00-05:00,180.0800018310547,181.19000244140625,178.47999572753906,180.33999633789062,158.51507568359375,15708100,0.0,0.0
2022-12-19 00:00:00-05:00,180.86000061035156,183.47000122070312,180.35000610351562,181.33999633789062,159.39401245117188,4447800,0.0,0.0
2022-12-20 00:00:00-05:00,181.82000732421875,182.25,180.63999938964844,181.22999572753906,159.29734802246094,3249000,0.0,0.0
2022-12-21 00:00:00-05:00,181.5500030517578,183.67999267578125,181.39999389648438,182.5,160.4136962890625,4236900,0.0,0.0
2022-12-22 00:00:00-05:00,181.86000061035156,182.0500030517578,178.9199981689453,181.08999633789062,159.17428588867188,4304700,0.0,0.0
2022-12-23 00:00:00-05:00,180.91000366210938,182.5500030517578,180.4499969482422,182.25999450683594,160.20272827148438,2197800,0.0,0.0
2022-12-27 00:00:00-05:00,183.27999877929688,183.61000061035156,182.27000427246094,183.07000732421875,160.9146728515625,3045000,0.0,0.0
2022-12-28 00:00:00-05:00,184.10000610351562,184.5399932861328,181.63999938964844,181.75,159.7544403076172,2694300,0.0,0.0
2022-12-29 00:00:00-05:00,181.9199981689453,182.86000061035156,181.88999938964844,181.97999572753906,159.9565887451172,2549200,0.0,0.0
2022-12-30 00:00:00-05:00,181.3800048828125,181.9600067138672,179.2899932861328,180.66000366210938,158.7963409423828,3136200,0.0,0.0
2023-01-03 00:00:00-05:00,180.58999633789062,180.75,176.57000732421875,179.41000366210938,157.69764709472656,5137400,0.0,0.0
2023-01-04 00:00:00-05:00,179.41000366210938,180.5399932861328,177.5500030517578,178.97000122070312,157.3108673095703,4771300,0.0,0.0
2023-01-05 00:00:00-05:00,177.9600067138672,178.77000427246094,176.86000061035156,177.10000610351562,155.6671905517578,3647100,0.0,0.0
2023-01-06 00:00:00-05:00,178.80999755859375,181.8300018310547,178.8000030517578,181.10000610351562,159.18310546875,3713200,0.0,0.0
2023-01-09 00:00:00-05:00,180.44000244140625,182.77000427246094,178.80999755859375,179.3300018310547,157.62730407714844,3319200,0.0,0.0
2023-01-10 00:00:00-05:00,178.7899932861328,179.52999877929688,177.08999633789062,177.85000610351562,156.32640075683594,3817300,0.0,0.0
2023-01-11 00:00:00-05:00,179.38999938964844,179.7100067138672,175.67999267578125,178.0500030517578,156.50222778320312,4369900,0.0,0.0
2023-01-12 00:00:00-05:00,177.66000366210938,178.3699951171875,175.32000732421875,175.77999877929688,154.50694274902344,4246600,0.0,0.0
2023-01-13 00:00:00-05:00,175.39999389648438,175.72999572753906,174.1699981689453,175.24000549316406,154.0322723388672,4720400,0.0,0.0
2023-01-17 00:00:00-05:00,176.14999389648438,177.5500030517578,175.49000549316406,176.05999755859375,154.7530517578125,5032600,0.0,0.0
2023-01-18 00:00:00-05:00,175.24000549316406,175.74000549316406,171.3300018310547,171.6199951171875,150.85037231445312,5032600,0.0,0.0
2023-01-19 00:00:00-05:00,171.27999877929688,172.1699981689453,169.47999572753906,169.6300048828125,149.10121154785156,4720400,0.0,0.0
2023-01-20 00:00:00-05:00,168.9499969482422,169.88999938964844,167.4600067138672,169.8800048828125,149.3209228515625,5779100,0.0,0.0
2023-01-23 00:00:00-05:00,170.00999450683594,170.75999450683594,168.72000122070312,169.1199951171875,148.65292358398438,5440400,0.0,0.0
2023-01-24 00:00:00-05:00,169.61000061035156,170.8699951171875,168.4499969482422,170.69000244140625,150.0329132080078,4125600,0.0,0.0
2023-01-25 00:00:00-05:00,170.33999633789062,171.97999572753906,169.33999633789062,171.92999267578125,151.1228485107422,3852800,0.0,0.0
2023-01-26 00:00:00-05:00,171.63999938964844,171.6699981689453,170.0399932861328,170.22000122070312,149.6197967529297,4558400,0.0,0.0
2023-01-27 00:00:00-05:00,169.77000427246094,170.22999572753906,168.5800018310547,169.6199951171875,149.09242248535156,5451400,0.0,0.0
2023-01-30 00:00:00-05:00,169.77999877929688,171.4600067138672,169.13999938964844,169.47999572753906,148.9693603515625,5191500,0.0,0.0
2023-01-31 00:00:00-05:00,170.1999969482422,171.07000732421875,169.32000732421875,171.02000427246094,150.3229522705078,4665500,0.0,0.0
2023-02-01 00:00:00-05:00,170.8800048828125,172.32000732421875,169.50999450683594,171.55999755859375,150.79762268066406,4147700,0.0,0.0
2023-02-02 00:00:00-05:00,169.4600067138672,170.55999755859375,168.50999450683594,169.97000122070312,149.40008544921875,5653800,0.0,0.0
2023-02-03 00:00:00-05:00,170.9600067138672,171.2899932861328,167.0500030517578,169.1199951171875,148.65292358398438,5308200,0.0,0.0
2023-02-06 00:00:00-05:00,169.74000549316406,172.3800048828125,169.58999633789062,171.82000732421875,151.02615356445312,5640000,0.0,0.0
2023-02-07 00:00:00-05:00,170.2899932861328,172.02999877929688,169.25999450683594,171.55999755859375,150.79762268066406,6044700,0.0,0.0
2023-02-08 00:00:00-05:00,171.0,171.3300018310547,170.24000549316406,171.16000366210938,150.44602966308594,5687300,0.0,0.0
2023-02-09 00:00:00-05:00,175.32000732421875,176.49000549316406,172.0399932861328,172.77999877929688,151.8699951171875,9619400,0.0,0.0
2023-02-10 00:00:00-05:00,173.1199951171875,176.58999633789062,172.64999389648438,176.1999969482422,154.8760986328125,6176000,0.0,0.0
2023-02-13 00:00:00-05:00,176.25999450683594,178.22999572753906,176.0399932861328,177.77000427246094,156.25611877441406,5205100,0.0,0.0
2023-02-14 00:00:00-05:00,177.10000610351562,177.25,174.7899932861328,175.77000427246094,154.49815368652344,5203000,0.0,0.0
2023-02-15 00:00:00-05:00,175.0,176.0500030517578,174.58999633789062,176.00999450683594,154.70907592773438,4125500,0.0,0.0
2023-02-16 00:00:00-05:00,174.74000549316406,176.89999389648438,174.5399932861328,175.50999450683594,154.2695770263672,4973200,0.0,0.0
2023-02-17 00:00:00-05:00,175.16000366210938,176.4199981689453,174.8300018310547,176.27999877929688,154.9464111328125,3952100,0.0,0.0
2023-02-21 00:00:00-05:00,175.5800018310547,177.41000366210938,174.6699981689453,176.17999267578125,154.85848999023438,5797300,0.0,0.0
2023-02-22 00:00:00-05:00,176.72000122070312,177.42999267578125,175.77000427246094,176.1199951171875,154.80577087402344,5299500,0.0,0.0
2023-02-23 00:00:00-05:00,176.66000366210938,176.99000549316406,174.99000549316406,176.30999755859375,154.9727783203125,3801400,0.0,0.0
2023-02-24 00:00:00-05:00,175.4600067138672,176.3300018310547,174.2899932861328,175.9600067138672,154.66513061523438,2959100,0.0,0.0
2023-02-27 00:00:00-05:00,176.97000122070312,177.25,175.64999389648438,175.91000366210938,154.62120056152344,3208500,0.0,0.0
2023-02-28 00:00:00-05:00,174.8800048828125,175.05999755859375,173.1999969482422,173.52999877929688,152.52923583984375,4317100,0.0,0.0
2023-03-01 00:00:00-05:00,172.32000732421875,172.4600067138672,169.1199951171875,171.3300018310547,150.59547424316406,5359100,0.0,0.0
2023-03-02 00:00:00-05:00,170.50999450683594,173.75999450683594,169.77999877929688,173.32000732421875,153.37411499023438,4476300,1.15,0.0
2023-03-03 00:00:00-05:00,173.0,173.4499969482422,171.3300018310547,173.14999389648438,153.2236785888672,3627100,0.0,0.0
2023-03-06 00:00:00-05:00,172.22000122070312,173.66000366210938,172.22000122070312,173.5,153.5334014892578,3611400,0.0,0.0
2023-03-07 00:00:00-05:00,173.6699981689453,174.25999450683594,171.8699951171875,172.63999938964844,152.77235412597656,4094900,0.0,0.0
2023-03-08 00:00:00-05:00,172.67999267578125,173.36000061035156,171.77999877929688,173.11000061035156,153.18829345703125,2920200,0.0,0.0
2023-03-09 00:00:00-05:00,173.6199951171875,174.36000061035156,171.1999969482422,171.8000030517578,152.02903747558594,4042100,0.0,0.0
2023-03-10 00:00:00-05:00,172.52999877929688,174.24000549316406,170.9600067138672,172.02999877929688,152.23257446289062,4129900,0.0,0.0
2023-03-13 00:00:00-04:00,172.75999450683594,177.22999572753906,172.61000061035156,173.7100067138672,153.71923828125,8265100,0.0,0.0
2023-03-14 00:00:00-04:00,172.49000549316406,173.80999755859375,171.57000732421875,173.52999877929688,153.55995178222656,6480800,0.0,0.0
2023-03-15 00:00:00-04:00,173.52999877929688,176.66000366210938,173.19000244140625,176.6300048828125,156.30322265625,7099800,0.0,0.0
2023-03-16 00:00:00-04:00,176.61000061035156,177.0,175.32000732421875,176.50999450683594,156.197021484375,4734400,0.0,0.0
2023-03-17 00:00:00-04:00,176.50999450683594,176.69000244140625,174.22999572753906,175.1300048828125,154.97584533691406,8854600,0.0,0.0
2023-03-20 00:00:00-04:00,176.5,177.67999267578125,175.50999450683594,177.58999633789062,157.15269470214844,4367000,0.0,0.0
2023-03-21 00:00:00-04:00,177.66000366210938,178.1699981689453,176.27999877929688,178.00999450683594,157.52438354492188,3812000,0.0,0.0
2023-03-22 00:00:00-04:00,177.83999633789062,179.3699951171875,176.4199981689453,176.50999450683594,156.197021484375,4380800,0.0,0.0
2023-03-23 00:00:00-04:00,176.05999755859375,177.22000122070312,175.02000427246094,175.64999389648438,155.4359893798828,4655600,0.0,0.0
2023-03-24 00:00:00-04:00,176.52999877929688,179.33999633789062,176.38999938964844,179.08999633789062,158.48008728027344,3713800,0.0,0.0
2023-03-27 00:00:00-04:00,179.5800018310547,180.64999389648438,179.30999755859375,179.49000549316406,158.8341064453125,4078600,0.0,0.0
2023-03-28 00:00:00-04:00,179.3300018310547,180.4600067138672,179.3300018310547,179.42999267578125,158.78097534179688,2850000,0.0,0.0
2023-03-29 00:00:00-04:00,180.64999389648438,180.91000366210938,179.99000549316406,180.6699981689453,159.87823486328125,4496000,0.0,0.0
2023-03-30 00:00:00-04:00,181.0,181.3300018310547,180.0800018310547,180.8300018310547,160.01983642578125,2743000,0.0,0.0
2023-03-31 00:00:00-04:00,182.16000366210938,182.49000549316406,181.32000732421875,182.3000030517578,161.3206787109375,4479800,0.0,0.0
2023-04-03 00:00:00-04:00,181.89999389648438,182.75999450683594,180.39999389648438,182.5,161.49769592285156,3902300,0.0,0.0
2023-04-04 00:00:00-04:00,182.17999267578125,183.36000061035156,181.10000610351562,181.85000610351562,160.92250061035156,3306400,0.0,0.0
2023-04-05 00:00:00-04:00,183.25,184.9600067138672,183.05999755859375,183.63999938964844,162.50648498535156,3826300,0.0,0.0
2023-04-06 00:00:00-04:00,183.3000030517578,184.74000549316406,183.10000610351562,184.36000061035156,163.1436309814453,3389700,0.0,0.0
2023-04-10 00:00:00-04:00,183.8300018310547,183.89999389648438,181.69000244140625,183.1999969482422,162.1171112060547,2408100,0.0,0.0
2023-04-11 00:00:00-04:00,183.4199981689453,183.8800048828125,182.75999450683594,182.9199981689453,161.86932373046875,3586700,0.0,0.0
2023-04-12 00:00:00-04:00,182.69000244140625,183.77999877929688,182.25,182.55999755859375,161.5507354736328,3620900,0.0,0.0
2023-04-13 00:00:00-04:00,182.6199951171875,184.61000061035156,182.11000061035156,184.3800048828125,163.16127014160156,4303600,0.0,0.0
2023-04-14 00:00:00-04:00,183.33999633789062,184.02000427246094,182.9199981689453,183.50999450683594,162.39144897460938,2572900,0.0,0.0
2023-04-17 00:00:00-04:00,184.19000244140625,184.75,183.47999572753906,184.4499969482422,163.2232666015625,3224400,0.0,0.0
2023-04-18 00:00:00-04:00,184.77000427246094,185.22000122070312,183.74000549316406,184.8300018310547,163.55953979492188,2438600,0.0,0.0
2023-04-19 00:00:00-04:00,185.24000549316406,185.32000732421875,184.25999450683594,184.72000122070312,163.46218872070312,2209900,0.0,0.0
2023-04-20 00:00:00-04:00,184.83999633789062,186.0399932861328,184.1999969482422,185.3300018310547,164.00201416015625,3868200,0.0,0.0
2023-04-21 00:00:00-04:00,185.99000549316406,186.3800048828125,185.1300048828125,185.41000366210938,164.07278442382812,3781800,0.0,0.0
2023-04-24 00:00:00-04:00,186.5,186.57000732421875,185.02000427246094,185.5,164.15245056152344,3540200,0.0,0.0
2023-04-25 00:00:00-04:00,186.55999755859375,190.17999267578125,186.24000549316406,189.7100067138672,167.87794494628906,6231600,0.0,0.0
2023-04-26 00:00:00-04:00,188.47999572753906,189.4199981689453,187.8699951171875,188.5399932861328,166.84259033203125,4481700,0.0,0.0
2023-04-27 00:00:00-04:00,188.17999267578125,189.9499969482422,187.50999450683594,189.69000244140625,167.86024475097656,4574500,0.0,0.0
2023-04-28 00:00:00-04:00,189.89999389648438,191.6199951171875,189.63999938964844,190.88999938964844,168.922119140625,4608900,0.0,0.0
2023-05-01 00:00:00-04:00,190.4499969482422,192.3300018310547,190.27999877929688,191.67999267578125,169.6212158203125,3137800,0.0,0.0
2023-05-02 00:00:00-04:00,191.36000061035156,192.5,189.75,192.25,170.12562561035156,3712200,0.0,0.0
2023-05-03 00:00:00-04:00,192.5800018310547,193.25,191.77999877929688,192.17999267578125,170.06365966796875,3389600,0.0,0.0
2023-05-04 00:00:00-04:00,193.0800018310547,193.9499969482422,192.16000366210938,193.3800048828125,171.12557983398438,4267600,0.0,0.0
2023-05-05 00:00:00-04:00,192.82000732421875,194.47999572753906,192.38999938964844,194.27000427246094,171.91317749023438,4146500,0.0,0.0
2023-05-08 00:00:00-04:00,193.39999389648438,194.0,192.64999389648438,193.35000610351562,171.09902954101562,2249900,0.0,0.0
2023-05-09 00:00:00-04:00,193.86000061035156,194.6699981689453,192.7100067138672,194.13999938964844,171.79812622070312,3087600,0.0,0.0
2023-05-10 00:00:00-04:00,194.11000061035156,195.5800018310547,192.6699981689453,194.27000427246094,171.91317749023438,4352900,0.0,0.0
2023-05-11 00:00:00-04:00,194.27999877929688,195.52000427246094,193.0,195.33999633789062,172.85997009277344,3690200,0.0,0.0
2023-05-12 00:00:00-04:00,195.33999633789062,196.22000122070312,194.9499969482422,196.1199951171875,173.55023193359375,2741000,0.0,0.0
2023-05-15 00:00:00-04:00,196.57000732421875,196.8800048828125,194.0,194.27000427246094,171.91317749023438,2946400,0.0,0.0
2023-05-16 00:00:00-04:00,194.47999572753906,194.47999572753906,192.5399932861328,193.42999267578125,171.16983032226562,5803100,0.0,0.0
2023-05-17 00:00:00-04:00,193.30999755859375,193.58999633789062,190.83999633789062,192.05999755859375,169.95750427246094,4878800,0.0,0.0
2023-05-18 00:00:00-04:00,191.32000732421875,191.7100067138672,190.41000366210938,191.55999755859375,169.51504516601562,3709400,0.0,0.0
2023-05-19 00:00:00-04:00,192.4600067138672,192.86000061035156,191.10000610351562,191.83999633789062,169.76278686523438,3883000,0.0,0.0
2023-05-22 00:00:00-04:00,191.19000244140625,191.38999938964844,186.41000366210938,186.63999938964844,165.16122436523438,5787000,0.0,0.0
2023-05-23 00:00:00-04:00,186.49000549316406,186.6300048828125,184.58999633789062,186.07000732421875,164.65679931640625,6382300,0.0,0.0
2023-05-24 00:00:00-04:00,186.27000427246094,186.74000549316406,184.3699951171875,184.88999938964844,163.61264038085938,3721000,0.0,0.0
2023-05-25 00:00:00-04:00,182.6999969482422,184.22000122070312,181.9499969482422,183.8000030517578,162.64808654785156,4712700,0.0,0.0
2023-05-26 00:00:00-04:00,183.7100067138672,184.25,182.39999389648438,183.5800018310547,162.45339965820312,4449300,0.0,0.0
2023-05-30 00:00:00-04:00,182.05999755859375,183.08999633789062,180.6999969482422,181.61000061035156,160.71009826660156,4331800,0.0,0.0
2023-05-31 00:00:00-04:00,182.86000061035156,184.6199951171875,181.4600067138672,182.35000610351562,161.36492919921875,20414600,0.0,0.0
2023-06-01 00:00:00-04:00,182.4199981689453,182.69000244140625,180.8000030517578,182.19000244140625,162.349609375,5277400,1.265,0.0
2023-06-02 00:00:00-04:00,182.02000427246094,184.2899932861328,181.6999969482422,184.05999755859375,164.0159454345703,4288300,0.0,0.0
2023-06-05 00:00:00-04:00,183.85000610351562,186.1699981689453,183.61000061035156,184.19000244140625,164.13177490234375,4311700,0.0,0.0
2023-06-06 00:00:00-04:00,184.97999572753906,185.1199951171875,180.42999267578125,181.55999755859375,161.7882080078125,3975600,0.0,0.0
2023-06-07 00:00:00-04:00,180.7100067138672,181.74000549316406,179.6999969482422,180.11000061035156,160.49607849121094,5162700,0.0,0.0
2023-06-08 00:00:00-04:00,179.6999969482422,182.3000030517578,179.3300018310547,182.10000610351562,162.26943969726562,4036100,0.0,0.0
2023-06-09 00:00:00-04:00,181.7100067138672,182.8300018310547,181.0,182.35000610351562,162.49217224121094,3200100,0.0,0.0
2023-06-12 00:00:00-04:00,182.49000549316406,182.72999572753906,180.69000244140625,181.89999389648438,162.09120178222656,4207100,0.0,0.0
2023-06-13 00:00:00-04:00,182.1300048828125,182.19000244140625,181.0800018310547,181.5399932861328,161.7703857421875,2838700,0.0,0.0
2023-06-14 00:00:00-04:00,182.0,183.64999389648438,181.44000244140625,183.1699981689453,163.22288513183594,3559300,0.0,0.0
2023-06-15 00:00:00-04:00,184.25999450683594,186.1699981689453,183.52000427246094,185.7100067138672,165.4862823486328,4326100,0.0,0.0
2023-06-16 00:00:00-04:00,186.13999938964844,187.58999633789062,185.6999969482422,186.0399932861328,165.78030395507812,8925700,0.0,0.0
2023-06-20 00:00:00-04:00,186.5399932861328,187.8699951171875,185.24000549316406,185.30999755859375,165.12982177734375,4154800,0.0,0.0
2023-06-21 00:00:00-04:00,185.72000122070312,186.8800048828125,184.19000244140625,185.42999267578125,165.2367706298828,3832400,0.0,0.0
2023-06-22 00:00:00-04:00,186.72999572753906,187.5800018310547,185.8699951171875,187.35000610351562,166.9477081298828,3185800,0.0,0.0
2023-06-23 00:00:00-04:00,188.0,188.0,185.9499969482422,186.07000732421875,165.80706787109375,7592600,0.0,0.0
2023-06-26 00:00:00-04:00,186.16000366210938,186.42999267578125,184.1199951171875,184.88999938964844,164.75555419921875,3706100,0.0,0.0
2023-06-27 00:00:00-04:00,184.6699981689453,186.61000061035156,183.9600067138672,186.22000122070312,165.9407196044922,5763000,0.0,0.0
2023-06-28 00:00:00-04:00,186.25,186.74000549316406,183.3800048828125,183.6999969482422,163.69517517089844,5193900,0.0,0.0
2023-06-29 00:00:00-04:00,183.25,183.88999938964844,181.38999938964844,183.8800048828125,163.8555908203125,5770400,0.0,0.0
2023-06-30 00:00:00-04:00,184.0399932861328,185.52000427246094,183.8800048828125,185.22000122070312,165.04959106445312,7635100,0.0,0.0
2023-07-03 00:00:00-04:00,184.3000030517578,185.63999938964844,183.47000122070312,185.60000610351562,165.38827514648438,2389000,0.0,0.0
2023-07-05 00:00:00-04:00,185.0,186.69000244140625,184.97000122070312,186.5800018310547,166.2615509033203,5277100,0.0,0.0
2023-07-06 00:00:00-04:00,185.80999755859375,186.75,184.88999938964844,186.60000610351562,166.2793731689453,5592100,0.0,0.0
2023-07-07 00:00:00-04:00,185.82000732421875,185.8800048828125,183.02999877929688,183.0800018310547,163.14268493652344,6309900,0.0,0.0
2023-07-10 00:00:00-04:00,184.07000732421875,185.91000366210938,183.77999877929688,184.3000030517578,164.2298126220703,5508800,0.0,0.0
2023-07-11 00:00:00-04:00,184.3800048828125,184.72999572753906,182.4199981689453,183.97999572753906,163.9447021484375,3914300,0.0,0.0
2023-07-12 00:00:00-04:00,183.97999572753906,184.61000061035156,182.97999572753906,183.1699981689453,163.22288513183594,6080100,0.0,0.0
2023-07-13 00:00:00-04:00,185.8000030517578,188.05999755859375,183.25999450683594,187.52999877929688,167.1080780029297,8223100,0.0,0.0
2023-07-14 00:00:00-04:00,187.86000061035156,188.6300048828125,187.08999633789062,188.2100067138672,167.71405029296875,4467600,0.0,0.0
2023-07-17 00:00:00-04:00,186.33999633789062,187.00999450683594,185.4199981689453,185.6300048828125,165.41500854492188,5637400,0.0,0.0
2023-07-18 00:00:00-04:00,185.44000244140625,186.82000732421875,183.82000732421875,184.4499969482422,164.36346435546875,5684100,0.0,0.0
2023-07-19 00:00:00-04:00,185.0,186.60000610351562,184.4199981689453,186.25999450683594,165.9763946533203,4140800,0.0,0.0
2023-07-20 00:00:00-04:00,187.5,189.99000549316406,186.80999755859375,189.3000030517578,168.68531799316406,5056500,0.0,0.0
2023-07-21 00:00:00-04:00,190.11000061035156,191.47000122070312,189.3000030517578,190.16000366210938,169.45167541503906,15022100,0.0,0.0
2023-07-24 00:00:00-04:00,190.58999633789062,191.42999267578125,190.13999938964844,190.9199981689453,170.12889099121094,4225800,0.0,0.0
2023-07-25 00:00:00-04:00,190.41000366210938,192.00999450683594,190.05999755859375,191.36000061035156,170.52099609375,3521600,0.0,0.0
2023-07-26 00:00:00-04:00,191.1199951171875,192.3800048828125,190.05999755859375,191.60000610351562,170.73486328125,3898900,0.0,0.0
2023-07-27 00:00:00-04:00,192.0,192.2899932861328,188.39999389648438,188.52999877929688,167.99916076660156,4141800,0.0,0.0
2023-07-28 00:00:00-04:00,190.13999938964844,191.3699951171875,189.7899932861328,190.30999755859375,169.5853271484375,5602300,0.0,0.0
2023-07-31 00:00:00-04:00,189.4499969482422,189.58999633789062,186.85000610351562,187.4600067138672,167.04571533203125,5687700,0.0,0.0
2023-08-01 00:00:00-04:00,187.49000549316406,188.60000610351562,186.39999389648438,186.82000732421875,166.47540283203125,2853900,0.0,0.0
2023-08-02 00:00:00-04:00,186.58999633789062,189.97000122070312,186.39999389648438,188.30999755859375,167.80313110351562,4285900,0.0,0.0
2023-08-03 00:00:00-04:00,188.1699981689453,189.22000122070312,186.97000122070312,187.1199951171875,166.7427215576172,2857400,0.0,0.0
2023-08-04 00:00:00-04:00,187.1199951171875,188.00999450683594,184.35000610351562,184.60000610351562,164.49716186523438,4651100,0.0,0.0
2023-08-07 00:00:00-04:00,185.27999877929688,187.2100067138672,185.10000610351562,186.88999938964844,166.5377655029297,3323400,0.0,0.0
2023-08-08 00:00:00-04:00,187.1999969482422,187.47999572753906,184.02999877929688,184.44000244140625,164.35455322265625,5017900,0.0,0.0
2023-08-09 00:00:00-04:00,183.8800048828125,185.0,182.6300048828125,183.97999572753906,163.9447021484375,4413100,0.0,0.0
2023-08-10 00:00:00-04:00,184.22000122070312,185.58999633789062,183.52999877929688,183.75,163.7397003173828,3727200,0.0,0.0
2023-08-11 00:00:00-04:00,184.0,184.27999877929688,183.27999877929688,184.0399932861328,163.99813842773438,2873800,0.0,0.0
2023-08-14 00:00:00-04:00,184.38999938964844,184.86000061035156,183.1300048828125,183.6199951171875,163.62388610839844,3385600,0.0,0.0
2023-08-15 00:00:00-04:00,183.14999389648438,183.4600067138672,181.1300048828125,181.35000610351562,161.60108947753906,3331800,0.0,0.0
2023-08-16 00:00:00-04:00,181.60000610351562,182.9499969482422,180.9499969482422,181.2100067138672,161.47633361816406,2633700,0.0,0.0
2023-08-17 00:00:00-04:00,181.2100067138672,181.41000366210938,178.32000732421875,178.4499969482422,159.01686096191406,4503000,0.0,0.0
2023-08-18 00:00:00-04:00,178.4600067138672,179.5500030517578,177.27000427246094,178.17999267578125,158.7762908935547,6020300,0.0,0.0
2023-08-21 00:00:00-04:00,177.72999572753906,177.9600067138672,176.22999572753906,177.0500030517578,157.7693328857422,4284100,0.0,0.0
2023-08-22 00:00:00-04:00,176.17999267578125,176.82000732421875,175.30999755859375,175.6999969482422,156.56634521484375,3489300,0.0,0.0
2023-08-23 00:00:00-04:00,177.25,178.27999877929688,176.3699951171875,178.1199951171875,158.7228240966797,4042700,0.0,0.0
2023-08-24 00:00:00-04:00,178.00999450683594,180.44000244140625,177.10000610351562,177.17999267578125,157.88516235351562,5709800,0.0,0.0
2023-08-25 00:00:00-04:00,178.05999755859375,179.7100067138672,177.83999633789062,179.4199981689453,159.88124084472656,4710700,0.0,0.0
2023-08-28 00:00:00-04:00,180.82000732421875,181.17999267578125,179.33999633789062,180.25,160.620849609375,3189800,0.0,0.0
2023-08-29 00:00:00-04:00,180.3000030517578,181.22000122070312,179.02000427246094,180.92999267578125,161.22682189941406,4368600,0.0,0.0
2023-08-30 00:00:00-04:00,181.4600067138672,182.25999450683594,180.72000122070312,181.0800018310547,161.3604736328125,3153400,0.0,0.0
2023-08-31 00:00:00-04:00,179.33999633789062,179.6300048828125,177.86000061035156,177.9199981689453,159.65997314453125,5566700,1.265,0.0
2023-09-01 00:00:00-04:00,178.72999572753906,178.80999755859375,174.63999938964844,175.32000732421875,157.32679748535156,4801400,0.0,0.0
2023-09-05 00:00:00-04:00,175.27000427246094,175.8800048828125,173.64999389648438,174.16000366210938,156.2858428955078,5081800,0.0,0.0
2023-09-06 00:00:00-04:00,174.9199981689453,174.99000549316406,173.47999572753906,174.72999572753906,156.79733276367188,5933800,0.0,0.0
2023-09-07 00:00:00-04:00,175.85000610351562,177.05999755859375,175.2100067138672,176.39999389648438,158.2959747314453,4934300,0.0,0.0
2023-09-08 00:00:00-04:00,175.80999755859375,177.14999389648438,175.61000061035156,176.27000427246094,158.17930603027344,2995000,0.0,0.0
2023-09-11 00:00:00-04:00,176.8300018310547,179.42999267578125,176.8300018310547,178.92999267578125,160.56629943847656,4512700,0.0,0.0
2023-09-12 00:00:00-04:00,178.74000549316406,178.9199981689453,177.8000030517578,178.27000427246094,159.9740447998047,3331100,0.0,0.0
2023-09-13 00:00:00-04:00,178.3300018310547,180.13999938964844,178.2100067138672,179.67999267578125,161.2393341064453,3781400,0.0,0.0
2023-09-14 00:00:00-04:00,179.94000244140625,181.69000244140625,179.3300018310547,181.22999572753906,162.6302490234375,4118300,0.0,0.0
2023-09-15 00:00:00-04:00,181.41000366210938,181.82000732421875,179.61000061035156,179.83999633789062,161.38291931152344,11661200,0.0,0.0
2023-09-18 00:00:00-04:00,181.0,181.0,178.42999267578125,179.3800048828125,160.9701385498047,3182600,0.0,0.0
2023-09-19 00:00:00-04:00,178.86000061035156,179.1300048828125,177.3000030517578,178.32000732421875,160.01890563964844,3369300,0.0,0.0
2023-09-20 00:00:00-04:00,179.08999633789062,179.4199981689453,177.55999755859375,178.3800048828125,160.07272338867188,3695800,0.0,0.0
2023-09-21 00:00:00-04:00,178.10000610351562,178.3300018310547,175.1300048828125,175.3800048828125,157.38063049316406,5351000,0.0,0.0
2023-09-22 00:00:00-04:00,174.94000244140625,176.38999938964844,174.3699951171875,175.27000427246094,157.28195190429688,4542300,0.0,0.0
2023-09-25 00:00:00-04:00,174.67999267578125,175.44000244140625,173.17999267578125,174.3300018310547,156.4384307861328,3553600,0.0,0.0
2023-09-26 00:00:00-04:00,173.0,173.72000122070312,171.63999938964844,172.52000427246094,154.81417846679688,5213700,0.0,0.0
2023-09-27 00:00:00-04:00,172.30999755859375,172.69000244140625,169.02999877929688,169.57000732421875,152.1669158935547,5729900,0.0,0.0
2023-09-28 00:00:00-04:00,169.92999267578125,170.17999267578125,168.17999267578125,169.5,152.1040802001953,4841600,0.0,0.0
2023-09-29 00:00:00-04:00,170.50999450683594,170.83999633789062,168.0399932861328,169.44000244140625,152.05026245117188,5194200,0.0,0.0
2023-10-02 00:00:00-04:00,169.0800018310547,169.49000549316406,167.32000732421875,169.1699981689453,151.8079833984375,3838800,0.0,0.0
2023-10-03 00:00:00-04:00,168.86000061035156,170.0,167.02999877929688,167.6999969482422,150.4888458251953,4873400,0.0,0.0
2023-10-04 00:00:00-04:00,168.4499969482422,169.1300048828125,167.05999755859375,168.91000366210938,151.5746612548828,4134000,0.0,0.0
2023-10-05 00:00:00-04:00,168.77000427246094,168.80999755859375,159.8699951171875,160.10000610351562,143.66883850097656,10556400,0.0,0.0
2023-10-06 00:00:00-04:00,158.77999877929688,160.9199981689453,155.8300018310547,160.2899932861328,143.83932495117188,12774700,0.0,0.0
2023-10-09 00:00:00-04:00,160.0,161.4199981689453,158.63999938964844,161.36000061035156,144.79953002929688,7244500,0.0,0.0
2023-10-10 00:00:00-04:00,164.25,165.17999267578125,162.02999877929688,164.39999389648438,147.5275115966797,11456400,0.0,0.0
2023-10-11 00:00:00-04:00,165.00999450683594,165.44000244140625,161.60000610351562,162.6199951171875,145.93019104003906,7371500,0.0,0.0
2023-10-12 00:00:00-04:00,162.60000610351562,162.64999389648438,157.42999267578125,158.0800018310547,141.85614013671875,9024100,0.0,0.0
2023-10-13 00:00:00-04:00,158.6199951171875,160.24000549316406,157.9499969482422,160.0,143.5791015625,6757100,0.0,0.0
2023-10-16 00:00:00-04:00,161.0,161.9499969482422,159.8000030517578,161.0800018310547,144.54827880859375,5605000,0.0,0.0
2023-10-17 00:00:00-04:00,160.0,161.6300048828125,159.16000366210938,160.3699951171875,143.91111755371094,6411300,0.0,0.0
2023-10-18 00:00:00-04:00,161.02000427246094,163.39999389648438,160.8699951171875,162.02999877929688,145.4007568359375,6650600,0.0,0.0
2023-10-19 00:00:00-04:00,161.89999389648438,162.72000122070312,160.41000366210938,160.55999755859375,144.08163452148438,6336800,0.0,0.0
2023-10-20 00:00:00-04:00,161.3699951171875,162.22999572753906,159.7100067138672,160.0,143.5791015625,5486500,0.0,0.0
2023-10-23 00:00:00-04:00,159.60000610351562,161.60000610351562,159.05999755859375,160.0800018310547,143.65089416503906,5795800,0.0,0.0
2023-10-24 00:00:00-04:00,160.41000366210938,162.85000610351562,159.67999267578125,162.19000244140625,145.5443572998047,5265200,0.0,0.0
2023-10-25 00:00:00-04:00,162.0500030517578,163.5,161.47000122070312,162.35000610351562,145.6879119873047,4534600,0.0,0.0
2023-10-26 00:00:00-04:00,162.67999267578125,163.36000061035156,161.3000030517578,161.41000366210938,144.8444061279297,5147000,0.0,0.0
2023-10-27 00:00:00-04:00,162.02000427246094,162.13999938964844,158.88999938964844,159.6199951171875,143.23812866210938,5078000,0.0,0.0
2023-10-30 00:00:00-04:00,161.3000030517578,162.5800018310547,160.74000549316406,162.27999877929688,145.6251220703125,4625900,0.0,0.0
2023-10-31 00:00:00-04:00,162.9499969482422,163.35000610351562,161.66000366210938,163.27999877929688,146.52249145507812,5947400,0.0,0.0
2023-11-01 00:00:00-04:00,163.6699981689453,165.42999267578125,162.75999450683594,164.8699951171875,147.94927978515625,6682500,0.0,0.0
2023-11-02 00:00:00-04:00,164.74000549316406,167.16000366210938,164.6699981689453,166.8300018310547,149.7081298828125,5413400,0.0,0.0
2023-11-03 00:00:00-04:00,168.67999267578125,168.80999755859375,166.69000244140625,166.7899932861328,149.67221069335938,4063300,0.0,0.0
2023-11-06 00:00:00-05:00,165.4600067138672,167.5,165.2100067138672,166.6999969482422,149.59146118164062,5784600,0.0,0.0
2023-11-07 00:00:00-05:00,166.8000030517578,167.7100067138672,166.1199951171875,167.17999267578125,150.02218627929688,4687200,0.0,0.0
2023-11-08 00:00:00-05:00,168.1699981689453,168.33999633789062,166.66000366210938,167.38999938964844,150.2106475830078,4926600,0.0,0.0
2023-11-09 00:00:00-05:00,167.5800018310547,167.86000061035156,165.80999755859375,166.16000366210938,149.10690307617188,5639300,0.0,0.0
2023-11-10 00:00:00-05:00,167.30999755859375,167.77999877929688,164.86000061035156,166.9199981689453,149.7888946533203,5552900,0.0,0.0
2023-11-13 00:00:00-05:00,167.0,168.77999877929688,166.4600067138672,167.77000427246094,150.55165100097656,5402300,0.0,0.0
2023-11-14 00:00:00-05:00,167.9499969482422,168.44000244140625,166.88999938964844,168.11000061035156,150.8567657470703,6238900,0.0,0.0
2023-11-15 00:00:00-05:00,168.6999969482422,168.7899932861328,166.27000427246094,167.25,150.08502197265625,5611200,0.0,0.0
2023-11-16 00:00:00-05:00,168.38999938964844,170.0,166.39999389648438,167.7100067138672,150.49781799316406,5386400,0.0,0.0
2023-11-17 00:00:00-05:00,168.0500030517578,168.25,165.77000427246094,166.75999450683594,149.6453094482422,5583100,0.0,0.0
2023-11-20 00:00:00-05:00,166.0,166.77000427246094,165.72000122070312,166.52000427246094,149.42994689941406,4886200,0.0,0.0
2023-11-21 00:00:00-05:00,167.11000061035156,167.86000061035156,165.9199981689453,167.8000030517578,150.57859802246094,3980000,0.0,0.0
2023-11-22 00:00:00-05:00,168.35000610351562,169.57000732421875,168.3000030517578,169.22000122070312,151.8528594970703,3235600,0.0,0.0
2023-11-24 00:00:00-05:00,168.9499969482422,170.02000427246094,168.9499969482422,169.3699951171875,151.98745727539062,1751700,0.0,0.0
2023-11-27 00:00:00-05:00,169.6999969482422,169.6999969482422,168.08999633789062,168.32000732421875,151.0452117919922,3664700,0.0,0.0
2023-11-28 00:00:00-05:00,168.3800048828125,169.75999450683594,168.02000427246094,168.86000061035156,151.52978515625,4056100,0.0,0.0
2023-11-29 00:00:00-05:00,169.10000610351562,169.1199951171875,166.64999389648438,167.16000366210938,150.00425720214844,4722400,0.0,0.0
2023-11-30 00:00:00-05:00,166.11000061035156,168.36000061035156,164.82000732421875,168.2899932861328,152.16986083984375,7346700,1.265,0.0
2023-12-01 00:00:00-05:00,168.3699951171875,168.85000610351562,167.3800048828125,168.69000244140625,152.5315399169922,4897400,0.0,0.0
2023-12-04 00:00:00-05:00,168.39999389648438,169.9199981689453,168.19000244140625,169.13999938964844,152.93841552734375,5323300,0.0,0.0
2023-12-05 00:00:00-05:00,169.14999389648438,169.57000732421875,167.7100067138672,167.94000244140625,151.85337829589844,4553800,0.0,0.0
2023-12-06 00:00:00-05:00,167.97999572753906,168.32000732421875,166.72999572753906,167.50999450683594,151.46456909179688,4726600,0.0,0.0
2023-12-07 00:00:00-05:00,168.0,168.3000030517578,166.6999969482422,167.4600067138672,151.41934204101562,4934800,0.0,0.0
2023-12-08 00:00:00-05:00,167.0399932861328,167.1199951171875,165.27000427246094,165.67999267578125,149.8098602294922,5115200,0.0,0.0
2023-12-11 00:00:00-05:00,167.44000244140625,168.1300048828125,166.4600067138672,167.82000732421875,151.744873046875,6912600,0.0,0.0
2023-12-12 00:00:00-05:00,169.27999877929688,169.27999877929688,167.7100067138672,168.47000122070312,152.3325958251953,4515800,0.0,0.0
2023-12-13 00:00:00-05:00,168.5399932861328,172.0500030517578,168.1199951171875,172.00999450683594,155.5335235595703,6082100,0.0,0.0
2023-12-14 00:00:00-05:00,171.64999389648438,171.97000122070312,167.94000244140625,168.25,152.13368225097656,7119300,0.0,0.0
2023-12-15 00:00:00-05:00,167.4499969482422,168.50999450683594,166.4499969482422,167.0,151.00341796875,17734600,0.0,0.0
2023-12-18 00:00:00-05:00,168.05999755859375,170.25,167.41000366210938,168.91000366210938,152.73045349121094,5439500,0.0,0.0
2023-12-19 00:00:00-05:00,167.94000244140625,168.8300018310547,167.30999755859375,167.9499969482422,151.86239624023438,4855900,0.0,0.0
2023-12-20 00:00:00-05:00,166.50999450683594,167.47000122070312,165.6699981689453,165.69000244140625,149.8188934326172,5157800,0.0,0.0
2023-12-21 00:00:00-05:00,166.5,167.10000610351562,165.38999938964844,166.97000122070312,150.97628784179688,4374000,0.0,0.0
2023-12-22 00:00:00-05:00,167.36000061035156,168.1699981689453,166.86000061035156,167.67999267578125,151.61827087402344,3030400,0.0,0.0
2023-12-26 00:00:00-05:00,167.64999389648438,169.4199981689453,167.25,168.86000061035156,152.68524169921875,2779200,0.0,0.0
2023-12-27 00:00:00-05:00,168.89999389648438,169.49000549316406,168.36000061035156,169.39999389648438,153.17352294921875,3502500,0.0,0.0
2023-12-28 00:00:00-05:00,169.39999389648438,169.5399932861328,168.6999969482422,169.38999938964844,153.1644744873047,2911100,0.0,0.0
2023-12-29 00:00:00-05:00,169.33999633789062,170.07000732421875,169.1699981689453,169.83999633789062,153.5713653564453,3291500,0.0,0.0
2024-01-02 00:00:00-05:00,169.52000427246094,172.99000549316406,169.19000244140625,172.91000366210938,156.34730529785156,5743100,0.0,0.0
2024-01-03 00:00:00-05:00,175.0,175.1999969482422,172.6999969482422,172.9499969482422,156.3834686279297,5588200,0.0,0.0
2024-01-04 00:00:00-05:00,171.61000061035156,173.52999877929688,170.5800018310547,171.47000122070312,155.04525756835938,6283200,0.0,0.0
2024-01-05 00:00:00-05:00,171.57000732421875,171.57000732421875,167.55999755859375,168.94000244140625,152.75758361816406,5252500,0.0,0.0
2024-01-08 00:00:00-05:00,168.94000244140625,169.72999572753906,167.7899932861328,169.11000061035156,152.9113006591797,5735600,0.0,0.0
2024-01-09 00:00:00-05:00,167.7899932861328,167.88999938964844,165.92999267578125,167.1699981689453,151.15711975097656,6268800,0.0,0.0
2024-01-10 00:00:00-05:00,166.58999633789062,167.9600067138672,166.1999969482422,166.9199981689453,150.9310760498047,4394900,0.0,0.0
2024-01-11 00:00:00-05:00,167.13999938964844,167.13999938964844,164.82000732421875,166.1300048828125,150.2167510986328,4800700,0.0,0.0
2024-01-12 00:00:00-05:00,166.33999633789062,167.3800048828125,165.57000732421875,167.27000427246094,151.24757385253906,3546100,0.0,0.0
2024-01-16 00:00:00-05:00,167.27000427246094,167.52000427246094,165.19000244140625,166.1699981689453,150.25291442871094,4576600,0.0,0.0
2024-01-17 00:00:00-05:00,165.99000549316406,166.72999572753906,165.44000244140625,166.44000244140625,150.49705505371094,4392300,0.0,0.0
2024-01-18 00:00:00-05:00,165.47000122070312,167.27999877929688,164.99000549316406,167.1699981689453,151.15711975097656,4709400,0.0,0.0
2024-01-19 00:00:00-05:00,167.13999938964844,167.24000549316406,165.57000732421875,165.77999877929688,149.90025329589844,6528600,0.0,0.0
2024-01-22 00:00:00-05:00,165.9600067138672,166.7100067138672,165.02000427246094,165.11000061035156,149.29446411132812,5697400,0.0,0.0
2024-01-23 00:00:00-05:00,164.55999755859375,167.92999267578125,164.36000061035156,167.63999938964844,151.5821075439453,4932700,0.0,0.0
2024-01-24 00:00:00-05:00,167.63999938964844,167.74000549316406,165.52000427246094,165.60000610351562,149.7375030517578,4984700,0.0,0.0
2024-01-25 00:00:00-05:00,165.80999755859375,166.60000610351562,164.94000244140625,166.55999755859375,150.6055450439453,5373800,0.0,0.0
2024-01-26 00:00:00-05:00,166.60000610351562,168.02999877929688,166.60000610351562,167.86000061035156,151.78106689453125,4849000,0.0,0.0
2024-01-29 00:00:00-05:00,167.52999877929688,168.6999969482422,167.38999938964844,168.14999389648438,152.0432586669922,5713600,0.0,0.0
2024-01-30 00:00:00-05:00,167.6699981689453,169.6999969482422,167.32000732421875,169.6199951171875,153.3724365234375,4804200,0.0,0.0
2024-01-31 00:00:00-05:00,169.9600067138672,170.3800048828125,167.8800048828125,168.52999877929688,152.38685607910156,5769200,0.0,0.0
2024-02-01 00:00:00-05:00,168.52999877929688,171.8000030517578,167.1699981689453,171.6999969482422,155.25320434570312,4920800,0.0,0.0
2024-02-02 00:00:00-05:00,171.24000549316406,171.9600067138672,170.10000610351562,170.97000122070312,154.5931396484375,5307700,0.0,0.0
2024-02-05 00:00:00-05:00,170.5500030517578,171.5800018310547,169.0500030517578,170.9199981689453,154.5479278564453,5142700,0.0,0.0
2024-02-06 00:00:00-05:00,171.4499969482422,171.8300018310547,169.94000244140625,171.4199981689453,155.00003051757812,5182700,0.0,0.0
2024-02-07 00:00:00-05:00,172.6300048828125,172.89999389648438,171.3800048828125,171.47000122070312,155.04525756835938,5769700,0.0,0.0
2024-02-08 00:00:00-05:00,171.72000122070312,174.10000610351562,171.41000366210938,173.85000610351562,157.19728088378906,9269700,0.0,0.0
2024-02-09 00:00:00-05:00,171.1999969482422,171.38999938964844,166.97000122070312,167.6699981689453,151.60922241210938,12731700,0.0,0.0
2024-02-12 00:00:00-05:00,167.86000061035156,171.07000732421875,167.1999969482422,170.61000061035156,154.26763916015625,7867500,0.0,0.0
2024-02-13 00:00:00-05:00,171.22000122070312,171.4499969482422,167.24000549316406,168.8800048828125,152.70335388183594,7302000,0.0,0.0
2024-02-14 00:00:00-05:00,168.33999633789062,168.63999938964844,166.05999755859375,167.52000427246094,151.47360229492188,5731900,0.0,0.0
2024-02-15 00:00:00-05:00,167.9499969482422,168.3699951171875,166.67999267578125,167.86000061035156,151.78106689453125,4451400,0.0,0.0
2024-02-16 00:00:00-05:00,167.2100067138672,167.41000366210938,165.67999267578125,166.32000732421875,150.38856506347656,5246000,0.0,0.0
2024-02-20 00:00:00-05:00,167.74000549316406,169.52000427246094,167.19000244140625,168.64999389648438,152.495361328125,6117900,0.0,0.0
2024-02-21 00:00:00-05:00,169.9499969482422,170.17999267578125,167.86000061035156,168.8300018310547,152.6581268310547,4192600,0.0,0.0
2024-02-22 00:00:00-05:00,167.63999938964844,168.8300018310547,166.10000610351562,168.25,152.13368225097656,7539200,0.0,0.0
2024-02-23 00:00:00-05:00,167.94000244140625,170.25,167.8000030517578,169.60000610351562,153.3543701171875,6409800,0.0,0.0
2024-02-26 00:00:00-05:00,169.4199981689453,169.4199981689453,167.7100067138672,168.25999450683594,152.14271545410156,3837000,0.0,0.0
2024-02-27 00:00:00-05:00,167.82000732421875,168.22000122070312,167.35000610351562,168.16000366210938,152.0522918701172,3567600,0.0,0.0
2024-02-28 00:00:00-05:00,168.1199951171875,168.5,166.4499969482422,167.02999877929688,151.03053283691406,5275300,0.0,0.0
2024-02-29 00:00:00-05:00,166.2100067138672,166.67999267578125,164.91000366210938,165.33999633789062,150.64329528808594,8489400,1.265,0.0
2024-03-01 00:00:00-05:00,164.86000061035156,165.0,163.25,164.58999633789062,149.95997619628906,6109900,0.0,0.0
2024-03-04 00:00:00-05:00,164.4499969482422,165.64999389648438,163.60000610351562,165.3699951171875,150.67063903808594,4303700,0.0,0.0
2024-03-05 00:00:00-05:00,165.22000122070312,165.5,161.80999755859375,162.0399932861328,147.6366424560547,6631300,0.0,0.0
2024-03-06 00:00:00-05:00,162.05999755859375,163.99000549316406,162.0399932861328,163.0,148.5113067626953,5302500,0.0,0.0
2024-03-07 00:00:00-05:00,163.82000732421875,163.89999389648438,162.5,163.11000061035156,148.6115264892578,5801600,0.0,0.0
2024-03-08 00:00:00-05:00,162.32000732421875,164.1999969482422,162.08999633789062,163.0500030517578,148.55690002441406,6065300,0.0,0.0
2024-03-11 00:00:00-04:00,163.9199981689453,165.4199981689453,163.30999755859375,164.72999572753906,150.08755493164062,5404800,0.0,0.0
2024-03-12 00:00:00-04:00,165.13999938964844,165.4199981689453,163.9600067138672,164.5399932861328,149.91439819335938,6158500,0.0,0.0
2024-03-13 00:00:00-04:00,165.10000610351562,166.13999938964844,164.74000549316406,165.3000030517578,150.6068878173828,4585800,0.0,0.0
2024-03-14 00:00:00-04:00,166.25999450683594,166.25999450683594,164.1999969482422,164.77999877929688,150.1331329345703,5155300,0.0,0.0
2024-03-15 00:00:00-04:00,165.05999755859375,165.3800048828125,163.63999938964844,164.66000366210938,150.02377319335938,21887300,0.0,0.0
2024-03-18 00:00:00-04:00,167.0500030517578,172.17999267578125,166.9499969482422,171.25999450683594,156.037109375,10478500,0.0,0.0
2024-03-19 00:00:00-04:00,171.10000610351562,172.64999389648438,171.0,171.8000030517578,156.5290985107422,7653700,0.0,0.0
2024-03-20 00:00:00-04:00,172.3000030517578,173.10000610351562,171.1199951171875,171.86000061035156,156.5837860107422,5046700,0.0,0.0
2024-03-21 00:00:00-04:00,171.9199981689453,173.4199981689453,171.0500030517578,172.4499969482422,157.12130737304688,4343000,0.0,0.0
2024-03-22 00:00:00-04:00,173.02000427246094,173.10000610351562,171.75999450683594,172.02000427246094,156.72955322265625,4106400,0.0,0.0
2024-03-25 00:00:00-04:00,172.1999969482422,173.08999633789062,172.11000061035156,172.60000610351562,157.2579803466797,3941900,0.0,0.0
2024-03-26 00:00:00-04:00,172.1699981689453,172.97000122070312,171.82000732421875,172.72999572753906,157.3764190673828,4593000,0.0,0.0
2024-03-27 00:00:00-04:00,174.0,174.69000244140625,173.0500030517578,173.57000732421875,158.14178466796875,4911300,0.0,0.0
2024-03-28 00:00:00-04:00,174.75999450683594,175.80999755859375,174.3699951171875,175.00999450683594,159.45375061035156,5710400,0.0,0.0
2024-04-01 00:00:00-04:00,175.57000732421875,176.22999572753906,172.64999389648438,172.97999572753906,157.6042022705078,4815400,0.0,0.0
2024-04-02 00:00:00-04:00,172.94000244140625,173.8699951171875,171.36000061035156,171.44000244140625,156.20111083984375,5158500,0.0,0.0
2024-04-03 00:00:00-04:00,170.0,170.9199981689453,168.6999969482422,169.67999267578125,154.5975341796875,5828000,0.0,0.0
2024-04-04 00:00:00-04:00,170.9199981689453,171.77999877929688,169.3300018310547,169.64999389648438,154.57022094726562,5422600,0.0,0.0
2024-04-05 00:00:00-04:00,169.39999389648438,169.97000122070312,168.07000732421875,169.13999938964844,154.1055450439453,4412200,0.0,0.0
2024-04-08 00:00:00-04:00,169.14999389648438,170.0500030517578,168.74000549316406,169.5800018310547,154.50645446777344,3755700,0.0,0.0
2024-04-09 00:00:00-04:00,170.22999572753906,170.72000122070312,168.72999572753906,170.61000061035156,155.44488525390625,3773900,0.0,0.0
2024-04-10 00:00:00-04:00,169.57000732421875,169.6300048828125,167.77000427246094,168.9499969482422,153.9324493408203,4581500,0.0,0.0
2024-04-11 00:00:00-04:00,169.6199951171875,169.8699951171875,167.77000427246094,168.36000061035156,153.39488220214844,4241500,0.0,0.0
2024-04-12 00:00:00-04:00,167.69000244140625,168.50999450683594,167.32000732421875,168.10000610351562,153.1580047607422,5453500,0.0,0.0
2024-04-15 00:00:00-04:00,169.2100067138672,169.35000610351562,166.02999877929688,166.9499969482422,152.11019897460938,5133200,0.0,0.0
2024-04-16 00:00:00-04:00,167.02999877929688,168.50999450683594,166.88999938964844,167.5,152.61131286621094,4569700,0.0,0.0
2024-04-17 00:00:00-04:00,169.08999633789062,169.6999969482422,168.2100067138672,169.47999572753906,154.4153289794922,4069200,0.0,0.0
2024-04-18 00:00:00-04:00,170.10000610351562,172.67999267578125,170.10000610351562,172.27000427246094,156.9573211669922,5574700,0.0,0.0
2024-04-19 00:00:00-04:00,172.27999877929688,174.27000427246094,171.8000030517578,174.1300048828125,158.6519775390625,6636700,0.0,0.0
2024-04-22 00:00:00-04:00,174.41000366210938,177.1999969482422,174.02999877929688,176.4600067138672,160.77488708496094,7288700,0.0,0.0
2024-04-23 00:00:00-04:00,174.6999969482422,174.8800048828125,170.13999938964844,171.22000122070312,156.00067138671875,9145000,0.0,0.0
2024-04-24 00:00:00-04:00,168.5,178.08999633789062,167.64999389648438,177.41000366210938,161.64044189453125,10016700,0.0,0.0
2024-04-25 00:00:00-04:00,178.27999877929688,180.6300048828125,175.82000732421875,176.67999267578125,160.97531127929688,7441500,0.0,0.0
2024-04-26 00:00:00-04:00,174.44000244140625,178.57000732421875,174.33999633789062,175.5800018310547,159.97312927246094,4472100,0.0,0.0
2024-04-29 00:00:00-04:00,175.5,176.32000732421875,175.02000427246094,176.13999938964844,160.48333740234375,3224500,0.0,0.0
2024-04-30 00:00:00-04:00,176.27000427246094,176.47000122070312,174.83999633789062,175.91000366210938,160.27377319335938,4465100,0.0,0.0
2024-05-01 00:00:00-04:00,175.4600067138672,176.22999572753906,173.66000366210938,175.14999389648438,159.58132934570312,4340500,0.0,0.0
2024-05-02 00:00:00-04:00,175.5800018310547,176.32000732421875,174.5500030517578,175.4499969482422,159.85470581054688,3964800,0.0,0.0
2024-05-03 00:00:00-04:00,175.8000030517578,176.49000549316406,175.0,176.14999389648438,160.492431640625,3491900,0.0,0.0
2024-05-06 00:00:00-04:00,176.75999450683594,176.75999450683594,175.1300048828125,175.82000732421875,160.19175720214844,3576200,0.0,0.0
2024-05-07 00:00:00-04:00,177.0,178.14999389648438,176.50999450683594,178.02000427246094,162.19622802734375,3708000,0.0,0.0
2024-05-08 00:00:00-04:00,178.7100067138672,178.8800048828125,177.19000244140625,177.41000366210938,161.64044189453125,3400900,0.0,0.0
2024-05-09 00:00:00-04:00,177.25999450683594,178.42999267578125,177.08999633789062,178.05999755859375,162.232666015625,2421400,0.0,0.0
2024-05-10 00:00:00-04:00,177.9499969482422,180.16000366210938,177.61000061035156,179.7899932861328,163.80886840820312,4201600,0.0,0.0
2024-05-13 00:00:00-04:00,180.50999450683594,181.35000610351562,179.85000610351562,180.89999389648438,164.82022094726562,4408100,0.0,0.0
2024-05-14 00:00:00-04:00,181.0500030517578,181.27999877929688,178.60000610351562,179.8699951171875,163.8817901611328,3508600,0.0,0.0
2024-05-15 00:00:00-04:00,179.24000549316406,180.39999389648438,179.0,179.4600067138672,163.50820922851562,4785100,0.0,0.0
2024-05-16 00:00:00-04:00,179.6300048828125,183.41000366210938,179.4600067138672,183.11000061035156,166.83380126953125,5984700,0.0,0.0
2024-05-17 00:00:00-04:00,182.58999633789062,182.9600067138672,181.8300018310547,182.19000244140625,165.99557495117188,4449100,0.0,0.0
2024-05-20 00:00:00-04:00,182.08999633789062,182.1300048828125,179.91000366210938,180.30999755859375,164.28265380859375,3221100,0.0,0.0
2024-05-21 00:00:00-04:00,181.5,181.5800018310547,179.8000030517578,181.0800018310547,164.98423767089844,3288100,0.0,0.0
2024-05-22 00:00:00-04:00,180.4499969482422,182.1300048828125,179.97999572753906,182.08999633789062,165.90444946289062,4047000,0.0,0.0
2024-05-23 00:00:00-04:00,181.3300018310547,181.88999938964844,179.0399932861328,179.27000427246094,163.3351287841797,4009000,0.0,0.0
2024-05-24 00:00:00-04:00,179.3699951171875,179.4199981689453,177.8699951171875,177.99000549316406,162.1688995361328,3447400,0.0,0.0
2024-05-28 00:00:00-04:00,176.22999572753906,176.27999877929688,171.89999389648438,173.3800048828125,157.9686737060547,6178100,0.0,0.0
2024-05-29 00:00:00-04:00,172.42999267578125,173.17999267578125,170.72000122070312,171.14999389648438,155.93685913085938,5352100,0.0,0.0
2024-05-30 00:00:00-04:00,171.35000610351562,171.7100067138672,170.39999389648438,170.47999572753906,155.326416015625,3903100,0.0,0.0
2024-05-31 00:00:00-04:00,169.88999938964844,172.97000122070312,169.52000427246094,172.89999389648438,157.53131103515625,8155600,0.0,0.0
2024-06-03 00:00:00-04:00,172.72000122070312,172.89999389648438,171.02999877929688,171.22999572753906,156.00975036621094,5032400,0.0,0.0
2024-06-04 00:00:00-04:00,171.2100067138672,174.38999938964844,170.82000732421875,173.88999938964844,158.43333435058594,4619100,0.0,0.0
2024-06-05 00:00:00-04:00,173.83999633789062,173.97000122070312,171.9600067138672,173.49000549316406,158.06887817382812,5370700,0.0,0.0
2024-06-06 00:00:00-04:00,174.0,174.39999389648438,172.67999267578125,173.1999969482422,157.80465698242188,5536700,0.0,0.0
2024-06-07 00:00:00-04:00,171.5,172.50999450683594,170.75,171.0399932861328,157.06546020507812,3521100,1.355,0.0
2024-06-10 00:00:00-04:00,170.11000061035156,170.3699951171875,165.6199951171875,165.89999389648438,152.34539794921875,9429400,0.0,0.0
2024-06-11 00:00:00-04:00,164.8699951171875,165.4600067138672,163.50999450683594,165.07000732421875,151.5832061767578,8284500,0.0,0.0
2024-06-12 00:00:00-04:00,164.8800048828125,165.3300018310547,162.44000244140625,163.8300018310547,150.44451904296875,6281100,0.0,0.0
2024-06-13 00:00:00-04:00,162.0800018310547,163.55999755859375,161.5399932861328,163.3300018310547,149.98538208007812,5432600,0.0,0.0
2024-06-14 00:00:00-04:00,163.1300048828125,164.38999938964844,162.52999877929688,163.80999755859375,150.4261474609375,3603300,0.0,0.0
2024-06-17 00:00:00-04:00,163.49000549316406,166.41000366210938,162.7899932861328,166.13999938964844,152.56576538085938,5412200,0.0,0.0
2024-06-18 00:00:00-04:00,166.10000610351562,167.07000732421875,165.25,166.47999572753906,152.8780059814453,3519500,0.0,0.0
2024-06-20 00:00:00-04:00,165.72999572753906,167.63999938964844,165.72999572753906,166.67999267578125,153.06167602539062,4942400,0.0,0.0
2024-06-21 00:00:00-04:00,167.2100067138672,169.07000732421875,166.4499969482422,167.27999877929688,153.61265563964844,10899100,0.0,0.0
2024-06-24 00:00:00-04:00,167.5,169.61000061035156,167.08999633789062,168.0800018310547,154.3472900390625,4476900,0.0,0.0
2024-06-25 00:00:00-04:00,168.0800018310547,168.9600067138672,167.25,167.35000610351562,153.67694091796875,4217300,0.0,0.0
2024-06-26 00:00:00-04:00,165.88999938964844,167.00999450683594,164.85000610351562,166.74000549316406,153.11679077148438,4778300,0.0,0.0
2024-06-27 00:00:00-04:00,166.6300048828125,167.25,165.27000427246094,166.25999450683594,152.6759796142578,4326500,0.0,0.0
2024-06-28 00:00:00-04:00,165.3000030517578,166.22000122070312,164.6199951171875,164.92999267578125,151.4546661376953,8755900,0.0,0.0
2024-07-01 00:00:00-04:00,165.0399932861328,166.05999755859375,162.5800018310547,162.88999938964844,149.58132934570312,4508000,0.0,0.0
2024-07-02 00:00:00-04:00,163.5,164.47000122070312,162.32000732421875,163.5800018310547,150.21493530273438,4650800,0.0,0.0
2024-07-03 00:00:00-04:00,162.9199981689453,164.1300048828125,161.9600067138672,162.60000610351562,149.31500244140625,2879600,0.0,0.0
2024-07-05 00:00:00-04:00,162.63999938964844,164.52000427246094,162.47000122070312,164.38999938964844,150.95877075195312,4208200,0.0,0.0
2024-07-08 00:00:00-04:00,163.05999755859375,163.75,161.9199981689453,162.1199951171875,148.8742218017578,5268800,0.0,0.0
2024-07-09 00:00:00-04:00,162.19000244140625,162.55999755859375,161.5,161.89999389648438,148.67221069335938,5801200,0.0,0.0
2024-07-10 00:00:00-04:00,161.83999633789062,163.77000427246094,160.66000366210938,163.58999633789062,150.22415161132812,7372300,0.0,0.0
2024-07-11 00:00:00-04:00,159.10000610351562,164.88999938964844,158.02999877929688,163.9499969482422,150.55471801757812,10258600,0.0,0.0
2024-07-12 00:00:00-04:00,164.9600067138672,168.02999877929688,164.9600067138672,166.3800048828125,152.78616333007812,6677000,0.0,0.0
2024-07-15 00:00:00-04:00,166.00999450683594,166.3000030517578,163.64999389648438,163.86000061035156,150.47207641601562,4551800,0.0,0.0
2024-07-16 00:00:00-04:00,163.41000366210938,165.0399932861328,162.83999633789062,164.75999450683594,151.2985382080078,4461700,0.0,0.0
2024-07-17 00:00:00-04:00,166.0399932861328,170.07000732421875,165.88999938964844,169.88999938964844,156.0093994140625,7671000,0.0,0.0
2024-07-18 00:00:00-04:00,168.7100067138672,172.6699981689453,168.38999938964844,170.3699951171875,156.45016479492188,6228600,0.0,0.0
2024-07-19 00:00:00-04:00,170.27999877929688,170.49000549316406,168.47000122070312,169.36000061035156,155.5226593017578,5332800,0.0,0.0
2024-07-22 00:00:00-04:00,169.25999450683594,169.7100067138672,167.35000610351562,167.66000366210938,153.96160888671875,5308400,0.0,0.0
2024-07-23 00:00:00-04:00,167.7899932861328,168.36000061035156,166.17999267578125,166.27999877929688,152.69436645507812,3344300,0.0,0.0
2024-07-24 00:00:00-04:00,166.27999877929688,168.6699981689453,164.9499969482422,168.1699981689453,154.42991638183594,5867000,0.0,0.0
2024-07-25 00:00:00-04:00,169.49000549316406,173.49000549316406,168.86000061035156,171.02000427246094,157.04705810546875,6270900,0.0,0.0
2024-07-26 00:00:00-04:00,170.72999572753906,172.75999450683594,170.72999572753906,172.75,158.63572692871094,5746300,0.0,0.0
2024-07-29 00:00:00-04:00,172.2899932861328,173.49000549316406,170.85000610351562,173.2100067138672,159.0581512451172,4152700,0.0,0.0
2024-07-30 00:00:00-04:00,172.69000244140625,173.4499969482422,171.5500030517578,173.17999267578125,159.0305938720703,4994600,0.0,0.0
2024-07-31 00:00:00-04:00,173.9199981689453,174.69000244140625,172.25999450683594,172.6699981689453,158.562255859375,6245600,0.0,0.0
2024-08-01 00:00:00-04:00,172.52999877929688,175.55999755859375,172.5,174.9600067138672,160.6651611328125,5994500,0.0,0.0
2024-08-02 00:00:00-04:00,178.83999633789062,179.9499969482422,173.83999633789062,178.0399932861328,163.49349975585938,6856100,0.0,0.0
2024-08-05 00:00:00-04:00,179.52000427246094,180.91000366210938,173.16000366210938,174.0399932861328,159.82034301757812,7502300,0.0,0.0
2024-08-06 00:00:00-04:00,173.27999877929688,176.2100067138672,172.36000061035156,172.49000549316406,158.39695739746094,7287100,0.0,0.0
2024-08-07 00:00:00-04:00,171.6199951171875,174.38999938964844,171.3300018310547,171.7899932861328,157.754150390625,5428900,0.0,0.0
2024-08-08 00:00:00-04:00,170.2100067138672,173.0,169.80999755859375,172.3699951171875,158.2867431640625,5112500,0.0,0.0
2024-08-09 00:00:00-04:00,172.08999633789062,172.77999877929688,170.38999938964844,172.38999938964844,158.3051300048828,3223000,0.0,0.0
2024-08-12 00:00:00-04:00,172.24000549316406,172.8699951171875,170.7100067138672,171.4199981689453,157.41439819335938,3802300,0.0,0.0
2024-08-13 00:00:00-04:00,171.6199951171875,172.4199981689453,170.22000122070312,172.3699951171875,158.2867431640625,3894700,0.0,0.0
2024-08-14 00:00:00-04:00,172.22999572753906,174.33999633789062,171.92999267578125,173.7100067138672,159.5172882080078,3555800,0.0,0.0
2024-08-15 00:00:00-04:00,173.7100067138672,174.3000030517578,171.8300018310547,172.52000427246094,158.4245147705078,4472100,0.0,0.0
2024-08-16 00:00:00-04:00,172.52000427246094,172.77999877929688,171.11000061035156,172.6199951171875,158.51634216308594,4614600,0.0,0.0
2024-08-19 00:00:00-04:00,172.66000366210938,173.97999572753906,172.44000244140625,173.82000732421875,159.6183319091797,3521700,0.0,0.0
2024-08-20 00:00:00-04:00,173.52999877929688,176.02999877929688,172.5,175.85000610351562,161.48243713378906,5330100,0.0,0.0
2024-08-21 00:00:00-04:00,175.94000244140625,176.82000732421875,174.6199951171875,175.2100067138672,160.89474487304688,4020700,0.0,0.0
2024-08-22 00:00:00-04:00,175.8300018310547,176.0800018310547,174.6999969482422,175.74000549316406,161.38143920898438,5265900,0.0,0.0
2024-08-23 00:00:00-04:00,176.6300048828125,176.67999267578125,173.6699981689453,175.8699951171875,161.5008087158203,5283600,0.0,0.0
2024-08-26 00:00:00-04:00,176.32000732421875,176.83999633789062,175.72999572753906,175.97000122070312,161.5926513671875,4146700,0.0,0.0
2024-08-27 00:00:00-04:00,176.30999755859375,176.8800048828125,174.52000427246094,175.3000030517578,160.9773712158203,3520600,0.0,0.0
2024-08-28 00:00:00-04:00,175.5500030517578,175.74000549316406,173.35000610351562,173.9199981689453,159.71011352539062,3915500,0.0,0.0
2024-08-29 00:00:00-04:00,173.75999450683594,173.9600067138672,171.91000366210938,172.08999633789062,158.02963256835938,4654300,0.0,0.0
2024-08-30 00:00:00-04:00,172.05999755859375,173.55999755859375,171.25,172.8800048828125,158.7550811767578,8677300,0.0,0.0
2024-09-03 00:00:00-04:00,172.3800048828125,177.88999938964844,171.8800048828125,177.5399932861328,163.03436279296875,7032100,0.0,0.0
2024-09-04 00:00:00-04:00,177.89999389648438,179.64999389648438,176.2899932861328,178.52000427246094,163.93429565429688,6188500,0.0,0.0
2024-09-05 00:00:00-04:00,178.72999572753906,179.72999572753906,177.52000427246094,179.3000030517578,164.6505889892578,5743100,0.0,0.0
2024-09-06 00:00:00-04:00,177.44000244140625,178.5800018310547,177.0,177.33999633789062,164.0907745361328,6395300,1.355,0.0
2024-09-09 00:00:00-04:00,177.0500030517578,178.7899932861328,175.86000061035156,178.19000244140625,164.87725830078125,4666200,0.0,0.0
2024-09-10 00:00:00-04:00,178.64999389648438,179.10000610351562,177.63999938964844,177.80999755859375,164.52561950683594,4315800,0.0,0.0
2024-09-11 00:00:00-04:00,177.44000244140625,177.75,174.42999267578125,175.77999877929688,162.64730834960938,4036000,0.0,0.0
2024-09-12 00:00:00-04:00,175.77999877929688,177.69000244140625,173.9499969482422,177.25,164.00747680664062,4222800,0.0,0.0
2024-09-13 00:00:00-04:00,177.4499969482422,177.9600067138672,176.3699951171875,177.36000061035156,164.1092529296875,3290400,0.0,0.0
2024-09-16 00:00:00-04:00,179.0,179.42999267578125,176.35000610351562,177.2100067138672,163.970458984375,4940100,0.0,0.0
2024-09-17 00:00:00-04:00,177.0,178.08999633789062,176.3000030517578,176.8699951171875,163.65585327148438,6305100,0.0,0.0
2024-09-18 00:00:00-04:00,176.86000061035156,178.05999755859375,174.42999267578125,175.2100067138672,162.11990356445312,5307900,0.0,0.0
2024-09-19 00:00:00-04:00,175.75,176.22000122070312,174.14999389648438,174.66000366210938,161.61099243164062,5504000,0.0,0.0
2024-09-20 00:00:00-04:00,172.57000732421875,173.77000427246094,170.22000122070312,171.17999267578125,158.39096069335938,12198400,0.0,0.0
2024-09-23 00:00:00-04:00,170.8699951171875,173.94000244140625,170.72999572753906,172.11000061035156,159.2515106201172,5350300,0.0,0.0
2024-09-24 00:00:00-04:00,170.99000549316406,171.60000610351562,169.5,169.9199981689453,157.22512817382812,7837900,0.0,0.0
2024-09-25 00:00:00-04:00,170.39999389648438,170.77000427246094,168.75999450683594,169.39999389648438,156.74395751953125,4505100,0.0,0.0
2024-09-26 00:00:00-04:00,169.22000122070312,171.0,168.67999267578125,169.69000244140625,157.01231384277344,5673600,0.0,0.0
2024-09-27 00:00:00-04:00,169.9600067138672,171.64999389648438,169.67999267578125,170.0,157.29913330078125,7545800,0.0,0.0
2024-09-30 00:00:00-04:00,170.5800018310547,171.74000549316406,169.5800018310547,170.0500030517578,157.34539794921875,5054300,0.0,0.0
2024-10-01 00:00:00-04:00,171.2899932861328,171.94000244140625,169.77000427246094,171.3800048828125,158.57603454589844,7095900,0.0,0.0
2024-10-02 00:00:00-04:00,171.5,171.74000549316406,168.52000427246094,169.5500030517578,156.8827667236328,5786000,0.0,0.0
2024-10-03 00:00:00-04:00,168.13999938964844,169.11000061035156,167.1699981689453,168.52999877929688,155.93896484375,5090300,0.0,0.0
2024-10-04 00:00:00-04:00,167.14999389648438,168.5,166.82000732421875,167.97000122070312,155.4208221435547,4390100,0.0,0.0
2024-10-07 00:00:00-04:00,167.72000122070312,167.92999267578125,166.4600067138672,167.2100067138672,154.71759033203125,5459500,0.0,0.0
2024-10-08 00:00:00-04:00,167.72000122070312,170.64999389648438,166.85000610351562,170.4199981689453,157.68777465820312,8297800,0.0,0.0
2024-10-09 00:00:00-04:00,169.3800048828125,173.27999877929688,169.10000610351562,172.5399932861328,159.64938354492188,7177500,0.0,0.0
2024-10-10 00:00:00-04:00,172.07000732421875,173.05999755859375,171.22000122070312,172.99000549316406,160.06576538085938,5292400,0.0,0.0
2024-10-11 00:00:00-04:00,174.0,175.17999267578125,172.8699951171875,174.80999755859375,161.74977111816406,4720300,0.0,0.0
2024-10-14 00:00:00-04:00,174.9600067138672,176.27000427246094,174.44000244140625,176.10000610351562,162.9434051513672,4535900,0.0,0.0
2024-10-15 00:00:00-04:00,176.36000061035156,177.38999938964844,175.1199951171875,175.89999389648438,162.7583465576172,5802300,0.0,0.0
2024-10-16 00:00:00-04:00,175.00999450683594,175.3300018310547,173.6300048828125,174.47999572753906,161.44442749023438,4400900,0.0,0.0
2024-10-17 00:00:00-04:00,174.3800048828125,175.47000122070312,173.6999969482422,174.6699981689453,161.62022399902344,4125900,0.0,0.0
2024-10-18 00:00:00-04:00,172.3000030517578,175.3300018310547,172.1199951171875,175.05999755859375,161.9810791015625,5097000,0.0,0.0
2024-10-21 00:00:00-04:00,174.4600067138672,177.5,174.35000610351562,175.00999450683594,161.93482971191406,6436300,0.0,0.0
2024-10-22 00:00:00-04:00,174.50999450683594,174.9499969482422,173.50999450683594,174.3699951171875,161.3426513671875,3790500,0.0,0.0
2024-10-23 00:00:00-04:00,173.6999969482422,173.83999633789062,172.47000122070312,172.9499969482422,160.02874755859375,3800700,0.0,0.0
2024-10-24 00:00:00-04:00,172.9199981689453,173.5399932861328,171.6999969482422,172.16000366210938,159.2977752685547,4244900,0.0,0.0
2024-10-25 00:00:00-04:00,172.47000122070312,174.0,171.60000610351562,171.7899932861328,158.9553985595703,4442600,0.0,0.0
2024-10-28 00:00:00-04:00,172.97999572753906,172.97999572753906,169.72999572753906,169.83999633789062,157.15109252929688,5186400,0.0,0.0
2024-10-29 00:00:00-04:00,169.1999969482422,169.1999969482422,166.97000122070312,167.5,154.9859161376953,5127900,0.0,0.0
2024-10-30 00:00:00-04:00,167.0,167.63999938964844,166.0800018310547,166.2100067138672,153.79229736328125,4801500,0.0,0.0
2024-10-31 00:00:00-04:00,166.10000610351562,167.5,165.80999755859375,166.0800018310547,153.67202758789062,5582400,0.0,0.0
2024-11-01 00:00:00-04:00,166.08999633789062,166.25,165.2100067138672,165.58999633789062,153.2186279296875,6339000,0.0,0.0
2024-11-04 00:00:00-05:00,165.58999633789062,166.64999389648438,165.19000244140625,166.33999633789062,153.91256713867188,4885500,0.0,0.0
2024-11-05 00:00:00-05:00,165.9499969482422,167.9600067138672,165.6699981689453,167.85000610351562,155.3097686767578,3678300,0.0,0.0
2024-11-06 00:00:00-05:00,167.3699951171875,167.41000366210938,163.60000610351562,164.7100067138672,152.4043426513672,7849300,0.0,0.0
2024-11-07 00:00:00-05:00,164.5,164.89999389648438,163.47000122070312,164.0,151.74737548828125,5333500,0.0,0.0
2024-11-08 00:00:00-05:00,163.83999633789062,165.82000732421875,163.64999389648438,165.11000061035156,152.7744598388672,4618300,0.0,0.0
2024-11-11 00:00:00-05:00,164.41000366210938,166.14999389648438,163.97999572753906,164.25999450683594,151.98797607421875,3762000,0.0,0.0
2024-11-12 00:00:00-05:00,164.08999633789062,165.0,163.14999389648438,164.33999633789062,152.06199645996094,5386600,0.0,0.0
2024-11-13 00:00:00-05:00,163.49000549316406,164.8000030517578,162.3699951171875,164.74000549316406,152.43211364746094,4145000,0.0,0.0
2024-11-14 00:00:00-05:00,164.74000549316406,166.88999938964844,163.8300018310547,165.14999389648438,152.8114776611328,5422700,0.0,0.0
2024-11-15 00:00:00-05:00,164.3800048828125,164.3800048828125,158.0500030517578,158.6199951171875,146.76934814453125,9108900,0.0,0.0
2024-11-18 00:00:00-05:00,159.41000366210938,159.85000610351562,157.75999450683594,158.3300018310547,146.50100708007812,6991300,0.0,0.0
2024-11-19 00:00:00-05:00,157.75,157.8699951171875,155.85000610351562,156.72000122070312,145.0113067626953,8248900,0.0,0.0
2024-11-20 00:00:00-05:00,156.4499969482422,159.11000061035156,156.1999969482422,158.74000549316406,146.88038635253906,5067300,0.0,0.0
2024-11-21 00:00:00-05:00,158.38999938964844,160.5,157.9499969482422,160.33999633789062,148.36083984375,5977000,0.0,0.0
2024-11-22 00:00:00-05:00,160.89999389648438,162.05999755859375,159.88999938964844,162.0,149.89683532714844,5846300,0.0,0.0
2024-11-25 00:00:00-05:00,162.6999969482422,163.58999633789062,162.0,163.0500030517578,150.86839294433594,8580400,0.0,0.0
2024-11-26 00:00:00-05:00,163.27000427246094,163.67999267578125,161.89999389648438,162.16000366210938,150.0448760986328,4653600,0.0,0.0
2024-11-27 00:00:00-05:00,161.94000244140625,165.1300048828125,161.67999267578125,162.72000122070312,150.5630340576172,3622900,0.0,0.0
2024-11-29 00:00:00-05:00,161.42999267578125,163.58999633789062,160.9499969482422,163.4499969482422,151.2384796142578,2799300,0.0,0.0
2024-12-02 00:00:00-05:00,163.32000732421875,163.64999389648438,161.75999450683594,163.0500030517578,150.86839294433594,4967400,0.0,0.0
2024-12-03 00:00:00-05:00,162.83999633789062,163.0500030517578,161.4199981689453,161.6999969482422,149.61923217773438,4277400,0.0,0.0
2024-12-04 00:00:00-05:00,160.60000610351562,161.02999877929688,159.41000366210938,160.17999267578125,148.21279907226562,6964600,0.0,0.0
2024-12-05 00:00:00-05:00,160.92999267578125,161.00999450683594,158.8300018310547,160.49000549316406,148.49964904785156,5229600,0.0,0.0
2024-12-06 00:00:00-05:00,159.35000610351562,160.8000030517578,157.69000244140625,157.7899932861328,147.24452209472656,8359200,1.355,0.0
2024-12-09 00:00:00-05:00,157.91000366210938,161.5,157.13999938964844,159.47000122070312,148.81222534179688,8380400,0.0,0.0
2024-12-10 00:00:00-05:00,159.0,160.4199981689453,157.35000610351562,159.83999633789062,149.15750122070312,5329400,0.0,0.0
2024-12-11 00:00:00-05:00,160.2100067138672,160.50999450683594,156.25999450683594,156.77000427246094,146.29269409179688,7925900,0.0,0.0
2024-12-12 00:00:00-05:00,159.08999633789062,159.39999389648438,157.97000122070312,158.89999389648438,148.2803497314453,6849500,0.0,0.0
2024-12-13 00:00:00-05:00,157.52999877929688,159.57000732421875,157.05999755859375,157.97000122070312,147.41250610351562,4353900,0.0,0.0
2024-12-16 00:00:00-05:00,157.85000610351562,158.82000732421875,155.8800048828125,156.02000427246094,145.59283447265625,6696500,0.0,0.0
2024-12-17 00:00:00-05:00,155.74000549316406,158.5,155.24000549316406,156.13999938964844,145.70480346679688,6572600,0.0,0.0
2024-12-18 00:00:00-05:00,155.02999877929688,155.8300018310547,154.11000061035156,154.42999267578125,144.10906982421875,7620900,0.0,0.0
2024-12-19 00:00:00-05:00,153.08999633789062,154.0800018310547,151.41000366210938,151.47000122070312,141.34689331054688,9829500,0.0,0.0
2024-12-20 00:00:00-05:00,150.86000061035156,153.49000549316406,150.50999450683594,152.7899932861328,142.57867431640625,19205200,0.0,0.0
2024-12-23 00:00:00-05:00,152.41000366210938,152.41000366210938,149.7100067138672,151.2899932861328,141.178955078125,6822200,0.0,0.0
2024-12-24 00:00:00-05:00,150.5,152.8300018310547,150.41000366210938,152.80999755859375,142.5973663330078,3399800,0.0,0.0
2024-12-26 00:00:00-05:00,152.52999877929688,153.17999267578125,152.24000549316406,152.44000244140625,142.25205993652344,5528500,0.0,0.0
2024-12-27 00:00:00-05:00,151.2899932861328,153.47000122070312,151.25999450683594,152.88999938964844,142.6719970703125,4287000,0.0,0.0
2024-12-30 00:00:00-05:00,152.66000366210938,153.08999633789062,151.08999633789062,151.72000122070312,141.58021545410156,5397000,0.0,0.0
2024-12-31 00:00:00-05:00,151.8000030517578,153.14999389648438,150.94000244140625,152.05999755859375,141.89749145507812,4274800,0.0,0.0
2025-01-02 00:00:00-05:00,152.8800048828125,153.66000366210938,149.88999938964844,150.2100067138672,140.17111206054688,4970200,0.0,0.0
2025-01-03 00:00:00-05:00,150.9600067138672,150.9600067138672,149.55999755859375,149.64999389648438,139.64852905273438,5218100,0.0,0.0
2025-01-06 00:00:00-05:00,149.60000610351562,149.9499969482422,146.10000610351562,146.27000427246094,136.4944610595703,9470600,0.0,0.0
2025-01-07 00:00:00-05:00,146.4600067138672,147.97000122070312,145.33999633789062,145.39999389648438,135.6825714111328,7473300,0.0,0.0
2025-01-08 00:00:00-05:00,145.39999389648438,146.6699981689453,144.55999755859375,146.5399932861328,136.7463836669922,6791800,0.0,0.0
2025-01-10 00:00:00-05:00,145.0,145.57000732421875,141.50999450683594,142.63999938964844,133.10702514648438,9632700,0.0,0.0
2025-01-13 00:00:00-05:00,142.7899932861328,145.13999938964844,142.13999938964844,144.5,134.8427276611328,8101400,0.0,0.0
2025-01-14 00:00:00-05:00,144.19000244140625,145.13999938964844,143.55999755859375,144.9499969482422,135.26266479492188,6996400,0.0,0.0
2025-01-15 00:00:00-05:00,145.49000549316406,146.1999969482422,144.1699981689453,144.77999877929688,135.10400390625,7141600,0.0,0.0
2025-01-16 00:00:00-05:00,144.0500030517578,146.7899932861328,143.69000244140625,146.5399932861328,136.7463836669922,5068000,0.0,0.0
2025-01-17 00:00:00-05:00,147.72000122070312,148.6199951171875,147.1699981689453,148.25,138.3421173095703,7338900,0.0,0.0
2025-01-21 00:00:00-05:00,148.3300018310547,149.77999877929688,147.77000427246094,148.5500030517578,138.62205505371094,7456200,0.0,0.0
2025-01-22 00:00:00-05:00,148.22999572753906,149.4499969482422,147.7899932861328,148.08999633789062,138.1927947998047,5905100,0.0,0.0
2025-01-23 00:00:00-05:00,148.49000549316406,148.94000244140625,146.61000061035156,148.6199951171875,138.6873779296875,4759100,0.0,0.0
2025-01-24 00:00:00-05:00,148.82000732421875,149.30999755859375,148.1300048828125,149.1199951171875,139.15396118164062,4509600,0.0,0.0
2025-01-27 00:00:00-05:00,150.9199981689453,155.47000122070312,150.89999389648438,154.61000061035156,144.27706909179688,9820600,0.0,0.0
2025-01-28 00:00:00-05:00,154.14999389648438,154.61000061035156,150.1199951171875,150.25,140.2084197998047,6349700,0.0,0.0
2025-01-29 00:00:00-05:00,151.1300048828125,152.0,150.22999572753906,150.3699951171875,140.3204345703125,4874100,0.0,0.0
2025-01-30 00:00:00-05:00,151.27999877929688,153.0800018310547,150.6300048828125,151.89999389648438,141.74815368652344,4671300,0.0,0.0
2025-01-31 00:00:00-05:00,150.75999450683594,151.69000244140625,150.27000427246094,150.69000244140625,140.6190643310547,4905500,0.0,0.0
2025-02-03 00:00:00-05:00,149.75999450683594,151.1300048828125,148.8300018310547,150.27000427246094,140.22711181640625,7196200,0.0,0.0
2025-02-04 00:00:00-05:00,146.10000610351562,147.75,143.0,143.49000549316406,133.9002227783203,12804900,0.0,0.0
2025-02-05 00:00:00-05:00,143.38999938964844,145.7899932861328,142.6999969482422,145.66000366210938,135.92520141601562,9248100,0.0,0.0
2025-02-06 00:00:00-05:00,146.25999450683594,146.89999389648438,143.9600067138672,145.35000610351562,135.6359405517578,5604900,0.0,0.0
2025-02-07 00:00:00-05:00,145.00999450683594,145.14999389648438,143.89999389648438,144.5800018310547,134.91737365722656,5872300,0.0,0.0
2025-02-10 00:00:00-05:00,144.35000610351562,144.52000427246094,143.00999450683594,144.35000610351562,134.70277404785156,8715400,0.0,0.0
2025-02-11 00:00:00-05:00,144.3699951171875,145.72000122070312,143.39999389648438,145.63999938964844,135.9065399169922,6354000,0.0,0.0
2025-02-12 00:00:00-05:00,144.0399932861328,144.77999877929688,143.02999877929688,143.99000549316406,134.3668212890625,6658200,0.0,0.0
2025-02-13 00:00:00-05:00,144.22999572753906,144.94000244140625,143.60000610351562,144.5800018310547,134.91737365722656,7175300,0.0,0.0
2025-02-14 00:00:00-05:00,144.6699981689453,146.1699981689453,143.3300018310547,143.38999938964844,133.80691528320312,5001800,0.0,0.0
2025-02-18 00:00:00-05:00,142.89999389648438,144.14999389648438,141.60000610351562,144.10000610351562,134.46945190429688,8738700,0.0,0.0
2025-02-19 00:00:00-05:00,144.22999572753906,145.92999267578125,144.14999389648438,145.80999755859375,136.06520080566406,5777300,0.0,0.0
2025-02-20 00:00:00-05:00,145.11000061035156,149.19000244140625,145.0,149.10000610351562,139.1352996826172,6789800,0.0,0.0
2025-02-21 00:00:00-05:00,149.99000549316406,154.5500030517578,148.89999389648438,153.5,143.24124145507812,10604400,0.0,0.0
2025-02-24 00:00:00-05:00,152.33999633789062,156.32000732421875,152.1199951171875,153.85000610351562,143.56785583496094,7187000,0.0,0.0
2025-02-25 00:00:00-05:00,154.7899932861328,158.4600067138672,154.0,156.4199981689453,145.96607971191406,9474600,0.0,0.0
2025-02-26 00:00:00-05:00,155.57000732421875,155.61000061035156,151.13999938964844,151.50999450683594,141.38421630859375,9076500,0.0,0.0
2025-02-27 00:00:00-05:00,150.89999389648438,152.69000244140625,149.92999267578125,152.02000427246094,141.86016845703125,6731000,0.0,0.0
2025-02-28 00:00:00-05:00,153.6999969482422,155.10000610351562,152.35000610351562,153.47000122070312,143.2132568359375,8455500,0.0,0.0
2025-03-03 00:00:00-05:00,151.35000610351562,156.14999389648438,150.5,155.99000549316406,145.56483459472656,8321700,0.0,0.0
2025-03-04 00:00:00-05:00,157.33999633789062,160.14999389648438,153.9600067138672,154.19000244140625,143.8851318359375,10274200,0.0,0.0
2025-03-05 00:00:00-05:00,152.92999267578125,155.33999633789062,152.72999572753906,153.8800048828125,143.59584045410156,5578700,0.0,0.0
2025-03-06 00:00:00-05:00,154.1699981689453,154.97000122070312,152.52999877929688,154.61000061035156,144.27706909179688,8421000,0.0,0.0
2025-03-07 00:00:00-05:00,153.25,157.58999633789062,152.77000427246094,154.44000244140625,145.39263916015625,8997700,1.355,0.0
2025-03-10 00:00:00-04:00,155.8800048828125,160.0800018310547,155.3699951171875,156.25,147.0966033935547,11156900,0.0,0.0
2025-03-11 00:00:00-04:00,155.7899932861328,156.0500030517578,151.80999755859375,152.3300018310547,143.40623474121094,7981600,0.0,0.0
2025-03-12 00:00:00-04:00,147.5399932861328,149.52999877929688,146.50999450683594,148.1699981689453,139.48992919921875,8330200,0.0,0.0
2025-03-13 00:00:00-04:00,148.3699951171875,150.47999572753906,148.05999755859375,148.33999633789062,139.64996337890625,5351100,0.0,0.0
2025-03-14 00:00:00-04:00,147.1300048828125,149.16000366210938,147.0800018310547,148.58999633789062,139.88534545898438,5277500,0.0,0.0
2025-03-17 00:00:00-04:00,149.22999572753906,151.6699981689453,149.1300048828125,151.33999633789062,142.4742431640625,5449500,0.0,0.0
2025-03-18 00:00:00-04:00,150.0,151.3000030517578,148.75,148.99000549316406,140.2619171142578,8158600,0.0,0.0
2025-03-19 00:00:00-04:00,148.16000366210938,148.8800048828125,146.7899932861328,148.11000061035156,139.43345642089844,6080100,0.0,0.0
2025-03-20 00:00:00-04:00,147.55999755859375,148.07000732421875,146.63999938964844,147.14999389648438,138.52969360351562,4536400,0.0,0.0
2025-03-21 00:00:00-04:00,147.0,147.6999969482422,144.75,145.4499969482422,136.9292755126953,11574800,0.0,0.0
2025-03-24 00:00:00-04:00,145.49000549316406,146.72000122070312,144.8300018310547,146.4499969482422,137.87069702148438,5968900,0.0,0.0
2025-03-25 00:00:00-04:00,146.14999389648438,146.3000030517578,144.8300018310547,145.5399932861328,137.01400756835938,4763300,0.0,0.0
2025-03-26 00:00:00-04:00,146.0,149.3300018310547,145.75,148.63999938964844,139.93240356445312,5882200,0.0,0.0
2025-03-27 00:00:00-04:00,149.58999633789062,150.41000366210938,149.08999633789062,149.6699981689453,140.90206909179688,5397500,0.0,0.0
2025-03-28 00:00:00-04:00,150.44000244140625,151.3800048828125,147.11000061035156,149.27000427246094,140.52549743652344,8550900,0.0,0.0
2025-03-31 00:00:00-04:00,150.1999969482422,152.58999633789062,149.75,149.94000244140625,141.15626525878906,9985700,0.0,0.0
2025-04-01 00:00:00-04:00,150.49000549316406,150.7899932861328,148.6699981689453,149.6699981689453,140.90206909179688,6072800,0.0,0.0
2025-04-02 00:00:00-04:00,150.22999572753906,150.5,148.07000732421875,149.1199951171875,140.38426208496094,5866200,0.0,0.0
2025-04-03 00:00:00-04:00,151.69000244140625,154.0500030517578,150.86000061035156,151.3699951171875,142.5024871826172,8216200,0.0,0.0
2025-04-04 00:00:00-04:00,152.99000549316406,154.9199981689453,146.44000244140625,146.61000061035156,138.02133178710938,12911400,0.0,0.0
2025-04-07 00:00:00-04:00,141.32000732421875,146.10000610351562,140.6699981689453,143.19000244140625,134.80166625976562,14423200,0.0,0.0
2025-04-08 00:00:00-04:00,143.9499969482422,145.39999389648438,139.14999389648438,140.3000030517578,132.0809783935547,9488900,0.0,0.0
2025-04-09 00:00:00-04:00,140.25,145.9499969482422,138.3300018310547,145.58999633789062,137.06109619140625,14067000,0.0,0.0
2025-04-10 00:00:00-04:00,145.4199981689453,147.13999938964844,142.9199981689453,144.13999938964844,135.69601440429688,10980300,0.0,0.0
2025-04-11 00:00:00-04:00,145.14999389648438,145.2899932861328,142.1199951171875,144.42999267578125,135.96902465820312,8563300,0.0,0.0
2025-04-14 00:00:00-04:00,144.16000366210938,147.17999267578125,143.5,146.75,138.1531219482422,5393800,0.0,0.0
2025-04-15 00:00:00-04:00,145.83999633789062,145.97999572753906,142.6300048828125,142.83999633789062,134.47216796875,5459600,0.0,0.0
2025-04-16 00:00:00-04:00,144.11000061035156,144.39999389648438,139.77000427246094,140.08999633789062,131.88327026367188,7878600,0.0,0.0
2025-04-17 00:00:00-04:00,140.33999633789062,143.57000732421875,140.07000732421875,142.83999633789062,134.47216796875,6131400,0.0,0.0
2025-04-21 00:00:00-04:00,142.5,142.8300018310547,140.57000732421875,141.72999572753906,133.4272003173828,7412800,0.0,0.0
2025-04-22 00:00:00-04:00,142.27999877929688,144.27999877929688,141.9499969482422,143.4600067138672,135.05589294433594,7144700,0.0,0.0
2025-04-23 00:00:00-04:00,143.27000427246094,144.00999450683594,140.85000610351562,142.25999450683594,133.9261474609375,7760000,0.0,0.0
2025-04-24 00:00:00-04:00,141.4499969482422,141.85000610351562,134.52999877929688,135.30999755859375,127.38330078125,15577300,0.0,0.0
2025-04-25 00:00:00-04:00,135.47000122070312,135.61000061035156,131.8000030517578,133.3800048828125,125.56637573242188,11544700,0.0,0.0
2025-04-28 00:00:00-04:00,133.89999389648438,135.41000366210938,133.10000610351562,133.75999450683594,125.92410278320312,8498600,0.0,0.0
2025-04-29 00:00:00-04:00,132.47999572753906,134.4600067138672,131.52000427246094,134.30999755859375,126.44188690185547,7010700,0.0,0.0
2025-04-30 00:00:00-04:00,135.6300048828125,136.17999267578125,133.10000610351562,135.5800018310547,127.63749694824219,7923500,0.0,0.0
2025-05-01 00:00:00-04:00,134.47000122070312,134.80999755859375,133.24000549316406,133.5500030517578,125.72640228271484,6807000,0.0,0.0
2025-05-02 00:00:00-04:00,134.14999389648438,134.39999389648438,133.14999389648438,133.75,125.91468811035156,7169700,0.0,0.0
2025-05-05 00:00:00-04:00,134.0399932861328,134.0399932861328,131.6999969482422,131.99000549316406,124.25782012939453,8972200,0.0,0.0
2025-05-06 00:00:00-04:00,131.89999389648438,131.89999389648438,130.16000366210938,130.74000549316406,123.08101654052734,6889900,0.0,0.0
2025-05-07 00:00:00-04:00,130.9499969482422,132.6699981689453,130.27000427246094,131.9199981689453,124.19188690185547,6313200,0.0,0.0
2025-05-08 00:00:00-04:00,131.88999938964844,132.97999572753906,131.25999450683594,131.42999267578125,123.73058319091797,6392400,0.0,0.0
2025-05-09 00:00:00-04:00,131.14999389648438,131.64999389648438,130.17999267578125,130.44000244140625,122.79859924316406,4770500,0.0,0.0
2025-05-12 00:00:00-04:00,130.83999633789062,132.3300018310547,130.05999755859375,131.67999267578125,123.96595764160156,8392700,0.0,0.0
2025-05-13 00:00:00-04:00,131.1699981689453,131.63999938964844,129.75,130.30999755859375,122.67620849609375,8650200,0.0,0.0
2025-05-14 00:00:00-04:00,130.07000732421875,130.1699981689453,127.87000274658203,128.4499969482422,120.92517852783203,10463000,0.0,0.0
2025-05-15 00:00:00-04:00,129.19000244140625,131.5500030517578,128.80999755859375,131.5,123.79650115966797,9165100,0.0,0.0
2025-05-16 00:00:00-04:00,132.08999633789062,132.25999450683594,130.64999389648438,131.97999572753906,124.24836730957031,8896400,0.0,0.0
2025-05-19 00:00:00-04:00,132.1300048828125,132.25999450683594,131.11000061035156,131.7899932861328,124.06949615478516,9406200,0.0,0.0
2025-05-20 00:00:00-04:00,131.75,132.1699981689453,131.35000610351562,131.8000030517578,124.07892608642578,7624200,0.0,0.0
2025-05-21 00:00:00-04:00,131.8000030517578,131.89999389648438,130.05999755859375,130.14999389648438,122.52557373046875,9243700,0.0,0.0
2025-05-22 00:00:00-04:00,130.02000427246094,130.6999969482422,128.82000732421875,130.1199951171875,122.49732971191406,7140200,0.0,0.0
2025-05-23 00:00:00-04:00,129.55999755859375,129.75999450683594,127.75,129.33999633789062,121.76303100585938,8122500,0.0,0.0
2025-05-27 00:00:00-04:00,130.0800018310547,131.4600067138672,129.1300048828125,131.3699951171875,123.6740951538086,13974800,0.0,0.0
2025-05-28 00:00:00-04:00,131.2899932861328,132.19000244140625,130.47000122070312,130.6699981689453,123.0151138305664,9431500,0.0,0.0
2025-05-29 00:00:00-04:00,130.86000061035156,132.07000732421875,130.25,131.9199981689453,124.19188690185547,6656900,0.0,0.0
2025-05-30 00:00:00-04:00,132.14999389648438,132.72000122070312,131.2899932861328,131.4499969482422,123.74943542480469,12992100,0.0,0.0
2025-06-02 00:00:00-04:00,130.89999389648438,131.02999877929688,129.07000732421875,130.91000366210938,123.24105072021484,6723700,0.0,0.0
2025-06-03 00:00:00-04:00,130.6300048828125,132.2100067138672,129.80999755859375,131.85000610351562,124.12600708007812,7339500,0.0,0.0
2025-06-04 00:00:00-04:00,132.24000549316406,132.74000549316406,131.10000610351562,131.74000549316406,124.02244567871094,6519700,0.0,0.0
2025-06-05 00:00:00-04:00,131.1999969482422,131.41000366210938,130.2100067138672,131.11000061035156,123.42935180664062,9560800,0.0,0.0
2025-06-06 00:00:00-04:00,130.25,130.6699981689453,129.33999633789062,130.02999877929688,123.75579071044922,7628200,1.423,0.0
2025-06-09 00:00:00-04:00,129.8300018310547,130.64999389648438,129.17999267578125,129.9600067138672,123.6891860961914,8453100,0.0,0.0
2025-06-10 00:00:00-04:00,130.1999969482422,132.1199951171875,129.4600067138672,131.8300018310547,125.46894073486328,11852900,0.0,0.0
2025-06-11 00:00:00-04:00,131.94000244140625,131.97000122070312,129.7899932861328,129.89999389648438,123.63206481933594,9168400,0.0,0.0
2025-06-12 00:00:00-04:00,129.88999938964844,132.3300018310547,129.7100067138672,132.3000030517578,125.91626739501953,11444900,0.0,0.0
2025-06-13 00:00:00-04:00,131.75999450683594,133.05999755859375,130.58999633789062,130.85000610351562,124.53623962402344,9581000,0.0,0.0
2025-06-16 00:00:00-04:00,131.30999755859375,132.08999633789062,130.22999572753906,131.41000366210938,125.0692138671875,11183700,0.0,0.0
2025-06-17 00:00:00-04:00,131.16000366210938,131.69000244140625,129.1300048828125,129.2899932861328,123.0514907836914,10235200,0.0,0.0
2025-06-18 00:00:00-04:00,129.6300048828125,129.67999267578125,128.58999633789062,129.07000732421875,122.84211730957031,8785800,0.0,0.0
2025-06-20 00:00:00-04:00,129.52999877929688,130.4199981689453,128.89999389648438,129.07000732421875,122.84211730957031,23001000,0.0,0.0
2025-06-23 00:00:00-04:00,129.2899932861328,129.5,127.81999969482422,129.08999633789062,122.86114501953125,12840400,0.0,0.0
2025-06-24 00:00:00-04:00,129.13999938964844,131.2100067138672,129.0500030517578,131.0500030517578,124.7265853881836,9226800,0.0,0.0
2025-06-25 00:00:00-04:00,130.25999450683594,130.58999633789062,127.62999725341797,128.02000427246094,121.84278869628906,10922600,0.0,0.0
2025-06-26 00:00:00-04:00,127.70999908447266,129.16000366210938,127.5999984741211,128.22000122070312,122.03313446044922,11538100,0.0,0.0
2025-06-27 00:00:00-04:00,128.2899932861328,131.33999633789062,128.11000061035156,131.0399932861328,124.71705627441406,26536500,0.0,0.0
2025-06-30 00:00:00-04:00,131.1999969482422,132.36000061035156,130.58999633789062,132.0399932861328,125.66880798339844,11402400,0.0,0.0
2025-07-01 00:00:00-04:00,132.58999633789062,136.38999938964844,132.47000122070312,135.25999450683594,128.73342895507812,12846700,0.0,0.0
2025-07-02 00:00:00-04:00,135.25,137.0,134.8800048828125,136.47999572753906,129.89456176757812,9388700,0.0,0.0
2025-07-03 00:00:00-04:00,136.6999969482422,136.8300018310547,135.24000549316406,135.3800048828125,128.84765625,4941400,0.0,0.0
2025-07-07 00:00:00-04:00,135.52999877929688,135.72000122070312,133.67999267578125,134.4499969482422,127.96251678466797,7773700,0.0,0.0
2025-07-08 00:00:00-04:00,133.41000366210938,135.6699981689453,133.27999877929688,135.0399932861328,128.5240478515625,7718300,0.0,0.0
2025-07-09 00:00:00-04:00,134.89999389648438,135.3800048828125,132.9600067138672,134.47999572753906,127.99108123779297,7762600,0.0,0.0
2025-07-10 00:00:00-04:00,134.42999267578125,136.67999267578125,133.6300048828125,136.0800018310547,129.5138702392578,8869700,0.0,0.0
2025-07-11 00:00:00-04:00,134.83999633789062,135.38999938964844,133.80999755859375,135.25999450683594,128.73342895507812,7963600,0.0,0.0
2025-07-14 00:00:00-04:00,134.75,135.8800048828125,133.86000061035156,135.57000732421875,129.02847290039062,8480300,0.0,0.0
2025-07-15 00:00:00-04:00,135.42999267578125,135.50999450683594,133.75,133.80999755859375,127.35340118408203,8933500,0.0,0.0
2025-07-16 00:00:00-04:00,133.9499969482422,135.50999450683594,133.75,135.35000610351562,128.81910705566406,10941600,0.0,0.0
2025-07-17 00:00:00-04:00,141.6999969482422,145.9600067138672,141.63999938964844,145.44000244140625,138.4222412109375,26161000,0.0,0.0
2025-07-18 00:00:00-04:00,146.25999450683594,146.35000610351562,142.94000244140625,143.24000549316406,136.328369140625,13752800,0.0,0.0
2025-07-21 00:00:00-04:00,143.10000610351562,143.58999633789062,140.4600067138672,141.6999969482422,134.86270141601562,9025600,0.0,0.0
2025-07-22 00:00:00-04:00,141.22999572753906,146.39999389648438,141.22999572753906,146.0399932861328,138.9932861328125,8281500,0.0,0.0
2025-07-23 00:00:00-04:00,145.86000061035156,147.02999877929688,145.08999633789062,145.66000366210938,138.63160705566406,6166000,0.0,0.0
2025-07-24 00:00:00-04:00,145.82000732421875,146.47000122070312,143.97999572753906,144.50999450683594,137.53709411621094,9749400,0.0,0.0
2025-07-25 00:00:00-04:00,144.80999755859375,144.82000732421875,142.6999969482422,143.4499969482422,136.52825927734375,7021600,0.0,0.0
2025-07-28 00:00:00-04:00,142.6999969482422,143.10000610351562,141.4600067138672,141.57000732421875,134.73898315429688,10639100,0.0,0.0
2025-07-29 00:00:00-04:00,141.57000732421875,143.99000549316406,141.1300048828125,143.88999938964844,136.94703674316406,6282900,0.0,0.0
2025-07-30 00:00:00-04:00,143.77000427246094,144.39999389648438,142.2899932861328,142.86000061035156,135.96673583984375,9738400,0.0,0.0
2025-07-31 00:00:00-04:00,140.97999572753906,141.57000732421875,137.63999938964844,137.9199981689453,131.2650909423828,11689700,0.0,0.0
2025-08-01 00:00:00-04:00,139.10000610351562,139.80999755859375,138.2899932861328,139.27999877929688,132.55947875976562,7630500,0.0,0.0
2025-08-04 00:00:00-04:00,139.2899932861328,140.32000732421875,138.75,139.55999755859375,132.82595825195312,8384700,0.0,0.0
2025-08-05 00:00:00-04:00,139.60000610351562,140.35000610351562,139.25999450683594,139.4499969482422,132.72125244140625,5535100,0.0,0.0
2025-08-06 00:00:00-04:00,139.89999389648438,141.5800018310547,139.36000061035156,140.8000030517578,134.006103515625,6747400,0.0,0.0
2025-08-07 00:00:00-04:00,141.24000549316406,144.30999755859375,140.47999572753906,143.9199981689453,136.97557067871094,7674600,0.0,0.0
2025-08-08 00:00:00-04:00,143.9199981689453,145.3699951171875,143.8000030517578,145.2100067138672,138.20333862304688,5315100,0.0,0.0
2025-08-11 00:00:00-04:00,145.32000732421875,145.60000610351562,143.75,144.8699951171875,137.8797149658203,5773400,0.0,0.0
2025-08-12 00:00:00-04:00,145.5500030517578,147.00999450683594,144.72000122070312,146.8699951171875,139.78321838378906,7668700,0.0,0.0
2025-08-13 00:00:00-04:00,146.88999938964844,149.5399932861328,146.85000610351562,149.35000610351562,142.14356994628906,6147000,0.0,0.0
2025-08-14 00:00:00-04:00,149.0399932861328,149.5,148.0500030517578,148.6199951171875,141.44879150390625,6892500,0.0,0.0
2025-08-15 00:00:00-04:00,149.38999938964844,151.10000610351562,148.49000549316406,150.39999389648438,143.14288330078125,9162200,0.0,0.0
2025-08-18 00:00:00-04:00,150.5500030517578,150.5500030517578,148.9199981689453,149.5500030517578,142.3339080810547,9901000,0.0,0.0
2025-08-19 00:00:00-04:00,150.0,152.32000732421875,149.86000061035156,152.16000366210938,144.81796264648438,8596900,0.0,0.0
2025-08-20 00:00:00-04:00,153.2100067138672,154.61000061035156,148.69000244140625,150.72999572753906,143.4569854736328,10023500,0.0,0.0
2025-08-21 00:00:00-04:00,150.32000732421875,150.32000732421875,148.60000610351562,148.97999572753906,141.79141235351562,8153600,0.0,0.0
2025-08-22 00:00:00-04:00,149.64999389648438,151.17999267578125,149.08999633789062,149.63999938964844,142.41957092285156,5218000,0.0,0.0
2025-08-25 00:00:00-04:00,148.42999267578125,148.82000732421875,147.5800018310547,148.1999969482422,141.04904174804688,6624300,0.0,0.0
2025-08-26 00:00:00-04:00,147.5,148.25,145.80999755859375,147.0,139.90695190429688,11208100,0.0,0.0
2025-08-27 00:00:00-04:00,147.0,147.7899932861328,146.30999755859375,147.63999938964844,140.51609802246094,8092900,0.0,0.0
2025-08-28 00:00:00-04:00,147.9600067138672,148.0399932861328,146.22999572753906,146.97999572753906,139.887939453125,9265100,0.0,0.0
2025-08-29 00:00:00-04:00,147.10000610351562,149.22000122070312,146.8699951171875,148.64999389648438,141.4773406982422,7760700,0.0,0.0
2025-09-02 00:00:00-04:00,157.44000244140625,157.8000030517578,150.2100067138672,150.27999877929688,143.0286865234375,17348600,0.0,0.0
2025-09-03 00:00:00-04:00,149.9499969482422,150.4600067138672,147.11000061035156,148.63999938964844,141.4678192138672,11259200,0.0,0.0
2025-09-04 00:00:00-04:00,149.02000427246094,149.47000122070312,146.4499969482422,146.88999938964844,139.80227661132812,6342200,0.0,0.0
2025-09-05 00:00:00-04:00,146.0,147.8800048828125,145.27999877929688,146.38999938964844,140.6893310546875,7186300,1.423,0.0
2025-09-08 00:00:00-04:00,145.72000122070312,145.72000122070312,140.35000610351562,141.7100067138672,136.1915740966797,11127600,0.0,0.0
2025-09-09 00:00:00-04:00,141.17999267578125,143.6300048828125,141.10000610351562,143.10000610351562,137.52745056152344,5866400,0.0,0.0
2025-09-10 00:00:00-04:00,142.22999572753906,143.11000061035156,141.4199981689453,142.66000366210938,137.10459899902344,6015100,0.0,0.0
2025-09-11 00:00:00-04:00,142.88999938964844,144.75,142.5,144.22999572753906,138.61343383789062,6144400,0.0,0.0
2025-09-12 00:00:00-04:00,144.07000732421875,144.25,142.89999389648438,143.52999877929688,137.94070434570312,5713700,0.0,0.0
2025-09-15 00:00:00-04:00,143.39999389648438,143.52999877929688,140.52999877929688,140.63999938964844,135.16323852539062,7279600,0.0,0.0
2025-09-16 00:00:00-04:00,140.69000244140625,141.30999755859375,139.91000366210938,140.02999877929688,134.57701110839844,9283500,0.0,0.0
2025-09-17 00:00:00-04:00,140.1699981689453,142.0399932861328,140.14999389648438,141.22999572753906,135.7302703857422,6092900,0.0,0.0
2025-09-18 00:00:00-04:00,140.63999938964844,141.6300048828125,140.38999938964844,140.72999572753906,135.24974060058594,6106600,0.0,0.0
2025-09-19 00:00:00-04:00,141.4600067138672,142.0800018310547,140.4600067138672,141.75999450683594,136.2396240234375,12365500,0.0,0.0
2025-09-22 00:00:00-04:00,141.0800018310547,141.52000427246094,139.94000244140625,141.02999877929688,135.5380401611328,5797600,0.0,0.0
2025-09-23 00:00:00-04:00,141.0399932861328,142.22999572753906,139.9600067138672,141.89999389648438,136.3741912841797,6356500,0.0,0.0
2025-09-24 00:00:00-04:00,141.80999755859375,142.33999633789062,141.00999450683594,142.1699981689453,136.6336669921875,5949100,0.0,0.0
2025-09-25 00:00:00-04:00,143.0,143.4199981689453,139.86000061035156,139.9199981689453,134.47128295898438,7101700,0.0,0.0
2025-09-26 00:00:00-04:00,139.94000244140625,140.99000549316406,139.85000610351562,140.44000244140625,134.97103881835938,6224700,0.0,0.0
2025-09-29 00:00:00-04:00,140.44000244140625,140.6699981689453,139.1199951171875,140.1699981689453,134.7115478515625,11930200,0.0,0.0
2025-09-30 00:00:00-04:00,140.1699981689453,141.02999877929688,139.8300018310547,140.44000244140625,134.97103881835938,7583400,0.0,0.0
2025-10-01 00:00:00-04:00,140.80999755859375,143.3699951171875,140.47999572753906,143.13999938964844,137.56588745117188,5880800,0.0,0.0
2025-10-02 00:00:00-04:00,141.88999938964844,143.25,141.3699951171875,142.30999755859375,136.76820373535156,4497300,0.0,0.0
2025-10-03 00:00:00-04:00,142.25999450683594,143.36000061035156,141.86000061035156,141.97999572753906,136.45106506347656,5425700,0.0,0.0
2025-10-06 00:00:00-04:00,141.77000427246094,141.85000610351562,138.8800048828125,139.6999969482422,134.25982666015625,6750700,0.0,0.0
2025-10-07 00:00:00-04:00,140.3699951171875,141.83999633789062,139.69000244140625,140.7899932861328,135.30740356445312,6110300,0.0,0.0
2025-10-08 00:00:00-04:00,140.7899932861328,140.97999572753906,138.69000244140625,138.83999633789062,133.43333435058594,8256700,0.0,0.0
2025-10-09 00:00:00-04:00,140.4600067138672,144.74000549316406,138.58999633789062,144.7100067138672,139.07473754882812,13706600,0.0,0.0
2025-10-10 00:00:00-04:00,145.6300048828125,150.82000732421875,145.0,150.0800018310547,144.2356414794922,17545200,0.0,0.0
2025-10-13 00:00:00-04:00,148.64999389648438,149.97999572753906,147.33999633789062,148.88999938964844,143.09197998046875,7272000,0.0,0.0
2025-10-14 00:00:00-04:00,148.69000244140625,151.6199951171875,148.5,151.5399932861328,145.63876342773438,8371100,0.0,0.0
2025-10-15 00:00:00-04:00,151.3300018310547,152.38999938964844,149.1699981689453,151.16000366210938,145.27357482910156,6101100,0.0,0.0
2025-10-16 00:00:00-04:00,152.3800048828125,154.3800048828125,152.2899932861328,152.6699981689453,146.72476196289062,8532900,0.0,0.0
2025-10-17 00:00:00-04:00,153.77000427246094,153.91000366210938,151.74000549316406,153.7100067138672,147.72427368164062,6710100,0.0,0.0
2025-10-20 00:00:00-04:00,154.4199981689453,154.4199981689453,152.72000122070312,153.63999938964844,147.65699768066406,4810600,0.0,0.0
2025-10-21 00:00:00-04:00,154.6999969482422,155.19000244140625,152.83999633789062,153.17999267578125,147.2149200439453,5614300,0.0,0.0
2025-10-22 00:00:00-04:00,153.14999389648438,155.17999267578125,152.7100067138672,153.02999877929688,147.0707550048828,6486000,0.0,0.0
2025-10-23 00:00:00-04:00,153.1699981689453,153.39999389648438,151.02999877929688,151.50999450683594,145.6099395751953,6091800,0.0,0.0
2025-10-24 00:00:00-04:00,152.0399932861328,152.4199981689453,151.27000427246094,151.5500030517578,145.64837646484375,3580200,0.0,0.0
2025-10-27 00:00:00-04:00,151.00999450683594,152.8699951171875,150.9600067138672,152.6300048828125,146.68634033203125,4744600,0.0,0.0
2025-10-28 00:00:00-04:00,151.41000366210938,153.2100067138672,149.9199981689453,150.1199951171875,144.2740478515625,5626500,0.0,0.0
2025-10-29 00:00:00-04:00,148.0500030517578,148.66000366210938,143.6699981689453,146.16000366210938,140.46829223632812,7767600,0.0,0.0
2025-10-30 00:00:00-04:00,146.33999633789062,148.08999633789062,146.25,147.5500030517578,141.8041534423828,5752700,0.0,0.0
2025-10-31 00:00:00-04:00,146.1999969482422,147.0,145.3000030517578,146.08999633789062,140.4010009765625,6313600,0.0,0.0
2025-11-03 00:00:00-05:00,145.86000061035156,145.91000366210938,143.25,143.60000610351562,138.0079803466797,8331500,0.0,0.0
2025-11-04 00:00:00-05:00,144.6999969482422,144.92999267578125,142.05999755859375,142.89999389648438,137.33522033691406,8302900,0.0,0.0
2025-11-05 00:00:00-05:00,142.89999389648438,143.27999877929688,141.5800018310547,142.86000061035156,137.29678344726562,7136400,0.0,0.0
2025-11-06 00:00:00-05:00,142.41000366210938,143.2100067138672,141.3000030517578,141.5800018310547,136.06663513183594,6449400,0.0,0.0
2025-11-07 00:00:00-05:00,142.92999267578125,144.0500030517578,141.64999389648438,142.9499969482422,137.38328552246094,7592300,0.0,0.0
2025-11-10 00:00:00-05:00,142.49000549316406,143.02000427246094,141.25999450683594,142.6199951171875,137.0661163330078,6617500,0.0,0.0
2025-11-11 00:00:00-05:00,143.27999877929688,145.75999450683594,142.67999267578125,145.0800018310547,139.43032836914062,7683600,0.0,0.0
2025-11-12 00:00:00-05:00,144.55999755859375,145.5,144.05999755859375,144.38999938964844,138.7672119140625,5790100,0.0,0.0
2025-11-13 00:00:00-05:00,144.10000610351562,146.38999938964844,143.64999389648438,145.02000427246094,139.3726806640625,6663300,0.0,0.0
2025-11-14 00:00:00-05:00,145.88999938964844,146.83999633789062,143.92999267578125,145.85000610351562,140.1703643798828,5770500,0.0,0.0
2025-11-17 00:00:00-05:00,146.1199951171875,148.11000061035156,145.22000122070312,147.8300018310547,142.0732421875,7320200,0.0,0.0
2025-11-18 00:00:00-05:00,148.3000030517578,149.8300018310547,147.4499969482422,148.77000427246094,142.97665405273438,10821500,0.0,0.0
2025-11-19 00:00:00-05:00,148.3000030517578,148.8000030517578,146.69000244140625,147.11000061035156,141.38128662109375,8123200,0.0,0.0
2025-11-20 00:00:00-05:00,146.60000610351562,147.0800018310547,144.89999389648438,146.10000610351562,140.41061401367188,6878900,0.0,0.0
2025-11-21 00:00:00-05:00,146.27999877929688,148.94000244140625,145.97999572753906,146.3300018310547,140.6316680908203,7911800,0.0,0.0
2025-11-24 00:00:00-05:00,145.8300018310547,146.33999633789062,144.75999450683594,145.5,139.833984375,9391400,0.0,0.0
2025-11-25 00:00:00-05:00,145.92999267578125,147.1199951171875,145.57000732421875,146.11000061035156,140.42022705078125,8954000,0.0,0.0
2025-11-26 00:00:00-05:00,146.32000732421875,148.47000122070312,146.22999572753906,147.97999572753906,142.2174072265625,5180600,0.0,0.0
2025-11-28 00:00:00-05:00,147.22999572753906,148.82000732421875,147.22999572753906,148.74000549316406,142.9478302001953,2969300,0.0,0.0
2025-12-01 00:00:00-05:00,148.6300048828125,149.82000732421875,148.50999450683594,149.50999450683594,143.6878204345703,7623300,0.0,0.0
2025-12-02 00:00:00-05:00,149.4600067138672,149.50999450683594,146.52999877929688,148.61000061035156,142.8228759765625,6830300,0.0,0.0
2025-12-03 00:00:00-05:00,148.69000244140625,150.6999969482422,147.91000366210938,148.05999755859375,142.29429626464844,5109200,0.0,0.0
2025-12-04 00:00:00-05:00,147.75,148.25,146.1300048828125,146.91000366210938,141.1890869140625,6803000,0.0,0.0
2025-12-05 00:00:00-05:00,145.6199951171875,145.8000030517578,144.50999450683594,145.02000427246094,140.7358856201172,5971300,1.423,0.0
2025-12-08 00:00:00-05:00,145.00999450683594,146.55999755859375,144.1999969482422,145.6300048828125,141.32786560058594,6327400,0.0,0.0
2025-12-09 00:00:00-05:00,146.35000610351562,147.55999755859375,143.91000366210938,144.63999938964844,140.36709594726562,10035200,0.0,0.0
2025-12-10 00:00:00-05:00,147.77000427246094,149.77999877929688,147.0,149.6999969482422,145.27761840820312,18526400,0.0,0.0
2025-12-11 00:00:00-05:00,150.14999389648438,150.88999938964844,148.1300048828125,149.0399932861328,144.63711547851562,7854000,0.0,0.0
2025-12-12 00:00:00-05:00,149.75,150.6699981689453,148.74000549316406,150.64999389648438,146.19955444335938,8143100,0.0,0.0
2025-12-15 00:00:00-05:00,150.94000244140625,151.6999969482422,150.27999877929688,151.22000122070312,146.75271606445312,8409600,0.0,0.0
2025-12-16 00:00:00-05:00,151.99000549316406,152.35000610351562,149.99000549316406,150.3699951171875,145.9278106689453,7520300,0.0,0.0
2025-12-17 00:00:00-05:00,150.3800048828125,151.24000549316406,149.47999572753906,150.0800018310547,145.6464080810547,8067100,0.0,0.0
2025-12-18 00:00:00-05:00,149.8000030517578,150.3699951171875,149.25,149.3699951171875,144.95736694335938,6643200,0.0,0.0
2025-12-19 00:00:00-05:00,149.14999389648438,149.88999938964844,147.89999389648438,148.16000366210938,143.7831268310547,17543500,0.0,0.0
2025-12-22 00:00:00-05:00,147.52999877929688,148.97999572753906,146.41000366210938,147.0500030517578,142.70591735839844,8818700,0.0,0.0
2025-12-23 00:00:00-05:00,147.19000244140625,147.19000244140625,143.55999755859375,143.67999267578125,139.4354705810547,7254800,0.0,0.0
2025-12-24 00:00:00-05:00,143.7899932861328,143.99000549316406,142.9499969482422,143.74000549316406,139.4936981201172,2618700,0.0,0.0
2025-12-26 00:00:00-05:00,143.55999755859375,143.94000244140625,143.08999633789062,143.77999877929688,139.5325164794922,4975500,0.0,0.0
2025-12-29 00:00:00-05:00,143.74000549316406,145.0500030517578,143.60000610351562,144.24000549316406,139.9789276123047,7201900,0.0,0.0
2025-12-30 00:00:00-05:00,143.97000122070312,145.27000427246094,143.9199981689453,144.16000366210938,139.9012908935547,4713800,0.0,0.0
