Date,Open,High,Low,Close,Adj Close,Volume,Dividends,Stock Splits
2021-01-04 00:00:00+00:00,233.5,240.5,232.21600341796875,235.5,235.0167236328125,270807,0.0,0.0
2021-01-05 00:00:00+00:00,234.5,237.5,234.0,236.5,236.01467895507812,316496,0.0,0.0
2021-01-06 00:00:00+00:00,239.0,239.78799438476562,232.5,235.5,235.0167236328125,399162,0.0,0.0
2021-01-07 00:00:00+00:00,240.5,240.5,232.0,236.0,235.5157012939453,209824,0.0,0.0
2021-01-08 00:00:00+00:00,237.0,238.5,232.0,235.0,234.5177764892578,219316,0.0,0.0
2021-01-11 00:00:00+00:00,237.5,240.0,234.0,235.0,234.5177764892578,216078,0.0,0.0
2021-01-12 00:00:00+00:00,240.0,240.0,230.0,230.0,229.52801513671875,166253,0.0,0.0
2021-01-13 00:00:00+00:00,234.5,237.5,223.88400268554688,226.0,225.53622436523438,237592,0.0,0.0
2021-01-14 00:00:00+00:00,226.0,235.0,222.0,235.0,234.5177764892578,266246,0.0,0.0
2021-01-15 00:00:00+00:00,230.0,240.0,223.5,225.0,224.53829956054688,389139,0.0,0.0
2021-01-18 00:00:00+00:00,220.0,233.5,220.0,230.5,230.02700805664062,561492,0.0,0.0
2021-01-19 00:00:00+00:00,227.5,234.0,227.5,230.0,229.52801513671875,361711,0.0,0.0
2021-01-20 00:00:00+00:00,237.0,239.0,231.5,234.0,233.51980590820312,299013,0.0,0.0
2021-01-21 00:00:00+00:00,227.5,236.5,227.5,233.5,233.02081298828125,184841,0.0,0.0
2021-01-22 00:00:00+00:00,239.0,239.0,231.5,231.5,231.0249481201172,260163,0.0,0.0
2021-01-25 00:00:00+00:00,228.0,241.0,228.0,238.0,237.51161193847656,892595,0.0,0.0
2021-01-26 00:00:00+00:00,240.0,245.38600158691406,238.0,238.5,238.01060485839844,608249,0.0,0.0
2021-01-27 00:00:00+00:00,239.0,242.0,235.5,240.0,239.50750732421875,587098,0.0,0.0
2021-01-28 00:00:00+00:00,234.5,250.0,234.5,248.5,247.9900665283203,412000,0.0,0.0
2021-01-29 00:00:00+00:00,246.0,249.74000549316406,242.5,248.0,247.4910888671875,437964,0.0,0.0
2021-02-01 00:00:00+00:00,253.0,253.0,247.0,248.0,247.4910888671875,327075,0.0,0.0
2021-02-02 00:00:00+00:00,250.0,250.0,248.0,248.5,247.9900665283203,292238,0.0,0.0
2021-02-03 00:00:00+00:00,243.0,259.4939880371094,243.0,259.0,258.468505859375,872135,0.0,0.0
2021-02-04 00:00:00+00:00,260.5,266.0,258.0,262.0,261.46234130859375,572051,0.0,0.0
2021-02-05 00:00:00+00:00,266.0,267.5,261.0,265.0,264.4561462402344,453343,0.0,0.0
2021-02-08 00:00:00+00:00,270.0,272.0,264.0,265.0,264.4561462402344,611057,0.0,0.0
2021-02-09 00:00:00+00:00,271.0,271.0,262.5,268.0,267.4500427246094,266164,0.0,0.0
2021-02-10 00:00:00+00:00,270.0,278.0,264.5,267.0,266.4521179199219,505009,0.0,0.0
2021-02-11 00:00:00+00:00,271.0,271.0,260.5,265.0,264.4826354980469,374660,2.6699998,0.0
2021-02-12 00:00:00+00:00,266.0,269.0,262.0,266.5,265.97967529296875,328960,0.0,0.0
2021-02-15 00:00:00+00:00,271.0,272.5,262.5,263.5,262.9855651855469,254002,0.0,0.0
2021-02-16 00:00:00+00:00,267.5,267.5,256.0,257.5,256.9972839355469,328289,0.0,0.0
2021-02-17 00:00:00+00:00,258.5,262.0,254.0,257.0,256.4982604980469,1872653,0.0,0.0
2021-02-18 00:00:00+00:00,256.0,259.5,252.39999389648438,255.0,254.50218200683594,154923,0.0,0.0
2021-02-19 00:00:00+00:00,259.5,259.5,252.0,253.0,252.50607299804688,186516,0.0,0.0
2021-02-22 00:00:00+00:00,251.5,253.0,244.5,245.0,244.52171325683594,291586,0.0,0.0
2021-02-23 00:00:00+00:00,250.5,250.5,245.1219940185547,247.0,246.5177764892578,391090,0.0,0.0
2021-02-24 00:00:00+00:00,245.0,251.0,245.0,251.0,250.50997924804688,855936,0.0,0.0
2021-02-25 00:00:00+00:00,246.0,254.79800415039062,246.0,252.0,251.50802612304688,269146,0.0,0.0
2021-02-26 00:00:00+00:00,250.5,255.0500030517578,245.0,245.0,244.52171325683594,1006263,0.0,0.0
2021-03-01 00:00:00+00:00,250.5,250.5,245.86900329589844,247.0,246.5177764892578,195543,0.0,0.0
2021-03-02 00:00:00+00:00,249.5,251.5,247.5,249.0,248.5138702392578,256443,0.0,0.0
2021-03-03 00:00:00+00:00,252.5,253.0,248.0,249.5,249.01290893554688,299098,0.0,0.0
2021-03-04 00:00:00+00:00,255.5,259.0,249.5,259.0,258.4943542480469,615622,0.0,0.0
2021-03-05 00:00:00+00:00,258.5,270.5,258.0,268.0,267.476806640625,567049,0.0,0.0
2021-03-08 00:00:00+00:00,276.0,278.5,260.0,263.5,262.9855651855469,285957,0.0,0.0
2021-03-09 00:00:00+00:00,267.0,269.5,261.3900146484375,269.5,268.973876953125,262760,0.0,0.0
2021-03-10 00:00:00+00:00,269.5,269.5,260.0,265.0,264.4826354980469,332471,0.0,0.0
2021-03-11 00:00:00+00:00,270.5,270.5,260.0,261.5,260.9894714355469,644114,0.0,0.0
2021-03-12 00:00:00+00:00,256.0,263.5,256.0,263.5,262.9855651855469,179898,0.0,0.0
2021-03-15 00:00:00+00:00,257.5,265.5,257.5,260.0,259.4924621582031,228273,0.0,0.0
2021-03-16 00:00:00+00:00,261.5,265.0,259.5,260.0,259.4924621582031,325980,0.0,0.0
2021-03-17 00:00:00+00:00,262.0,267.5,259.0,263.0,262.486572265625,312656,0.0,0.0
2021-03-18 00:00:00+00:00,262.5,264.5,260.5,263.5,262.9855651855469,274069,0.0,0.0
2021-03-19 00:00:00+00:00,265.0,267.1199951171875,258.0,258.0,257.4963073730469,1258440,0.0,0.0
2021-03-22 00:00:00+00:00,260.0,269.5,258.114013671875,269.0,268.4748840332031,314199,0.0,0.0
2021-03-23 00:00:00+00:00,269.0,274.0,269.0,271.5,270.9699401855469,332889,0.0,0.0
2021-03-24 00:00:00+00:00,265.0,269.5,262.0,263.0,262.486572265625,271132,0.0,0.0
2021-03-25 00:00:00+00:00,267.5,267.5,262.385986328125,265.0,264.4826354980469,201642,0.0,0.0
2021-03-26 00:00:00+00:00,261.5,274.5,261.5,273.0,272.467041015625,511431,0.0,0.0
2021-03-29 00:00:00+01:00,269.0,274.5,265.0,272.0,271.468994140625,215734,0.0,0.0
2021-03-30 00:00:00+01:00,270.0,271.55499267578125,266.0,268.5,267.975830078125,159735,0.0,0.0
2021-03-31 00:00:00+01:00,262.0,268.89300537109375,262.0,267.0,266.478759765625,339182,0.0,0.0
2021-04-01 00:00:00+01:00,272.0,273.5,265.885986328125,267.0,266.478759765625,141927,0.0,0.0
2021-04-06 00:00:00+01:00,273.0,273.0,267.5,268.0,267.476806640625,378187,0.0,0.0
2021-04-07 00:00:00+01:00,271.5,273.0,266.0,271.0,270.470947265625,588398,0.0,0.0
2021-04-08 00:00:00+01:00,263.0,274.0,263.0,272.5,271.96795654296875,552954,0.0,0.0
2021-04-09 00:00:00+01:00,271.5,272.5,268.0,268.0,267.476806640625,181154,0.0,0.0
2021-04-12 00:00:00+01:00,268.0,270.5,267.1000061035156,270.5,269.9718933105469,251485,0.0,0.0
2021-04-13 00:00:00+01:00,264.0,274.5,264.0,274.5,273.9640808105469,235265,0.0,0.0
2021-04-14 00:00:00+01:00,270.0,278.0,270.0,274.0,273.465087890625,354717,0.0,0.0
2021-04-15 00:00:00+01:00,279.5,279.5,273.0,274.5,273.9640808105469,128894,0.0,0.0
2021-04-16 00:00:00+01:00,269.5,278.5,269.5,272.5,271.96795654296875,105525,0.0,0.0
2021-04-19 00:00:00+01:00,267.0,277.42999267578125,267.0,273.0,272.467041015625,636937,0.0,0.0
2021-04-20 00:00:00+01:00,272.0,272.5,265.5,267.5,266.9777526855469,248408,0.0,0.0
2021-04-21 00:00:00+01:00,268.5,275.5,263.5,264.0,263.484619140625,341484,0.0,0.0
2021-04-22 00:00:00+01:00,270.0,270.70001220703125,265.0,267.0,266.478759765625,375812,0.0,0.0
2021-04-23 00:00:00+01:00,271.0,273.0,265.5,267.5,266.9777526855469,350888,0.0,0.0
2021-04-26 00:00:00+01:00,270.5,273.0,265.5,268.5,267.975830078125,362469,0.0,0.0
2021-04-27 00:00:00+01:00,271.5,274.5,263.5,266.5,265.97967529296875,424561,0.0,0.0
2021-04-28 00:00:00+01:00,273.0,273.0,259.5,261.0,260.4904479980469,371751,0.0,0.0
2021-04-29 00:00:00+01:00,261.0,262.5,257.5,260.0,259.4924621582031,303181,0.0,0.0
2021-04-30 00:00:00+01:00,254.0,264.0,254.0,264.0,263.484619140625,597866,0.0,0.0
2021-05-04 00:00:00+01:00,261.5,267.0,259.5,266.0,265.480712890625,243613,0.0,0.0
2021-05-05 00:00:00+01:00,264.5,266.22698974609375,256.0,257.0,256.4982604980469,339039,0.0,0.0
2021-05-06 00:00:00+01:00,259.0,263.0,256.5,258.0,257.4963073730469,370964,0.0,0.0
2021-05-07 00:00:00+01:00,258.0,259.0,256.5,258.0,257.4963073730469,333155,0.0,0.0
2021-05-10 00:00:00+01:00,258.0,261.5,254.0,255.0,254.50218200683594,282401,0.0,0.0
2021-05-11 00:00:00+01:00,249.0,253.0,243.61599731445312,244.5,244.02268981933594,291348,0.0,0.0
2021-05-12 00:00:00+01:00,243.5,248.5,243.5,248.5,248.01483154296875,384749,0.0,0.0
2021-05-13 00:00:00+01:00,242.5,248.0,242.5,246.0,245.51974487304688,156552,0.0,0.0
2021-05-14 00:00:00+01:00,249.5,252.0,246.83999633789062,250.5,250.0109405517578,220110,0.0,0.0
2021-05-17 00:00:00+01:00,252.5,253.0,249.5,251.0,250.50997924804688,151226,0.0,0.0
2021-05-18 00:00:00+01:00,253.5,256.0,247.5,255.0,254.50218200683594,281274,0.0,0.0
2021-05-19 00:00:00+01:00,252.5,256.0,251.0,255.0,254.50218200683594,274896,0.0,0.0
2021-05-20 00:00:00+01:00,257.5,260.5,255.0,260.0,259.4924621582031,207565,0.0,0.0
2021-05-21 00:00:00+01:00,263.0,263.0,256.0,259.0,258.4943542480469,386182,0.0,0.0
2021-05-24 00:00:00+01:00,263.5,264.0,254.5,258.0,257.4963073730469,133758,0.0,0.0
2021-05-25 00:00:00+01:00,257.5,261.0,254.0,256.5,255.999267578125,573619,0.0,0.0
2021-05-26 00:00:00+01:00,261.0,262.0,258.0,260.0,259.4924621582031,208032,0.0,0.0
2021-05-27 00:00:00+01:00,259.5,262.5,252.0,255.5,255.00119018554688,573441,0.0,0.0
2021-05-28 00:00:00+01:00,260.0,260.0,254.0,255.0,254.50218200683594,179237,0.0,0.0
2021-06-01 00:00:00+01:00,260.0,260.0,252.0,255.0,254.50218200683594,97125,0.0,0.0
2021-06-02 00:00:00+01:00,260.0,260.0,252.22000122070312,253.5,253.00511169433594,131974,0.0,0.0
2021-06-03 00:00:00+01:00,253.5,253.5,241.40499877929688,244.5,244.02268981933594,440244,0.0,0.0
2021-06-04 00:00:00+01:00,244.5,249.0,242.5,249.0,248.5138702392578,426650,0.0,0.0
2021-06-07 00:00:00+01:00,248.5,251.5,243.0,245.0,244.52171325683594,210904,0.0,0.0
2021-06-08 00:00:00+01:00,247.0,250.5,245.11399841308594,249.5,249.01290893554688,634750,0.0,0.0
2021-06-09 00:00:00+01:00,250.0,251.0,243.0,247.0,246.5177764892578,1210946,0.0,0.0
2021-06-10 00:00:00+01:00,247.5,249.67799377441406,242.5,245.0,244.52171325683594,273004,0.0,0.0
2021-06-11 00:00:00+01:00,243.5,248.5,243.10000610351562,245.0,244.52171325683594,413192,0.0,0.0
2021-06-14 00:00:00+01:00,249.5,252.0,245.5,246.5,246.01876831054688,1310158,0.0,0.0
2021-06-15 00:00:00+01:00,248.5,250.0,246.0,249.0,248.5138702392578,443340,0.0,0.0
2021-06-16 00:00:00+01:00,251.0,255.0,245.0,247.0,246.5177764892578,351829,0.0,0.0
2021-06-17 00:00:00+01:00,241.0,248.5,241.0,248.5,248.01483154296875,342845,0.0,0.0
2021-06-18 00:00:00+01:00,249.5,252.5,242.5,243.5,243.02462768554688,1023194,0.0,0.0
2021-06-21 00:00:00+01:00,243.0,248.0,239.5,244.5,244.02268981933594,286886,0.0,0.0
2021-06-22 00:00:00+01:00,246.0,248.4530029296875,243.22300720214844,244.0,243.52366638183594,115886,0.0,0.0
2021-06-23 00:00:00+01:00,246.0,248.5,242.0,243.5,243.02462768554688,301442,0.0,0.0
2021-06-24 00:00:00+01:00,245.0,247.22500610351562,240.5,241.0,240.52951049804688,318407,0.0,0.0
2021-06-25 00:00:00+01:00,240.5,243.0,240.0,243.0,242.52560424804688,217845,0.0,0.0
2021-06-28 00:00:00+01:00,245.5,247.5,242.0,246.0,245.51974487304688,150699,0.0,0.0
2021-06-29 00:00:00+01:00,251.5,251.5,243.5,245.0,244.52171325683594,238710,0.0,0.0
2021-06-30 00:00:00+01:00,247.5,250.5,244.0,244.5,244.02268981933594,300580,0.0,0.0
2021-07-01 00:00:00+01:00,250.0,252.5,244.0,247.5,247.01681518554688,353649,0.0,0.0
2021-07-02 00:00:00+01:00,251.5,254.0,247.5,253.0,252.50607299804688,299999,0.0,0.0
2021-07-05 00:00:00+01:00,248.5,255.0,247.5,253.5,253.00511169433594,294604,0.0,0.0
2021-07-06 00:00:00+01:00,252.5,262.5,247.5,259.0,258.4943542480469,517032,0.0,0.0
2021-07-07 00:00:00+01:00,262.5,271.0,257.5,269.0,268.4748840332031,539203,0.0,0.0
2021-07-08 00:00:00+01:00,273.0,273.0,265.0,265.0,264.4826354980469,258443,0.0,0.0
2021-07-09 00:00:00+01:00,264.0,267.0,261.5,264.5,263.9836120605469,224873,0.0,0.0
2021-07-12 00:00:00+01:00,271.0,271.0,263.5,263.5,262.9855651855469,186691,0.0,0.0
2021-07-13 00:00:00+01:00,264.5,264.5,257.0,258.0,257.4963073730469,253393,0.0,0.0
2021-07-14 00:00:00+01:00,259.5,259.65899658203125,252.5,252.5,252.00706481933594,174042,0.0,0.0
2021-07-15 00:00:00+01:00,258.5,258.5,252.5,253.5,253.00511169433594,283614,0.0,0.0
2021-07-16 00:00:00+01:00,253.5,258.0,251.0,256.0,255.50022888183594,229474,0.0,0.0
2021-07-19 00:00:00+01:00,254.5,256.1000061035156,253.25999450683594,254.0,253.50413513183594,220046,0.0,0.0
2021-07-20 00:00:00+01:00,256.0,262.5,251.5,255.0,254.50218200683594,315354,0.0,0.0
2021-07-21 00:00:00+01:00,250.5,259.0,250.5,256.0,255.50022888183594,462797,0.0,0.0
2021-07-22 00:00:00+01:00,258.0,258.0,251.8939971923828,253.5,253.00511169433594,1194253,0.0,0.0
2021-07-23 00:00:00+01:00,254.0,257.5,251.5,257.5,256.9972839355469,251423,0.0,0.0
2021-07-26 00:00:00+01:00,262.5,262.5,252.5,253.5,253.00511169433594,2686468,0.0,0.0
2021-07-27 00:00:00+01:00,256.5,256.5,248.5,251.5,251.00901794433594,1510773,0.0,0.0
2021-07-28 00:00:00+01:00,252.0,260.0,249.0,249.0,248.5138702392578,1909448,0.0,0.0
2021-07-29 00:00:00+01:00,251.0,253.0,246.0,247.5,247.01681518554688,414417,0.0,0.0
2021-07-30 00:00:00+01:00,250.5,254.5,246.0,251.5,251.00901794433594,1599049,0.0,0.0
2021-08-02 00:00:00+01:00,246.0,255.0,243.0,248.0,247.5158233642578,278264,0.0,0.0
2021-08-03 00:00:00+01:00,245.5,250.5,245.5,250.0,249.51193237304688,260750,0.0,0.0
2021-08-04 00:00:00+01:00,248.5,249.5,245.0,246.0,245.51974487304688,279962,0.0,0.0
2021-08-05 00:00:00+01:00,243.5,249.0,243.39999389648438,249.0,248.5138702392578,388302,0.0,0.0
2021-08-06 00:00:00+01:00,246.5,251.0,244.0290069580078,245.0,244.52171325683594,384514,0.0,0.0
2021-08-09 00:00:00+01:00,244.0,249.0,242.0,248.0,247.5158233642578,188285,0.0,0.0
2021-08-10 00:00:00+01:00,246.5,248.83999633789062,246.5,247.5,247.01681518554688,2673296,0.0,0.0
2021-08-11 00:00:00+01:00,248.0,252.5,245.5,252.5,252.00706481933594,921682,0.0,0.0
2021-08-12 00:00:00+01:00,250.5,258.7139892578125,249.5,255.0,254.50218200683594,179368,0.0,0.0
2021-08-13 00:00:00+01:00,260.5,260.5,253.5,254.0,253.50413513183594,97375,0.0,0.0
2021-08-16 00:00:00+01:00,252.0,254.0,248.0800018310547,254.0,253.50413513183594,304611,0.0,0.0
2021-08-17 00:00:00+01:00,252.0,256.5,250.0,255.5,255.00119018554688,202929,0.0,0.0
2021-08-18 00:00:00+01:00,256.5,256.5,252.0,252.0,251.50802612304688,141587,0.0,0.0
2021-08-19 00:00:00+01:00,250.5,256.0,245.52999877929688,249.0,248.5138702392578,224348,0.0,0.0
2021-08-20 00:00:00+01:00,248.0,253.5,244.0,247.5,247.01681518554688,126288,0.0,0.0
2021-08-23 00:00:00+01:00,246.5,249.5,245.0,247.0,246.5177764892578,93718,0.0,0.0
2021-08-24 00:00:00+01:00,246.5,248.5,243.5,244.0,243.52366638183594,147907,0.0,0.0
2021-08-25 00:00:00+01:00,244.0,250.0,243.5,244.5,244.02268981933594,88241,0.0,0.0
2021-08-26 00:00:00+01:00,250.0,250.0,243.0050048828125,247.0,246.5177764892578,226067,0.0,0.0
2021-08-27 00:00:00+01:00,246.5,251.0,244.0,246.0,245.51974487304688,276120,0.0,0.0
2021-08-31 00:00:00+01:00,245.5,251.0,241.5,241.5,241.0285186767578,274941,0.0,0.0
2021-09-01 00:00:00+01:00,241.5,245.0,241.0,245.0,244.52171325683594,109994,0.0,0.0
2021-09-02 00:00:00+01:00,250.0,250.0,242.0,245.0,244.52171325683594,134392,0.0,0.0
2021-09-03 00:00:00+01:00,240.0,247.5,240.0,246.5,246.01876831054688,220016,0.0,0.0
2021-09-06 00:00:00+01:00,252.5,252.5,246.0,249.0,248.5138702392578,247711,0.0,0.0
2021-09-07 00:00:00+01:00,248.0,249.87399291992188,246.5,248.5,248.01483154296875,201745,0.0,0.0
2021-09-08 00:00:00+01:00,248.0,249.0,245.5,248.5,248.01483154296875,141016,0.0,0.0
2021-09-09 00:00:00+01:00,248.0,248.5,245.5,248.5,248.01483154296875,230468,0.0,0.0
2021-09-10 00:00:00+01:00,249.0,253.0,246.0,248.0,247.5158233642578,181156,0.0,0.0
2021-09-13 00:00:00+01:00,247.27000427246094,249.5,247.27000427246094,249.5,249.01290893554688,9029,0.0,0.0
2021-09-14 00:00:00+01:00,250.5,259.0,248.5,248.5,248.01483154296875,435376,0.0,0.0
2021-09-15 00:00:00+01:00,248.0,250.1300048828125,237.5,239.0,238.5334014892578,786125,0.0,0.0
2021-09-16 00:00:00+01:00,239.5,243.5,236.0,243.5,243.02462768554688,276816,0.0,0.0
2021-09-17 00:00:00+01:00,242.5,243.0,238.0,239.0,238.5334014892578,423598,0.0,0.0
2021-09-20 00:00:00+01:00,237.0,240.0,232.22000122070312,233.5,233.04415893554688,183364,0.0,0.0
2021-09-21 00:00:00+01:00,232.0,235.85000610351562,227.38999938964844,230.5,230.0499725341797,279959,0.0,0.0
2021-09-22 00:00:00+01:00,228.0,229.0,205.3000030517578,220.0,219.5705108642578,1431801,0.0,0.0
2021-09-23 00:00:00+01:00,221.5,230.0,219.44400024414062,226.5,226.05780029296875,1612505,0.0,0.0
2021-09-24 00:00:00+01:00,224.0,228.5,224.0,226.0,225.55877685546875,485475,0.0,0.0
2021-09-27 00:00:00+01:00,226.5,229.0,223.13400268554688,228.0,227.5548553466797,568303,0.0,0.0
2021-09-28 00:00:00+01:00,227.0,230.0,226.8679962158203,228.0,227.5548553466797,507377,0.0,0.0
2021-09-29 00:00:00+01:00,225.0,230.05499267578125,222.0,227.0,226.55685424804688,234775,0.0,0.0
2021-09-30 00:00:00+01:00,227.5,228.7899932861328,222.5,225.5,225.0597686767578,704317,0.0,0.0
2021-10-01 00:00:00+01:00,223.0,227.5,223.0,225.5,225.0597686767578,596228,0.0,0.0
2021-10-04 00:00:00+01:00,225.0,226.51199340820312,224.5,225.5,225.0597686767578,962560,0.0,0.0
2021-10-05 00:00:00+01:00,224.5,226.0,223.5,224.5,224.06173706054688,244224,0.0,0.0
2021-10-06 00:00:00+01:00,223.0,223.5,219.5,221.5,221.06756591796875,1699370,0.0,0.0
2021-10-07 00:00:00+01:00,225.5,226.5,217.0,218.0,217.57440185546875,400128,0.0,0.0
2021-10-08 00:00:00+01:00,216.5,221.5,214.5189971923828,219.0,218.5724639892578,170299,0.0,0.0
2021-10-11 00:00:00+01:00,218.0,220.0,215.5,217.5,217.07540893554688,212306,0.0,0.0
2021-10-12 00:00:00+01:00,217.0,219.0,215.1999969482422,218.5,218.0734405517578,175130,0.0,0.0
2021-10-13 00:00:00+01:00,217.5,220.0,216.5,219.5,219.07147216796875,240362,0.0,0.0
2021-10-14 00:00:00+01:00,221.0,221.0,216.5,218.5,218.0734405517578,412855,0.0,0.0
2021-10-15 00:00:00+01:00,214.0,220.0,214.0,219.0,218.5724639892578,525453,0.0,0.0
2021-10-18 00:00:00+01:00,218.5,222.5,218.39999389648438,220.0,219.5705108642578,260327,0.0,0.0
2021-10-19 00:00:00+01:00,218.5,225.5,218.0,220.5,220.06954956054688,464160,0.0,0.0
2021-10-20 00:00:00+01:00,217.0,224.00999450683594,217.0,223.0,222.5646514892578,339956,0.0,0.0
2021-10-21 00:00:00+01:00,218.5,224.27999877929688,218.5,222.0,221.6005859375,322842,3.42,0.0
2021-10-22 00:00:00+01:00,224.0,226.5,219.7100067138672,224.0,223.59701538085938,410857,0.0,0.0
2021-10-25 00:00:00+01:00,225.0,227.0,222.5,222.5,222.09967041015625,358947,0.0,0.0
2021-10-26 00:00:00+01:00,222.0,226.0,216.5,222.0,221.6005859375,631238,0.0,0.0
2021-10-27 00:00:00+01:00,224.0,224.0,214.0,216.0,215.61135864257812,1226247,0.0,0.0
2021-10-28 00:00:00+01:00,214.5,217.4499969482422,210.5,212.5,212.11769104003906,285528,0.0,0.0
2021-10-29 00:00:00+01:00,212.5,216.0,209.0,215.0,214.61317443847656,486645,0.0,0.0
2021-11-01 00:00:00+00:00,215.5,217.5,209.0,215.0,214.61317443847656,226610,0.0,0.0
2021-11-02 00:00:00+00:00,218.0,220.5,213.0,217.0,216.60958862304688,430680,0.0,0.0
2021-11-03 00:00:00+00:00,216.0,218.0,211.0,211.0,210.62037658691406,421621,0.0,0.0
2021-11-04 00:00:00+00:00,210.5,214.5,201.0,207.0,206.6275634765625,3516431,0.0,0.0
2021-11-05 00:00:00+00:00,207.5,214.16700744628906,207.5,212.5,212.11769104003906,1554509,0.0,0.0
2021-11-08 00:00:00+00:00,213.5,214.3000030517578,204.0,204.5,204.13206481933594,227327,0.0,0.0
2021-11-09 00:00:00+00:00,210.5,213.5,205.0,209.0,208.62396240234375,488403,0.0,0.0
2021-11-10 00:00:00+00:00,214.0,216.0,209.0,212.5,212.11769104003906,3680647,0.0,0.0
2021-11-11 00:00:00+00:00,209.0,213.5,208.0,212.0,211.6185760498047,318796,0.0,0.0
2021-11-12 00:00:00+00:00,212.0,215.0,210.5,211.0,210.62037658691406,342270,0.0,0.0
2021-11-15 00:00:00+00:00,209.5,211.5,206.6009979248047,208.5,208.12489318847656,279103,0.0,0.0
2021-11-16 00:00:00+00:00,210.5,216.5,207.5,208.0,207.6257781982422,315423,0.0,0.0
2021-11-17 00:00:00+00:00,203.5,208.0,203.5,205.5,205.13026428222656,297575,0.0,0.0
2021-11-18 00:00:00+00:00,206.0,206.0,202.5,205.5,205.13026428222656,1837884,0.0,0.0
2021-11-19 00:00:00+00:00,210.0,210.0,202.70199584960938,205.0,204.6311492919922,336215,0.0,0.0
2021-11-22 00:00:00+00:00,208.0,208.0,200.5,202.0,201.63656616210938,411937,0.0,0.0
2021-11-23 00:00:00+00:00,200.5,204.5,199.8000030517578,203.5,203.13389587402344,662642,0.0,0.0
2021-11-24 00:00:00+00:00,207.5,207.5,199.1999969482422,201.5,201.13746643066406,333783,0.0,0.0
2021-11-25 00:00:00+00:00,199.8000030517578,201.8800048828125,197.60000610351562,198.8000030517578,198.4423065185547,620893,0.0,0.0
2021-11-26 00:00:00+00:00,196.1999969482422,198.0,194.1999969482422,195.8000030517578,195.4477081298828,409923,0.0,0.0
2021-11-29 00:00:00+00:00,198.39999389648438,198.39999389648438,193.8000030517578,194.39999389648438,194.0502471923828,843133,0.0,0.0
2021-11-30 00:00:00+00:00,190.0,196.31900024414062,190.0,193.39999389648438,193.0520477294922,617924,0.0,0.0
2021-12-01 00:00:00+00:00,194.60000610351562,197.39999389648438,193.60000610351562,197.1999969482422,196.84521484375,351756,0.0,0.0
2021-12-02 00:00:00+00:00,195.39999389648438,199.1999969482422,195.0,198.0,197.64373779296875,431039,0.0,0.0
2021-12-03 00:00:00+00:00,193.8000030517578,199.8000030517578,193.8000030517578,199.1999969482422,198.8415985107422,393253,0.0,0.0
2021-12-06 00:00:00+00:00,201.0,202.0,198.0,202.0,201.63656616210938,278751,0.0,0.0
2021-12-07 00:00:00+00:00,195.8000030517578,206.5,195.8000030517578,205.5,205.13026428222656,762602,0.0,0.0
2021-12-08 00:00:00+00:00,200.0,206.38999938964844,200.0,201.0,200.6383514404297,458238,0.0,0.0
2021-12-09 00:00:00+00:00,202.5,205.9600067138672,200.0,200.0,199.64015197753906,625437,0.0,0.0
2021-12-10 00:00:00+00:00,205.0,205.0,199.60000610351562,200.0,199.64015197753906,479868,0.0,0.0
2021-12-13 00:00:00+00:00,205.0,205.0,197.1999969482422,198.60000610351562,198.24269104003906,418898,0.0,0.0
2021-12-14 00:00:00+00:00,194.8000030517578,201.0,193.39999389648438,194.39999389648438,194.0502471923828,1090577,0.0,0.0
2021-12-15 00:00:00+00:00,190.0,195.0,190.0,193.39999389648438,193.0520477294922,803688,0.0,0.0
2021-12-16 00:00:00+00:00,190.0,195.0,190.0,193.39999389648438,193.0520477294922,480341,0.0,0.0
2021-12-17 00:00:00+00:00,193.39999389648438,196.0,193.39999389648438,194.0,193.6509552001953,615070,0.0,0.0
2021-12-20 00:00:00+00:00,190.0,193.3249969482422,190.0,192.39999389648438,192.05384826660156,265920,0.0,0.0
2021-12-21 00:00:00+00:00,194.8000030517578,195.0,191.60000610351562,195.0,194.649169921875,478684,0.0,0.0
2021-12-22 00:00:00+00:00,192.0,195.39999389648438,192.0,194.0,193.6509552001953,288069,0.0,0.0
2021-12-23 00:00:00+00:00,195.0,197.1999969482422,194.39999389648438,195.39999389648438,195.04843139648438,403627,0.0,0.0
2021-12-24 00:00:00+00:00,200.5,200.5,195.8000030517578,197.60000610351562,197.24449157714844,64320,0.0,0.0
2021-12-29 00:00:00+00:00,200.5,204.0489959716797,197.8000030517578,200.5,200.13926696777344,279862,0.0,0.0
2021-12-30 00:00:00+00:00,199.0,201.5,198.0,201.5,201.13746643066406,276876,0.0,0.0
2021-12-31 00:00:00+00:00,203.5,205.5,198.75999450683594,205.5,205.13026428222656,84489,0.0,0.0
2022-01-04 00:00:00+00:00,207.5,207.5,204.1300048828125,207.5,207.12667846679688,1452406,0.0,0.0
2022-01-05 00:00:00+00:00,205.0,207.5,200.5,201.0,200.6383514404297,319794,0.0,0.0
2022-01-06 00:00:00+00:00,202.5,202.5,198.0,200.5,200.13926696777344,567784,0.0,0.0
2022-01-07 00:00:00+00:00,203.5,204.5,198.60000610351562,204.0,203.63299560546875,155899,0.0,0.0
2022-01-10 00:00:00+00:00,203.0,206.28799438476562,199.0,205.0,204.6311492919922,137554,0.0,0.0
2022-01-11 00:00:00+00:00,200.5,206.5,199.39999389648438,200.0,199.64015197753906,241476,0.0,0.0
2022-01-12 00:00:00+00:00,200.5,203.32000732421875,197.8520050048828,200.0,199.64015197753906,290201,0.0,0.0
2022-01-13 00:00:00+00:00,200.0,201.5,199.0,201.0,200.6383514404297,275674,0.0,0.0
2022-01-14 00:00:00+00:00,201.0,201.5,198.1999969482422,199.60000610351562,199.2408905029297,213097,0.0,0.0
2022-01-17 00:00:00+00:00,197.60000610351562,203.0,195.8000030517578,197.60000610351562,197.24449157714844,240103,0.0,0.0
2022-01-18 00:00:00+00:00,195.1999969482422,197.8000030517578,192.39999389648438,196.39999389648438,196.046630859375,1758558,0.0,0.0
2022-01-19 00:00:00+00:00,196.0,198.1999969482422,194.39999389648438,197.39999389648438,197.0448455810547,307609,0.0,0.0
2022-01-20 00:00:00+00:00,198.0,200.5,196.39999389648438,197.39999389648438,197.0448455810547,5640121,0.0,0.0
2022-01-21 00:00:00+00:00,196.0,201.5,195.5050048828125,196.60000610351562,196.24630737304688,795967,0.0,0.0
2022-01-24 00:00:00+00:00,196.39999389648438,197.83999633789062,192.39999389648438,195.39999389648438,195.04843139648438,405592,0.0,0.0
2022-01-25 00:00:00+00:00,201.0,201.0,191.39199829101562,196.1999969482422,195.84698486328125,260122,0.0,0.0
2022-01-26 00:00:00+00:00,200.0,200.0,187.39999389648438,187.39999389648438,187.06280517578125,497963,0.0,0.0
2022-01-27 00:00:00+00:00,186.8000030517578,194.0,184.1999969482422,194.0,193.6509552001953,374746,0.0,0.0
2022-01-28 00:00:00+00:00,194.0,194.8000030517578,186.8000030517578,190.60000610351562,190.25706481933594,574433,0.0,0.0
2022-01-31 00:00:00+00:00,193.60000610351562,193.60000610351562,189.39999389648438,192.8000030517578,192.45314025878906,346256,0.0,0.0
2022-02-01 00:00:00+00:00,194.39999389648438,194.8000030517578,190.39999389648438,192.39999389648438,192.05384826660156,150451,0.0,0.0
2022-02-02 00:00:00+00:00,191.8000030517578,194.0,191.1999969482422,191.60000610351562,191.2552947998047,255049,0.0,0.0
2022-02-03 00:00:00+00:00,196.39999389648438,196.39999389648438,189.0,189.8000030517578,189.45852661132812,311838,0.0,0.0
2022-02-04 00:00:00+00:00,188.8000030517578,190.1999969482422,187.60000610351562,190.1999969482422,189.85780334472656,177926,0.0,0.0
2022-02-07 00:00:00+00:00,188.1999969482422,191.47900390625,187.1999969482422,188.0,187.66177368164062,249962,0.0,0.0
2022-02-08 00:00:00+00:00,189.39999389648438,190.36399841308594,186.60000610351562,189.60000610351562,189.25888061523438,292092,0.0,0.0
2022-02-09 00:00:00+00:00,192.1999969482422,202.0,190.5760040283203,198.1999969482422,197.84339904785156,2138348,0.0,0.0
2022-02-10 00:00:00+00:00,201.0,203.0,196.1999969482422,202.0,201.63656616210938,7340913,0.0,0.0
2022-02-11 00:00:00+00:00,200.5,208.0,196.8000030517578,208.0,207.6257781982422,398939,0.0,0.0
2022-02-14 00:00:00+00:00,206.0,208.1999969482422,203.0,203.0,202.634765625,701131,0.0,0.0
2022-02-15 00:00:00+00:00,202.5,207.5,202.5,204.0,203.63299560546875,224578,0.0,0.0
2022-02-16 00:00:00+00:00,204.5,206.0,202.5,203.0,202.634765625,255401,0.0,0.0
2022-02-17 00:00:00+00:00,204.0,207.0,203.0,204.5,204.13206481933594,343042,0.0,0.0
2022-02-18 00:00:00+00:00,205.0,209.45599365234375,204.5,207.0,206.6275634765625,453919,0.0,0.0
2022-02-21 00:00:00+00:00,208.5,208.60000610351562,206.83299255371094,207.0,206.6275634765625,345940,0.0,0.0
2022-02-22 00:00:00+00:00,206.0,208.27999877929688,204.5,207.0,206.6275634765625,837962,0.0,0.0
2022-02-23 00:00:00+00:00,206.5,208.10400390625,205.0,206.0,205.62939453125,887992,0.0,0.0
2022-02-24 00:00:00+00:00,201.0,203.5,199.60000610351562,202.5,202.1356658935547,612310,0.0,0.0
2022-02-25 00:00:00+00:00,200.0,207.0,200.0,207.0,206.6275634765625,411275,0.0,0.0
2022-02-28 00:00:00+00:00,206.5,210.5,202.61000061035156,210.5,210.12127685546875,587917,0.0,0.0
2022-03-01 00:00:00+00:00,207.5,212.0,206.5,207.0,206.6275634765625,355854,0.0,0.0
2022-03-02 00:00:00+00:00,207.0,208.0,203.0,205.5,205.13026428222656,906870,0.0,0.0
2022-03-03 00:00:00+00:00,203.0,205.5,191.60000610351562,191.60000610351562,191.2552947998047,933136,0.0,0.0
2022-03-04 00:00:00+00:00,191.1999969482422,192.60000610351562,184.39999389648438,186.0,185.66537475585938,595150,0.0,0.0
2022-03-07 00:00:00+00:00,185.0,188.60000610351562,177.8000030517578,183.1999969482422,182.87039184570312,510737,0.0,0.0
2022-03-08 00:00:00+00:00,183.1999969482422,191.0,182.60000610351562,182.8000030517578,182.4711151123047,1376044,0.0,0.0
2022-03-09 00:00:00+00:00,181.8000030517578,189.8000030517578,181.8000030517578,186.60000610351562,186.26425170898438,499829,0.0,0.0
2022-03-10 00:00:00+00:00,186.60000610351562,188.0,182.39999389648438,183.39999389648438,183.0962371826172,961990,2.6699998,0.0
2022-03-11 00:00:00+00:00,185.0,186.8000030517578,181.60000610351562,186.8000030517578,186.4906005859375,453328,0.0,0.0
2022-03-14 00:00:00+00:00,185.8000030517578,190.0,185.8000030517578,190.0,189.685302734375,476534,0.0,0.0
2022-03-15 00:00:00+00:00,188.60000610351562,188.8800048828125,184.39999389648438,186.1999969482422,185.8916015625,347355,0.0,0.0
2022-03-16 00:00:00+00:00,190.1999969482422,191.60000610351562,186.8000030517578,191.60000610351562,191.28265380859375,517418,0.0,0.0
2022-03-17 00:00:00+00:00,193.0,193.0,187.60000610351562,190.39999389648438,190.08462524414062,392908,0.0,0.0
2022-03-18 00:00:00+00:00,185.1999969482422,191.8000030517578,185.1999969482422,190.60000610351562,190.28433227539062,803702,0.0,0.0
2022-03-21 00:00:00+00:00,190.0,193.60000610351562,190.0,192.60000610351562,192.281005859375,697446,0.0,0.0
2022-03-22 00:00:00+00:00,191.0,194.0,190.60000610351562,194.0,193.67868041992188,223135,0.0,0.0
2022-03-23 00:00:00+00:00,193.0,194.75,191.60000610351562,194.39999389648438,194.0780029296875,525555,0.0,0.0
2022-03-24 00:00:00+00:00,191.0,195.0,191.0,192.60000610351562,192.281005859375,355705,0.0,0.0
2022-03-25 00:00:00+00:00,191.0,196.0,191.0,195.8000030517578,195.47569274902344,439772,0.0,0.0
2022-03-28 00:00:00+01:00,195.0,196.8000030517578,193.1999969482422,194.0,193.67868041992188,368934,0.0,0.0
2022-03-29 00:00:00+01:00,196.1999969482422,196.8000030517578,194.0,195.60000610351562,195.27603149414062,273915,0.0,0.0
2022-03-30 00:00:00+01:00,194.1999969482422,196.52000427246094,193.1999969482422,195.0,194.67701721191406,1187856,0.0,0.0
2022-03-31 00:00:00+01:00,195.60000610351562,197.0,192.8000030517578,195.60000610351562,195.27603149414062,268343,0.0,0.0
2022-04-01 00:00:00+01:00,191.0,202.1790008544922,191.0,201.0,200.66709899902344,475976,0.0,0.0
2022-04-04 00:00:00+01:00,201.5,209.0,194.60000610351562,202.5,202.1645965576172,506341,0.0,0.0
2022-04-05 00:00:00+01:00,203.5,205.0,201.0,203.0,202.6637725830078,232175,0.0,0.0
2022-04-06 00:00:00+01:00,203.0,203.5,200.0,200.0,199.6687469482422,331352,0.0,0.0
2022-04-07 00:00:00+01:00,203.5,204.0,199.1999969482422,200.0,199.6687469482422,389450,0.0,0.0
2022-04-08 00:00:00+01:00,200.0,203.0,200.0,200.5,200.16793823242188,148401,0.0,0.0
2022-04-11 00:00:00+01:00,200.0,202.0,199.46299743652344,202.0,201.66542053222656,195451,0.0,0.0
2022-04-12 00:00:00+01:00,200.5,200.5,199.08799743652344,200.5,200.16793823242188,280713,0.0,0.0
2022-04-13 00:00:00+01:00,200.5,209.5,200.5,208.0,207.65548706054688,838374,0.0,0.0
2022-04-14 00:00:00+01:00,204.0,208.65499877929688,204.0,205.0,204.6604461669922,510004,0.0,0.0
2022-04-19 00:00:00+01:00,203.0,206.97500610351562,202.0,203.0,202.6637725830078,890653,0.0,0.0
2022-04-20 00:00:00+01:00,203.0,203.5,201.5,203.5,203.16293334960938,165791,0.0,0.0
2022-04-21 00:00:00+01:00,203.5,205.0,202.5,203.0,202.6637725830078,224371,0.0,0.0
2022-04-22 00:00:00+01:00,202.5,205.5,201.47999572753906,203.5,203.16293334960938,303232,0.0,0.0
2022-04-25 00:00:00+01:00,202.0,204.4929962158203,199.57000732421875,203.0,202.6637725830078,443200,0.0,0.0
2022-04-26 00:00:00+01:00,202.5,206.4080047607422,201.5,203.0,202.6637725830078,371973,0.0,0.0
2022-04-27 00:00:00+01:00,203.5,204.5,200.5540008544922,204.5,204.16128540039062,334892,0.0,0.0
2022-04-28 00:00:00+01:00,203.0,208.44700622558594,202.5,206.5,206.15797424316406,211028,0.0,0.0
2022-04-29 00:00:00+01:00,204.5,207.47999572753906,203.0,205.0,204.6604461669922,362651,0.0,0.0
2022-05-03 00:00:00+01:00,203.5,206.0500030517578,201.3000030517578,203.5,203.16293334960938,377589,0.0,0.0
2022-05-04 00:00:00+01:00,201.0,204.0,198.8679962158203,203.5,203.16293334960938,518918,0.0,0.0
2022-05-05 00:00:00+01:00,203.5,205.24000549316406,202.0,203.0,202.6637725830078,443403,0.0,0.0
2022-05-06 00:00:00+01:00,202.0,204.0,196.1999969482422,201.5,201.16624450683594,852461,0.0,0.0
2022-05-09 00:00:00+01:00,200.0,201.5,196.0,199.8000030517578,199.46910095214844,349731,0.0,0.0
2022-05-10 00:00:00+01:00,200.0,206.0,199.60000610351562,205.0,204.6604461669922,462743,0.0,0.0
2022-05-11 00:00:00+01:00,204.0,207.0,202.5,203.5,203.16293334960938,1124088,0.0,0.0
2022-05-12 00:00:00+01:00,201.0,205.0,201.0,203.5,203.16293334960938,443676,0.0,0.0
2022-05-13 00:00:00+01:00,203.0,206.0,203.0,206.0,205.6588134765625,329799,0.0,0.0
2022-05-16 00:00:00+01:00,204.5,205.0,202.0,204.0,203.662109375,520512,0.0,0.0
2022-05-17 00:00:00+01:00,203.0,206.0,203.0,204.5,204.16128540039062,564345,0.0,0.0
2022-05-18 00:00:00+01:00,204.5,209.0,204.5,206.0,205.6588134765625,273093,0.0,0.0
2022-05-19 00:00:00+01:00,205.0,205.0,201.0,203.0,202.6637725830078,561338,0.0,0.0
2022-05-20 00:00:00+01:00,203.0,205.0,201.5,201.5,201.16624450683594,196923,0.0,0.0
2022-05-23 00:00:00+01:00,200.0,205.0,200.0,205.0,204.6604461669922,888747,0.0,0.0
2022-05-24 00:00:00+01:00,205.0,205.5,203.0,203.5,203.16293334960938,682546,0.0,0.0
2022-05-25 00:00:00+01:00,202.5,203.5,199.60000610351562,200.5,200.16793823242188,195141,0.0,0.0
2022-05-26 00:00:00+01:00,198.39999389648438,200.61000061035156,196.39999389648438,199.0,198.67041015625,395999,0.0,0.0
2022-05-27 00:00:00+01:00,196.8000030517578,200.5,196.8000030517578,198.1999969482422,197.87173461914062,338003,0.0,0.0
2022-05-30 00:00:00+01:00,200.0,202.5,198.8000030517578,200.5,200.16793823242188,286894,0.0,0.0
2022-05-31 00:00:00+01:00,199.8000030517578,204.0,198.0399932861328,202.5,202.1645965576172,1349918,0.0,0.0
2022-06-01 00:00:00+01:00,202.0,207.5,202.0,203.5,203.16293334960938,579234,0.0,0.0
2022-06-06 00:00:00+01:00,205.0,209.0,200.02000427246094,206.0,205.6588134765625,321048,0.0,0.0
2022-06-07 00:00:00+01:00,204.0,206.5,203.5,205.5,205.1596221923828,149745,0.0,0.0
2022-06-08 00:00:00+01:00,206.0,206.0,203.60000610351562,204.0,203.662109375,190778,0.0,0.0
2022-06-09 00:00:00+01:00,201.5,207.1009979248047,201.5,205.5,205.1596221923828,416642,0.0,0.0
2022-06-10 00:00:00+01:00,202.5,204.0,197.39999389648438,197.39999389648438,197.07302856445312,489882,0.0,0.0
2022-06-13 00:00:00+01:00,196.0,197.8000030517578,190.8000030517578,193.39999389648438,193.0796661376953,490523,0.0,0.0
2022-06-14 00:00:00+01:00,192.39999389648438,194.0,190.8000030517578,191.60000610351562,191.28265380859375,557035,0.0,0.0
2022-06-15 00:00:00+01:00,192.1999969482422,194.0,190.39999389648438,192.60000610351562,192.281005859375,587538,0.0,0.0
2022-06-16 00:00:00+01:00,192.1999969482422,193.60000610351562,186.0,188.0,187.68861389160156,540210,0.0,0.0
2022-06-17 00:00:00+01:00,189.39999389648438,190.39999389648438,186.1999969482422,188.8000030517578,188.48728942871094,339870,0.0,0.0
2022-06-20 00:00:00+01:00,189.0,192.8000030517578,187.83999633789062,192.39999389648438,192.08132934570312,498166,0.0,0.0
2022-06-21 00:00:00+01:00,195.0,202.7989959716797,194.8000030517578,201.5,201.16624450683594,480982,0.0,0.0
2022-06-22 00:00:00+01:00,199.60000610351562,201.0,198.1999969482422,199.8000030517578,199.46910095214844,362696,0.0,0.0
2022-06-23 00:00:00+01:00,199.1999969482422,201.0,193.1999969482422,196.1999969482422,195.875,318057,0.0,0.0
2022-06-24 00:00:00+01:00,196.0,199.0,196.0,197.39999389648438,197.07302856445312,1060453,0.0,0.0
2022-06-27 00:00:00+01:00,200.0,204.0,197.39999389648438,201.0,200.66709899902344,380175,0.0,0.0
2022-06-28 00:00:00+01:00,203.0,203.1999969482422,199.0,200.5,200.16793823242188,453424,0.0,0.0
2022-06-29 00:00:00+01:00,201.0,201.0,199.0,200.5,200.16793823242188,441210,0.0,0.0
2022-06-30 00:00:00+01:00,198.60000610351562,201.0,196.39999389648438,196.8000030517578,196.4740447998047,1438989,0.0,0.0
2022-07-01 00:00:00+01:00,196.0,201.29600524902344,193.0,201.0,200.66709899902344,565222,0.0,0.0
2022-07-04 00:00:00+01:00,200.5,205.0,200.5,203.0,202.6637725830078,184838,0.0,0.0
2022-07-05 00:00:00+01:00,203.5,205.0,200.0,201.0,200.66709899902344,374013,0.0,0.0
2022-07-06 00:00:00+01:00,202.0,207.12600708007812,201.625,206.0,205.6588134765625,409872,0.0,0.0
2022-07-07 00:00:00+01:00,205.5,206.5,203.5,205.0,204.6604461669922,161169,0.0,0.0
2022-07-08 00:00:00+01:00,203.5,205.0,200.5,201.0,200.66709899902344,269189,0.0,0.0
2022-07-11 00:00:00+01:00,202.0,202.0,199.8000030517578,200.5,200.16793823242188,125024,0.0,0.0
2022-07-12 00:00:00+01:00,199.0,202.0,195.3000030517578,201.0,200.66709899902344,224686,0.0,0.0
2022-07-13 00:00:00+01:00,201.0,202.0,199.8000030517578,202.0,201.66542053222656,182839,0.0,0.0
2022-07-14 00:00:00+01:00,202.0,202.5,197.1999969482422,198.8000030517578,198.47073364257812,232848,0.0,0.0
2022-07-15 00:00:00+01:00,198.39999389648438,201.0,198.39999389648438,199.60000610351562,199.2694091796875,229069,0.0,0.0
2022-07-18 00:00:00+01:00,201.0,202.0,196.60000610351562,200.5,200.16793823242188,266536,0.0,0.0
2022-07-19 00:00:00+01:00,200.0,202.0,199.60000610351562,202.0,201.66542053222656,664579,0.0,0.0
2022-07-20 00:00:00+01:00,205.5,206.5,202.5,204.0,203.662109375,149524,0.0,0.0
2022-07-21 00:00:00+01:00,202.5,204.5,202.27000427246094,204.0,203.662109375,287377,0.0,0.0
2022-07-22 00:00:00+01:00,204.0,207.0,202.5,206.0,205.6588134765625,1702336,0.0,0.0
2022-07-25 00:00:00+01:00,205.5,208.0,204.52000427246094,207.5,207.1563262939453,502185,0.0,0.0
2022-07-26 00:00:00+01:00,207.0,208.5,206.5,208.0,207.65548706054688,148226,0.0,0.0
2022-07-27 00:00:00+01:00,207.5,209.0,206.5,207.0,206.6571502685547,167311,0.0,0.0
2022-07-28 00:00:00+01:00,208.0,208.0,206.0,208.0,207.65548706054688,405354,0.0,0.0
2022-07-29 00:00:00+01:00,209.0,211.0,208.02499389648438,210.5,210.15135192871094,827069,0.0,0.0
2022-08-01 00:00:00+01:00,209.0,214.0,207.39999389648438,212.5,212.14801025390625,434583,0.0,0.0
2022-08-02 00:00:00+01:00,209.5,211.4409942626953,206.8280029296875,209.0,208.65382385253906,251605,0.0,0.0
2022-08-03 00:00:00+01:00,208.5,213.0,207.0,212.5,212.14801025390625,259046,0.0,0.0
2022-08-04 00:00:00+01:00,211.0,212.5,210.0,211.0,210.65052795410156,200129,0.0,0.0
2022-08-05 00:00:00+01:00,212.0,213.0,209.6300048828125,210.5,210.15135192871094,131586,0.0,0.0
2022-08-08 00:00:00+01:00,212.0,213.0,210.0,211.0,210.65052795410156,268661,0.0,0.0
2022-08-09 00:00:00+01:00,211.0,213.0,208.31700134277344,213.0,212.647216796875,259812,0.0,0.0
2022-08-10 00:00:00+01:00,211.0,213.47799682617188,211.0,211.5,211.14968872070312,223104,0.0,0.0
2022-08-11 00:00:00+01:00,212.0,212.5,210.5,212.5,212.14801025390625,297728,0.0,0.0
2022-08-12 00:00:00+01:00,213.0,213.0,210.5,212.0,211.64883422851562,842074,0.0,0.0
2022-08-15 00:00:00+01:00,213.0,213.0,210.88499450683594,211.0,210.65052795410156,2513132,0.0,0.0
2022-08-16 00:00:00+01:00,210.5,215.0,210.5,214.5,214.1447296142578,471520,0.0,0.0
2022-08-17 00:00:00+01:00,210.5,214.5,210.5,211.5,211.14968872070312,3037750,0.0,0.0
2022-08-18 00:00:00+01:00,207.0,211.5,206.7550048828125,209.0,208.65382385253906,296464,0.0,0.0
2022-08-19 00:00:00+01:00,209.0,211.5,206.0,206.5,206.15797424316406,548289,0.0,0.0
2022-08-22 00:00:00+01:00,206.5,207.5,202.25,204.0,203.662109375,875354,0.0,0.0
2022-08-23 00:00:00+01:00,200.5,205.5,199.39999389648438,202.0,201.66542053222656,973276,0.0,0.0
2022-08-24 00:00:00+01:00,200.5,203.0,199.8000030517578,199.8000030517578,199.46910095214844,304857,0.0,0.0
2022-08-25 00:00:00+01:00,200.5,201.0,195.8000030517578,197.0,196.67372131347656,341032,0.0,0.0
2022-08-26 00:00:00+01:00,197.60000610351562,198.1999969482422,194.60000610351562,195.1999969482422,194.87669372558594,936737,0.0,0.0
2022-08-30 00:00:00+01:00,190.60000610351562,198.39999389648438,190.60000610351562,198.39999389648438,198.0713653564453,410854,0.0,0.0
2022-08-31 00:00:00+01:00,197.8000030517578,199.0,193.0,194.60000610351562,194.27769470214844,818993,0.0,0.0
2022-09-01 00:00:00+01:00,194.0,194.48800659179688,190.9720001220703,192.39999389648438,192.08132934570312,507491,0.0,0.0
2022-09-02 00:00:00+01:00,191.39999389648438,195.0,191.1999969482422,195.0,194.67701721191406,390145,0.0,0.0
2022-09-05 00:00:00+01:00,194.8000030517578,194.8000030517578,191.60000610351562,192.60000610351562,192.281005859375,405311,0.0,0.0
2022-09-06 00:00:00+01:00,193.39999389648438,196.0,191.60000610351562,194.60000610351562,194.27769470214844,598697,0.0,0.0
2022-09-07 00:00:00+01:00,193.0,196.39999389648438,193.0,196.39999389648438,196.07470703125,428301,0.0,0.0
2022-09-08 00:00:00+01:00,195.0,197.1999969482422,193.0,194.1999969482422,193.8783416748047,476608,0.0,0.0
2022-09-09 00:00:00+01:00,196.0,199.1999969482422,195.0,197.8000030517578,197.47238159179688,310489,0.0,0.0
2022-09-12 00:00:00+01:00,198.1999969482422,200.5,197.60000610351562,200.0,199.6687469482422,397461,0.0,0.0
2022-09-13 00:00:00+01:00,204.5,204.5,197.39999389648438,197.39999389648438,197.07302856445312,578055,0.0,0.0
2022-09-14 00:00:00+01:00,199.0,199.0,192.8000030517578,192.8000030517578,192.48068237304688,350007,0.0,0.0
2022-09-15 00:00:00+01:00,193.0,194.0,191.0,192.60000610351562,192.281005859375,621221,0.0,0.0
2022-09-16 00:00:00+01:00,192.60000610351562,194.0,190.0,192.39999389648438,192.08132934570312,867374,0.0,0.0
2022-09-20 00:00:00+01:00,192.1999969482422,193.39999389648438,190.41099548339844,191.0,190.68362426757812,643053,0.0,0.0
2022-09-21 00:00:00+01:00,192.0,195.60000610351562,190.60000610351562,195.1999969482422,194.87669372558594,189187,0.0,0.0
2022-09-22 00:00:00+01:00,197.39999389648438,201.0,193.39999389648438,199.1999969482422,198.8700714111328,568494,0.0,0.0
2022-09-23 00:00:00+01:00,199.0,201.0,195.0,200.5,200.16793823242188,535427,0.0,0.0
2022-09-26 00:00:00+01:00,194.8000030517578,200.5,194.39999389648438,197.0,196.67372131347656,341402,0.0,0.0
2022-09-27 00:00:00+01:00,198.0,198.8780059814453,192.39999389648438,193.39999389648438,193.0796661376953,1670378,0.0,0.0
2022-09-28 00:00:00+01:00,191.0,195.8000030517578,191.0,194.8000030517578,194.4773712158203,705189,0.0,0.0
2022-09-29 00:00:00+01:00,192.60000610351562,195.0,191.0,192.60000610351562,192.281005859375,370778,0.0,0.0
2022-09-30 00:00:00+01:00,188.60000610351562,196.1999969482422,188.60000610351562,195.1999969482422,194.87669372558594,560572,0.0,0.0
2022-10-03 00:00:00+01:00,193.39999389648438,194.39999389648438,191.8000030517578,192.8000030517578,192.48068237304688,409216,0.0,0.0
2022-10-04 00:00:00+01:00,195.0,195.58099365234375,191.9199981689453,194.8000030517578,194.4773712158203,232234,0.0,0.0
2022-10-05 00:00:00+01:00,196.60000610351562,197.1999969482422,192.8000030517578,194.60000610351562,194.27769470214844,167823,0.0,0.0
2022-10-06 00:00:00+01:00,194.60000610351562,196.1199951171875,193.8000030517578,195.0,194.67701721191406,796719,0.0,0.0
2022-10-07 00:00:00+01:00,198.8000030517578,198.8000030517578,193.8000030517578,195.1999969482422,194.87669372558594,179347,0.0,0.0
2022-10-10 00:00:00+01:00,194.1999969482422,194.8000030517578,191.8000030517578,193.8000030517578,193.47900390625,405768,0.0,0.0
2022-10-11 00:00:00+01:00,192.8000030517578,193.39999389648438,191.8000030517578,192.60000610351562,192.281005859375,398240,0.0,0.0
2022-10-12 00:00:00+01:00,192.60000610351562,193.39999389648438,190.60000610351562,192.1999969482422,191.8816375732422,491433,0.0,0.0
2022-10-13 00:00:00+01:00,191.0,194.0,190.14999389648438,193.8000030517578,193.47900390625,338180,0.0,0.0
2022-10-14 00:00:00+01:00,195.0,196.55999755859375,191.60000610351562,192.60000610351562,192.281005859375,435087,0.0,0.0
2022-10-17 00:00:00+01:00,191.1999969482422,195.8000030517578,191.1999969482422,194.39999389648438,194.0780029296875,490854,0.0,0.0
2022-10-18 00:00:00+01:00,194.39999389648438,196.60000610351562,193.60000610351562,194.0,193.67868041992188,1127103,0.0,0.0
2022-10-19 00:00:00+01:00,194.39999389648438,195.60000610351562,191.0,192.0,191.68199157714844,329506,0.0,0.0
2022-10-20 00:00:00+01:00,188.39999389648438,194.8000030517578,184.60000610351562,186.8000030517578,186.52685546875,1607747,3.7300003,0.0
2022-10-21 00:00:00+01:00,186.1999969482422,193.1999969482422,185.00100708007812,193.0,192.7177734375,650887,0.0,0.0
2022-10-24 00:00:00+01:00,193.39999389648438,200.0,192.0,193.8000030517578,193.51661682128906,787739,0.0,0.0
2022-10-25 00:00:00+01:00,193.39999389648438,199.0,192.24000549316406,198.0,197.71044921875,416589,0.0,0.0
2022-10-26 00:00:00+01:00,197.60000610351562,200.5,192.156005859375,198.1999969482422,197.91015625,302673,0.0,0.0
2022-10-27 00:00:00+01:00,196.0,201.0,196.0,198.8000030517578,198.50926208496094,369219,0.0,0.0
2022-10-28 00:00:00+01:00,199.0,199.8000030517578,197.39999389648438,198.8000030517578,198.50926208496094,178607,0.0,0.0
2022-10-31 00:00:00+00:00,197.39999389648438,200.5,197.39999389648438,200.0,199.70753479003906,190536,0.0,0.0
2022-11-01 00:00:00+00:00,200.0,202.5,198.8000030517578,199.0,198.70899963378906,240527,0.0,0.0
2022-11-02 00:00:00+00:00,199.39999389648438,201.62399291992188,197.8000030517578,199.1999969482422,198.90869140625,499558,0.0,0.0
2022-11-03 00:00:00+00:00,197.8000030517578,199.1999969482422,194.4499969482422,197.60000610351562,197.31103515625,513966,0.0,0.0
2022-11-04 00:00:00+00:00,201.0,201.0,198.0,200.5,200.206787109375,225896,0.0,0.0
2022-11-07 00:00:00+00:00,200.5,203.5,199.9199981689453,201.0,200.7060546875,257072,0.0,0.0
2022-11-08 00:00:00+00:00,201.0,201.5,199.8000030517578,201.5,201.20533752441406,216587,0.0,0.0
2022-11-09 00:00:00+00:00,202.0,202.0,198.60000610351562,200.5,200.206787109375,356586,0.0,0.0
2022-11-10 00:00:00+00:00,202.0,205.5,200.0,204.5,204.20095825195312,281699,0.0,0.0
2022-11-11 00:00:00+00:00,207.0,208.0,202.0,204.0,203.70169067382812,478264,0.0,0.0
2022-11-14 00:00:00+00:00,202.0,206.0,202.0,206.0,205.6987762451172,178372,0.0,0.0
2022-11-15 00:00:00+00:00,206.5,208.5,203.0,205.0,204.70021057128906,144924,0.0,0.0
2022-11-16 00:00:00+00:00,200.0,206.0,200.0,205.5,205.19949340820312,219683,0.0,0.0
2022-11-17 00:00:00+00:00,207.0,207.0,203.0,204.5,204.20095825195312,224935,0.0,0.0
2022-11-18 00:00:00+00:00,205.0,210.0,204.0,210.0,209.69290161132812,473263,0.0,0.0
2022-11-21 00:00:00+00:00,209.0,212.0,208.3000030517578,210.0,209.69290161132812,931084,0.0,0.0
2022-11-22 00:00:00+00:00,208.5,212.0,208.0,210.0,209.69290161132812,248078,0.0,0.0
2022-11-23 00:00:00+00:00,215.0,215.0,210.0,212.5,212.18927001953125,283235,0.0,0.0
2022-11-24 00:00:00+00:00,208.0,214.0,208.0,213.5,213.1877899169922,134313,0.0,0.0
2022-11-25 00:00:00+00:00,211.0,213.5,209.5,210.5,210.1921844482422,205818,0.0,0.0
2022-11-28 00:00:00+00:00,211.0,211.0,207.5,209.0,208.6943817138672,146860,0.0,0.0
2022-11-29 00:00:00+00:00,208.5,210.0800018310547,207.5,208.0,207.6958465576172,144504,0.0,0.0
2022-11-30 00:00:00+00:00,209.0,210.5,205.78500366210938,207.0,206.6973114013672,654594,0.0,0.0
2022-12-01 00:00:00+00:00,207.5,210.5,206.5,210.5,210.1921844482422,288280,0.0,0.0
2022-12-02 00:00:00+00:00,210.0,213.0,209.5,211.0,210.69146728515625,199134,0.0,0.0
2022-12-05 00:00:00+00:00,214.5,218.5,210.5,211.5,211.1907196044922,175900,0.0,0.0
2022-12-06 00:00:00+00:00,212.0,215.0,211.0,212.0,211.6899871826172,128899,0.0,0.0
2022-12-07 00:00:00+00:00,214.0,215.0,206.0,212.5,212.18927001953125,406263,0.0,0.0
2022-12-08 00:00:00+00:00,213.0,217.5,209.5,211.5,211.1907196044922,225663,0.0,0.0
2022-12-09 00:00:00+00:00,212.0,215.97000122070312,212.0,214.0,213.6870574951172,181182,0.0,0.0
2022-12-12 00:00:00+00:00,217.5,217.5,208.5,211.0,210.69146728515625,272953,0.0,0.0
2022-12-13 00:00:00+00:00,212.5,215.5,210.5,212.5,212.18927001953125,339231,0.0,0.0
2022-12-14 00:00:00+00:00,211.5,216.0,210.0,215.5,215.1848907470703,348047,0.0,0.0
2022-12-15 00:00:00+00:00,217.0,220.0,214.5,217.0,216.6826629638672,314045,0.0,0.0
2022-12-16 00:00:00+00:00,218.0,218.0,213.0,215.0,214.68560791015625,1339636,0.0,0.0
2022-12-19 00:00:00+00:00,214.0,217.99600219726562,213.02999877929688,216.5,216.18341064453125,100758,0.0,0.0
2022-12-20 00:00:00+00:00,215.5,215.5,213.5,213.5,213.1877899169922,209719,0.0,0.0
2022-12-21 00:00:00+00:00,216.5,216.5,212.0,212.5,212.18927001953125,259902,0.0,0.0
2022-12-22 00:00:00+00:00,213.0,214.0,210.0,211.5,211.1907196044922,158825,0.0,0.0
2022-12-23 00:00:00+00:00,210.5,211.0,207.5,209.5,209.19363403320312,282768,0.0,0.0
2022-12-28 00:00:00+00:00,212.0,216.5,207.0,216.5,216.18341064453125,131059,0.0,0.0
2022-12-29 00:00:00+00:00,217.0,217.0,211.0,215.5,215.1848907470703,116953,0.0,0.0
2022-12-30 00:00:00+00:00,212.0,215.5,208.5,209.5,209.19363403320312,60926,0.0,0.0
2023-01-03 00:00:00+00:00,209.0,213.95899963378906,206.5749969482422,213.0,212.68853759765625,235154,0.0,0.0
2023-01-04 00:00:00+00:00,212.0,214.7899932861328,211.33999633789062,214.5,214.1863250732422,184181,0.0,0.0
2023-01-05 00:00:00+00:00,212.0,218.5,210.89999389648438,218.5,218.1804656982422,145182,0.0,0.0
2023-01-06 00:00:00+00:00,215.0,222.0,214.15499877929688,217.5,217.18194580078125,203515,0.0,0.0
2023-01-09 00:00:00+00:00,215.5,218.5,212.0,213.5,213.1877899169922,379201,0.0,0.0
2023-01-10 00:00:00+00:00,215.5,215.5,210.0,211.0,210.69146728515625,378821,0.0,0.0
2023-01-11 00:00:00+00:00,211.5,221.5,211.5,218.0,217.6811981201172,730451,0.0,0.0
2023-01-12 00:00:00+00:00,222.0,223.0,218.7469940185547,220.5,220.17755126953125,286915,0.0,0.0
2023-01-13 00:00:00+00:00,219.5,221.8699951171875,216.625,221.0,220.67681884765625,168533,0.0,0.0
2023-01-16 00:00:00+00:00,220.0,221.5,217.0,219.0,218.6797332763672,903485,0.0,0.0
2023-01-17 00:00:00+00:00,218.0,220.0,217.5,218.0,217.6811981201172,293872,0.0,0.0
2023-01-18 00:00:00+00:00,216.5,220.0,213.5,215.0,214.68560791015625,228470,0.0,0.0
2023-01-19 00:00:00+00:00,216.0,216.0,211.25,213.0,212.68853759765625,150103,0.0,0.0
2023-01-20 00:00:00+00:00,211.0,214.0,210.25100708007812,210.5,210.1921844482422,695806,0.0,0.0
2023-01-23 00:00:00+00:00,210.5,212.0,207.5,209.5,209.19363403320312,859820,0.0,0.0
2023-01-24 00:00:00+00:00,209.5,218.0,206.0,215.0,214.68560791015625,359219,0.0,0.0
2023-01-25 00:00:00+00:00,215.0,217.62399291992188,212.49899291992188,213.0,212.68853759765625,196251,0.0,0.0
2023-01-26 00:00:00+00:00,213.5,216.0,210.25100708007812,215.5,215.1848907470703,719763,0.0,0.0
2023-01-27 00:00:00+00:00,213.5,215.0,212.0,213.5,213.1877899169922,117105,0.0,0.0
2023-01-30 00:00:00+00:00,213.0,218.0,210.625,217.0,216.6826629638672,257073,0.0,0.0
2023-01-31 00:00:00+00:00,217.0,222.0,215.5,217.0,216.6826629638672,452700,0.0,0.0
2023-02-01 00:00:00+00:00,217.5,220.0,216.0,216.5,216.18341064453125,153054,0.0,0.0
2023-02-02 00:00:00+00:00,218.0,220.0,217.0,219.5,219.17901611328125,271382,0.0,0.0
2023-02-03 00:00:00+00:00,219.0,220.0,217.5,220.0,219.6782989501953,127505,0.0,0.0
2023-02-06 00:00:00+00:00,219.0,220.0,217.50599670410156,219.0,218.6797332763672,245981,0.0,0.0
2023-02-07 00:00:00+00:00,218.0,219.5,213.0,214.0,213.6870574951172,395458,0.0,0.0
2023-02-08 00:00:00+00:00,210.0,211.0,194.0,194.8000030517578,194.51513671875,2271663,0.0,0.0
2023-02-09 00:00:00+00:00,194.8000030517578,201.0,191.60000610351562,198.0,197.71044921875,1317270,0.0,0.0
2023-02-10 00:00:00+00:00,198.0,200.0,195.8000030517578,197.0,196.71192932128906,388658,0.0,0.0
2023-02-13 00:00:00+00:00,193.0,198.60000610351562,191.1999969482422,198.0,197.71044921875,400041,0.0,0.0
2023-02-14 00:00:00+00:00,193.1999969482422,198.0,191.83900451660156,193.39999389648438,193.11720275878906,291382,0.0,0.0
2023-02-15 00:00:00+00:00,191.0,192.39999389648438,187.1999969482422,188.39999389648438,188.12448120117188,2788404,0.0,0.0
2023-02-16 00:00:00+00:00,190.39999389648438,190.39999389648438,187.0,187.1999969482422,186.92625427246094,968831,0.0,0.0
2023-02-17 00:00:00+00:00,187.0,188.39999389648438,185.1699981689453,188.1999969482422,187.92478942871094,376088,0.0,0.0
2023-02-20 00:00:00+00:00,189.39999389648438,191.0,187.1479949951172,190.0,189.72216796875,3110420,0.0,0.0
2023-02-21 00:00:00+00:00,190.39999389648438,190.8000030517578,187.73199462890625,189.60000610351562,189.32272338867188,475045,0.0,0.0
2023-02-22 00:00:00+00:00,185.0,190.39999389648438,184.69000244140625,187.60000610351562,187.32568359375,462316,0.0,0.0
2023-02-23 00:00:00+00:00,189.39999389648438,189.39999389648438,186.39999389648438,187.39999389648438,187.12594604492188,367353,0.0,0.0
2023-02-24 00:00:00+00:00,187.0,188.78900146484375,184.99200439453125,186.8000030517578,186.52685546875,358943,0.0,0.0
2023-02-27 00:00:00+00:00,186.60000610351562,188.8000030517578,182.9320068359375,188.0,187.72508239746094,352535,0.0,0.0
2023-02-28 00:00:00+00:00,185.8000030517578,186.8000030517578,181.8000030517578,182.1999969482422,181.9335479736328,767601,0.0,0.0
2023-03-01 00:00:00+00:00,180.1999969482422,185.39999389648438,180.1999969482422,184.0,183.73094177246094,447316,0.0,0.0
2023-03-02 00:00:00+00:00,185.0,188.85000610351562,181.8000030517578,186.60000610351562,186.32713317871094,519979,0.0,0.0
2023-03-03 00:00:00+00:00,182.8000030517578,187.60000610351562,182.8000030517578,185.60000610351562,185.32861328125,328079,0.0,0.0
2023-03-06 00:00:00+00:00,182.0,186.60000610351562,182.0,183.0,182.73239135742188,976153,0.0,0.0
2023-03-07 00:00:00+00:00,182.39999389648438,184.8000030517578,181.8000030517578,182.1999969482422,181.9335479736328,683480,0.0,0.0
2023-03-08 00:00:00+00:00,181.1999969482422,183.0,180.0,183.0,182.73239135742188,393934,0.0,0.0
2023-03-09 00:00:00+00:00,180.0,181.8699951171875,178.4550018310547,180.0,179.76300048828125,403671,2.6699998,0.0
2023-03-10 00:00:00+00:00,179.0,181.0,176.39999389648438,181.0,180.76168823242188,499345,0.0,0.0
2023-03-13 00:00:00+00:00,178.60000610351562,181.1999969482422,175.8000030517578,175.8000030517578,175.5685272216797,695325,0.0,0.0
2023-03-14 00:00:00+00:00,177.0,179.0,174.72000122070312,178.8000030517578,178.5645751953125,476760,0.0,0.0
2023-03-15 00:00:00+00:00,178.8000030517578,178.8000030517578,174.1999969482422,177.0,176.76695251464844,580893,0.0,0.0
2023-03-16 00:00:00+00:00,177.39999389648438,181.27999877929688,175.60000610351562,180.39999389648438,180.1624755859375,666221,0.0,0.0
2023-03-17 00:00:00+00:00,179.0,181.39999389648438,171.60000610351562,171.60000610351562,171.37408447265625,3807127,0.0,0.0
2023-03-20 00:00:00+00:00,171.60000610351562,172.0,163.39999389648438,170.39999389648438,170.17564392089844,953372,0.0,0.0
2023-03-21 00:00:00+00:00,171.8000030517578,174.1999969482422,171.8000030517578,174.0,173.7709197998047,350353,0.0,0.0
2023-03-22 00:00:00+00:00,171.39999389648438,179.5,171.39999389648438,178.39999389648438,178.16510009765625,958312,0.0,0.0
2023-03-23 00:00:00+00:00,176.8000030517578,179.8000030517578,176.1199951171875,179.60000610351562,179.36354064941406,407665,0.0,0.0
2023-03-24 00:00:00+00:00,175.39999389648438,179.83999633789062,175.39999389648438,179.39999389648438,179.16378784179688,546784,0.0,0.0
2023-03-27 00:00:00+01:00,180.0,184.1999969482422,178.60000610351562,183.0,182.7590789794922,621040,0.0,0.0
2023-03-28 00:00:00+01:00,183.0,185.0,183.0,185.0,184.7564239501953,776872,0.0,0.0
2023-03-29 00:00:00+01:00,186.0,186.0,183.0,184.60000610351562,184.3569793701172,889630,0.0,0.0
2023-03-30 00:00:00+01:00,185.39999389648438,186.39999389648438,183.8000030517578,185.0,184.7564239501953,394683,0.0,0.0
2023-03-31 00:00:00+01:00,185.8000030517578,187.0,184.39999389648438,185.1999969482422,184.95616149902344,390606,0.0,0.0
2023-04-03 00:00:00+01:00,187.0,187.0,183.94700622558594,185.0,184.7564239501953,2358920,0.0,0.0
2023-04-04 00:00:00+01:00,186.0,188.39999389648438,186.0,188.0,187.75247192382812,1783950,0.0,0.0
2023-04-05 00:00:00+01:00,188.39999389648438,190.0,184.60000610351562,186.8000030517578,186.55406188964844,2936083,0.0,0.0
2023-04-06 00:00:00+01:00,186.8000030517578,187.8000030517578,185.0,186.39999389648438,186.15457153320312,465882,0.0,0.0
2023-04-11 00:00:00+01:00,186.39999389648438,188.0,185.8000030517578,187.60000610351562,187.35301208496094,1025277,0.0,0.0
2023-04-12 00:00:00+01:00,188.0,189.6490020751953,186.0,187.1999969482422,186.9535369873047,4332635,0.0,0.0
2023-04-13 00:00:00+01:00,183.0,196.60000610351562,183.0,194.1999969482422,193.94432067871094,859729,0.0,0.0
2023-04-14 00:00:00+01:00,195.0,199.0,191.26400756835938,198.0,197.7393035888672,692602,0.0,0.0
2023-04-17 00:00:00+01:00,198.1999969482422,202.0,195.63999938964844,201.0,200.73536682128906,1053465,0.0,0.0
2023-04-18 00:00:00+01:00,201.0,203.5,199.60000610351562,202.5,202.2333984375,1736587,0.0,0.0
2023-04-19 00:00:00+01:00,202.0,205.0,202.0,202.5,202.2333984375,740324,0.0,0.0
2023-04-20 00:00:00+01:00,198.0,203.0,198.0,200.5,200.23602294921875,304430,0.0,0.0
2023-04-21 00:00:00+01:00,200.5,204.0,198.1999969482422,202.5,202.2333984375,371051,0.0,0.0
2023-04-24 00:00:00+01:00,203.5,205.11000061035156,200.5,200.5,200.23602294921875,288729,0.0,0.0
2023-04-25 00:00:00+01:00,197.0,203.0,197.0,203.0,202.7327423095703,272067,0.0,0.0
2023-04-26 00:00:00+01:00,203.0,203.0,200.49400329589844,201.0,200.73536682128906,488073,0.0,0.0
2023-04-27 00:00:00+01:00,202.0,203.5,201.0,201.0,200.73536682128906,983592,0.0,0.0
2023-04-28 00:00:00+01:00,205.5,205.5,200.5,200.5,200.23602294921875,848980,0.0,0.0
2023-05-02 00:00:00+01:00,205.0,205.6699981689453,202.0,205.0,204.73008728027344,394107,0.0,0.0
2023-05-03 00:00:00+01:00,205.0,205.0,202.0,202.0,201.73403930664062,461107,0.0,0.0
2023-05-04 00:00:00+01:00,202.0,202.5,198.39999389648438,199.60000610351562,199.3372039794922,395603,0.0,0.0
2023-05-05 00:00:00+01:00,199.60000610351562,202.0,198.78700256347656,199.8000030517578,199.5369415283203,454585,0.0,0.0
2023-05-09 00:00:00+01:00,197.8000030517578,200.5,194.0,198.1999969482422,197.93907165527344,474927,0.0,0.0
2023-05-10 00:00:00+01:00,194.8000030517578,198.8000030517578,194.0,196.8000030517578,196.54087829589844,320463,0.0,0.0
2023-05-11 00:00:00+01:00,196.8000030517578,198.0,195.39999389648438,197.1999969482422,196.9403533935547,193890,0.0,0.0
2023-05-12 00:00:00+01:00,201.0,201.0,194.8000030517578,196.39999389648438,196.1414031982422,220925,0.0,0.0
2023-05-15 00:00:00+01:00,197.0,200.0,194.0,195.1999969482422,194.94297790527344,290787,0.0,0.0
2023-05-16 00:00:00+01:00,196.0,200.0,194.60000610351562,199.0,198.73800659179688,1068499,0.0,0.0
2023-05-17 00:00:00+01:00,195.60000610351562,199.8000030517578,195.60000610351562,197.39999389648438,197.1400909423828,147241,0.0,0.0
2023-05-18 00:00:00+01:00,198.0,200.5,196.9199981689453,199.8000030517578,199.5369415283203,552440,0.0,0.0
2023-05-19 00:00:00+01:00,200.5,200.5,196.39999389648438,197.1999969482422,196.9403533935547,288055,0.0,0.0
2023-05-22 00:00:00+01:00,197.60000610351562,198.39999389648438,194.60000610351562,197.0,196.74063110351562,114353,0.0,0.0
2023-05-23 00:00:00+01:00,197.0,197.60000610351562,195.8000030517578,196.8000030517578,196.54087829589844,353272,0.0,0.0
2023-05-24 00:00:00+01:00,196.0,199.0,194.0,195.8000030517578,195.5421905517578,249014,0.0,0.0
2023-05-25 00:00:00+01:00,196.8000030517578,197.8979949951172,191.0,191.8000030517578,191.5474853515625,222854,0.0,0.0
2023-05-26 00:00:00+01:00,192.8000030517578,192.8000030517578,189.0,192.60000610351562,192.346435546875,220186,0.0,0.0
2023-05-30 00:00:00+01:00,190.0,193.0,188.0,188.0,187.75247192382812,279038,0.0,0.0
2023-05-31 00:00:00+01:00,187.39999389648438,187.60000610351562,183.60000610351562,184.0,183.7577362060547,1071344,0.0,0.0
2023-06-01 00:00:00+01:00,184.39999389648438,187.8000030517578,183.1999969482422,185.0,184.7564239501953,757862,0.0,0.0
2023-06-02 00:00:00+01:00,187.0,191.0,184.8000030517578,190.8000030517578,190.54881286621094,320722,0.0,0.0
2023-06-05 00:00:00+01:00,190.39999389648438,194.0,189.1999969482422,190.1999969482422,189.94956970214844,408327,0.0,0.0
2023-06-06 00:00:00+01:00,190.1999969482422,195.1999969482422,190.1999969482422,192.39999389648438,192.1466827392578,221643,0.0,0.0
2023-06-07 00:00:00+01:00,190.0,192.0,186.8000030517578,187.8000030517578,187.552734375,180318,0.0,0.0
2023-06-08 00:00:00+01:00,187.8000030517578,189.8000030517578,185.8000030517578,187.39999389648438,187.15325927734375,143953,0.0,0.0
2023-06-09 00:00:00+01:00,183.1999969482422,188.39999389648438,183.1999969482422,188.0,187.75247192382812,167300,0.0,0.0
2023-06-12 00:00:00+01:00,189.0,189.8000030517578,187.60000610351562,188.0,187.75247192382812,133832,0.0,0.0
2023-06-13 00:00:00+01:00,190.0,190.0,187.0019989013672,187.60000610351562,187.35301208496094,393346,0.0,0.0
2023-06-14 00:00:00+01:00,188.39999389648438,189.0,184.8000030517578,187.0,186.7537841796875,457546,0.0,0.0
2023-06-15 00:00:00+01:00,187.60000610351562,188.60000610351562,179.60000610351562,180.60000610351562,180.36221313476562,1233561,0.0,0.0
2023-06-16 00:00:00+01:00,179.0,181.8000030517578,175.8000030517578,176.8000030517578,176.56723022460938,1198822,0.0,0.0
2023-06-19 00:00:00+01:00,174.0,178.0,171.94700622558594,177.0,176.76695251464844,1543241,0.0,0.0
2023-06-20 00:00:00+01:00,176.8000030517578,177.60000610351562,175.60000610351562,176.1999969482422,175.96800231933594,279172,0.0,0.0
2023-06-21 00:00:00+01:00,177.0,177.0,174.5279998779297,175.0,174.7696075439453,450661,0.0,0.0
2023-06-22 00:00:00+01:00,174.0,175.1999969482422,172.0,175.0,174.7696075439453,211541,0.0,0.0
2023-06-23 00:00:00+01:00,174.60000610351562,177.0,174.39999389648438,175.8000030517578,175.5685272216797,482563,0.0,0.0
2023-06-26 00:00:00+01:00,176.1999969482422,177.0,173.39999389648438,175.0,174.7696075439453,654629,0.0,0.0
2023-06-27 00:00:00+01:00,170.0,171.197998046875,162.1999969482422,163.1999969482422,162.98513793945312,2182089,0.0,0.0
2023-06-28 00:00:00+01:00,162.39999389648438,164.0,161.8000030517578,163.60000610351562,163.3845977783203,881647,0.0,0.0
2023-06-29 00:00:00+01:00,161.1999969482422,164.0,161.1999969482422,161.8000030517578,161.5869598388672,408382,0.0,0.0
2023-06-30 00:00:00+01:00,160.0,163.8000030517578,160.0,162.0,161.78671264648438,452572,0.0,0.0
2023-07-03 00:00:00+01:00,160.0,162.94000244140625,160.0,160.8000030517578,160.58828735351562,396389,0.0,0.0
2023-07-04 00:00:00+01:00,160.60000610351562,161.60000610351562,158.72000122070312,160.60000610351562,160.3885498046875,251136,0.0,0.0
2023-07-05 00:00:00+01:00,159.8000030517578,161.1999969482422,158.44000244140625,158.60000610351562,158.3911895751953,508257,0.0,0.0
2023-07-06 00:00:00+01:00,158.0,158.0,155.60000610351562,157.39999389648438,157.19276428222656,757894,0.0,0.0
2023-07-07 00:00:00+01:00,156.60000610351562,158.1999969482422,152.66799926757812,155.60000610351562,155.3951416015625,295610,0.0,0.0
2023-07-10 00:00:00+01:00,155.39999389648438,157.60000610351562,155.39999389648438,157.39999389648438,157.19276428222656,289429,0.0,0.0
2023-07-11 00:00:00+01:00,156.8000030517578,158.0,154.60000610351562,155.39999389648438,155.1953887939453,324101,0.0,0.0
2023-07-12 00:00:00+01:00,153.39999389648438,159.1999969482422,153.39999389648438,159.1999969482422,158.99038696289062,438013,0.0,0.0
2023-07-13 00:00:00+01:00,159.0,162.39999389648438,157.9199981689453,162.0,161.78671264648438,435401,0.0,0.0
2023-07-14 00:00:00+01:00,161.60000610351562,162.39999389648438,160.8000030517578,162.1999969482422,161.9864501953125,371825,0.0,0.0
2023-07-17 00:00:00+01:00,162.60000610351562,163.39999389648438,161.8000030517578,161.8000030517578,161.5869598388672,175398,0.0,0.0
2023-07-18 00:00:00+01:00,161.8000030517578,162.8000030517578,161.39999389648438,162.60000610351562,162.3859405517578,326064,0.0,0.0
2023-07-19 00:00:00+01:00,163.60000610351562,168.60000610351562,163.32000732421875,167.60000610351562,167.3793487548828,486126,0.0,0.0
2023-07-20 00:00:00+01:00,164.60000610351562,168.60000610351562,164.60000610351562,168.60000610351562,168.37802124023438,244664,0.0,0.0
2023-07-21 00:00:00+01:00,167.60000610351562,168.8000030517578,165.0,165.0,164.78277587890625,157427,0.0,0.0
2023-07-24 00:00:00+01:00,165.1999969482422,165.1999969482422,163.60000610351562,164.39999389648438,164.1835479736328,279519,0.0,0.0
2023-07-25 00:00:00+01:00,164.39999389648438,168.1999969482422,162.92799377441406,167.39999389648438,167.17958068847656,210951,0.0,0.0
2023-07-26 00:00:00+01:00,168.0,168.0,164.60000610351562,167.39999389648438,167.17958068847656,87063,0.0,0.0
2023-07-27 00:00:00+01:00,168.0,169.60000610351562,167.0,168.0,167.77880859375,417540,0.0,0.0
2023-07-28 00:00:00+01:00,168.8000030517578,169.39999389648438,166.5679931640625,168.1999969482422,167.97853088378906,198819,0.0,0.0
2023-07-31 00:00:00+01:00,165.0,169.0,165.0,165.8000030517578,165.5817108154297,121610,0.0,0.0
2023-08-01 00:00:00+01:00,165.0,166.8000030517578,164.39999389648438,165.0,164.78277587890625,190286,0.0,0.0
2023-08-02 00:00:00+01:00,164.8000030517578,164.8000030517578,161.0,162.0,161.78671264648438,216982,0.0,0.0
2023-08-03 00:00:00+01:00,161.8000030517578,162.8000030517578,160.0,162.0,161.78671264648438,302331,0.0,0.0
2023-08-04 00:00:00+01:00,161.1999969482422,162.60000610351562,159.78399658203125,162.60000610351562,162.3859405517578,168153,0.0,0.0
2023-08-07 00:00:00+01:00,159.0,163.39999389648438,157.60000610351562,163.0,162.78538513183594,277994,0.0,0.0
2023-08-08 00:00:00+01:00,162.8000030517578,164.0,160.39999389648438,162.0,161.78671264648438,280489,0.0,0.0
2023-08-09 00:00:00+01:00,161.0,164.39999389648438,160.15199279785156,164.0,163.7840576171875,151356,0.0,0.0
2023-08-10 00:00:00+01:00,164.0,166.0,163.67999267578125,166.0,165.7814483642578,128924,0.0,0.0
2023-08-11 00:00:00+01:00,165.0,168.1999969482422,164.9600067138672,167.60000610351562,167.3793487548828,442406,0.0,0.0
2023-08-14 00:00:00+01:00,164.60000610351562,166.60000610351562,163.8000030517578,164.60000610351562,164.38330078125,409869,0.0,0.0
2023-08-15 00:00:00+01:00,163.8000030517578,164.0,160.47999572753906,162.1999969482422,161.9864501953125,168418,0.0,0.0
2023-08-16 00:00:00+01:00,162.60000610351562,162.60000610351562,160.8000030517578,160.8000030517578,160.58828735351562,133856,0.0,0.0
2023-08-17 00:00:00+01:00,159.0,160.60000610351562,157.1999969482422,159.0,158.79066467285156,136993,0.0,0.0
2023-08-18 00:00:00+01:00,158.39999389648438,159.0,156.39999389648438,158.1999969482422,157.99171447753906,326442,0.0,0.0
2023-08-21 00:00:00+01:00,156.8000030517578,159.8000030517578,155.0,155.1999969482422,154.99566650390625,204971,0.0,0.0
2023-08-22 00:00:00+01:00,156.0,157.0,153.1999969482422,153.8000030517578,153.59751892089844,170226,0.0,0.0
2023-08-23 00:00:00+01:00,153.8000030517578,158.1999969482422,153.60000610351562,158.0,157.79197692871094,333427,0.0,0.0
2023-08-24 00:00:00+01:00,157.1999969482422,159.6320037841797,157.1999969482422,158.8000030517578,158.59092712402344,234553,0.0,0.0
2023-08-25 00:00:00+01:00,159.0,159.1999969482422,157.1999969482422,157.8000030517578,157.5922393798828,330305,0.0,0.0
2023-08-29 00:00:00+01:00,157.8000030517578,162.60000610351562,157.0,162.60000610351562,162.3859405517578,281804,0.0,0.0
2023-08-30 00:00:00+01:00,161.39999389648438,163.8000030517578,161.39999389648438,163.60000610351562,163.3845977783203,237983,0.0,0.0
2023-08-31 00:00:00+01:00,162.39999389648438,163.60000610351562,158.60000610351562,158.60000610351562,158.3911895751953,1304225,0.0,0.0
2023-09-01 00:00:00+01:00,157.0,160.39999389648438,157.0,160.1999969482422,159.9890899658203,478914,0.0,0.0
2023-09-04 00:00:00+01:00,158.60000610351562,160.0,157.0,157.0,156.79327392578125,167311,0.0,0.0
2023-09-05 00:00:00+01:00,156.39999389648438,157.0,154.81700134277344,156.8000030517578,156.5935516357422,262870,0.0,0.0
2023-09-06 00:00:00+01:00,153.39999389648438,157.8000030517578,153.0,157.39999389648438,157.19276428222656,345287,0.0,0.0
2023-09-07 00:00:00+01:00,155.60000610351562,157.39599609375,154.39999389648438,156.0,155.79461669921875,357977,0.0,0.0
2023-09-08 00:00:00+01:00,155.8000030517578,156.99899291992188,155.0,156.1999969482422,155.99435424804688,326931,0.0,0.0
2023-09-11 00:00:00+01:00,157.0,158.0,155.82000732421875,157.60000610351562,157.3925018310547,116720,0.0,0.0
2023-09-12 00:00:00+01:00,158.0,160.0,156.7519989013672,159.1999969482422,158.99038696289062,1907285,0.0,0.0
2023-09-13 00:00:00+01:00,159.0,161.1999969482422,158.39999389648438,160.60000610351562,160.3885498046875,374714,0.0,0.0
2023-09-14 00:00:00+01:00,159.8000030517578,164.8000030517578,159.8000030517578,164.8000030517578,164.5830078125,584378,0.0,0.0
2023-09-15 00:00:00+01:00,165.0,167.8000030517578,165.0,166.60000610351562,166.3806610107422,803516,0.0,0.0
2023-09-18 00:00:00+01:00,166.0,167.0,164.0,164.0,163.7840576171875,539370,0.0,0.0
2023-09-19 00:00:00+01:00,164.0,164.8000030517578,161.0,162.0,161.78671264648438,292691,0.0,0.0
2023-09-20 00:00:00+01:00,163.0,165.60000610351562,162.39999389648438,162.39999389648438,162.18617248535156,852031,0.0,0.0
2023-09-21 00:00:00+01:00,160.1999969482422,162.8000030517578,159.39999389648438,161.0,160.7880401611328,275101,0.0,0.0
2023-09-22 00:00:00+01:00,161.0,161.60000610351562,159.8000030517578,160.60000610351562,160.3885498046875,444875,0.0,0.0
2023-09-25 00:00:00+01:00,158.1999969482422,164.1999969482422,158.1999969482422,160.0,159.78933715820312,273620,0.0,0.0
2023-09-26 00:00:00+01:00,163.0,163.0,151.72999572753906,151.8000030517578,151.60012817382812,741699,0.0,0.0
2023-09-27 00:00:00+01:00,152.39999389648438,154.65699768066406,149.60000610351562,151.0,150.8011932373047,372988,0.0,0.0
2023-09-28 00:00:00+01:00,148.8000030517578,150.8000030517578,145.8000030517578,146.60000610351562,146.40699768066406,401338,0.0,0.0
2023-09-29 00:00:00+01:00,146.8000030517578,147.1999969482422,141.60000610351562,141.60000610351562,141.41357421875,649703,0.0,0.0
2023-10-02 00:00:00+01:00,144.39999389648438,144.39999389648438,138.8000030517578,140.0,139.81565856933594,835107,0.0,0.0
2023-10-03 00:00:00+01:00,139.60000610351562,140.4759979248047,138.8000030517578,139.8000030517578,139.61593627929688,613646,0.0,0.0
2023-10-04 00:00:00+01:00,138.0,140.39999389648438,135.60000610351562,136.60000610351562,136.42015075683594,729706,0.0,0.0
2023-10-05 00:00:00+01:00,137.60000610351562,139.39999389648438,136.0,136.60000610351562,136.42015075683594,360578,0.0,0.0
2023-10-06 00:00:00+01:00,137.39999389648438,137.9739990234375,134.39999389648438,136.8000030517578,136.61990356445312,539914,0.0,0.0
2023-10-09 00:00:00+01:00,137.0,137.0,135.1999969482422,135.1999969482422,135.02198791503906,561789,0.0,0.0
2023-10-10 00:00:00+01:00,137.0,140.6719970703125,136.0,139.39999389648438,139.21646118164062,2446254,0.0,0.0
2023-10-11 00:00:00+01:00,137.0,142.39999389648438,137.0,138.8000030517578,138.61724853515625,343091,0.0,0.0
2023-10-12 00:00:00+01:00,139.1999969482422,141.60000610351562,138.33599853515625,139.1999969482422,139.0167236328125,885168,0.0,0.0
2023-10-13 00:00:00+01:00,139.39999389648438,141.60000610351562,136.9199981689453,141.39999389648438,141.21383666992188,1093043,0.0,0.0
2023-10-16 00:00:00+01:00,142.0,142.8000030517578,136.1999969482422,137.39999389648438,137.2191162109375,2560442,0.0,0.0
2023-10-17 00:00:00+01:00,137.0,141.0,136.63499450683594,140.0,139.81565856933594,914915,0.0,0.0
2023-10-18 00:00:00+01:00,138.8000030517578,141.8000030517578,138.06900024414062,139.60000610351562,139.4162139892578,248183,0.0,0.0
2023-10-19 00:00:00+01:00,137.0,139.8000030517578,135.0,136.1999969482422,136.02069091796875,1099179,0.0,0.0
2023-10-20 00:00:00+01:00,135.1999969482422,136.1999969482422,130.8000030517578,135.0,134.822265625,1584410,0.0,0.0
2023-10-23 00:00:00+01:00,135.1999969482422,137.39199829101562,134.0,135.0,134.822265625,260168,0.0,0.0
2023-10-24 00:00:00+01:00,137.8000030517578,137.8000030517578,130.1999969482422,131.1999969482422,131.0272674560547,259237,0.0,0.0
2023-10-25 00:00:00+01:00,131.39999389648438,133.60000610351562,129.39999389648438,130.8000030517578,130.62777709960938,411817,0.0,0.0
2023-10-26 00:00:00+01:00,130.8000030517578,130.8000030517578,125.5999984741211,125.5999984741211,125.43463897705078,766518,0.0,0.0
2023-10-27 00:00:00+01:00,125.80000305175781,129.1999969482422,124.4000015258789,126.4000015258789,126.23358154296875,782528,0.0,0.0
2023-10-30 00:00:00+00:00,128.0,132.60000610351562,127.51599884033203,131.1999969482422,131.0272674560547,265616,0.0,0.0
2023-10-31 00:00:00+00:00,134.39999389648438,136.1999969482422,131.0,133.8000030517578,133.62384033203125,1186588,0.0,0.0
2023-11-01 00:00:00+00:00,136.8000030517578,137.0,132.0,133.60000610351562,133.42410278320312,687249,0.0,0.0
2023-11-02 00:00:00+00:00,132.0,134.8000030517578,130.1999969482422,133.0,132.8619842529297,1397609,3.7300003,0.0
2023-11-03 00:00:00+00:00,136.1999969482422,138.1999969482422,133.0,133.1999969482422,133.06178283691406,390628,0.0,0.0
2023-11-06 00:00:00+00:00,133.1999969482422,138.1999969482422,129.8000030517578,132.39999389648438,132.26260375976562,392663,0.0,0.0
2023-11-07 00:00:00+00:00,131.39999389648438,133.8000030517578,131.1999969482422,133.39999389648438,133.26156616210938,581728,0.0,0.0
2023-11-08 00:00:00+00:00,135.60000610351562,136.19200134277344,132.39999389648438,134.60000610351562,134.4603271484375,922289,0.0,0.0
2023-11-09 00:00:00+00:00,136.60000610351562,137.60000610351562,133.8000030517578,135.1999969482422,135.05967712402344,271023,0.0,0.0
2023-11-10 00:00:00+00:00,135.0,135.8000030517578,133.0,135.8000030517578,135.65908813476562,201650,0.0,0.0
2023-11-13 00:00:00+00:00,135.0,138.0,133.1999969482422,135.39999389648438,135.25949096679688,245183,0.0,0.0
2023-11-14 00:00:00+00:00,135.60000610351562,140.1999969482422,134.8000030517578,140.0,139.85472106933594,301966,0.0,0.0
2023-11-15 00:00:00+00:00,142.60000610351562,144.1999969482422,136.60000610351562,137.0,136.8578338623047,589293,0.0,0.0
2023-11-16 00:00:00+00:00,134.39999389648438,139.39999389648438,134.0,135.60000610351562,135.4592742919922,4290455,0.0,0.0
2023-11-17 00:00:00+00:00,136.0,139.39999389648438,135.3000030517578,138.60000610351562,138.4561767578125,212645,0.0,0.0
2023-11-20 00:00:00+00:00,136.1999969482422,141.8000030517578,136.11399841308594,136.60000610351562,136.45826721191406,278636,0.0,0.0
2023-11-21 00:00:00+00:00,138.60000610351562,138.8000030517578,136.60000610351562,137.0,136.8578338623047,161840,0.0,0.0
2023-11-22 00:00:00+00:00,140.0,142.1999969482422,135.8000030517578,138.0,137.85679626464844,248640,0.0,0.0
2023-11-23 00:00:00+00:00,139.39999389648438,143.1999969482422,138.0,143.1999969482422,143.05140686035156,574550,0.0,0.0
2023-11-24 00:00:00+00:00,142.8000030517578,144.39999389648438,142.0,144.39999389648438,144.25015258789062,402605,0.0,0.0
2023-11-27 00:00:00+00:00,144.8000030517578,148.60000610351562,142.8000030517578,144.1999969482422,144.0503387451172,216394,0.0,0.0
2023-11-28 00:00:00+00:00,144.0,147.0,142.60000610351562,146.1999969482422,146.04827880859375,512025,0.0,0.0
2023-11-29 00:00:00+00:00,143.8000030517578,146.60000610351562,143.8000030517578,145.39999389648438,145.2490997314453,216534,0.0,0.0
2023-11-30 00:00:00+00:00,148.0,148.0,145.1999969482422,146.0,145.84849548339844,756368,0.0,0.0
2023-12-01 00:00:00+00:00,146.8000030517578,148.1999969482422,145.85400390625,147.1999969482422,147.04725646972656,280402,0.0,0.0
2023-12-04 00:00:00+00:00,150.60000610351562,151.0,147.1999969482422,149.0,148.84539794921875,449809,0.0,0.0
2023-12-05 00:00:00+00:00,152.60000610351562,152.60000610351562,146.60000610351562,146.8000030517578,146.6476593017578,546634,0.0,0.0
2023-12-06 00:00:00+00:00,150.1999969482422,150.39999389648438,144.39999389648438,144.60000610351562,144.44993591308594,219896,0.0,0.0
2023-12-07 00:00:00+00:00,144.1999969482422,148.0,144.1999969482422,147.1999969482422,147.04725646972656,254358,0.0,0.0
2023-12-08 00:00:00+00:00,150.60000610351562,151.1999969482422,147.99600219726562,148.1999969482422,148.0462188720703,283823,0.0,0.0
2023-12-11 00:00:00+00:00,146.1999969482422,150.1999969482422,143.0,143.39999389648438,143.2511749267578,258045,0.0,0.0
2023-12-12 00:00:00+00:00,146.8000030517578,146.8000030517578,140.39999389648438,141.0,140.85369873046875,255420,0.0,0.0
2023-12-13 00:00:00+00:00,144.0,146.8000030517578,139.87100219726562,146.1999969482422,146.04827880859375,625094,0.0,0.0
2023-12-14 00:00:00+00:00,149.39999389648438,152.0,147.8000030517578,150.0,149.84434509277344,707205,0.0,0.0
2023-12-15 00:00:00+00:00,150.1999969482422,156.39999389648438,149.0,156.39999389648438,156.23768615722656,1078809,0.0,0.0
2023-12-18 00:00:00+00:00,159.0,159.0,152.60000610351562,153.1999969482422,153.041015625,1289165,0.0,0.0
2023-12-19 00:00:00+00:00,156.8000030517578,156.8000030517578,153.1999969482422,154.39999389648438,154.23976135253906,575965,0.0,0.0
2023-12-20 00:00:00+00:00,158.0,158.0,152.8000030517578,155.0,154.8391571044922,621772,0.0,0.0
2023-12-21 00:00:00+00:00,153.39999389648438,155.60000610351562,153.39999389648438,154.1999969482422,154.03997802734375,206268,0.0,0.0
2023-12-22 00:00:00+00:00,154.60000610351562,155.60000610351562,152.39999389648438,152.39999389648438,152.24185180664062,55732,0.0,0.0
2023-12-27 00:00:00+00:00,153.0,154.39999389648438,150.39999389648438,150.39999389648438,150.24392700195312,131480,0.0,0.0
2023-12-28 00:00:00+00:00,151.1999969482422,153.0,148.0,152.39999389648438,152.24185180664062,281900,0.0,0.0
2023-12-29 00:00:00+00:00,150.60000610351562,153.39999389648438,150.60000610351562,153.1999969482422,153.041015625,86872,0.0,0.0
2024-01-02 00:00:00+00:00,151.0,155.1999969482422,148.1999969482422,149.0,148.84539794921875,275609,0.0,0.0
2024-01-03 00:00:00+00:00,150.8000030517578,153.0,146.39999389648438,148.1999969482422,148.0462188720703,170620,0.0,0.0
2024-01-04 00:00:00+00:00,147.1999969482422,151.1999969482422,146.677001953125,150.39999389648438,150.24392700195312,229808,0.0,0.0
2024-01-05 00:00:00+00:00,149.39999389648438,151.60000610351562,148.1999969482422,151.0,150.84332275390625,205596,0.0,0.0
2024-01-08 00:00:00+00:00,152.0,153.78199768066406,149.36000061035156,153.0,152.84121704101562,394535,0.0,0.0
2024-01-09 00:00:00+00:00,153.1999969482422,153.1999969482422,147.0,147.0,146.84744262695312,790098,0.0,0.0
2024-01-10 00:00:00+00:00,148.60000610351562,148.8000030517578,144.39999389648438,146.1999969482422,146.04827880859375,151306,0.0,0.0
2024-01-11 00:00:00+00:00,149.0,149.0,142.8000030517578,142.8000030517578,142.65184020996094,161332,0.0,0.0
2024-01-12 00:00:00+00:00,143.39999389648438,147.60000610351562,142.8000030517578,145.60000610351562,145.44891357421875,2216346,0.0,0.0
2024-01-15 00:00:00+00:00,146.1999969482422,147.4980010986328,143.8000030517578,146.0,145.84849548339844,282292,0.0,0.0
2024-01-16 00:00:00+00:00,146.0,146.0,142.59100341796875,143.0,142.8516082763672,147934,0.0,0.0
2024-01-17 00:00:00+00:00,140.0,143.8000030517578,138.39999389648438,140.0,139.85472106933594,228642,0.0,0.0
2024-01-18 00:00:00+00:00,141.39999389648438,141.39999389648438,138.39999389648438,138.39999389648438,138.25637817382812,223559,0.0,0.0
2024-01-19 00:00:00+00:00,136.1999969482422,140.1999969482422,134.8000030517578,135.60000610351562,135.4592742919922,408639,0.0,0.0
2024-01-22 00:00:00+00:00,138.8000030517578,138.8000030517578,134.39999389648438,137.0,136.8578338623047,228646,0.0,0.0
2024-01-23 00:00:00+00:00,135.39999389648438,139.60000610351562,133.39999389648438,138.60000610351562,138.4561767578125,404017,0.0,0.0
2024-01-24 00:00:00+00:00,137.8000030517578,138.60000610351562,134.1999969482422,137.8000030517578,137.65699768066406,142562,0.0,0.0
2024-01-25 00:00:00+00:00,133.0,139.39999389648438,133.0,136.39999389648438,136.25843811035156,338892,0.0,0.0
2024-01-26 00:00:00+00:00,135.0,139.0,134.60000610351562,136.39999389648438,136.25843811035156,422619,0.0,0.0
2024-01-29 00:00:00+00:00,134.0,137.0,133.9949951171875,136.60000610351562,136.45826721191406,513703,0.0,0.0
2024-01-30 00:00:00+00:00,137.1999969482422,137.1999969482422,134.60000610351562,135.8000030517578,135.65908813476562,360590,0.0,0.0
2024-01-31 00:00:00+00:00,134.8000030517578,136.1999969482422,133.0,133.8000030517578,133.66114807128906,304420,0.0,0.0
2024-02-01 00:00:00+00:00,133.0,133.63900756835938,130.1999969482422,130.1999969482422,130.0648956298828,317503,0.0,0.0
2024-02-02 00:00:00+00:00,130.0,130.60000610351562,128.0,129.1999969482422,129.06593322753906,339832,0.0,0.0
2024-02-05 00:00:00+00:00,128.1999969482422,137.0,124.19999694824219,125.0,124.87028503417969,934152,0.0,0.0
2024-02-06 00:00:00+00:00,125.19999694824219,128.0,124.0,128.0,127.86717224121094,960161,0.0,0.0
2024-02-07 00:00:00+00:00,118.0,120.0,101.5999984741211,107.0,106.88896179199219,4152040,0.0,0.0
2024-02-08 00:00:00+00:00,105.0,110.19999694824219,100.5999984741211,100.5999984741211,100.49561309814453,1675354,0.0,0.0
2024-02-09 00:00:00+00:00,102.0,102.5999984741211,97.0,99.69999694824219,99.59652709960938,2891736,0.0,0.0
2024-02-12 00:00:00+00:00,99.30000305175781,105.0,99.0,101.80000305175781,101.69436645507812,1025429,0.0,0.0
2024-02-13 00:00:00+00:00,100.0,103.19999694824219,100.0,101.80000305175781,101.69436645507812,954272,0.0,0.0
2024-02-14 00:00:00+00:00,104.0,104.0,99.49500274658203,100.0,99.89622497558594,3419685,0.0,0.0
2024-02-15 00:00:00+00:00,102.4000015258789,102.5999984741211,99.5,100.5999984741211,100.49561309814453,377212,0.0,0.0
2024-02-16 00:00:00+00:00,100.5999984741211,102.5979995727539,98.23400115966797,100.4000015258789,100.29582214355469,313467,0.0,0.0
2024-02-19 00:00:00+00:00,100.19999694824219,102.0,99.10399627685547,100.0,99.89622497558594,544958,0.0,0.0
2024-02-20 00:00:00+00:00,100.80000305175781,101.80000305175781,99.0,100.19999694824219,100.09601593017578,2654723,0.0,0.0
2024-02-21 00:00:00+00:00,102.80000305175781,103.0,99.95999908447266,103.0,102.89311981201172,1016920,0.0,0.0
2024-02-22 00:00:00+00:00,100.4000015258789,102.5999984741211,98.81999969482422,100.4000015258789,100.29582214355469,2103719,0.0,0.0
2024-02-23 00:00:00+00:00,99.0,100.5999984741211,97.19999694824219,100.19999694824219,100.09601593017578,724011,0.0,0.0
2024-02-26 00:00:00+00:00,100.80000305175781,102.19999694824219,98.9000015258789,100.4000015258789,100.29582214355469,884898,0.0,0.0
2024-02-27 00:00:00+00:00,99.0,101.19999694824219,99.0,100.80000305175781,100.69539642333984,1748113,0.0,0.0
2024-02-28 00:00:00+00:00,101.0,103.0,98.5999984741211,99.0,98.89727020263672,1760919,0.0,0.0
2024-02-29 00:00:00+00:00,98.69999694824219,103.0,98.5999984741211,100.0,99.89622497558594,1347047,0.0,0.0
2024-03-01 00:00:00+00:00,101.4000015258789,102.5999984741211,100.0,101.80000305175781,101.69436645507812,1821139,0.0,0.0
2024-03-04 00:00:00+00:00,100.80000305175781,102.80000305175781,96.0,97.5,97.3988265991211,7313421,0.0,0.0
2024-03-05 00:00:00+00:00,96.80000305175781,98.19999694824219,94.20099639892578,96.0999984741211,96.00027465820312,751083,0.0,0.0
2024-03-06 00:00:00+00:00,96.0999984741211,99.6989974975586,94.75,97.19999694824219,97.09912872314453,1777094,0.0,0.0
2024-03-07 00:00:00+00:00,95.30000305175781,98.30000305175781,93.5,96.19999694824219,96.11499786376953,781439,1.5,0.0
2024-03-08 00:00:00+00:00,95.4000015258789,97.19999694824219,93.5999984741211,95.0,94.91606140136719,1665829,0.0,0.0
2024-03-11 00:00:00+00:00,94.0,96.19999694824219,94.0,95.0,94.91606140136719,1691824,0.0,0.0
2024-03-12 00:00:00+00:00,95.0,95.9000015258789,89.0,89.0,88.9213638305664,1328300,0.0,0.0
2024-03-13 00:00:00+00:00,89.0,92.4000015258789,88.4530029296875,90.4000015258789,90.32012939453125,1514712,0.0,0.0
2024-03-14 00:00:00+00:00,89.5999984741211,91.69999694824219,88.5,88.5,88.42180633544922,1568182,0.0,0.0
2024-03-15 00:00:00+00:00,88.0999984741211,91.0,86.19999694824219,86.19999694824219,86.12384033203125,2294776,0.0,0.0
2024-03-18 00:00:00+00:00,86.19999694824219,89.4000015258789,85.19999694824219,89.19999694824219,89.12118530273438,2019679,0.0,0.0
2024-03-19 00:00:00+00:00,87.80000305175781,89.9000015258789,86.69999694824219,87.0,86.92313385009766,573918,0.0,0.0
2024-03-20 00:00:00+00:00,88.0,88.80000305175781,84.69999694824219,85.30000305175781,85.22463989257812,1243367,0.0,0.0
2024-03-21 00:00:00+00:00,87.30000305175781,88.5,85.69999694824219,87.5,87.42269134521484,703084,0.0,0.0
2024-03-22 00:00:00+00:00,86.0,88.5,84.80000305175781,85.4000015258789,85.32455444335938,585948,0.0,0.0
2024-03-25 00:00:00+00:00,85.19999694824219,90.0,84.9000015258789,88.4000015258789,88.3218994140625,797423,0.0,0.0
2024-03-26 00:00:00+00:00,89.0,90.0,87.63800048828125,90.0,89.92047882080078,680890,0.0,0.0
2024-03-27 00:00:00+00:00,89.80000305175781,90.9000015258789,89.30000305175781,90.9000015258789,90.81968688964844,611946,0.0,0.0
2024-03-28 00:00:00+00:00,90.9000015258789,91.4000015258789,89.19999694824219,89.69999694824219,89.6207504272461,790649,0.0,0.0
2024-04-02 00:00:00+01:00,91.5999984741211,92.5999984741211,89.13099670410156,89.5999984741211,89.52083587646484,690289,0.0,0.0
2024-04-03 00:00:00+01:00,89.19999694824219,90.5999984741211,87.0999984741211,88.0999984741211,88.02216339111328,794799,0.0,0.0
2024-04-04 00:00:00+01:00,89.30000305175781,89.69999694824219,87.69999694824219,88.30000305175781,88.22198486328125,611006,0.0,0.0
2024-04-05 00:00:00+01:00,89.4000015258789,89.5,85.5999984741211,86.30000305175781,86.22374725341797,767750,0.0,0.0
2024-04-08 00:00:00+01:00,86.4000015258789,88.19999694824219,85.5999984741211,87.0999984741211,87.02304077148438,489805,0.0,0.0
2024-04-09 00:00:00+01:00,87.5,89.0,86.5,86.5,86.42357635498047,496253,0.0,0.0
2024-04-10 00:00:00+01:00,87.4000015258789,88.9000015258789,85.0,85.5,85.42445373535156,1204720,0.0,0.0
2024-04-11 00:00:00+01:00,85.5,86.0999984741211,84.5,86.0,85.92401885986328,1330527,0.0,0.0
2024-04-12 00:00:00+01:00,87.0,88.0,85.5,86.0,85.92401885986328,1712010,0.0,0.0
2024-04-15 00:00:00+01:00,85.5999984741211,86.60800170898438,83.4000015258789,85.4000015258789,85.32455444335938,870852,0.0,0.0
2024-04-16 00:00:00+01:00,84.19999694824219,86.08499908447266,81.5,82.9000015258789,82.8267593383789,1396407,0.0,0.0
2024-04-17 00:00:00+01:00,82.9000015258789,85.9000015258789,81.87300109863281,84.9000015258789,84.82498931884766,422901,0.0,0.0
2024-04-18 00:00:00+01:00,85.0,88.19999694824219,84.5,88.19999694824219,88.12207794189453,1193377,0.0,0.0
2024-04-19 00:00:00+01:00,88.5,90.30000305175781,86.4000015258789,90.30000305175781,90.22022247314453,340770,0.0,0.0
2024-04-22 00:00:00+01:00,89.4000015258789,94.5,89.37100219726562,94.5,94.41650390625,2119150,0.0,0.0
2024-04-23 00:00:00+01:00,95.0,95.80000305175781,92.60299682617188,94.5999984741211,94.51641845703125,1248376,0.0,0.0
2024-04-24 00:00:00+01:00,96.5,101.5999984741211,96.5,101.0,100.91075897216797,2539795,0.0,0.0
2024-04-25 00:00:00+01:00,99.5,104.0,99.27100372314453,101.80000305175781,101.71005249023438,1189648,0.0,0.0
2024-04-26 00:00:00+01:00,100.80000305175781,104.19999694824219,100.19999694824219,101.5999984741211,101.5102310180664,866005,0.0,0.0
2024-04-29 00:00:00+01:00,101.0,104.5999984741211,101.0,104.0,103.9081039428711,618981,0.0,0.0
2024-04-30 00:00:00+01:00,103.4000015258789,106.40399932861328,101.4000015258789,102.0,101.90988159179688,1512806,0.0,0.0
2024-05-01 00:00:00+01:00,100.4000015258789,104.5999984741211,100.4000015258789,102.80000305175781,102.70918273925781,587322,0.0,0.0
2024-05-02 00:00:00+01:00,104.5999984741211,105.19999694824219,102.0,103.80000305175781,103.70829010009766,670417,0.0,0.0
2024-05-03 00:00:00+01:00,102.0,106.19999694824219,101.19999694824219,105.19999694824219,105.1070556640625,783104,0.0,0.0
2024-05-07 00:00:00+01:00,103.0,106.0,101.4000015258789,101.4000015258789,101.31040954589844,492968,0.0,0.0
2024-05-08 00:00:00+01:00,102.19999694824219,104.0,100.19999694824219,102.19999694824219,102.10970306396484,763802,0.0,0.0
2024-05-09 00:00:00+01:00,104.5999984741211,106.5999984741211,102.80000305175781,105.5999984741211,105.50669860839844,520983,0.0,0.0
2024-05-10 00:00:00+01:00,107.19999694824219,108.0,104.4000015258789,105.4000015258789,105.306884765625,380269,0.0,0.0
2024-05-13 00:00:00+01:00,105.80000305175781,107.19999694824219,105.0,106.0,105.90634155273438,410506,0.0,0.0
2024-05-14 00:00:00+01:00,106.0,108.4000015258789,105.19999694824219,108.4000015258789,108.30422973632812,628691,0.0,0.0
2024-05-15 00:00:00+01:00,109.0,110.0,106.5999984741211,108.19999694824219,108.1043930053711,695213,0.0,0.0
2024-05-16 00:00:00+01:00,108.5999984741211,111.19999694824219,108.5999984741211,111.19999694824219,111.10174560546875,400013,0.0,0.0
2024-05-17 00:00:00+01:00,112.0,113.4000015258789,108.6969985961914,113.19999694824219,113.09998321533203,865349,0.0,0.0
2024-05-20 00:00:00+01:00,112.4000015258789,115.80000305175781,111.19999694824219,114.0,113.89927673339844,973515,0.0,0.0
2024-05-21 00:00:00+01:00,111.80000305175781,116.0,111.4000015258789,114.5999984741211,114.49874877929688,567214,0.0,0.0
2024-05-22 00:00:00+01:00,114.0,115.5999984741211,110.4000015258789,111.80000305175781,111.70122528076172,634329,0.0,0.0
2024-05-23 00:00:00+01:00,110.19999694824219,112.5999984741211,109.5999984741211,109.5999984741211,109.50316619873047,324897,0.0,0.0
2024-05-24 00:00:00+01:00,109.0,112.19999694824219,106.5999984741211,111.0,110.90193176269531,1459816,0.0,0.0
2024-05-28 00:00:00+01:00,110.0,118.19999694824219,110.0,117.19999694824219,117.0964584350586,955542,0.0,0.0
2024-05-29 00:00:00+01:00,115.5999984741211,118.00800323486328,114.4000015258789,114.4000015258789,114.29891967773438,431639,0.0,0.0
2024-05-30 00:00:00+01:00,117.0,117.0,108.19999694824219,109.0,108.90370178222656,885527,0.0,0.0
2024-05-31 00:00:00+01:00,111.5999984741211,112.80000305175781,109.0,110.4000015258789,110.30245971679688,676362,0.0,0.0
2024-06-03 00:00:00+01:00,108.5999984741211,113.9010009765625,108.5999984741211,112.5999984741211,112.5005111694336,311940,0.0,0.0
2024-06-04 00:00:00+01:00,112.0,113.66200256347656,112.0,113.0,112.90015411376953,343088,0.0,0.0
2024-06-05 00:00:00+01:00,115.4000015258789,115.4000015258789,110.0,110.5999984741211,110.50228118896484,702396,0.0,0.0
2024-06-06 00:00:00+01:00,112.19999694824219,112.19999694824219,108.73999786376953,110.0,109.90281677246094,253535,0.0,0.0
2024-06-07 00:00:00+01:00,111.19999694824219,111.4000015258789,107.80000305175781,107.80000305175781,107.70476531982422,279002,0.0,0.0
2024-06-10 00:00:00+01:00,106.4000015258789,109.19999694824219,104.4000015258789,106.19999694824219,106.10617065429688,487039,0.0,0.0
2024-06-11 00:00:00+01:00,107.19999694824219,107.19999694824219,104.4000015258789,104.4000015258789,104.30775451660156,339212,0.0,0.0
2024-06-12 00:00:00+01:00,106.80000305175781,106.80000305175781,102.0,104.0,103.9081039428711,1826200,0.0,0.0
2024-06-13 00:00:00+01:00,102.4000015258789,104.80000305175781,101.0,101.0,100.91075897216797,512666,0.0,0.0
2024-06-14 00:00:00+01:00,102.0,103.19999694824219,99.4000015258789,101.19999694824219,101.11058044433594,550157,0.0,0.0
2024-06-17 00:00:00+01:00,103.4000015258789,103.4000015258789,99.30000305175781,100.80000305175781,100.7109375,486600,0.0,0.0
2024-06-18 00:00:00+01:00,103.0,103.5999984741211,100.5999984741211,101.80000305175781,101.71005249023438,488342,0.0,0.0
2024-06-19 00:00:00+01:00,100.19999694824219,103.75299835205078,99.0999984741211,102.5999984741211,102.50934600830078,485145,0.0,0.0
2024-06-20 00:00:00+01:00,105.0,105.4000015258789,102.5999984741211,103.80000305175781,103.70829010009766,318468,0.0,0.0
2024-06-21 00:00:00+01:00,104.0,105.19999694824219,100.80000305175781,100.80000305175781,100.7109375,1206346,0.0,0.0
2024-06-24 00:00:00+01:00,103.0,104.64299774169922,101.8270034790039,104.5999984741211,104.50758361816406,218215,0.0,0.0
2024-06-25 00:00:00+01:00,104.19999694824219,104.80000305175781,100.5999984741211,100.5999984741211,100.51111602783203,288667,0.0,0.0
2024-06-26 00:00:00+01:00,102.0,103.0,98.5,100.80000305175781,100.7109375,635671,0.0,0.0
2024-06-27 00:00:00+01:00,100.80000305175781,103.19999694824219,99.0999984741211,99.0999984741211,99.012451171875,381994,0.0,0.0
2024-06-28 00:00:00+01:00,100.0,101.5999984741211,98.19999694824219,98.80000305175781,98.71270751953125,544850,0.0,0.0
2024-07-01 00:00:00+01:00,99.4000015258789,102.4000015258789,97.5,100.80000305175781,100.7109375,300129,0.0,0.0
2024-07-02 00:00:00+01:00,100.4000015258789,103.5999984741211,99.76799774169922,101.0,100.91075897216797,196837,0.0,0.0
2024-07-03 00:00:00+01:00,101.4000015258789,103.0,100.19999694824219,103.0,102.90899658203125,383483,0.0,0.0
2024-07-04 00:00:00+01:00,100.19999694824219,104.5999984741211,100.19999694824219,101.5999984741211,101.5102310180664,221413,0.0,0.0
2024-07-05 00:00:00+01:00,101.0,104.80000305175781,101.0,103.4000015258789,103.30863952636719,416443,0.0,0.0
2024-07-08 00:00:00+01:00,101.5999984741211,104.5999984741211,101.0,103.0,102.90899658203125,344580,0.0,0.0
2024-07-09 00:00:00+01:00,102.5999984741211,104.4000015258789,100.5999984741211,102.19999694824219,102.10970306396484,847355,0.0,0.0
2024-07-10 00:00:00+01:00,100.5999984741211,104.80000305175781,100.5999984741211,104.5999984741211,104.50758361816406,263034,0.0,0.0
2024-07-11 00:00:00+01:00,106.5999984741211,108.0,103.4000015258789,106.19999694824219,106.10617065429688,309137,0.0,0.0
2024-07-12 00:00:00+01:00,103.80000305175781,108.0,103.80000305175781,104.19999694824219,104.1079330444336,421048,0.0,0.0
2024-07-15 00:00:00+01:00,106.5999984741211,106.80000305175781,101.06400299072266,103.0,102.90899658203125,272755,0.0,0.0
2024-07-16 00:00:00+01:00,104.19999694824219,104.5999984741211,100.4000015258789,103.19999694824219,103.10881042480469,441532,0.0,0.0
2024-07-17 00:00:00+01:00,104.0,105.5999984741211,102.0,105.5999984741211,105.50669860839844,916186,0.0,0.0
2024-07-18 00:00:00+01:00,104.0,107.70999908447266,104.0,107.4000015258789,107.30511474609375,306567,0.0,0.0
2024-07-19 00:00:00+01:00,106.0,106.19999694824219,103.0,103.0,102.90899658203125,186490,0.0,0.0
2024-07-22 00:00:00+01:00,102.4000015258789,105.19999694824219,101.80000305175781,103.0,102.90899658203125,302457,0.0,0.0
2024-07-23 00:00:00+01:00,105.0,105.4530029296875,102.19999694824219,105.19999694824219,105.1070556640625,311884,0.0,0.0
2024-07-24 00:00:00+01:00,107.0,107.4000015258789,104.80000305175781,104.80000305175781,104.7074203491211,674564,0.0,0.0
2024-07-25 00:00:00+01:00,104.5999984741211,106.4000015258789,103.4000015258789,106.19999694824219,106.10617065429688,474380,0.0,0.0
2024-07-26 00:00:00+01:00,103.5999984741211,107.5999984741211,103.5999984741211,107.19999694824219,107.10528564453125,1017939,0.0,0.0
2024-07-29 00:00:00+01:00,107.4000015258789,110.2249984741211,105.80000305175781,107.0,106.90546417236328,541696,0.0,0.0
2024-07-30 00:00:00+01:00,106.80000305175781,107.8479995727539,105.30799865722656,107.0,106.90546417236328,333149,0.0,0.0
2024-07-31 00:00:00+01:00,108.0,108.80000305175781,105.5999984741211,105.80000305175781,105.70652770996094,311125,0.0,0.0
2024-08-01 00:00:00+01:00,106.19999694824219,108.0719985961914,103.0,104.0,103.9081039428711,485366,0.0,0.0
2024-08-02 00:00:00+01:00,106.5999984741211,106.5999984741211,101.0,101.0,100.91075897216797,475732,0.0,0.0
2024-08-05 00:00:00+01:00,99.30000305175781,101.83999633789062,97.37200164794922,99.5,99.41209411621094,622882,0.0,0.0
2024-08-06 00:00:00+01:00,99.9000015258789,101.80000305175781,98.552001953125,99.30000305175781,99.21227264404297,461420,0.0,0.0
2024-08-07 00:00:00+01:00,99.4000015258789,102.4000015258789,98.69999694824219,101.0,100.91075897216797,286032,0.0,0.0
2024-08-08 00:00:00+01:00,102.0,102.0,98.5,100.80000305175781,100.7109375,479642,0.0,0.0
2024-08-09 00:00:00+01:00,101.19999694824219,104.5999984741211,100.552001953125,103.19999694824219,103.10881042480469,124729,0.0,0.0
2024-08-12 00:00:00+01:00,103.5999984741211,104.4000015258789,102.26200103759766,102.5999984741211,102.50934600830078,176226,0.0,0.0
2024-08-13 00:00:00+01:00,101.0,103.46199798583984,101.0,102.80000305175781,102.70918273925781,178863,0.0,0.0
2024-08-14 00:00:00+01:00,105.0,106.0,102.19999694824219,102.19999694824219,102.10970306396484,166042,0.0,0.0
2024-08-15 00:00:00+01:00,102.80000305175781,104.5999984741211,102.23400115966797,103.80000305175781,103.70829010009766,228369,0.0,0.0
2024-08-16 00:00:00+01:00,103.4000015258789,104.80000305175781,103.0,103.80000305175781,103.70829010009766,165678,0.0,0.0
2024-08-19 00:00:00+01:00,104.0,105.0,103.5999984741211,104.5999984741211,104.50758361816406,178831,0.0,0.0
2024-08-20 00:00:00+01:00,104.19999694824219,105.0,100.80000305175781,101.4000015258789,101.31040954589844,257468,0.0,0.0
2024-08-21 00:00:00+01:00,103.4000015258789,104.0,100.19999694824219,102.4000015258789,102.30952453613281,392048,0.0,0.0
2024-08-22 00:00:00+01:00,101.80000305175781,103.54000091552734,101.44999694824219,101.80000305175781,101.71005249023438,259523,0.0,0.0
2024-08-23 00:00:00+01:00,100.4000015258789,103.19999694824219,100.19999694824219,103.0,102.90899658203125,163181,0.0,0.0
2024-08-27 00:00:00+01:00,102.0,104.80000305175781,102.0,103.0,102.90899658203125,264962,0.0,0.0
2024-08-28 00:00:00+01:00,103.0,104.5999984741211,102.0,103.0,102.90899658203125,370815,0.0,0.0
2024-08-29 00:00:00+01:00,103.80000305175781,104.0,101.63999938964844,102.4000015258789,102.30952453613281,356261,0.0,0.0
2024-08-30 00:00:00+01:00,101.0,103.0,101.0,102.4000015258789,102.30952453613281,408624,0.0,0.0
2024-09-02 00:00:00+01:00,104.0,104.0,101.19999694824219,102.4000015258789,102.30952453613281,126245,0.0,0.0
2024-09-03 00:00:00+01:00,102.19999694824219,102.80000305175781,100.80000305175781,101.80000305175781,101.71005249023438,290769,0.0,0.0
2024-09-04 00:00:00+01:00,99.4000015258789,103.08000183105469,99.4000015258789,103.0,102.90899658203125,538746,0.0,0.0
2024-09-05 00:00:00+01:00,101.4000015258789,105.0,100.19999694824219,103.4000015258789,103.30863952636719,195993,0.0,0.0
2024-09-06 00:00:00+01:00,103.0,104.4000015258789,100.4000015258789,100.4000015258789,100.31129455566406,179960,0.0,0.0
2024-09-09 00:00:00+01:00,101.0,103.80000305175781,100.19999694824219,103.80000305175781,103.70829010009766,314866,0.0,0.0
2024-09-10 00:00:00+01:00,105.0,105.0,102.19999694824219,102.19999694824219,102.10970306396484,722134,0.0,0.0
2024-09-11 00:00:00+01:00,104.5999984741211,104.80000305175781,101.4000015258789,101.5999984741211,101.5102310180664,197407,0.0,0.0
2024-09-12 00:00:00+01:00,102.19999694824219,102.5999984741211,101.0,101.4000015258789,101.31040954589844,173683,0.0,0.0
2024-09-13 00:00:00+01:00,101.0,103.19999694824219,101.0,102.80000305175781,102.70918273925781,170415,0.0,0.0
2024-09-16 00:00:00+01:00,103.19999694824219,103.39900207519531,101.0,102.0,101.90988159179688,244087,0.0,0.0
2024-09-17 00:00:00+01:00,102.5999984741211,104.0,101.48500061035156,103.19999694824219,103.10881042480469,717208,0.0,0.0
2024-09-18 00:00:00+01:00,102.0,102.0,85.0,87.5,87.42269134521484,2839918,0.0,0.0
2024-09-19 00:00:00+01:00,87.19999694824219,94.50399780273438,86.9000015258789,92.0,91.91870880126953,1853351,0.0,0.0
2024-09-20 00:00:00+01:00,90.80000305175781,93.34200286865234,88.40599822998047,90.80000305175781,90.71977996826172,1658021,0.0,0.0
2024-09-23 00:00:00+01:00,89.19999694824219,93.05000305175781,89.19999694824219,90.0999984741211,90.02039337158203,1069613,0.0,0.0
2024-09-24 00:00:00+01:00,90.5,93.0,90.0999984741211,91.4000015258789,91.3192367553711,316481,0.0,0.0
2024-09-25 00:00:00+01:00,91.9000015258789,92.80000305175781,89.4000015258789,90.0,89.92047882080078,863579,0.0,0.0
2024-09-26 00:00:00+01:00,91.5,94.4000015258789,90.0,94.4000015258789,94.31660461425781,695795,0.0,0.0
2024-09-27 00:00:00+01:00,94.0,97.65599822998047,93.0,97.5,97.41385650634766,918254,0.0,0.0
2024-09-30 00:00:00+01:00,97.0999984741211,98.5,95.4000015258789,96.4000015258789,96.31482696533203,320348,0.0,0.0
2024-10-01 00:00:00+01:00,98.0,98.0,93.37899780273438,93.5999984741211,93.51730346679688,369055,0.0,0.0
2024-10-02 00:00:00+01:00,93.19999694824219,95.69999694824219,90.30000305175781,91.5,91.41915893554688,417329,0.0,0.0
2024-10-03 00:00:00+01:00,92.0,94.30000305175781,89.5999984741211,91.0999984741211,91.0195083618164,301406,0.0,0.0
2024-10-04 00:00:00+01:00,92.19999694824219,93.0,91.0,91.5,91.41915893554688,471875,0.0,0.0
2024-10-07 00:00:00+01:00,90.5,93.4000015258789,89.80000305175781,92.19999694824219,92.1185302734375,438681,0.0,0.0
2024-10-08 00:00:00+01:00,93.30000305175781,93.30000305175781,90.30000305175781,90.80000305175781,90.71977996826172,312900,0.0,0.0
2024-10-09 00:00:00+01:00,92.80000305175781,93.5,90.5,90.5,90.42003631591797,425490,0.0,0.0
2024-10-10 00:00:00+01:00,90.5999984741211,92.5,89.4000015258789,89.69999694824219,89.6207504272461,312892,0.0,0.0
2024-10-11 00:00:00+01:00,88.0,92.19999694824219,86.9000015258789,90.0,89.92047882080078,401611,0.0,0.0
2024-10-14 00:00:00+01:00,89.30000305175781,90.80000305175781,87.19999694824219,90.5999984741211,90.51995086669922,307444,0.0,0.0
2024-10-15 00:00:00+01:00,91.19999694824219,91.19999694824219,88.5999984741211,90.0,89.92047882080078,334859,0.0,0.0
2024-10-16 00:00:00+01:00,91.30000305175781,91.5,90.0,90.0,89.92047882080078,364888,0.0,0.0
2024-10-17 00:00:00+01:00,90.5,92.5,88.0999984741211,89.5999984741211,89.52083587646484,367338,0.0,0.0
2024-10-18 00:00:00+01:00,88.0,91.5,88.0,88.9000015258789,88.82145690917969,947101,0.0,0.0
2024-10-21 00:00:00+01:00,89.5,90.4000015258789,87.5,88.0999984741211,88.02216339111328,640449,0.0,0.0
2024-10-22 00:00:00+01:00,87.5,88.69999694824219,86.4000015258789,86.4000015258789,86.32366943359375,500251,0.0,0.0
2024-10-23 00:00:00+01:00,86.30000305175781,88.19100189208984,84.69999694824219,85.69999694824219,85.624267578125,411752,0.0,0.0
2024-10-24 00:00:00+01:00,86.80000305175781,86.80000305175781,85.69999694824219,86.19999694824219,86.12384033203125,524838,0.0,0.0
2024-10-25 00:00:00+01:00,85.5,88.19999694824219,85.0999984741211,87.0999984741211,87.02304077148438,614735,0.0,0.0
2024-10-28 00:00:00+00:00,86.0,87.5999984741211,85.69999694824219,85.9000015258789,85.82410430908203,313528,0.0,0.0
2024-10-29 00:00:00+00:00,86.0,86.67900085449219,84.9000015258789,86.30000305175781,86.22374725341797,803700,0.0,0.0
2024-10-30 00:00:00+00:00,86.0,87.5999984741211,84.9000015258789,86.19999694824219,86.12384033203125,1848758,0.0,0.0
2024-10-31 00:00:00+00:00,82.9000015258789,85.5,80.19999694824219,81.0,80.94815826416016,741604,2.1,0.0
2024-11-01 00:00:00+00:00,80.9000015258789,82.0999984741211,79.49500274658203,81.80000305175781,81.74764251708984,682813,0.0,0.0
2024-11-04 00:00:00+00:00,81.4000015258789,83.0719985961914,80.80000305175781,82.5,82.44719696044922,563349,0.0,0.0
2024-11-05 00:00:00+00:00,82.30000305175781,83.9000015258789,81.0999984741211,81.4000015258789,81.347900390625,524100,0.0,0.0
2024-11-06 00:00:00+00:00,83.0,83.30000305175781,78.9000015258789,78.9000015258789,78.84949493408203,794864,0.0,0.0
2024-11-07 00:00:00+00:00,78.5,81.19999694824219,78.5,80.5,80.44847106933594,376911,0.0,0.0
2024-11-08 00:00:00+00:00,82.4000015258789,82.4000015258789,78.30000305175781,78.30000305175781,78.2498779296875,340669,0.0,0.0
2024-11-11 00:00:00+00:00,80.19999694824219,81.0,78.19999694824219,79.9000015258789,79.84886169433594,394025,0.0,0.0
2024-11-12 00:00:00+00:00,78.0999984741211,80.5999984741211,77.80000305175781,79.5999984741211,79.5490493774414,816238,0.0,0.0
2024-11-13 00:00:00+00:00,81.5,81.5,76.30000305175781,77.4000015258789,77.35045623779297,751577,0.0,0.0
2024-11-14 00:00:00+00:00,77.4000015258789,79.5,77.4000015258789,78.5,78.44975280761719,330317,0.0,0.0
2024-11-15 00:00:00+00:00,77.0,79.97599792480469,77.0,77.9000015258789,77.85014343261719,545132,0.0,0.0
2024-11-18 00:00:00+00:00,79.0,79.80000305175781,77.80000305175781,79.4000015258789,79.34918212890625,718145,0.0,0.0
2024-11-19 00:00:00+00:00,81.30000305175781,81.4000015258789,77.9000015258789,78.4000015258789,78.34982299804688,679728,0.0,0.0
2024-11-20 00:00:00+00:00,79.80000305175781,79.9000015258789,76.4000015258789,76.9000015258789,76.85077667236328,380027,0.0,0.0
2024-11-21 00:00:00+00:00,76.0999984741211,79.4000015258789,75.30000305175781,78.5,78.44975280761719,610055,0.0,0.0
2024-11-22 00:00:00+00:00,78.5,82.0,78.30000305175781,80.80000305175781,80.74828338623047,657441,0.0,0.0
2024-11-25 00:00:00+00:00,79.30000305175781,83.4000015258789,79.30000305175781,82.5,82.44719696044922,727902,0.0,0.0
2024-11-26 00:00:00+00:00,81.80000305175781,84.5,81.4000015258789,82.0,81.947509765625,521177,0.0,0.0
2024-11-27 00:00:00+00:00,82.5,83.4000015258789,79.69999694824219,79.80000305175781,79.7489242553711,468223,0.0,0.0
2024-11-28 00:00:00+00:00,78.30000305175781,80.90899658203125,77.80000305175781,79.80000305175781,79.7489242553711,291950,0.0,0.0
2024-11-29 00:00:00+00:00,81.69999694824219,81.69999694824219,78.9000015258789,79.5,79.44911193847656,281183,0.0,0.0
2024-12-02 00:00:00+00:00,79.19999694824219,80.9000015258789,77.71499633789062,80.30000305175781,80.24860382080078,249848,0.0,0.0
2024-12-03 00:00:00+00:00,82.0,83.5999984741211,80.5,82.0,81.947509765625,717500,0.0,0.0
2024-12-04 00:00:00+00:00,83.9000015258789,84.79000091552734,80.69999694824219,84.0999984741211,84.04617309570312,868431,0.0,0.0
2024-12-05 00:00:00+00:00,85.0,85.4000015258789,83.51799774169922,83.80000305175781,83.74636840820312,610071,0.0,0.0
2024-12-06 00:00:00+00:00,85.4000015258789,88.94599914550781,83.4000015258789,85.5999984741211,85.54520416259766,1078486,0.0,0.0
2024-12-09 00:00:00+00:00,86.19999694824219,89.71199798583984,83.9000015258789,89.4000015258789,89.34278106689453,463765,0.0,0.0
2024-12-10 00:00:00+00:00,90.0,91.19999694824219,87.0999984741211,88.19999694824219,88.14353942871094,770687,0.0,0.0
2024-12-11 00:00:00+00:00,87.5999984741211,89.9000015258789,86.0999984741211,86.69999694824219,86.64450073242188,179223,0.0,0.0
2024-12-12 00:00:00+00:00,84.5999984741211,87.99500274658203,84.5999984741211,86.80000305175781,86.74443817138672,656261,0.0,0.0
2024-12-13 00:00:00+00:00,86.0999984741211,87.30000305175781,84.9000015258789,85.30000305175781,85.24540710449219,324881,0.0,0.0
2024-12-16 00:00:00+00:00,85.19999694824219,86.9000015258789,82.9000015258789,84.0,83.94623565673828,427199,0.0,0.0
2024-12-17 00:00:00+00:00,85.9000015258789,85.9000015258789,82.30000305175781,84.19999694824219,84.1460952758789,260735,0.0,0.0
2024-12-18 00:00:00+00:00,85.5999984741211,85.80000305175781,83.0250015258789,84.0999984741211,84.04617309570312,549108,0.0,0.0
2024-12-19 00:00:00+00:00,82.30000305175781,83.69999694824219,81.0,82.0999984741211,82.04744720458984,779100,0.0,0.0
2024-12-20 00:00:00+00:00,80.0999984741211,82.80000305175781,80.0,80.0,79.94879150390625,6756800,0.0,0.0
2024-12-23 00:00:00+00:00,80.5,81.9000015258789,79.19999694824219,79.30000305175781,79.2492446899414,545111,0.0,0.0
2024-12-24 00:00:00+00:00,81.19999694824219,81.19999694824219,79.30000305175781,79.30000305175781,79.2492446899414,252108,0.0,0.0
2024-12-27 00:00:00+00:00,80.0,81.75800323486328,79.30000305175781,80.4000015258789,80.34854125976562,354128,0.0,0.0
2024-12-30 00:00:00+00:00,82.4000015258789,82.9000015258789,80.5999984741211,81.4000015258789,81.347900390625,596893,0.0,0.0
2024-12-31 00:00:00+00:00,81.69999694824219,82.65299987792969,80.30000305175781,81.5999984741211,81.54777526855469,183382,0.0,0.0
2025-01-02 00:00:00+00:00,83.0,84.9000015258789,82.30000305175781,84.4000015258789,84.34597778320312,571215,0.0,0.0
2025-01-03 00:00:00+00:00,84.5,86.0,82.80000305175781,83.0,82.9468765258789,280750,0.0,0.0
2025-01-06 00:00:00+00:00,85.0,85.0,80.0,80.0,79.94879150390625,534124,0.0,0.0
2025-01-07 00:00:00+00:00,79.5,81.5,78.19999694824219,79.0,78.9494400024414,612526,0.0,0.0
2025-01-08 00:00:00+00:00,78.4000015258789,80.4000015258789,76.0999984741211,79.80000305175781,79.7489242553711,1028776,0.0,0.0
2025-01-09 00:00:00+00:00,79.5,80.1989974975586,77.9000015258789,78.19999694824219,78.14994812011719,382123,0.0,0.0
2025-01-10 00:00:00+00:00,78.0,79.9000015258789,75.5,75.5,75.45167541503906,784077,0.0,0.0
2025-01-13 00:00:00+00:00,75.5999984741211,77.0999984741211,74.5,75.0,74.95198822021484,501877,0.0,0.0
2025-01-14 00:00:00+00:00,75.0,76.50299835205078,75.0,76.30000305175781,76.25115966796875,470014,0.0,0.0
2025-01-15 00:00:00+00:00,77.69999694824219,79.60700225830078,77.0,79.0,78.9494400024414,875768,0.0,0.0
2025-01-16 00:00:00+00:00,79.4000015258789,80.0,78.19999694824219,78.5,78.44975280761719,430921,0.0,0.0
2025-01-17 00:00:00+00:00,78.80000305175781,81.75599670410156,78.4000015258789,80.5999984741211,80.54840850830078,618915,0.0,0.0
2025-01-20 00:00:00+00:00,81.19999694824219,83.0,79.80000305175781,80.80000305175781,80.74828338623047,610137,0.0,0.0
2025-01-21 00:00:00+00:00,82.5,82.5999984741211,80.0,81.30000305175781,81.24796295166016,371055,0.0,0.0
2025-01-22 00:00:00+00:00,80.0,82.35199737548828,78.9000015258789,79.30000305175781,79.2492446899414,314999,0.0,0.0
2025-01-23 00:00:00+00:00,78.0,79.69999694824219,77.5999984741211,78.5,78.44975280761719,587777,0.0,0.0
2025-01-24 00:00:00+00:00,78.5,80.98999786376953,78.4000015258789,78.4000015258789,78.34982299804688,391858,0.0,0.0
2025-01-27 00:00:00+00:00,77.80000305175781,80.9000015258789,76.9000015258789,79.5999984741211,79.5490493774414,493818,0.0,0.0
2025-01-28 00:00:00+00:00,79.0999984741211,83.0999984741211,79.0999984741211,80.5,80.44847106933594,521025,0.0,0.0
2025-01-29 00:00:00+00:00,79.4000015258789,82.30000305175781,78.5999984741211,78.5999984741211,78.54969024658203,270838,0.0,0.0
2025-01-30 00:00:00+00:00,79.0,80.30000305175781,77.0999984741211,78.69999694824219,78.64962005615234,420909,0.0,0.0
2025-01-31 00:00:00+00:00,78.69999694824219,79.4000015258789,77.0,78.4000015258789,78.34982299804688,533808,0.0,0.0
2025-02-03 00:00:00+00:00,76.80000305175781,80.53700256347656,76.68699645996094,80.30000305175781,80.24860382080078,534612,0.0,0.0
2025-02-04 00:00:00+00:00,78.5,80.5999984741211,78.5,79.4000015258789,79.34918212890625,435924,0.0,0.0
2025-02-05 00:00:00+00:00,78.80000305175781,80.4000015258789,77.5999984741211,78.19999694824219,78.14994812011719,333185,0.0,0.0
2025-02-06 00:00:00+00:00,76.5,80.78399658203125,76.5,80.0,79.94879150390625,682410,0.0,0.0
2025-02-07 00:00:00+00:00,78.5999984741211,80.38099670410156,77.80000305175781,78.0,77.9500732421875,792074,0.0,0.0
2025-02-10 00:00:00+00:00,79.0,80.4000015258789,77.62699890136719,79.4000015258789,79.34918212890625,744629,0.0,0.0
2025-02-11 00:00:00+00:00,81.30000305175781,91.69999694824219,80.13999938964844,83.69999694824219,83.64642333984375,1834831,0.0,0.0
2025-02-12 00:00:00+00:00,84.0,87.61499786376953,83.0,86.5999984741211,86.54456329345703,938246,0.0,0.0
2025-02-13 00:00:00+00:00,86.0999984741211,87.61000061035156,84.69999694824219,86.5,86.44463348388672,606896,0.0,0.0
2025-02-14 00:00:00+00:00,85.30000305175781,87.5,85.1780014038086,86.9000015258789,86.8443832397461,484348,0.0,0.0
2025-02-17 00:00:00+00:00,86.30000305175781,87.19999694824219,85.69999694824219,86.69999694824219,86.64450073242188,387015,0.0,0.0
2025-02-18 00:00:00+00:00,88.80000305175781,88.80000305175781,85.30000305175781,86.5,86.44463348388672,510354,0.0,0.0
2025-02-19 00:00:00+00:00,86.5999984741211,86.9000015258789,83.19999694824219,83.19999694824219,83.14674377441406,734968,0.0,0.0
2025-02-20 00:00:00+00:00,82.30000305175781,85.19999694824219,81.6760025024414,83.0999984741211,83.04680633544922,342915,0.0,0.0
2025-02-21 00:00:00+00:00,84.4000015258789,84.73400115966797,82.69999694824219,83.9000015258789,83.84629821777344,217030,0.0,0.0
2025-02-24 00:00:00+00:00,85.30000305175781,85.30000305175781,81.5,83.80000305175781,83.74636840820312,596343,0.0,0.0
2025-02-25 00:00:00+00:00,83.4000015258789,84.0,81.5999984741211,81.80000305175781,81.74764251708984,360700,0.0,0.0
2025-02-26 00:00:00+00:00,80.5,83.18000030517578,80.5,83.0999984741211,83.04680633544922,1021720,0.0,0.0
2025-02-27 00:00:00+00:00,81.0999984741211,82.9000015258789,81.0999984741211,82.0,81.947509765625,207770,0.0,0.0
2025-02-28 00:00:00+00:00,81.30000305175781,82.69999694824219,79.0,79.0,78.9494400024414,9577574,0.0,0.0
2025-03-03 00:00:00+00:00,80.9000015258789,83.4000015258789,79.80000305175781,82.19999694824219,82.14737701416016,985061,0.0,0.0
2025-03-04 00:00:00+00:00,81.5,82.80000305175781,80.5,82.0999984741211,82.04744720458984,755644,0.0,0.0
2025-03-05 00:00:00+00:00,80.69999694824219,84.5999984741211,80.5999984741211,83.4000015258789,83.34661865234375,476713,0.0,0.0
2025-03-06 00:00:00+00:00,85.0999984741211,85.0999984741211,80.5999984741211,81.0999984741211,81.06266021728516,8907139,1.5,0.0
2025-03-07 00:00:00+00:00,80.5999984741211,84.0999984741211,79.92400360107422,82.5999984741211,82.56197357177734,406513,0.0,0.0
2025-03-10 00:00:00+00:00,82.19999694824219,84.4000015258789,81.9000015258789,81.9000015258789,81.86229705810547,501729,0.0,0.0
2025-03-11 00:00:00+00:00,81.9000015258789,84.80000305175781,80.0999984741211,80.0999984741211,80.06312561035156,355649,0.0,0.0
2025-03-12 00:00:00+00:00,78.5999984741211,81.4000015258789,78.51499938964844,80.30000305175781,80.2630386352539,489105,0.0,0.0
2025-03-13 00:00:00+00:00,81.0,81.4000015258789,77.4000015258789,78.19999694824219,78.16400146484375,417601,0.0,0.0
2025-03-14 00:00:00+00:00,77.30000305175781,81.9000015258789,77.30000305175781,80.5,80.46294403076172,328495,0.0,0.0
2025-03-17 00:00:00+00:00,79.80000305175781,81.80000305175781,78.19999694824219,78.19999694824219,78.16400146484375,728389,0.0,0.0
2025-03-18 00:00:00+00:00,76.30000305175781,80.80000305175781,76.19999694824219,79.9000015258789,79.86322021484375,757481,0.0,0.0
2025-03-19 00:00:00+00:00,80.0,82.19999694824219,79.39399719238281,81.0,80.96271514892578,296593,0.0,0.0
2025-03-20 00:00:00+00:00,81.0,82.19999694824219,79.19999694824219,79.5999984741211,79.5633544921875,395101,0.0,0.0
2025-03-21 00:00:00+00:00,77.0,79.80000305175781,76.92500305175781,78.19999694824219,78.16400146484375,536214,0.0,0.0
2025-03-24 00:00:00+00:00,76.5,79.9000015258789,76.0,79.80000305175781,79.76326751708984,378394,0.0,0.0
2025-03-25 00:00:00+00:00,79.19999694824219,81.0999984741211,78.4280014038086,79.9000015258789,79.86322021484375,360297,0.0,0.0
2025-03-26 00:00:00+00:00,78.5999984741211,81.69999694824219,78.5,79.30000305175781,79.26349639892578,378076,0.0,0.0
2025-03-27 00:00:00+00:00,81.19999694824219,81.5,78.5,80.5999984741211,80.56289672851562,693031,0.0,0.0
2025-03-28 00:00:00+00:00,82.19999694824219,82.19999694824219,78.30000305175781,79.30000305175781,79.26349639892578,440369,0.0,0.0
2025-03-31 00:00:00+01:00,79.30000305175781,80.30000305175781,77.0999984741211,77.80000305175781,77.76419067382812,727519,0.0,0.0
2025-04-01 00:00:00+01:00,77.4000015258789,79.0,76.80000305175781,77.4000015258789,77.36437225341797,507245,0.0,0.0
2025-04-02 00:00:00+01:00,75.80000305175781,78.19999694824219,75.0,77.5,77.46432495117188,596406,0.0,0.0
2025-04-03 00:00:00+01:00,76.0,80.19999694824219,76.0,78.5,78.46385955810547,771278,0.0,0.0
2025-04-04 00:00:00+01:00,76.5999984741211,78.19999694824219,73.30000305175781,74.4000015258789,74.36575317382812,804451,0.0,0.0
2025-04-07 00:00:00+01:00,72.5,75.0,68.60299682617188,69.9000015258789,69.8678207397461,1130809,0.0,0.0
2025-04-08 00:00:00+01:00,71.19999694824219,74.5,70.87200164794922,72.80000305175781,72.76648712158203,508516,0.0,0.0
2025-04-09 00:00:00+01:00,72.80000305175781,73.0999984741211,70.4000015258789,71.69999694824219,71.6669921875,496668,0.0,0.0
2025-04-10 00:00:00+01:00,74.5,77.69999694824219,72.0999984741211,72.19999694824219,72.16676330566406,247034,0.0,0.0
2025-04-11 00:00:00+01:00,71.5999984741211,73.19999694824219,71.0999984741211,72.30000305175781,72.2667236328125,125183,0.0,0.0
2025-04-14 00:00:00+01:00,73.5,75.4000015258789,71.0999984741211,75.19999694824219,75.16537475585938,254703,0.0,0.0
2025-04-15 00:00:00+01:00,75.19999694824219,76.4000015258789,74.19999694824219,74.19999694824219,74.16584014892578,285623,0.0,0.0
2025-04-16 00:00:00+01:00,73.30000305175781,75.0999984741211,73.30000305175781,74.69999694824219,74.66561126708984,92884,0.0,0.0
2025-04-17 00:00:00+01:00,74.19999694824219,75.80000305175781,72.0,75.19999694824219,75.16537475585938,313043,0.0,0.0
2025-04-22 00:00:00+01:00,76.0,77.5999984741211,73.5999984741211,73.5999984741211,73.56611633300781,156704,0.0,0.0
2025-04-23 00:00:00+01:00,72.80000305175781,75.0,72.0,72.0,71.96685791015625,214945,0.0,0.0
2025-04-24 00:00:00+01:00,72.0999984741211,75.4000015258789,70.697998046875,74.0999984741211,74.06588745117188,352413,0.0,0.0
2025-04-25 00:00:00+01:00,74.0,76.0,72.69999694824219,74.9000015258789,74.86552429199219,249736,0.0,0.0
2025-04-28 00:00:00+01:00,76.69999694824219,79.19999694824219,75.0999984741211,77.5,77.46432495117188,556942,0.0,0.0
2025-04-29 00:00:00+01:00,78.4000015258789,79.30000305175781,76.0999984741211,78.80000305175781,78.76373291015625,424680,0.0,0.0
2025-04-30 00:00:00+01:00,80.0999984741211,80.0999984741211,76.9000015258789,77.69999694824219,77.66423034667969,202977,0.0,0.0
2025-05-01 00:00:00+01:00,75.80000305175781,79.0999984741211,75.80000305175781,79.0999984741211,79.06358337402344,173172,0.0,0.0
2025-05-02 00:00:00+01:00,78.9000015258789,80.55999755859375,76.80000305175781,80.0999984741211,80.06312561035156,275478,0.0,0.0
2025-05-06 00:00:00+01:00,80.30000305175781,83.0,78.9000015258789,83.0,82.9617919921875,714847,0.0,0.0
2025-05-07 00:00:00+01:00,81.4000015258789,84.0,80.69999694824219,82.0,81.96224975585938,252322,0.0,0.0
2025-05-08 00:00:00+01:00,80.69999694824219,85.0,80.30000305175781,82.0999984741211,82.06220245361328,968964,0.0,0.0
2025-05-09 00:00:00+01:00,84.0999984741211,85.69000244140625,81.69999694824219,85.0,84.96086883544922,1137352,0.0,0.0
2025-05-12 00:00:00+01:00,85.9000015258789,86.80000305175781,83.69999694824219,85.19999694824219,85.16077423095703,294124,0.0,0.0
2025-05-13 00:00:00+01:00,84.4000015258789,86.0999984741211,83.0999984741211,83.0999984741211,83.0617446899414,716748,0.0,0.0
2025-05-14 00:00:00+01:00,84.19999694824219,86.19999694824219,82.5,86.19999694824219,86.16031646728516,613479,0.0,0.0
2025-05-15 00:00:00+01:00,84.4000015258789,87.0999984741211,83.19999694824219,83.30000305175781,83.26165771484375,532711,0.0,0.0
2025-05-16 00:00:00+01:00,84.80000305175781,85.0,82.0,84.5,84.46110534667969,223282,0.0,0.0
2025-05-19 00:00:00+01:00,84.5999984741211,87.4000015258789,84.0,86.4000015258789,86.3602294921875,711261,0.0,0.0
2025-05-20 00:00:00+01:00,85.5,88.4000015258789,85.19999694824219,87.0,86.95994567871094,435441,0.0,0.0
2025-05-21 00:00:00+01:00,86.0,90.79199981689453,86.0,87.80000305175781,87.75958251953125,1257006,0.0,0.0
2025-05-22 00:00:00+01:00,86.5,88.30000305175781,84.80000305175781,85.4000015258789,85.36068725585938,386958,0.0,0.0
2025-05-23 00:00:00+01:00,86.19999694824219,87.9000015258789,83.69999694824219,85.0999984741211,85.06082916259766,313393,0.0,0.0
2025-05-27 00:00:00+01:00,86.30000305175781,86.9000015258789,83.80000305175781,86.9000015258789,86.86000061035156,342966,0.0,0.0
2025-05-28 00:00:00+01:00,87.30000305175781,89.5,85.5,88.19999694824219,88.15939331054688,469179,0.0,0.0
2025-05-29 00:00:00+01:00,88.5999984741211,89.9000015258789,83.5999984741211,85.80000305175781,85.76050567626953,434202,0.0,0.0
2025-05-30 00:00:00+01:00,86.0,88.80000305175781,83.80000305175781,87.4000015258789,87.3597640991211,697160,0.0,0.0
2025-06-02 00:00:00+01:00,88.0999984741211,88.9000015258789,86.30000305175781,87.0,86.95994567871094,290222,0.0,0.0
2025-06-03 00:00:00+01:00,88.5,88.80000305175781,86.5,87.30000305175781,87.25981903076172,365858,0.0,0.0
2025-06-04 00:00:00+01:00,88.0,88.9000015258789,86.39700317382812,87.5,87.45972442626953,215685,0.0,0.0
2025-06-05 00:00:00+01:00,86.0,88.9000015258789,86.0,87.19999694824219,87.15985107421875,291138,0.0,0.0
2025-06-06 00:00:00+01:00,86.0,89.0,85.0,85.5,85.46063995361328,594497,0.0,0.0
2025-06-09 00:00:00+01:00,84.69999694824219,87.4000015258789,84.69999694824219,87.0999984741211,87.05990600585938,168501,0.0,0.0
2025-06-10 00:00:00+01:00,85.0,88.19999694824219,84.80000305175781,86.30000305175781,86.2602767944336,240342,0.0,0.0
2025-06-11 00:00:00+01:00,84.30000305175781,88.19999694824219,84.30000305175781,84.80000305175781,84.7609634399414,221168,0.0,0.0
2025-06-12 00:00:00+01:00,84.30000305175781,86.80000305175781,84.30000305175781,84.5999984741211,84.56105041503906,126716,0.0,0.0
2025-06-13 00:00:00+01:00,84.19999694824219,84.69999694824219,79.00299835205078,79.5999984741211,79.5633544921875,582699,0.0,0.0
2025-06-16 00:00:00+01:00,79.0,82.28600311279297,79.0,80.19999694824219,80.16307830810547,316018,0.0,0.0
2025-06-17 00:00:00+01:00,82.0999984741211,82.80000305175781,78.0999984741211,78.5,78.46385955810547,232991,0.0,0.0
2025-06-18 00:00:00+01:00,81.0999984741211,82.0,72.0,73.30000305175781,73.26626586914062,2521381,0.0,0.0
2025-06-19 00:00:00+01:00,74.69999694824219,75.4000015258789,71.5,72.30000305175781,72.2667236328125,1361392,0.0,0.0
2025-06-20 00:00:00+01:00,71.0,75.69400024414062,71.0,73.0,72.96639251708984,2148863,0.0,0.0
2025-06-23 00:00:00+01:00,73.19999694824219,75.5,72.0999984741211,74.0,73.96593475341797,896638,0.0,0.0
2025-06-24 00:00:00+01:00,74.69999694824219,75.80000305175781,73.19999694824219,73.80000305175781,73.76602935791016,498311,0.0,0.0
2025-06-25 00:00:00+01:00,75.9000015258789,77.5,73.30000305175781,76.30000305175781,76.26487731933594,764314,0.0,0.0
2025-06-26 00:00:00+01:00,76.5999984741211,77.15799713134766,72.44400024414062,73.0,72.96639251708984,1522242,0.0,0.0
2025-06-27 00:00:00+01:00,73.9000015258789,75.5,72.9000015258789,74.4000015258789,74.36575317382812,452950,0.0,0.0
2025-06-30 00:00:00+01:00,75.30000305175781,75.69999694824219,73.5,74.0,73.96593475341797,481775,0.0,0.0
2025-07-01 00:00:00+01:00,72.9000015258789,75.4000015258789,71.30000305175781,71.30000305175781,71.26718139648438,1000669,0.0,0.0
2025-07-02 00:00:00+01:00,72.0,73.697998046875,71.69999694824219,73.19999694824219,73.16629791259766,461522,0.0,0.0
2025-07-03 00:00:00+01:00,74.5999984741211,75.80000305175781,73.19999694824219,74.19999694824219,74.16584014892578,492744,0.0,0.0
2025-07-04 00:00:00+01:00,73.0,75.06800079345703,72.80000305175781,73.69999694824219,73.66606903076172,359156,0.0,0.0
2025-07-07 00:00:00+01:00,73.5999984741211,74.30000305175781,72.4000015258789,73.30000305175781,73.26626586914062,288333,0.0,0.0
2025-07-08 00:00:00+01:00,74.0,74.30000305175781,72.5,73.0999984741211,73.06635284423828,515247,0.0,0.0
2025-07-09 00:00:00+01:00,73.4000015258789,74.9000015258789,72.80000305175781,74.19999694824219,74.16584014892578,311051,0.0,0.0
2025-07-10 00:00:00+01:00,76.0,76.5,73.30000305175781,75.9000015258789,75.86505889892578,378468,0.0,0.0
2025-07-11 00:00:00+01:00,76.4000015258789,77.4000015258789,73.4000015258789,73.9000015258789,73.86598205566406,221898,0.0,0.0
2025-07-14 00:00:00+01:00,73.0,74.88300323486328,73.0,74.4000015258789,74.36575317382812,286478,0.0,0.0
2025-07-15 00:00:00+01:00,74.0,75.0,72.30000305175781,73.19999694824219,73.16629791259766,368799,0.0,0.0
2025-07-16 00:00:00+01:00,73.0,74.0,72.5,74.0,73.96593475341797,462337,0.0,0.0
2025-07-17 00:00:00+01:00,74.0,75.5999984741211,73.0,73.4000015258789,73.3662109375,309774,0.0,0.0
2025-07-18 00:00:00+01:00,74.4000015258789,75.19999694824219,73.0,73.0999984741211,73.06635284423828,599733,0.0,0.0
2025-07-21 00:00:00+01:00,72.19999694824219,74.0,70.7750015258789,70.9000015258789,70.86737060546875,1140955,0.0,0.0
2025-07-22 00:00:00+01:00,71.5,72.0260009765625,70.9000015258789,72.0,71.96685791015625,428878,0.0,0.0
2025-07-23 00:00:00+01:00,71.80000305175781,73.30000305175781,71.0,71.5,71.46708679199219,444064,0.0,0.0
2025-07-24 00:00:00+01:00,71.4000015258789,73.0999984741211,70.69999694824219,72.0,71.96685791015625,549549,0.0,0.0
2025-07-25 00:00:00+01:00,71.19999694824219,72.0,71.0999984741211,72.0,71.96685791015625,313724,0.0,0.0
2025-07-28 00:00:00+01:00,71.9000015258789,72.9000015258789,71.0999984741211,72.0,71.96685791015625,852147,0.0,0.0
2025-07-29 00:00:00+01:00,71.30000305175781,72.5999984741211,71.0999984741211,71.4000015258789,71.36713409423828,365192,0.0,0.0
2025-07-30 00:00:00+01:00,71.30000305175781,71.4000015258789,70.0999984741211,70.4000015258789,70.36759185791016,819752,0.0,0.0
2025-07-31 00:00:00+01:00,70.0999984741211,71.5999984741211,70.05400085449219,70.19999694824219,70.16767883300781,357309,0.0,0.0
2025-08-01 00:00:00+01:00,70.0,70.4000015258789,68.80000305175781,69.0,68.9682388305664,1270022,0.0,0.0
2025-08-04 00:00:00+01:00,68.69999694824219,69.0,68.30000305175781,69.0,68.9682388305664,470314,0.0,0.0
2025-08-05 00:00:00+01:00,67.5,70.0,67.5,69.0,68.9682388305664,912390,0.0,0.0
2025-08-06 00:00:00+01:00,68.5,69.0,68.0999984741211,68.9000015258789,68.86827850341797,341189,0.0,0.0
2025-08-07 00:00:00+01:00,68.0,69.96800231933594,67.80000305175781,69.0,68.9682388305664,1761651,0.0,0.0
2025-08-08 00:00:00+01:00,69.0,69.0,68.05699920654297,69.0,68.9682388305664,578777,0.0,0.0
2025-08-11 00:00:00+01:00,69.0,70.5999984741211,67.80000305175781,69.0,68.9682388305664,924119,0.0,0.0
2025-08-12 00:00:00+01:00,69.0,69.80000305175781,68.4000015258789,69.0,68.9682388305664,1969088,0.0,0.0
2025-08-13 00:00:00+01:00,68.80000305175781,69.36399841308594,68.74099731445312,69.0,68.9682388305664,971161,0.0,0.0
2025-08-14 00:00:00+01:00,69.0,69.4000015258789,68.0999984741211,68.4000015258789,68.36851501464844,603276,0.0,0.0
2025-08-15 00:00:00+01:00,68.5,70.0999984741211,68.30000305175781,68.5,68.46846771240234,228000,0.0,0.0
2025-08-18 00:00:00+01:00,68.4000015258789,69.02100372314453,68.19999694824219,68.4000015258789,68.36851501464844,845213,0.0,0.0
2025-08-19 00:00:00+01:00,69.0,70.0999984741211,67.69999694824219,68.19999694824219,68.1686019897461,342621,0.0,0.0
2025-08-20 00:00:00+01:00,67.9000015258789,68.1760025024414,67.19999694824219,67.9000015258789,67.86874389648438,720065,0.0,0.0
2025-08-21 00:00:00+01:00,68.19999694824219,69.01000213623047,67.5999984741211,67.80000305175781,67.76879119873047,434234,0.0,0.0
2025-08-22 00:00:00+01:00,67.5999984741211,72.0,67.5999984741211,72.0,71.96685791015625,1205498,0.0,0.0
2025-08-26 00:00:00+01:00,71.69999694824219,71.69999694824219,69.69999694824219,69.69999694824219,69.66790771484375,380803,0.0,0.0
2025-08-27 00:00:00+01:00,70.0,70.5999984741211,68.0,68.5999984741211,68.56842041015625,485579,0.0,0.0
2025-08-28 00:00:00+01:00,70.0,70.5,67.88099670410156,69.5999984741211,69.56796264648438,515864,0.0,0.0
2025-08-29 00:00:00+01:00,69.69999694824219,69.9000015258789,68.0999984741211,68.9000015258789,68.86827850341797,488387,0.0,0.0
2025-09-01 00:00:00+01:00,69.0,70.5999984741211,68.19999694824219,68.5,68.46846771240234,220389,0.0,0.0
2025-09-02 00:00:00+01:00,68.30000305175781,68.5,66.28099822998047,66.9000015258789,66.86920166015625,550826,0.0,0.0
2025-09-03 00:00:00+01:00,66.5999984741211,68.69999694824219,65.9000015258789,68.5,68.46846771240234,652855,0.0,0.0
2025-09-04 00:00:00+01:00,69.0,69.0,66.80000305175781,68.4000015258789,68.36851501464844,334397,0.0,0.0
2025-09-05 00:00:00+01:00,67.0999984741211,68.75700378417969,67.0999984741211,68.0999984741211,68.06864929199219,228430,0.0,0.0
2025-09-08 00:00:00+01:00,68.0,68.9000015258789,67.42400360107422,68.4000015258789,68.36851501464844,335407,0.0,0.0
2025-09-09 00:00:00+01:00,67.5999984741211,68.9000015258789,67.5999984741211,68.30000305175781,68.26856231689453,441110,0.0,0.0
2025-09-10 00:00:00+01:00,68.69999694824219,68.9000015258789,67.52300262451172,67.69999694824219,67.66883087158203,284463,0.0,0.0
2025-09-11 00:00:00+01:00,67.19999694824219,68.90899658203125,67.0,68.19999694824219,68.1686019897461,534302,0.0,0.0
2025-09-12 00:00:00+01:00,66.5999984741211,68.69999694824219,66.19999694824219,67.4000015258789,67.36898040771484,331195,0.0,0.0
2025-09-15 00:00:00+01:00,67.4000015258789,67.69999694824219,66.4000015258789,66.9000015258789,66.86920166015625,333128,0.0,0.0
2025-09-16 00:00:00+01:00,67.0,67.0,65.5250015258789,66.30000305175781,66.26948547363281,481076,0.0,0.0
2025-09-17 00:00:00+01:00,67.5,75.30000305175781,66.80000305175781,75.30000305175781,75.26534271240234,7511560,0.0,0.0
2025-09-18 00:00:00+01:00,74.5,76.30000305175781,74.0,76.30000305175781,76.26487731933594,1439043,0.0,0.0
2025-09-19 00:00:00+01:00,76.9000015258789,79.19999694824219,74.30000305175781,79.19999694824219,79.16354370117188,1756089,0.0,0.0
2025-09-22 00:00:00+01:00,79.19999694824219,79.19999694824219,75.63300323486328,78.0,77.96409606933594,1322103,0.0,0.0
2025-09-23 00:00:00+01:00,78.0,80.0999984741211,77.5999984741211,79.19999694824219,79.16354370117188,1682716,0.0,0.0
2025-09-24 00:00:00+01:00,79.5999984741211,80.5999984741211,78.0999984741211,79.80000305175781,79.76326751708984,484917,0.0,0.0
2025-09-25 00:00:00+01:00,79.0,80.5999984741211,79.0,79.80000305175781,79.76326751708984,486683,0.0,0.0
2025-09-26 00:00:00+01:00,79.80000305175781,80.69999694824219,78.9000015258789,80.5,80.46294403076172,567687,0.0,0.0
2025-09-29 00:00:00+01:00,79.19999694824219,81.9000015258789,79.19999694824219,81.9000015258789,81.86229705810547,760746,0.0,0.0
2025-09-30 00:00:00+01:00,81.4000015258789,82.0,79.69999694824219,81.0,80.96271514892578,919509,0.0,0.0
2025-10-01 00:00:00+01:00,82.0,82.0999984741211,79.69999694824219,80.0,79.96317291259766,595968,0.0,0.0
2025-10-02 00:00:00+01:00,79.80000305175781,81.4000015258789,79.80000305175781,80.30000305175781,80.2630386352539,6040015,0.0,0.0
2025-10-03 00:00:00+01:00,79.4000015258789,80.5999984741211,77.19999694824219,77.5,77.46432495117188,372495,0.0,0.0
2025-10-06 00:00:00+01:00,77.0,77.69999694824219,76.0,76.0,75.96501159667969,1170339,0.0,0.0
2025-10-07 00:00:00+01:00,75.5999984741211,76.5,75.0,75.4000015258789,75.36528778076172,624403,0.0,0.0
2025-10-08 00:00:00+01:00,74.69999694824219,77.0999984741211,74.5999984741211,77.0999984741211,77.06450653076172,183337,0.0,0.0
2025-10-09 00:00:00+01:00,77.0,78.0,76.0,78.0,77.96409606933594,362583,0.0,0.0
2025-10-10 00:00:00+01:00,77.80000305175781,79.30000305175781,77.09400177001953,77.5,77.46432495117188,1295975,0.0,0.0
2025-10-13 00:00:00+01:00,78.4000015258789,81.19999694824219,77.0999984741211,80.80000305175781,80.76280975341797,727695,0.0,0.0
2025-10-14 00:00:00+01:00,81.19999694824219,81.30000305175781,79.79000091552734,80.0999984741211,80.06312561035156,459546,0.0,0.0
2025-10-15 00:00:00+01:00,80.4000015258789,81.0,79.30000305175781,79.80000305175781,79.76326751708984,262949,0.0,0.0
2025-10-16 00:00:00+01:00,79.5999984741211,80.9000015258789,78.9000015258789,79.5,79.4634017944336,350794,0.0,0.0
2025-10-17 00:00:00+01:00,78.30000305175781,79.39900207519531,76.80000305175781,78.0999984741211,78.06404876708984,542246,0.0,0.0
2025-10-20 00:00:00+01:00,78.4000015258789,79.5999984741211,76.9000015258789,79.0,78.96363830566406,174852,0.0,0.0
2025-10-21 00:00:00+01:00,79.30000305175781,79.5,78.0,78.69999694824219,78.66376495361328,583555,0.0,0.0
2025-10-22 00:00:00+01:00,76.69999694824219,79.98899841308594,76.69999694824219,79.0,78.96363830566406,1482903,0.0,0.0
2025-10-23 00:00:00+01:00,78.0,80.5989990234375,78.0,78.4000015258789,78.3639144897461,304386,0.0,0.0
2025-10-24 00:00:00+01:00,78.19999694824219,80.30000305175781,77.0999984741211,77.19999694824219,77.16445922851562,254389,0.0,0.0
2025-10-27 00:00:00+00:00,76.0,78.9000015258789,76.0,77.69999694824219,77.66423034667969,216449,0.0,0.0
2025-10-28 00:00:00+00:00,77.0,78.4000015258789,77.0,78.0999984741211,78.06404876708984,175381,0.0,0.0
2025-10-29 00:00:00+00:00,77.0,79.0,77.0,77.69999694824219,77.66423034667969,246776,0.0,0.0
2025-10-30 00:00:00+00:00,77.0,77.80000305175781,73.88500213623047,74.0,73.98593139648438,637124,2.1,0.0
2025-10-31 00:00:00+00:00,74.30000305175781,75.5,73.5,74.0,73.98593139648438,336267,0.0,0.0
2025-11-03 00:00:00+00:00,73.0999984741211,75.80000305175781,70.5,70.5,70.4865951538086,542644,0.0,0.0
2025-11-04 00:00:00+00:00,72.19999694824219,72.30000305175781,68.0,68.19999694824219,68.18702697753906,666083,0.0,0.0
2025-11-05 00:00:00+00:00,69.9000015258789,70.19999694824219,68.4000015258789,70.0999984741211,70.086669921875,846214,0.0,0.0
2025-11-06 00:00:00+00:00,69.0,70.69999694824219,68.37999725341797,68.5,68.48697662353516,639667,0.0,0.0
2025-11-07 00:00:00+00:00,69.4000015258789,70.80000305175781,68.4000015258789,69.9000015258789,69.88671112060547,264449,0.0,0.0
2025-11-10 00:00:00+00:00,70.80000305175781,72.9000015258789,68.69999694824219,71.19999694824219,71.18646240234375,413574,0.0,0.0
2025-11-11 00:00:00+00:00,72.9000015258789,74.0999984741211,70.30000305175781,70.5999984741211,70.58657836914062,616320,0.0,0.0
2025-11-12 00:00:00+00:00,70.5999984741211,72.0,70.5999984741211,70.5999984741211,70.58657836914062,477033,0.0,0.0
2025-11-13 00:00:00+00:00,70.5999984741211,71.89900207519531,68.5,68.5,68.48697662353516,616133,0.0,0.0
2025-11-14 00:00:00+00:00,69.0999984741211,69.80000305175781,67.19999694824219,68.80000305175781,68.78691864013672,628891,0.0,0.0
2025-11-17 00:00:00+00:00,68.4000015258789,68.9000015258789,67.9000015258789,68.19999694824219,68.18702697753906,639310,0.0,0.0
2025-11-18 00:00:00+00:00,67.4000015258789,68.73500061035156,65.9000015258789,65.9000015258789,65.8874740600586,1157478,0.0,0.0
2025-11-19 00:00:00+00:00,65.80000305175781,69.40299987792969,65.09300231933594,68.0999984741211,68.08705139160156,1867027,0.0,0.0
2025-11-20 00:00:00+00:00,72.5999984741211,79.4749984741211,72.0,79.0,78.98497772216797,3451085,0.0,0.0
2025-11-21 00:00:00+00:00,77.9000015258789,79.80000305175781,77.0999984741211,78.80000305175781,78.78501892089844,715922,0.0,0.0
2025-11-24 00:00:00+00:00,77.9000015258789,79.69999694824219,77.19999694824219,77.5999984741211,77.58524322509766,638061,0.0,0.0
2025-11-25 00:00:00+00:00,77.0999984741211,78.69999694824219,77.0,78.0,77.98516845703125,471830,0.0,0.0
2025-11-26 00:00:00+00:00,78.4000015258789,80.27400207519531,77.5999984741211,79.9000015258789,79.88481140136719,638912,0.0,0.0
2025-11-27 00:00:00+00:00,80.19999694824219,80.9000015258789,78.0,78.80000305175781,78.78501892089844,894878,0.0,0.0
2025-11-28 00:00:00+00:00,78.0,80.0999984741211,78.0,80.0999984741211,80.08477020263672,458161,0.0,0.0
2025-12-01 00:00:00+00:00,79.5,80.69999694824219,78.30000305175781,80.5,80.48469543457031,437933,0.0,0.0
2025-12-02 00:00:00+00:00,81.0,81.0,77.30000305175781,77.30000305175781,77.28530883789062,446129,0.0,0.0
2025-12-03 00:00:00+00:00,79.0999984741211,79.19999694824219,76.19999694824219,76.19999694824219,76.18550872802734,127578,0.0,0.0
2025-12-04 00:00:00+00:00,76.69999694824219,78.5,74.0999984741211,74.0999984741211,74.08590698242188,619788,0.0,0.0
2025-12-05 00:00:00+00:00,75.9000015258789,77.0,74.0999984741211,76.4000015258789,76.3854751586914,441056,0.0,0.0
2025-12-08 00:00:00+00:00,77.0,77.0,74.0999984741211,75.19999694824219,75.18569946289062,236392,0.0,0.0
2025-12-09 00:00:00+00:00,76.0999984741211,76.5999984741211,74.0999984741211,76.4000015258789,76.3854751586914,632087,0.0,0.0
2025-12-10 00:00:00+00:00,75.69999694824219,76.9000015258789,75.0,76.5,76.4854507446289,283660,0.0,0.0
2025-12-11 00:00:00+00:00,76.0,78.80000305175781,74.83999633789062,75.5,75.48564147949219,647544,0.0,0.0
2025-12-12 00:00:00+00:00,77.0999984741211,77.0999984741211,73.4000015258789,75.4000015258789,75.38566589355469,1952213,0.0,0.0
2025-12-15 00:00:00+00:00,74.0,75.48999786376953,74.0,74.5,74.48583221435547,281690,0.0,0.0
2025-12-16 00:00:00+00:00,74.0999984741211,75.5999984741211,73.69999694824219,74.9000015258789,74.88575744628906,468533,0.0,0.0
2025-12-17 00:00:00+00:00,75.0,75.0,73.80000305175781,74.80000305175781,74.78578186035156,832835,0.0,0.0
2025-12-18 00:00:00+00:00,75.0,76.19999694824219,73.80000305175781,75.80000305175781,75.78559112548828,913094,0.0,0.0
2025-12-19 00:00:00+00:00,77.0999984741211,77.0999984741211,74.19999694824219,74.19999694824219,74.1858901977539,965999,0.0,0.0
2025-12-22 00:00:00+00:00,74.80000305175781,75.80000305175781,73.19999694824219,75.80000305175781,75.78559112548828,315702,0.0,0.0
2025-12-23 00:00:00+00:00,75.5,76.0999984741211,74.19999694824219,74.69999694824219,74.685791015625,189300,0.0,0.0
2025-12-24 00:00:00+00:00,74.9000015258789,74.9000015258789,74.0999984741211,74.4000015258789,74.38585662841797,146953,0.0,0.0
2025-12-29 00:00:00+00:00,76.0999984741211,76.0999984741211,70.30000305175781,71.0,70.98650360107422,910362,0.0,0.0
2025-12-30 00:00:00+00:00,72.0,74.44499969482422,71.5999984741211,73.30000305175781,73.28606414794922,640515,0.0,0.0
