Date,Open,High,Low,Close,Adj Close,Volume,Dividends,Stock Splits
2021-01-04 00:00:00+00:00,1818.0,1864.0,1809.5,1838.0,1835.6834716796875,2736512,0.0,0.0
2021-01-05 00:00:00+00:00,1820.0,1839.0,1813.0,1817.0,1814.7103271484375,2278695,0.0,0.0
2021-01-06 00:00:00+00:00,1827.5,1912.5,1811.5,1901.0,1898.6043701171875,3967544,0.0,0.0
2021-01-07 00:00:00+00:00,1932.5,1932.5,1864.5,1867.0,1864.647216796875,3774875,0.0,0.0
2021-01-08 00:00:00+00:00,1879.0,1899.0,1871.0,1887.0,1884.6220703125,2465966,0.0,0.0
2021-01-11 00:00:00+00:00,1879.5,1896.5,1864.0,1868.0,1865.645751953125,2769179,0.0,0.0
2021-01-12 00:00:00+00:00,1868.5,1874.5,1822.5,1825.5,1823.1993408203125,1930051,0.0,0.0
2021-01-13 00:00:00+00:00,1823.0,1835.0,1811.5,1815.0,1812.7127685546875,2517767,0.0,0.0
2021-01-14 00:00:00+00:00,1810.0,1829.217041015625,1798.0,1828.5,1826.1956787109375,4440076,0.0,0.0
2021-01-15 00:00:00+00:00,1812.0,1827.0,1803.0,1825.5,1823.1993408203125,3777024,0.0,0.0
2021-01-18 00:00:00+00:00,1826.5,1839.5,1809.0,1814.0,1811.7138671875,2061850,0.0,0.0
2021-01-19 00:00:00+00:00,1829.0,1832.0,1812.0,1823.0,1820.7025146484375,2864788,0.0,0.0
2021-01-20 00:00:00+00:00,1821.0,1836.0,1813.0,1831.0,1828.692626953125,1921796,0.0,0.0
2021-01-21 00:00:00+00:00,1824.5,1827.5,1810.0,1819.5,1817.2069091796875,3617175,0.0,0.0
2021-01-22 00:00:00+00:00,1820.5,1876.5,1820.0,1869.5,1867.14404296875,3397401,0.0,0.0
2021-01-25 00:00:00+00:00,1860.5,1875.8609619140625,1852.5,1867.0,1864.647216796875,2450168,0.0,0.0
2021-01-26 00:00:00+00:00,1872.0,1902.0,1870.0,1871.5,1869.1417236328125,2710889,0.0,0.0
2021-01-27 00:00:00+00:00,1867.5,1896.5,1853.0,1857.0,1854.6597900390625,3435144,0.0,0.0
2021-01-28 00:00:00+00:00,1841.0,1869.5,1828.262939453125,1856.5,1854.160400390625,2455712,0.0,0.0
2021-01-29 00:00:00+00:00,1835.0,1840.0,1812.5,1812.5,1810.2158203125,2825534,0.0,0.0
2021-02-01 00:00:00+00:00,1825.0,1846.0,1822.0,1845.0,1842.6749267578125,2833158,0.0,0.0
2021-02-02 00:00:00+00:00,1845.5,1874.0,1836.0,1864.5,1862.1502685546875,2788464,0.0,0.0
2021-02-03 00:00:00+00:00,1884.0,1891.5,1845.0,1849.0,1846.6700439453125,2787134,0.0,0.0
2021-02-04 00:00:00+00:00,1854.5,1878.5,1841.5,1858.0,1855.65869140625,1655233,0.0,0.0
2021-02-05 00:00:00+00:00,1845.5,1855.199951171875,1821.5,1823.5,1821.201904296875,3462153,0.0,0.0
2021-02-08 00:00:00+00:00,1831.5,1856.0,1824.5,1829.5,1827.1944580078125,3113194,0.0,0.0
2021-02-09 00:00:00+00:00,1829.0,1834.0,1789.5,1797.5,1795.23486328125,3150205,0.0,0.0
2021-02-10 00:00:00+00:00,1806.5,1814.0,1773.0,1773.0,1770.7655029296875,3685765,0.0,0.0
2021-02-11 00:00:00+00:00,1807.0,1834.905029296875,1785.5,1825.0,1822.7000732421875,3811753,0.0,0.0
2021-02-12 00:00:00+00:00,1823.5,1867.0,1813.0,1866.5,1864.147705078125,3580843,0.0,0.0
2021-02-15 00:00:00+00:00,1869.5,1879.5,1846.5,1871.0,1868.642333984375,2444593,0.0,0.0
2021-02-16 00:00:00+00:00,1868.5,1878.5,1856.5,1864.5,1862.1502685546875,2545138,0.0,0.0
2021-02-17 00:00:00+00:00,1850.0,1857.0,1823.0,1830.0,1827.69384765625,3242645,0.0,0.0
2021-02-18 00:00:00+00:00,1827.0,1838.0,1791.0,1808.0,1805.7215576171875,3179488,0.0,0.0
2021-02-19 00:00:00+00:00,1810.0,1818.0,1484.9000244140625,1760.5,1758.2813720703125,5514866,0.0,0.0
2021-02-22 00:00:00+00:00,1743.0,1750.800048828125,1712.5,1739.0,1736.8084716796875,3357469,0.0,0.0
2021-02-23 00:00:00+00:00,1731.0,1743.5,1701.0,1731.0,1728.8184814453125,4516184,0.0,0.0
2021-02-24 00:00:00+00:00,1716.5,1725.0,1699.5,1713.5,1711.3404541015625,3274303,0.0,0.0
2021-02-25 00:00:00+00:00,1716.0,1728.0,1700.0,1722.5,1720.329345703125,4141916,0.0,0.0
2021-02-26 00:00:00+00:00,1710.0,1724.5,1687.5,1692.5,1690.366943359375,5682135,0.0,0.0
2021-03-01 00:00:00+00:00,1700.0,1731.5,1696.0,1704.5,1702.3519287109375,4559664,0.0,0.0
2021-03-02 00:00:00+00:00,1702.0,1731.0,1702.0,1704.5,1702.3519287109375,2801624,0.0,0.0
2021-03-03 00:00:00+00:00,1717.5,1740.0,1702.0,1712.5,1710.341796875,3220769,0.0,0.0
2021-03-04 00:00:00+00:00,1706.5,1722.5,1704.0,1718.5,1716.33447265625,3207319,0.0,0.0
2021-03-05 00:00:00+00:00,1701.5,1712.5,1682.5,1698.5,1696.359619140625,2601323,0.0,0.0
2021-03-08 00:00:00+00:00,1703.5,1717.0,1683.0,1704.5,1702.3519287109375,3624653,0.0,0.0
2021-03-09 00:00:00+00:00,1704.5,1735.25,1701.0,1723.5,1721.3280029296875,3963151,0.0,0.0
2021-03-10 00:00:00+00:00,1718.5,1739.5,1715.0,1725.5,1723.325439453125,2400705,0.0,0.0
2021-03-11 00:00:00+00:00,1736.5,1747.0,1723.5,1732.0,1729.8172607421875,3552164,0.0,0.0
2021-03-12 00:00:00+00:00,1724.5,1733.0,1713.0,1722.5,1720.329345703125,3386736,0.0,0.0
2021-03-15 00:00:00+00:00,1728.0,1745.0,1722.0,1734.5,1732.3143310546875,2783517,0.0,0.0
2021-03-16 00:00:00+00:00,1745.5,1745.5,1725.0,1741.0,1738.805908203125,3327165,0.0,0.0
2021-03-17 00:00:00+00:00,1747.0,1791.0,1744.5,1766.0,1763.7745361328125,5172642,0.0,0.0
2021-03-18 00:00:00+00:00,1769.0,1781.0,1751.0,1778.0,1775.75927734375,3555388,0.0,0.0
2021-03-19 00:00:00+00:00,1765.0,1796.5,1758.0,1784.5,1782.251220703125,8078933,0.0,0.0
2021-03-22 00:00:00+00:00,1779.0,1798.5,1765.0,1775.0,1772.76318359375,4678726,0.0,0.0
2021-03-23 00:00:00+00:00,1761.5,1798.5,1759.5,1795.5,1793.2371826171875,2979087,0.0,0.0
2021-03-24 00:00:00+00:00,1792.5,1812.0,1786.0,1799.5,1797.232177734375,3134443,0.0,0.0
2021-03-25 00:00:00+00:00,1802.5,1836.0,1797.0,1822.5,1820.203369140625,4425011,0.0,0.0
2021-03-26 00:00:00+00:00,1827.0,1870.625,1799.75,1807.0,1804.722900390625,2645697,0.0,0.0
2021-03-29 00:00:00+01:00,1819.5,1870.6199951171875,1800.75,1826.5,1824.1983642578125,3636188,0.0,0.0
2021-03-30 00:00:00+01:00,1828.5,1836.5,1811.0,1821.0,1818.705322265625,2193187,0.0,0.0
2021-03-31 00:00:00+01:00,1823.5,1840.0,1813.5,1819.0,1816.7080078125,3225481,0.0,0.0
2021-04-01 00:00:00+01:00,1833.0,1836.5,1816.5,1835.0,1832.6875,1901310,0.0,0.0
2021-04-06 00:00:00+01:00,1855.0,1913.510986328125,1837.0,1861.5,1859.154052734375,2039393,0.0,0.0
2021-04-07 00:00:00+01:00,1871.0,1943.364013671875,1868.0,1880.0,1877.6307373046875,2469144,0.0,0.0
2021-04-08 00:00:00+01:00,1885.0,1904.5,1880.5,1904.5,1902.099853515625,3936867,0.0,0.0
2021-04-09 00:00:00+01:00,1911.0,1920.0,1872.3709716796875,1910.5,1908.092529296875,2092167,0.0,0.0
2021-04-12 00:00:00+01:00,1914.5,1923.8699951171875,1900.0,1911.0,1908.591796875,1438237,0.0,0.0
2021-04-13 00:00:00+01:00,1905.0,1913.25,1894.5,1908.5,1906.094970703125,1898309,0.0,0.0
2021-04-14 00:00:00+01:00,1912.5,1935.0,1909.5,1921.5,1919.0784912109375,3152021,0.0,0.0
2021-04-15 00:00:00+01:00,1930.0,1937.5,1921.0,1930.5,1928.0672607421875,2496300,0.0,0.0
2021-04-16 00:00:00+01:00,1932.5,1945.5,1927.5,1935.5,1933.060791015625,3063137,0.0,0.0
2021-04-19 00:00:00+01:00,1931.5,1945.0,1917.5,1925.0,1922.5738525390625,2399205,0.0,0.0
2021-04-20 00:00:00+01:00,1926.5,1934.0,1912.0,1917.5,1915.0833740234375,4559069,0.0,0.0
2021-04-21 00:00:00+01:00,1919.5,1934.5,1902.0,1919.5,1917.0809326171875,2071234,0.0,0.0
2021-04-22 00:00:00+01:00,1924.5,1961.0,1907.5,1943.5,1941.0506591796875,2785738,0.0,0.0
2021-04-23 00:00:00+01:00,1901.0,1941.0,1901.0,1940.0,1937.55517578125,1813672,0.0,0.0
2021-04-26 00:00:00+01:00,1935.5,1946.0,1928.5,1930.0,1927.567626953125,1392337,0.0,0.0
2021-04-27 00:00:00+01:00,1929.0,1944.0,1921.0,1929.0,1926.5689697265625,2229214,0.0,0.0
2021-04-28 00:00:00+01:00,1932.5,1936.0,1920.0,1927.5,1925.0709228515625,2530990,0.0,0.0
2021-04-29 00:00:00+01:00,1897.0,1904.0,1854.5,1874.0,1871.962646484375,2700520,33.399998,0.0
2021-04-30 00:00:00+01:00,1874.0,1882.5,1861.0,1879.5,1877.4566650390625,3172441,0.0,0.0
2021-05-04 00:00:00+01:00,1889.5,1901.5,1853.5,1858.0,1855.9801025390625,3166563,0.0,0.0
2021-05-05 00:00:00+01:00,1859.5,1894.0,1859.5,1885.5,1883.4503173828125,3657329,0.0,0.0
2021-05-06 00:00:00+01:00,1890.5,1899.949951171875,1879.5,1899.0,1896.935546875,2877004,0.0,0.0
2021-05-07 00:00:00+01:00,1904.0,1918.0,1897.5,1913.0,1910.9202880859375,2269923,0.0,0.0
2021-05-10 00:00:00+01:00,1909.0,1910.5,1866.0,1872.5,1870.4642333984375,3251486,0.0,0.0
2021-05-11 00:00:00+01:00,1845.0,1854.5,1796.0,1813.0,1811.0291748046875,7372905,0.0,0.0
2021-05-12 00:00:00+01:00,1807.5,1829.0,1803.5,1816.5,1814.5255126953125,2809552,0.0,0.0
2021-05-13 00:00:00+01:00,1803.0,1825.0,1781.0,1824.5,1822.516357421875,1808623,0.0,0.0
2021-05-14 00:00:00+01:00,1846.5,1862.0,1842.0,1858.5,1856.4793701171875,4396068,0.0,0.0
2021-05-17 00:00:00+01:00,1854.0,1862.5,1849.5,1849.5,1847.4891357421875,1778249,0.0,0.0
2021-05-18 00:00:00+01:00,1865.0,1866.0,1837.5,1845.5,1843.4935302734375,2385711,0.0,0.0
2021-05-19 00:00:00+01:00,1833.0,1841.0,1812.0,1839.0,1837.0008544921875,2697848,0.0,0.0
2021-05-20 00:00:00+01:00,1857.0,1880.0,1853.0,1873.5,1871.4632568359375,2975223,0.0,0.0
2021-05-21 00:00:00+01:00,1867.0,1883.5,1862.5,1872.5,1870.4642333984375,2263084,0.0,0.0
2021-05-24 00:00:00+01:00,1876.0,1893.0,1875.89404296875,1884.0,1881.9517822265625,2420837,0.0,0.0
2021-05-25 00:00:00+01:00,1883.5,1917.2110595703125,1871.0,1883.5,1881.452392578125,1769629,0.0,0.0
2021-05-26 00:00:00+01:00,1884.0,1893.0,1866.25,1870.5,1868.466552734375,2233258,0.0,0.0
2021-05-27 00:00:00+01:00,1863.5,1870.0,1582.5,1838.5,1836.5013427734375,6067998,0.0,0.0
2021-05-28 00:00:00+01:00,1833.0,1853.0,1833.0,1839.0,1837.0008544921875,3371309,0.0,0.0
2021-06-01 00:00:00+01:00,1839.0,1870.5,1836.5,1847.0,1844.9918212890625,1556757,0.0,0.0
2021-06-02 00:00:00+01:00,1845.0,1864.5,1837.0,1850.0,1847.989013671875,1941084,0.0,0.0
2021-06-03 00:00:00+01:00,1852.0,1858.865966796875,1834.0,1850.5,1848.4884033203125,3970737,0.0,0.0
2021-06-04 00:00:00+01:00,1851.5,1853.0,1837.0,1847.0,1844.9918212890625,1485684,0.0,0.0
2021-06-07 00:00:00+01:00,1855.0,1861.8310546875,1839.5,1841.0,1838.9986572265625,1299674,0.0,0.0
2021-06-08 00:00:00+01:00,1844.5,1875.0,1838.5,1864.5,1862.4730224609375,1772302,0.0,0.0
2021-06-09 00:00:00+01:00,1861.0,1890.0,1855.0,1886.0,1883.94970703125,2107454,0.0,0.0
2021-06-10 00:00:00+01:00,1892.0,1901.5,1876.5,1886.0,1883.94970703125,2717017,0.0,0.0
2021-06-11 00:00:00+01:00,1883.0,1907.0,1883.0,1899.0,1896.935546875,1977836,0.0,0.0
2021-06-14 00:00:00+01:00,1914.0,1921.5,1904.0,1909.5,1907.4241943359375,2185071,0.0,0.0
2021-06-15 00:00:00+01:00,1926.0,1935.0,1911.0,1928.5,1926.4034423828125,3195078,0.0,0.0
2021-06-16 00:00:00+01:00,1926.5,1944.0,1920.260009765625,1944.0,1941.886474609375,5356790,0.0,0.0
2021-06-17 00:00:00+01:00,1924.0,1947.5,1916.5,1947.5,1945.3828125,2516616,0.0,0.0
2021-06-18 00:00:00+01:00,1948.5,1956.5,1916.5,1919.0,1916.9136962890625,4872192,0.0,0.0
2021-06-21 00:00:00+01:00,1901.0,1933.5,1901.0,1933.0,1930.8984375,1661264,0.0,0.0
2021-06-22 00:00:00+01:00,1932.5,1941.5,1922.0,1935.5,1933.3958740234375,2928242,0.0,0.0
2021-06-23 00:00:00+01:00,1932.0,1947.5,1915.5,1930.5,1928.4010009765625,3239950,0.0,0.0
2021-06-24 00:00:00+01:00,1934.0,1952.5,1929.5,1952.5,1950.3773193359375,2754166,0.0,0.0
2021-06-25 00:00:00+01:00,1952.5,1954.0,1932.5,1937.5,1935.393798828125,2015048,0.0,0.0
2021-06-28 00:00:00+01:00,1935.5,1945.0,1924.0,1929.0,1926.90283203125,3205964,0.0,0.0
2021-06-29 00:00:00+01:00,1925.0,1933.0,1908.5,1915.5,1913.417724609375,3260674,0.0,0.0
2021-06-30 00:00:00+01:00,1921.0,1932.344970703125,1903.5,1919.0,1916.9136962890625,2796846,0.0,0.0
2021-07-01 00:00:00+01:00,1931.5,1965.5,1929.0,1965.0,1962.8638916015625,3590346,0.0,0.0
2021-07-02 00:00:00+01:00,1966.5,1980.5,1961.0,1980.0,1977.8475341796875,2602437,0.0,0.0
2021-07-05 00:00:00+01:00,1982.5,1984.5,1974.5,1974.5,1972.353515625,1959414,0.0,0.0
2021-07-06 00:00:00+01:00,1965.5,2000.0,1965.5,2000.0,1997.82568359375,2907342,0.0,0.0
2021-07-07 00:00:00+01:00,2005.0,2023.0,1999.0,2023.0,2020.80078125,2429623,0.0,0.0
2021-07-08 00:00:00+01:00,2004.0,2013.0,1976.5,1986.0,1983.8409423828125,2159019,0.0,0.0
2021-07-09 00:00:00+01:00,2000.0,2012.0,1994.5,2008.0,2005.817138671875,3128398,0.0,0.0
2021-07-12 00:00:00+01:00,2003.0,2037.0,2001.0,2029.0,2026.7943115234375,2706662,0.0,0.0
2021-07-13 00:00:00+01:00,2034.0,2064.0,2022.0,2059.0,2056.761474609375,2951765,0.0,0.0
2021-07-14 00:00:00+01:00,2047.0,2081.238037109375,2030.0,2050.0,2047.771484375,2787516,0.0,0.0
2021-07-15 00:00:00+01:00,2043.0,2068.0,2033.0,2036.0,2033.78662109375,2333847,0.0,0.0
2021-07-16 00:00:00+01:00,2050.0,2061.0,2039.0,2056.0,2053.764892578125,3113221,0.0,0.0
2021-07-19 00:00:00+01:00,2045.0,2051.0,2013.0,2025.0,2022.7984619140625,3244067,0.0,0.0
2021-07-20 00:00:00+01:00,2045.0,2048.0,2024.0,2038.0,2035.78466796875,4203710,0.0,0.0
2021-07-21 00:00:00+01:00,2050.0,2056.0,2030.0,2033.0,2030.789794921875,2265016,0.0,0.0
2021-07-22 00:00:00+01:00,2032.0,2069.0,2028.0,2061.0,2058.75927734375,2234297,0.0,0.0
2021-07-23 00:00:00+01:00,2060.0,2070.0,2044.260009765625,2066.0,2063.754150390625,2649890,0.0,0.0
2021-07-26 00:00:00+01:00,2056.0,2059.0,2026.0,2032.0,2029.7908935546875,2035831,0.0,0.0
2021-07-27 00:00:00+01:00,2027.0,2038.0,2013.0,2029.0,2026.7943115234375,2331452,0.0,0.0
2021-07-28 00:00:00+01:00,2023.0,2037.0,2017.0,2034.0,2031.7889404296875,2288881,0.0,0.0
2021-07-29 00:00:00+01:00,2057.0,2108.43408203125,2051.0,2100.0,2097.716796875,6360374,0.0,0.0
2021-07-30 00:00:00+01:00,2082.0,2121.0,2076.0,2114.0,2111.701904296875,3353083,0.0,0.0
2021-08-02 00:00:00+01:00,2130.0,2145.0,2077.0,2116.0,2113.69970703125,2596993,0.0,0.0
2021-08-03 00:00:00+01:00,2111.0,2147.0,2109.0,2131.0,2128.68310546875,3878934,0.0,0.0
2021-08-04 00:00:00+01:00,2138.0,2174.0,2126.0,2173.0,2170.6376953125,3388070,0.0,0.0
2021-08-05 00:00:00+01:00,2173.0,2187.0,2152.0,2158.0,2155.79638671875,4596871,14.300001,0.0
2021-08-06 00:00:00+01:00,2163.0,2169.0,2127.0,2132.0,2129.822265625,4006121,0.0,0.0
2021-08-09 00:00:00+01:00,2131.0,2144.0,2123.0,2139.0,2136.815185546875,4582639,0.0,0.0
2021-08-10 00:00:00+01:00,2136.0,2142.0,2119.0,2133.0,2130.821533203125,2711850,0.0,0.0
2021-08-11 00:00:00+01:00,2141.0,2162.0,2137.0,2160.0,2157.793701171875,2293754,0.0,0.0
2021-08-12 00:00:00+01:00,2156.0,2169.0,2155.0,2169.0,2166.7841796875,2777649,0.0,0.0
2021-08-13 00:00:00+01:00,2173.0,2180.0,2168.0,2171.0,2168.78271484375,1158974,0.0,0.0
2021-08-16 00:00:00+01:00,2151.0,2165.0,2149.0,2165.0,2162.78857421875,2442820,0.0,0.0
2021-08-17 00:00:00+01:00,2160.0,2175.80908203125,2154.0,2173.0,2170.780517578125,1982674,0.0,0.0
2021-08-18 00:00:00+01:00,2181.0,2182.0,2161.0,2170.0,2167.783935546875,1889344,0.0,0.0
2021-08-19 00:00:00+01:00,2146.0,2172.0,2142.0,2172.0,2169.78125,1773515,0.0,0.0
2021-08-20 00:00:00+01:00,2176.0,2181.0,2159.27001953125,2175.0,2172.778564453125,2326547,0.0,0.0
2021-08-23 00:00:00+01:00,2188.0,2190.0,2163.0,2180.0,2177.773681640625,1549189,0.0,0.0
2021-08-24 00:00:00+01:00,2185.0,2188.0,2154.0,2178.0,2175.775634765625,2208750,0.0,0.0
2021-08-25 00:00:00+01:00,2177.0,2183.0,2155.0,2165.0,2162.78857421875,1793196,0.0,0.0
2021-08-26 00:00:00+01:00,2159.0,2181.0,2158.0,2176.0,2173.777587890625,1821787,0.0,0.0
2021-08-27 00:00:00+01:00,2174.0,2185.0,2169.550048828125,2177.0,2174.776123046875,1317628,0.0,0.0
2021-08-31 00:00:00+01:00,2185.0,2188.0,2164.0,2182.0,2179.771240234375,3788210,0.0,0.0
2021-09-01 00:00:00+01:00,2198.0,2199.0,2182.0,2195.0,2192.7578125,5567825,0.0,0.0
2021-09-02 00:00:00+01:00,2192.0,2207.0,2186.0,2203.0,2200.75,3428081,0.0,0.0
2021-09-03 00:00:00+01:00,2205.0,2207.0,2178.0,2191.0,2188.761962890625,2532911,0.0,0.0
2021-09-06 00:00:00+01:00,2203.0,2220.0,2194.52490234375,2213.0,2210.739990234375,1255921,0.0,0.0
2021-09-07 00:00:00+01:00,2211.0,2211.001953125,2195.534912109375,2205.0,2202.748046875,2353881,0.0,0.0
2021-09-08 00:00:00+01:00,2189.0,2209.0,2163.0,2203.0,2200.75,2495986,0.0,0.0
2021-09-09 00:00:00+01:00,2180.0,2198.0,2176.0,2186.0,2183.767333984375,2980615,0.0,0.0
2021-09-10 00:00:00+01:00,2198.0,2198.0,2172.0,2178.0,2175.775634765625,1689824,0.0,0.0
2021-09-13 00:00:00+01:00,2186.2529296875,2202.5,2186.0,2188.0,2185.76513671875,47999,0.0,0.0
2021-09-14 00:00:00+01:00,2163.0,2194.0,2134.0,2194.0,2191.759033203125,2166741,0.0,0.0
2021-09-15 00:00:00+01:00,2192.0,2194.0,2166.0,2166.0,2163.78759765625,3048016,0.0,0.0
2021-09-16 00:00:00+01:00,2179.0,2199.0,2176.0,2198.0,2195.75537109375,3017391,0.0,0.0
2021-09-17 00:00:00+01:00,2211.0,2220.0,2180.0,2196.0,2193.7568359375,7872208,0.0,0.0
2021-09-20 00:00:00+01:00,2177.0,2195.0,2168.0,2195.0,2192.7578125,2442356,0.0,0.0
2021-09-21 00:00:00+01:00,2207.0,2231.0,2202.0,2220.0,2217.732421875,5546257,0.0,0.0
2021-09-22 00:00:00+01:00,2225.0,2236.0,2212.0,2226.0,2223.7265625,2072996,0.0,0.0
2021-09-23 00:00:00+01:00,2239.0,2246.0,2215.0,2215.0,2212.7373046875,2887682,0.0,0.0
2021-09-24 00:00:00+01:00,2209.0,2216.0,2186.199951171875,2195.0,2192.7578125,2200017,0.0,0.0
2021-09-27 00:00:00+01:00,2212.0,2216.0,2146.0,2148.0,2145.80615234375,3066849,0.0,0.0
2021-09-28 00:00:00+01:00,2107.0,2135.0,2098.0,2125.0,2122.829345703125,2764248,0.0,0.0
2021-09-29 00:00:00+01:00,2148.0,2157.0,2141.0,2157.0,2154.796630859375,2326510,0.0,0.0
2021-09-30 00:00:00+01:00,2167.0,2186.0,2146.0,2147.0,2144.806884765625,5067787,0.0,0.0
2021-10-01 00:00:00+01:00,2134.0,2174.0,2127.0,2170.0,2167.783935546875,3636389,0.0,0.0
2021-10-04 00:00:00+01:00,2157.0,2174.0,2134.5,2139.0,2136.815185546875,2281192,0.0,0.0
2021-10-05 00:00:00+01:00,2149.0,2167.0,2129.0,2163.0,2160.790771484375,2556827,0.0,0.0
2021-10-06 00:00:00+01:00,2143.0,2148.0,2099.0,2145.0,2142.80908203125,4021649,0.0,0.0
2021-10-07 00:00:00+01:00,2164.0,2187.0,2155.0,2166.0,2163.78759765625,2984026,0.0,0.0
2021-10-08 00:00:00+01:00,2166.0,2174.0,2139.0,2146.0,2143.807861328125,2292263,0.0,0.0
2021-10-11 00:00:00+01:00,2135.0,2155.0,2118.0,2155.0,2152.798828125,2370266,0.0,0.0
2021-10-12 00:00:00+01:00,2147.0,2158.72705078125,2135.0,2150.0,2147.8037109375,1660785,0.0,0.0
2021-10-13 00:00:00+01:00,2134.0,2171.0,2129.0,2166.0,2163.78759765625,2033447,0.0,0.0
2021-10-14 00:00:00+01:00,2179.0,2193.0,2166.0,2192.0,2189.760986328125,1741070,0.0,0.0
2021-10-15 00:00:00+01:00,2202.0,2208.345947265625,2179.0,2187.0,2184.765869140625,3861181,0.0,0.0
2021-10-18 00:00:00+01:00,2171.0,2201.0,2169.0,2192.0,2189.760986328125,2299083,0.0,0.0
2021-10-19 00:00:00+01:00,2205.0,2205.0,2184.0,2202.0,2199.750732421875,3307078,0.0,0.0
2021-10-20 00:00:00+01:00,2205.0,2230.0,2198.0,2215.0,2212.7373046875,2070542,0.0,0.0
2021-10-21 00:00:00+01:00,2210.0,2266.0,2201.0,2250.0,2247.701904296875,3837524,0.0,0.0
2021-10-22 00:00:00+01:00,2260.0,2274.0,2241.0,2246.0,2243.705810546875,2836576,0.0,0.0
2021-10-25 00:00:00+01:00,2264.0,2266.0,2205.0,2227.0,2224.72509765625,5762542,0.0,0.0
2021-10-26 00:00:00+01:00,2229.0,2253.0,2228.0,2243.0,2240.709228515625,2005822,0.0,0.0
2021-10-27 00:00:00+01:00,2248.0,2259.27294921875,2242.0,2254.0,2251.69775390625,4933477,0.0,0.0
2021-10-28 00:00:00+01:00,2269.0,2269.0,2238.0,2259.0,2256.692626953125,1988455,0.0,0.0
2021-10-29 00:00:00+01:00,2251.0,2270.0,2230.264892578125,2264.0,2261.687255859375,2448802,0.0,0.0
2021-11-01 00:00:00+00:00,2287.0,2290.0,2230.260009765625,2274.0,2271.67724609375,2040961,0.0,0.0
2021-11-02 00:00:00+00:00,2277.0,2307.0,2270.0,2307.0,2304.6435546875,2443268,0.0,0.0
2021-11-03 00:00:00+00:00,2294.0,2322.0,2294.0,2322.0,2319.628173828125,2416987,0.0,0.0
2021-11-04 00:00:00+00:00,2324.0,2373.0,2320.0,2365.0,2362.58447265625,3626523,0.0,0.0
2021-11-05 00:00:00+00:00,2348.0,2375.0,2348.0,2350.0,2347.599853515625,2491101,0.0,0.0
2021-11-08 00:00:00+00:00,2344.0,2363.0,2329.0,2330.0,2327.6201171875,2798686,0.0,0.0
2021-11-09 00:00:00+00:00,2330.0,2348.0,2323.0,2338.0,2335.61181640625,2694312,0.0,0.0
2021-11-10 00:00:00+00:00,2328.0,2360.0,2326.0,2360.0,2357.58935546875,2607899,0.0,0.0
2021-11-11 00:00:00+00:00,2354.0,2372.0,2352.0,2363.0,2360.58642578125,2112703,0.0,0.0
2021-11-12 00:00:00+00:00,2365.0,2382.26708984375,2356.0,2380.0,2377.5693359375,2968706,0.0,0.0
2021-11-15 00:00:00+00:00,2368.0,2380.0,2344.0,2358.0,2355.591552734375,3531557,0.0,0.0
2021-11-16 00:00:00+00:00,2350.0,2361.0,2337.0,2340.0,2337.60986328125,3080171,0.0,0.0
2021-11-17 00:00:00+00:00,2333.0,2352.0,2327.580078125,2340.0,2337.60986328125,3154956,0.0,0.0
2021-11-18 00:00:00+00:00,2341.0,2355.0,2336.0,2340.0,2337.60986328125,3615090,0.0,0.0
2021-11-19 00:00:00+00:00,2340.0,2382.0,2332.0,2367.0,2364.582275390625,4874579,0.0,0.0
2021-11-22 00:00:00+00:00,2366.0,2634.820068359375,2360.0,2367.0,2364.582275390625,3460843,0.0,0.0
2021-11-23 00:00:00+00:00,2356.0,2363.0,2324.0,2331.0,2328.619140625,2712295,0.0,0.0
2021-11-24 00:00:00+00:00,2330.0,2346.469970703125,2317.0,2343.0,2340.606689453125,3535452,0.0,0.0
2021-11-25 00:00:00+00:00,2343.0,2359.0,2339.0,2350.0,2347.599853515625,6136082,0.0,0.0
2021-11-26 00:00:00+00:00,2284.0,2334.0,2275.0,2309.0,2306.6416015625,4004470,0.0,0.0
2021-11-29 00:00:00+00:00,2317.0,2361.0,2312.0,2343.0,2340.606689453125,3949419,0.0,0.0
2021-11-30 00:00:00+00:00,2333.0,2351.0,2310.0,2337.0,2334.61279296875,6699602,0.0,0.0
2021-12-01 00:00:00+00:00,2347.0,2353.0,2309.0,2345.0,2342.60498046875,4675430,0.0,0.0
2021-12-02 00:00:00+00:00,2327.0,2346.0,2317.0,2344.0,2341.60595703125,3766498,0.0,0.0
2021-12-03 00:00:00+00:00,2371.0,2375.0,2334.0,2344.0,2341.60595703125,1969662,0.0,0.0
2021-12-06 00:00:00+00:00,2359.0,2387.0,2349.445068359375,2379.0,2376.570068359375,1788059,0.0,0.0
2021-12-07 00:00:00+00:00,2379.0,2429.0,2374.0,2424.0,2421.524169921875,2896929,0.0,0.0
2021-12-08 00:00:00+00:00,2438.0,2451.0,2407.0,2408.0,2405.54052734375,2527438,0.0,0.0
2021-12-09 00:00:00+00:00,2418.0,2427.0,2401.43505859375,2416.0,2413.531982421875,2935443,0.0,0.0
2021-12-10 00:00:00+00:00,2405.0,2416.0,2391.0,2402.0,2399.546630859375,2605169,0.0,0.0
2021-12-13 00:00:00+00:00,2408.0,2408.0,2381.0,2396.0,2393.552734375,2771397,0.0,0.0
2021-12-14 00:00:00+00:00,2407.0,2414.0,2357.0,2357.0,2354.5927734375,2276394,0.0,0.0
2021-12-15 00:00:00+00:00,2368.0,2400.283935546875,2351.0,2374.0,2371.575439453125,2614493,0.0,0.0
2021-12-16 00:00:00+00:00,2400.0,2404.0,2343.0,2373.0,2370.576171875,4777435,0.0,0.0
2021-12-17 00:00:00+00:00,2357.0,2400.283935546875,2320.0,2340.0,2337.60986328125,5265180,0.0,0.0
2021-12-20 00:00:00+00:00,2308.0,2348.0,2298.0,2348.0,2345.601806640625,3555239,0.0,0.0
2021-12-21 00:00:00+00:00,2374.0,2380.0,2342.0,2351.0,2348.5986328125,2011173,0.0,0.0
2021-12-22 00:00:00+00:00,2360.0,2372.0,2337.0,2372.0,2369.577392578125,1999932,0.0,0.0
2021-12-23 00:00:00+00:00,2377.0,2378.0,2350.0,2375.0,2372.573974609375,1638820,0.0,0.0
2021-12-24 00:00:00+00:00,2375.0,2380.280029296875,2367.0,2372.0,2369.577392578125,278010,0.0,0.0
2021-12-29 00:00:00+00:00,2399.0,2423.0,2388.0,2417.0,2414.531494140625,2338783,0.0,0.0
2021-12-30 00:00:00+00:00,2418.0,2420.0,2403.0,2404.0,2401.544921875,1275320,0.0,0.0
2021-12-31 00:00:00+00:00,2400.0,2402.0,2385.0,2402.0,2399.546630859375,594356,0.0,0.0
2022-01-04 00:00:00+00:00,2395.0,2400.0,2364.0,2370.0,2367.579345703125,2971892,0.0,0.0
2022-01-05 00:00:00+00:00,2354.0,2374.0,2345.0,2349.0,2346.600830078125,2674766,0.0,0.0
2022-01-06 00:00:00+00:00,2290.0,2304.0,2219.251953125,2237.0,2234.715087890625,3730867,0.0,0.0
2022-01-07 00:00:00+00:00,2225.0,2234.39501953125,2206.0,2233.0,2230.71923828125,4087889,0.0,0.0
2022-01-10 00:00:00+00:00,2228.0,2228.0,2168.0,2188.0,2185.76513671875,3483021,0.0,0.0
2022-01-11 00:00:00+00:00,2200.0,2212.0,2189.0,2208.0,2205.74462890625,3641329,0.0,0.0
2022-01-12 00:00:00+00:00,2224.0,2227.0,2200.0,2213.0,2210.739990234375,4826684,0.0,0.0
2022-01-13 00:00:00+00:00,2198.0,2204.0,2172.544921875,2186.0,2183.767333984375,2668776,0.0,0.0
2022-01-14 00:00:00+00:00,2186.0,2227.0,2184.0,2196.0,2193.7568359375,2756253,0.0,0.0
2022-01-17 00:00:00+00:00,2200.0,2253.0,2195.0,2249.0,2246.702880859375,2873168,0.0,0.0
2022-01-18 00:00:00+00:00,2243.0,2244.0,2223.0,2237.0,2234.715087890625,4322556,0.0,0.0
2022-01-19 00:00:00+00:00,2214.0,2263.0,2209.0,2260.0,2257.69140625,3849610,0.0,0.0
2022-01-20 00:00:00+00:00,2268.0,2294.0,2236.0,2282.0,2279.669189453125,3666920,0.0,0.0
2022-01-21 00:00:00+00:00,2259.0,2296.0,2255.0,2264.0,2261.687255859375,4441559,0.0,0.0
2022-01-24 00:00:00+00:00,2242.0,2275.0,2227.0,2228.0,2225.724365234375,7292967,0.0,0.0
2022-01-25 00:00:00+00:00,2243.0,2247.0,2207.626953125,2218.0,2215.734619140625,3348878,0.0,0.0
2022-01-26 00:00:00+00:00,2228.0,2250.0,2219.0,2234.0,2231.71826171875,2788644,0.0,0.0
2022-01-27 00:00:00+00:00,2205.0,2258.0,2198.0,2255.0,2252.696533203125,4226053,0.0,0.0
2022-01-28 00:00:00+00:00,2224.0,2241.0,2214.0,2233.0,2230.71923828125,7740196,0.0,0.0
2022-01-31 00:00:00+00:00,2253.0,2272.0,2235.0,2270.0,2267.681396484375,2688909,0.0,0.0
2022-02-01 00:00:00+00:00,2287.0,2297.0,2263.0,2275.0,2272.67626953125,3612637,0.0,0.0
2022-02-02 00:00:00+00:00,2299.0,2320.0,2287.0,2308.0,2305.642333984375,3318883,0.0,0.0
2022-02-03 00:00:00+00:00,2309.0,2316.0,2264.0,2267.0,2264.684814453125,4196646,0.0,0.0
2022-02-04 00:00:00+00:00,2277.0,2286.0,2258.39990234375,2266.0,2263.685546875,3702213,0.0,0.0
2022-02-07 00:00:00+00:00,2265.0,2306.0,2263.0,2284.0,2281.6669921875,3916142,0.0,0.0
2022-02-08 00:00:00+00:00,2279.0,2290.0,2246.464111328125,2267.0,2264.684814453125,6921505,0.0,0.0
2022-02-09 00:00:00+00:00,2280.0,2321.0,2266.39990234375,2311.0,2308.639404296875,2417575,0.0,0.0
2022-02-10 00:00:00+00:00,2264.0,2301.0,2171.0,2267.0,2264.684814453125,7132937,0.0,0.0
2022-02-11 00:00:00+00:00,2236.0,2282.0,2236.0,2273.0,2270.67822265625,4080391,0.0,0.0
2022-02-14 00:00:00+00:00,2257.0,2269.0,2211.0,2239.0,2236.713134765625,4407553,0.0,0.0
2022-02-15 00:00:00+00:00,2245.0,2285.0,2243.0,2275.0,2272.67626953125,5634629,0.0,0.0
2022-02-16 00:00:00+00:00,2270.0,2282.0,2250.0,2261.0,2258.69091796875,3854988,0.0,0.0
2022-02-17 00:00:00+00:00,2252.0,2271.0,2233.0,2241.0,2238.711181640625,3444541,0.0,0.0
2022-02-18 00:00:00+00:00,2244.0,2253.0,2233.0,2233.0,2230.71923828125,6612768,0.0,0.0
2022-02-21 00:00:00+00:00,2263.0,2265.0,2205.0,2214.0,2211.738525390625,2782147,0.0,0.0
2022-02-22 00:00:00+00:00,2189.0,2245.0,2184.0,2239.0,2236.713134765625,3425931,0.0,0.0
2022-02-23 00:00:00+00:00,2243.0,2263.0,2231.0,2245.0,2242.70703125,3553305,0.0,0.0
2022-02-24 00:00:00+00:00,2210.0,2246.794921875,2193.0,2204.0,2201.748291015625,4965393,0.0,0.0
2022-02-25 00:00:00+00:00,2214.0,2268.0,2189.0,2263.0,2260.68896484375,5235067,0.0,0.0
2022-02-28 00:00:00+00:00,2244.0,2290.0,2217.0,2281.0,2278.67041015625,4636737,0.0,0.0
2022-03-01 00:00:00+00:00,2279.0,2305.0,2263.0,2290.0,2287.661376953125,4735535,0.0,0.0
2022-03-02 00:00:00+00:00,2287.0,2349.0,2287.0,2328.0,2325.6220703125,5247409,0.0,0.0
2022-03-03 00:00:00+00:00,2315.0,2341.0,2305.0,2321.0,2318.629638671875,4296156,0.0,0.0
2022-03-04 00:00:00+00:00,2297.0,2310.0,2245.0,2259.0,2256.692626953125,5490936,0.0,0.0
2022-03-07 00:00:00+00:00,2203.0,2232.0,2168.0,2213.0,2210.739990234375,5601362,0.0,0.0
2022-03-08 00:00:00+00:00,2194.0,2202.0,2071.0,2071.0,2068.884765625,9894319,0.0,0.0
2022-03-09 00:00:00+00:00,2098.0,2147.0,2094.0,2146.0,2143.807861328125,5066206,0.0,0.0
2022-03-10 00:00:00+00:00,2139.0,2167.0,2095.72802734375,2108.0,2105.846923828125,4865789,0.0,0.0
2022-03-11 00:00:00+00:00,2116.0,2147.0,2056.0,2112.0,2109.843017578125,4607224,0.0,0.0
2022-03-14 00:00:00+00:00,2114.0,2138.0,2089.0,2133.0,2130.821533203125,4215161,0.0,0.0
2022-03-15 00:00:00+00:00,2133.0,2192.0,2126.0,2189.0,2186.76416015625,6434050,0.0,0.0
2022-03-16 00:00:00+00:00,2196.0,2256.0,2192.0,2236.0,2233.716064453125,4062150,0.0,0.0
2022-03-17 00:00:00+00:00,2225.0,2294.0,2225.0,2291.0,2288.659912109375,2764544,0.0,0.0
2022-03-18 00:00:00+00:00,2280.0,2308.0,2264.24609375,2308.0,2305.642333984375,5114657,0.0,0.0
2022-03-21 00:00:00+00:00,2302.0,2321.0,2295.0,2310.0,2307.640625,3601237,0.0,0.0
2022-03-22 00:00:00+00:00,2307.0,2326.595947265625,2294.0,2324.0,2321.626220703125,3429720,0.0,0.0
2022-03-23 00:00:00+00:00,2327.0,2346.0,2312.0,2317.0,2314.633544921875,3595905,0.0,0.0
2022-03-24 00:00:00+00:00,2310.0,2336.0,2310.0,2320.0,2317.63037109375,2498268,0.0,0.0
2022-03-25 00:00:00+00:00,2317.0,2343.330078125,2305.0,2305.0,2302.645751953125,3620802,0.0,0.0
2022-03-28 00:00:00+01:00,2318.0,2356.0,2308.0,2344.0,2341.60595703125,3239877,0.0,0.0
2022-03-29 00:00:00+01:00,2360.0,2427.0,2355.0,2384.0,2381.565185546875,5056763,0.0,0.0
2022-03-30 00:00:00+01:00,2386.0,2386.0,2342.0,2375.0,2372.573974609375,4593796,0.0,0.0
2022-03-31 00:00:00+01:00,2392.0,2413.0,2376.0,2383.0,2380.565673828125,3614408,0.0,0.0
2022-04-01 00:00:00+01:00,2384.0,2388.0,2356.0,2365.0,2362.58447265625,1905632,0.0,0.0
2022-04-04 00:00:00+01:00,2376.0,2419.0,2369.0,2408.0,2405.54052734375,2824939,0.0,0.0
2022-04-05 00:00:00+01:00,2409.0,2445.0,2405.0,2445.0,2442.502685546875,4198500,0.0,0.0
2022-04-06 00:00:00+01:00,2432.0,2465.0,2426.0,2447.0,2444.50048828125,5873652,0.0,0.0
2022-04-07 00:00:00+01:00,2449.0,2465.0,2439.595947265625,2449.0,2446.4990234375,3545130,0.0,0.0
2022-04-08 00:00:00+01:00,2464.0,2474.0,2416.0,2444.0,2441.50390625,2745419,0.0,0.0
2022-04-11 00:00:00+01:00,2436.0,2455.0,2427.0,2434.0,2431.514404296875,3871460,0.0,0.0
2022-04-12 00:00:00+01:00,2423.0,2425.0,2389.0,2407.0,2404.54150390625,5059130,0.0,0.0
2022-04-13 00:00:00+01:00,2396.0,2420.0,2395.0,2419.0,2416.529541015625,2330498,0.0,0.0
2022-04-14 00:00:00+01:00,2407.0,2443.0,2401.580078125,2439.0,2436.5087890625,3337716,0.0,0.0
2022-04-19 00:00:00+01:00,2434.0,2441.0,2389.10009765625,2399.0,2396.550048828125,5618782,0.0,0.0
2022-04-20 00:00:00+01:00,2407.0,2412.5,2381.0,2405.0,2402.54345703125,4672885,0.0,0.0
2022-04-21 00:00:00+01:00,2422.0,2442.469970703125,2376.0,2399.0,2396.550048828125,7642393,0.0,0.0
2022-04-22 00:00:00+01:00,2373.0,2418.0,2362.0,2395.0,2392.5537109375,4236830,0.0,0.0
2022-04-25 00:00:00+01:00,2364.0,2419.0,2353.0,2405.0,2402.54345703125,10461262,0.0,0.0
2022-04-26 00:00:00+01:00,2423.0,2448.43994140625,2403.0,2406.0,2403.542236328125,3472398,0.0,0.0
2022-04-27 00:00:00+01:00,2392.0,2427.0,2373.0,2415.0,2412.533447265625,3575645,0.0,0.0
2022-04-28 00:00:00+01:00,2402.0,2425.0,2379.0,2425.0,2422.879150390625,3078984,35.5,0.0
2022-04-29 00:00:00+01:00,2407.0,2424.75,2379.0,2393.0,2390.906982421875,7529580,0.0,0.0
2022-05-03 00:00:00+01:00,2367.0,2388.0,2336.0,2351.0,2348.94384765625,9076960,0.0,0.0
2022-05-04 00:00:00+01:00,2347.0,2373.0,2346.0,2347.0,2344.947509765625,3989524,0.0,0.0
2022-05-05 00:00:00+01:00,2374.0,2414.0,2361.0,2375.0,2372.9228515625,6776546,0.0,0.0
2022-05-06 00:00:00+01:00,2371.0,2383.0,2301.0,2307.0,2304.982421875,9589683,0.0,0.0
2022-05-09 00:00:00+01:00,2324.0,2344.26904296875,2268.0,2299.0,2296.989501953125,4947511,0.0,0.0
2022-05-10 00:00:00+01:00,2305.0,2329.0,2292.0,2300.0,2297.988525390625,3136430,0.0,0.0
2022-05-11 00:00:00+01:00,2314.0,2316.0,2272.0,2299.0,2296.989501953125,3825904,0.0,0.0
2022-05-12 00:00:00+01:00,2269.0,2273.0,2226.0,2251.0,2249.031494140625,3980814,0.0,0.0
2022-05-13 00:00:00+01:00,2257.0,2304.0,2241.0,2293.0,2290.99462890625,7712096,0.0,0.0
2022-05-16 00:00:00+01:00,2286.0,2328.0,2270.0,2308.0,2305.9814453125,4205914,0.0,0.0
2022-05-17 00:00:00+01:00,2306.0,2310.0,2285.654052734375,2300.0,2297.988525390625,4676282,0.0,0.0
2022-05-18 00:00:00+01:00,2298.0,2316.0,2276.0,2290.0,2287.99755859375,7178282,0.0,0.0
2022-05-19 00:00:00+01:00,2272.0,2276.0,2206.0,2240.0,2238.041015625,7195171,0.0,0.0
2022-05-20 00:00:00+01:00,2251.0,2294.0,2250.0,2265.0,2263.019287109375,9409437,0.0,0.0
2022-05-23 00:00:00+01:00,2282.0,2309.0,2278.0,2301.0,2298.98779296875,7799244,0.0,0.0
2022-05-24 00:00:00+01:00,2292.0,2339.0,2288.0,2312.0,2309.97802734375,8031394,0.0,0.0
2022-05-25 00:00:00+01:00,2310.0,2321.0,2279.0,2279.0,2277.006591796875,4186059,0.0,0.0
2022-05-26 00:00:00+01:00,2288.0,2296.0,2258.0,2269.0,2267.015625,2837918,0.0,0.0
2022-05-27 00:00:00+01:00,2279.0,2303.0,2256.0,2283.0,2281.00341796875,3421047,0.0,0.0
2022-05-30 00:00:00+01:00,2295.0,2303.0,2286.0,2291.0,2288.99658203125,2809848,0.0,0.0
2022-05-31 00:00:00+01:00,2288.0,2294.0,2265.0,2276.0,2274.009765625,9320599,0.0,0.0
2022-06-01 00:00:00+01:00,2272.0,2276.0,2206.0,2207.0,2205.06982421875,4192825,0.0,0.0
2022-06-06 00:00:00+01:00,2222.0,2265.0,2221.0,2243.0,2241.03857421875,5231515,0.0,0.0
2022-06-07 00:00:00+01:00,2236.0,2245.0,2216.0,2223.0,2221.055908203125,4101206,0.0,0.0
2022-06-08 00:00:00+01:00,2233.0,2233.0,2199.0,2211.0,2209.06640625,9504510,0.0,0.0
2022-06-09 00:00:00+01:00,2203.0,2209.0,2176.0,2181.0,2179.09228515625,5664983,0.0,0.0
2022-06-10 00:00:00+01:00,2172.0,2178.0,2137.0,2158.0,2156.112548828125,4959684,0.0,0.0
2022-06-13 00:00:00+01:00,2141.0,2164.0,2132.0,2144.0,2142.125,5871687,0.0,0.0
2022-06-14 00:00:00+01:00,2155.0,2165.0,2075.0,2081.0,2079.18017578125,7082698,0.0,0.0
2022-06-15 00:00:00+01:00,2093.0,2124.0,2083.0,2116.0,2114.14990234375,6566780,0.0,0.0
2022-06-16 00:00:00+01:00,2097.0,2109.0,2064.0,2082.0,2080.178955078125,5649284,0.0,0.0
2022-06-17 00:00:00+01:00,2086.0,2117.0,2074.0,2087.0,2085.175048828125,10139184,0.0,0.0
2022-06-20 00:00:00+01:00,2099.0,2115.0,2086.0,2091.0,2089.171630859375,4666158,0.0,0.0
2022-06-21 00:00:00+01:00,2092.0,2127.0,2089.0,2102.0,2100.16162109375,3290101,0.0,0.0
2022-06-22 00:00:00+01:00,2085.0,2127.0,2076.0,2125.0,2123.1416015625,5633806,0.0,0.0
2022-06-23 00:00:00+01:00,2116.0,2146.0,2111.0,2124.0,2122.142333984375,7212273,0.0,0.0
2022-06-24 00:00:00+01:00,2129.0,2208.0,2124.0,2205.0,2203.07177734375,7060485,0.0,0.0
2022-06-27 00:00:00+01:00,2208.0,2243.0,2203.0,2235.0,2233.04541015625,6822746,0.0,0.0
2022-06-28 00:00:00+01:00,2236.0,2244.297119140625,2214.0,2214.0,2212.06396484375,6199052,0.0,0.0
2022-06-29 00:00:00+01:00,2199.0,2240.0,2189.0,2236.0,2234.04443359375,3347306,0.0,0.0
2022-06-30 00:00:00+01:00,2199.0,2226.0,2184.0,2226.0,2224.053466796875,4268366,0.0,0.0
2022-07-01 00:00:00+01:00,2194.0,2238.0,2193.0,2210.0,2208.067138671875,4234937,0.0,0.0
2022-07-04 00:00:00+01:00,2214.0,2241.0,2210.0,2236.0,2234.04443359375,2574060,0.0,0.0
2022-07-05 00:00:00+01:00,2224.0,2230.0,2164.0,2189.0,2187.085693359375,8161440,0.0,0.0
2022-07-06 00:00:00+01:00,2218.0,2281.0,2186.6708984375,2267.0,2265.017333984375,5991865,0.0,0.0
2022-07-07 00:00:00+01:00,2275.0,2286.0,2250.0,2250.0,2248.032470703125,9264774,0.0,0.0
2022-07-08 00:00:00+01:00,2260.0,2273.0,2228.0,2242.0,2240.039306640625,3180568,0.0,0.0
2022-07-11 00:00:00+01:00,2232.0,2274.60009765625,2224.0,2273.0,2271.01171875,2659363,0.0,0.0
2022-07-12 00:00:00+01:00,2258.0,2283.0,2254.0,2267.0,2265.017333984375,3327788,0.0,0.0
2022-07-13 00:00:00+01:00,2257.0,2266.0,2231.0,2264.0,2262.019775390625,5945842,0.0,0.0
2022-07-14 00:00:00+01:00,2276.0,2282.0,2260.0,2274.0,2272.011474609375,3443867,0.0,0.0
2022-07-15 00:00:00+01:00,2285.0,2312.0,2259.0,2311.0,2308.97900390625,3860783,0.0,0.0
2022-07-18 00:00:00+01:00,2320.0,2320.0,2290.0,2296.0,2293.991943359375,5826700,0.0,0.0
2022-07-19 00:00:00+01:00,2288.0,2320.0,2281.0,2311.0,2308.97900390625,6389998,0.0,0.0
2022-07-20 00:00:00+01:00,2327.0,2328.0,2299.0,2315.0,2312.975341796875,9896323,0.0,0.0
2022-07-21 00:00:00+01:00,2321.0,2361.0,2319.0,2352.0,2349.94287109375,4253651,0.0,0.0
2022-07-22 00:00:00+01:00,2354.0,2378.0,2344.0,2358.0,2355.93798828125,2656315,0.0,0.0
2022-07-25 00:00:00+01:00,2360.0,2372.0,2336.0,2345.0,2342.949462890625,2415236,0.0,0.0
2022-07-26 00:00:00+01:00,2344.0,2361.0,2339.0,2344.0,2341.949951171875,2724197,0.0,0.0
2022-07-27 00:00:00+01:00,2344.0,2366.0,2324.0,2358.0,2355.93798828125,3975400,0.0,0.0
2022-07-28 00:00:00+01:00,2374.0,2399.0,2314.0,2399.0,2396.90234375,5284431,0.0,0.0
2022-07-29 00:00:00+01:00,2404.0,2432.0,2392.0,2426.0,2423.87841796875,3974349,0.0,0.0
2022-08-01 00:00:00+01:00,2416.0,2433.0,2410.0,2419.0,2416.884765625,4021962,0.0,0.0
2022-08-02 00:00:00+01:00,2415.0,2428.0,2407.39990234375,2416.0,2413.88671875,2833516,0.0,0.0
2022-08-03 00:00:00+01:00,2395.0,2433.0,2394.780029296875,2432.0,2429.873046875,3197709,0.0,0.0
2022-08-04 00:00:00+01:00,2419.0,2434.0,2392.0,2418.0,2416.04150390625,3883349,15.700001,0.0
2022-08-05 00:00:00+01:00,2426.0,2427.0,2380.0,2384.0,2382.06884765625,1899497,0.0,0.0
2022-08-08 00:00:00+01:00,2408.0,2414.0,2394.0,2398.0,2396.0576171875,3004382,0.0,0.0
2022-08-09 00:00:00+01:00,2415.0,2417.0,2389.800048828125,2415.0,2413.043701171875,4120503,0.0,0.0
2022-08-10 00:00:00+01:00,2402.0,2416.0,2393.0,2411.0,2409.047119140625,6030189,0.0,0.0
2022-08-11 00:00:00+01:00,2416.0,2419.0,2364.0,2376.0,2374.075439453125,2633418,0.0,0.0
2022-08-12 00:00:00+01:00,2373.0,2388.0,2363.0,2378.0,2376.07373046875,3677098,0.0,0.0
2022-08-15 00:00:00+01:00,2381.0,2400.27587890625,2376.0,2393.0,2391.061279296875,2181169,0.0,0.0
2022-08-16 00:00:00+01:00,2405.0,2406.0,2371.0,2384.0,2382.06884765625,5299250,0.0,0.0
2022-08-17 00:00:00+01:00,2381.0,2402.637939453125,2375.0,2389.0,2387.06494140625,3101012,0.0,0.0
2022-08-18 00:00:00+01:00,2398.0,2418.0,2372.27197265625,2418.0,2416.04150390625,3866920,0.0,0.0
2022-08-19 00:00:00+01:00,2414.0,2462.0,2411.0,2437.0,2435.02587890625,4295531,0.0,0.0
2022-08-22 00:00:00+01:00,2429.0,2451.0,2423.0,2440.0,2438.023681640625,4736224,0.0,0.0
2022-08-23 00:00:00+01:00,2427.0,2435.0,2351.64990234375,2364.0,2362.0849609375,3347390,0.0,0.0
2022-08-24 00:00:00+01:00,2364.0,2377.0,2341.0,2375.0,2373.076171875,2630126,0.0,0.0
2022-08-25 00:00:00+01:00,2385.0,2398.0,2368.0,2384.0,2382.06884765625,3630529,0.0,0.0
2022-08-26 00:00:00+01:00,2390.0,2390.0,2295.0,2303.0,2301.134765625,5893561,0.0,0.0
2022-08-30 00:00:00+01:00,2318.0,2325.0,2279.0,2294.0,2292.14208984375,5825594,0.0,0.0
2022-08-31 00:00:00+01:00,2290.0,2299.0,2258.0,2262.0,2260.167724609375,5872521,0.0,0.0
2022-09-01 00:00:00+01:00,2250.0,2257.535888671875,2219.0,2230.0,2228.193359375,6105785,0.0,0.0
2022-09-02 00:00:00+01:00,2243.0,2251.0,2221.0,2251.0,2249.1767578125,3454099,0.0,0.0
2022-09-05 00:00:00+01:00,2243.0,2243.0,2197.0,2236.0,2234.188720703125,2114736,0.0,0.0
2022-09-06 00:00:00+01:00,2225.0,2245.0,2206.0,2239.0,2237.1865234375,2617026,0.0,0.0
2022-09-07 00:00:00+01:00,2228.0,2275.0,2218.0,2260.0,2258.169189453125,5951779,0.0,0.0
2022-09-08 00:00:00+01:00,2276.0,2279.0,2236.0,2274.0,2272.158203125,3801893,0.0,0.0
2022-09-09 00:00:00+01:00,2280.0,2309.0,2270.0,2291.0,2289.14453125,5810094,0.0,0.0
2022-09-12 00:00:00+01:00,2300.0,2310.0,2294.568115234375,2310.0,2308.129150390625,5031189,0.0,0.0
2022-09-13 00:00:00+01:00,2304.0,2319.0,2284.0,2287.0,2285.1474609375,2490507,0.0,0.0
2022-09-14 00:00:00+01:00,2280.0,2284.0,2244.0,2253.0,2251.17529296875,4708944,0.0,0.0
2022-09-15 00:00:00+01:00,2255.0,2263.0,2238.0,2242.0,2240.18359375,1844584,0.0,0.0
2022-09-16 00:00:00+01:00,2229.0,2258.0,2222.0,2232.0,2230.191650390625,5505543,0.0,0.0
2022-09-20 00:00:00+01:00,2241.0,2248.0,2189.0,2201.0,2199.21728515625,3287453,0.0,0.0
2022-09-21 00:00:00+01:00,2195.0,2233.0,2187.0,2231.0,2229.19287109375,4939716,0.0,0.0
2022-09-22 00:00:00+01:00,2202.0,2231.0,2165.0,2171.0,2169.24169921875,3421865,0.0,0.0
2022-09-23 00:00:00+01:00,2172.0,2191.0,2151.0,2182.0,2180.232421875,3154075,0.0,0.0
2022-09-26 00:00:00+01:00,2203.0,2225.0,2169.0,2203.0,2201.21533203125,4274335,0.0,0.0
2022-09-27 00:00:00+01:00,2216.0,2248.0,2208.080078125,2218.0,2216.203369140625,6255179,0.0,0.0
2022-09-28 00:00:00+01:00,2201.0,2215.0,2173.0,2206.0,2204.212890625,4364828,0.0,0.0
2022-09-29 00:00:00+01:00,2193.0,2206.0,2166.0,2198.0,2196.219482421875,4306298,0.0,0.0
2022-09-30 00:00:00+01:00,2185.0,2206.0,2172.0,2202.0,2200.21630859375,3744385,0.0,0.0
2022-10-03 00:00:00+01:00,2182.0,2209.97998046875,2157.0,2200.0,2198.2177734375,4852340,0.0,0.0
2022-10-04 00:00:00+01:00,2205.0,2270.0,2198.0,2270.0,2268.1611328125,4639362,0.0,0.0
2022-10-05 00:00:00+01:00,2269.0,2287.0,2258.0,2277.0,2275.155029296875,3091294,0.0,0.0
2022-10-06 00:00:00+01:00,2298.0,2305.0,2251.0,2263.0,2261.166748046875,2813816,0.0,0.0
2022-10-07 00:00:00+01:00,2255.0,2273.0,2244.0,2250.0,2248.177001953125,3920589,0.0,0.0
2022-10-10 00:00:00+01:00,2230.0,2247.0,2213.0,2241.0,2239.1845703125,2254956,0.0,0.0
2022-10-11 00:00:00+01:00,2250.0,2250.0,2216.0,2228.0,2226.195068359375,5325118,0.0,0.0
2022-10-12 00:00:00+01:00,2249.0,2261.0,2208.89990234375,2220.0,2218.201904296875,4086191,0.0,0.0
2022-10-13 00:00:00+01:00,2209.0,2214.0,2124.0,2157.0,2155.252685546875,3412007,0.0,0.0
2022-10-14 00:00:00+01:00,2186.0,2225.0,2167.0,2175.0,2173.23828125,5708558,0.0,0.0
2022-10-17 00:00:00+01:00,2187.0,2222.0,2156.0,2200.0,2198.2177734375,3577853,0.0,0.0
2022-10-18 00:00:00+01:00,2228.0,2243.0,2210.0,2220.0,2218.201904296875,3185955,0.0,0.0
2022-10-19 00:00:00+01:00,2222.0,2237.0,2209.0,2223.0,2221.19921875,3939255,0.0,0.0
2022-10-20 00:00:00+01:00,2216.0,2257.0,2194.0,2212.0,2210.208251953125,6156646,0.0,0.0
2022-10-21 00:00:00+01:00,2213.0,2227.0,2191.0,2225.0,2223.197509765625,3660629,0.0,0.0
2022-10-24 00:00:00+01:00,2236.0,2285.0,2222.0,2262.0,2260.167724609375,2567926,0.0,0.0
2022-10-25 00:00:00+01:00,2278.0,2314.0,2268.0,2312.0,2310.127197265625,3870106,0.0,0.0
2022-10-26 00:00:00+01:00,2314.0,2333.0,2289.0,2327.0,2325.11474609375,5940598,0.0,0.0
2022-10-27 00:00:00+01:00,2322.0,2338.0,2307.0,2323.0,2321.1181640625,3913207,0.0,0.0
2022-10-28 00:00:00+01:00,2313.0,2340.0,2309.0,2340.0,2338.104736328125,2427564,0.0,0.0
2022-10-31 00:00:00+00:00,2345.0,2359.0,2327.0,2341.0,2339.103271484375,5211136,0.0,0.0
2022-11-01 00:00:00+00:00,2366.0,2368.0,2283.0,2288.0,2286.146240234375,3570656,0.0,0.0
2022-11-02 00:00:00+00:00,2295.0,2317.0,2279.0,2292.0,2290.14306640625,7217270,0.0,0.0
2022-11-03 00:00:00+00:00,2273.0,2315.0,2254.0,2315.0,2313.124755859375,3562083,0.0,0.0
2022-11-04 00:00:00+00:00,2308.0,2324.449951171875,2288.0,2308.0,2306.13037109375,3518008,0.0,0.0
2022-11-07 00:00:00+00:00,2309.0,2314.0,2270.89990234375,2281.0,2279.15234375,2895488,0.0,0.0
2022-11-08 00:00:00+00:00,2276.0,2318.0,2262.0,2314.0,2312.125732421875,3469265,0.0,0.0
2022-11-09 00:00:00+00:00,2303.0,2330.633056640625,2300.0,2324.0,2322.117431640625,2109010,0.0,0.0
2022-11-10 00:00:00+00:00,2311.0,2386.0,2285.0,2377.0,2375.07421875,5133831,0.0,0.0
2022-11-11 00:00:00+00:00,2369.0,2374.75,2204.0,2235.0,2233.189697265625,14496239,0.0,0.0
2022-11-14 00:00:00+00:00,2239.0,2264.0,2230.0,2248.0,2246.178955078125,5089943,0.0,0.0
2022-11-15 00:00:00+00:00,2244.0,2293.0,2238.0,2256.0,2254.1728515625,6030427,0.0,0.0
2022-11-16 00:00:00+00:00,2261.0,2292.0,2250.0,2280.0,2278.153564453125,5167004,0.0,0.0
2022-11-17 00:00:00+00:00,2285.0,2287.0,2249.0,2260.0,2258.169189453125,3175763,0.0,0.0
2022-11-18 00:00:00+00:00,2274.0,2289.0,2252.0,2283.0,2281.15087890625,3494422,0.0,0.0
2022-11-21 00:00:00+00:00,2278.0,2336.0,2272.0,2332.0,2330.111083984375,2179315,0.0,0.0
2022-11-22 00:00:00+00:00,2326.0,2330.0,2285.449951171875,2312.0,2310.127197265625,3367818,0.0,0.0
2022-11-23 00:00:00+00:00,2309.0,2325.0,2298.0,2318.0,2316.122314453125,2434333,0.0,0.0
2022-11-24 00:00:00+00:00,2317.0,2327.680908203125,2304.0,2311.0,2309.127685546875,2082099,0.0,0.0
2022-11-25 00:00:00+00:00,2298.0,2325.0,2293.0,2325.0,2323.116943359375,2278718,0.0,0.0
2022-11-28 00:00:00+00:00,2322.0,2352.0,2305.0,2337.0,2335.1064453125,2267385,0.0,0.0
2022-11-29 00:00:00+00:00,2321.0,2339.0,2285.0,2290.0,2288.145263671875,7545337,0.0,0.0
2022-11-30 00:00:00+00:00,2294.0,2333.0,2294.0,2312.0,2310.127197265625,9069802,0.0,0.0
2022-12-01 00:00:00+00:00,2336.0,2344.0,2320.0,2334.0,2332.109619140625,4066525,0.0,0.0
2022-12-02 00:00:00+00:00,2340.0,2357.0,2328.0,2337.0,2335.1064453125,2880503,0.0,0.0
2022-12-05 00:00:00+00:00,2335.0,2337.0,2312.2958984375,2330.0,2328.11279296875,1948141,0.0,0.0
2022-12-06 00:00:00+00:00,2328.0,2347.0,2317.0,2317.0,2315.122802734375,2264869,0.0,0.0
2022-12-07 00:00:00+00:00,2325.0,2354.0,2325.0,2335.0,2333.10888671875,3430815,0.0,0.0
2022-12-08 00:00:00+00:00,2334.0,2338.0,2304.0,2315.0,2313.124755859375,1916612,0.0,0.0
2022-12-09 00:00:00+00:00,2350.0,2366.445068359375,2319.0,2329.0,2327.113525390625,4430046,0.0,0.0
2022-12-12 00:00:00+00:00,2320.0,2348.10009765625,2319.0,2330.0,2328.11279296875,3059230,0.0,0.0
2022-12-13 00:00:00+00:00,2336.0,2347.0,2294.0,2326.0,2324.115966796875,3670550,0.0,0.0
2022-12-14 00:00:00+00:00,2326.0,2345.0,2307.0,2340.0,2338.104736328125,2708416,0.0,0.0
2022-12-15 00:00:00+00:00,2320.0,2347.0,2310.0,2324.0,2322.117431640625,3907293,0.0,0.0
2022-12-16 00:00:00+00:00,2322.0,2331.0,2286.0,2306.0,2304.13232421875,14051577,0.0,0.0
2022-12-19 00:00:00+00:00,2308.0,2311.18994140625,2283.0,2297.0,2295.13916015625,6996280,0.0,0.0
2022-12-20 00:00:00+00:00,2274.0,2297.0,2272.0,2284.0,2282.14990234375,2602396,0.0,0.0
2022-12-21 00:00:00+00:00,2290.0,2311.0,2281.0,2311.0,2309.127685546875,2702548,0.0,0.0
2022-12-22 00:00:00+00:00,2314.0,2332.0,2305.0,2308.0,2306.13037109375,4863737,0.0,0.0
2022-12-23 00:00:00+00:00,2315.0,2315.0,2296.0,2299.0,2297.137939453125,973662,0.0,0.0
2022-12-28 00:00:00+00:00,2313.0,2332.0,2306.0,2320.0,2318.120849609375,2113043,0.0,0.0
2022-12-29 00:00:00+00:00,2311.0,2323.0,2287.0,2319.0,2317.121337890625,3575854,0.0,0.0
2022-12-30 00:00:00+00:00,2310.0,2313.0,2288.0,2288.0,2286.146240234375,1421740,0.0,0.0
2023-01-03 00:00:00+00:00,2291.0,2334.0,2277.0,2307.0,2305.131103515625,3470713,0.0,0.0
2023-01-04 00:00:00+00:00,2322.0,2371.0,2316.0,2365.0,2363.084228515625,4544974,0.0,0.0
2023-01-05 00:00:00+00:00,2356.0,2361.0,2326.0,2327.0,2325.11474609375,2564631,0.0,0.0
2023-01-06 00:00:00+00:00,2335.0,2348.0,2317.0,2343.0,2341.102294921875,2500178,0.0,0.0
2023-01-09 00:00:00+00:00,2347.0,2352.0,2307.0,2332.0,2330.111083984375,3037690,0.0,0.0
2023-01-10 00:00:00+00:00,2322.0,2353.0,2307.0,2342.0,2340.1025390625,4458698,0.0,0.0
2023-01-11 00:00:00+00:00,2338.0,2386.0,2336.0,2365.0,2363.084228515625,2711664,0.0,0.0
2023-01-12 00:00:00+00:00,2369.0,2389.0,2337.0,2352.0,2350.094482421875,3462614,0.0,0.0
2023-01-13 00:00:00+00:00,2360.0,2387.0,2354.0,2377.0,2375.07421875,3454758,0.0,0.0
2023-01-16 00:00:00+00:00,2385.0,2410.0,2381.0,2403.0,2401.0537109375,2535583,0.0,0.0
2023-01-17 00:00:00+00:00,2403.0,2410.0,2377.0,2400.0,2398.0556640625,4110555,0.0,0.0
2023-01-18 00:00:00+00:00,2392.0,2421.0,2392.0,2399.0,2397.056640625,2845734,0.0,0.0
2023-01-19 00:00:00+00:00,2372.0,2402.943115234375,2372.0,2377.0,2375.07421875,4919990,0.0,0.0
2023-01-20 00:00:00+00:00,2372.0,2377.0,2348.449951171875,2360.0,2358.08837890625,3643615,0.0,0.0
2023-01-23 00:00:00+00:00,2375.0,2386.0,2364.0,2382.0,2380.070556640625,2513259,0.0,0.0
2023-01-24 00:00:00+00:00,2383.0,2392.0,2368.0,2377.0,2375.07421875,2422038,0.0,0.0
2023-01-25 00:00:00+00:00,2380.0,2393.0,2347.0,2353.0,2351.093994140625,3398854,0.0,0.0
2023-01-26 00:00:00+00:00,2366.0,2387.0,2360.0,2379.0,2377.07275390625,2995097,0.0,0.0
2023-01-27 00:00:00+00:00,2377.0,2387.0,2362.0,2378.0,2376.07373046875,2935716,0.0,0.0
2023-01-30 00:00:00+00:00,2368.0,2418.0,2363.0,2405.0,2403.0517578125,2792697,0.0,0.0
2023-01-31 00:00:00+00:00,2381.0,2409.0,2375.0,2402.0,2400.054443359375,7339551,0.0,0.0
2023-02-01 00:00:00+00:00,2404.0,2429.0,2397.0,2404.0,2402.052734375,2603539,0.0,0.0
2023-02-02 00:00:00+00:00,2417.0,2463.0,2408.55810546875,2463.0,2461.005126953125,4824558,0.0,0.0
2023-02-03 00:00:00+00:00,2453.0,2465.0,2436.0,2454.0,2452.012451171875,4143836,0.0,0.0
2023-02-06 00:00:00+00:00,2433.0,2459.0,2428.0,2442.0,2440.02197265625,2593664,0.0,0.0
2023-02-07 00:00:00+00:00,2424.0,2448.305908203125,2408.0,2421.0,2419.038818359375,2750552,0.0,0.0
2023-02-08 00:00:00+00:00,2414.0,2444.0,2414.0,2424.0,2422.036376953125,3160750,0.0,0.0
2023-02-09 00:00:00+00:00,2415.0,2447.0,2415.0,2416.0,2414.042724609375,3357511,0.0,0.0
2023-02-10 00:00:00+00:00,2427.0,2428.0,2388.0,2394.0,2392.060791015625,7412592,0.0,0.0
2023-02-13 00:00:00+00:00,2396.0,2437.0,2395.0,2431.0,2429.030517578125,2398264,0.0,0.0
2023-02-14 00:00:00+00:00,2427.0,2445.0,2416.0,2421.0,2419.038818359375,6737211,0.0,0.0
2023-02-15 00:00:00+00:00,2425.0,2450.0,2415.0,2448.0,2446.016845703125,3184820,0.0,0.0
2023-02-16 00:00:00+00:00,2474.0,2551.0,2458.0,2484.0,2481.98779296875,4496269,0.0,0.0
2023-02-17 00:00:00+00:00,2480.0,2492.0,2459.0,2492.0,2489.9814453125,4216874,0.0,0.0
2023-02-20 00:00:00+00:00,2505.0,2505.0,2459.695068359375,2485.0,2482.987060546875,2392926,0.0,0.0
2023-02-21 00:00:00+00:00,2479.0,2507.0,2473.0,2491.0,2488.98193359375,6537939,0.0,0.0
2023-02-22 00:00:00+00:00,2490.0,2552.0,2488.0,2552.0,2549.9326171875,6893570,0.0,0.0
2023-02-23 00:00:00+00:00,2554.0,2562.0,2540.0,2542.0,2539.94091796875,3267975,0.0,0.0
2023-02-24 00:00:00+00:00,2547.0,2566.0,2521.0,2527.0,2524.953125,6064997,0.0,0.0
2023-02-27 00:00:00+00:00,2527.0,2551.0,2507.0,2537.0,2534.94482421875,3552534,0.0,0.0
2023-02-28 00:00:00+00:00,2530.0,2531.0,2485.0,2503.0,2500.97265625,4785129,0.0,0.0
2023-03-01 00:00:00+00:00,2515.0,2552.0,2514.0,2528.0,2525.951904296875,4842420,0.0,0.0
2023-03-02 00:00:00+00:00,2521.0,2549.0,2517.0,2549.0,2546.935302734375,6628984,0.0,0.0
2023-03-03 00:00:00+00:00,2556.0,2556.0,2526.89990234375,2537.0,2534.94482421875,2864923,0.0,0.0
2023-03-06 00:00:00+00:00,2544.0,2550.681884765625,2526.89990234375,2535.0,2532.946533203125,2241629,0.0,0.0
2023-03-07 00:00:00+00:00,2532.0,2561.0,2526.0,2550.0,2547.934814453125,3079568,0.0,0.0
2023-03-08 00:00:00+00:00,2547.0,2555.0,2530.0,2555.0,2552.93017578125,4970717,0.0,0.0
2023-03-09 00:00:00+00:00,2553.0,2580.0,2541.0,2575.0,2572.9140625,2979539,0.0,0.0
2023-03-10 00:00:00+00:00,2551.0,2573.0,2508.0,2524.0,2521.955078125,3322608,0.0,0.0
2023-03-13 00:00:00+00:00,2524.0,2530.44189453125,2488.0,2505.0,2502.970947265625,3280495,0.0,0.0
2023-03-14 00:00:00+00:00,2506.0,2547.631103515625,2504.0,2537.0,2534.94482421875,4360964,0.0,0.0
2023-03-15 00:00:00+00:00,2541.0,2553.416015625,2499.0,2512.0,2509.96533203125,5068214,0.0,0.0
2023-03-16 00:00:00+00:00,2530.0,2558.780029296875,2519.0,2543.0,2540.939697265625,6391100,0.0,0.0
2023-03-17 00:00:00+00:00,2553.0,2563.0,2525.0,2530.0,2527.95068359375,7328879,0.0,0.0
2023-03-20 00:00:00+00:00,2517.0,2569.0,2517.0,2554.0,2551.93115234375,3423427,0.0,0.0
2023-03-21 00:00:00+00:00,2560.0,2573.0,2551.0,2567.0,2564.9208984375,3531513,0.0,0.0
2023-03-22 00:00:00+00:00,2566.0,2619.0,2565.0,2605.0,2602.89013671875,3372275,0.0,0.0
2023-03-23 00:00:00+00:00,2597.0,2597.0,2566.0,2583.0,2580.9072265625,5643398,0.0,0.0
2023-03-24 00:00:00+00:00,2581.0,2591.0,2571.0,2577.0,2574.91259765625,2767654,0.0,0.0
2023-03-27 00:00:00+01:00,2585.0,2605.0,2577.0,2586.0,2583.905517578125,2842700,0.0,0.0
2023-03-28 00:00:00+01:00,2583.0,2587.0,2568.0,2569.0,2566.9189453125,3392121,0.0,0.0
2023-03-29 00:00:00+01:00,2575.0,2594.0,2574.0,2592.0,2589.900390625,3462378,0.0,0.0
2023-03-30 00:00:00+01:00,2598.0,2611.0,2579.0,2606.0,2603.888916015625,7512092,0.0,0.0
2023-03-31 00:00:00+01:00,2606.0,2630.0,2599.0,2618.0,2615.879150390625,3005652,0.0,0.0
2023-04-03 00:00:00+01:00,2624.0,2624.0,2586.0,2601.0,2598.893310546875,4057629,0.0,0.0
2023-04-04 00:00:00+01:00,2612.0,2623.0,2595.0,2616.0,2613.880859375,2538513,0.0,0.0
2023-04-05 00:00:00+01:00,2610.0,2640.0,2601.0,2625.0,2622.873779296875,3223748,0.0,0.0
2023-04-06 00:00:00+01:00,2621.0,2632.0,2613.0,2628.0,2625.871337890625,1979361,0.0,0.0
2023-04-11 00:00:00+01:00,2631.0,2635.0,2615.0,2627.0,2624.8720703125,4255566,0.0,0.0
2023-04-12 00:00:00+01:00,2617.0,2657.0,2617.0,2651.0,2648.8525390625,3278982,0.0,0.0
2023-04-13 00:00:00+01:00,2650.0,2660.330078125,2646.0,2650.0,2647.853515625,2498235,0.0,0.0
2023-04-14 00:00:00+01:00,2641.0,2666.0,2634.0,2636.0,2633.864990234375,9488964,0.0,0.0
2023-04-17 00:00:00+01:00,2648.0,2648.0,2631.0,2634.0,2631.8662109375,6824792,0.0,0.0
2023-04-18 00:00:00+01:00,2636.0,2643.0,2623.0,2631.0,2628.868896484375,2556577,0.0,0.0
2023-04-19 00:00:00+01:00,2621.0,2649.0,2616.0,2643.0,2640.859130859375,2617689,0.0,0.0
2023-04-20 00:00:00+01:00,2635.0,2689.0,2627.0,2689.0,2686.821533203125,4315563,0.0,0.0
2023-04-21 00:00:00+01:00,2686.0,2730.0,2684.0,2722.0,2719.794921875,3306994,0.0,0.0
2023-04-24 00:00:00+01:00,2705.0,2735.0,2705.0,2719.0,2716.797607421875,3046821,0.0,0.0
2023-04-25 00:00:00+01:00,2695.0,2717.0,2691.0,2710.0,2707.80517578125,2187550,0.0,0.0
2023-04-26 00:00:00+01:00,2699.0,2699.0,2656.0,2666.0,2663.840576171875,3251646,0.0,0.0
2023-04-27 00:00:00+01:00,2619.0,2629.0,2602.0,2625.0,2623.25634765625,2500939,38.9,0.0
2023-04-28 00:00:00+01:00,2618.0,2652.0,2618.0,2646.0,2644.24267578125,6589739,0.0,0.0
2023-05-02 00:00:00+01:00,2648.0,2665.0,2496.0,2511.0,2509.332275390625,6082144,0.0,0.0
2023-05-03 00:00:00+01:00,2521.0,2535.679931640625,2506.0,2524.0,2522.3232421875,4064469,0.0,0.0
2023-05-04 00:00:00+01:00,2508.0,2512.47509765625,2414.0,2450.0,2448.3720703125,9817396,0.0,0.0
2023-05-05 00:00:00+01:00,2460.0,2476.0,2424.0,2434.0,2432.3828125,7290965,0.0,0.0
2023-05-09 00:00:00+01:00,2438.0,2484.0,2415.0,2479.0,2477.35302734375,6267328,0.0,0.0
2023-05-10 00:00:00+01:00,2461.0,2475.0,2450.0,2463.0,2461.3642578125,3690018,0.0,0.0
2023-05-11 00:00:00+01:00,2477.0,2530.0,2472.0,2496.0,2494.342041015625,4651024,0.0,0.0
2023-05-12 00:00:00+01:00,2498.0,2513.0,2477.0,2491.0,2489.345458984375,3093179,0.0,0.0
2023-05-15 00:00:00+01:00,2491.0,2506.0,2472.0,2475.0,2473.35595703125,2449089,0.0,0.0
2023-05-16 00:00:00+01:00,2471.0,2479.0,2467.0,2470.0,2468.359375,2249343,0.0,0.0
2023-05-17 00:00:00+01:00,2474.0,2498.85009765625,2456.0,2464.0,2462.363037109375,2917914,0.0,0.0
2023-05-18 00:00:00+01:00,2475.0,2500.0,2475.0,2500.0,2498.339599609375,4454440,0.0,0.0
2023-05-19 00:00:00+01:00,2515.0,2515.0,2492.0,2501.0,2499.338623046875,3468687,0.0,0.0
2023-05-22 00:00:00+01:00,2504.0,2513.0,2488.0,2495.0,2493.3427734375,3085010,0.0,0.0
2023-05-23 00:00:00+01:00,2490.0,2520.3798828125,2481.0,2492.0,2490.3447265625,2601947,0.0,0.0
2023-05-24 00:00:00+01:00,2470.0,2471.0,2451.0,2464.0,2462.363037109375,3155906,0.0,0.0
2023-05-25 00:00:00+01:00,2470.0,2470.0,2430.739990234375,2450.0,2448.3720703125,2803370,0.0,0.0
2023-05-26 00:00:00+01:00,2445.0,2493.0,2445.0,2487.0,2485.34814453125,4002777,0.0,0.0
2023-05-30 00:00:00+01:00,2492.0,2500.0,2480.9580078125,2485.0,2483.349365234375,3444291,0.0,0.0
2023-05-31 00:00:00+01:00,2479.0,2549.0,2479.0,2510.0,2508.33251953125,8072130,0.0,0.0
2023-06-01 00:00:00+01:00,2520.0,2560.0,2518.0,2542.0,2540.3115234375,3937011,0.0,0.0
2023-06-02 00:00:00+01:00,2559.0,2571.72998046875,2529.0,2566.0,2564.295654296875,3816874,0.0,0.0
2023-06-05 00:00:00+01:00,2572.0,2594.0,2565.0,2581.0,2579.28564453125,1791492,0.0,0.0
2023-06-06 00:00:00+01:00,2588.0,2599.0,2574.0,2574.0,2572.290283203125,3475475,0.0,0.0
2023-06-07 00:00:00+01:00,2563.0,2587.0,2556.0,2569.0,2567.293212890625,4271549,0.0,0.0
2023-06-08 00:00:00+01:00,2564.0,2577.0,2544.72998046875,2555.0,2553.302978515625,2158254,0.0,0.0
2023-06-09 00:00:00+01:00,2556.0,2560.0,2523.0,2531.0,2529.319091796875,1844280,0.0,0.0
2023-06-12 00:00:00+01:00,2550.0,2569.0,2550.0,2560.0,2558.299560546875,1865791,0.0,0.0
2023-06-13 00:00:00+01:00,2572.0,2582.0,2558.0,2578.0,2576.28759765625,2567288,0.0,0.0
2023-06-14 00:00:00+01:00,2572.0,2585.0,2568.0,2580.0,2578.286376953125,2699824,0.0,0.0
2023-06-15 00:00:00+01:00,2581.0,2623.0,2581.0,2619.0,2617.26025390625,4074055,0.0,0.0
2023-06-16 00:00:00+01:00,2631.0,2659.0,2629.0,2646.0,2644.24267578125,10537436,0.0,0.0
2023-06-19 00:00:00+01:00,2639.0,2647.0,2606.4150390625,2611.0,2609.265869140625,4707734,0.0,0.0
2023-06-20 00:00:00+01:00,2612.0,2638.0,2610.0,2614.0,2612.263916015625,2773304,0.0,0.0
2023-06-21 00:00:00+01:00,2599.0,2617.0,2587.0,2600.0,2598.27294921875,2509826,0.0,0.0
2023-06-22 00:00:00+01:00,2576.0,2597.0,2564.0,2597.0,2595.274658203125,3693142,0.0,0.0
2023-06-23 00:00:00+01:00,2587.0,2611.0,2586.577880859375,2604.0,2602.270263671875,2351304,0.0,0.0
2023-06-26 00:00:00+01:00,2610.0,2612.0,2568.0,2589.0,2587.280029296875,2053147,0.0,0.0
2023-06-27 00:00:00+01:00,2593.0,2596.0,2573.0,2587.0,2585.281494140625,2733541,0.0,0.0
2023-06-28 00:00:00+01:00,2595.0,2620.0,2589.0,2610.0,2608.266357421875,3700483,0.0,0.0
2023-06-29 00:00:00+01:00,2605.0,2620.362060546875,2604.0,2604.0,2602.270263671875,2206554,0.0,0.0
2023-06-30 00:00:00+01:00,2609.0,2632.0,2601.0,2621.0,2619.259033203125,3045151,0.0,0.0
2023-07-03 00:00:00+01:00,2624.0,2630.0,2581.0,2602.0,2600.271484375,2777061,0.0,0.0
2023-07-04 00:00:00+01:00,2596.0,2608.0,2589.0,2591.0,2589.279296875,2135506,0.0,0.0
2023-07-05 00:00:00+01:00,2579.0,2587.0,2562.0,2567.0,2565.295166015625,3782296,0.0,0.0
2023-07-06 00:00:00+01:00,2566.0,2566.0,2525.490966796875,2537.0,2535.314697265625,2781455,0.0,0.0
2023-07-07 00:00:00+01:00,2537.0,2537.0,2453.43505859375,2463.0,2461.3642578125,3032871,0.0,0.0
2023-07-10 00:00:00+01:00,2453.0,2485.0,2450.0,2474.0,2472.35693359375,1750495,0.0,0.0
2023-07-11 00:00:00+01:00,2478.0,2478.0,2432.0,2442.0,2440.377685546875,3376337,0.0,0.0
2023-07-12 00:00:00+01:00,2448.0,2491.0,2440.0,2485.0,2483.349365234375,2309904,0.0,0.0
2023-07-13 00:00:00+01:00,2481.0,2518.0,2477.0,2518.0,2516.32763671875,2590816,0.0,0.0
2023-07-14 00:00:00+01:00,2523.0,2550.0,2512.0,2543.0,2541.310791015625,5491042,0.0,0.0
2023-07-17 00:00:00+01:00,2539.0,2559.0,2537.0,2552.0,2550.304931640625,2847861,0.0,0.0
2023-07-18 00:00:00+01:00,2551.0,2566.0,2544.89990234375,2550.0,2548.306396484375,2091269,0.0,0.0
2023-07-19 00:00:00+01:00,2580.0,2595.0,2572.0,2572.0,2570.2919921875,2987549,0.0,0.0
2023-07-20 00:00:00+01:00,2569.0,2588.0,2557.0,2579.0,2577.286865234375,3292675,0.0,0.0
2023-07-21 00:00:00+01:00,2583.0,2621.0,2581.0,2608.0,2606.267333984375,2272058,0.0,0.0
2023-07-24 00:00:00+01:00,2596.0,2610.0,2572.0,2582.0,2580.28515625,3440681,0.0,0.0
2023-07-25 00:00:00+01:00,2566.0,2577.0,2538.0,2562.0,2560.29833984375,3541562,0.0,0.0
2023-07-26 00:00:00+01:00,2560.0,2563.0,2521.0,2542.0,2540.3115234375,3731664,0.0,0.0
2023-07-27 00:00:00+01:00,2557.0,2683.0,2555.0,2661.0,2659.232421875,4457932,0.0,0.0
2023-07-28 00:00:00+01:00,2658.0,2662.0,2629.0,2633.0,2631.250732421875,6225028,0.0,0.0
2023-07-31 00:00:00+01:00,2626.0,2631.02001953125,2614.0,2620.0,2618.259765625,2658780,0.0,0.0
2023-08-01 00:00:00+01:00,2609.0,2615.0,2576.0,2603.0,2601.27099609375,2480051,0.0,0.0
2023-08-02 00:00:00+01:00,2576.0,2623.0,2566.0,2610.0,2608.266357421875,3234161,0.0,0.0
2023-08-03 00:00:00+01:00,2574.0,2593.0,2545.0,2571.0,2569.459716796875,6313947,17.0,0.0
2023-08-04 00:00:00+01:00,2571.0,2581.0,2537.0,2568.0,2566.46142578125,1514136,0.0,0.0
2023-08-07 00:00:00+01:00,2569.0,2576.0,2544.0,2572.0,2570.458984375,1591253,0.0,0.0
2023-08-08 00:00:00+01:00,2566.0,2605.0,2559.919921875,2581.0,2579.45361328125,2150620,0.0,0.0
2023-08-09 00:00:00+01:00,2592.0,2608.0,2579.697021484375,2593.0,2591.4462890625,2836753,0.0,0.0
2023-08-10 00:00:00+01:00,2603.0,2628.0,2598.0,2627.0,2625.426025390625,1594803,0.0,0.0
2023-08-11 00:00:00+01:00,2616.0,2628.0,2567.77001953125,2568.0,2566.46142578125,4654848,0.0,0.0
2023-08-14 00:00:00+01:00,2575.0,2586.0,2551.0,2586.0,2584.450927734375,1955130,0.0,0.0
2023-08-15 00:00:00+01:00,2591.0,2591.0,2540.0,2550.0,2548.47216796875,1986744,0.0,0.0
2023-08-16 00:00:00+01:00,2548.0,2555.0,2493.0,2515.0,2513.4931640625,3783035,0.0,0.0
2023-08-17 00:00:00+01:00,2502.0,2503.0,2483.0,2489.0,2487.5087890625,2414186,0.0,0.0
2023-08-18 00:00:00+01:00,2474.0,2491.0,2462.0,2481.0,2479.513427734375,3316879,0.0,0.0
2023-08-21 00:00:00+01:00,2475.0,2494.990966796875,2472.0,2480.0,2478.514404296875,6610549,0.0,0.0
2023-08-22 00:00:00+01:00,2498.0,2500.0,2466.0,2473.0,2471.518310546875,2023199,0.0,0.0
2023-08-23 00:00:00+01:00,2472.0,2501.0,2465.0,2500.0,2498.502197265625,9764225,0.0,0.0
2023-08-24 00:00:00+01:00,2523.0,2535.0,2510.0,2516.0,2514.49267578125,1642577,0.0,0.0
2023-08-25 00:00:00+01:00,2507.0,2550.0,2507.0,2528.0,2526.4853515625,1911843,0.0,0.0
2023-08-29 00:00:00+01:00,2542.0,2561.0,2539.0,2556.0,2554.46875,7872012,0.0,0.0
2023-08-30 00:00:00+01:00,2564.0,2585.0,2547.0,2583.0,2581.452392578125,3542721,0.0,0.0
2023-08-31 00:00:00+01:00,2579.0,2593.0,2575.0,2578.0,2576.45556640625,7792367,0.0,0.0
2023-09-01 00:00:00+01:00,2576.0,2583.0,2562.986083984375,2579.0,2577.454833984375,3472109,0.0,0.0
2023-09-04 00:00:00+01:00,2591.0,2604.487060546875,2579.0,2584.0,2582.451904296875,4396333,0.0,0.0
2023-09-05 00:00:00+01:00,2583.0,2611.0,2573.0,2605.0,2603.439453125,2819853,0.0,0.0
2023-09-06 00:00:00+01:00,2585.0,2648.0,2577.820068359375,2637.0,2635.419921875,2700430,0.0,0.0
2023-09-07 00:00:00+01:00,2637.0,2708.0,2629.0,2695.0,2693.385498046875,4339614,0.0,0.0
2023-09-08 00:00:00+01:00,2702.0,2725.0,2692.0,2722.0,2720.369140625,5512979,0.0,0.0
2023-09-11 00:00:00+01:00,2727.0,2743.0,2693.0,2712.0,2710.375244140625,3053787,0.0,0.0
2023-09-12 00:00:00+01:00,2726.0,2740.0,2711.0,2718.0,2716.371826171875,3168949,0.0,0.0
2023-09-13 00:00:00+01:00,2709.0,2750.0,2705.0,2744.0,2742.356201171875,3542394,0.0,0.0
2023-09-14 00:00:00+01:00,2754.0,2786.0,2745.0,2777.0,2775.3359375,4088942,0.0,0.0
2023-09-15 00:00:00+01:00,2803.0,2814.0,2788.0,2800.0,2798.322509765625,8553829,0.0,0.0
2023-09-18 00:00:00+01:00,2797.0,2805.5400390625,2782.0,2788.0,2786.32958984375,2878806,0.0,0.0
2023-09-19 00:00:00+01:00,2790.0,2794.0,2767.0,2782.0,2780.33349609375,5164585,0.0,0.0
2023-09-20 00:00:00+01:00,2792.0,2831.114013671875,2787.0,2828.0,2826.3056640625,3562851,0.0,0.0
2023-09-21 00:00:00+01:00,2809.0,2833.0,2790.0,2790.0,2788.32861328125,5705458,0.0,0.0
2023-09-22 00:00:00+01:00,2774.0,2787.0,2762.0,2782.0,2780.33349609375,4328101,0.0,0.0
2023-09-25 00:00:00+01:00,2780.0,2786.0,2751.0,2773.0,2771.338623046875,2084043,0.0,0.0
2023-09-26 00:00:00+01:00,2762.0,2786.0,2745.0,2755.0,2753.349365234375,3260825,0.0,0.0
2023-09-27 00:00:00+01:00,2770.0,2775.0,2735.0,2741.0,2739.357666015625,3078567,0.0,0.0
2023-09-28 00:00:00+01:00,2740.0,2768.0,2728.0,2764.0,2762.343994140625,3188172,0.0,0.0
2023-09-29 00:00:00+01:00,2776.0,2803.0,2769.0,2775.0,2773.33740234375,4004747,0.0,0.0
2023-10-02 00:00:00+01:00,2787.0,2800.0,2731.800048828125,2756.0,2754.3486328125,3131921,0.0,0.0
2023-10-03 00:00:00+01:00,2759.0,2778.0,2750.0,2760.0,2758.34619140625,3071591,0.0,0.0
2023-10-04 00:00:00+01:00,2775.0,2825.0,2761.0,2818.0,2816.311767578125,3896011,0.0,0.0
2023-10-05 00:00:00+01:00,2831.0,2870.0,2823.0,2852.0,2850.291259765625,5947415,0.0,0.0
2023-10-06 00:00:00+01:00,2860.0,2871.0,2829.0,2863.0,2861.28466796875,2774338,0.0,0.0
2023-10-09 00:00:00+01:00,2855.0,2876.992919921875,2843.0,2858.0,2856.28759765625,4062276,0.0,0.0
2023-10-10 00:00:00+01:00,2897.0,2918.412109375,2891.0,2905.0,2903.259765625,3784541,0.0,0.0
2023-10-11 00:00:00+01:00,2895.0,2909.0,2889.0,2900.0,2898.262451171875,3238846,0.0,0.0
2023-10-12 00:00:00+01:00,2915.0,2929.0,2887.0,2922.0,2920.249267578125,2981265,0.0,0.0
2023-10-13 00:00:00+01:00,2927.0,2951.0,2908.0,2913.0,2911.254638671875,2933555,0.0,0.0
2023-10-16 00:00:00+01:00,2935.0,2936.0,2889.0,2893.0,2891.2666015625,4804794,0.0,0.0
2023-10-17 00:00:00+01:00,2888.0,2909.0,2872.0,2905.0,2903.259765625,7532328,0.0,0.0
2023-10-18 00:00:00+01:00,2906.0,2915.0,2888.0,2888.0,2886.269775390625,2879363,0.0,0.0
2023-10-19 00:00:00+01:00,2871.0,2886.0,2850.0,2880.0,2878.2744140625,3769355,0.0,0.0
2023-10-20 00:00:00+01:00,2858.0,2875.0,2826.0,2832.0,2830.303466796875,4797980,0.0,0.0
2023-10-23 00:00:00+01:00,2835.0,2857.0,2813.0,2853.0,2851.29052734375,2821412,0.0,0.0
2023-10-24 00:00:00+01:00,2845.0,2857.4599609375,2827.751953125,2829.0,2827.30517578125,3084840,0.0,0.0
2023-10-25 00:00:00+01:00,2831.0,2871.0,2825.0,2861.0,2859.2861328125,4715342,0.0,0.0
2023-10-26 00:00:00+01:00,2852.0,2884.0,2809.0,2846.0,2844.294921875,3369383,0.0,0.0
2023-10-27 00:00:00+01:00,2841.0,2844.0,2798.0,2817.0,2815.312255859375,4014625,0.0,0.0
2023-10-30 00:00:00+00:00,2842.0,2859.0,2828.39599609375,2856.0,2854.2890625,5289753,0.0,0.0
2023-10-31 00:00:00+00:00,2866.0,2887.0,2852.0,2868.0,2866.281494140625,3951583,0.0,0.0
2023-11-01 00:00:00+00:00,2874.0,2891.0,2832.0,2862.0,2860.28515625,3852241,0.0,0.0
2023-11-02 00:00:00+00:00,2883.0,2903.0,2871.0,2889.0,2887.26904296875,6494869,0.0,0.0
2023-11-03 00:00:00+00:00,2890.0,2899.0,2804.0,2835.0,2833.30126953125,2944081,0.0,0.0
2023-11-06 00:00:00+00:00,2834.0,2858.639892578125,2825.0,2855.0,2853.289306640625,3621522,0.0,0.0
2023-11-07 00:00:00+00:00,2860.0,2903.299072265625,2851.0,2893.0,2891.2666015625,3212595,0.0,0.0
2023-11-08 00:00:00+00:00,2898.0,2920.0,2893.0,2913.0,2911.254638671875,3558178,0.0,0.0
2023-11-09 00:00:00+00:00,2905.0,2963.0,2905.0,2956.0,2954.229248046875,3038249,0.0,0.0
2023-11-10 00:00:00+00:00,2960.0,2980.0,2942.0,2955.0,2953.2294921875,2794825,0.0,0.0
2023-11-13 00:00:00+00:00,2961.0,2979.0,2940.0,2959.0,2957.227294921875,4938927,0.0,0.0
2023-11-14 00:00:00+00:00,2964.0,2969.0,2888.0,2896.0,2894.26513671875,6543198,0.0,0.0
2023-11-15 00:00:00+00:00,2905.0,2939.0,2899.0,2924.0,2922.248046875,2977754,0.0,0.0
2023-11-16 00:00:00+00:00,2936.0,2959.0,2933.0,2952.0,2950.2314453125,3881828,0.0,0.0
2023-11-17 00:00:00+00:00,2959.0,2987.0,2954.60205078125,2984.0,2982.212158203125,5056040,0.0,0.0
2023-11-20 00:00:00+00:00,2974.0,3003.0,2960.0,2984.0,2982.212158203125,2959143,0.0,0.0
2023-11-21 00:00:00+00:00,2981.0,3012.0,2971.0,3006.0,3004.19921875,2194061,0.0,0.0
2023-11-22 00:00:00+00:00,3020.0,3045.0,3009.0,3040.0,3038.1787109375,3864363,0.0,0.0
2023-11-23 00:00:00+00:00,3039.0,3061.0,3034.0,3060.0,3058.1669921875,1903519,0.0,0.0
2023-11-24 00:00:00+00:00,3058.0,3064.0,3049.0,3049.0,3047.173095703125,1895554,0.0,0.0
2023-11-27 00:00:00+00:00,3055.0,3081.0,3028.0,3072.0,3070.159423828125,2787371,0.0,0.0
2023-11-28 00:00:00+00:00,3053.0,3090.0,3042.0,3065.0,3063.163818359375,4267450,0.0,0.0
2023-11-29 00:00:00+00:00,3061.0,3075.0,3039.0,3046.0,3044.175048828125,2941101,0.0,0.0
2023-11-30 00:00:00+00:00,3040.0,3061.0,3029.0,3040.0,3038.1787109375,7669736,0.0,0.0
2023-12-01 00:00:00+00:00,3056.0,3073.0,3047.0,3048.0,3046.17431640625,2976695,0.0,0.0
2023-12-04 00:00:00+00:00,3027.0,3053.0,3014.0,3047.0,3045.17431640625,3363529,0.0,0.0
2023-12-05 00:00:00+00:00,3051.0,3080.0,3047.0,3072.0,3070.159423828125,2200689,0.0,0.0
2023-12-06 00:00:00+00:00,3087.0,3119.0,3074.0,3092.0,3090.147705078125,3578949,0.0,0.0
2023-12-07 00:00:00+00:00,3092.0,3107.241943359375,3081.0,3090.0,3088.1484375,2177324,0.0,0.0
2023-12-08 00:00:00+00:00,3087.0,3114.0,3068.0,3107.0,3105.138427734375,2314811,0.0,0.0
2023-12-11 00:00:00+00:00,3111.0,3124.715087890625,3099.0,3117.0,3115.132568359375,2930722,0.0,0.0
2023-12-12 00:00:00+00:00,3123.0,3163.0,3098.0,3159.0,3157.107177734375,2265424,0.0,0.0
2023-12-13 00:00:00+00:00,3177.0,3205.0,3164.0,3169.0,3167.10107421875,3145905,0.0,0.0
2023-12-14 00:00:00+00:00,3185.0,3206.0,3044.0,3063.0,3061.164794921875,4875660,0.0,0.0
2023-12-15 00:00:00+00:00,3058.0,3069.0,3004.462890625,3024.0,3022.188232421875,8815663,0.0,0.0
2023-12-18 00:00:00+00:00,3025.0,3070.0,3015.0,3060.0,3058.1669921875,4320658,0.0,0.0
2023-12-19 00:00:00+00:00,3076.0,3091.0,3056.0,3070.0,3068.16064453125,6593462,0.0,0.0
2023-12-20 00:00:00+00:00,3081.0,3096.0,3068.0,3086.0,3084.151123046875,3270755,0.0,0.0
2023-12-21 00:00:00+00:00,3082.0,3109.0,3068.0,3077.0,3075.156494140625,3972056,0.0,0.0
2023-12-22 00:00:00+00:00,3080.0,3101.0,3067.0,3075.0,3073.15771484375,1189874,0.0,0.0
2023-12-27 00:00:00+00:00,3070.0,3100.0,3057.0,3088.0,3086.150146484375,1881643,0.0,0.0
2023-12-28 00:00:00+00:00,3097.0,3109.0,3092.0,3093.0,3091.14697265625,1349756,0.0,0.0
2023-12-29 00:00:00+00:00,3104.0,3119.0,3102.0,3110.0,3108.13671875,907810,0.0,0.0
2024-01-02 00:00:00+00:00,3110.0,3124.0,3053.722900390625,3067.0,3065.162353515625,2040258,0.0,0.0
2024-01-03 00:00:00+00:00,3068.0,3075.0,3045.0,3062.0,3060.165283203125,2657433,0.0,0.0
2024-01-04 00:00:00+00:00,3060.0,3109.0,3055.0,3107.0,3105.138427734375,2667598,0.0,0.0
2024-01-05 00:00:00+00:00,3087.0,3103.0,3080.0,3100.0,3098.142578125,2437337,0.0,0.0
2024-01-08 00:00:00+00:00,3103.0,3143.0,3099.43994140625,3139.0,3137.11962890625,2578078,0.0,0.0
2024-01-09 00:00:00+00:00,3143.0,3154.0,3090.0,3116.0,3114.13330078125,3406002,0.0,0.0
2024-01-10 00:00:00+00:00,3116.0,3162.0,3112.0,3162.0,3160.105712890625,2216791,0.0,0.0
2024-01-11 00:00:00+00:00,3185.0,3220.0,3160.0,3160.0,3158.106689453125,4950846,0.0,0.0
2024-01-12 00:00:00+00:00,3168.0,3228.0,3167.0,3228.0,3226.066162109375,2256783,0.0,0.0
2024-01-15 00:00:00+00:00,3215.0,3240.0,3191.740966796875,3202.0,3200.08154296875,1565483,0.0,0.0
2024-01-16 00:00:00+00:00,3190.0,3237.0,3184.0,3224.0,3222.068603515625,4063142,0.0,0.0
2024-01-17 00:00:00+00:00,3204.0,3223.0,3196.0,3221.0,3219.0703125,3946826,0.0,0.0
2024-01-18 00:00:00+00:00,3211.0,3270.0,3209.0,3264.0,3262.04443359375,2991021,0.0,0.0
2024-01-19 00:00:00+00:00,3284.0,3304.0,3275.0,3280.0,3278.034912109375,4181821,0.0,0.0
2024-01-22 00:00:00+00:00,3293.0,3294.0,3260.0,3272.0,3270.039794921875,3912469,0.0,0.0
2024-01-23 00:00:00+00:00,3274.0,3276.89501953125,3229.0,3242.0,3240.057373046875,1980309,0.0,0.0
2024-01-24 00:00:00+00:00,3243.0,3271.0,3219.0,3263.0,3261.044921875,4740022,0.0,0.0
2024-01-25 00:00:00+00:00,3262.0,3272.0,3250.381103515625,3257.0,3255.048828125,2680597,0.0,0.0
2024-01-26 00:00:00+00:00,3246.0,3285.278076171875,3246.0,3276.0,3274.03759765625,2620315,0.0,0.0
2024-01-29 00:00:00+00:00,3280.0,3299.0,3258.0,3266.0,3264.04345703125,3882983,0.0,0.0
2024-01-30 00:00:00+00:00,3277.0,3310.25390625,3264.0,3286.0,3284.03125,2584991,0.0,0.0
2024-01-31 00:00:00+00:00,3297.0,3308.0,3262.0,3262.0,3260.045654296875,4336810,0.0,0.0
2024-02-01 00:00:00+00:00,3288.0,3297.0,3264.0,3289.0,3287.029541015625,4007711,0.0,0.0
2024-02-02 00:00:00+00:00,3320.0,3321.0,3282.0,3308.0,3306.018310546875,2693677,0.0,0.0
2024-02-05 00:00:00+00:00,3296.0,3319.0,3292.922119140625,3301.0,3299.0224609375,2645819,0.0,0.0
2024-02-06 00:00:00+00:00,3314.0,3325.0,3282.0,3287.0,3285.030517578125,5898499,0.0,0.0
2024-02-07 00:00:00+00:00,3292.0,3299.0,3264.0,3269.0,3267.041259765625,5423250,0.0,0.0
2024-02-08 00:00:00+00:00,3275.0,3313.0,3256.0,3301.0,3299.0224609375,3315352,0.0,0.0
2024-02-09 00:00:00+00:00,3305.0,3352.0,3305.0,3350.0,3347.99267578125,6551297,0.0,0.0
2024-02-12 00:00:00+00:00,3368.0,3379.0,3327.0,3335.0,3333.002197265625,3201203,0.0,0.0
2024-02-13 00:00:00+00:00,3335.0,3340.0,3245.0,3265.0,3263.043701171875,5320468,0.0,0.0
2024-02-14 00:00:00+00:00,3282.0,3336.0,3279.0,3336.0,3334.00146484375,12988266,0.0,0.0
2024-02-15 00:00:00+00:00,3401.0,3430.0,3273.0,3314.0,3312.014404296875,4640137,0.0,0.0
2024-02-16 00:00:00+00:00,3357.0,3407.0,3327.0,3402.0,3399.961669921875,7313829,0.0,0.0
2024-02-19 00:00:00+00:00,3385.0,3421.0,3360.0,3412.0,3409.955810546875,3017430,0.0,0.0
2024-02-20 00:00:00+00:00,3414.0,3439.0,3414.0,3436.0,3433.94140625,5947799,0.0,0.0
2024-02-21 00:00:00+00:00,3458.0,3464.0,3411.0,3434.0,3431.94287109375,4824780,0.0,0.0
2024-02-22 00:00:00+00:00,3436.0,3489.0,3429.0,3475.0,3472.91796875,7237201,0.0,0.0
2024-02-23 00:00:00+00:00,3490.0,3510.0,3474.0,3500.0,3497.903076171875,4342346,0.0,0.0
2024-02-26 00:00:00+00:00,3502.0,3531.81396484375,3496.0,3504.0,3501.900634765625,8012524,0.0,0.0
2024-02-27 00:00:00+00:00,3502.0,3506.0,3437.0,3454.0,3451.930908203125,4290750,0.0,0.0
2024-02-28 00:00:00+00:00,3469.0,3478.0,3438.862060546875,3439.0,3436.939697265625,4603069,0.0,0.0
2024-02-29 00:00:00+00:00,3447.0,3473.0,3433.0,3461.0,3458.92626953125,6259435,0.0,0.0
2024-03-01 00:00:00+00:00,3460.0,3466.0,3388.0,3411.0,3408.95654296875,3919195,0.0,0.0
2024-03-04 00:00:00+00:00,3417.0,3417.0,3395.0,3410.0,3407.956787109375,3106351,0.0,0.0
2024-03-05 00:00:00+00:00,3422.0,3435.0,3403.428955078125,3420.0,3417.951171875,2880702,0.0,0.0
2024-03-06 00:00:00+00:00,3440.0,3443.0,3386.85400390625,3414.0,3411.954345703125,4102587,0.0,0.0
2024-03-07 00:00:00+00:00,3407.0,3421.0,3391.0,3395.0,3392.96630859375,9385054,0.0,0.0
2024-03-08 00:00:00+00:00,3398.0,3414.0,3387.0,3405.0,3402.9599609375,4129973,0.0,0.0
2024-03-11 00:00:00+00:00,3386.0,3397.0,3344.81005859375,3360.0,3357.98681640625,6777781,0.0,0.0
2024-03-12 00:00:00+00:00,3384.0,3410.0,3358.0,3410.0,3407.956787109375,4225873,0.0,0.0
2024-03-13 00:00:00+00:00,3417.0,3429.0,3404.548095703125,3411.0,3408.95654296875,8807750,0.0,0.0
2024-03-14 00:00:00+00:00,3419.0,3423.0,3369.0,3391.0,3388.96826171875,2669853,0.0,0.0
2024-03-15 00:00:00+00:00,3385.0,3404.0,3368.0,3375.0,3372.97802734375,8090027,0.0,0.0
2024-03-18 00:00:00+00:00,3382.0,3397.0,3369.0,3389.0,3386.969482421875,3229001,0.0,0.0
2024-03-19 00:00:00+00:00,3378.0,3385.5009765625,3359.9990234375,3382.0,3379.9736328125,2791392,0.0,0.0
2024-03-20 00:00:00+00:00,3397.0,3423.0,3379.0,3379.0,3376.9755859375,3925599,0.0,0.0
2024-03-21 00:00:00+00:00,3400.0,3462.0,3384.0,3451.0,3448.9326171875,7468942,0.0,0.0
2024-03-22 00:00:00+00:00,3458.0,3475.0,3437.0,3458.0,3455.92822265625,4892082,0.0,0.0
2024-03-25 00:00:00+00:00,3454.0,3467.990966796875,3426.0,3428.0,3425.9462890625,2977771,0.0,0.0
2024-03-26 00:00:00+00:00,3423.0,3435.4951171875,3401.0,3410.0,3407.956787109375,3429439,0.0,0.0
2024-03-27 00:00:00+00:00,3430.0,3443.0,3419.0,3427.0,3424.94677734375,3289756,0.0,0.0
2024-03-28 00:00:00+00:00,3430.0,3460.0,3414.0,3424.0,3421.94873046875,4554709,0.0,0.0
2024-04-02 00:00:00+01:00,3406.0,3439.0,3349.0,3356.0,3353.9892578125,3467361,0.0,0.0
2024-04-03 00:00:00+01:00,3348.0,3361.0,3307.0,3324.0,3322.0087890625,3665943,0.0,0.0
2024-04-04 00:00:00+01:00,3320.0,3326.0,3290.0,3313.0,3311.014892578125,4465657,0.0,0.0
2024-04-05 00:00:00+01:00,3276.0,3320.0,3267.0,3318.0,3316.01171875,4022374,0.0,0.0
2024-04-08 00:00:00+01:00,3308.0,3320.0,3286.0,3299.0,3297.023681640625,3720029,0.0,0.0
2024-04-09 00:00:00+01:00,3298.0,3321.54296875,3287.0,3320.0,3318.010986328125,3978668,0.0,0.0
2024-04-10 00:00:00+01:00,3335.0,3337.0,3273.0,3309.0,3307.017333984375,3249722,0.0,0.0
2024-04-11 00:00:00+01:00,3298.0,3319.0,3287.0,3319.0,3317.011474609375,4740249,0.0,0.0
2024-04-12 00:00:00+01:00,3344.0,3357.0,3331.0,3339.0,3336.999755859375,3622851,0.0,0.0
2024-04-15 00:00:00+01:00,3347.0,3377.0,3329.248046875,3354.0,3351.990234375,2450393,0.0,0.0
2024-04-16 00:00:00+01:00,3315.0,3329.0,3288.0,3305.0,3303.02001953125,2634806,0.0,0.0
2024-04-17 00:00:00+01:00,3297.0,3351.0,3292.3349609375,3305.0,3303.02001953125,2832007,0.0,0.0
2024-04-18 00:00:00+01:00,3332.0,3338.0,3308.0,3329.0,3327.00537109375,6021283,0.0,0.0
2024-04-19 00:00:00+01:00,3307.0,3320.0,3285.0,3302.0,3300.021728515625,3553174,0.0,0.0
2024-04-22 00:00:00+01:00,3331.0,3364.0,3331.0,3348.0,3345.994140625,3314577,0.0,0.0
2024-04-23 00:00:00+01:00,3360.0,3388.0,3352.0,3364.0,3361.984619140625,6096606,0.0,0.0
2024-04-24 00:00:00+01:00,3369.0,3375.97998046875,3305.0,3305.0,3303.02001953125,8232217,0.0,0.0
2024-04-25 00:00:00+01:00,3280.0,3301.0,3218.0,3281.0,3279.0341796875,8117904,0.0,0.0
2024-04-26 00:00:00+01:00,3303.0,3331.0,3290.948974609375,3329.0,3327.00537109375,2370724,0.0,0.0
2024-04-29 00:00:00+01:00,3323.0,3335.0,3285.0,3293.0,3291.027099609375,2230147,0.0,0.0
2024-04-30 00:00:00+01:00,3289.0,3333.0,3282.0,3303.0,3301.021240234375,2984761,0.0,0.0
2024-05-01 00:00:00+01:00,3292.0,3303.0,3280.659912109375,3300.0,3298.022705078125,2361963,0.0,0.0
2024-05-02 00:00:00+01:00,3259.0,3259.0,3259.0,3284.0,3282.4482421875,5126169,41.800003,0.0
2024-05-03 00:00:00+01:00,3289.0,3364.0,3289.0,3358.0,3356.413330078125,3143641,0.0,0.0
2024-05-07 00:00:00+01:00,3387.0,3422.0,3386.0,3411.0,3409.387939453125,6889448,0.0,0.0
2024-05-08 00:00:00+01:00,3422.0,3455.0,3416.0,3433.0,3431.377685546875,2834270,0.0,0.0
2024-05-09 00:00:00+01:00,3426.0,3464.0,3408.0,3451.0,3449.369140625,2230157,0.0,0.0
2024-05-10 00:00:00+01:00,3453.0,3473.0,3446.0,3459.0,3457.365478515625,5984048,0.0,0.0
2024-05-13 00:00:00+01:00,3462.0,3474.0,3404.0,3411.0,3409.387939453125,1814752,0.0,0.0
2024-05-14 00:00:00+01:00,3416.0,3451.0,3415.0,3444.0,3442.373046875,2475775,0.0,0.0
2024-05-15 00:00:00+01:00,3464.0,3487.0,3438.0,3462.0,3460.364013671875,2331296,0.0,0.0
2024-05-16 00:00:00+01:00,3461.0,3472.0,3429.0,3455.0,3453.3671875,3075739,0.0,0.0
2024-05-17 00:00:00+01:00,3449.0,3480.0,3435.0,3458.0,3456.365966796875,3928851,0.0,0.0
2024-05-20 00:00:00+01:00,3453.0,3469.0,3448.0,3466.0,3464.3623046875,2236730,0.0,0.0
2024-05-21 00:00:00+01:00,3453.0,3475.0,3449.0,3465.0,3463.362548828125,3278213,0.0,0.0
2024-05-22 00:00:00+01:00,3452.0,3482.323974609375,3430.0,3482.0,3480.3544921875,5874563,0.0,0.0
2024-05-23 00:00:00+01:00,3489.0,3513.0,3476.0,3490.0,3488.350830078125,4226494,0.0,0.0
2024-05-24 00:00:00+01:00,3467.0,3526.0,3447.0,3520.0,3518.336669921875,2282891,0.0,0.0
2024-05-28 00:00:00+01:00,3510.0,3542.0,3425.89697265625,3426.0,3424.381103515625,3596021,0.0,0.0
2024-05-29 00:00:00+01:00,3405.0,3431.0,3403.0,3415.0,3413.38623046875,2225915,0.0,0.0
2024-05-30 00:00:00+01:00,3412.0,3430.0,3400.488037109375,3401.0,3399.392822265625,3889309,0.0,0.0
2024-05-31 00:00:00+01:00,3409.0,3436.0,3400.8349609375,3416.0,3414.385986328125,5500366,0.0,0.0
2024-06-03 00:00:00+01:00,3458.0,3475.0,3415.0,3422.0,3420.383056640625,5024001,0.0,0.0
2024-06-04 00:00:00+01:00,3426.0,3493.0,3422.0,3487.0,3485.35205078125,3321626,0.0,0.0
2024-06-05 00:00:00+01:00,3506.0,3521.0,3476.0,3521.0,3519.336181640625,3306784,0.0,0.0
2024-06-06 00:00:00+01:00,3536.0,3567.0,3535.0,3540.0,3538.3271484375,1969723,0.0,0.0
2024-06-07 00:00:00+01:00,3554.0,3562.0,3517.0,3531.0,3529.33154296875,1634216,0.0,0.0
2024-06-10 00:00:00+01:00,3510.0,3530.0,3493.0,3503.0,3501.344970703125,2749842,0.0,0.0
2024-06-11 00:00:00+01:00,3519.0,3534.0,3481.0,3491.0,3489.350341796875,3029317,0.0,0.0
2024-06-12 00:00:00+01:00,3513.0,3573.0,3470.0,3572.0,3570.312255859375,2757351,0.0,0.0
2024-06-13 00:00:00+01:00,3582.0,3615.6708984375,3567.0,3576.0,3574.310302734375,2686896,0.0,0.0
2024-06-14 00:00:00+01:00,3575.0,3580.0,3543.0,3558.0,3556.318603515625,2455864,0.0,0.0
2024-06-17 00:00:00+01:00,3584.0,3593.0,3558.22900390625,3568.0,3566.314208984375,2411144,0.0,0.0
2024-06-18 00:00:00+01:00,3578.0,3606.0,3569.0,3591.0,3589.30322265625,2619688,0.0,0.0
2024-06-19 00:00:00+01:00,3585.0,3589.0,3561.0,3587.0,3585.30517578125,2245587,0.0,0.0
2024-06-20 00:00:00+01:00,3587.0,3622.0,3575.0,3608.0,3606.295166015625,4440815,0.0,0.0
2024-06-21 00:00:00+01:00,3603.0,3617.0,3574.0,3600.0,3598.299072265625,8855844,0.0,0.0
2024-06-24 00:00:00+01:00,3601.0,3635.0,3586.0,3612.0,3610.29345703125,5026520,0.0,0.0
2024-06-25 00:00:00+01:00,3597.0,3634.0,3577.0,3615.0,3613.2919921875,4770481,0.0,0.0
2024-06-26 00:00:00+01:00,3634.0,3646.287109375,3593.0,3604.0,3602.297119140625,2470461,0.0,0.0
2024-06-27 00:00:00+01:00,3610.0,3658.282958984375,3608.6640625,3654.0,3652.273193359375,2571616,0.0,0.0
2024-06-28 00:00:00+01:00,3664.0,3675.0,3634.0,3639.0,3637.280517578125,4370401,0.0,0.0
2024-07-01 00:00:00+01:00,3649.0,3657.0,3567.0,3577.0,3575.31005859375,2421009,0.0,0.0
2024-07-02 00:00:00+01:00,3562.0,3599.0,3551.0,3575.0,3573.310791015625,2286546,0.0,0.0
2024-07-03 00:00:00+01:00,3588.0,3588.0,3559.0,3570.0,3568.31298828125,4026067,0.0,0.0
2024-07-04 00:00:00+01:00,3593.0,3602.05810546875,3571.0,3583.0,3581.306884765625,1854391,0.0,0.0
2024-07-05 00:00:00+01:00,3605.0,3617.0,3576.5029296875,3585.0,3583.305908203125,2064471,0.0,0.0
2024-07-08 00:00:00+01:00,3586.0,3611.0,3561.0,3593.0,3591.30224609375,1819421,0.0,0.0
2024-07-09 00:00:00+01:00,3593.0,3631.0,3588.0,3595.0,3593.301513671875,4052077,0.0,0.0
2024-07-10 00:00:00+01:00,3610.0,3618.0,3593.0,3595.0,3593.301513671875,4738972,0.0,0.0
2024-07-11 00:00:00+01:00,3598.0,3605.0,3543.0,3543.0,3541.32568359375,2779741,0.0,0.0
2024-07-12 00:00:00+01:00,3557.0,3584.0,3546.0,3576.0,3574.310302734375,1868553,0.0,0.0
2024-07-15 00:00:00+01:00,3570.0,3606.137939453125,3540.0,3540.0,3538.3271484375,1808767,0.0,0.0
2024-07-16 00:00:00+01:00,3521.0,3559.0,3511.0,3548.0,3546.323486328125,3651271,0.0,0.0
2024-07-17 00:00:00+01:00,3537.0,3546.0,3492.0,3492.0,3490.35009765625,2906790,0.0,0.0
2024-07-18 00:00:00+01:00,3496.0,3521.0,3464.751953125,3473.0,3471.359130859375,2096886,0.0,0.0
2024-07-19 00:00:00+01:00,3464.0,3513.0,3456.0,3470.0,3468.3603515625,2398857,0.0,0.0
2024-07-22 00:00:00+01:00,3488.0,3523.0,3480.0,3512.0,3510.340576171875,4820937,0.0,0.0
2024-07-23 00:00:00+01:00,3511.0,3514.0,3483.0,3512.0,3510.340576171875,4457574,0.0,0.0
2024-07-24 00:00:00+01:00,3487.0,3495.0,3470.0,3482.0,3480.3544921875,2505707,0.0,0.0
2024-07-25 00:00:00+01:00,3496.0,3604.0,3448.0,3583.0,3581.306884765625,6628257,0.0,0.0
2024-07-26 00:00:00+01:00,3572.0,3622.0,3565.0,3608.0,3606.295166015625,2272199,0.0,0.0
2024-07-29 00:00:00+01:00,3616.0,3666.0,3616.0,3661.0,3659.27001953125,4914445,0.0,0.0
2024-07-30 00:00:00+01:00,3654.0,3693.0,3635.0,3688.0,3686.25732421875,3299608,0.0,0.0
2024-07-31 00:00:00+01:00,3688.0,3694.3349609375,3369.0,3673.0,3671.264404296875,2647980,0.0,0.0
2024-08-01 00:00:00+01:00,3657.0,3657.0,3582.0,3590.0,3588.4814453125,3147454,18.199999,0.0
2024-08-02 00:00:00+01:00,3568.0,3577.0,3535.0,3567.0,3565.4912109375,5130103,0.0,0.0
2024-08-05 00:00:00+01:00,3517.0,3537.0,3424.0,3467.0,3465.533203125,6321474,0.0,0.0
2024-08-06 00:00:00+01:00,3470.0,3478.0,3416.0,3450.0,3448.54052734375,8406175,0.0,0.0
2024-08-07 00:00:00+01:00,3472.0,3518.0,3448.0,3512.0,3510.514404296875,3311753,0.0,0.0
2024-08-08 00:00:00+01:00,3490.0,3501.0,3458.5,3497.0,3495.520751953125,2504464,0.0,0.0
2024-08-09 00:00:00+01:00,3488.0,3526.0,3488.0,3511.0,3509.514892578125,3641714,0.0,0.0
2024-08-12 00:00:00+01:00,3537.0,3545.0,3509.0,3531.0,3529.50634765625,5011138,0.0,0.0
2024-08-13 00:00:00+01:00,3541.0,3553.0,3497.0,3529.0,3527.507080078125,1558128,0.0,0.0
2024-08-14 00:00:00+01:00,3543.0,3556.0,3522.0,3550.0,3548.498291015625,1821877,0.0,0.0
2024-08-15 00:00:00+01:00,3569.0,3574.0,3544.0,3555.0,3553.496337890625,3317356,0.0,0.0
2024-08-16 00:00:00+01:00,3555.0,3558.0,3519.0,3532.0,3530.506103515625,2633500,0.0,0.0
2024-08-19 00:00:00+01:00,3519.0,3550.0,3503.0,3540.0,3538.50244140625,1265449,0.0,0.0
2024-08-20 00:00:00+01:00,3543.0,3554.0,3518.0,3524.0,3522.50927734375,1410307,0.0,0.0
2024-08-21 00:00:00+01:00,3529.0,3551.0,3523.0,3535.0,3533.5048828125,3419810,0.0,0.0
2024-08-22 00:00:00+01:00,3539.0,3547.197998046875,3515.0,3520.0,3518.510986328125,2219850,0.0,0.0
2024-08-23 00:00:00+01:00,3520.0,3520.0,3499.0,3499.0,3497.52001953125,1120391,0.0,0.0
2024-08-27 00:00:00+01:00,3489.0,3523.0,3487.110107421875,3492.0,3490.52294921875,4211084,0.0,0.0
2024-08-28 00:00:00+01:00,3519.0,3529.0,3500.0,3522.0,3520.510009765625,3284572,0.0,0.0
2024-08-29 00:00:00+01:00,3512.0,3585.0,3508.0,3578.0,3576.486083984375,1546423,0.0,0.0
2024-08-30 00:00:00+01:00,3570.0,3572.178955078125,3524.0,3539.0,3537.503173828125,3706084,0.0,0.0
2024-09-02 00:00:00+01:00,3543.0,3558.0,3532.0,3553.0,3551.4970703125,1510778,0.0,0.0
2024-09-03 00:00:00+01:00,3577.0,3588.0,3550.0,3553.0,3551.4970703125,2277758,0.0,0.0
2024-09-04 00:00:00+01:00,3515.0,3556.0,3510.0,3554.0,3552.49658203125,2183579,0.0,0.0
2024-09-05 00:00:00+01:00,3550.0,3570.0,3430.0,3486.0,3484.525390625,4309432,0.0,0.0
2024-09-06 00:00:00+01:00,3479.0,3560.0,3478.0,3519.0,3517.511474609375,2585473,0.0,0.0
2024-09-09 00:00:00+01:00,3533.0,3584.0,3526.39990234375,3584.0,3582.484130859375,2190964,0.0,0.0
2024-09-10 00:00:00+01:00,3574.0,3610.0,3563.0,3601.0,3599.4765625,4873018,0.0,0.0
2024-09-11 00:00:00+01:00,3605.0,3624.0,3575.56396484375,3585.0,3583.4833984375,1863888,0.0,0.0
2024-09-12 00:00:00+01:00,3651.0,3684.0,3635.0,3642.0,3640.459228515625,8571908,0.0,0.0
2024-09-13 00:00:00+01:00,3643.0,3671.0,3629.0,3632.0,3630.463623046875,1551866,0.0,0.0
2024-09-16 00:00:00+01:00,3621.0,3647.0,3614.0,3640.0,3638.460205078125,1457627,0.0,0.0
2024-09-17 00:00:00+01:00,3650.0,3670.0,3634.0,3648.0,3646.456787109375,3031890,0.0,0.0
2024-09-18 00:00:00+01:00,3635.0,3645.0,3576.530029296875,3591.0,3589.48095703125,4282612,0.0,0.0
2024-09-19 00:00:00+01:00,3598.0,3631.0,3562.0,3623.0,3621.467529296875,3801581,0.0,0.0
2024-09-20 00:00:00+01:00,3610.0,3646.0,3607.0,3620.0,3618.468505859375,6694115,0.0,0.0
2024-09-23 00:00:00+01:00,3606.0,3664.0,3592.0,3664.0,3662.4501953125,3647817,0.0,0.0
2024-09-24 00:00:00+01:00,3676.0,3690.0,3599.0,3628.0,3626.46533203125,4512029,0.0,0.0
2024-09-25 00:00:00+01:00,3616.0,3650.0,3614.0,3631.0,3629.46435546875,2333695,0.0,0.0
2024-09-26 00:00:00+01:00,3653.0,3665.0,3562.0,3592.0,3590.48046875,2597435,0.0,0.0
2024-09-27 00:00:00+01:00,3577.0,3590.0,3555.73291015625,3568.0,3566.490966796875,2630996,0.0,0.0
2024-09-30 00:00:00+01:00,3544.0,3571.0,3501.0,3509.0,3507.515625,5510722,0.0,0.0
2024-10-01 00:00:00+01:00,3534.0,3561.0,3505.0,3546.0,3544.5,2964476,0.0,0.0
2024-10-02 00:00:00+01:00,3540.0,3569.0,3534.0,3564.0,3562.49267578125,3179040,0.0,0.0
2024-10-03 00:00:00+01:00,3568.0,3584.0,3536.0,3551.0,3549.497802734375,3807370,0.0,0.0
2024-10-04 00:00:00+01:00,3531.0,3531.0,3462.0,3501.0,3499.51904296875,2585155,0.0,0.0
2024-10-07 00:00:00+01:00,3511.0,3521.0,3494.0,3512.0,3510.514404296875,2757175,0.0,0.0
2024-10-08 00:00:00+01:00,3521.0,3541.0,3500.0,3537.0,3535.503662109375,3046945,0.0,0.0
2024-10-09 00:00:00+01:00,3562.0,3574.364990234375,3528.0,3554.0,3552.49658203125,1613809,0.0,0.0
2024-10-10 00:00:00+01:00,3539.0,3559.0,3531.0,3549.0,3547.498779296875,3996109,0.0,0.0
2024-10-11 00:00:00+01:00,3550.0,3588.0,3546.0,3572.0,3570.489013671875,2156110,0.0,0.0
2024-10-14 00:00:00+01:00,3573.0,3606.0,3570.0,3604.0,3602.4755859375,5659852,0.0,0.0
2024-10-15 00:00:00+01:00,3651.0,3694.0,3643.0,3672.0,3670.44677734375,3442391,0.0,0.0
2024-10-16 00:00:00+01:00,3673.0,3708.0,3668.0,3683.0,3681.44189453125,3443464,0.0,0.0
2024-10-17 00:00:00+01:00,3691.0,3726.0,3684.0,3725.0,3723.424072265625,4358940,0.0,0.0
2024-10-18 00:00:00+01:00,3696.0,3701.0,3638.0,3679.0,3677.44384765625,2636119,0.0,0.0
2024-10-21 00:00:00+01:00,3677.0,3690.301025390625,3641.366943359375,3647.0,3645.457275390625,1981942,0.0,0.0
2024-10-22 00:00:00+01:00,3631.0,3644.0,3583.0,3593.0,3591.480224609375,2628340,0.0,0.0
2024-10-23 00:00:00+01:00,3581.0,3594.0,3551.0,3589.0,3587.481689453125,3314026,0.0,0.0
2024-10-24 00:00:00+01:00,3593.0,3633.0,3581.0,3624.0,3622.467041015625,4701042,0.0,0.0
2024-10-25 00:00:00+01:00,3612.0,3657.0,3605.0,3644.0,3642.458740234375,4327935,0.0,0.0
2024-10-28 00:00:00+00:00,3656.0,3705.0,3653.43408203125,3685.0,3683.441162109375,3078405,0.0,0.0
2024-10-29 00:00:00+00:00,3700.0,3701.0,3639.0,3660.0,3658.45166015625,2266718,0.0,0.0
2024-10-30 00:00:00+00:00,3653.0,3656.0,3577.7451171875,3592.0,3590.48046875,2687340,0.0,0.0
2024-10-31 00:00:00+00:00,3555.0,3579.0,3540.0,3560.0,3558.493896484375,2945158,0.0,0.0
2024-11-01 00:00:00+00:00,3567.0,3632.0,3558.0,3622.0,3620.468017578125,4667770,0.0,0.0
2024-11-04 00:00:00+00:00,3612.0,3633.0,3609.0,3617.0,3615.469970703125,7135958,0.0,0.0
2024-11-05 00:00:00+00:00,3609.0,3664.27099609375,3603.0,3654.0,3652.4541015625,2718669,0.0,0.0
2024-11-06 00:00:00+00:00,3719.0,3732.0,3652.0,3673.0,3671.4462890625,3270039,0.0,0.0
2024-11-07 00:00:00+00:00,3675.0,3678.0,3639.0,3639.0,3637.460693359375,4320821,0.0,0.0
2024-11-08 00:00:00+00:00,3682.0,3706.0,3663.0,3693.0,3691.437744140625,2437504,0.0,0.0
2024-11-11 00:00:00+00:00,3712.0,3727.070068359375,3697.0,3704.0,3702.433349609375,2565330,0.0,0.0
2024-11-12 00:00:00+00:00,3692.0,3695.0,3611.0,3634.0,3632.462646484375,4486318,0.0,0.0
2024-11-13 00:00:00+00:00,3576.0,3622.0,3570.0,3607.0,3605.47412109375,3474633,0.0,0.0
2024-11-14 00:00:00+00:00,3609.0,3643.0,3585.0,3639.0,3637.460693359375,2447040,0.0,0.0
2024-11-15 00:00:00+00:00,3614.0,3634.0,3487.798095703125,3531.0,3529.50634765625,4616398,0.0,0.0
2024-11-18 00:00:00+00:00,3529.0,3567.0,3526.0,3567.0,3565.4912109375,8871739,0.0,0.0
2024-11-19 00:00:00+00:00,3563.0,3573.0,3531.0,3568.0,3566.490966796875,2012910,0.0,0.0
2024-11-20 00:00:00+00:00,3561.0,3582.0,3541.7548828125,3545.0,3543.50048828125,4236489,0.0,0.0
2024-11-21 00:00:00+00:00,3566.0,3616.0,3560.659912109375,3613.0,3611.4716796875,2815123,0.0,0.0
2024-11-22 00:00:00+00:00,3643.0,3731.0,3631.0,3723.0,3721.42529296875,2505118,0.0,0.0
2024-11-25 00:00:00+00:00,3733.0,3743.0,3700.0,3702.0,3700.433837890625,4288423,0.0,0.0
2024-11-26 00:00:00+00:00,3713.0,3730.0,3698.0,3722.0,3720.425537109375,3057649,0.0,0.0
2024-11-27 00:00:00+00:00,3718.0,3735.0,3704.0,3719.0,3717.427001953125,2062697,0.0,0.0
2024-11-28 00:00:00+00:00,3715.0,3749.0,3691.0,3699.0,3697.435302734375,1310440,0.0,0.0
2024-11-29 00:00:00+00:00,3682.0,3709.0,3680.0,3705.0,3703.4326171875,2011784,0.0,0.0
2024-12-02 00:00:00+00:00,3699.0,3750.0,3699.0,3748.0,3746.41455078125,2098164,0.0,0.0
2024-12-03 00:00:00+00:00,3736.0,3768.659912109375,3728.0,3748.0,3746.41455078125,2486738,0.0,0.0
2024-12-04 00:00:00+00:00,3751.0,3782.0,3742.368896484375,3772.0,3770.404296875,1962475,0.0,0.0
2024-12-05 00:00:00+00:00,3771.0,3796.699951171875,3762.0,3784.0,3782.399169921875,2570264,0.0,0.0
2024-12-06 00:00:00+00:00,3779.0,3786.0,3743.0,3746.0,3744.41552734375,7669255,0.0,0.0
2024-12-09 00:00:00+00:00,3750.0,3754.0,3650.0,3677.0,3675.444580078125,6993106,0.0,0.0
2024-12-10 00:00:00+00:00,3688.0,3705.0,3678.0,3692.0,3690.43798828125,3687878,0.0,0.0
2024-12-11 00:00:00+00:00,3685.0,3756.0,3681.5,3713.0,3711.429443359375,4077839,0.0,0.0
2024-12-12 00:00:00+00:00,3700.0,3746.0,3691.0,3740.0,3738.41796875,2019451,0.0,0.0
2024-12-13 00:00:00+00:00,3741.0,3759.51806640625,3714.0,3727.0,3725.42333984375,1812778,0.0,0.0
2024-12-16 00:00:00+00:00,3727.0,3732.0,3702.0,3709.0,3707.430908203125,2805446,0.0,0.0
2024-12-17 00:00:00+00:00,3684.0,3727.0,3682.0,3707.0,3705.431884765625,3138334,0.0,0.0
2024-12-18 00:00:00+00:00,3715.0,3754.0,3715.0,3730.0,3728.42236328125,4868840,0.0,0.0
2024-12-19 00:00:00+00:00,3696.0,3708.0,3640.0,3654.0,3652.4541015625,2722220,0.0,0.0
2024-12-20 00:00:00+00:00,3651.0,3660.0,3594.0,3629.0,3627.464599609375,5784476,0.0,0.0
2024-12-23 00:00:00+00:00,3605.0,3619.0,3561.0,3608.0,3606.473876953125,2429053,0.0,0.0
2024-12-24 00:00:00+00:00,3633.0,3634.0,3606.0,3617.0,3615.469970703125,484832,0.0,0.0
2024-12-27 00:00:00+00:00,3633.0,3637.0,3604.0,3631.0,3629.46435546875,1260940,0.0,0.0
2024-12-30 00:00:00+00:00,3618.0,3632.0,3579.0,3604.0,3602.4755859375,1139345,0.0,0.0
2024-12-31 00:00:00+00:00,3601.0,3630.0,3554.0,3629.0,3627.464599609375,567991,0.0,0.0
2025-01-02 00:00:00+00:00,3622.0,3692.0,3602.0,3680.0,3678.443115234375,2592182,0.0,0.0
2025-01-03 00:00:00+00:00,3670.0,3680.0,3630.0,3650.0,3648.4560546875,1584098,0.0,0.0
2025-01-06 00:00:00+00:00,3654.0,3682.0,3638.0,3666.0,3664.44921875,2311874,0.0,0.0
2025-01-07 00:00:00+00:00,3655.0,3700.0,3637.0,3699.0,3697.435302734375,2008568,0.0,0.0
2025-01-08 00:00:00+00:00,3716.0,3775.0,3706.0,3775.0,3773.403076171875,2252488,0.0,0.0
2025-01-09 00:00:00+00:00,3787.0,3820.0,3781.0,3806.0,3804.390380859375,2298487,0.0,0.0
2025-01-10 00:00:00+00:00,3805.0,3826.0,3795.0,3811.0,3809.387939453125,4557117,0.0,0.0
2025-01-13 00:00:00+00:00,3794.0,3799.0,3708.0,3765.0,3763.406982421875,2887796,0.0,0.0
2025-01-14 00:00:00+00:00,3764.0,3793.0,3758.0,3763.0,3761.408203125,1915398,0.0,0.0
2025-01-15 00:00:00+00:00,3790.0,3837.5009765625,3780.0,3829.0,3827.380126953125,2392902,0.0,0.0
2025-01-16 00:00:00+00:00,3836.0,3911.361083984375,3818.0,3902.0,3900.349365234375,2370853,0.0,0.0
2025-01-17 00:00:00+00:00,3925.0,3960.0,3912.0,3951.0,3949.328857421875,3338673,0.0,0.0
2025-01-20 00:00:00+00:00,3949.0,3973.0,3946.0,3965.0,3963.32275390625,2101527,0.0,0.0
2025-01-21 00:00:00+00:00,3981.0,4008.0,3976.0,3996.0,3994.309814453125,2443098,0.0,0.0
2025-01-22 00:00:00+00:00,4020.0,4034.0,3992.0,3992.0,3990.311279296875,2672993,0.0,0.0
2025-01-23 00:00:00+00:00,3996.0,4000.0,3974.0,3980.0,3978.31640625,3915285,0.0,0.0
2025-01-24 00:00:00+00:00,3980.0,3982.0,3916.0,3928.0,3926.33837890625,3497190,0.0,0.0
2025-01-27 00:00:00+00:00,3914.0,3933.0,3874.0,3926.0,3924.33935546875,3471644,0.0,0.0
2025-01-28 00:00:00+00:00,3944.0,3975.0,3935.0,3960.0,3958.324951171875,5313095,0.0,0.0
2025-01-29 00:00:00+00:00,3977.0,4003.0,3959.0,3970.0,3968.32080078125,2372159,0.0,0.0
2025-01-30 00:00:00+00:00,3978.0,4030.0,3974.0,4024.0,4022.2978515625,2776198,0.0,0.0
2025-01-31 00:00:00+00:00,4042.0,4048.0,4005.54296875,4025.0,4023.29736328125,3865255,0.0,0.0
2025-02-03 00:00:00+00:00,4014.0,4030.0,3983.0,4017.0,4015.30078125,1861031,0.0,0.0
2025-02-04 00:00:00+00:00,4002.0,4009.0,3981.5,4001.0,3999.3076171875,6228109,0.0,0.0
2025-02-05 00:00:00+00:00,3984.0,4033.0,3976.0,4031.0,4029.294921875,2875313,0.0,0.0
2025-02-06 00:00:00+00:00,4063.0,4071.0,4023.0,4043.0,4041.289794921875,2191693,0.0,0.0
2025-02-07 00:00:00+00:00,4045.0,4066.0,4026.0,4039.0,4037.291259765625,4955161,0.0,0.0
2025-02-10 00:00:00+00:00,4028.0,4076.0,3998.0,4076.0,4074.275634765625,5617723,0.0,0.0
2025-02-11 00:00:00+00:00,4096.0,4144.0,4088.4970703125,4120.0,4118.2568359375,3416649,0.0,0.0
2025-02-12 00:00:00+00:00,4115.0,4139.0,4077.0,4125.0,4123.25439453125,2822569,0.0,0.0
2025-02-13 00:00:00+00:00,4158.0,4205.0,4104.0,4135.0,4133.2509765625,4125327,0.0,0.0
2025-02-14 00:00:00+00:00,4148.0,4161.0,4038.0,4073.0,4071.277099609375,6191193,0.0,0.0
2025-02-17 00:00:00+00:00,4052.0,4065.0,4014.0,4048.0,4046.28759765625,6482473,0.0,0.0
2025-02-18 00:00:00+00:00,4050.0,4072.0,4027.0,4029.0,4027.2958984375,3475310,0.0,0.0
2025-02-19 00:00:00+00:00,4047.0,4047.0,3972.0,3996.0,3994.309814453125,3876566,0.0,0.0
2025-02-20 00:00:00+00:00,4011.0,4013.0,3953.0,3984.0,3982.314697265625,1910555,0.0,0.0
2025-02-21 00:00:00+00:00,3969.0,3969.0,3901.466064453125,3906.0,3904.347900390625,4232827,0.0,0.0
2025-02-24 00:00:00+00:00,3915.0,3933.0,3884.0,3898.0,3896.351318359375,2995319,0.0,0.0
2025-02-25 00:00:00+00:00,3885.0,3911.0,3882.0,3905.0,3903.347900390625,6133870,0.0,0.0
2025-02-26 00:00:00+00:00,3906.0,3916.60009765625,3804.9619140625,3805.0,3803.390380859375,5632671,0.0,0.0
2025-02-27 00:00:00+00:00,3774.0,3810.0,3760.623046875,3783.0,3781.39990234375,5355201,0.0,0.0
2025-02-28 00:00:00+00:00,3769.0,3818.114990234375,3768.0,3818.0,3816.385009765625,5607426,0.0,0.0
2025-03-03 00:00:00+00:00,3835.0,3849.0,3807.0,3832.0,3830.37890625,2652622,0.0,0.0
2025-03-04 00:00:00+00:00,3820.0,3853.0,3813.0,3825.0,3823.3818359375,4032138,0.0,0.0
2025-03-05 00:00:00+00:00,3801.0,3826.0,3747.0,3747.0,3745.414794921875,5863105,0.0,0.0
2025-03-06 00:00:00+00:00,3755.0,3759.0,3649.0,3666.0,3664.44921875,4608336,0.0,0.0
2025-03-07 00:00:00+00:00,3647.0,3688.0,3620.0,3687.0,3685.4404296875,3429233,0.0,0.0
2025-03-10 00:00:00+00:00,3700.0,3713.0,3661.0,3685.0,3683.441162109375,3660476,0.0,0.0
2025-03-11 00:00:00+00:00,3694.0,3698.0,3644.0,3656.0,3654.453369140625,3973098,0.0,0.0
2025-03-12 00:00:00+00:00,3669.0,3712.0,3637.0,3699.0,3697.435302734375,4431425,0.0,0.0
2025-03-13 00:00:00+00:00,3686.0,3710.0,3674.0,3710.0,3708.4306640625,3440511,0.0,0.0
2025-03-14 00:00:00+00:00,3747.0,3793.0,3715.0,3783.0,3781.39990234375,4445135,0.0,0.0
2025-03-17 00:00:00+00:00,3779.0,3825.0,3767.0,3814.0,3812.38671875,4068368,0.0,0.0
2025-03-18 00:00:00+00:00,3815.0,3823.0,3744.0,3766.0,3764.406982421875,3191772,0.0,0.0
2025-03-19 00:00:00+00:00,3769.0,3804.0,3750.0,3797.0,3795.3935546875,4712773,0.0,0.0
2025-03-20 00:00:00+00:00,3807.0,3869.0,3787.0,3849.0,3847.371826171875,3365480,0.0,0.0
2025-03-21 00:00:00+00:00,3834.0,3874.155029296875,3829.0,3874.0,3872.361328125,7956181,0.0,0.0
2025-03-24 00:00:00+00:00,3889.0,3896.0,3848.5,3860.0,3858.367431640625,4017885,0.0,0.0
2025-03-25 00:00:00+00:00,3859.0,3911.0,3858.0,3884.0,3882.35693359375,14070718,0.0,0.0
2025-03-26 00:00:00+00:00,3894.0,3905.0,3857.0,3870.0,3868.36279296875,2402044,0.0,0.0
2025-03-27 00:00:00+00:00,3849.0,3877.0,3830.0,3860.0,3858.367431640625,2801681,0.0,0.0
2025-03-28 00:00:00+00:00,3858.0,3892.0,3846.0,3887.0,3885.355712890625,2946236,0.0,0.0
2025-03-31 00:00:00+01:00,3870.0,3904.0,3862.0,3873.0,3871.361572265625,2914551,0.0,0.0
2025-04-01 00:00:00+01:00,3896.0,3924.0,3887.0,3913.0,3911.3447265625,2153750,0.0,0.0
2025-04-02 00:00:00+01:00,3913.0,3917.0,3884.696044921875,3911.0,3909.345703125,1705886,0.0,0.0
2025-04-03 00:00:00+01:00,3852.0,3940.0,3831.6650390625,3926.0,3924.33935546875,3699070,0.0,0.0
2025-04-04 00:00:00+01:00,3958.0,3985.0,3812.0,3816.0,3814.385498046875,9597722,0.0,0.0
2025-04-07 00:00:00+01:00,3658.0,3701.0,3517.0,3517.0,3515.512451171875,7098685,0.0,0.0
2025-04-08 00:00:00+01:00,3552.0,3664.0,3509.0,3629.0,3627.464599609375,4880340,0.0,0.0
2025-04-09 00:00:00+01:00,3551.0,3630.0,3526.0,3582.0,3580.48486328125,4566685,0.0,0.0
2025-04-10 00:00:00+01:00,3713.0,3800.0,3708.0,3733.0,3731.4208984375,6004634,0.0,0.0
2025-04-11 00:00:00+01:00,3779.0,3804.0,3714.0,3737.0,3735.419189453125,6323847,0.0,0.0
2025-04-14 00:00:00+01:00,3766.0,3808.27587890625,3756.0,3782.0,3780.400390625,4729446,0.0,0.0
2025-04-15 00:00:00+01:00,3807.0,3900.0,3790.0,3896.0,3894.351806640625,3039221,0.0,0.0
2025-04-16 00:00:00+01:00,3895.0,3921.0,3888.0,3915.0,3913.343994140625,5205305,0.0,0.0
2025-04-17 00:00:00+01:00,3893.0,3942.0,3874.0,3939.0,3937.333740234375,6751973,0.0,0.0
2025-04-22 00:00:00+01:00,3935.0,3955.0,3897.0,3934.0,3932.335693359375,4723362,0.0,0.0
2025-04-23 00:00:00+01:00,3982.0,3996.0,3926.0,3944.0,3942.33154296875,6907639,0.0,0.0
2025-04-24 00:00:00+01:00,3980.0,3984.0,3946.0,3967.0,3965.322021484375,14350915,0.0,0.0
2025-04-25 00:00:00+01:00,3981.0,4020.0,3952.0,4003.0,4001.306396484375,3919056,0.0,0.0
2025-04-28 00:00:00+01:00,4006.0,4011.0,3946.0,3960.0,3958.324951171875,2026115,0.0,0.0
2025-04-29 00:00:00+01:00,3982.0,4004.0,3949.0,4002.0,4000.307373046875,3011783,0.0,0.0
2025-04-30 00:00:00+01:00,4026.0,4067.0,4004.949951171875,4067.0,4065.279541015625,9805880,0.0,0.0
2025-05-01 00:00:00+01:00,4065.0,4087.0,4046.0,4075.0,4073.2763671875,1039208,0.0,0.0
2025-05-02 00:00:00+01:00,4130.0,4136.0,4071.0,4121.0,4119.2568359375,2956341,0.0,0.0
2025-05-06 00:00:00+01:00,4165.0,4166.0,4101.0,4110.0,4108.26171875,2637506,0.0,0.0
2025-05-07 00:00:00+01:00,4129.0,4133.0,4075.0,4082.0,4080.273193359375,2789675,0.0,0.0
2025-05-08 00:00:00+01:00,4082.0,4094.0,4023.0,4023.0,4021.739501953125,3252562,44.800003,0.0
2025-05-09 00:00:00+01:00,4099.0,4099.0,4002.0,4030.0,4028.7373046875,3657361,0.0,0.0
2025-05-12 00:00:00+01:00,4043.0,4059.0,3880.60009765625,3913.0,3911.77392578125,4270679,0.0,0.0
2025-05-13 00:00:00+01:00,3905.0,3953.0,3898.0,3949.0,3947.762451171875,2219170,0.0,0.0
2025-05-14 00:00:00+01:00,3942.0,4031.0,3932.0,3998.0,3996.747314453125,2419166,0.0,0.0
2025-05-15 00:00:00+01:00,3994.0,4068.0,3986.0,4062.0,4060.727294921875,2564440,0.0,0.0
2025-05-16 00:00:00+01:00,4073.0,4106.0,4068.301025390625,4099.0,4097.7158203125,2092191,0.0,0.0
2025-05-19 00:00:00+01:00,4089.0,4106.0,4044.0,4106.0,4104.712890625,2287155,0.0,0.0
2025-05-20 00:00:00+01:00,4101.0,4124.0,4095.0,4099.0,4097.7158203125,2116926,0.0,0.0
2025-05-21 00:00:00+01:00,4084.0,4133.0,4082.0,4129.0,4127.70654296875,4655086,0.0,0.0
2025-05-22 00:00:00+01:00,4116.0,4119.0,4051.0,4097.0,4095.71630859375,2028172,0.0,0.0
2025-05-23 00:00:00+01:00,4112.0,4129.0,4075.0,4113.0,4111.71142578125,1998165,0.0,0.0
2025-05-27 00:00:00+01:00,4135.0,4183.0,4123.0,4123.0,4121.70849609375,2436430,0.0,0.0
2025-05-28 00:00:00+01:00,4108.0,4144.0,4068.0,4068.0,4066.725341796875,3656236,0.0,0.0
2025-05-29 00:00:00+01:00,4085.0,4090.0,3934.0,3990.0,3988.75,3704948,0.0,0.0
2025-05-30 00:00:00+01:00,4008.0,4031.0,3993.840087890625,3994.0,3992.74853515625,6006865,0.0,0.0
2025-06-02 00:00:00+01:00,3968.0,4013.0,3966.0,4004.0,4002.745361328125,1606420,0.0,0.0
2025-06-03 00:00:00+01:00,4029.0,4032.0,3973.0,3990.0,3988.75,2360098,0.0,0.0
2025-06-04 00:00:00+01:00,3998.0,4025.0,3963.0,4011.0,4009.743408203125,2583076,0.0,0.0
2025-06-05 00:00:00+01:00,4013.0,4014.0,3973.0,3979.0,3977.75341796875,2104464,0.0,0.0
2025-06-06 00:00:00+01:00,3961.0,3978.0,3939.68603515625,3975.0,3973.75439453125,1625810,0.0,0.0
2025-06-09 00:00:00+01:00,3971.0,3981.0,3913.0,3921.0,3919.771240234375,1929488,0.0,0.0
2025-06-10 00:00:00+01:00,3924.0,3956.0,3910.0,3910.0,3908.775146484375,2681434,0.0,0.0
2025-06-11 00:00:00+01:00,3920.0,3934.0,3897.0,3914.0,3912.773681640625,1354274,0.0,0.0
2025-06-12 00:00:00+01:00,3907.0,3962.0,3907.0,3915.0,3913.7734375,1753009,0.0,0.0
2025-06-13 00:00:00+01:00,3878.0,3909.0,3869.0,3895.0,3893.779541015625,1652177,0.0,0.0
2025-06-16 00:00:00+01:00,3903.0,3955.0,3884.0,3947.0,3945.763427734375,2647264,0.0,0.0
2025-06-17 00:00:00+01:00,3925.0,3931.0,3894.0,3906.0,3904.7763671875,3433269,0.0,0.0
2025-06-18 00:00:00+01:00,3910.0,3933.0,3888.5,3901.0,3899.77783203125,2812004,0.0,0.0
2025-06-19 00:00:00+01:00,3881.0,3929.0,3881.0,3908.0,3906.775390625,2369998,0.0,0.0
2025-06-20 00:00:00+01:00,3921.0,3927.0,3889.0,3899.0,3897.7783203125,4739456,0.0,0.0
2025-06-23 00:00:00+01:00,3862.0,3928.0,3861.0,3928.0,3926.769287109375,1782204,0.0,0.0
2025-06-24 00:00:00+01:00,3970.0,3976.0,3900.0,3907.0,3905.77587890625,5083517,0.0,0.0
2025-06-25 00:00:00+01:00,3918.0,3943.0,3904.0,3904.0,3902.77685546875,2567592,0.0,0.0
2025-06-26 00:00:00+01:00,3874.0,3910.0,3862.0,3875.0,3873.785888671875,2520180,0.0,0.0
2025-06-27 00:00:00+01:00,3875.0,3941.0,3858.0,3939.0,3937.765869140625,1997004,0.0,0.0
2025-06-30 00:00:00+01:00,3925.0,4001.0,3925.0,3937.0,3935.766357421875,4191304,0.0,0.0
2025-07-01 00:00:00+01:00,3952.0,3968.0,3899.0,3923.0,3921.77099609375,2152035,0.0,0.0
2025-07-02 00:00:00+01:00,3943.0,3943.0,3822.0,3855.0,3853.792236328125,2250827,0.0,0.0
2025-07-03 00:00:00+01:00,3864.0,3900.0,3856.0,3900.0,3898.778076171875,1879495,0.0,0.0
2025-07-04 00:00:00+01:00,3895.0,3917.0,3879.0,3899.0,3897.7783203125,1014362,0.0,0.0
2025-07-07 00:00:00+01:00,3903.0,3946.0,3901.5,3934.0,3932.767333984375,1894372,0.0,0.0
2025-07-08 00:00:00+01:00,3935.0,3958.0,3922.0,3949.0,3947.762451171875,2316026,0.0,0.0
2025-07-09 00:00:00+01:00,3940.0,3962.0,3924.0,3935.0,3933.76708984375,3903692,0.0,0.0
2025-07-10 00:00:00+01:00,3958.0,4005.030029296875,3953.0,3992.0,3990.749267578125,2609624,0.0,0.0
2025-07-11 00:00:00+01:00,4002.0,4030.0,3979.0,3985.0,3983.75146484375,2195630,0.0,0.0
2025-07-14 00:00:00+01:00,3972.0,4016.0,3947.0,4012.0,4010.742919921875,1295268,0.0,0.0
2025-07-15 00:00:00+01:00,4010.0,4027.0,3982.0,3983.0,3981.752197265625,2315773,0.0,0.0
2025-07-16 00:00:00+01:00,3976.0,4011.0,3970.0,3989.0,3987.750244140625,1750918,0.0,0.0
2025-07-17 00:00:00+01:00,4002.0,4011.0,3971.0,3990.0,3988.75,2361886,0.0,0.0
2025-07-18 00:00:00+01:00,3996.0,4008.0,3954.0,3956.0,3954.760498046875,2263019,0.0,0.0
2025-07-21 00:00:00+01:00,3916.3330078125,3958.0,3902.0,3921.0,3919.771240234375,1634715,0.0,0.0
2025-07-22 00:00:00+01:00,3895.0,3917.0,3875.0,3880.0,3878.7841796875,1869290,0.0,0.0
2025-07-23 00:00:00+01:00,3915.0,3927.0,3888.0,3895.0,3893.779541015625,2760608,0.0,0.0
2025-07-24 00:00:00+01:00,3895.0,3972.20703125,3838.0,3972.0,3970.75537109375,4234231,0.0,0.0
2025-07-25 00:00:00+01:00,3995.0,4008.0,3937.0,3937.0,3935.766357421875,2350685,0.0,0.0
2025-07-28 00:00:00+01:00,3939.0,3952.0,3882.0,3892.0,3890.780517578125,2452055,0.0,0.0
2025-07-29 00:00:00+01:00,3884.0,3920.0,3877.0,3902.0,3900.77734375,3021995,0.0,0.0
2025-07-30 00:00:00+01:00,3903.0,3921.0,3882.0,3907.0,3905.77587890625,2611244,0.0,0.0
2025-07-31 00:00:00+01:00,3913.0,3976.0,3912.0,3936.0,3934.766845703125,2529644,0.0,0.0
2025-08-01 00:00:00+01:00,3921.0,3938.0,3885.0,3889.0,3887.78125,2859642,0.0,0.0
2025-08-04 00:00:00+01:00,3892.0,3910.0,3866.0,3904.0,3902.77685546875,10215746,0.0,0.0
2025-08-05 00:00:00+01:00,3902.0,3905.0,3813.0,3814.0,3812.80517578125,3080298,0.0,0.0
2025-08-06 00:00:00+01:00,3802.0,3821.0,3623.0,3646.0,3644.857666015625,6346159,0.0,0.0
2025-08-07 00:00:00+01:00,3632.0,3691.0,3628.927001953125,3666.0,3665.04736328125,2798530,19.5,0.0
2025-08-08 00:00:00+01:00,3652.0,3662.0,3554.0,3577.0,3576.070556640625,3525334,0.0,0.0
2025-08-11 00:00:00+01:00,3578.0,3619.0,3576.5,3583.0,3582.06884765625,3329805,0.0,0.0
2025-08-12 00:00:00+01:00,3587.0,3604.0,3515.0,3534.0,3533.08154296875,4408807,0.0,0.0
2025-08-13 00:00:00+01:00,3549.0,3561.0,3496.0,3499.0,3498.090576171875,9504733,0.0,0.0
2025-08-14 00:00:00+01:00,3515.0,3530.0,3485.5,3529.0,3528.0830078125,5369875,0.0,0.0
2025-08-15 00:00:00+01:00,3514.0,3534.0,3498.052001953125,3525.0,3524.083984375,4394984,0.0,0.0
2025-08-18 00:00:00+01:00,3555.0,3561.0,3510.0,3540.0,3539.080078125,2348160,0.0,0.0
2025-08-19 00:00:00+01:00,3537.0,3550.0,3513.0,3539.0,3538.080322265625,3887801,0.0,0.0
2025-08-20 00:00:00+01:00,3532.0,3634.0,3530.0,3625.0,3624.05810546875,3392441,0.0,0.0
2025-08-21 00:00:00+01:00,3601.0,3611.0,3566.0,3600.0,3599.064453125,2456538,0.0,0.0
2025-08-22 00:00:00+01:00,3582.0,3600.0,3561.0,3584.0,3583.06884765625,1957685,0.0,0.0
2025-08-26 00:00:00+01:00,3405.0,3562.0,3405.0,3538.0,3537.08056640625,6770435,0.0,0.0
2025-08-27 00:00:00+01:00,3549.0,3565.0,3534.0,3565.0,3564.073486328125,2658093,0.0,0.0
2025-08-28 00:00:00+01:00,3568.0,3569.0,3495.0,3495.0,3494.091796875,3330964,0.0,0.0
2025-08-29 00:00:00+01:00,3472.0,3491.0,3433.0,3446.0,3445.1044921875,4585072,0.0,0.0
2025-09-01 00:00:00+01:00,3459.0,3462.0,3418.0,3427.0,3426.109375,2004563,0.0,0.0
2025-09-02 00:00:00+01:00,3429.0,3434.0,3389.0,3394.0,3393.117919921875,4264941,0.0,0.0
2025-09-03 00:00:00+01:00,3397.0,3412.0,3369.0,3412.0,3411.113525390625,3781945,0.0,0.0
2025-09-04 00:00:00+01:00,3415.0,3497.0,3410.0,3495.0,3494.091796875,5104788,0.0,0.0
2025-09-05 00:00:00+01:00,3486.0,3503.0,3476.0,3482.0,3481.09521484375,3701696,0.0,0.0
2025-09-08 00:00:00+01:00,3487.0,3497.0,3476.0,3484.0,3483.0947265625,2582948,0.0,0.0
2025-09-09 00:00:00+01:00,3485.0,3502.0,3481.0,3483.0,3482.0947265625,2617281,0.0,0.0
2025-09-10 00:00:00+01:00,3485.0,3496.035888671875,3327.5,3337.0,3336.1328125,3572537,0.0,0.0
2025-09-11 00:00:00+01:00,3347.0,3397.0,3331.0,3396.0,3395.11767578125,3218965,0.0,0.0
2025-09-12 00:00:00+01:00,3409.0,3468.0,3396.0,3440.0,3439.106201171875,3542537,0.0,0.0
2025-09-15 00:00:00+01:00,3452.0,3470.0,3435.0,3453.0,3452.102783203125,4408072,0.0,0.0
2025-09-16 00:00:00+01:00,3444.0,3473.0,3415.541015625,3425.0,3424.110107421875,3244938,0.0,0.0
2025-09-17 00:00:00+01:00,3440.0,3470.0,3437.0,3450.0,3449.103515625,6270370,0.0,0.0
2025-09-18 00:00:00+01:00,3520.0,3575.0,3483.0,3540.0,3539.080078125,7344609,0.0,0.0
2025-09-19 00:00:00+01:00,3490.0,3526.0,3467.0,3481.0,3480.095458984375,7555984,0.0,0.0
2025-09-22 00:00:00+01:00,3484.0,3494.0,3453.0,3468.0,3467.098876953125,2408808,0.0,0.0
2025-09-23 00:00:00+01:00,3491.0,3501.0,3435.0,3435.0,3434.107177734375,3980787,0.0,0.0
2025-09-24 00:00:00+01:00,3426.0,3463.0,3408.0,3454.0,3453.1025390625,3573390,0.0,0.0
2025-09-25 00:00:00+01:00,3460.0,3474.0,3434.0,3461.0,3460.1005859375,3915846,0.0,0.0
2025-09-26 00:00:00+01:00,3474.0,3514.5,3466.0,3490.0,3489.093017578125,4480702,0.0,0.0
2025-09-29 00:00:00+01:00,3485.0,3531.0,3479.0,3519.0,3518.08544921875,4648451,0.0,0.0
2025-09-30 00:00:00+01:00,3517.0,3569.0,3513.0,3557.0,3556.07568359375,4016822,0.0,0.0
2025-10-01 00:00:00+01:00,3548.0,3561.0,3494.0,3498.0,3497.091064453125,3119749,0.0,0.0
2025-10-02 00:00:00+01:00,3486.0,3499.0,3433.0,3467.0,3466.098876953125,4665241,0.0,0.0
2025-10-03 00:00:00+01:00,3492.0,3492.0,3428.0,3455.0,3454.10205078125,3102434,0.0,0.0
2025-10-06 00:00:00+01:00,3441.0,3495.0,3435.0,3463.0,3462.10009765625,3371284,0.0,0.0
2025-10-07 00:00:00+01:00,3449.0,3464.0,3367.279052734375,3396.0,3395.11767578125,4485116,0.0,0.0
2025-10-08 00:00:00+01:00,3388.0,3453.0,3384.0,3424.0,3423.1103515625,3027935,0.0,0.0
2025-10-09 00:00:00+01:00,3447.0,3451.0,3379.0,3380.0,3379.12158203125,2532445,0.0,0.0
2025-10-10 00:00:00+01:00,3423.0,3425.0,3366.0,3378.0,3377.1220703125,2165094,0.0,0.0
2025-10-13 00:00:00+01:00,3390.0,3405.0,3363.0,3400.0,3399.11669921875,2919874,0.0,0.0
2025-10-14 00:00:00+01:00,3400.0,3457.0,3394.0,3415.0,3414.112548828125,2516395,0.0,0.0
2025-10-15 00:00:00+01:00,3387.0,3406.0,3350.5,3373.0,3372.12353515625,4364345,0.0,0.0
2025-10-16 00:00:00+01:00,3363.0,3383.18408203125,3343.0,3356.0,3355.127685546875,2393296,0.0,0.0
2025-10-17 00:00:00+01:00,3355.0,3370.0,3319.0,3356.0,3355.127685546875,3144173,0.0,0.0
2025-10-20 00:00:00+01:00,3356.0,3406.0,3341.0,3405.0,3404.115234375,7408594,0.0,0.0
2025-10-21 00:00:00+01:00,3459.0,3478.0,3433.0,3465.0,3464.099609375,2215696,0.0,0.0
2025-10-22 00:00:00+01:00,3482.0,3536.0,3438.0,3508.0,3507.08837890625,3968407,0.0,0.0
2025-10-23 00:00:00+01:00,3505.0,3527.0,3414.0,3448.0,3447.10400390625,6595671,0.0,0.0
2025-10-24 00:00:00+01:00,3471.0,3534.0,3471.0,3506.0,3505.0888671875,3436067,0.0,0.0
2025-10-27 00:00:00+00:00,3511.0,3539.0,3491.0,3510.0,3509.087890625,2293888,0.0,0.0
2025-10-28 00:00:00+00:00,3509.0,3528.0,3485.0,3498.0,3497.091064453125,3621155,0.0,0.0
2025-10-29 00:00:00+00:00,3480.0,3497.0,3396.0,3396.0,3395.11767578125,5921032,0.0,0.0
2025-10-30 00:00:00+00:00,3366.0,3399.0,3333.5,3374.0,3373.123291015625,7768719,0.0,0.0
2025-10-31 00:00:00+00:00,3364.0,3384.0,3342.0,3357.0,3356.127685546875,2704422,0.0,0.0
2025-11-03 00:00:00+00:00,3356.0,3392.0,3344.0,3351.0,3350.129150390625,2860142,0.0,0.0
2025-11-04 00:00:00+00:00,3348.0,3412.0,3328.0,3377.0,3376.12255859375,6127846,0.0,0.0
2025-11-05 00:00:00+00:00,3391.0,3434.0,3380.0,3417.0,3416.112060546875,2281425,0.0,0.0
2025-11-06 00:00:00+00:00,3377.0,3405.0,3266.0,3316.0,3315.13818359375,4034151,0.0,0.0
2025-11-07 00:00:00+00:00,3322.0,3322.0,3176.0,3194.0,3193.170166015625,4768840,0.0,0.0
2025-11-10 00:00:00+00:00,3214.0,3227.0,3152.0,3180.0,3179.173583984375,5394185,0.0,0.0
2025-11-11 00:00:00+00:00,3209.0,3237.0,3205.0,3227.0,3226.161376953125,5865867,0.0,0.0
2025-11-12 00:00:00+00:00,3207.0,3225.0,3136.0,3136.0,3135.18505859375,9894629,0.0,0.0
2025-11-13 00:00:00+00:00,3150.0,3178.0,3132.0,3140.0,3139.18408203125,4470218,0.0,0.0
2025-11-14 00:00:00+00:00,3123.0,3139.0,3095.0,3126.0,3125.187744140625,4915225,0.0,0.0
2025-11-17 00:00:00+00:00,3140.0,3143.0,3086.0,3086.0,3085.1982421875,4717917,0.0,0.0
2025-11-18 00:00:00+00:00,3038.0,3062.0,3027.0,3057.0,3056.20556640625,4915502,0.0,0.0
2025-11-19 00:00:00+00:00,3045.0,3072.0,3011.0,3016.0,3015.21630859375,5249638,0.0,0.0
2025-11-20 00:00:00+00:00,3042.0,3049.0,3018.0,3028.0,3027.213134765625,8770108,0.0,0.0
2025-11-21 00:00:00+00:00,3046.0,3117.60009765625,3024.0,3105.0,3104.193115234375,6414554,0.0,0.0
2025-11-24 00:00:00+00:00,3120.0,3121.554931640625,3066.0,3071.0,3070.201904296875,7127321,0.0,0.0
2025-11-25 00:00:00+00:00,3063.0,3072.0,3030.0,3059.0,3058.205078125,6131560,0.0,0.0
2025-11-26 00:00:00+00:00,3071.0,3078.0,3023.0,3028.0,3027.213134765625,7803579,0.0,0.0
2025-11-27 00:00:00+00:00,3025.0,3046.0,3021.738037109375,3035.0,3034.21142578125,5036824,0.0,0.0
2025-11-28 00:00:00+00:00,3038.0,3046.0,3014.4208984375,3031.0,3030.21240234375,2686731,0.0,0.0
2025-12-01 00:00:00+00:00,3017.0,3040.0,2976.0,2998.0,2997.220947265625,7985606,0.0,0.0
2025-12-02 00:00:00+00:00,2998.0,3026.0,2989.0,2997.0,2996.22119140625,10056786,0.0,0.0
2025-12-03 00:00:00+00:00,2984.0,3021.0,2979.0,3013.0,3012.217041015625,5389803,0.0,0.0
2025-12-04 00:00:00+00:00,3013.0,3045.0,3003.0,3035.0,3034.21142578125,7817991,0.0,0.0
2025-12-05 00:00:00+00:00,3054.0,3062.0,3026.0,3035.0,3034.21142578125,3063695,0.0,0.0
2025-12-08 00:00:00+00:00,3017.0,3025.0,2971.0,2972.0,2971.227783203125,3827160,0.0,0.0
2025-12-09 00:00:00+00:00,2995.0,3028.0,2974.0,2976.0,2975.2265625,8252276,0.0,0.0
2025-12-10 00:00:00+00:00,2973.0,3016.0,2968.743896484375,3005.0,3004.218994140625,5835375,0.0,0.0
2025-12-11 00:00:00+00:00,3013.0,3013.0,2973.0,3004.0,3003.21923828125,4053620,0.0,0.0
2025-12-12 00:00:00+00:00,3007.0,3023.0,2990.0,3016.0,3015.21630859375,4833262,0.0,0.0
2025-12-15 00:00:00+00:00,3029.0,3098.0,3022.221923828125,3077.0,3076.2001953125,4676763,0.0,0.0
2025-12-16 00:00:00+00:00,3078.0,3078.0,3015.0,3040.0,3039.2099609375,4575959,0.0,0.0
2025-12-17 00:00:00+00:00,3050.0,3065.0,3019.0,3043.0,3042.209228515625,3385018,0.0,0.0
2025-12-18 00:00:00+00:00,3057.0,3062.0,3022.0,3056.0,3055.205810546875,3447429,0.0,0.0
2025-12-19 00:00:00+00:00,3025.0,3448.5,3014.0,3048.0,3047.2080078125,11484350,0.0,0.0
2025-12-22 00:00:00+00:00,3038.0,3059.0,3029.0,3046.0,3045.20849609375,6938861,0.0,0.0
2025-12-23 00:00:00+00:00,3041.0,3054.0,3020.0,3029.0,3028.212890625,1719802,0.0,0.0
2025-12-24 00:00:00+00:00,3028.0,3036.0,3019.0,3025.0,3024.2138671875,2694934,0.0,0.0
2025-12-29 00:00:00+00:00,3030.0,3070.0,3015.0,3049.0,3048.20751953125,1498502,0.0,0.0
2025-12-30 00:00:00+00:00,3040.0,3055.0,3020.0,3047.0,3046.208251953125,1052699,0.0,0.0
