Date,Open,High,Low,Close,Adj Close,Volume,Dividends,Stock Splits
2022-01-03 00:00:00-05:00,34.220001220703125,34.40999984741211,33.08000183105469,33.599998474121094,31.561683654785156,1876400,0.0,0.0
2022-01-04 00:00:00-05:00,33.400001525878906,34.189998626708984,33.31999969482422,33.88999938964844,31.834095001220703,1781800,0.0,0.0
2022-01-05 00:00:00-05:00,33.849998474121094,33.959999084472656,32.880001068115234,32.900001525878906,30.904146194458008,2547000,0.0,0.0
2022-01-06 00:00:00-05:00,32.7400016784668,33.68000030517578,32.72999954223633,33.54999923706055,31.514711380004883,1697500,0.0,0.0
2022-01-07 00:00:00-05:00,33.599998474121094,33.88999938964844,33.5,33.689998626708984,31.64623260498047,2407600,0.0,0.0
2022-01-10 00:00:00-05:00,33.650001525878906,33.79999923706055,32.84000015258789,33.779998779296875,31.730762481689453,2549300,0.0,0.0
2022-01-11 00:00:00-05:00,33.72999954223633,33.90999984741211,33.04999923706055,33.599998474121094,31.561683654785156,2215400,0.0,0.0
2022-01-12 00:00:00-05:00,33.689998626708984,34.04999923706055,33.56999969482422,33.869998931884766,31.81529998779297,1855400,0.0,0.0
2022-01-13 00:00:00-05:00,33.90999984741211,34.130001068115234,33.220001220703125,33.5,31.46774673461914,1985800,0.0,0.0
2022-01-14 00:00:00-05:00,33.119998931884766,33.13999938964844,32.5,32.61000061035156,30.63174057006836,1673200,0.0,0.0
2022-01-18 00:00:00-05:00,31.8799991607666,32.20000076293945,31.40999984741211,31.709999084472656,29.78633689880371,1824100,0.0,0.0
2022-01-19 00:00:00-05:00,31.719999313354492,32.08000183105469,31.540000915527344,31.989999771118164,30.049348831176758,1882100,0.0,0.0
2022-01-20 00:00:00-05:00,32.15999984741211,32.529998779296875,31.6200008392334,31.649999618530273,29.729978561401367,1441900,0.0,0.0
2022-01-21 00:00:00-05:00,31.65999984741211,31.979999542236328,31.270000457763672,31.31999969482422,29.419994354248047,1685100,0.0,0.0
2022-01-24 00:00:00-05:00,30.959999084472656,31.93000030517578,30.40999984741211,31.899999618530273,29.964811325073242,2583100,0.0,0.0
2022-01-25 00:00:00-05:00,31.329999923706055,31.700000762939453,30.8700008392334,31.260000228881836,29.36363410949707,3328500,0.0,0.0
2022-01-26 00:00:00-05:00,30.020000457763672,30.479999542236328,29.34000015258789,29.700000762939453,27.89827537536621,10402900,0.0,0.0
2022-01-27 00:00:00-05:00,29.889999389648438,30.06999969482422,28.510000228881836,28.969999313354492,27.212556838989258,3361200,0.0,0.0
2022-01-28 00:00:00-05:00,28.989999771118164,29.969999313354492,28.549999237060547,29.959999084472656,28.142499923706055,2436800,0.0,0.0
2022-01-31 00:00:00-05:00,29.889999389648438,30.940000534057617,29.790000915527344,30.850000381469727,28.9785099029541,3883800,0.0,0.0
2022-02-01 00:00:00-05:00,31.020000457763672,31.170000076293945,30.6200008392334,31.030000686645508,29.14759063720703,1389400,0.0,0.0
2022-02-02 00:00:00-05:00,30.93000030517578,31.59000015258789,30.81999969482422,31.459999084472656,29.551502227783203,1506500,0.0,0.0
2022-02-03 00:00:00-05:00,31.219999313354492,31.389999389648438,30.670000076293945,30.719999313354492,28.856395721435547,1555600,0.0,0.0
2022-02-04 00:00:00-05:00,30.5,30.690000534057617,29.950000762939453,30.450000762939453,28.602773666381836,2403600,0.0,0.0
2022-02-07 00:00:00-05:00,30.549999237060547,30.770000457763672,30.350000381469727,30.489999771118164,28.64034652709961,2564600,0.0,0.0
2022-02-08 00:00:00-05:00,30.3799991607666,30.639999389648438,30.219999313354492,30.40999984741211,28.565202713012695,1422400,0.0,0.0
2022-02-09 00:00:00-05:00,30.579999923706055,31.3700008392334,30.579999923706055,31.350000381469727,29.545330047607422,1727400,0.1,0.0
2022-02-10 00:00:00-05:00,30.770000457763672,31.290000915527344,30.600000381469727,30.93000030517578,29.14950942993164,2243500,0.0,0.0
2022-02-11 00:00:00-05:00,30.989999771118164,31.299999237060547,30.459999084472656,30.729999542236328,28.96101951599121,2242100,0.0,0.0
2022-02-14 00:00:00-05:00,30.700000762939453,31.030000686645508,30.549999237060547,30.84000015258789,29.0646915435791,1705100,0.0,0.0
2022-02-15 00:00:00-05:00,31.270000457763672,31.350000381469727,30.8700008392334,31.299999237060547,29.498210906982422,2020800,0.0,0.0
2022-02-16 00:00:00-05:00,31.209999084472656,31.520000457763672,30.75,31.3700008392334,29.564184188842773,1262500,0.0,0.0
2022-02-17 00:00:00-05:00,31.25,31.459999084472656,31.079999923706055,31.190000534057617,29.394546508789062,1192900,0.0,0.0
2022-02-18 00:00:00-05:00,31.229999542236328,31.6200008392334,30.690000534057617,31.1299991607666,29.337997436523438,2978700,0.0,0.0
2022-02-22 00:00:00-05:00,30.969999313354492,31.329999923706055,30.770000457763672,30.989999771118164,29.2060546875,2605300,0.0,0.0
2022-02-23 00:00:00-05:00,31.149999618530273,31.350000381469727,30.260000228881836,30.309999465942383,28.565195083618164,2033800,0.0,0.0
2022-02-24 00:00:00-05:00,29.940000534057617,31.670000076293945,29.81999969482422,31.600000381469727,29.78093910217285,2366400,0.0,0.0
2022-02-25 00:00:00-05:00,31.600000381469727,32.220001220703125,31.59000015258789,32.130001068115234,30.280433654785156,2477700,0.0,0.0
2022-02-28 00:00:00-05:00,31.889999389648438,32.70000076293945,31.8799991607666,32.630001068115234,30.75165557861328,2365600,0.0,0.0
2022-03-01 00:00:00-05:00,32.650001525878906,33.40999984741211,32.290000915527344,33.15999984741211,31.251134872436523,2437600,0.0,0.0
2022-03-02 00:00:00-05:00,33.209999084472656,34.22999954223633,33.18000030517578,34.08000183105469,32.1181755065918,2379000,0.0,0.0
2022-03-03 00:00:00-05:00,34.2599983215332,34.29999923706055,33.31999969482422,33.47999954223633,31.552719116210938,2788700,0.0,0.0
2022-03-04 00:00:00-05:00,33.31999969482422,34.09000015258789,32.88999938964844,34.0099983215332,32.052207946777344,1877600,0.0,0.0
2022-03-07 00:00:00-05:00,34.06999969482422,34.130001068115234,33.470001220703125,33.959999084472656,32.005088806152344,2155800,0.0,0.0
2022-03-08 00:00:00-05:00,33.630001068115234,33.84000015258789,32.43000030517578,32.56999969482422,30.695096969604492,3502400,0.0,0.0
2022-03-09 00:00:00-05:00,32.9900016784668,33.38999938964844,32.66999816894531,32.720001220703125,30.836467742919922,1401600,0.0,0.0
2022-03-10 00:00:00-05:00,32.33000183105469,32.619998931884766,32.16999816894531,32.599998474121094,30.72337532043457,1258700,0.0,0.0
2022-03-11 00:00:00-05:00,32.66999816894531,32.849998474121094,32.099998474121094,32.20000076293945,30.346403121948242,1965400,0.0,0.0
2022-03-14 00:00:00-04:00,32.459999084472656,33.470001220703125,32.220001220703125,33.36000061035156,31.439619064331055,1767300,0.0,0.0
2022-03-15 00:00:00-04:00,33.619998931884766,33.7599983215332,33.04999923706055,33.43000030517578,31.505592346191406,1395500,0.0,0.0
2022-03-16 00:00:00-04:00,33.439998626708984,33.91999816894531,33.13999938964844,33.7599983215332,31.816598892211914,1836800,0.0,0.0
2022-03-17 00:00:00-04:00,33.77000045776367,34.279998779296875,33.54999923706055,34.25,32.27840042114258,1449400,0.0,0.0
2022-03-18 00:00:00-04:00,34.34000015258789,34.369998931884766,33.84000015258789,34.20000076293945,32.23127365112305,2855700,0.0,0.0
2022-03-21 00:00:00-04:00,34.09000015258789,34.400001525878906,33.5,33.83000183105469,31.882572174072266,1458800,0.0,0.0
2022-03-22 00:00:00-04:00,33.84000015258789,34.04999923706055,33.619998931884766,33.709999084472656,31.76947784423828,1354700,0.0,0.0
2022-03-23 00:00:00-04:00,33.56999969482422,33.650001525878906,33.2400016784668,33.41999816894531,31.49616813659668,900700,0.0,0.0
2022-03-24 00:00:00-04:00,33.61000061035156,33.790000915527344,33.209999084472656,33.540000915527344,31.6092586517334,771100,0.0,0.0
2022-03-25 00:00:00-04:00,33.68000030517578,33.91999816894531,33.470001220703125,33.810001373291016,31.86371612548828,597800,0.0,0.0
2022-03-28 00:00:00-04:00,33.84000015258789,34.41999816894531,33.779998779296875,34.41999816894531,32.438602447509766,643900,0.0,0.0
2022-03-29 00:00:00-04:00,34.7400016784668,35.2599983215332,34.7400016784668,35.150001525878906,33.12659454345703,1103100,0.0,0.0
2022-03-30 00:00:00-04:00,35.130001068115234,35.439998626708984,34.95000076293945,35.439998626708984,33.3998908996582,835800,0.0,0.0
2022-03-31 00:00:00-04:00,35.5,35.70000076293945,35.040000915527344,35.04999923706055,33.03233337402344,1455300,0.0,0.0
2022-04-01 00:00:00-04:00,35.060001373291016,35.060001373291016,34.45000076293945,34.810001373291016,32.806156158447266,903500,0.0,0.0
2022-04-04 00:00:00-04:00,34.88999938964844,35.189998626708984,34.619998931884766,35.09000015258789,33.07004165649414,830200,0.0,0.0
2022-04-05 00:00:00-04:00,35.04999923706055,35.54999923706055,34.790000915527344,34.849998474121094,32.843849182128906,862700,0.0,0.0
2022-04-06 00:00:00-04:00,34.720001220703125,35.11000061035156,34.560001373291016,34.9900016784668,32.97579574584961,1352400,0.0,0.0
2022-04-07 00:00:00-04:00,34.9900016784668,35.66999816894531,34.849998474121094,35.540000915527344,33.494136810302734,1458000,0.0,0.0
2022-04-08 00:00:00-04:00,35.52000045776367,35.75,35.33000183105469,35.38999938964844,33.35276794433594,911200,0.0,0.0
2022-04-11 00:00:00-04:00,35.52000045776367,35.90999984741211,35.40999984741211,35.560001373291016,33.51298904418945,985400,0.0,0.0
2022-04-12 00:00:00-04:00,35.54999923706055,35.93000030517578,35.36000061035156,35.43000030517578,33.39046859741211,1063600,0.0,0.0
2022-04-13 00:00:00-04:00,35.369998931884766,35.7599983215332,35.369998931884766,35.47999954223633,33.437583923339844,708100,0.0,0.0
2022-04-14 00:00:00-04:00,35.599998474121094,35.7400016784668,34.86000061035156,34.900001525878906,32.89097595214844,919400,0.0,0.0
2022-04-18 00:00:00-04:00,34.84000015258789,35.02000045776367,34.060001373291016,34.290000915527344,32.31608581542969,831200,0.0,0.0
2022-04-19 00:00:00-04:00,34.34000015258789,34.779998779296875,34.290000915527344,34.59000015258789,32.59881591796875,1111800,0.0,0.0
2022-04-20 00:00:00-04:00,34.86000061035156,34.86000061035156,34.43000030517578,34.59000015258789,32.59881591796875,1508100,0.0,0.0
2022-04-21 00:00:00-04:00,34.81999969482422,34.9900016784668,34.400001525878906,34.5099983215332,32.523414611816406,930500,0.0,0.0
2022-04-22 00:00:00-04:00,34.380001068115234,34.5,33.540000915527344,33.58000183105469,31.646961212158203,1136000,0.0,0.0
2022-04-25 00:00:00-04:00,33.52000045776367,33.619998931884766,32.7599983215332,33.400001525878906,31.47732162475586,1366600,0.0,0.0
2022-04-26 00:00:00-04:00,33.31999969482422,33.38999938964844,32.689998626708984,32.720001220703125,30.836467742919922,2413900,0.0,0.0
2022-04-27 00:00:00-04:00,32.86000061035156,34.5099983215332,32.0,33.5099983215332,31.580989837646484,1839900,0.0,0.0
2022-04-28 00:00:00-04:00,33.7599983215332,34.630001068115234,33.52000045776367,34.43000030517578,32.44803237915039,1582900,0.0,0.0
2022-04-29 00:00:00-04:00,34.20000076293945,34.209999084472656,33.470001220703125,33.540000915527344,31.6092586517334,1810700,0.0,0.0
2022-05-02 00:00:00-04:00,33.52000045776367,34.02000045776367,32.88999938964844,33.20000076293945,31.28883171081543,1995900,0.0,0.0
2022-05-03 00:00:00-04:00,33.27000045776367,33.56999969482422,32.529998779296875,32.709999084472656,30.82703971862793,2316800,0.0,0.0
2022-05-04 00:00:00-04:00,32.63999938964844,34.130001068115234,32.58000183105469,34.06999969482422,32.10875701904297,1855100,0.0,0.0
2022-05-05 00:00:00-04:00,33.90999984741211,34.0,33.130001068115234,33.41999816894531,31.49616813659668,1466400,0.0,0.0
2022-05-06 00:00:00-04:00,33.310001373291016,34.130001068115234,32.90999984741211,34.029998779296875,32.07106018066406,1888900,0.0,0.0
2022-05-09 00:00:00-04:00,33.689998626708984,34.2400016784668,33.45000076293945,33.61000061035156,31.76858901977539,1833200,0.1,0.0
2022-05-10 00:00:00-04:00,33.90999984741211,34.220001220703125,32.4900016784668,32.880001068115234,31.078584671020508,1910300,0.0,0.0
2022-05-11 00:00:00-04:00,32.869998931884766,33.79999923706055,32.68000030517578,33.20000076293945,31.381046295166016,2199200,0.0,0.0
2022-05-12 00:00:00-04:00,33.060001373291016,33.5099983215332,32.81999969482422,33.22999954223633,31.409406661987305,1946700,0.0,0.0
2022-05-13 00:00:00-04:00,33.54999923706055,34.29999923706055,33.529998779296875,34.04999923706055,32.184478759765625,1100900,0.0,0.0
2022-05-16 00:00:00-04:00,33.970001220703125,34.91999816894531,33.75,34.810001373291016,32.9028434753418,1245600,0.0,0.0
2022-05-17 00:00:00-04:00,35.08000183105469,35.5,34.63999938964844,35.38999938964844,33.4510612487793,1313000,0.0,0.0
2022-05-18 00:00:00-04:00,35.0,35.13999938964844,34.29999923706055,34.400001525878906,32.51530456542969,1665800,0.0,0.0
2022-05-19 00:00:00-04:00,34.18000030517578,34.86000061035156,33.66999816894531,34.33000183105469,32.44914245605469,1362600,0.0,0.0
2022-05-20 00:00:00-04:00,34.58000183105469,35.29999923706055,34.459999084472656,35.279998779296875,33.34709167480469,1985200,0.0,0.0
2022-05-23 00:00:00-04:00,35.56999969482422,35.630001068115234,34.97999954223633,35.209999084472656,33.28092956542969,1223200,0.0,0.0
2022-05-24 00:00:00-04:00,35.13999938964844,35.4900016784668,34.470001220703125,35.20000076293945,33.271480560302734,2796300,0.0,0.0
2022-05-25 00:00:00-04:00,35.209999084472656,35.5099983215332,34.70000076293945,35.31999969482422,33.38490295410156,1818300,0.0,0.0
2022-05-26 00:00:00-04:00,35.709999084472656,36.36000061035156,35.65999984741211,36.25,34.26395034790039,1305100,0.0,0.0
2022-05-27 00:00:00-04:00,36.470001220703125,36.970001220703125,36.41999816894531,36.61000061035156,34.60423278808594,1472200,0.0,0.0
2022-05-31 00:00:00-04:00,36.2599983215332,36.2599983215332,35.27000045776367,35.459999084472656,33.51723098754883,6265400,0.0,0.0
2022-06-01 00:00:00-04:00,35.0099983215332,35.349998474121094,34.720001220703125,34.9900016784668,33.07297897338867,1765100,0.0,0.0
2022-06-02 00:00:00-04:00,35.13999938964844,35.31999969482422,34.40999984741211,34.790000915527344,32.883941650390625,2028800,0.0,0.0
2022-06-03 00:00:00-04:00,34.41999816894531,35.06999969482422,34.34000015258789,34.91999816894531,33.00681686401367,1258400,0.0,0.0
2022-06-06 00:00:00-04:00,35.15999984741211,35.43000030517578,34.9900016784668,35.040000915527344,33.1202507019043,1216300,0.0,0.0
2022-06-07 00:00:00-04:00,34.7599983215332,35.54999923706055,34.58000183105469,35.5,33.5550422668457,988400,0.0,0.0
2022-06-08 00:00:00-04:00,35.20000076293945,35.310001373291016,34.7400016784668,34.84000015258789,32.93120193481445,840500,0.0,0.0
2022-06-09 00:00:00-04:00,34.720001220703125,35.09000015258789,34.13999938964844,34.15999984741211,32.28845977783203,935400,0.0,0.0
2022-06-10 00:00:00-04:00,33.7400016784668,34.209999084472656,33.47999954223633,33.939998626708984,32.080501556396484,1281600,0.0,0.0
2022-06-13 00:00:00-04:00,33.310001373291016,33.61000061035156,32.81999969482422,32.97999954223633,31.1731014251709,1359700,0.0,0.0
2022-06-14 00:00:00-04:00,32.97999954223633,33.2400016784668,32.459999084472656,32.779998779296875,30.984058380126953,1470700,0.0,0.0
2022-06-15 00:00:00-04:00,33.04999923706055,33.16999816894531,32.5099983215332,32.77000045776367,30.974611282348633,1628000,0.0,0.0
2022-06-16 00:00:00-04:00,32.2400016784668,32.540000915527344,31.809999465942383,32.02000045776367,30.26569938659668,1355300,0.0,0.0
2022-06-17 00:00:00-04:00,31.860000610351562,32.189998626708984,31.43000030517578,31.780000686645508,30.038850784301758,2429300,0.0,0.0
2022-06-21 00:00:00-04:00,32.06999969482422,32.66999816894531,32.0,32.45000076293945,30.672142028808594,1341500,0.0,0.0
2022-06-22 00:00:00-04:00,32.189998626708984,33.11000061035156,32.099998474121094,33.04999923706055,31.239274978637695,1109800,0.0,0.0
2022-06-23 00:00:00-04:00,33.220001220703125,34.16999816894531,33.130001068115234,34.150001525878906,32.27900314331055,904700,0.0,0.0
2022-06-24 00:00:00-04:00,34.650001525878906,35.130001068115234,34.400001525878906,35.11000061035156,33.1864128112793,1744600,0.0,0.0
2022-06-27 00:00:00-04:00,35.150001525878906,35.38999938964844,34.68000030517578,35.279998779296875,33.34709167480469,1110200,0.0,0.0
2022-06-28 00:00:00-04:00,35.31999969482422,35.40999984741211,34.459999084472656,34.5099983215332,32.61927032470703,924400,0.0,0.0
2022-06-29 00:00:00-04:00,34.65999984741211,35.02000045776367,34.5,34.970001220703125,33.0540771484375,1115300,0.0,0.0
2022-06-30 00:00:00-04:00,34.810001373291016,35.029998779296875,34.599998474121094,34.91999816894531,33.00681686401367,2840200,0.0,0.0
2022-07-01 00:00:00-04:00,34.869998931884766,35.27000045776367,34.59000015258789,35.0,33.08243179321289,1677200,0.0,0.0
2022-07-05 00:00:00-04:00,34.720001220703125,35.0,34.02000045776367,34.97999954223633,33.06352615356445,1445500,0.0,0.0
2022-07-06 00:00:00-04:00,35.119998931884766,36.09000015258789,34.869998931884766,35.88999938964844,33.92367172241211,1891900,0.0,0.0
2022-07-07 00:00:00-04:00,35.79999923706055,36.75,35.7599983215332,36.59000015258789,34.585323333740234,1626900,0.0,0.0
2022-07-08 00:00:00-04:00,36.33000183105469,36.88999938964844,36.18000030517578,36.709999084472656,34.6987419128418,1321700,0.0,0.0
2022-07-11 00:00:00-04:00,36.650001525878906,37.0099983215332,36.599998474121094,36.95000076293945,34.925594329833984,1009500,0.0,0.0
2022-07-12 00:00:00-04:00,36.88999938964844,37.220001220703125,35.560001373291016,35.900001525878906,33.93312454223633,1681400,0.0,0.0
2022-07-13 00:00:00-04:00,35.45000076293945,35.849998474121094,35.22999954223633,35.33000183105469,33.39435577392578,1311700,0.0,0.0
2022-07-14 00:00:00-04:00,35.029998779296875,35.380001068115234,34.63999938964844,35.15999984741211,33.233665466308594,993600,0.0,0.0
2022-07-15 00:00:00-04:00,35.560001373291016,35.79999923706055,35.40999984741211,35.599998474121094,33.649559020996094,882400,0.0,0.0
2022-07-18 00:00:00-04:00,35.630001068115234,35.86000061035156,35.09000015258789,35.18000030517578,33.25257873535156,1059400,0.0,0.0
2022-07-19 00:00:00-04:00,35.5,36.529998779296875,35.38999938964844,36.439998626708984,34.44353485107422,1321700,0.0,0.0
2022-07-20 00:00:00-04:00,36.40999984741211,36.880001068115234,36.2400016784668,36.439998626708984,34.44353485107422,1652900,0.0,0.0
2022-07-21 00:00:00-04:00,36.5,36.58000183105469,36.15999984741211,36.560001373291016,34.55695724487305,657100,0.0,0.0
2022-07-22 00:00:00-04:00,36.619998931884766,37.029998779296875,36.22999954223633,36.470001220703125,34.471893310546875,1705700,0.0,0.0
2022-07-25 00:00:00-04:00,36.41999816894531,36.599998474121094,36.22999954223633,36.4900016784668,34.49080276489258,1021100,0.0,0.0
2022-07-26 00:00:00-04:00,36.310001373291016,36.66999816894531,35.880001068115234,36.220001220703125,34.235595703125,1444600,0.0,0.0
2022-07-27 00:00:00-04:00,36.880001068115234,36.880001068115234,34.060001373291016,35.36000061035156,33.42271041870117,3418100,0.0,0.0
2022-07-28 00:00:00-04:00,35.689998626708984,39.20000076293945,35.560001373291016,38.56999969482422,36.45684051513672,3139500,0.0,0.0
2022-07-29 00:00:00-04:00,38.43000030517578,39.04999923706055,38.27000045776367,38.56999969482422,36.45684051513672,2636000,0.0,0.0
2022-08-01 00:00:00-04:00,38.459999084472656,39.150001525878906,38.209999084472656,39.099998474121094,36.95779800415039,1302100,0.0,0.0
2022-08-02 00:00:00-04:00,39.08000183105469,39.099998474121094,38.47999954223633,38.529998779296875,36.41904067993164,926000,0.0,0.0
2022-08-03 00:00:00-04:00,38.66999816894531,38.689998626708984,38.2400016784668,38.2599983215332,36.163822174072266,1631500,0.0,0.0
2022-08-04 00:00:00-04:00,38.16999816894531,38.279998779296875,37.369998931884766,37.7400016784668,35.67231750488281,1956100,0.0,0.0
2022-08-05 00:00:00-04:00,37.369998931884766,37.77000045776367,37.06999969482422,37.599998474121094,35.539981842041016,1008100,0.0,0.0
2022-08-08 00:00:00-04:00,37.81999969482422,38.04999923706055,37.59000015258789,37.779998779296875,35.710121154785156,1136500,0.0,0.0
2022-08-09 00:00:00-04:00,37.70000076293945,37.70000076293945,36.939998626708984,37.040000915527344,35.10358428955078,1085300,0.1,0.0
2022-08-10 00:00:00-04:00,37.59000015258789,37.709999084472656,36.97999954223633,37.33000183105469,35.378421783447266,1952900,0.0,0.0
2022-08-11 00:00:00-04:00,37.220001220703125,37.4900016784668,36.56999969482422,36.650001525878906,34.733970642089844,1160200,0.0,0.0
2022-08-12 00:00:00-04:00,36.68000030517578,37.09000015258789,36.45000076293945,36.970001220703125,35.03724670410156,1385500,0.0,0.0
2022-08-15 00:00:00-04:00,36.689998626708984,37.060001373291016,36.58000183105469,36.900001525878906,34.970909118652344,1113600,0.0,0.0
2022-08-16 00:00:00-04:00,36.56999969482422,37.880001068115234,36.56999969482422,37.4900016784668,35.53006362915039,1733500,0.0,0.0
2022-08-17 00:00:00-04:00,37.0,37.31999969482422,36.91999816894531,37.040000915527344,35.10358428955078,1681500,0.0,0.0
2022-08-18 00:00:00-04:00,37.130001068115234,37.2599983215332,37.0099983215332,37.189998626708984,35.24573516845703,1332300,0.0,0.0
2022-08-19 00:00:00-04:00,37.08000183105469,37.099998474121094,36.43000030517578,36.540000915527344,34.62971878051758,1327300,0.0,0.0
2022-08-22 00:00:00-04:00,36.22999954223633,36.7400016784668,36.08000183105469,36.400001525878906,34.49704360961914,1860100,0.0,0.0
2022-08-23 00:00:00-04:00,36.18000030517578,36.310001373291016,35.720001220703125,35.810001373291016,33.93788146972656,1120700,0.0,0.0
2022-08-24 00:00:00-04:00,35.9900016784668,36.0099983215332,35.279998779296875,35.59000015258789,33.7293815612793,1015300,0.0,0.0
2022-08-25 00:00:00-04:00,35.709999084472656,35.720001220703125,35.34000015258789,35.66999816894531,33.80519485473633,717000,0.0,0.0
2022-08-26 00:00:00-04:00,35.66999816894531,35.689998626708984,34.459999084472656,34.47999954223633,32.67742156982422,1099400,0.0,0.0
2022-08-29 00:00:00-04:00,34.20000076293945,34.380001068115234,34.02000045776367,34.040000915527344,32.26041793823242,1054600,0.0,0.0
2022-08-30 00:00:00-04:00,34.04999923706055,34.119998931884766,33.65999984741211,33.849998474121094,32.080352783203125,1024600,0.0,0.0
2022-08-31 00:00:00-04:00,33.95000076293945,33.95000076293945,33.560001373291016,33.7599983215332,31.995054244995117,2505800,0.0,0.0
2022-09-01 00:00:00-04:00,33.66999816894531,34.16999816894531,33.380001068115234,34.15999984741211,32.3741455078125,1356400,0.0,0.0
2022-09-02 00:00:00-04:00,34.5,34.5099983215332,33.560001373291016,33.7400016784668,31.976112365722656,942600,0.0,0.0
2022-09-06 00:00:00-04:00,34.72999954223633,36.09000015258789,34.439998626708984,35.779998779296875,33.909446716308594,3111900,0.0,0.0
2022-09-07 00:00:00-04:00,35.84000015258789,36.18000030517578,35.58000183105469,35.959999084472656,34.08005142211914,1800900,0.0,0.0
2022-09-08 00:00:00-04:00,35.7400016784668,36.27000045776367,35.66999816894531,36.22999954223633,34.33592987060547,1112100,0.0,0.0
2022-09-09 00:00:00-04:00,36.209999084472656,36.45000076293945,35.970001220703125,36.119998931884766,34.23168182373047,1096000,0.0,0.0
2022-09-12 00:00:00-04:00,36.150001525878906,36.40999984741211,36.060001373291016,36.2599983215332,34.364356994628906,902600,0.0,0.0
2022-09-13 00:00:00-04:00,35.72999954223633,36.38999938964844,35.56999969482422,35.93000030517578,34.05160903930664,1549900,0.0,0.0
2022-09-14 00:00:00-04:00,36.02000045776367,36.81999969482422,35.97999954223633,36.33000183105469,34.43070983886719,1368800,0.0,0.0
2022-09-15 00:00:00-04:00,36.2599983215332,36.27000045776367,35.689998626708984,35.79999923706055,33.92840576171875,1167100,0.0,0.0
2022-09-16 00:00:00-04:00,35.56999969482422,35.7400016784668,35.22999954223633,35.56999969482422,33.710426330566406,2346900,0.0,0.0
2022-09-19 00:00:00-04:00,35.38999938964844,36.25,35.290000915527344,36.22999954223633,34.33592987060547,977200,0.0,0.0
2022-09-20 00:00:00-04:00,36.040000915527344,36.16999816894531,35.4900016784668,35.7599983215332,33.890499114990234,833700,0.0,0.0
2022-09-21 00:00:00-04:00,36.0099983215332,36.34000015258789,35.45000076293945,35.5,33.64409637451172,691500,0.0,0.0
2022-09-22 00:00:00-04:00,35.34000015258789,35.40999984741211,34.83000183105469,34.900001525878906,33.07545852661133,576600,0.0,0.0
2022-09-23 00:00:00-04:00,34.70000076293945,34.97999954223633,34.290000915527344,34.779998779296875,32.961734771728516,857800,0.0,0.0
2022-09-26 00:00:00-04:00,34.77000045776367,35.040000915527344,34.41999816894531,34.630001068115234,32.819576263427734,832500,0.0,0.0
2022-09-27 00:00:00-04:00,34.91999816894531,35.0,34.20000076293945,34.34000015258789,32.54473876953125,737700,0.0,0.0
2022-09-28 00:00:00-04:00,34.59000015258789,35.06999969482422,34.25,34.900001525878906,33.07545852661133,905200,0.0,0.0
2022-09-29 00:00:00-04:00,34.779998779296875,35.25,34.689998626708984,35.13999938964844,33.30291748046875,888300,0.0,0.0
2022-09-30 00:00:00-04:00,35.13999938964844,35.61000061035156,34.63999938964844,34.68000030517578,32.86695861816406,1338000,0.0,0.0
2022-10-03 00:00:00-04:00,34.90999984741211,35.630001068115234,34.720001220703125,35.380001068115234,33.530364990234375,1308900,0.0,0.0
2022-10-04 00:00:00-04:00,35.75,37.119998931884766,35.599998474121094,37.099998474121094,35.16044235229492,1462500,0.0,0.0
2022-10-05 00:00:00-04:00,36.779998779296875,37.099998474121094,36.18000030517578,36.68000030517578,34.76240539550781,1000800,0.0,0.0
2022-10-06 00:00:00-04:00,36.630001068115234,37.189998626708984,36.45000076293945,37.130001068115234,35.18888473510742,1283100,0.0,0.0
2022-10-07 00:00:00-04:00,36.84000015258789,36.9900016784668,36.060001373291016,36.15999984741211,34.26959228515625,1153000,0.0,0.0
2022-10-10 00:00:00-04:00,36.31999969482422,36.630001068115234,36.0,36.45000076293945,34.544429779052734,759700,0.0,0.0
2022-10-11 00:00:00-04:00,36.40999984741211,36.619998931884766,36.029998779296875,36.36000061035156,34.45913314819336,1014200,0.0,0.0
2022-10-12 00:00:00-04:00,36.560001373291016,36.560001373291016,36.16999816894531,36.20000076293945,34.307491302490234,1175000,0.0,0.0
2022-10-13 00:00:00-04:00,35.47999954223633,36.36000061035156,34.529998779296875,36.060001373291016,34.1748161315918,1596500,0.0,0.0
2022-10-14 00:00:00-04:00,36.459999084472656,36.560001373291016,34.47999954223633,35.02000045776367,33.18918991088867,2380300,0.0,0.0
2022-10-17 00:00:00-04:00,35.400001525878906,36.25,35.400001525878906,36.13999938964844,34.250640869140625,1091200,0.0,0.0
2022-10-18 00:00:00-04:00,36.66999816894531,36.939998626708984,36.349998474121094,36.66999816894531,34.75292205810547,991800,0.0,0.0
2022-10-19 00:00:00-04:00,36.54999923706055,36.90999984741211,36.290000915527344,36.880001068115234,34.951942443847656,1036300,0.0,0.0
2022-10-20 00:00:00-04:00,36.900001525878906,37.08000183105469,35.650001525878906,35.9900016784668,34.108489990234375,1297000,0.0,0.0
2022-10-21 00:00:00-04:00,36.029998779296875,36.540000915527344,35.65999984741211,36.43000030517578,34.52547836303711,1169600,0.0,0.0
2022-10-24 00:00:00-04:00,36.939998626708984,37.20000076293945,36.27000045776367,36.279998779296875,34.3833122253418,1405700,0.0,0.0
2022-10-25 00:00:00-04:00,35.81999969482422,36.08000183105469,35.060001373291016,35.939998626708984,34.06108856201172,2005800,0.0,0.0
2022-10-26 00:00:00-04:00,37.65999984741211,39.88999938964844,36.970001220703125,39.54999923706055,37.482364654541016,3618100,0.0,0.0
2022-10-27 00:00:00-04:00,40.0,41.310001373291016,39.84000015258789,41.02000045776367,38.87551498413086,2531500,0.0,0.0
2022-10-28 00:00:00-04:00,41.04999923706055,41.900001525878906,41.0,41.869998931884766,39.68107223510742,1987000,0.0,0.0
2022-10-31 00:00:00-04:00,41.58000183105469,42.2400016784668,41.470001220703125,42.08000183105469,39.880096435546875,2158400,0.0,0.0
2022-11-01 00:00:00-04:00,42.2400016784668,42.599998474121094,41.65999984741211,42.20000076293945,39.99382781982422,1459900,0.0,0.0
2022-11-02 00:00:00-04:00,42.119998931884766,43.060001373291016,41.849998474121094,41.869998931884766,39.68107223510742,1602600,0.0,0.0
2022-11-03 00:00:00-04:00,41.56999969482422,42.7400016784668,41.5099983215332,42.290000915527344,40.07911682128906,1388300,0.0,0.0
2022-11-04 00:00:00-04:00,42.540000915527344,43.0,41.560001373291016,41.90999984741211,39.7189826965332,1509300,0.0,0.0
2022-11-07 00:00:00-05:00,41.90999984741211,42.0,41.54999923706055,41.75,39.56735610961914,1261000,0.0,0.0
2022-11-08 00:00:00-05:00,41.810001373291016,42.689998626708984,41.66999816894531,42.0,39.80428695678711,1455700,0.0,0.0
2022-11-09 00:00:00-05:00,41.75,42.06999969482422,41.4900016784668,41.54999923706055,39.50007247924805,1131900,0.13,0.0
2022-11-10 00:00:00-05:00,42.72999954223633,42.86000061035156,41.470001220703125,42.02000045776367,39.94688415527344,2134200,0.0,0.0
2022-11-11 00:00:00-05:00,42.20000076293945,42.20000076293945,41.2599983215332,41.59000015258789,39.5380859375,2092700,0.0,0.0
2022-11-14 00:00:00-05:00,41.65999984741211,42.470001220703125,41.61000061035156,41.880001068115234,39.81378936767578,1500200,0.0,0.0
2022-11-15 00:00:00-05:00,42.040000915527344,42.209999084472656,41.36000061035156,41.470001220703125,39.424015045166016,1171500,0.0,0.0
2022-11-16 00:00:00-05:00,41.66999816894531,42.540000915527344,41.619998931884766,42.029998779296875,39.95638656616211,1020100,0.0,0.0
2022-11-17 00:00:00-05:00,41.77000045776367,41.849998474121094,41.02000045776367,41.84000015258789,39.775753021240234,1092100,0.0,0.0
2022-11-18 00:00:00-05:00,42.20000076293945,42.72999954223633,41.630001068115234,42.459999084472656,40.365169525146484,1616900,0.0,0.0
2022-11-21 00:00:00-05:00,42.599998474121094,42.65999984741211,41.939998626708984,42.119998931884766,40.04194259643555,1162700,0.0,0.0
2022-11-22 00:00:00-05:00,39.869998931884766,40.290000915527344,39.310001373291016,39.540000915527344,37.58924102783203,4804200,0.0,0.0
2022-11-23 00:00:00-05:00,39.72999954223633,39.97999954223633,39.529998779296875,39.720001220703125,37.760345458984375,1774700,0.0,0.0
2022-11-25 00:00:00-05:00,39.86000061035156,40.150001525878906,39.779998779296875,39.9900016784668,38.017024993896484,597200,0.0,0.0
2022-11-28 00:00:00-05:00,39.779998779296875,40.34000015258789,39.66999816894531,39.779998779296875,37.81739044189453,1751300,0.0,0.0
2022-11-29 00:00:00-05:00,39.779998779296875,39.939998626708984,39.34000015258789,39.83000183105469,37.864925384521484,1660900,0.0,0.0
2022-11-30 00:00:00-05:00,39.86000061035156,40.59000015258789,39.529998779296875,40.439998626708984,38.44482421875,3007100,0.0,0.0
2022-12-01 00:00:00-05:00,40.689998626708984,40.7400016784668,39.849998474121094,40.38999938964844,38.39729309082031,1601100,0.0,0.0
2022-12-02 00:00:00-05:00,39.9900016784668,40.59000015258789,39.68000030517578,40.47999954223633,38.48286056518555,1221700,0.0,0.0
2022-12-05 00:00:00-05:00,40.0,40.16999816894531,39.25,39.599998474121094,37.646278381347656,1344200,0.0,0.0
2022-12-06 00:00:00-05:00,39.72999954223633,39.939998626708984,39.20000076293945,39.209999084472656,37.2755126953125,1581200,0.0,0.0
2022-12-07 00:00:00-05:00,39.150001525878906,39.63999938964844,39.150001525878906,39.47999954223633,37.532188415527344,1045000,0.0,0.0
2022-12-08 00:00:00-05:00,39.439998626708984,39.68000030517578,39.04999923706055,39.2400016784668,37.30402755737305,892400,0.0,0.0
2022-12-09 00:00:00-05:00,39.310001373291016,39.38999938964844,38.40999984741211,38.5099983215332,36.61005401611328,1899000,0.0,0.0
2022-12-12 00:00:00-05:00,38.810001373291016,38.93000030517578,38.15999984741211,38.34000015258789,36.44844436645508,2313500,0.0,0.0
2022-12-13 00:00:00-05:00,39.04999923706055,39.04999923706055,38.099998474121094,38.29999923706055,36.41040802001953,2313500,0.0,0.0
2022-12-14 00:00:00-05:00,38.40999984741211,38.66999816894531,37.88999938964844,38.130001068115234,36.248802185058594,2566300,0.0,0.0
2022-12-15 00:00:00-05:00,37.83000183105469,38.060001373291016,37.150001525878906,37.189998626708984,35.355167388916016,2591500,0.0,0.0
2022-12-16 00:00:00-05:00,36.939998626708984,37.04999923706055,36.5,36.7599983215332,34.946388244628906,4912000,0.0,0.0
2022-12-19 00:00:00-05:00,36.66999816894531,37.18000030517578,36.619998931884766,36.939998626708984,35.11751174926758,2142400,0.0,0.0
2022-12-20 00:00:00-05:00,36.90999984741211,37.33000183105469,36.83000183105469,37.119998931884766,35.28862762451172,1939700,0.0,0.0
2022-12-21 00:00:00-05:00,37.33000183105469,37.470001220703125,36.93000030517578,37.38999938964844,35.54530715942383,1198000,0.0,0.0
2022-12-22 00:00:00-05:00,37.04999923706055,37.04999923706055,36.52000045776367,36.970001220703125,35.146026611328125,1198700,0.0,0.0
2022-12-23 00:00:00-05:00,36.970001220703125,37.25,36.849998474121094,37.119998931884766,35.28862762451172,710800,0.0,0.0
2022-12-27 00:00:00-05:00,37.08000183105469,37.18000030517578,36.77000045776367,37.02000045776367,35.19356155395508,645100,0.0,0.0
2022-12-28 00:00:00-05:00,36.959999084472656,37.25,36.5099983215332,36.540000915527344,34.73723602294922,920400,0.0,0.0
2022-12-29 00:00:00-05:00,36.72999954223633,37.0099983215332,36.5099983215332,36.65999984741211,34.85133361816406,866900,0.0,0.0
2022-12-30 00:00:00-05:00,36.5,36.709999084472656,36.15999984741211,36.540000915527344,34.73723602294922,1142900,0.0,0.0
2023-01-03 00:00:00-05:00,36.61000061035156,36.83000183105469,36.220001220703125,36.54999923706055,34.74674606323242,1257500,0.0,0.0
2023-01-04 00:00:00-05:00,36.77000045776367,37.41999816894531,36.63999938964844,36.939998626708984,35.11751174926758,1516400,0.0,0.0
2023-01-05 00:00:00-05:00,36.7400016784668,36.83000183105469,36.2599983215332,36.310001373291016,34.51858901977539,1394100,0.0,0.0
2023-01-06 00:00:00-05:00,36.599998474121094,36.939998626708984,36.41999816894531,36.529998779296875,34.72773742675781,1344800,0.0,0.0
2023-01-09 00:00:00-05:00,36.540000915527344,36.939998626708984,36.349998474121094,36.529998779296875,34.72773742675781,1398400,0.0,0.0
2023-01-10 00:00:00-05:00,36.400001525878906,36.619998931884766,36.34000015258789,36.5,34.69921875,1037800,0.0,0.0
2023-01-11 00:00:00-05:00,36.689998626708984,37.810001373291016,36.689998626708984,37.720001220703125,35.85902404785156,1879900,0.0,0.0
2023-01-12 00:00:00-05:00,37.720001220703125,37.720001220703125,37.34000015258789,37.54999923706055,35.69740295410156,889100,0.0,0.0
2023-01-13 00:00:00-05:00,37.41999816894531,37.86000061035156,37.41999816894531,37.779998779296875,35.91606140136719,861500,0.0,0.0
2023-01-17 00:00:00-05:00,37.90999984741211,38.130001068115234,37.22999954223633,37.22999954223633,35.39319610595703,1231500,0.0,0.0
2023-01-18 00:00:00-05:00,37.470001220703125,37.470001220703125,36.619998931884766,36.68000030517578,34.870338439941406,1150700,0.0,0.0
2023-01-19 00:00:00-05:00,36.540000915527344,36.63999938964844,35.79999923706055,35.83000183105469,34.062278747558594,1231300,0.0,0.0
2023-01-20 00:00:00-05:00,35.810001373291016,36.25,35.61000061035156,36.11000061035156,34.32845687866211,1192200,0.0,0.0
2023-01-23 00:00:00-05:00,36.18000030517578,36.40999984741211,35.900001525878906,36.150001525878906,34.366485595703125,1012100,0.0,0.0
2023-01-24 00:00:00-05:00,36.2400016784668,36.41999816894531,35.79999923706055,36.31999969482422,34.528099060058594,1085300,0.0,0.0
2023-01-25 00:00:00-05:00,36.029998779296875,36.66999816894531,35.77000045776367,36.34000015258789,34.54710006713867,1232800,0.0,0.0
2023-01-26 00:00:00-05:00,36.529998779296875,36.709999084472656,35.91999816894531,36.13999938964844,34.35697937011719,1029400,0.0,0.0
2023-01-27 00:00:00-05:00,36.029998779296875,36.150001525878906,35.720001220703125,36.02000045776367,34.242897033691406,910900,0.0,0.0
2023-01-30 00:00:00-05:00,35.970001220703125,36.18000030517578,35.68000030517578,35.68000030517578,33.919681549072266,1025900,0.0,0.0
2023-01-31 00:00:00-05:00,35.81999969482422,36.400001525878906,35.619998931884766,36.400001525878906,34.604156494140625,1620200,0.0,0.0
2023-02-01 00:00:00-05:00,36.18000030517578,36.58000183105469,35.79999923706055,36.34000015258789,34.54710006713867,1202200,0.0,0.0
2023-02-02 00:00:00-05:00,36.470001220703125,36.75,36.060001373291016,36.11000061035156,34.32845687866211,1519200,0.0,0.0
2023-02-03 00:00:00-05:00,35.959999084472656,36.09000015258789,35.58000183105469,35.68000030517578,33.919681549072266,1487400,0.0,0.0
2023-02-06 00:00:00-05:00,35.540000915527344,36.13999938964844,35.36000061035156,35.65999984741211,33.900665283203125,1651500,0.0,0.0
2023-02-07 00:00:00-05:00,35.38999938964844,35.81999969482422,34.88999938964844,35.72999954223633,33.967201232910156,1350100,0.0,0.0
2023-02-08 00:00:00-05:00,35.54999923706055,35.86000061035156,35.41999816894531,35.540000915527344,33.78657150268555,1232100,0.0,0.0
2023-02-09 00:00:00-05:00,35.5,35.7599983215332,35.29999923706055,35.40999984741211,33.786582946777344,1322300,0.13,0.0
2023-02-10 00:00:00-05:00,35.369998931884766,36.060001373291016,35.369998931884766,35.939998626708984,34.29228210449219,1078600,0.0,0.0
2023-02-13 00:00:00-05:00,35.9900016784668,36.31999969482422,35.810001373291016,35.95000076293945,34.30181884765625,1784400,0.0,0.0
2023-02-14 00:00:00-05:00,35.939998626708984,35.9900016784668,35.47999954223633,35.63999938964844,34.006038665771484,1204600,0.0,0.0
2023-02-15 00:00:00-05:00,35.540000915527344,35.9900016784668,35.4900016784668,35.90999984741211,34.2636604309082,1223100,0.0,0.0
2023-02-16 00:00:00-05:00,35.4900016784668,36.22999954223633,35.20000076293945,36.18000030517578,34.521278381347656,1997200,0.0,0.0
2023-02-17 00:00:00-05:00,36.18000030517578,36.529998779296875,36.0,36.29999923706055,34.63577651977539,1835500,0.0,0.0
2023-02-21 00:00:00-05:00,36.119998931884766,36.20000076293945,35.220001220703125,35.380001068115234,33.75796127319336,2000600,0.0,0.0
2023-02-22 00:00:00-05:00,35.560001373291016,35.849998474121094,35.279998779296875,35.41999816894531,33.796119689941406,1468800,0.0,0.0
2023-02-23 00:00:00-05:00,35.59000015258789,35.79999923706055,34.959999084472656,35.290000915527344,33.67208480834961,1174100,0.0,0.0
2023-02-24 00:00:00-05:00,34.939998626708984,35.349998474121094,34.939998626708984,35.119998931884766,33.50987243652344,955700,0.0,0.0
2023-02-27 00:00:00-05:00,35.310001373291016,35.470001220703125,34.880001068115234,35.099998474121094,33.49079513549805,1020900,0.0,0.0
2023-02-28 00:00:00-05:00,35.06999969482422,35.33000183105469,35.0099983215332,35.20000076293945,33.586204528808594,1933000,0.0,0.0
2023-03-01 00:00:00-05:00,35.099998474121094,35.20000076293945,34.290000915527344,34.54999923706055,32.96601486206055,1273700,0.0,0.0
2023-03-02 00:00:00-05:00,34.5,35.040000915527344,34.38999938964844,34.959999084472656,33.357208251953125,948600,0.0,0.0
2023-03-03 00:00:00-05:00,35.060001373291016,35.459999084472656,34.97999954223633,35.31999969482422,33.70071029663086,1456100,0.0,0.0
2023-03-06 00:00:00-05:00,35.290000915527344,35.5,35.09000015258789,35.31999969482422,33.70071029663086,1336000,0.0,0.0
2023-03-07 00:00:00-05:00,35.380001068115234,35.41999816894531,34.790000915527344,35.11000061035156,33.50033187866211,1196700,0.0,0.0
2023-03-08 00:00:00-05:00,35.08000183105469,35.189998626708984,34.779998779296875,35.029998779296875,33.42399597167969,1390300,0.0,0.0
2023-03-09 00:00:00-05:00,35.20000076293945,35.33000183105469,34.77000045776367,34.810001373291016,33.214088439941406,1067600,0.0,0.0
2023-03-10 00:00:00-05:00,34.84000015258789,35.119998931884766,34.560001373291016,34.66999816894531,33.080509185791016,1550100,0.0,0.0
2023-03-13 00:00:00-04:00,34.540000915527344,35.33000183105469,34.5,35.040000915527344,33.43354797363281,1712800,0.0,0.0
2023-03-14 00:00:00-04:00,35.369998931884766,35.959999084472656,35.349998474121094,35.84000015258789,34.19685745239258,1693200,0.0,0.0
2023-03-15 00:00:00-04:00,35.61000061035156,36.25,35.310001373291016,36.150001525878906,34.49265670776367,2147500,0.0,0.0
2023-03-16 00:00:00-04:00,36.22999954223633,36.70000076293945,36.09000015258789,36.4900016784668,34.81707000732422,2115100,0.0,0.0
2023-03-17 00:00:00-04:00,36.56999969482422,36.63999938964844,35.849998474121094,36.06999969482422,34.416324615478516,2568100,0.0,0.0
2023-03-20 00:00:00-04:00,36.189998626708984,36.779998779296875,36.189998626708984,36.560001373291016,34.88385772705078,1424000,0.0,0.0
2023-03-21 00:00:00-04:00,36.72999954223633,36.83000183105469,36.52000045776367,36.77000045776367,35.084228515625,1424500,0.0,0.0
2023-03-22 00:00:00-04:00,36.790000915527344,36.970001220703125,36.36000061035156,36.380001068115234,34.71211242675781,927700,0.0,0.0
2023-03-23 00:00:00-04:00,36.290000915527344,36.5,36.0099983215332,36.16999816894531,34.51173782348633,818300,0.0,0.0
2023-03-24 00:00:00-04:00,36.189998626708984,36.650001525878906,36.029998779296875,36.619998931884766,34.94110107421875,1057000,0.0,0.0
2023-03-27 00:00:00-04:00,36.75,37.029998779296875,36.630001068115234,36.7400016784668,35.05561447143555,931900,0.0,0.0
2023-03-28 00:00:00-04:00,36.689998626708984,37.0,36.65999984741211,36.849998474121094,35.160552978515625,756300,0.0,0.0
2023-03-29 00:00:00-04:00,36.97999954223633,37.18000030517578,36.83000183105469,37.0099983215332,35.31321716308594,826100,0.0,0.0
2023-03-30 00:00:00-04:00,37.099998474121094,37.290000915527344,37.0,37.20000076293945,35.49451446533203,905700,0.0,0.0
2023-03-31 00:00:00-04:00,37.290000915527344,37.58000183105469,37.220001220703125,37.529998779296875,35.80938720703125,2496800,0.0,0.0
2023-04-03 00:00:00-04:00,37.33000183105469,37.65999984741211,37.22999954223633,37.45000076293945,35.733055114746094,1391900,0.0,0.0
2023-04-04 00:00:00-04:00,37.529998779296875,37.58000183105469,37.2599983215332,37.52000045776367,35.79984664916992,1409200,0.0,0.0
2023-04-05 00:00:00-04:00,37.65999984741211,38.7400016784668,37.529998779296875,38.560001373291016,36.79216766357422,1669100,0.0,0.0
2023-04-06 00:00:00-04:00,38.459999084472656,38.88999938964844,38.459999084472656,38.779998779296875,37.002071380615234,1154300,0.0,0.0
2023-04-10 00:00:00-04:00,38.599998474121094,38.70000076293945,38.38999938964844,38.54999923706055,36.78261947631836,1235500,0.0,0.0
2023-04-11 00:00:00-04:00,38.68000030517578,38.959999084472656,38.52000045776367,38.70000076293945,36.92573547363281,1227700,0.0,0.0
2023-04-12 00:00:00-04:00,38.81999969482422,39.209999084472656,38.66999816894531,39.16999816894531,37.37419128417969,1552200,0.0,0.0
2023-04-13 00:00:00-04:00,39.220001220703125,39.40999984741211,38.810001373291016,39.29999923706055,37.498233795166016,1216500,0.0,0.0
2023-04-14 00:00:00-04:00,39.119998931884766,39.34000015258789,38.619998931884766,38.79999923706055,37.02116394042969,1081100,0.0,0.0
2023-04-17 00:00:00-04:00,38.95000076293945,39.130001068115234,38.66999816894531,38.970001220703125,37.1833610534668,961700,0.0,0.0
2023-04-18 00:00:00-04:00,39.029998779296875,39.290000915527344,38.869998931884766,39.20000076293945,37.402828216552734,1094500,0.0,0.0
2023-04-19 00:00:00-04:00,39.220001220703125,39.290000915527344,39.0,39.150001525878906,37.3551139831543,770800,0.0,0.0
2023-04-20 00:00:00-04:00,39.18000030517578,39.93000030517578,39.16999816894531,39.900001525878906,38.07072830200195,1208000,0.0,0.0
2023-04-21 00:00:00-04:00,40.02000045776367,40.27000045776367,39.529998779296875,39.630001068115234,37.8130989074707,1230800,0.0,0.0
2023-04-24 00:00:00-04:00,39.720001220703125,39.97999954223633,39.70000076293945,39.90999984741211,38.08026885986328,1266700,0.0,0.0
2023-04-25 00:00:00-04:00,39.869998931884766,39.95000076293945,39.54999923706055,39.720001220703125,37.89897537231445,1355400,0.0,0.0
2023-04-26 00:00:00-04:00,39.209999084472656,39.54999923706055,39.209999084472656,39.31999969482422,37.51730728149414,1324000,0.0,0.0
2023-04-27 00:00:00-04:00,39.84000015258789,41.90999984741211,39.779998779296875,41.599998474121094,39.69278335571289,2647600,0.0,0.0
2023-04-28 00:00:00-04:00,42.0,42.59000015258789,41.79999923706055,42.25,40.312992095947266,2049900,0.0,0.0
2023-05-01 00:00:00-04:00,42.22999954223633,42.2400016784668,41.15999984741211,41.27000045776367,39.3779182434082,2734200,0.0,0.0
2023-05-02 00:00:00-04:00,41.27000045776367,42.06999969482422,41.18000030517578,41.810001373291016,39.893157958984375,1700600,0.0,0.0
2023-05-03 00:00:00-04:00,41.880001068115234,42.2599983215332,41.59000015258789,41.650001525878906,39.740501403808594,1040600,0.0,0.0
2023-05-04 00:00:00-04:00,41.619998931884766,42.02000045776367,41.38999938964844,41.84000015258789,39.921783447265625,881800,0.0,0.0
2023-05-05 00:00:00-04:00,41.81999969482422,42.13999938964844,41.470001220703125,41.77000045776367,39.85499954223633,1163600,0.0,0.0
2023-05-08 00:00:00-04:00,41.689998626708984,41.880001068115234,41.5,41.66999816894531,39.759578704833984,1067100,0.0,0.0
2023-05-09 00:00:00-04:00,41.66999816894531,42.0,41.529998779296875,41.56999969482422,39.788291931152344,1173100,0.13,0.0
2023-05-10 00:00:00-04:00,41.689998626708984,42.439998626708984,41.65999984741211,42.27000045776367,40.45829772949219,1350000,0.0,0.0
2023-05-11 00:00:00-04:00,42.279998779296875,42.43000030517578,41.97999954223633,42.400001525878906,40.58272171020508,1271400,0.0,0.0
2023-05-12 00:00:00-04:00,42.560001373291016,42.81999969482422,42.349998474121094,42.58000183105469,40.755008697509766,1092600,0.0,0.0
2023-05-15 00:00:00-04:00,42.47999954223633,42.56999969482422,41.900001525878906,42.33000183105469,40.51572799682617,1573600,0.0,0.0
2023-05-16 00:00:00-04:00,42.18000030517578,42.220001220703125,41.709999084472656,41.97999954223633,40.18071746826172,1343900,0.0,0.0
2023-05-17 00:00:00-04:00,42.130001068115234,42.290000915527344,41.36000061035156,41.65999984741211,39.87443923950195,1392200,0.0,0.0
2023-05-18 00:00:00-04:00,41.599998474121094,41.650001525878906,40.83000183105469,41.15999984741211,39.3958740234375,1566800,0.0,0.0
2023-05-19 00:00:00-04:00,41.27000045776367,41.40999984741211,41.029998779296875,41.04999923706055,39.29058074951172,1253800,0.0,0.0
2023-05-22 00:00:00-04:00,40.95000076293945,41.16999816894531,40.529998779296875,40.689998626708984,38.946006774902344,1331700,0.0,0.0
2023-05-23 00:00:00-04:00,40.470001220703125,40.5,39.63999938964844,39.84000015258789,38.132442474365234,1722400,0.0,0.0
2023-05-24 00:00:00-04:00,40.02000045776367,40.13999938964844,39.709999084472656,39.900001525878906,38.18987274169922,1560200,0.0,0.0
2023-05-25 00:00:00-04:00,39.75,39.779998779296875,39.38999938964844,39.439998626708984,37.74958801269531,1297400,0.0,0.0
2023-05-26 00:00:00-04:00,39.43000030517578,39.66999816894531,39.2400016784668,39.33000183105469,37.64430618286133,1210000,0.0,0.0
2023-05-30 00:00:00-04:00,39.31999969482422,39.58000183105469,39.20000076293945,39.41999816894531,37.730445861816406,1389300,0.0,0.0
2023-05-31 00:00:00-04:00,39.5099983215332,39.720001220703125,38.90999984741211,39.31999969482422,37.63471984863281,7846200,0.0,0.0
2023-06-01 00:00:00-04:00,39.86000061035156,40.279998779296875,39.47999954223633,40.220001220703125,38.496158599853516,1882000,0.0,0.0
2023-06-02 00:00:00-04:00,40.220001220703125,40.7400016784668,40.15999984741211,40.630001068115234,38.88858413696289,1342800,0.0,0.0
2023-06-05 00:00:00-04:00,40.720001220703125,41.189998626708984,40.709999084472656,41.16999816894531,39.40544128417969,1433000,0.0,0.0
2023-06-06 00:00:00-04:00,41.150001525878906,41.41999816894531,40.959999084472656,41.38999938964844,39.61602020263672,1593600,0.0,0.0
2023-06-07 00:00:00-04:00,41.22999954223633,41.5099983215332,41.06999969482422,41.150001525878906,39.38629913330078,1565200,0.0,0.0
2023-06-08 00:00:00-04:00,41.060001373291016,41.52000045776367,40.9900016784668,41.11000061035156,39.34801483154297,1945700,0.0,0.0
2023-06-09 00:00:00-04:00,41.040000915527344,41.150001525878906,40.66999816894531,40.79999923706055,39.051292419433594,1403700,0.0,0.0
2023-06-12 00:00:00-04:00,40.900001525878906,41.0,40.290000915527344,40.959999084472656,39.20444107055664,1138300,0.0,0.0
2023-06-13 00:00:00-04:00,40.959999084472656,41.02000045776367,40.77000045776367,40.88999938964844,39.13744354248047,1062200,0.0,0.0
2023-06-14 00:00:00-04:00,40.709999084472656,40.95000076293945,40.560001373291016,40.88999938964844,39.13744354248047,1347700,0.0,0.0
2023-06-15 00:00:00-04:00,40.9900016784668,41.7599983215332,40.689998626708984,41.63999938964844,39.85529708862305,1594200,0.0,0.0
2023-06-16 00:00:00-04:00,41.650001525878906,41.88999938964844,40.939998626708984,41.09000015258789,39.3288688659668,2401700,0.0,0.0
2023-06-20 00:00:00-04:00,41.0,41.150001525878906,40.70000076293945,40.90999984741211,39.15658187866211,1515300,0.0,0.0
2023-06-21 00:00:00-04:00,40.93000030517578,41.290000915527344,40.400001525878906,41.220001220703125,39.45330047607422,1066600,0.0,0.0
2023-06-22 00:00:00-04:00,41.25,41.689998626708984,41.06999969482422,41.599998474121094,39.8170051574707,816300,0.0,0.0
2023-06-23 00:00:00-04:00,41.599998474121094,41.91999816894531,41.380001068115234,41.38999938964844,39.61602020263672,1894000,0.0,0.0
2023-06-26 00:00:00-04:00,41.5099983215332,41.849998474121094,41.310001373291016,41.66999816894531,39.884010314941406,1090000,0.0,0.0
2023-06-27 00:00:00-04:00,41.810001373291016,42.31999969482422,41.7400016784668,42.290000915527344,40.47743225097656,1143700,0.0,0.0
2023-06-28 00:00:00-04:00,42.380001068115234,42.5099983215332,42.15999984741211,42.369998931884766,40.55400848388672,1035800,0.0,0.0
2023-06-29 00:00:00-04:00,42.34000015258789,42.59000015258789,42.130001068115234,42.5,40.678436279296875,868400,0.0,0.0
2023-06-30 00:00:00-04:00,42.619998931884766,42.95000076293945,42.5,42.83000183105469,40.99429702758789,1402900,0.0,0.0
2023-07-03 00:00:00-04:00,42.54999923706055,42.7400016784668,42.0099983215332,42.31999969482422,40.50615310668945,835500,0.0,0.0
2023-07-05 00:00:00-04:00,42.709999084472656,43.06999969482422,42.400001525878906,43.02000045776367,41.1761474609375,1558000,0.0,0.0
2023-07-06 00:00:00-04:00,42.88999938964844,43.7400016784668,42.849998474121094,43.47999954223633,41.61643600463867,1871900,0.0,0.0
2023-07-07 00:00:00-04:00,43.209999084472656,43.470001220703125,42.91999816894531,43.15999984741211,41.31015396118164,1691400,0.0,0.0
2023-07-10 00:00:00-04:00,43.22999954223633,43.630001068115234,43.18000030517578,43.279998779296875,41.42500305175781,1323000,0.0,0.0
2023-07-11 00:00:00-04:00,43.22999954223633,43.75,42.959999084472656,43.70000076293945,41.82700729370117,1394200,0.0,0.0
2023-07-12 00:00:00-04:00,43.900001525878906,44.150001525878906,43.459999084472656,43.91999816894531,42.03757095336914,1486500,0.0,0.0
2023-07-13 00:00:00-04:00,43.95000076293945,44.15999984741211,43.65999984741211,44.029998779296875,42.142860412597656,1160000,0.0,0.0
2023-07-14 00:00:00-04:00,44.060001373291016,44.56999969482422,43.88999938964844,44.540000915527344,42.63099670410156,1108400,0.0,0.0
2023-07-17 00:00:00-04:00,44.43000030517578,44.83000183105469,44.34000015258789,44.59000015258789,42.678863525390625,968600,0.0,0.0
2023-07-18 00:00:00-04:00,44.5,44.65999984741211,44.20000076293945,44.47999954223633,42.573577880859375,1471500,0.0,0.0
2023-07-19 00:00:00-04:00,44.459999084472656,44.70000076293945,44.029998779296875,44.36000061035156,42.458717346191406,1142500,0.0,0.0
2023-07-20 00:00:00-04:00,44.349998474121094,44.380001068115234,43.75,44.369998931884766,42.468292236328125,1151200,0.0,0.0
2023-07-21 00:00:00-04:00,44.4900016784668,44.790000915527344,44.369998931884766,44.52000045776367,42.61185836791992,1564900,0.0,0.0
2023-07-24 00:00:00-04:00,44.619998931884766,44.849998474121094,44.4900016784668,44.75,42.832000732421875,1338400,0.0,0.0
2023-07-25 00:00:00-04:00,44.540000915527344,45.040000915527344,44.52000045776367,44.83000183105469,42.908573150634766,1062900,0.0,0.0
2023-07-26 00:00:00-04:00,44.599998474121094,44.869998931884766,44.43000030517578,44.79999923706055,42.879859924316406,1878400,0.0,0.0
2023-07-27 00:00:00-04:00,44.11000061035156,44.27000045776367,40.77000045776367,40.81999969482422,39.0704460144043,4083600,0.0,0.0
2023-07-28 00:00:00-04:00,41.13999938964844,41.2400016784668,40.29999923706055,40.630001068115234,38.88858413696289,2456300,0.0,0.0
2023-07-31 00:00:00-04:00,40.790000915527344,40.959999084472656,40.130001068115234,40.83000183105469,39.08001708984375,1948200,0.0,0.0
2023-08-01 00:00:00-04:00,40.790000915527344,41.040000915527344,40.459999084472656,40.630001068115234,38.88858413696289,1316100,0.0,0.0
2023-08-02 00:00:00-04:00,40.630001068115234,41.4900016784668,40.400001525878906,41.29999923706055,39.52986526489258,1892700,0.0,0.0
2023-08-03 00:00:00-04:00,41.099998474121094,41.189998626708984,40.529998779296875,40.689998626708984,38.946006774902344,1388300,0.0,0.0
2023-08-04 00:00:00-04:00,40.900001525878906,40.900001525878906,40.209999084472656,40.279998779296875,38.553585052490234,1044300,0.0,0.0
2023-08-07 00:00:00-04:00,40.31999969482422,40.4900016784668,40.0099983215332,40.41999816894531,38.687583923339844,848200,0.0,0.0
2023-08-08 00:00:00-04:00,40.439998626708984,40.540000915527344,40.02000045776367,40.45000076293945,38.7162971496582,1222400,0.0,0.0
2023-08-09 00:00:00-04:00,40.369998931884766,40.939998626708984,40.369998931884766,40.7599983215332,39.138790130615234,1034100,0.13,0.0
2023-08-10 00:00:00-04:00,40.72999954223633,41.060001373291016,40.47999954223633,40.77000045776367,39.14839172363281,914800,0.0,0.0
2023-08-11 00:00:00-04:00,40.650001525878906,41.04999923706055,40.54999923706055,41.029998779296875,39.39805603027344,1064200,0.0,0.0
2023-08-14 00:00:00-04:00,41.09000015258789,41.40999984741211,40.900001525878906,41.369998931884766,39.72454071044922,1019800,0.0,0.0
2023-08-15 00:00:00-04:00,41.18000030517578,41.36000061035156,40.90999984741211,40.93000030517578,39.30203628540039,1418900,0.0,0.0
2023-08-16 00:00:00-04:00,41.02000045776367,41.54999923706055,40.97999954223633,41.380001068115234,39.734134674072266,1632400,0.0,0.0
2023-08-17 00:00:00-04:00,41.34000015258789,41.400001525878906,40.31999969482422,40.33000183105469,38.72591018676758,1146500,0.0,0.0
2023-08-18 00:00:00-04:00,40.290000915527344,40.61000061035156,40.150001525878906,40.310001373291016,38.70669937133789,1091700,0.0,0.0
2023-08-21 00:00:00-04:00,40.11000061035156,40.2599983215332,39.599998474121094,39.86000061035156,38.27459716796875,1031600,0.0,0.0
2023-08-22 00:00:00-04:00,39.849998474121094,39.970001220703125,39.29999923706055,39.34000015258789,37.7752799987793,1519400,0.0,0.0
2023-08-23 00:00:00-04:00,39.47999954223633,39.63999938964844,39.25,39.61000061035156,38.03453826904297,1458600,0.0,0.0
2023-08-24 00:00:00-04:00,39.5099983215332,39.66999816894531,39.02000045776367,39.040000915527344,37.487213134765625,1072800,0.0,0.0
2023-08-25 00:00:00-04:00,39.18000030517578,39.4900016784668,39.099998474121094,39.369998931884766,37.80408477783203,1186300,0.0,0.0
2023-08-28 00:00:00-04:00,39.36000061035156,39.880001068115234,39.31999969482422,39.779998779296875,38.197776794433594,827200,0.0,0.0
2023-08-29 00:00:00-04:00,39.779998779296875,39.849998474121094,39.5,39.779998779296875,38.197776794433594,848200,0.0,0.0
2023-08-30 00:00:00-04:00,39.959999084472656,40.38999938964844,39.599998474121094,40.04999923706055,38.45703887939453,1188300,0.0,0.0
2023-08-31 00:00:00-04:00,40.09000015258789,40.2599983215332,39.54999923706055,39.56999969482422,37.996131896972656,2336000,0.0,0.0
2023-09-01 00:00:00-04:00,39.84000015258789,39.900001525878906,39.16999816894531,39.369998931884766,37.80408477783203,999100,0.0,0.0
2023-09-05 00:00:00-04:00,39.220001220703125,39.22999954223633,37.95000076293945,37.970001220703125,36.45976638793945,2129000,0.0,0.0
2023-09-06 00:00:00-04:00,38.02000045776367,38.380001068115234,37.88999938964844,38.08000183105469,36.56539535522461,1643000,0.0,0.0
2023-09-07 00:00:00-04:00,34.88999938964844,36.099998474121094,34.709999084472656,35.720001220703125,34.299259185791016,22378800,0.0,0.0
2023-09-08 00:00:00-04:00,36.029998779296875,36.349998474121094,35.7599983215332,36.11000061035156,34.67374801635742,6326100,0.0,0.0
2023-09-11 00:00:00-04:00,36.5,36.79999923706055,36.060001373291016,36.119998931884766,34.683353424072266,6062400,0.0,0.0
2023-09-12 00:00:00-04:00,36.029998779296875,36.220001220703125,35.77000045776367,36.029998779296875,34.596920013427734,3877300,0.0,0.0
2023-09-13 00:00:00-04:00,36.15999984741211,36.689998626708984,36.130001068115234,36.650001525878906,35.1922721862793,3928100,0.0,0.0
2023-09-14 00:00:00-04:00,36.790000915527344,37.400001525878906,36.630001068115234,37.06999969482422,35.59556579589844,3972900,0.0,0.0
2023-09-15 00:00:00-04:00,37.08000183105469,37.33000183105469,36.900001525878906,37.029998779296875,35.557151794433594,6595500,0.0,0.0
2023-09-18 00:00:00-04:00,37.06999969482422,38.40999984741211,37.06999969482422,38.20000076293945,36.680625915527344,4693900,0.0,0.0
2023-09-19 00:00:00-04:00,38.27000045776367,38.29999923706055,37.869998931884766,38.209999084472656,36.69022750854492,2896400,0.0,0.0
2023-09-20 00:00:00-04:00,38.47999954223633,38.970001220703125,38.36000061035156,38.68000030517578,37.14152526855469,2326900,0.0,0.0
2023-09-21 00:00:00-04:00,38.66999816894531,38.66999816894531,37.790000915527344,37.939998626708984,36.43096160888672,2452100,0.0,0.0
2023-09-22 00:00:00-04:00,37.95000076293945,38.52000045776367,37.40999984741211,37.43000030517578,35.941253662109375,9677800,0.0,0.0
2023-09-25 00:00:00-04:00,37.2400016784668,37.459999084472656,36.83000183105469,37.2599983215332,35.77800750732422,1892500,0.0,0.0
2023-09-26 00:00:00-04:00,37.279998779296875,37.349998474121094,36.9900016784668,37.15999984741211,35.68198776245117,2458200,0.0,0.0
2023-09-27 00:00:00-04:00,37.279998779296875,37.650001525878906,37.06999969482422,37.439998626708984,35.95084762573242,2609300,0.0,0.0
2023-09-28 00:00:00-04:00,37.689998626708984,37.849998474121094,37.29999923706055,37.650001525878906,36.152496337890625,2754100,0.0,0.0
2023-09-29 00:00:00-04:00,37.900001525878906,38.16999816894531,37.290000915527344,37.33000183105469,35.8452262878418,2537700,0.0,0.0
2023-10-02 00:00:00-04:00,37.290000915527344,37.470001220703125,36.25,36.619998931884766,35.16345977783203,3930600,0.0,0.0
2023-10-03 00:00:00-04:00,36.61000061035156,36.90999984741211,36.119998931884766,36.27000045776367,34.8273811340332,2643100,0.0,0.0
2023-10-04 00:00:00-04:00,35.189998626708984,35.9900016784668,34.93000030517578,35.959999084472656,34.52971267700195,4893100,0.0,0.0
2023-10-05 00:00:00-04:00,36.0,36.47999954223633,35.560001373291016,35.86000061035156,34.43368911743164,3517000,0.0,0.0
2023-10-06 00:00:00-04:00,35.65999984741211,36.16999816894531,35.27000045776367,36.08000183105469,34.64494323730469,2470800,0.0,0.0
2023-10-09 00:00:00-04:00,36.06999969482422,36.4900016784668,35.88999938964844,36.38999938964844,34.9426155090332,1418600,0.0,0.0
2023-10-10 00:00:00-04:00,36.470001220703125,36.720001220703125,36.02000045776367,36.619998931884766,35.16345977783203,1700600,0.0,0.0
2023-10-11 00:00:00-04:00,36.689998626708984,36.70000076293945,36.15999984741211,36.31999969482422,34.875396728515625,1572400,0.0,0.0
2023-10-12 00:00:00-04:00,36.459999084472656,36.540000915527344,35.619998931884766,35.7599983215332,34.337669372558594,1437000,0.0,0.0
2023-10-13 00:00:00-04:00,35.93000030517578,36.0,35.7599983215332,35.90999984741211,34.48170852661133,1738400,0.0,0.0
2023-10-16 00:00:00-04:00,36.150001525878906,36.54999923706055,35.810001373291016,36.439998626708984,34.99062728881836,2213500,0.0,0.0
2023-10-17 00:00:00-04:00,36.209999084472656,36.66999816894531,36.040000915527344,36.5099983215332,35.05783462524414,1743800,0.0,0.0
2023-10-18 00:00:00-04:00,36.40999984741211,36.41999816894531,35.84000015258789,35.91999816894531,34.491302490234375,1601100,0.0,0.0
2023-10-19 00:00:00-04:00,33.959999084472656,34.189998626708984,32.189998626708984,32.91999816894531,31.61063003540039,9196800,0.0,0.0
2023-10-20 00:00:00-04:00,33.5,33.63999938964844,32.849998474121094,33.04999923706055,31.735456466674805,2974900,0.0,0.0
2023-10-23 00:00:00-04:00,33.0099983215332,33.41999816894531,32.90999984741211,33.16999816894531,31.85068702697754,2747700,0.0,0.0
2023-10-24 00:00:00-04:00,33.279998779296875,33.70000076293945,32.939998626708984,33.65999984741211,32.32120132446289,3132100,0.0,0.0
2023-10-25 00:00:00-04:00,33.9900016784668,34.529998779296875,33.58000183105469,34.33000183105469,32.96455001831055,4509900,0.0,0.0
2023-10-26 00:00:00-04:00,36.779998779296875,38.0,35.540000915527344,35.709999084472656,34.28965759277344,4317300,0.0,0.0
2023-10-27 00:00:00-04:00,35.810001373291016,36.650001525878906,35.709999084472656,36.099998474121094,34.66413879394531,3010400,0.0,0.0
2023-10-30 00:00:00-04:00,36.25,37.099998474121094,36.15999984741211,36.849998474121094,35.384307861328125,2710200,0.0,0.0
2023-10-31 00:00:00-04:00,37.45000076293945,37.810001373291016,37.13999938964844,37.61000061035156,36.11408996582031,2751000,0.0,0.0
2023-11-01 00:00:00-04:00,37.599998474121094,37.599998474121094,36.83000183105469,37.220001220703125,35.73960876464844,2652200,0.0,0.0
2023-11-02 00:00:00-04:00,37.29999923706055,37.88999938964844,37.060001373291016,37.689998626708984,36.19090270996094,2587400,0.0,0.0
2023-11-03 00:00:00-04:00,38.029998779296875,38.36000061035156,37.81999969482422,38.119998931884766,36.60380172729492,1495400,0.0,0.0
2023-11-06 00:00:00-05:00,38.060001373291016,38.2400016784668,37.81999969482422,38.0,36.48857879638672,1201900,0.0,0.0
2023-11-07 00:00:00-05:00,37.88999938964844,38.31999969482422,37.880001068115234,38.209999084472656,36.69022750854492,1172400,0.0,0.0
2023-11-08 00:00:00-05:00,38.34000015258789,38.34000015258789,37.77000045776367,38.09000015258789,36.57499313354492,1689200,0.0,0.0
2023-11-09 00:00:00-05:00,38.09000015258789,38.11000061035156,37.61000061035156,37.86000061035156,36.49787139892578,1763200,0.15,0.0
2023-11-10 00:00:00-05:00,38.0,38.41999816894531,37.810001373291016,38.400001525878906,37.01844787597656,1552200,0.0,0.0
2023-11-13 00:00:00-05:00,38.290000915527344,38.75,38.22999954223633,38.72999954223633,37.336578369140625,1217100,0.0,0.0
2023-11-14 00:00:00-05:00,39.130001068115234,39.61000061035156,38.88999938964844,39.47999954223633,38.05958557128906,3910900,0.0,0.0
2023-11-15 00:00:00-05:00,39.56999969482422,39.59000015258789,38.95000076293945,39.029998779296875,37.62578201293945,1694200,0.0,0.0
2023-11-16 00:00:00-05:00,39.119998931884766,39.720001220703125,39.029998779296875,39.63999938964844,38.21383285522461,1668100,0.0,0.0
2023-11-17 00:00:00-05:00,39.779998779296875,39.83000183105469,39.209999084472656,39.439998626708984,38.021026611328125,1886900,0.0,0.0
2023-11-20 00:00:00-05:00,39.380001068115234,39.88999938964844,39.20000076293945,39.77000045776367,38.33915710449219,1345500,0.0,0.0
2023-11-21 00:00:00-05:00,39.7599983215332,40.33000183105469,39.7400016784668,40.08000183105469,38.63800048828125,1815000,0.0,0.0
2023-11-22 00:00:00-05:00,40.0,40.33000183105469,39.90999984741211,40.02000045776367,38.58015823364258,4002200,0.0,0.0
2023-11-24 00:00:00-05:00,39.86000061035156,40.279998779296875,39.619998931884766,40.130001068115234,38.68620300292969,781900,0.0,0.0
2023-11-27 00:00:00-05:00,40.08000183105469,40.459999084472656,39.869998931884766,40.27000045776367,38.821163177490234,1495300,0.0,0.0
2023-11-28 00:00:00-05:00,40.15999984741211,40.43000030517578,39.95000076293945,39.970001220703125,38.531959533691406,2297200,0.0,0.0
2023-11-29 00:00:00-05:00,39.939998626708984,40.220001220703125,39.720001220703125,40.189998626708984,38.744041442871094,2065700,0.0,0.0
2023-11-30 00:00:00-05:00,40.13999938964844,40.779998779296875,39.939998626708984,40.7400016784668,39.274253845214844,3993900,0.0,0.0
2023-12-01 00:00:00-05:00,40.7599983215332,40.970001220703125,40.5,40.90999984741211,39.43813705444336,1496800,0.0,0.0
2023-12-04 00:00:00-05:00,40.869998931884766,41.369998931884766,40.869998931884766,41.130001068115234,39.650230407714844,1421300,0.0,0.0
2023-12-05 00:00:00-05:00,41.11000061035156,41.119998931884766,40.77000045776367,40.9900016784668,39.515262603759766,974900,0.0,0.0
2023-12-06 00:00:00-05:00,41.18000030517578,41.52000045776367,41.099998474121094,41.349998474121094,39.86231231689453,1972400,0.0,0.0
2023-12-07 00:00:00-05:00,41.310001373291016,41.459999084472656,40.95000076293945,41.36000061035156,39.87195587158203,1685300,0.0,0.0
2023-12-08 00:00:00-05:00,41.40999984741211,41.61000061035156,41.279998779296875,41.43000030517578,39.939430236816406,1412700,0.0,0.0
2023-12-11 00:00:00-05:00,41.439998626708984,41.86000061035156,41.439998626708984,41.630001068115234,40.13224411010742,2155700,0.0,0.0
2023-12-12 00:00:00-05:00,41.720001220703125,42.06999969482422,41.459999084472656,42.04999923706055,40.53712463378906,1237800,0.0,0.0
2023-12-13 00:00:00-05:00,42.25,43.5,42.15999984741211,43.470001220703125,41.906028747558594,2287100,0.0,0.0
2023-12-14 00:00:00-05:00,43.880001068115234,43.90999984741211,42.41999816894531,42.7400016784668,41.20230484008789,2829400,0.0,0.0
2023-12-15 00:00:00-05:00,42.349998474121094,42.720001220703125,41.83000183105469,42.150001525878906,40.63352966308594,4866500,0.0,0.0
2023-12-18 00:00:00-05:00,42.380001068115234,42.84000015258789,42.25,42.63999938964844,41.105899810791016,1327000,0.0,0.0
2023-12-19 00:00:00-05:00,42.61000061035156,42.81999969482422,42.439998626708984,42.52000045776367,40.99021911621094,1616000,0.0,0.0
2023-12-20 00:00:00-05:00,42.25,43.02000045776367,42.06999969482422,42.34000015258789,40.81669235229492,1320800,0.0,0.0
2023-12-21 00:00:00-05:00,42.400001525878906,42.81999969482422,42.220001220703125,42.810001373291016,41.269779205322266,1622400,0.0,0.0
2023-12-22 00:00:00-05:00,42.959999084472656,43.06999969482422,42.709999084472656,42.97999954223633,41.43366622924805,1089600,0.0,0.0
2023-12-26 00:00:00-05:00,42.91999816894531,43.41999816894531,42.91999816894531,43.27000045776367,41.713233947753906,1189500,0.0,0.0
2023-12-27 00:00:00-05:00,43.099998474121094,43.70000076293945,43.029998779296875,43.63999938964844,42.06991958618164,1492700,0.0,0.0
2023-12-28 00:00:00-05:00,43.849998474121094,43.86000061035156,43.439998626708984,43.77000045776367,42.195247650146484,3541000,0.0,0.0
2023-12-29 00:00:00-05:00,43.849998474121094,43.97999954223633,43.63999938964844,43.66999816894531,42.098838806152344,1322400,0.0,0.0
2024-01-02 00:00:00-05:00,43.560001373291016,43.72999954223633,43.040000915527344,43.27000045776367,41.713233947753906,1743000,0.0,0.0
2024-01-03 00:00:00-05:00,43.310001373291016,43.349998474121094,42.2400016784668,42.2400016784668,40.72029113769531,1790000,0.0,0.0
2024-01-04 00:00:00-05:00,42.369998931884766,42.88999938964844,42.29999923706055,42.790000915527344,41.25050735473633,1959600,0.0,0.0
2024-01-05 00:00:00-05:00,42.58000183105469,42.880001068115234,42.529998779296875,42.70000076293945,41.16374206542969,1810800,0.0,0.0
2024-01-08 00:00:00-05:00,42.79999923706055,42.97999954223633,42.59000015258789,42.869998931884766,41.32762145996094,1365900,0.0,0.0
2024-01-09 00:00:00-05:00,42.7599983215332,43.11000061035156,42.599998474121094,43.060001373291016,41.51079177856445,1045100,0.0,0.0
2024-01-10 00:00:00-05:00,42.970001220703125,43.29999923706055,42.939998626708984,43.290000915527344,41.73251724243164,1575000,0.0,0.0
2024-01-11 00:00:00-05:00,43.369998931884766,43.93000030517578,43.34000015258789,43.849998474121094,42.272361755371094,1348200,0.0,0.0
2024-01-12 00:00:00-05:00,43.9900016784668,44.209999084472656,43.70000076293945,43.75,42.17596435546875,1350000,0.0,0.0
2024-01-16 00:00:00-05:00,43.560001373291016,43.810001373291016,43.5099983215332,43.68000030517578,42.108482360839844,1398700,0.0,0.0
2024-01-17 00:00:00-05:00,43.5,43.779998779296875,43.34000015258789,43.369998931884766,41.809635162353516,1723200,0.0,0.0
2024-01-18 00:00:00-05:00,43.369998931884766,43.779998779296875,43.33000183105469,43.720001220703125,42.14704513549805,952600,0.0,0.0
2024-01-19 00:00:00-05:00,43.91999816894531,44.13999938964844,43.470001220703125,44.130001068115234,42.542293548583984,1176200,0.0,0.0
2024-01-22 00:00:00-05:00,44.20000076293945,44.43000030517578,43.939998626708984,44.08000183105469,42.49409103393555,994500,0.0,0.0
2024-01-23 00:00:00-05:00,44.08000183105469,44.27000045776367,43.90999984741211,44.220001220703125,42.62905502319336,1044500,0.0,0.0
2024-01-24 00:00:00-05:00,44.220001220703125,44.2400016784668,43.279998779296875,43.290000915527344,41.73251724243164,2254600,0.0,0.0
2024-01-25 00:00:00-05:00,43.40999984741211,43.40999984741211,42.47999954223633,43.0099983215332,41.46258544921875,2617800,0.0,0.0
2024-01-26 00:00:00-05:00,43.11000061035156,43.31999969482422,42.75,43.22999954223633,41.67466735839844,1499300,0.0,0.0
2024-01-29 00:00:00-05:00,43.22999954223633,43.34000015258789,42.880001068115234,43.25,41.69395446777344,1699400,0.0,0.0
2024-01-30 00:00:00-05:00,43.310001373291016,43.689998626708984,43.0,43.54999923706055,41.983158111572266,1478100,0.0,0.0
2024-01-31 00:00:00-05:00,43.56999969482422,43.7400016784668,43.130001068115234,43.310001373291016,41.75179672241211,1902800,0.0,0.0
2024-02-01 00:00:00-05:00,43.2400016784668,44.25,42.779998779296875,44.2400016784668,42.648338317871094,1269000,0.0,0.0
2024-02-02 00:00:00-05:00,44.119998931884766,44.310001373291016,43.70000076293945,44.02000045776367,42.43625259399414,1134400,0.0,0.0
2024-02-05 00:00:00-05:00,43.88999938964844,43.95000076293945,43.290000915527344,43.52000045776367,41.95424270629883,1263600,0.0,0.0
2024-02-06 00:00:00-05:00,43.59000015258789,44.099998474121094,43.59000015258789,44.0099983215332,42.426605224609375,1230600,0.0,0.0
2024-02-07 00:00:00-05:00,44.13999938964844,44.29999923706055,43.619998931884766,44.20000076293945,42.60977554321289,1600300,0.0,0.0
2024-02-08 00:00:00-05:00,44.11000061035156,44.34000015258789,43.689998626708984,43.72999954223633,42.15668487548828,2406000,0.0,0.0
2024-02-09 00:00:00-05:00,43.7599983215332,44.119998931884766,43.20000076293945,43.47999954223633,41.91567611694336,1921300,0.0,0.0
2024-02-12 00:00:00-05:00,43.41999816894531,43.63999938964844,43.119998931884766,43.56999969482422,42.00244140625,1849000,0.0,0.0
2024-02-13 00:00:00-05:00,43.459999084472656,44.0,43.33000183105469,43.849998474121094,42.272361755371094,2582700,0.0,0.0
2024-02-14 00:00:00-05:00,43.97999954223633,44.40999984741211,43.779998779296875,44.25,42.6579704284668,2541300,0.0,0.0
2024-02-15 00:00:00-05:00,42.099998474121094,42.790000915527344,41.33000183105469,41.720001220703125,40.21900177001953,5222300,0.0,0.0
2024-02-16 00:00:00-05:00,41.709999084472656,41.9900016784668,40.40999984741211,41.04999923706055,39.573097229003906,3789200,0.0,0.0
2024-02-20 00:00:00-05:00,40.880001068115234,41.54999923706055,40.7599983215332,40.95000076293945,39.62147903442383,4560000,0.15,0.0
2024-02-21 00:00:00-05:00,40.88999938964844,41.41999816894531,40.880001068115234,41.369998931884766,40.027854919433594,2756800,0.0,0.0
2024-02-22 00:00:00-05:00,41.29999923706055,42.029998779296875,41.29999923706055,41.83000183105469,40.47293472290039,4731600,0.0,0.0
2024-02-23 00:00:00-05:00,41.790000915527344,42.619998931884766,41.63999938964844,42.58000183105469,41.19860076904297,1439300,0.0,0.0
2024-02-26 00:00:00-05:00,42.66999816894531,43.380001068115234,42.54999923706055,42.93000030517578,41.53725051879883,3008000,0.0,0.0
2024-02-27 00:00:00-05:00,42.779998779296875,43.0,42.369998931884766,42.689998626708984,41.305030822753906,1701300,0.0,0.0
2024-02-28 00:00:00-05:00,43.11000061035156,43.5099983215332,42.779998779296875,43.470001220703125,42.05971908569336,1494100,0.0,0.0
2024-02-29 00:00:00-05:00,43.68000030517578,44.16999816894531,43.41999816894531,44.06999969482422,42.640262603759766,2870300,0.0,0.0
2024-03-01 00:00:00-05:00,43.31999969482422,44.029998779296875,43.119998931884766,44.0,42.5725212097168,2008700,0.0,0.0
2024-03-04 00:00:00-05:00,44.0099983215332,45.2400016784668,44.0099983215332,45.08000183105469,43.617496490478516,2590100,0.0,0.0
2024-03-05 00:00:00-05:00,45.150001525878906,45.150001525878906,44.18000030517578,44.279998779296875,42.84345245361328,1720700,0.0,0.0
2024-03-06 00:00:00-05:00,44.4900016784668,44.9900016784668,44.150001525878906,44.810001373291016,43.356258392333984,1656400,0.0,0.0
2024-03-07 00:00:00-05:00,45.599998474121094,45.599998474121094,44.970001220703125,45.2400016784668,43.77229690551758,1662600,0.0,0.0
2024-03-08 00:00:00-05:00,45.11000061035156,45.47999954223633,45.0099983215332,45.45000076293945,43.97549057006836,1561300,0.0,0.0
2024-03-11 00:00:00-04:00,45.40999984741211,45.939998626708984,44.779998779296875,45.72999954223633,44.24640655517578,1902200,0.0,0.0
2024-03-12 00:00:00-04:00,45.72999954223633,46.130001068115234,45.459999084472656,45.790000915527344,44.30445861816406,1928300,0.0,0.0
2024-03-13 00:00:00-04:00,45.79999923706055,46.38999938964844,45.650001525878906,46.27000045776367,44.76888656616211,1619300,0.0,0.0
2024-03-14 00:00:00-04:00,46.27000045776367,46.33000183105469,45.380001068115234,45.939998626708984,44.449588775634766,1820800,0.0,0.0
2024-03-15 00:00:00-04:00,45.4900016784668,46.400001525878906,45.4900016784668,46.349998474121094,44.846282958984375,2258900,0.0,0.0
2024-03-18 00:00:00-04:00,46.400001525878906,47.029998779296875,46.380001068115234,46.65999984741211,45.14623260498047,1565900,0.0,0.0
2024-03-19 00:00:00-04:00,46.84000015258789,47.08000183105469,46.5,47.0099983215332,45.48487091064453,1887700,0.0,0.0
2024-03-20 00:00:00-04:00,47.220001220703125,47.45000076293945,46.77000045776367,46.83000183105469,45.31071853637695,1752400,0.0,0.0
2024-03-21 00:00:00-04:00,46.79999923706055,46.9900016784668,46.41999816894531,46.52000045776367,45.01077651977539,2318500,0.0,0.0
2024-03-22 00:00:00-04:00,46.709999084472656,46.790000915527344,46.15999984741211,46.540000915527344,45.03013229370117,1149800,0.0,0.0
2024-03-25 00:00:00-04:00,46.5,46.5,45.900001525878906,45.900001525878906,44.410888671875,1096800,0.0,0.0
2024-03-26 00:00:00-04:00,45.84000015258789,46.04999923706055,45.689998626708984,45.84000015258789,44.352840423583984,1884100,0.0,0.0
2024-03-27 00:00:00-04:00,46.189998626708984,46.81999969482422,46.130001068115234,46.70000076293945,45.1849365234375,3864600,0.0,0.0
2024-03-28 00:00:00-04:00,46.779998779296875,46.849998474121094,46.130001068115234,46.27000045776367,44.76888656616211,1365300,0.0,0.0
2024-04-01 00:00:00-04:00,46.290000915527344,46.34000015258789,45.650001525878906,45.720001220703125,44.236724853515625,1587600,0.0,0.0
2024-04-02 00:00:00-04:00,45.630001068115234,45.959999084472656,45.470001220703125,45.529998779296875,44.05289840698242,1663900,0.0,0.0
2024-04-03 00:00:00-04:00,45.5,45.86000061035156,45.38999938964844,45.470001220703125,43.994842529296875,1289000,0.0,0.0
2024-04-04 00:00:00-04:00,45.65999984741211,45.65999984741211,44.5,44.56999969482422,43.12404251098633,1662500,0.0,0.0
2024-04-05 00:00:00-04:00,44.689998626708984,45.47999954223633,44.619998931884766,45.369998931884766,43.8980827331543,1465500,0.0,0.0
2024-04-08 00:00:00-04:00,45.2599983215332,45.47999954223633,44.95000076293945,45.06999969482422,43.60781478881836,1475300,0.0,0.0
2024-04-09 00:00:00-04:00,45.209999084472656,45.400001525878906,44.7400016784668,45.0099983215332,43.549766540527344,1578500,0.0,0.0
2024-04-10 00:00:00-04:00,44.630001068115234,45.40999984741211,44.52000045776367,45.150001525878906,43.68522262573242,1420100,0.0,0.0
2024-04-11 00:00:00-04:00,45.130001068115234,45.130001068115234,44.630001068115234,44.63999938964844,43.1917724609375,1646200,0.0,0.0
2024-04-12 00:00:00-04:00,44.45000076293945,44.63999938964844,43.91999816894531,44.349998474121094,42.91117477416992,1820600,0.0,0.0
2024-04-15 00:00:00-04:00,44.119998931884766,44.27000045776367,43.189998626708984,43.279998779296875,41.875892639160156,1704700,0.0,0.0
2024-04-16 00:00:00-04:00,43.439998626708984,43.689998626708984,43.27000045776367,43.310001373291016,41.90491485595703,1747900,0.0,0.0
2024-04-17 00:00:00-04:00,43.41999816894531,43.5099983215332,42.810001373291016,43.0099983215332,41.614646911621094,1425400,0.0,0.0
2024-04-18 00:00:00-04:00,42.470001220703125,42.95000076293945,41.720001220703125,42.439998626708984,41.06313705444336,2055100,0.0,0.0
2024-04-19 00:00:00-04:00,42.58000183105469,42.72999954223633,42.189998626708984,42.5099983215332,41.13086700439453,2080600,0.0,0.0
2024-04-22 00:00:00-04:00,42.790000915527344,42.880001068115234,42.290000915527344,42.459999084472656,41.08249282836914,3352500,0.0,0.0
2024-04-23 00:00:00-04:00,42.599998474121094,42.7599983215332,42.25,42.650001525878906,41.26633071899414,2519700,0.0,0.0
2024-04-24 00:00:00-04:00,42.59000015258789,42.95000076293945,42.34000015258789,42.869998931884766,41.479190826416016,4283500,0.0,0.0
2024-04-25 00:00:00-04:00,43.599998474121094,44.75,43.18000030517578,44.27000045776367,42.833770751953125,2448400,0.0,0.0
2024-04-26 00:00:00-04:00,44.470001220703125,45.279998779296875,44.439998626708984,44.900001525878906,43.44333267211914,1688300,0.0,0.0
2024-04-29 00:00:00-04:00,45.0,45.130001068115234,44.58000183105469,44.77000045776367,43.31755065917969,1174400,0.0,0.0
2024-04-30 00:00:00-04:00,44.4900016784668,45.33000183105469,44.290000915527344,44.560001373291016,43.11436462402344,1463700,0.0,0.0
2024-05-01 00:00:00-04:00,44.54999923706055,45.0,44.290000915527344,44.68000030517578,43.230472564697266,2473100,0.0,0.0
2024-05-02 00:00:00-04:00,44.810001373291016,44.959999084472656,44.369998931884766,44.7400016784668,43.28852844238281,2119100,0.0,0.0
2024-05-03 00:00:00-04:00,45.04999923706055,46.22999954223633,44.849998474121094,46.119998931884766,44.623756408691406,1947300,0.0,0.0
2024-05-06 00:00:00-04:00,46.279998779296875,47.11000061035156,46.220001220703125,47.099998474121094,45.57196044921875,1629300,0.0,0.0
2024-05-07 00:00:00-04:00,47.33000183105469,47.619998931884766,46.97999954223633,47.20000076293945,45.66872024536133,1487100,0.0,0.0
2024-05-08 00:00:00-04:00,47.34000015258789,47.689998626708984,46.599998474121094,46.63999938964844,45.126888275146484,964800,0.0,0.0
2024-05-09 00:00:00-04:00,46.58000183105469,47.18000030517578,46.400001525878906,47.0099983215332,45.631629943847656,2841500,0.15,0.0
2024-05-10 00:00:00-04:00,47.18000030517578,47.20000076293945,46.540000915527344,46.630001068115234,45.26277542114258,1377600,0.0,0.0
2024-05-13 00:00:00-04:00,46.68000030517578,46.75,46.33000183105469,46.40999984741211,45.04922866821289,860900,0.0,0.0
2024-05-14 00:00:00-04:00,46.5099983215332,47.27000045776367,46.36000061035156,46.91999816894531,45.54426956176758,2172400,0.0,0.0
2024-05-15 00:00:00-04:00,47.040000915527344,47.40999984741211,46.939998626708984,47.16999816894531,45.78694152832031,1411700,0.0,0.0
2024-05-16 00:00:00-04:00,47.040000915527344,47.220001220703125,46.630001068115234,47.06999969482422,45.689876556396484,1443600,0.0,0.0
2024-05-17 00:00:00-04:00,46.970001220703125,47.189998626708984,46.09000015258789,46.130001068115234,44.77743911743164,1110200,0.0,0.0
2024-05-20 00:00:00-04:00,46.2599983215332,46.79999923706055,45.79999923706055,46.790000915527344,45.4180908203125,1317400,0.0,0.0
2024-05-21 00:00:00-04:00,46.79999923706055,46.91999816894531,46.310001373291016,46.5,45.1365966796875,1107300,0.0,0.0
2024-05-22 00:00:00-04:00,46.470001220703125,46.630001068115234,46.04999923706055,46.11000061035156,44.75802230834961,1177000,0.0,0.0
2024-05-23 00:00:00-04:00,46.11000061035156,46.130001068115234,45.2400016784668,45.380001068115234,44.04943084716797,1093800,0.0,0.0
2024-05-24 00:00:00-04:00,45.61000061035156,46.25,45.45000076293945,46.189998626708984,44.8356819152832,1216800,0.0,0.0
2024-05-28 00:00:00-04:00,46.2400016784668,46.650001525878906,45.70000076293945,46.15999984741211,44.806556701660156,1367700,0.0,0.0
2024-05-29 00:00:00-04:00,45.83000183105469,45.91999816894531,45.0,45.349998474121094,44.02031326293945,1220900,0.0,0.0
2024-05-30 00:00:00-04:00,45.540000915527344,45.9900016784668,45.29999923706055,45.86000061035156,44.51535415649414,2774100,0.0,0.0
2024-05-31 00:00:00-04:00,45.97999954223633,46.369998931884766,45.25,45.689998626708984,44.350337982177734,3002800,0.0,0.0
2024-06-03 00:00:00-04:00,45.66999816894531,46.22999954223633,45.4900016784668,46.040000915527344,44.6900749206543,1440500,0.0,0.0
2024-06-04 00:00:00-04:00,45.95000076293945,47.31999969482422,45.939998626708984,47.29999923706055,45.91312789916992,1501600,0.0,0.0
2024-06-05 00:00:00-04:00,47.43000030517578,47.66999816894531,47.060001373291016,47.45000076293945,46.05873489379883,1112800,0.0,0.0
2024-06-06 00:00:00-04:00,47.43000030517578,47.59000015258789,46.79999923706055,47.40999984741211,46.0199089050293,1361000,0.0,0.0
2024-06-07 00:00:00-04:00,47.20000076293945,47.40999984741211,46.56999969482422,46.56999969482422,45.20453643798828,1131700,0.0,0.0
2024-06-10 00:00:00-04:00,46.47999954223633,46.84000015258789,46.220001220703125,46.790000915527344,45.4180908203125,912200,0.0,0.0
2024-06-11 00:00:00-04:00,46.709999084472656,47.34000015258789,46.599998474121094,47.33000183105469,45.9422607421875,1083100,0.0,0.0
2024-06-12 00:00:00-04:00,47.58000183105469,48.029998779296875,47.369998931884766,47.91999816894531,46.51495361328125,1097800,0.0,0.0
2024-06-13 00:00:00-04:00,47.91999816894531,48.0099983215332,47.25,47.86000061035156,46.456722259521484,775900,0.0,0.0
2024-06-14 00:00:00-04:00,47.709999084472656,48.59000015258789,47.52000045776367,48.5,47.077945709228516,2086900,0.0,0.0
2024-06-17 00:00:00-04:00,48.40999984741211,49.560001373291016,48.130001068115234,49.25,47.80596160888672,1379400,0.0,0.0
2024-06-18 00:00:00-04:00,49.20000076293945,49.88999938964844,48.97999954223633,49.75,48.291297912597656,1415300,0.0,0.0
2024-06-20 00:00:00-04:00,49.58000183105469,50.09000015258789,49.09000015258789,49.349998474121094,47.90302276611328,1895600,0.0,0.0
2024-06-21 00:00:00-04:00,49.349998474121094,49.66999816894531,49.15999984741211,49.349998474121094,47.90302276611328,2615900,0.0,0.0
2024-06-24 00:00:00-04:00,49.349998474121094,50.08000183105469,49.31999969482422,49.91999816894531,48.45631408691406,1959400,0.0,0.0
2024-06-25 00:00:00-04:00,49.93000030517578,50.0,49.619998931884766,49.86000061035156,48.39807891845703,1259800,0.0,0.0
2024-06-26 00:00:00-04:00,49.65999984741211,49.790000915527344,49.349998474121094,49.439998626708984,47.990386962890625,901400,0.0,0.0
2024-06-27 00:00:00-04:00,49.61000061035156,49.650001525878906,49.189998626708984,49.349998474121094,47.90302276611328,1070100,0.0,0.0
2024-06-28 00:00:00-04:00,49.45000076293945,49.5,48.65999984741211,48.790000915527344,47.35945129394531,3590900,0.0,0.0
2024-07-01 00:00:00-04:00,49.02000045776367,49.099998474121094,48.02000045776367,48.31999969482422,46.903228759765625,1301300,0.0,0.0
2024-07-02 00:00:00-04:00,48.36000061035156,49.189998626708984,48.18000030517578,49.150001525878906,47.708892822265625,1148800,0.0,0.0
2024-07-03 00:00:00-04:00,49.4900016784668,50.310001373291016,49.349998474121094,50.290000915527344,48.81546401977539,1226600,0.0,0.0
2024-07-05 00:00:00-04:00,50.290000915527344,50.45000076293945,49.630001068115234,50.400001525878906,48.9222412109375,1474500,0.0,0.0
2024-07-08 00:00:00-04:00,50.4900016784668,50.83000183105469,49.790000915527344,49.91999816894531,48.45631408691406,1362900,0.0,0.0
2024-07-09 00:00:00-04:00,49.91999816894531,50.0,49.65999984741211,49.7400016784668,48.28158950805664,1118700,0.0,0.0
2024-07-10 00:00:00-04:00,49.880001068115234,50.02000045776367,49.5099983215332,49.599998474121094,48.145694732666016,1270700,0.0,0.0
2024-07-11 00:00:00-04:00,49.66999816894531,49.66999816894531,49.349998474121094,49.369998931884766,47.92244338989258,1288700,0.0,0.0
2024-07-12 00:00:00-04:00,49.369998931884766,49.59000015258789,49.040000915527344,49.40999984741211,47.961273193359375,2047500,0.0,0.0
2024-07-15 00:00:00-04:00,49.36000061035156,49.43000030517578,48.27000045776367,48.31999969482422,46.903228759765625,2157500,0.0,0.0
2024-07-16 00:00:00-04:00,48.470001220703125,49.290000915527344,48.349998474121094,49.2599983215332,47.8156623840332,1803000,0.0,0.0
2024-07-17 00:00:00-04:00,49.18000030517578,49.66999816894531,49.040000915527344,49.34000015258789,47.89331817626953,1388900,0.0,0.0
2024-07-18 00:00:00-04:00,49.34000015258789,49.72999954223633,49.0,49.25,47.80596160888672,1351400,0.0,0.0
2024-07-19 00:00:00-04:00,49.150001525878906,49.68000030517578,49.150001525878906,49.439998626708984,47.990386962890625,1127000,0.0,0.0
2024-07-22 00:00:00-04:00,49.599998474121094,50.65999984741211,49.459999084472656,50.650001525878906,49.164913177490234,1254800,0.0,0.0
2024-07-23 00:00:00-04:00,50.709999084472656,50.869998931884766,49.86000061035156,49.95000076293945,48.485435485839844,1281900,0.0,0.0
2024-07-24 00:00:00-04:00,50.119998931884766,50.540000915527344,49.810001373291016,49.95000076293945,48.485435485839844,1524300,0.0,0.0
2024-07-25 00:00:00-04:00,49.38999938964844,49.40999984741211,46.63999938964844,46.72999954223633,45.35984420776367,3335700,0.0,0.0
2024-07-26 00:00:00-04:00,46.72999954223633,46.7599983215332,45.58000183105469,45.93000030517578,44.58330535888672,2683800,0.0,0.0
2024-07-29 00:00:00-04:00,46.130001068115234,47.75,46.060001373291016,47.58000183105469,46.18492889404297,1984500,0.0,0.0
2024-07-30 00:00:00-04:00,47.56999969482422,48.099998474121094,47.40999984741211,47.970001220703125,46.56349182128906,2327500,0.0,0.0
2024-07-31 00:00:00-04:00,48.33000183105469,48.88999938964844,47.849998474121094,47.90999984741211,46.505245208740234,2318100,0.0,0.0
2024-08-01 00:00:00-04:00,47.88999938964844,48.220001220703125,47.38999938964844,47.400001525878906,46.01020431518555,2205900,0.0,0.0
2024-08-02 00:00:00-04:00,47.22999954223633,48.279998779296875,46.95000076293945,48.0099983215332,46.60231399536133,1614900,0.0,0.0
2024-08-05 00:00:00-04:00,48.220001220703125,48.599998474121094,47.439998626708984,47.630001068115234,46.23345947265625,2009300,0.0,0.0
2024-08-06 00:00:00-04:00,47.72999954223633,48.54999923706055,47.56999969482422,47.849998474121094,46.44700241088867,1611600,0.0,0.0
2024-08-07 00:00:00-04:00,48.13999938964844,48.540000915527344,47.38999938964844,47.38999938964844,46.00049591064453,2399500,0.0,0.0
2024-08-08 00:00:00-04:00,47.349998474121094,47.66999816894531,46.869998931884766,47.61000061035156,46.214046478271484,1017800,0.0,0.0
2024-08-09 00:00:00-04:00,47.61000061035156,48.06999969482422,47.43000030517578,47.790000915527344,46.38877487182617,1512700,0.0,0.0
2024-08-12 00:00:00-04:00,47.70000076293945,48.27000045776367,47.59000015258789,47.779998779296875,46.525089263916016,1734100,0.15,0.0
2024-08-13 00:00:00-04:00,48.33000183105469,48.689998626708984,47.5099983215332,48.47999954223633,47.20670700073242,1955300,0.0,0.0
2024-08-14 00:00:00-04:00,48.369998931884766,48.63999938964844,48.349998474121094,48.5,47.22617721557617,1190200,0.0,0.0
2024-08-15 00:00:00-04:00,48.709999084472656,49.08000183105469,48.5,49.04999923706055,47.7617301940918,1169900,0.0,0.0
2024-08-16 00:00:00-04:00,49.119998931884766,49.150001525878906,48.130001068115234,48.18000030517578,46.914581298828125,1742100,0.0,0.0
2024-08-19 00:00:00-04:00,48.18000030517578,49.13999938964844,48.060001373291016,49.130001068115234,47.83963394165039,852400,0.0,0.0
2024-08-20 00:00:00-04:00,49.08000183105469,49.59000015258789,48.75,49.5,48.199913024902344,1548800,0.0,0.0
2024-08-21 00:00:00-04:00,49.709999084472656,50.38999938964844,49.380001068115234,50.04999923706055,48.7354621887207,1471900,0.0,0.0
2024-08-22 00:00:00-04:00,50.13999938964844,50.41999816894531,50.0099983215332,50.25,48.93022155761719,985700,0.0,0.0
2024-08-23 00:00:00-04:00,50.349998474121094,50.45000076293945,49.869998931884766,50.13999938964844,48.82310485839844,1070900,0.0,0.0
2024-08-26 00:00:00-04:00,50.220001220703125,50.5,49.65999984741211,49.70000076293945,48.39466094970703,1220700,0.0,0.0
2024-08-27 00:00:00-04:00,49.63999938964844,49.93000030517578,49.189998626708984,49.560001373291016,48.25833511352539,1949900,0.0,0.0
2024-08-28 00:00:00-04:00,49.70000076293945,50.41999816894531,49.5099983215332,50.25,48.93022155761719,1250200,0.0,0.0
2024-08-29 00:00:00-04:00,50.31999969482422,50.86000061035156,50.029998779296875,50.099998474121094,48.78415298461914,1004000,0.0,0.0
2024-08-30 00:00:00-04:00,50.099998474121094,50.400001525878906,49.70000076293945,50.18000030517578,48.862056732177734,1340000,0.0,0.0
2024-09-03 00:00:00-04:00,50.40999984741211,51.279998779296875,50.25,50.4900016784668,49.163917541503906,1589500,0.0,0.0
2024-09-04 00:00:00-04:00,50.54999923706055,50.939998626708984,50.349998474121094,50.72999954223633,49.39760971069336,885900,0.0,0.0
2024-09-05 00:00:00-04:00,50.619998931884766,50.939998626708984,50.0099983215332,50.310001373291016,48.988643646240234,1323800,0.0,0.0
2024-09-06 00:00:00-04:00,50.400001525878906,50.75,49.459999084472656,49.59000015258789,48.28755187988281,1137400,0.0,0.0
2024-09-09 00:00:00-04:00,49.95000076293945,49.95000076293945,49.43000030517578,49.65999984741211,48.355709075927734,1725100,0.0,0.0
2024-09-10 00:00:00-04:00,49.709999084472656,51.150001525878906,49.709999084472656,51.130001068115234,49.78710174560547,1301300,0.0,0.0
2024-09-11 00:00:00-04:00,49.9900016784668,50.5,48.65999984741211,49.630001068115234,48.32650375366211,2972000,0.0,0.0
2024-09-12 00:00:00-04:00,49.61000061035156,50.22999954223633,49.02000045776367,50.150001525878906,48.83284378051758,1617300,0.0,0.0
2024-09-13 00:00:00-04:00,50.11000061035156,50.720001220703125,50.040000915527344,50.470001220703125,49.14443588256836,1644800,0.0,0.0
2024-09-16 00:00:00-04:00,50.720001220703125,51.04999923706055,50.59000015258789,50.90999984741211,49.57288360595703,815300,0.0,0.0
2024-09-17 00:00:00-04:00,50.88999938964844,51.900001525878906,50.88999938964844,51.400001525878906,50.05001449584961,1294300,0.0,0.0
2024-09-18 00:00:00-04:00,51.400001525878906,51.959999084472656,50.20000076293945,50.25,48.93022155761719,1241000,0.0,0.0
2024-09-19 00:00:00-04:00,50.86000061035156,50.86000061035156,49.90999984741211,50.099998474121094,48.78415298461914,1226600,0.0,0.0
2024-09-20 00:00:00-04:00,49.77000045776367,50.43000030517578,49.5099983215332,50.150001525878906,48.83284378051758,3254300,0.0,0.0
2024-09-23 00:00:00-04:00,50.27000045776367,50.720001220703125,49.90999984741211,50.5,49.173648834228516,852900,0.0,0.0
2024-09-24 00:00:00-04:00,50.47999954223633,50.79999923706055,50.279998779296875,50.72999954223633,49.39760971069336,1014600,0.0,0.0
2024-09-25 00:00:00-04:00,50.93000030517578,51.099998474121094,50.400001525878906,50.7599983215332,49.426822662353516,1586900,0.0,0.0
2024-09-26 00:00:00-04:00,50.77000045776367,51.0,49.970001220703125,50.04999923706055,48.7354621887207,948900,0.0,0.0
2024-09-27 00:00:00-04:00,50.20000076293945,50.41999816894531,49.720001220703125,49.95000076293945,48.638099670410156,1588100,0.0,0.0
2024-09-30 00:00:00-04:00,50.02000045776367,50.720001220703125,49.90999984741211,50.58000183105469,49.251548767089844,1949100,0.0,0.0
2024-10-01 00:00:00-04:00,50.619998931884766,51.08000183105469,50.18000030517578,50.5099983215332,49.183380126953125,1900100,0.0,0.0
2024-10-02 00:00:00-04:00,50.29999923706055,50.45000076293945,49.900001525878906,50.369998931884766,49.047061920166016,775100,0.0,0.0
2024-10-03 00:00:00-04:00,50.209999084472656,50.31999969482422,49.59000015258789,49.72999954223633,48.42387390136719,1514000,0.0,0.0
2024-10-04 00:00:00-04:00,49.650001525878906,50.0,49.209999084472656,49.81999969482422,48.511512756347656,1031200,0.0,0.0
2024-10-07 00:00:00-04:00,49.439998626708984,49.4900016784668,48.650001525878906,48.70000076293945,47.42092514038086,1073800,0.0,0.0
2024-10-08 00:00:00-04:00,49.29999923706055,49.56999969482422,49.13999938964844,49.29999923706055,48.00516891479492,1336000,0.0,0.0
2024-10-09 00:00:00-04:00,49.380001068115234,49.93000030517578,49.2599983215332,49.83000183105469,48.521244049072266,1068000,0.0,0.0
2024-10-10 00:00:00-04:00,49.7599983215332,49.90999984741211,49.209999084472656,49.25,47.95648193359375,979100,0.0,0.0
2024-10-11 00:00:00-04:00,49.380001068115234,49.66999816894531,49.189998626708984,49.65999984741211,48.355709075927734,1363800,0.0,0.0
2024-10-14 00:00:00-04:00,49.86000061035156,50.29999923706055,49.779998779296875,50.15999984741211,48.84257888793945,752600,0.0,0.0
2024-10-15 00:00:00-04:00,50.52000045776367,50.70000076293945,49.83000183105469,49.970001220703125,48.657569885253906,1166000,0.0,0.0
2024-10-16 00:00:00-04:00,49.91999816894531,50.2400016784668,49.11000061035156,49.150001525878906,47.859107971191406,1648300,0.0,0.0
2024-10-17 00:00:00-04:00,49.52000045776367,49.56999969482422,48.86000061035156,49.459999084472656,48.16096496582031,1217500,0.0,0.0
2024-10-18 00:00:00-04:00,49.650001525878906,50.189998626708984,49.33000183105469,50.13999938964844,48.82310485839844,1145700,0.0,0.0
2024-10-21 00:00:00-04:00,50.11000061035156,50.41999816894531,49.79999923706055,49.84000015258789,48.530982971191406,1374400,0.0,0.0
2024-10-22 00:00:00-04:00,49.619998931884766,49.779998779296875,48.83000183105469,49.529998779296875,48.229129791259766,809600,0.0,0.0
2024-10-23 00:00:00-04:00,49.63999938964844,49.939998626708984,49.38999938964844,49.75,48.4433479309082,1462100,0.0,0.0
2024-10-24 00:00:00-04:00,47.61000061035156,48.13999938964844,45.95000076293945,46.47999954223633,45.25923156738281,3481300,0.0,0.0
2024-10-25 00:00:00-04:00,47.060001373291016,47.560001373291016,46.34000015258789,46.540000915527344,45.31765365600586,1660700,0.0,0.0
2024-10-28 00:00:00-04:00,46.86000061035156,47.290000915527344,46.540000915527344,47.2599983215332,46.01874923706055,2341200,0.0,0.0
2024-10-29 00:00:00-04:00,47.2599983215332,47.79999923706055,47.20000076293945,47.31999969482422,46.07716751098633,1635500,0.0,0.0
2024-10-30 00:00:00-04:00,47.099998474121094,47.380001068115234,46.72999954223633,46.810001373291016,45.580570220947266,1491700,0.0,0.0
2024-10-31 00:00:00-04:00,46.75,47.27000045776367,46.540000915527344,47.13999938964844,45.90190124511719,2469800,0.0,0.0
2024-11-01 00:00:00-04:00,47.25,47.619998931884766,46.97999954223633,47.33000183105469,46.086917877197266,3123100,0.0,0.0
2024-11-04 00:00:00-05:00,47.29999923706055,47.900001525878906,47.209999084472656,47.86000061035156,46.602996826171875,1299300,0.0,0.0
2024-11-05 00:00:00-05:00,47.880001068115234,48.560001373291016,47.7599983215332,48.54999923706055,47.27486801147461,1402700,0.0,0.0
2024-11-06 00:00:00-05:00,49.189998626708984,49.470001220703125,47.650001525878906,48.619998931884766,47.34303283691406,2280500,0.0,0.0
2024-11-07 00:00:00-05:00,48.88999938964844,49.25,48.56999969482422,49.040000915527344,47.75199890136719,1504700,0.0,0.0
2024-11-08 00:00:00-05:00,49.400001525878906,50.45000076293945,49.27000045776367,50.18000030517578,48.862056732177734,1466700,0.0,0.0
2024-11-11 00:00:00-05:00,50.439998626708984,51.11000061035156,50.369998931884766,50.880001068115234,49.543670654296875,1879600,0.0,0.0
2024-11-12 00:00:00-05:00,50.880001068115234,51.38999938964844,50.66999816894531,51.08000183105469,49.900238037109375,1611200,0.165,0.0
2024-11-13 00:00:00-05:00,51.27000045776367,52.15999984741211,51.099998474121094,51.290000915527344,50.10539245605469,2016700,0.0,0.0
2024-11-14 00:00:00-05:00,51.040000915527344,51.290000915527344,49.93000030517578,50.11000061035156,48.952640533447266,1523400,0.0,0.0
2024-11-15 00:00:00-05:00,50.220001220703125,50.220001220703125,49.54999923706055,49.90999984741211,48.757259368896484,2461000,0.0,0.0
2024-11-18 00:00:00-05:00,49.9900016784668,50.540000915527344,49.88999938964844,50.04999923706055,48.89402389526367,1186200,0.0,0.0
2024-11-19 00:00:00-05:00,49.81999969482422,49.91999816894531,49.459999084472656,49.5099983215332,48.36650085449219,1196000,0.0,0.0
2024-11-20 00:00:00-05:00,49.54999923706055,49.61000061035156,48.869998931884766,49.439998626708984,48.29811477661133,1013800,0.0,0.0
2024-11-21 00:00:00-05:00,49.279998779296875,49.65999984741211,48.68000030517578,49.630001068115234,48.48373031616211,1359000,0.0,0.0
2024-11-22 00:00:00-05:00,49.86000061035156,50.689998626708984,49.779998779296875,50.630001068115234,49.46063232421875,763300,0.0,0.0
2024-11-25 00:00:00-05:00,50.959999084472656,51.52000045776367,50.880001068115234,51.22999954223633,50.046775817871094,1929200,0.0,0.0
2024-11-26 00:00:00-05:00,51.5099983215332,51.72999954223633,51.099998474121094,51.59000015258789,50.39846420288086,2523800,0.0,0.0
2024-11-27 00:00:00-05:00,51.75,52.060001373291016,51.13999938964844,51.15999984741211,49.978389739990234,2313300,0.0,0.0
2024-11-29 00:00:00-05:00,51.040000915527344,51.08000183105469,50.04999923706055,50.33000183105469,49.16756820678711,1521800,0.0,0.0
2024-12-02 00:00:00-05:00,50.27000045776367,50.33000183105469,49.41999816894531,49.86000061035156,48.70842361450195,2194900,0.0,0.0
2024-12-03 00:00:00-05:00,49.810001373291016,50.02000045776367,49.189998626708984,49.65999984741211,48.513038635253906,1389800,0.0,0.0
2024-12-04 00:00:00-05:00,49.459999084472656,49.849998474121094,49.310001373291016,49.65999984741211,48.513038635253906,1052600,0.0,0.0
2024-12-05 00:00:00-05:00,49.400001525878906,49.45000076293945,48.81999969482422,48.849998474121094,47.72174835205078,1532300,0.0,0.0
2024-12-06 00:00:00-05:00,49.220001220703125,49.77000045776367,49.150001525878906,49.41999816894531,48.27857971191406,1289500,0.0,0.0
2024-12-09 00:00:00-05:00,49.31999969482422,49.5,48.47999954223633,48.68000030517578,47.55567169189453,1384100,0.0,0.0
2024-12-10 00:00:00-05:00,48.689998626708984,49.400001525878906,48.380001068115234,49.130001068115234,47.99528121948242,1222400,0.0,0.0
2024-12-11 00:00:00-05:00,49.22999954223633,49.560001373291016,48.83000183105469,49.0099983215332,47.8780517578125,1242600,0.0,0.0
2024-12-12 00:00:00-05:00,49.349998474121094,49.459999084472656,48.61000061035156,48.77000045776367,47.64359664916992,1137500,0.0,0.0
2024-12-13 00:00:00-05:00,48.849998474121094,49.0099983215332,48.47999954223633,48.77000045776367,47.64359664916992,1745000,0.0,0.0
2024-12-16 00:00:00-05:00,48.95000076293945,49.689998626708984,48.4900016784668,48.54999923706055,47.42867660522461,2311500,0.0,0.0
2024-12-17 00:00:00-05:00,48.470001220703125,48.88999938964844,48.209999084472656,48.220001220703125,47.106292724609375,1313800,0.0,0.0
2024-12-18 00:00:00-05:00,48.099998474121094,48.459999084472656,47.150001525878906,47.18000030517578,46.09031295776367,1520200,0.0,0.0
2024-12-19 00:00:00-05:00,47.029998779296875,47.5,46.7400016784668,47.0099983215332,45.924232482910156,1757800,0.0,0.0
2024-12-20 00:00:00-05:00,46.7400016784668,47.380001068115234,46.72999954223633,46.91999816894531,45.8363151550293,4863300,0.0,0.0
2024-12-23 00:00:00-05:00,46.59000015258789,46.650001525878906,46.18000030517578,46.540000915527344,45.46509552001953,1766100,0.0,0.0
2024-12-24 00:00:00-05:00,46.470001220703125,46.68000030517578,46.41999816894531,46.599998474121094,45.523704528808594,691200,0.0,0.0
2024-12-26 00:00:00-05:00,46.2400016784668,46.900001525878906,46.13999938964844,46.849998474121094,45.7679328918457,981200,0.0,0.0
2024-12-27 00:00:00-05:00,46.56999969482422,46.90999984741211,46.369998931884766,46.68000030517578,45.60186004638672,1355600,0.0,0.0
2024-12-30 00:00:00-05:00,46.2599983215332,46.650001525878906,46.04999923706055,46.40999984741211,45.33810043334961,1169300,0.0,0.0
2024-12-31 00:00:00-05:00,46.41999816894531,46.54999923706055,46.189998626708984,46.349998474121094,45.27948760986328,1264900,0.0,0.0
2025-01-02 00:00:00-05:00,46.58000183105469,46.65999984741211,45.880001068115234,46.040000915527344,44.976646423339844,1053100,0.0,0.0
2025-01-03 00:00:00-05:00,46.0,46.349998474121094,45.95000076293945,46.16999816894531,45.103641510009766,1274000,0.0,0.0
2025-01-06 00:00:00-05:00,45.9900016784668,46.15999984741211,45.52000045776367,45.650001525878906,44.59565353393555,1021500,0.0,0.0
2025-01-07 00:00:00-05:00,45.77000045776367,46.130001068115234,45.34000015258789,45.75,44.69334030151367,2248700,0.0,0.0
2025-01-08 00:00:00-05:00,45.900001525878906,46.45000076293945,45.54999923706055,46.349998474121094,45.27948760986328,2701400,0.0,0.0
2025-01-10 00:00:00-05:00,46.0,46.5099983215332,46.0,46.09000015258789,45.025489807128906,1339400,0.0,0.0
2025-01-13 00:00:00-05:00,46.0,46.619998931884766,45.77000045776367,46.47999954223633,45.40647888183594,1251900,0.0,0.0
2025-01-14 00:00:00-05:00,46.369998931884766,46.97999954223633,46.2400016784668,46.849998474121094,45.7679328918457,1547500,0.0,0.0
2025-01-15 00:00:00-05:00,47.310001373291016,47.41999816894531,46.66999816894531,47.0099983215332,45.924232482910156,1725200,0.0,0.0
2025-01-16 00:00:00-05:00,47.0,48.34000015258789,46.959999084472656,48.29999923706055,47.184444427490234,2152400,0.0,0.0
2025-01-17 00:00:00-05:00,48.689998626708984,48.970001220703125,48.20000076293945,48.43000030517578,47.31144714355469,1986900,0.0,0.0
2025-01-21 00:00:00-05:00,48.560001373291016,49.06999969482422,48.47999954223633,48.63999938964844,47.51659393310547,1563800,0.0,0.0
2025-01-22 00:00:00-05:00,48.599998474121094,48.790000915527344,48.29999923706055,48.459999084472656,47.34074783325195,1572100,0.0,0.0
2025-01-23 00:00:00-05:00,48.52000045776367,48.63999938964844,48.220001220703125,48.619998931884766,47.49705505371094,1133200,0.0,0.0
2025-01-24 00:00:00-05:00,48.61000061035156,48.75,48.16999816894531,48.369998931884766,47.25282669067383,1085900,0.0,0.0
2025-01-27 00:00:00-05:00,48.380001068115234,49.720001220703125,48.380001068115234,49.5,48.356727600097656,1541100,0.0,0.0
2025-01-28 00:00:00-05:00,49.279998779296875,50.150001525878906,49.25,49.31999969482422,48.180885314941406,2054600,0.0,0.0
2025-01-29 00:00:00-05:00,49.189998626708984,49.939998626708984,48.70000076293945,48.75,47.624053955078125,1481000,0.0,0.0
2025-01-30 00:00:00-05:00,49.08000183105469,49.7400016784668,49.04999923706055,49.720001220703125,48.571651458740234,1170600,0.0,0.0
2025-01-31 00:00:00-05:00,49.4900016784668,49.790000915527344,49.20000076293945,49.5,48.356727600097656,1771700,0.0,0.0
2025-02-03 00:00:00-05:00,49.25,49.84000015258789,49.08000183105469,49.650001525878906,48.50326919555664,1777800,0.0,0.0
2025-02-04 00:00:00-05:00,49.54999923706055,49.72999954223633,49.06999969482422,49.08000183105469,47.946434020996094,1159600,0.0,0.0
2025-02-05 00:00:00-05:00,49.5,49.970001220703125,49.439998626708984,49.619998931884766,48.47395706176758,1400300,0.0,0.0
2025-02-06 00:00:00-05:00,49.5099983215332,50.2599983215332,49.470001220703125,50.2599983215332,49.09917449951172,1387200,0.0,0.0
2025-02-07 00:00:00-05:00,50.16999816894531,50.279998779296875,49.58000183105469,50.08000183105469,48.923336029052734,2428700,0.0,0.0
2025-02-10 00:00:00-05:00,50.2599983215332,50.2599983215332,49.5099983215332,49.970001220703125,48.815879821777344,1306900,0.0,0.0
2025-02-11 00:00:00-05:00,50.0099983215332,50.11000061035156,49.7599983215332,49.939998626708984,48.78657150268555,2413100,0.0,0.0
2025-02-12 00:00:00-05:00,49.310001373291016,50.279998779296875,49.15999984741211,50.099998474121094,48.942874908447266,2895000,0.0,0.0
2025-02-13 00:00:00-05:00,50.56999969482422,52.84000015258789,50.11000061035156,51.91999816894531,50.7208366394043,3707900,0.0,0.0
2025-02-14 00:00:00-05:00,52.11000061035156,52.150001525878906,50.58000183105469,50.72999954223633,49.55832290649414,2819000,0.0,0.0
2025-02-18 00:00:00-05:00,50.56999969482422,50.810001373291016,49.75,50.0099983215332,48.85495376586914,1980900,0.0,0.0
2025-02-19 00:00:00-05:00,49.9900016784668,50.83000183105469,49.849998474121094,50.7599983215332,49.58763122558594,1393600,0.0,0.0
2025-02-20 00:00:00-05:00,50.560001373291016,51.43000030517578,50.38999938964844,51.33000183105469,50.144466400146484,1847000,0.0,0.0
2025-02-21 00:00:00-05:00,51.2599983215332,51.5,50.65999984741211,51.290000915527344,50.10539245605469,1781600,0.0,0.0
2025-02-24 00:00:00-05:00,51.31999969482422,51.7599983215332,51.25,51.41999816894531,50.232383728027344,1233000,0.0,0.0
2025-02-25 00:00:00-05:00,51.400001525878906,51.68000030517578,51.20000076293945,51.380001068115234,50.354896545410156,1563700,0.165,0.0
2025-02-26 00:00:00-05:00,51.029998779296875,51.790000915527344,50.849998474121094,51.27000045776367,50.2470817565918,1427400,0.0,0.0
2025-02-27 00:00:00-05:00,51.16999816894531,51.709999084472656,51.09000015258789,51.400001525878906,50.37449264526367,1567300,0.0,0.0
2025-02-28 00:00:00-05:00,51.7400016784668,52.4900016784668,51.54999923706055,52.38999938964844,51.34474563598633,1606400,0.0,0.0
2025-03-03 00:00:00-05:00,52.290000915527344,53.189998626708984,52.290000915527344,53.0099983215332,51.95237350463867,2678600,0.0,0.0
2025-03-04 00:00:00-05:00,53.22999954223633,53.720001220703125,52.380001068115234,52.52000045776367,51.47214889526367,2076000,0.0,0.0
2025-03-05 00:00:00-05:00,52.060001373291016,52.86000061035156,52.060001373291016,52.61000061035156,51.56035232543945,1390400,0.0,0.0
2025-03-06 00:00:00-05:00,52.150001525878906,52.36000061035156,51.4900016784668,51.70000076293945,50.66850662231445,1646900,0.0,0.0
2025-03-07 00:00:00-05:00,51.38999938964844,51.86000061035156,50.810001373291016,51.779998779296875,50.746910095214844,1782400,0.0,0.0
2025-03-10 00:00:00-04:00,51.779998779296875,53.54999923706055,51.59000015258789,52.279998779296875,51.236942291259766,2446000,0.0,0.0
2025-03-11 00:00:00-04:00,52.31999969482422,52.689998626708984,51.84000015258789,51.90999984741211,50.87432098388672,2867700,0.0,0.0
2025-03-12 00:00:00-04:00,51.90999984741211,52.439998626708984,50.52000045776367,50.560001373291016,49.55125427246094,2878400,0.0,0.0
2025-03-13 00:00:00-04:00,50.54999923706055,50.79999923706055,50.150001525878906,50.72999954223633,49.71786117553711,1495200,0.0,0.0
2025-03-14 00:00:00-04:00,50.630001068115234,51.459999084472656,50.599998474121094,51.400001525878906,50.37449264526367,1345100,0.0,0.0
2025-03-17 00:00:00-04:00,51.25,52.060001373291016,51.220001220703125,51.79999923706055,50.76651382446289,1280900,0.0,0.0
2025-03-18 00:00:00-04:00,51.54999923706055,51.97999954223633,51.400001525878906,51.93000030517578,50.893917083740234,1574600,0.0,0.0
2025-03-19 00:00:00-04:00,51.81999969482422,52.349998474121094,51.79999923706055,52.029998779296875,50.991920471191406,1960500,0.0,0.0
2025-03-20 00:00:00-04:00,52.08000183105469,52.2599983215332,51.34000015258789,51.68000030517578,50.64890670776367,1445300,0.0,0.0
2025-03-21 00:00:00-04:00,51.439998626708984,51.810001373291016,51.18000030517578,51.630001068115234,50.59990692138672,3167400,0.0,0.0
2025-03-24 00:00:00-04:00,52.279998779296875,52.470001220703125,51.4900016784668,52.31999969482422,51.2761344909668,1561000,0.0,0.0
2025-03-25 00:00:00-04:00,52.220001220703125,52.790000915527344,51.939998626708984,52.33000183105469,51.28593826293945,1818500,0.0,0.0
2025-03-26 00:00:00-04:00,52.689998626708984,53.689998626708984,52.5099983215332,53.04999923706055,51.991573333740234,2513300,0.0,0.0
2025-03-27 00:00:00-04:00,53.189998626708984,54.0,53.060001373291016,53.779998779296875,52.70700454711914,1645900,0.0,0.0
2025-03-28 00:00:00-04:00,53.84000015258789,53.95000076293945,52.970001220703125,53.060001373291016,52.001373291015625,1798000,0.0,0.0
2025-03-31 00:00:00-04:00,53.380001068115234,54.220001220703125,53.22999954223633,54.029998779296875,52.95201873779297,2199400,0.0,0.0
2025-04-01 00:00:00-04:00,53.869998931884766,54.40999984741211,53.81999969482422,54.36000061035156,53.27544021606445,1867100,0.0,0.0
2025-04-02 00:00:00-04:00,54.36000061035156,54.849998474121094,54.119998931884766,54.72999954223633,53.638057708740234,2299600,0.0,0.0
2025-04-03 00:00:00-04:00,54.65999984741211,56.2599983215332,54.22999954223633,55.900001525878906,54.78471374511719,3247400,0.0,0.0
2025-04-04 00:00:00-04:00,55.40999984741211,55.91999816894531,52.099998474121094,52.209999084472656,51.1683349609375,4217800,0.0,0.0
2025-04-07 00:00:00-04:00,51.13999938964844,52.90999984741211,49.72999954223633,50.95000076293945,49.9334716796875,4297300,0.0,0.0
2025-04-08 00:00:00-04:00,51.90999984741211,52.099998474121094,50.189998626708984,50.650001525878906,49.639461517333984,2865400,0.0,0.0
2025-04-09 00:00:00-04:00,50.5,53.56999969482422,50.150001525878906,53.11000061035156,52.05038070678711,2903400,0.0,0.0
2025-04-10 00:00:00-04:00,52.810001373291016,54.529998779296875,52.400001525878906,54.11000061035156,53.030426025390625,2759100,0.0,0.0
2025-04-11 00:00:00-04:00,53.849998474121094,55.900001525878906,53.5099983215332,55.220001220703125,54.11827850341797,3977800,0.0,0.0
2025-04-14 00:00:00-04:00,55.29999923706055,55.959999084472656,55.06999969482422,55.689998626708984,54.57889938354492,1641200,0.0,0.0
2025-04-15 00:00:00-04:00,55.779998779296875,56.0,55.09000015258789,55.36000061035156,54.255489349365234,1206400,0.0,0.0
2025-04-16 00:00:00-04:00,55.38999938964844,55.72999954223633,54.72999954223633,55.0099983215332,53.9124641418457,1693900,0.0,0.0
2025-04-17 00:00:00-04:00,55.529998779296875,56.08000183105469,55.119998931884766,55.779998779296875,54.6671142578125,2046200,0.0,0.0
2025-04-21 00:00:00-04:00,55.630001068115234,55.81999969482422,54.130001068115234,54.72999954223633,53.638057708740234,1213000,0.0,0.0
2025-04-22 00:00:00-04:00,55.04999923706055,55.90999984741211,54.97999954223633,55.65999984741211,54.54949951171875,1813600,0.0,0.0
2025-04-23 00:00:00-04:00,55.65999984741211,55.810001373291016,54.63999938964844,54.93000030517578,53.83406448364258,4086900,0.0,0.0
2025-04-24 00:00:00-04:00,53.939998626708984,56.310001373291016,51.77000045776367,55.470001220703125,54.36329650878906,3360300,0.0,0.0
2025-04-25 00:00:00-04:00,55.529998779296875,56.0099983215332,54.810001373291016,55.310001373291016,54.20648193359375,2572100,0.0,0.0
2025-04-28 00:00:00-04:00,55.869998931884766,56.150001525878906,55.2400016784668,56.02000045776367,54.902320861816406,2147600,0.0,0.0
2025-04-29 00:00:00-04:00,55.90999984741211,56.540000915527344,55.72999954223633,56.34000015258789,55.2159309387207,1562400,0.0,0.0
2025-04-30 00:00:00-04:00,56.369998931884766,57.20000076293945,55.77000045776367,57.130001068115234,55.990177154541016,2043300,0.0,0.0
2025-05-01 00:00:00-04:00,56.540000915527344,56.599998474121094,55.650001525878906,56.06999969482422,54.95132064819336,2609500,0.0,0.0
2025-05-02 00:00:00-04:00,56.470001220703125,56.95000076293945,56.209999084472656,56.66999816894531,55.53934097290039,2522800,0.0,0.0
2025-05-05 00:00:00-04:00,56.630001068115234,57.34000015258789,56.279998779296875,56.97999954223633,55.84315872192383,1931700,0.0,0.0
2025-05-06 00:00:00-04:00,56.709999084472656,57.189998626708984,56.459999084472656,56.810001373291016,55.67655944824219,2173500,0.0,0.0
2025-05-07 00:00:00-04:00,56.45000076293945,57.16999816894531,56.45000076293945,56.90999984741211,55.774559020996094,1327200,0.0,0.0
2025-05-08 00:00:00-04:00,56.869998931884766,57.43000030517578,56.619998931884766,56.689998626708984,55.5589485168457,1472400,0.0,0.0
2025-05-09 00:00:00-04:00,56.540000915527344,56.86000061035156,56.36000061035156,56.720001220703125,55.588356018066406,1321900,0.0,0.0
2025-05-12 00:00:00-04:00,56.439998626708984,56.83000183105469,55.099998474121094,55.72999954223633,54.7774543762207,2160700,0.165,0.0
2025-05-13 00:00:00-04:00,55.56999969482422,55.810001373291016,54.7599983215332,54.849998474121094,53.91249084472656,2189400,0.0,0.0
2025-05-14 00:00:00-04:00,54.84000015258789,55.04999923706055,54.58000183105469,54.959999084472656,54.02061462402344,1822000,0.0,0.0
2025-05-15 00:00:00-04:00,55.400001525878906,56.380001068115234,55.290000915527344,56.369998931884766,55.40651321411133,2360700,0.0,0.0
2025-05-16 00:00:00-04:00,56.41999816894531,57.06999969482422,56.34000015258789,56.959999084472656,55.986427307128906,4605500,0.0,0.0
2025-05-19 00:00:00-04:00,56.77000045776367,57.45000076293945,56.70000076293945,57.43000030517578,56.448394775390625,1531100,0.0,0.0
2025-05-20 00:00:00-04:00,57.33000183105469,57.630001068115234,57.06999969482422,57.310001373291016,56.330448150634766,1564000,0.0,0.0
2025-05-21 00:00:00-04:00,57.02000045776367,57.459999084472656,56.810001373291016,57.0,56.02574920654297,1374400,0.0,0.0
2025-05-22 00:00:00-04:00,56.939998626708984,57.040000915527344,56.36000061035156,56.75,55.78002166748047,1322200,0.0,0.0
2025-05-23 00:00:00-04:00,56.72999954223633,57.099998474121094,56.189998626708984,56.869998931884766,55.89796447753906,1332800,0.0,0.0
2025-05-27 00:00:00-04:00,56.970001220703125,57.43000030517578,56.79999923706055,57.349998474121094,56.36975860595703,1523200,0.0,0.0
2025-05-28 00:00:00-04:00,57.209999084472656,57.5,56.650001525878906,56.7400016784668,55.77018737792969,1401900,0.0,0.0
2025-05-29 00:00:00-04:00,56.45000076293945,57.06999969482422,56.380001068115234,56.91999816894531,55.94711685180664,1304400,0.0,0.0
2025-05-30 00:00:00-04:00,57.290000915527344,57.47999954223633,56.849998474121094,57.25,56.2714729309082,3986800,0.0,0.0
2025-06-02 00:00:00-04:00,57.779998779296875,58.619998931884766,57.4900016784668,58.58000183105469,57.5787353515625,2314200,0.0,0.0
2025-06-03 00:00:00-04:00,58.650001525878906,58.650001525878906,57.7599983215332,58.34000015258789,57.34284210205078,2029800,0.0,0.0
2025-06-04 00:00:00-04:00,58.470001220703125,58.560001373291016,57.939998626708984,58.040000915527344,57.04796600341797,1308600,0.0,0.0
2025-06-05 00:00:00-04:00,58.04999923706055,58.08000183105469,57.40999984741211,57.83000183105469,56.84156036376953,1383800,0.0,0.0
2025-06-06 00:00:00-04:00,57.83000183105469,58.22999954223633,57.54999923706055,57.77000045776367,56.78258514404297,887500,0.0,0.0
2025-06-09 00:00:00-04:00,57.560001373291016,57.61000061035156,56.11000061035156,57.060001373291016,56.084720611572266,1853500,0.0,0.0
2025-06-10 00:00:00-04:00,57.08000183105469,57.33000183105469,56.630001068115234,56.869998931884766,55.89796447753906,1620700,0.0,0.0
2025-06-11 00:00:00-04:00,56.97999954223633,57.04999923706055,56.33000183105469,56.9900016784668,56.01591873168945,1224000,0.0,0.0
2025-06-12 00:00:00-04:00,57.220001220703125,57.400001525878906,56.95000076293945,57.290000915527344,56.310787200927734,1334100,0.0,0.0
2025-06-13 00:00:00-04:00,57.099998474121094,57.58000183105469,56.58000183105469,56.880001068115234,55.90779495239258,1780600,0.0,0.0
2025-06-16 00:00:00-04:00,56.970001220703125,57.33000183105469,56.599998474121094,56.720001220703125,55.75053405761719,1114400,0.0,0.0
2025-06-17 00:00:00-04:00,56.560001373291016,56.9900016784668,56.08000183105469,56.40999984741211,55.445831298828125,1856300,0.0,0.0
2025-06-18 00:00:00-04:00,56.56999969482422,56.790000915527344,55.939998626708984,56.08000183105469,55.12146759033203,1772900,0.0,0.0
2025-06-20 00:00:00-04:00,56.2400016784668,56.720001220703125,55.93000030517578,56.47999954223633,55.5146369934082,3411700,0.0,0.0
2025-06-23 00:00:00-04:00,56.779998779296875,57.16999816894531,56.619998931884766,57.130001068115234,56.153526306152344,1299600,0.0,0.0
2025-06-24 00:00:00-04:00,57.220001220703125,57.599998474121094,56.61000061035156,57.52000045776367,56.5368537902832,1507000,0.0,0.0
2025-06-25 00:00:00-04:00,57.4900016784668,57.540000915527344,56.06999969482422,56.13999938964844,55.180442810058594,1391700,0.0,0.0
2025-06-26 00:00:00-04:00,56.380001068115234,56.59000015258789,55.41999816894531,55.68000030517578,54.72830581665039,1428600,0.0,0.0
2025-06-27 00:00:00-04:00,55.61000061035156,56.41999816894531,55.54999923706055,56.16999816894531,55.209930419921875,2824100,0.0,0.0
2025-06-30 00:00:00-04:00,56.099998474121094,56.59000015258789,55.72999954223633,56.41999816894531,55.455657958984375,2351200,0.0,0.0
2025-07-01 00:00:00-04:00,56.470001220703125,57.25,56.33000183105469,56.63999938964844,55.671897888183594,1897000,0.0,0.0
2025-07-02 00:00:00-04:00,56.279998779296875,56.56999969482422,54.970001220703125,55.63999938964844,54.68899154663086,1400400,0.0,0.0
2025-07-03 00:00:00-04:00,55.66999816894531,56.439998626708984,55.540000915527344,56.439998626708984,55.47531509399414,690200,0.0,0.0
2025-07-07 00:00:00-04:00,56.58000183105469,56.939998626708984,56.0,56.22999954223633,55.2689094543457,1313300,0.0,0.0
2025-07-08 00:00:00-04:00,55.90999984741211,56.20000076293945,55.27000045776367,55.4900016784668,54.54155349731445,1460900,0.0,0.0
2025-07-09 00:00:00-04:00,55.40999984741211,55.84000015258789,55.040000915527344,55.810001373291016,54.85608673095703,1098900,0.0,0.0
2025-07-10 00:00:00-04:00,55.709999084472656,55.959999084472656,55.2400016784668,55.619998931884766,54.669334411621094,1594400,0.0,0.0
2025-07-11 00:00:00-04:00,55.63999938964844,55.63999938964844,54.849998474121094,55.2599983215332,54.31548309326172,1427700,0.0,0.0
2025-07-14 00:00:00-04:00,55.06999969482422,55.90999984741211,54.9900016784668,55.7400016784668,54.78727722167969,1024500,0.0,0.0
2025-07-15 00:00:00-04:00,55.5,55.7400016784668,55.040000915527344,55.04999923706055,54.109073638916016,1760800,0.0,0.0
2025-07-16 00:00:00-04:00,55.029998779296875,55.72999954223633,54.959999084472656,55.65999984741211,54.708648681640625,1469300,0.0,0.0
2025-07-17 00:00:00-04:00,55.59000015258789,56.06999969482422,55.45000076293945,55.77000045776367,54.816768646240234,1511600,0.0,0.0
2025-07-18 00:00:00-04:00,55.849998474121094,56.310001373291016,55.75,55.79999923706055,54.846256256103516,1416400,0.0,0.0
2025-07-21 00:00:00-04:00,55.869998931884766,56.209999084472656,55.38999938964844,55.400001525878906,54.453094482421875,1352800,0.0,0.0
2025-07-22 00:00:00-04:00,55.59000015258789,55.84000015258789,55.209999084472656,55.5099983215332,54.56121063232422,1628600,0.0,0.0
2025-07-23 00:00:00-04:00,55.29999923706055,55.630001068115234,54.810001373291016,55.15999984741211,54.21718978881836,3110800,0.0,0.0
2025-07-24 00:00:00-04:00,56.22999954223633,58.5099983215332,55.900001525878906,58.029998779296875,57.03813552856445,3496200,0.0,0.0
2025-07-25 00:00:00-04:00,57.86000061035156,58.5,57.5,58.09000015258789,57.09711456298828,2051200,0.0,0.0
2025-07-28 00:00:00-04:00,57.90999984741211,58.20000076293945,57.18000030517578,57.2599983215332,56.28129959106445,1456100,0.0,0.0
2025-07-29 00:00:00-04:00,57.470001220703125,57.66999816894531,56.91999816894531,57.31999969482422,56.340274810791016,1731100,0.0,0.0
2025-07-30 00:00:00-04:00,57.13999938964844,57.90999984741211,57.04999923706055,57.63999938964844,56.65480422973633,1548800,0.0,0.0
2025-07-31 00:00:00-04:00,57.45000076293945,57.91999816894531,57.15999984741211,57.27000045776367,56.29113006591797,1645500,0.0,0.0
2025-08-01 00:00:00-04:00,57.779998779296875,57.79999923706055,56.869998931884766,57.7400016784668,56.75309753417969,1919600,0.0,0.0
2025-08-04 00:00:00-04:00,57.75,58.59000015258789,57.70000076293945,58.459999084472656,57.46078872680664,1832100,0.0,0.0
2025-08-05 00:00:00-04:00,58.45000076293945,58.959999084472656,58.099998474121094,58.119998931884766,57.1265983581543,1458400,0.0,0.0
2025-08-06 00:00:00-04:00,58.11000061035156,58.41999816894531,57.77000045776367,58.33000183105469,57.33301544189453,1470500,0.0,0.0
2025-08-07 00:00:00-04:00,58.540000915527344,58.86000061035156,58.31999969482422,58.5099983215332,57.50992965698242,1186700,0.0,0.0
2025-08-08 00:00:00-04:00,58.5,59.099998474121094,58.470001220703125,58.63999938964844,57.63771057128906,966100,0.0,0.0
2025-08-11 00:00:00-04:00,58.599998474121094,58.81999969482422,58.290000915527344,58.40999984741211,57.57364273071289,935000,0.165,0.0
2025-08-12 00:00:00-04:00,58.40999984741211,58.40999984741211,57.54999923706055,57.880001068115234,57.051231384277344,1563800,0.0,0.0
2025-08-13 00:00:00-04:00,57.970001220703125,58.18000030517578,57.630001068115234,58.119998931884766,57.28779220581055,1132900,0.0,0.0
2025-08-14 00:00:00-04:00,58.16999816894531,58.16999816894531,57.41999816894531,57.41999816894531,56.597816467285156,1161200,0.0,0.0
2025-08-15 00:00:00-04:00,57.349998474121094,57.540000915527344,57.02000045776367,57.33000183105469,56.50910949707031,1150300,0.0,0.0
2025-08-18 00:00:00-04:00,57.20000076293945,57.47999954223633,56.83000183105469,57.09000015258789,56.272544860839844,1453800,0.0,0.0
2025-08-19 00:00:00-04:00,57.130001068115234,57.97999954223633,57.11000061035156,57.939998626708984,57.110374450683594,1196900,0.0,0.0
2025-08-20 00:00:00-04:00,58.31999969482422,58.959999084472656,58.18000030517578,58.439998626708984,57.603214263916016,1156600,0.0,0.0
2025-08-21 00:00:00-04:00,58.16999816894531,58.349998474121094,57.61000061035156,58.0,57.169517517089844,909800,0.0,0.0
2025-08-22 00:00:00-04:00,58.22999954223633,58.38999938964844,57.849998474121094,57.9900016784668,57.15966033935547,1117500,0.0,0.0
2025-08-25 00:00:00-04:00,57.79999923706055,57.90999984741211,56.56999969482422,56.63999938964844,55.82898712158203,1096200,0.0,0.0
2025-08-26 00:00:00-04:00,56.779998779296875,56.97999954223633,56.310001373291016,56.470001220703125,55.66142654418945,2565100,0.0,0.0
2025-08-27 00:00:00-04:00,56.43000030517578,56.75,56.220001220703125,56.66999816894531,55.858551025390625,1542900,0.0,0.0
2025-08-28 00:00:00-04:00,56.47999954223633,56.68000030517578,55.900001525878906,56.2400016784668,55.43471908569336,1463700,0.0,0.0
2025-08-29 00:00:00-04:00,56.2599983215332,56.560001373291016,56.150001525878906,56.540000915527344,55.73042297363281,1881500,0.0,0.0
2025-09-02 00:00:00-04:00,56.40999984741211,56.91999816894531,56.36000061035156,56.66999816894531,55.858551025390625,1453100,0.0,0.0
2025-09-03 00:00:00-04:00,56.56999969482422,56.720001220703125,56.04999923706055,56.29999923706055,55.49385452270508,1396800,0.0,0.0
2025-09-04 00:00:00-04:00,56.31999969482422,56.880001068115234,56.31999969482422,56.86000061035156,56.04583740234375,915900,0.0,0.0
2025-09-05 00:00:00-04:00,56.79999923706055,56.93000030517578,55.880001068115234,56.52000045776367,55.7107048034668,1184200,0.0,0.0
2025-09-08 00:00:00-04:00,56.52000045776367,57.189998626708984,56.2599983215332,57.130001068115234,56.311973571777344,1250300,0.0,0.0
2025-09-09 00:00:00-04:00,57.25,57.36000061035156,56.529998779296875,57.31999969482422,56.49925231933594,1428600,0.0,0.0
2025-09-10 00:00:00-04:00,57.02000045776367,57.2400016784668,56.15999984741211,56.369998931884766,55.56285095214844,1475700,0.0,0.0
2025-09-11 00:00:00-04:00,56.630001068115234,58.349998474121094,56.400001525878906,58.220001220703125,57.3863639831543,1353400,0.0,0.0
2025-09-12 00:00:00-04:00,57.9900016784668,58.400001525878906,57.16999816894531,57.369998931884766,56.54853439331055,1806500,0.0,0.0
2025-09-15 00:00:00-04:00,57.2599983215332,57.72999954223633,56.33000183105469,56.43000030517578,55.62199020385742,1769700,0.0,0.0
2025-09-16 00:00:00-04:00,56.06999969482422,56.2400016784668,55.0,55.22999954223633,54.43917465209961,2344800,0.0,0.0
2025-09-17 00:00:00-04:00,55.40999984741211,56.40999984741211,55.40999984741211,56.13999938964844,55.33614730834961,2913500,0.0,0.0
2025-09-18 00:00:00-04:00,55.81999969482422,56.20000076293945,55.65999984741211,55.72999954223633,54.9320182800293,1662100,0.0,0.0
2025-09-19 00:00:00-04:00,55.95000076293945,55.95000076293945,55.290000915527344,55.5099983215332,54.71516418457031,2622600,0.0,0.0
2025-09-22 00:00:00-04:00,55.380001068115234,55.709999084472656,55.130001068115234,55.560001373291016,54.76445007324219,1931600,0.0,0.0
2025-09-23 00:00:00-04:00,55.47999954223633,55.599998474121094,54.650001525878906,55.400001525878906,54.606746673583984,1750600,0.0,0.0
2025-09-24 00:00:00-04:00,55.349998474121094,56.20000076293945,55.029998779296875,56.11000061035156,55.306575775146484,1612800,0.0,0.0
2025-09-25 00:00:00-04:00,56.220001220703125,56.9900016784668,56.119998931884766,56.439998626708984,55.6318473815918,2039100,0.0,0.0
2025-09-26 00:00:00-04:00,57.25,58.47999954223633,56.90999984741211,58.43000030517578,57.59335708618164,2067000,0.0,0.0
2025-09-29 00:00:00-04:00,58.58000183105469,58.709999084472656,58.279998779296875,58.52000045776367,57.682071685791016,2145600,0.0,0.0
2025-09-30 00:00:00-04:00,58.349998474121094,59.119998931884766,58.16999816894531,58.7400016784668,57.89891815185547,2890300,0.0,0.0
2025-10-01 00:00:00-04:00,58.52000045776367,58.880001068115234,57.25,58.130001068115234,57.29765319824219,2124200,0.0,0.0
2025-10-02 00:00:00-04:00,57.81999969482422,58.61000061035156,57.65999984741211,58.310001373291016,57.47507858276367,1474400,0.0,0.0
2025-10-03 00:00:00-04:00,58.029998779296875,59.029998779296875,57.900001525878906,58.709999084472656,57.86934280395508,1143900,0.0,0.0
2025-10-06 00:00:00-04:00,58.65999984741211,58.779998779296875,58.16999816894531,58.31999969482422,57.48493194580078,1133600,0.0,0.0
2025-10-07 00:00:00-04:00,58.36000061035156,58.4900016784668,57.779998779296875,57.97999954223633,57.14979934692383,1153800,0.0,0.0
2025-10-08 00:00:00-04:00,58.09000015258789,58.310001373291016,57.38999938964844,58.119998931884766,57.28779220581055,1634700,0.0,0.0
2025-10-09 00:00:00-04:00,58.060001373291016,58.060001373291016,56.560001373291016,56.59000015258789,55.779701232910156,1621500,0.0,0.0
2025-10-10 00:00:00-04:00,56.7599983215332,57.34000015258789,56.40999984741211,57.0,56.183837890625,2454800,0.0,0.0
2025-10-13 00:00:00-04:00,56.599998474121094,57.040000915527344,55.58000183105469,56.09000015258789,55.286865234375,1851800,0.0,0.0
2025-10-14 00:00:00-04:00,56.279998779296875,56.970001220703125,55.88999938964844,56.88999938964844,56.075408935546875,1914900,0.0,0.0
2025-10-15 00:00:00-04:00,56.59000015258789,56.91999816894531,55.709999084472656,56.02000045776367,55.21786880493164,1749200,0.0,0.0
2025-10-16 00:00:00-04:00,55.84000015258789,55.970001220703125,54.7400016784668,55.2400016784668,54.44903564453125,1662100,0.0,0.0
2025-10-17 00:00:00-04:00,55.400001525878906,55.88999938964844,55.2599983215332,55.81999969482422,55.02072525024414,1253700,0.0,0.0
2025-10-20 00:00:00-04:00,55.77000045776367,56.209999084472656,55.59000015258789,56.06999969482422,55.267147064208984,1092900,0.0,0.0
2025-10-21 00:00:00-04:00,55.970001220703125,56.4900016784668,55.7599983215332,56.33000183105469,55.52342987060547,1088400,0.0,0.0
2025-10-22 00:00:00-04:00,56.33000183105469,57.040000915527344,56.119998931884766,56.70000076293945,55.88813018798828,1657600,0.0,0.0
2025-10-23 00:00:00-04:00,57.2599983215332,57.47999954223633,56.33000183105469,56.790000915527344,55.97684097290039,1808200,0.0,0.0
2025-10-24 00:00:00-04:00,57.290000915527344,57.38999938964844,56.2599983215332,56.599998474121094,55.789554595947266,1138900,0.0,0.0
2025-10-27 00:00:00-04:00,56.56999969482422,56.880001068115234,55.91999816894531,56.22999954223633,55.424861907958984,1722600,0.0,0.0
2025-10-28 00:00:00-04:00,56.02000045776367,56.52000045776367,55.06999969482422,56.04999923706055,55.247432708740234,1822600,0.0,0.0
2025-10-29 00:00:00-04:00,56.2599983215332,56.2599983215332,53.7400016784668,53.869998931884766,53.09864807128906,3630300,0.0,0.0
2025-10-30 00:00:00-04:00,55.18000030517578,57.970001220703125,54.650001525878906,57.790000915527344,56.962520599365234,3843300,0.0,0.0
2025-10-31 00:00:00-04:00,58.060001373291016,58.880001068115234,57.040000915527344,57.61000061035156,56.78509521484375,3454200,0.0,0.0
2025-11-03 00:00:00-05:00,57.4900016784668,58.560001373291016,56.81999969482422,58.5,57.662353515625,3465600,0.0,0.0
2025-11-04 00:00:00-05:00,59.119998931884766,59.65999984741211,58.439998626708984,59.619998931884766,58.766319274902344,3035800,0.0,0.0
2025-11-05 00:00:00-05:00,59.90999984741211,60.349998474121094,59.380001068115234,59.66999816894531,58.81560134887695,2675400,0.0,0.0
2025-11-06 00:00:00-05:00,59.5,59.630001068115234,58.41999816894531,58.650001525878906,57.81020736694336,2457600,0.0,0.0
2025-11-07 00:00:00-05:00,58.88999938964844,58.88999938964844,58.290000915527344,58.61000061035156,57.770782470703125,1985300,0.0,0.0
2025-11-10 00:00:00-05:00,57.95000076293945,58.790000915527344,57.61000061035156,58.560001373291016,57.902286529541016,1989900,0.183,0.0
2025-11-11 00:00:00-05:00,58.65999984741211,59.099998474121094,58.25,58.529998779296875,57.872623443603516,10525300,0.0,0.0
2025-11-12 00:00:00-05:00,58.970001220703125,59.060001373291016,58.08000183105469,58.47999954223633,57.823184967041016,7939300,0.0,0.0
2025-11-13 00:00:00-05:00,57.9900016784668,58.43000030517578,57.20000076293945,57.61000061035156,56.962955474853516,3370500,0.0,0.0
2025-11-14 00:00:00-05:00,57.77000045776367,58.5099983215332,57.650001525878906,58.220001220703125,57.566104888916016,2749200,0.0,0.0
2025-11-17 00:00:00-05:00,58.27000045776367,58.709999084472656,57.88999938964844,57.959999084472656,57.309024810791016,3001500,0.0,0.0
2025-11-18 00:00:00-05:00,57.97999954223633,59.029998779296875,57.689998626708984,58.61000061035156,57.951725006103516,3351700,0.0,0.0
2025-11-19 00:00:00-05:00,58.5,59.4900016784668,58.5,59.349998474121094,58.68341064453125,2548700,0.0,0.0
2025-11-20 00:00:00-05:00,59.459999084472656,60.099998474121094,58.810001373291016,59.630001068115234,58.960269927978516,2746500,0.0,0.0
2025-11-21 00:00:00-05:00,59.88999938964844,60.619998931884766,59.5099983215332,60.310001373291016,59.63262939453125,2274200,0.0,0.0
2025-11-24 00:00:00-05:00,60.11000061035156,60.279998779296875,59.59000015258789,60.119998931884766,59.44476318359375,3504400,0.0,0.0
2025-11-25 00:00:00-05:00,60.380001068115234,61.459999084472656,60.0,61.220001220703125,60.532413482666016,2328600,0.0,0.0
2025-11-26 00:00:00-05:00,61.47999954223633,61.70000076293945,61.189998626708984,61.5,60.80926513671875,1927000,0.0,0.0
2025-11-28 00:00:00-05:00,61.38999938964844,61.84000015258789,61.38999938964844,61.47999954223633,60.789485931396484,1014700,0.0,0.0
2025-12-01 00:00:00-05:00,61.2599983215332,61.65999984741211,61.08000183105469,61.18000030517578,60.492862701416016,2332700,0.0,0.0
2025-12-02 00:00:00-05:00,61.33000183105469,61.56999969482422,60.58000183105469,60.900001525878906,60.21600341796875,1737700,0.0,0.0
2025-12-03 00:00:00-05:00,61.2400016784668,61.2400016784668,60.459999084472656,60.619998931884766,59.939144134521484,1710500,0.0,0.0
2025-12-04 00:00:00-05:00,60.77000045776367,61.029998779296875,60.150001525878906,60.34000015258789,59.662288665771484,1978000,0.0,0.0
2025-12-05 00:00:00-05:00,60.77000045776367,61.599998474121094,60.7599983215332,61.400001525878906,60.71038818359375,2276300,0.0,0.0
2025-12-08 00:00:00-05:00,61.220001220703125,61.40999984741211,60.4900016784668,60.540000915527344,59.86004638671875,3075200,0.0,0.0
2025-12-09 00:00:00-05:00,60.130001068115234,60.9900016784668,57.540000915527344,58.0099983215332,57.35845947265625,3467700,0.0,0.0
2025-12-10 00:00:00-05:00,58.02000045776367,59.18000030517578,57.75,58.77000045776367,58.109928131103516,3190100,0.0,0.0
2025-12-11 00:00:00-05:00,59.11000061035156,59.72999954223633,58.689998626708984,59.4900016784668,58.821842193603516,2018600,0.0,0.0
2025-12-12 00:00:00-05:00,59.72999954223633,60.060001373291016,59.45000076293945,60.04999923706055,59.37554931640625,2132600,0.0,0.0
2025-12-15 00:00:00-05:00,60.20000076293945,60.66999816894531,59.79999923706055,60.02000045776367,59.34588623046875,2082400,0.0,0.0
2025-12-16 00:00:00-05:00,59.41999816894531,60.459999084472656,59.2599983215332,59.459999084472656,58.79217529296875,2564300,0.0,0.0
2025-12-17 00:00:00-05:00,60.099998474121094,61.029998779296875,59.459999084472656,60.2400016784668,59.56341552734375,3913700,0.0,0.0
2025-12-18 00:00:00-05:00,60.02000045776367,60.95000076293945,59.9900016784668,60.189998626708984,59.51397705078125,2766600,0.0,0.0
2025-12-19 00:00:00-05:00,59.84000015258789,60.5,59.630001068115234,60.060001373291016,59.385440826416016,5805700,0.0,0.0
2025-12-22 00:00:00-05:00,59.83000183105469,61.18000030517578,59.619998931884766,61.13999938964844,60.453304290771484,2412200,0.0,0.0
2025-12-23 00:00:00-05:00,60.599998474121094,61.2400016784668,60.560001373291016,60.7400016784668,60.057804107666016,1582700,0.0,0.0
2025-12-24 00:00:00-05:00,60.540000915527344,60.880001068115234,60.27000045776367,60.65999984741211,59.978702545166016,975000,0.0,0.0
2025-12-26 00:00:00-05:00,60.900001525878906,60.900001525878906,60.290000915527344,60.599998474121094,59.91937255859375,1354300,0.0,0.0
2025-12-29 00:00:00-05:00,60.84000015258789,61.099998474121094,60.45000076293945,60.77000045776367,60.08746337890625,2086000,0.0,0.0
2025-12-30 00:00:00-05:00,60.470001220703125,60.619998931884766,60.2599983215332,60.43000030517578,59.751285552978516,1766800,0.0,0.0
