Date,Open,High,Low,Close,Adj Close,Volume,Dividends,Stock Splits
2022-01-04 00:00:00+00:00,361.3999938964844,375.20001220703125,359.6000061035156,373.3999938964844,372.9710693359375,2056922,0.0,0.0
2022-01-05 00:00:00+00:00,374.0,375.20001220703125,369.79998779296875,373.0,372.571533203125,1517607,0.0,0.0
2022-01-06 00:00:00+00:00,362.6000061035156,373.0,362.6000061035156,365.79998779296875,365.37982177734375,847227,0.0,0.0
2022-01-07 00:00:00+00:00,356.6000061035156,364.6000061035156,356.6000061035156,359.6000061035156,359.18695068359375,697572,0.0,0.0
2022-01-10 00:00:00+00:00,362.0,362.0,344.20001220703125,345.0,344.60369873046875,1043000,0.0,0.0
2022-01-11 00:00:00+00:00,337.3999938964844,352.0,337.3999938964844,348.0,347.6002197265625,1495935,0.0,0.0
2022-01-12 00:00:00+00:00,352.3999938964844,353.20001220703125,347.20001220703125,352.3999938964844,351.9952087402344,809237,0.0,0.0
2022-01-13 00:00:00+00:00,345.20001220703125,353.6000061035156,345.20001220703125,347.20001220703125,346.80120849609375,731632,0.0,0.0
2022-01-14 00:00:00+00:00,344.79998779296875,347.3999938964844,343.79998779296875,343.79998779296875,343.405029296875,725599,0.0,0.0
2022-01-17 00:00:00+00:00,339.3999938964844,352.0,339.3999938964844,350.0,349.5979919433594,912358,0.0,0.0
2022-01-18 00:00:00+00:00,347.20001220703125,349.6000061035156,342.6000061035156,346.0,345.6025390625,1831405,0.0,0.0
2022-01-19 00:00:00+00:00,338.20001220703125,353.3999938964844,338.20001220703125,349.6000061035156,349.19842529296875,968749,0.0,0.0
2022-01-20 00:00:00+00:00,341.20001220703125,351.6000061035156,341.20001220703125,345.6000061035156,345.20306396484375,991817,0.0,0.0
2022-01-21 00:00:00+00:00,340.0,342.3999938964844,331.20001220703125,335.6000061035156,335.2145080566406,1620432,0.0,0.0
2022-01-24 00:00:00+00:00,330.3999938964844,335.3999938964844,321.3999938964844,322.79998779296875,322.4292297363281,981507,0.0,0.0
2022-01-25 00:00:00+00:00,324.3999938964844,330.6000061035156,319.79998779296875,330.6000061035156,330.22027587890625,1605514,0.0,0.0
2022-01-26 00:00:00+00:00,335.0,338.6000061035156,328.79998779296875,332.3999938964844,332.0181579589844,1417276,0.0,0.0
2022-01-27 00:00:00+00:00,328.6000061035156,337.20001220703125,327.20001220703125,337.20001220703125,336.81268310546875,1241991,0.0,0.0
2022-01-28 00:00:00+00:00,338.3999938964844,338.79998779296875,334.3999938964844,335.79998779296875,335.414306640625,2419478,0.0,0.0
2022-01-31 00:00:00+00:00,329.3999938964844,339.79998779296875,329.3999938964844,338.0,337.6117858886719,985763,0.0,0.0
2022-02-01 00:00:00+00:00,342.0,347.3999938964844,335.6000061035156,338.79998779296875,338.4107971191406,1163066,0.0,0.0
2022-02-02 00:00:00+00:00,345.20001220703125,345.20001220703125,337.79998779296875,342.6000061035156,342.20648193359375,877886,0.0,0.0
2022-02-03 00:00:00+00:00,340.6000061035156,342.0,334.6000061035156,336.0,335.614013671875,1657595,0.0,0.0
2022-02-04 00:00:00+00:00,330.0,339.3999938964844,329.6000061035156,329.6000061035156,329.221435546875,650060,0.0,0.0
2022-02-07 00:00:00+00:00,328.0,338.20001220703125,328.0,334.6000061035156,334.21563720703125,1272833,0.0,0.0
2022-02-08 00:00:00+00:00,334.79998779296875,337.6000061035156,329.79998779296875,330.79998779296875,330.4200134277344,926544,0.0,0.0
2022-02-09 00:00:00+00:00,330.0,338.3999938964844,330.0,336.0,335.614013671875,1056721,0.0,0.0
2022-02-10 00:00:00+00:00,336.0,337.3999938964844,330.0,332.6000061035156,332.21795654296875,1448685,0.0,0.0
2022-02-11 00:00:00+00:00,322.20001220703125,324.3999938964844,311.6000061035156,322.3999938964844,322.0296630859375,1631860,0.0,0.0
2022-02-14 00:00:00+00:00,316.79998779296875,321.3999938964844,316.0,318.20001220703125,317.83453369140625,1431310,0.0,0.0
2022-02-15 00:00:00+00:00,314.20001220703125,320.79998779296875,314.20001220703125,318.6000061035156,318.23406982421875,1573587,0.0,0.0
2022-02-16 00:00:00+00:00,323.79998779296875,324.20001220703125,314.3999938964844,316.3999938964844,316.03656005859375,1230018,0.0,0.0
2022-02-17 00:00:00+00:00,316.3999938964844,318.0,309.79998779296875,311.79998779296875,311.4418029785156,1509656,0.0,0.0
2022-02-18 00:00:00+00:00,312.20001220703125,316.3999938964844,310.6000061035156,312.20001220703125,311.8414306640625,1262257,0.0,0.0
2022-02-21 00:00:00+00:00,314.3999938964844,314.3999938964844,306.79998779296875,308.3999938964844,308.0457763671875,814063,0.0,0.0
2022-02-22 00:00:00+00:00,302.0,310.6000061035156,301.6000061035156,308.6000061035156,308.24554443359375,1403462,0.0,0.0
2022-02-23 00:00:00+00:00,310.0,311.79998779296875,303.20001220703125,304.20001220703125,303.8506164550781,742243,0.0,0.0
2022-02-24 00:00:00+00:00,293.3999938964844,300.0,290.79998779296875,295.6000061035156,295.2604675292969,1693420,0.0,0.0
2022-02-25 00:00:00+00:00,303.3999938964844,305.6000061035156,296.6000061035156,305.3999938964844,305.0491943359375,1769857,0.0,0.0
2022-02-28 00:00:00+00:00,300.20001220703125,308.6000061035156,299.20001220703125,308.6000061035156,308.24554443359375,2285783,0.0,0.0
2022-03-01 00:00:00+00:00,309.0,321.0,305.8039855957031,309.0,308.64501953125,4605989,0.0,0.0
2022-03-02 00:00:00+00:00,309.0,324.20001220703125,304.0,323.79998779296875,323.42803955078125,3971524,0.0,0.0
2022-03-03 00:00:00+00:00,320.6000061035156,323.20001220703125,298.6000061035156,298.6000061035156,298.25701904296875,2505108,0.0,0.0
2022-03-04 00:00:00+00:00,298.0,300.34698486328125,276.20001220703125,285.20001220703125,284.8724670410156,4684226,0.0,0.0
2022-03-07 00:00:00+00:00,277.79998779296875,294.0,274.6000061035156,288.79998779296875,288.4682922363281,2557288,0.0,0.0
2022-03-08 00:00:00+00:00,297.20001220703125,305.20001220703125,291.0,298.3999938964844,298.0572509765625,2084373,0.0,0.0
2022-03-09 00:00:00+00:00,309.20001220703125,315.0,301.6000061035156,307.20001220703125,306.8471374511719,1382816,0.0,0.0
2022-03-10 00:00:00+00:00,310.20001220703125,311.3999938964844,301.6000061035156,306.6000061035156,306.24786376953125,2260594,0.0,0.0
2022-03-11 00:00:00+00:00,309.79998779296875,316.20001220703125,305.79998779296875,310.79998779296875,310.44293212890625,1697652,0.0,0.0
2022-03-14 00:00:00+00:00,309.0,316.6000061035156,309.0,315.0,314.6381530761719,865397,0.0,0.0
2022-03-15 00:00:00+00:00,308.0,312.0,305.0,309.0,308.64501953125,1826925,0.0,0.0
2022-03-16 00:00:00+00:00,312.0,321.3999938964844,311.3999938964844,320.3999938964844,320.0319519042969,3663607,0.0,0.0
2022-03-17 00:00:00+00:00,315.0,322.0,315.0,318.3999938964844,318.03424072265625,3485632,0.0,0.0
2022-03-18 00:00:00+00:00,325.0,325.20001220703125,316.3999938964844,325.20001220703125,324.8264465332031,5111261,0.0,0.0
2022-03-21 00:00:00+00:00,330.3999938964844,330.3999938964844,319.79998779296875,328.6000061035156,328.2225341796875,1857822,0.0,0.0
2022-03-22 00:00:00+00:00,330.6000061035156,336.0,327.6000061035156,333.20001220703125,332.8172607421875,1850336,0.0,0.0
2022-03-23 00:00:00+00:00,327.6000061035156,335.20001220703125,327.6000061035156,331.79998779296875,331.4188232421875,1819062,0.0,0.0
2022-03-24 00:00:00+00:00,329.20001220703125,333.0,327.3999938964844,332.79998779296875,332.417724609375,1270573,0.0,0.0
2022-03-25 00:00:00+00:00,324.6000061035156,333.6000061035156,324.6000061035156,331.6000061035156,331.2191162109375,1899046,0.0,0.0
2022-03-28 00:00:00+01:00,324.3999938964844,338.3999938964844,324.3999938964844,334.3999938964844,334.0158996582031,2594042,0.0,0.0
2022-03-29 00:00:00+01:00,336.0,342.79998779296875,332.6000061035156,337.6000061035156,337.2122802734375,2817853,0.0,0.0
2022-03-30 00:00:00+01:00,338.3999938964844,338.3999938964844,329.0,330.0,329.6209716796875,2686336,0.0,0.0
2022-03-31 00:00:00+01:00,336.79998779296875,336.79998779296875,324.6000061035156,326.3999938964844,326.0250549316406,1502805,0.0,0.0
2022-04-01 00:00:00+01:00,332.3999938964844,332.3999938964844,321.3999938964844,321.3999938964844,321.0308532714844,1379602,0.0,0.0
2022-04-04 00:00:00+01:00,325.6000061035156,326.5780029296875,320.79998779296875,325.6000061035156,325.2259826660156,1343596,0.0,0.0
2022-04-05 00:00:00+01:00,322.20001220703125,332.0,321.6000061035156,326.0,325.62554931640625,1688738,0.0,0.0
2022-04-06 00:00:00+01:00,330.0,330.3999938964844,317.79998779296875,321.6000061035156,321.2305908203125,1278987,0.0,0.0
2022-04-07 00:00:00+01:00,321.20001220703125,321.20001220703125,314.6000061035156,319.79998779296875,319.4728698730469,1733563,4.05,0.0
2022-04-08 00:00:00+01:00,326.3999938964844,326.3999938964844,311.79998779296875,316.3999938964844,316.0763854980469,1591042,0.0,0.0
2022-04-11 00:00:00+01:00,310.6000061035156,316.3999938964844,308.6000061035156,308.6000061035156,308.28436279296875,2466330,0.0,0.0
2022-04-12 00:00:00+01:00,303.0,307.0,302.0,304.0,303.6890563964844,1476452,0.0,0.0
2022-04-13 00:00:00+01:00,297.20001220703125,305.79998779296875,297.20001220703125,305.20001220703125,304.8878479003906,1265890,0.0,0.0
2022-04-14 00:00:00+01:00,302.0,306.0,302.0,305.6000061035156,305.2874450683594,938329,0.0,0.0
2022-04-19 00:00:00+01:00,297.20001220703125,305.6000061035156,297.20001220703125,305.6000061035156,305.2874450683594,639902,0.0,0.0
2022-04-20 00:00:00+01:00,297.3999938964844,311.6000061035156,297.3999938964844,311.6000061035156,311.28131103515625,1215554,0.0,0.0
2022-04-21 00:00:00+01:00,313.6000061035156,323.0,311.0,318.79998779296875,318.473876953125,1593497,0.0,0.0
2022-04-22 00:00:00+01:00,323.20001220703125,323.20001220703125,307.20001220703125,308.3999938964844,308.0845947265625,1321401,0.0,0.0
2022-04-25 00:00:00+01:00,301.79998779296875,304.0,295.20001220703125,299.79998779296875,299.49334716796875,1153030,0.0,0.0
2022-04-26 00:00:00+01:00,302.0,304.20001220703125,299.0,299.3999938964844,299.09375,1494853,0.0,0.0
2022-04-27 00:00:00+01:00,305.79998779296875,306.3999938964844,299.3999938964844,302.20001220703125,301.89093017578125,1078022,0.0,0.0
2022-04-28 00:00:00+01:00,306.0,307.0,301.6000061035156,302.20001220703125,301.89093017578125,1290243,0.0,0.0
2022-04-29 00:00:00+01:00,294.3999938964844,299.20001220703125,288.79998779296875,292.79998779296875,292.50048828125,3253244,0.0,0.0
2022-05-03 00:00:00+01:00,287.20001220703125,292.79998779296875,281.20001220703125,281.79998779296875,281.51177978515625,2655697,0.0,0.0
2022-05-04 00:00:00+01:00,281.79998779296875,287.20001220703125,276.6000061035156,279.3999938964844,279.1142272949219,1767859,0.0,0.0
2022-05-05 00:00:00+01:00,284.79998779296875,289.6000061035156,280.20001220703125,280.20001220703125,279.91339111328125,2516594,0.0,0.0
2022-05-06 00:00:00+01:00,278.0,279.79998779296875,271.3999938964844,273.79998779296875,273.5199279785156,1570302,0.0,0.0
2022-05-09 00:00:00+01:00,272.0,272.0,262.6000061035156,264.3999938964844,264.1295166015625,1383389,0.0,0.0
2022-05-10 00:00:00+01:00,266.79998779296875,266.79998779296875,260.79998779296875,262.3999938964844,262.1316223144531,2117989,0.0,0.0
2022-05-11 00:00:00+01:00,264.3999938964844,266.20001220703125,259.3999938964844,264.3999938964844,264.1295166015625,3143171,0.0,0.0
2022-05-12 00:00:00+01:00,259.3999938964844,266.3999938964844,258.0,265.20001220703125,264.92877197265625,1464329,0.0,0.0
2022-05-13 00:00:00+01:00,270.20001220703125,271.20001220703125,266.6000061035156,270.3999938964844,270.1234436035156,1217982,0.0,0.0
2022-05-16 00:00:00+01:00,269.3999938964844,270.93798828125,266.0,267.20001220703125,266.92669677734375,1178320,0.0,0.0
2022-05-17 00:00:00+01:00,268.0,270.79998779296875,266.20001220703125,270.6000061035156,270.3232421875,3671265,0.0,0.0
2022-05-18 00:00:00+01:00,271.79998779296875,272.0,264.0,264.0,263.72991943359375,878657,0.0,0.0
2022-05-19 00:00:00+01:00,264.0,264.0,253.0,260.20001220703125,259.9338684082031,988625,0.0,0.0
2022-05-20 00:00:00+01:00,262.3999938964844,269.3999938964844,261.6000061035156,263.79998779296875,263.5301818847656,1878798,0.0,0.0
2022-05-23 00:00:00+01:00,267.3999938964844,269.0,265.20001220703125,268.0,267.725830078125,928088,0.0,0.0
2022-05-24 00:00:00+01:00,265.20001220703125,268.0,264.3999938964844,265.3999938964844,265.1285400390625,602496,0.0,0.0
2022-05-25 00:00:00+01:00,268.79998779296875,268.79998779296875,261.79998779296875,262.0,261.7320251464844,1104661,0.0,0.0
2022-05-26 00:00:00+01:00,262.3999938964844,268.0,262.3999938964844,267.0,266.7268981933594,706227,0.0,0.0
2022-05-27 00:00:00+01:00,268.0,269.79998779296875,266.3999938964844,268.79998779296875,268.52508544921875,3144275,0.0,0.0
2022-05-30 00:00:00+01:00,273.3999938964844,276.20001220703125,268.0,276.20001220703125,275.91748046875,2963168,0.0,0.0
2022-05-31 00:00:00+01:00,280.0,280.0,273.3999938964844,279.3999938964844,279.1142272949219,2889785,0.0,0.0
2022-06-01 00:00:00+01:00,282.79998779296875,284.20001220703125,277.6000061035156,280.0,279.7135925292969,1696427,0.0,0.0
2022-06-06 00:00:00+01:00,282.3999938964844,286.79998779296875,281.05999755859375,283.20001220703125,282.9103698730469,746144,0.0,0.0
2022-06-07 00:00:00+01:00,281.0,283.20001220703125,279.20001220703125,283.20001220703125,282.9103698730469,801176,0.0,0.0
2022-06-08 00:00:00+01:00,284.79998779296875,284.79998779296875,280.6000061035156,282.6000061035156,282.3109130859375,1124081,0.0,0.0
2022-06-09 00:00:00+01:00,280.20001220703125,284.3999938964844,279.0,282.0,281.7115173339844,1621680,0.0,0.0
2022-06-10 00:00:00+01:00,281.6000061035156,281.79998779296875,267.20001220703125,267.20001220703125,266.92669677734375,2133720,0.0,0.0
2022-06-13 00:00:00+01:00,261.79998779296875,263.6000061035156,255.0749969482422,255.1999969482422,254.93896484375,1581388,0.0,0.0
2022-06-14 00:00:00+01:00,262.0,262.0,250.5,251.0,250.74325561523438,2222108,0.0,0.0
2022-06-15 00:00:00+01:00,252.0,259.0,251.39999389648438,257.0,256.73712158203125,2277656,0.0,0.0
2022-06-16 00:00:00+01:00,256.20001220703125,256.20001220703125,243.60000610351562,246.39999389648438,246.14797973632812,2555455,0.0,0.0
2022-06-17 00:00:00+01:00,247.39999389648438,250.1999969482422,245.39999389648438,246.60000610351562,246.3477783203125,3344478,0.0,0.0
2022-06-20 00:00:00+01:00,247.39999389648438,247.39999389648438,244.1999969482422,246.39999389648438,246.14797973632812,786291,0.0,0.0
2022-06-21 00:00:00+01:00,246.1999969482422,248.8000030517578,243.8000030517578,244.39999389648438,244.1500244140625,804703,0.0,0.0
2022-06-22 00:00:00+01:00,242.1999969482422,246.0,237.1999969482422,246.0,245.74838256835938,2601657,0.0,0.0
2022-06-23 00:00:00+01:00,243.60000610351562,246.1999969482422,236.1999969482422,236.1999969482422,235.9584197998047,1301590,0.0,0.0
2022-06-24 00:00:00+01:00,236.0,246.39999389648438,236.0,246.39999389648438,246.14797973632812,2613095,0.0,0.0
2022-06-27 00:00:00+01:00,239.60000610351562,252.1999969482422,239.60000610351562,245.0,244.7493896484375,2524717,0.0,0.0
2022-06-28 00:00:00+01:00,245.0,248.60000610351562,242.39999389648438,245.0,244.7493896484375,3511761,0.0,0.0
2022-06-29 00:00:00+01:00,245.1999969482422,247.1999969482422,242.1999969482422,243.8000030517578,243.55064392089844,2690032,0.0,0.0
2022-06-30 00:00:00+01:00,240.0,242.1999969482422,235.96800231933594,240.60000610351562,240.35391235351562,3591667,0.0,0.0
2022-07-01 00:00:00+01:00,236.0,242.8000030517578,235.0,238.60000610351562,238.35594177246094,3021483,0.0,0.0
2022-07-04 00:00:00+01:00,238.60000610351562,243.0,238.60000610351562,239.60000610351562,239.35496520996094,1541053,0.0,0.0
2022-07-05 00:00:00+01:00,234.60000610351562,242.8000030517578,233.1999969482422,233.8000030517578,233.56088256835938,942818,0.0,0.0
2022-07-06 00:00:00+01:00,230.39999389648438,237.8000030517578,230.39999389648438,234.60000610351562,234.3600311279297,1282328,0.0,0.0
2022-07-07 00:00:00+01:00,234.0,241.60000610351562,233.8000030517578,240.0,239.7545166015625,1504721,0.0,0.0
2022-07-08 00:00:00+01:00,239.39999389648438,243.60000610351562,239.0,243.0,242.75143432617188,1939480,0.0,0.0
2022-07-11 00:00:00+01:00,240.8000030517578,244.0,237.39999389648438,240.0,239.7545166015625,2397172,0.0,0.0
2022-07-12 00:00:00+01:00,242.8000030517578,242.8000030517578,234.60000610351562,239.0,238.7555389404297,4821963,0.0,0.0
2022-07-13 00:00:00+01:00,240.0,242.39999389648438,233.60000610351562,237.39999389648438,237.15716552734375,1130759,0.0,0.0
2022-07-14 00:00:00+01:00,232.1999969482422,240.39999389648438,231.60000610351562,232.8000030517578,232.56187438964844,1297819,0.0,0.0
2022-07-15 00:00:00+01:00,231.0,239.8000030517578,231.0,239.1999969482422,238.955322265625,2220155,0.0,0.0
2022-07-18 00:00:00+01:00,245.0,245.0,239.8000030517578,241.60000610351562,241.35289001464844,2560046,0.0,0.0
2022-07-19 00:00:00+01:00,235.0,250.8000030517578,235.0,249.1999969482422,248.94508361816406,3369156,0.0,0.0
2022-07-20 00:00:00+01:00,251.8000030517578,251.8000030517578,248.39999389648438,250.0,249.74429321289062,1912803,0.0,0.0
2022-07-21 00:00:00+01:00,254.8000030517578,257.79998779296875,250.1999969482422,255.60000610351562,255.33859252929688,2112731,0.0,0.0
2022-07-22 00:00:00+01:00,260.0,260.0,254.60000610351562,256.20001220703125,255.93792724609375,846895,0.0,0.0
2022-07-25 00:00:00+01:00,263.3999938964844,263.3999938964844,252.1999969482422,252.39999389648438,252.141845703125,1009878,0.0,0.0
2022-07-26 00:00:00+01:00,246.8000030517578,252.60000610351562,246.0,247.8000030517578,247.5465545654297,662024,0.0,0.0
2022-07-27 00:00:00+01:00,243.1999969482422,249.1999969482422,243.1999969482422,249.1999969482422,248.94508361816406,1248567,0.0,0.0
2022-07-28 00:00:00+01:00,246.39999389648438,257.3999938964844,245.38999938964844,255.0,254.7391815185547,2682691,0.0,0.0
2022-07-29 00:00:00+01:00,257.6000061035156,262.6000061035156,255.1999969482422,260.0,259.73406982421875,3833174,0.0,0.0
2022-08-01 00:00:00+01:00,254.60000610351562,260.3999938964844,254.60000610351562,258.0,257.73614501953125,1321122,0.0,0.0
2022-08-02 00:00:00+01:00,260.0,268.20001220703125,254.39999389648438,262.6000061035156,262.3313903808594,3651209,0.0,0.0
2022-08-03 00:00:00+01:00,268.3999938964844,268.3999938964844,260.0,264.3999938964844,264.1295166015625,9720083,0.0,0.0
2022-08-04 00:00:00+01:00,260.0,270.6000061035156,260.0,266.20001220703125,265.9277038574219,2577953,0.0,0.0
2022-08-05 00:00:00+01:00,267.0,270.3999938964844,266.6000061035156,267.3999938964844,267.1264953613281,3172999,0.0,0.0
2022-08-08 00:00:00+01:00,266.0,271.3999938964844,266.0,270.3999938964844,270.1234436035156,1639693,0.0,0.0
2022-08-09 00:00:00+01:00,267.0,271.0,261.79998779296875,261.79998779296875,261.5322570800781,1186708,0.0,0.0
2022-08-10 00:00:00+01:00,263.0,267.79998779296875,260.79998779296875,266.3999938964844,266.1275329589844,1069961,0.0,0.0
2022-08-11 00:00:00+01:00,273.0,273.0,264.3999938964844,265.6000061035156,265.3283996582031,663176,0.0,0.0
2022-08-12 00:00:00+01:00,261.3999938964844,266.3999938964844,261.3999938964844,263.0,262.7309875488281,517088,0.0,0.0
2022-08-15 00:00:00+01:00,260.0,265.6000061035156,260.0,262.20001220703125,261.9317932128906,299390,0.0,0.0
2022-08-16 00:00:00+01:00,268.6000061035156,268.6000061035156,257.79998779296875,259.3999938964844,259.1346435546875,521001,0.0,0.0
2022-08-17 00:00:00+01:00,253.60000610351562,260.20001220703125,249.1999969482422,249.39999389648438,249.1448974609375,984063,0.0,0.0
2022-08-18 00:00:00+01:00,244.0,256.0,244.0,256.0,255.7627410888672,1925454,2.4,0.0
2022-08-19 00:00:00+01:00,255.8000030517578,255.8000030517578,249.60000610351562,249.60000610351562,249.3686981201172,2333834,0.0,0.0
2022-08-22 00:00:00+01:00,250.8000030517578,250.8000030517578,239.1999969482422,239.39999389648438,239.1781463623047,1794169,0.0,0.0
2022-08-23 00:00:00+01:00,234.39999389648438,240.8000030517578,234.39999389648438,238.0,237.7794647216797,1909934,0.0,0.0
2022-08-24 00:00:00+01:00,235.0,243.60000610351562,235.0,242.0,241.7757568359375,3883101,0.0,0.0
2022-08-25 00:00:00+01:00,244.0,244.8000030517578,241.39999389648438,243.60000610351562,243.374267578125,1108329,0.0,0.0
2022-08-26 00:00:00+01:00,246.60000610351562,246.71299743652344,241.0,241.1999969482422,240.97647094726562,1690772,0.0,0.0
2022-08-30 00:00:00+01:00,247.0,249.1999969482422,239.60000610351562,245.1999969482422,244.97276306152344,3528886,0.0,0.0
2022-08-31 00:00:00+01:00,248.0,249.08999633789062,243.8000030517578,246.8000030517578,246.57125854492188,3947406,0.0,0.0
2022-09-01 00:00:00+01:00,242.0,245.1999969482422,229.39999389648438,233.39999389648438,233.18368530273438,2721293,0.0,0.0
2022-09-02 00:00:00+01:00,238.60000610351562,242.39999389648438,234.60000610351562,241.8000030517578,241.57591247558594,1736161,0.0,0.0
2022-09-05 00:00:00+01:00,238.8000030517578,239.60000610351562,235.39999389648438,239.60000610351562,239.37794494628906,3279454,0.0,0.0
2022-09-06 00:00:00+01:00,236.0,244.60000610351562,236.0,242.1999969482422,241.97555541992188,1623597,0.0,0.0
2022-09-07 00:00:00+01:00,241.60000610351562,241.60000610351562,238.1999969482422,240.8000030517578,240.57684326171875,992476,0.0,0.0
2022-09-08 00:00:00+01:00,238.1999969482422,244.60000610351562,238.1999969482422,243.60000610351562,243.374267578125,1687925,0.0,0.0
2022-09-09 00:00:00+01:00,250.1999969482422,250.8000030517578,244.32000732421875,249.1999969482422,248.96905517578125,1229839,0.0,0.0
2022-09-12 00:00:00+01:00,250.8000030517578,254.8000030517578,250.8000030517578,253.39999389648438,253.1651611328125,1196937,0.0,0.0
2022-09-13 00:00:00+01:00,259.3999938964844,259.3999938964844,248.60000610351562,249.0,248.7692413330078,1802328,0.0,0.0
2022-09-14 00:00:00+01:00,243.8000030517578,248.39999389648438,240.60000610351562,243.0,242.77481079101562,1736132,0.0,0.0
2022-09-15 00:00:00+01:00,244.0,245.1999969482422,237.60000610351562,238.60000610351562,238.37887573242188,1391595,0.0,0.0
2022-09-16 00:00:00+01:00,234.0,241.39999389648438,234.0,237.60000610351562,237.37982177734375,3172400,0.0,0.0
2022-09-20 00:00:00+01:00,243.8000030517578,243.8000030517578,233.50999450683594,237.8000030517578,237.5796356201172,2725164,0.0,0.0
2022-09-21 00:00:00+01:00,237.8000030517578,244.1999969482422,236.0,242.8000030517578,242.57498168945312,5980925,0.0,0.0
2022-09-22 00:00:00+01:00,246.60000610351562,246.60000610351562,233.0,235.39999389648438,235.1818389892578,2535169,0.0,0.0
2022-09-23 00:00:00+01:00,241.39999389648438,241.39999389648438,226.1999969482422,231.60000610351562,231.38539123535156,2427429,0.0,0.0
2022-09-26 00:00:00+01:00,233.1999969482422,236.0,230.60000610351562,234.60000610351562,234.38258361816406,1829744,0.0,0.0
2022-09-27 00:00:00+01:00,229.1999969482422,237.1999969482422,228.8000030517578,229.60000610351562,229.38722229003906,1310893,0.0,0.0
2022-09-28 00:00:00+01:00,228.1999969482422,236.60000610351562,225.1999969482422,235.8000030517578,235.58151245117188,1688987,0.0,0.0
2022-09-29 00:00:00+01:00,242.0,242.0,226.39999389648438,230.0,229.786865234375,1695408,0.0,0.0
2022-09-30 00:00:00+01:00,228.60000610351562,234.1999969482422,227.60000610351562,234.1999969482422,233.9829559326172,1907137,0.0,0.0
2022-10-03 00:00:00+01:00,232.0,238.0,229.60000610351562,237.60000610351562,237.37982177734375,1520924,0.0,0.0
2022-10-04 00:00:00+01:00,242.1999969482422,249.0,238.60000610351562,247.8000030517578,247.57034301757812,1374428,0.0,0.0
2022-10-05 00:00:00+01:00,247.1999969482422,249.60000610351562,246.1999969482422,249.39999389648438,249.16888427734375,2568996,0.0,0.0
2022-10-06 00:00:00+01:00,251.1999969482422,253.0,248.60000610351562,252.39999389648438,252.1660919189453,1130109,0.0,0.0
2022-10-07 00:00:00+01:00,251.39999389648438,252.8000030517578,240.60000610351562,244.0,243.77386474609375,1437671,0.0,0.0
2022-10-10 00:00:00+01:00,237.8000030517578,243.8000030517578,237.8000030517578,240.60000610351562,240.3770294189453,1218616,0.0,0.0
2022-10-11 00:00:00+01:00,234.39999389648438,241.60000610351562,234.39999389648438,239.0,238.7785186767578,857769,0.0,0.0
2022-10-12 00:00:00+01:00,234.60000610351562,241.1999969482422,232.39999389648438,237.39999389648438,237.17999267578125,2693785,0.0,0.0
2022-10-13 00:00:00+01:00,233.39999389648438,241.1999969482422,229.46600341796875,240.8000030517578,240.57684326171875,1084936,0.0,0.0
2022-10-14 00:00:00+01:00,246.1999969482422,246.60000610351562,238.60000610351562,238.8000030517578,238.57867431640625,1542580,0.0,0.0
2022-10-17 00:00:00+01:00,245.0,249.8000030517578,236.60000610351562,247.0,246.7710723876953,1190921,0.0,0.0
2022-10-18 00:00:00+01:00,253.60000610351562,254.1999969482422,247.60000610351562,251.39999389648438,251.16702270507812,1276602,0.0,0.0
2022-10-19 00:00:00+01:00,252.8000030517578,252.8000030517578,247.0,248.60000610351562,248.36961364746094,996211,0.0,0.0
2022-10-20 00:00:00+01:00,243.8000030517578,251.1999969482422,243.8000030517578,248.60000610351562,248.36961364746094,2574670,0.0,0.0
2022-10-21 00:00:00+01:00,244.0,249.0,242.39999389648438,247.1999969482422,246.97091674804688,864525,0.0,0.0
2022-10-24 00:00:00+01:00,252.60000610351562,258.20001220703125,249.0,255.0,254.76370239257812,1521346,0.0,0.0
2022-10-25 00:00:00+01:00,261.3999938964844,262.3999938964844,254.0,261.0,260.75811767578125,4257173,0.0,0.0
2022-10-26 00:00:00+01:00,255.0,268.0,255.0,268.0,267.7516174316406,1873872,0.0,0.0
2022-10-27 00:00:00+01:00,265.79998779296875,267.79998779296875,259.6000061035156,265.20001220703125,264.95428466796875,1137897,0.0,0.0
2022-10-28 00:00:00+01:00,261.0,264.6000061035156,260.3999938964844,263.20001220703125,262.95611572265625,1137874,0.0,0.0
2022-10-31 00:00:00+00:00,268.3999938964844,268.3999938964844,256.20001220703125,256.20001220703125,255.9625701904297,1570105,0.0,0.0
2022-11-01 00:00:00+00:00,262.20001220703125,264.3999938964844,259.3999938964844,260.3999938964844,260.1586608886719,1262055,0.0,0.0
2022-11-02 00:00:00+00:00,260.3999938964844,267.6000061035156,260.3999938964844,265.0,264.7544250488281,2810781,0.0,0.0
2022-11-03 00:00:00+00:00,258.79998779296875,264.20001220703125,258.0,263.3999938964844,263.1559143066406,2285556,0.0,0.0
2022-11-04 00:00:00+00:00,269.6000061035156,275.6000061035156,266.0,275.20001220703125,274.9449462890625,4186496,0.0,0.0
2022-11-07 00:00:00+00:00,278.0,282.79998779296875,273.635986328125,278.20001220703125,277.94219970703125,2644862,0.0,0.0
2022-11-08 00:00:00+00:00,285.3999938964844,285.3999938964844,275.20001220703125,283.3999938964844,283.1373596191406,2061571,0.0,0.0
2022-11-09 00:00:00+00:00,278.6000061035156,285.0,278.6000061035156,280.0,279.74053955078125,1463775,0.0,0.0
2022-11-10 00:00:00+00:00,282.79998779296875,296.20001220703125,277.3999938964844,294.3999938964844,294.127197265625,1722838,0.0,0.0
2022-11-11 00:00:00+00:00,295.6000061035156,299.6000061035156,289.79998779296875,289.79998779296875,289.53143310546875,2315593,0.0,0.0
2022-11-14 00:00:00+00:00,294.79998779296875,294.79998779296875,281.20001220703125,289.0,288.7321472167969,1007495,0.0,0.0
2022-11-15 00:00:00+00:00,289.0,289.79998779296875,284.79998779296875,285.20001220703125,284.9356689453125,1216485,0.0,0.0
2022-11-16 00:00:00+00:00,283.0,286.0,280.0,281.20001220703125,280.93939208984375,1422183,0.0,0.0
2022-11-17 00:00:00+00:00,280.20001220703125,284.0,277.0,279.3999938964844,279.14105224609375,919622,0.0,0.0
2022-11-18 00:00:00+00:00,282.79998779296875,282.79998779296875,278.0,282.20001220703125,281.9384765625,2549447,0.0,0.0
2022-11-21 00:00:00+00:00,279.79998779296875,283.79998779296875,276.3999938964844,280.6000061035156,280.3399658203125,2264351,0.0,0.0
2022-11-22 00:00:00+00:00,283.0,285.6000061035156,278.79998779296875,285.6000061035156,285.3353271484375,1568130,0.0,0.0
2022-11-23 00:00:00+00:00,292.0,300.79998779296875,287.9519958496094,298.20001220703125,297.9236755371094,2995043,0.0,0.0
2022-11-24 00:00:00+00:00,300.0,300.6000061035156,293.0,295.79998779296875,295.5259094238281,1825327,0.0,0.0
2022-11-25 00:00:00+00:00,291.3999938964844,297.6000061035156,291.3999938964844,295.0,294.7265930175781,1118809,0.0,0.0
2022-11-28 00:00:00+00:00,294.3999938964844,298.79998779296875,290.20001220703125,290.20001220703125,289.9310607910156,927568,0.0,0.0
2022-11-29 00:00:00+00:00,299.3999938964844,301.0,291.79998779296875,292.3999938964844,292.1289978027344,1573986,0.0,0.0
2022-11-30 00:00:00+00:00,293.6000061035156,300.20001220703125,293.3999938964844,299.0,298.722900390625,3095067,0.0,0.0
2022-12-01 00:00:00+00:00,302.0,309.79998779296875,302.0,309.79998779296875,309.5129089355469,2852085,0.0,0.0
2022-12-02 00:00:00+00:00,309.0,314.6000061035156,305.6000061035156,310.79998779296875,310.511962890625,2006937,0.0,0.0
2022-12-05 00:00:00+00:00,310.6000061035156,312.0,308.79998779296875,310.0,309.71270751953125,1560769,0.0,0.0
2022-12-06 00:00:00+00:00,308.20001220703125,310.79998779296875,304.20001220703125,306.0,305.7164306640625,1561178,0.0,0.0
2022-12-07 00:00:00+00:00,303.0,308.0,303.0,305.0,304.71734619140625,1486734,0.0,0.0
2022-12-08 00:00:00+00:00,307.20001220703125,307.20001220703125,304.16900634765625,305.20001220703125,304.91717529296875,1201105,0.0,0.0
2022-12-09 00:00:00+00:00,300.6000061035156,308.0,300.6000061035156,307.6000061035156,307.3149719238281,982957,0.0,0.0
2022-12-12 00:00:00+00:00,307.6000061035156,307.6000061035156,305.6000061035156,306.6000061035156,306.31585693359375,864486,0.0,0.0
2022-12-13 00:00:00+00:00,309.20001220703125,316.3999938964844,304.20001220703125,313.20001220703125,312.9096984863281,2138859,0.0,0.0
2022-12-14 00:00:00+00:00,311.6000061035156,315.6000061035156,310.6000061035156,314.0,313.70904541015625,1190681,0.0,0.0
2022-12-15 00:00:00+00:00,307.3999938964844,319.79998779296875,307.3999938964844,311.3999938964844,311.11138916015625,1466182,0.0,0.0
2022-12-16 00:00:00+00:00,311.20001220703125,313.0,306.3999938964844,307.20001220703125,306.91534423828125,6050569,0.0,0.0
2022-12-19 00:00:00+00:00,315.0,315.0,308.79998779296875,311.0,310.7117919921875,581978,0.0,0.0
2022-12-20 00:00:00+00:00,307.0,311.20001220703125,306.0,309.20001220703125,308.9134826660156,753184,0.0,0.0
2022-12-21 00:00:00+00:00,312.0,315.0,309.52398681640625,314.0,313.70904541015625,1349825,0.0,0.0
2022-12-22 00:00:00+00:00,314.6000061035156,316.79998779296875,309.79998779296875,311.3999938964844,311.11138916015625,1016939,0.0,0.0
2022-12-23 00:00:00+00:00,311.0,315.6600036621094,309.3059997558594,310.79998779296875,310.511962890625,427849,0.0,0.0
2022-12-28 00:00:00+00:00,315.0,315.79998779296875,312.0,313.0,312.7099304199219,952149,0.0,0.0
2022-12-29 00:00:00+00:00,311.20001220703125,312.3999938964844,307.79998779296875,311.79998779296875,311.5110168457031,1775601,0.0,0.0
2022-12-30 00:00:00+00:00,310.20001220703125,311.3999938964844,306.6000061035156,306.6000061035156,306.31585693359375,508345,0.0,0.0
2023-01-03 00:00:00+00:00,308.6000061035156,315.79998779296875,306.0,312.79998779296875,312.5101013183594,1532433,0.0,0.0
2023-01-04 00:00:00+00:00,314.79998779296875,318.79998779296875,310.79998779296875,318.0,317.7053527832031,1343250,0.0,0.0
2023-01-05 00:00:00+00:00,316.0,326.3999938964844,316.0,324.3999938964844,324.0993347167969,1606505,0.0,0.0
2023-01-06 00:00:00+00:00,324.3999938964844,330.0,322.6000061035156,330.0,329.6941833496094,933950,0.0,0.0
2023-01-09 00:00:00+00:00,336.6000061035156,336.6000061035156,329.3999938964844,331.3999938964844,331.0928955078125,1272872,0.0,0.0
2023-01-10 00:00:00+00:00,327.6000061035156,329.0,324.79998779296875,326.3999938964844,326.0975341796875,3536082,0.0,0.0
2023-01-11 00:00:00+00:00,327.20001220703125,333.0,326.20001220703125,328.6000061035156,328.29547119140625,1830256,0.0,0.0
2023-01-12 00:00:00+00:00,336.79998779296875,336.79998779296875,325.0,331.3999938964844,331.0928955078125,1943547,0.0,0.0
2023-01-13 00:00:00+00:00,325.0,335.6000061035156,325.0,333.79998779296875,333.4906311035156,2252687,0.0,0.0
2023-01-16 00:00:00+00:00,331.3999938964844,334.0,322.9639892578125,332.6000061035156,332.291748046875,2232464,0.0,0.0
2023-01-17 00:00:00+00:00,336.3999938964844,336.3999938964844,326.6000061035156,329.6000061035156,329.2945556640625,1002930,0.0,0.0
2023-01-18 00:00:00+00:00,330.20001220703125,334.20001220703125,328.7820129394531,331.6000061035156,331.2926940917969,863962,0.0,0.0
2023-01-19 00:00:00+00:00,333.3999938964844,333.3999938964844,324.0,324.20001220703125,323.8995361328125,580351,0.0,0.0
2023-01-20 00:00:00+00:00,323.79998779296875,326.20001220703125,321.79998779296875,325.20001220703125,324.8986511230469,1317021,0.0,0.0
2023-01-23 00:00:00+00:00,318.79998779296875,327.79998779296875,318.79998779296875,327.6000061035156,327.29638671875,2772496,0.0,0.0
2023-01-24 00:00:00+00:00,321.3999938964844,329.79998779296875,321.3999938964844,328.0,327.6960144042969,1128272,0.0,0.0
2023-01-25 00:00:00+00:00,321.0,329.3999938964844,321.0,321.20001220703125,320.9023132324219,1303968,0.0,0.0
2023-01-26 00:00:00+00:00,315.3999938964844,323.79998779296875,315.3999938964844,321.3999938964844,321.1021728515625,1114504,0.0,0.0
2023-01-27 00:00:00+00:00,328.6000061035156,328.6000061035156,318.79998779296875,321.79998779296875,321.50177001953125,1751053,0.0,0.0
2023-01-30 00:00:00+00:00,322.79998779296875,322.79998779296875,317.20001220703125,321.79998779296875,321.50177001953125,2672477,0.0,0.0
2023-01-31 00:00:00+00:00,321.0,321.20001220703125,315.0,318.0,317.7053527832031,1761076,0.0,0.0
2023-02-01 00:00:00+00:00,317.0,326.3999938964844,316.8760070800781,322.0,321.70159912109375,2653394,0.0,0.0
2023-02-02 00:00:00+00:00,329.6000061035156,334.0,322.20001220703125,334.0,333.69049072265625,2082940,0.0,0.0
2023-02-03 00:00:00+00:00,340.3999938964844,340.3999938964844,329.3999938964844,336.3999938964844,336.0882568359375,1309772,0.0,0.0
2023-02-06 00:00:00+00:00,338.6000061035156,338.6000061035156,331.3999938964844,334.0,333.69049072265625,1349738,0.0,0.0
2023-02-07 00:00:00+00:00,325.79998779296875,335.0,325.79998779296875,327.3999938964844,327.09661865234375,2463073,0.0,0.0
2023-02-08 00:00:00+00:00,326.20001220703125,334.6000061035156,326.1400146484375,327.3999938964844,327.09661865234375,1153908,0.0,0.0
2023-02-09 00:00:00+00:00,335.79998779296875,335.79998779296875,329.0,329.79998779296875,329.49432373046875,1033018,0.0,0.0
2023-02-10 00:00:00+00:00,329.0,330.3999938964844,321.3999938964844,325.6000061035156,325.2982482910156,1774509,0.0,0.0
2023-02-13 00:00:00+00:00,325.20001220703125,330.3999938964844,324.447998046875,327.79998779296875,327.4961853027344,2209003,0.0,0.0
2023-02-14 00:00:00+00:00,324.0,330.6000061035156,324.0,327.20001220703125,326.89678955078125,2265081,0.0,0.0
2023-02-15 00:00:00+00:00,336.3999938964844,336.3999938964844,326.79998779296875,334.6000061035156,334.2899475097656,3346644,0.0,0.0
2023-02-16 00:00:00+00:00,337.6000061035156,337.6000061035156,331.20001220703125,334.79998779296875,334.48974609375,940082,0.0,0.0
2023-02-17 00:00:00+00:00,327.20001220703125,335.0,327.20001220703125,332.20001220703125,331.89215087890625,867519,0.0,0.0
2023-02-20 00:00:00+00:00,340.3999938964844,340.3999938964844,329.79998779296875,329.79998779296875,329.49432373046875,1672110,0.0,0.0
2023-02-21 00:00:00+00:00,330.0,331.20001220703125,323.20001220703125,323.20001220703125,322.9005432128906,6158575,0.0,0.0
2023-02-22 00:00:00+00:00,323.6000061035156,324.79998779296875,321.3999938964844,323.6000061035156,323.30010986328125,3302800,0.0,0.0
2023-02-23 00:00:00+00:00,331.6000061035156,331.6000061035156,324.6000061035156,327.6000061035156,327.29638671875,3283697,0.0,0.0
2023-02-24 00:00:00+00:00,331.20001220703125,331.6000061035156,324.3999938964844,327.0,326.697021484375,5892021,0.0,0.0
2023-02-27 00:00:00+00:00,327.6000061035156,332.20001220703125,327.6000061035156,330.0,329.6941833496094,5109673,0.0,0.0
2023-02-28 00:00:00+00:00,337.0,337.0,320.20001220703125,324.0,323.69970703125,6138008,0.0,0.0
2023-03-01 00:00:00+00:00,325.3999938964844,326.79998779296875,320.79998779296875,325.3999938964844,325.0984191894531,2914118,0.0,0.0
2023-03-02 00:00:00+00:00,322.3999938964844,329.3999938964844,322.3999938964844,327.6000061035156,327.29638671875,4616628,0.0,0.0
2023-03-03 00:00:00+00:00,330.0,331.20001220703125,326.1659851074219,326.6000061035156,326.2973327636719,2099401,0.0,0.0
2023-03-06 00:00:00+00:00,328.0,328.0,324.3999938964844,325.0,324.6988525390625,1120722,0.0,0.0
2023-03-07 00:00:00+00:00,317.20001220703125,326.0,317.20001220703125,321.20001220703125,320.9023132324219,1039748,0.0,0.0
2023-03-08 00:00:00+00:00,318.6000061035156,322.3999938964844,318.23199462890625,319.20001220703125,318.9042053222656,1393102,0.0,0.0
2023-03-09 00:00:00+00:00,318.0,318.4320068359375,314.0,316.3999938964844,316.1067810058594,1241456,0.0,0.0
2023-03-10 00:00:00+00:00,312.79998779296875,314.20001220703125,310.0,312.6000061035156,312.310302734375,4646622,0.0,0.0
2023-03-13 00:00:00+00:00,304.6000061035156,312.6000061035156,297.0,298.3999938964844,298.12347412109375,5177443,0.0,0.0
2023-03-14 00:00:00+00:00,297.20001220703125,310.3999938964844,297.20001220703125,309.3999938964844,309.1132507324219,1711505,0.0,0.0
2023-03-15 00:00:00+00:00,309.3999938964844,309.3999938964844,297.79998779296875,298.20001220703125,297.9236755371094,2331490,0.0,0.0
2023-03-16 00:00:00+00:00,303.6000061035156,306.6000061035156,298.79998779296875,304.79998779296875,304.5174560546875,2566267,0.0,0.0
2023-03-17 00:00:00+00:00,302.79998779296875,308.3999938964844,298.20001220703125,300.3999938964844,300.1216125488281,4799604,0.0,0.0
2023-03-20 00:00:00+00:00,295.6000061035156,305.0,293.6000061035156,301.6000061035156,301.3205261230469,1178370,0.0,0.0
2023-03-21 00:00:00+00:00,308.3999938964844,308.3999938964844,304.0,307.0,306.71551513671875,684780,0.0,0.0
2023-03-22 00:00:00+00:00,304.0,311.0,304.0,311.0,310.7117919921875,1341881,0.0,0.0
2023-03-23 00:00:00+00:00,316.6000061035156,316.6000061035156,308.89801025390625,313.79998779296875,313.5091857910156,884837,0.0,0.0
2023-03-24 00:00:00+00:00,312.3999938964844,319.6000061035156,306.6000061035156,306.79998779296875,306.5156555175781,2232351,0.0,0.0
2023-03-27 00:00:00+01:00,312.0,312.0,306.3999938964844,308.20001220703125,307.91436767578125,767109,0.0,0.0
2023-03-28 00:00:00+01:00,311.3999938964844,311.79998779296875,302.79998779296875,305.3999938964844,305.116943359375,2305807,0.0,0.0
2023-03-29 00:00:00+01:00,304.0,308.79998779296875,303.79998779296875,308.79998779296875,308.5137939453125,2081845,0.0,0.0
2023-03-30 00:00:00+01:00,314.6000061035156,316.3999938964844,311.0,316.20001220703125,315.9069519042969,1060501,0.0,0.0
2023-03-31 00:00:00+01:00,308.20001220703125,317.6000061035156,308.20001220703125,314.79998779296875,314.5082702636719,1590655,0.0,0.0
2023-04-03 00:00:00+01:00,315.0,315.79998779296875,308.3999938964844,315.6000061035156,315.30755615234375,2172400,0.0,0.0
2023-04-04 00:00:00+01:00,319.0,319.3999938964844,312.0,313.3999938964844,313.10955810546875,1087518,0.0,0.0
2023-04-05 00:00:00+01:00,311.0,311.0,300.6000061035156,303.79998779296875,303.5184631347656,1079857,0.0,0.0
2023-04-06 00:00:00+01:00,301.20001220703125,307.6000061035156,301.20001220703125,307.6000061035156,307.3149719238281,1603456,0.0,0.0
2023-04-11 00:00:00+01:00,300.6000061035156,312.3999938964844,300.6000061035156,311.6000061035156,311.311279296875,2008859,0.0,0.0
2023-04-12 00:00:00+01:00,306.20001220703125,320.0,306.20001220703125,316.6000061035156,316.30657958984375,1742717,0.0,0.0
2023-04-13 00:00:00+01:00,310.20001220703125,317.79998779296875,310.20001220703125,312.79998779296875,312.55255126953125,2691265,4.3,0.0
2023-04-14 00:00:00+01:00,321.3999938964844,321.3999938964844,312.947998046875,318.0,317.7484436035156,1058477,0.0,0.0
2023-04-17 00:00:00+01:00,321.6000061035156,326.20001220703125,318.4320068359375,324.0,323.74371337890625,3208910,0.0,0.0
2023-04-18 00:00:00+01:00,324.0,327.79998779296875,322.0,322.0,321.74530029296875,922907,0.0,0.0
2023-04-19 00:00:00+01:00,316.3999938964844,321.3999938964844,316.3999938964844,319.3999938964844,319.1473388671875,1308786,0.0,0.0
2023-04-20 00:00:00+01:00,312.3999938964844,322.20001220703125,312.3999938964844,318.79998779296875,318.5478210449219,2320183,0.0,0.0
2023-04-21 00:00:00+01:00,313.0,321.3999938964844,313.0,318.0,317.7484436035156,2248749,0.0,0.0
2023-04-24 00:00:00+01:00,310.6000061035156,320.20001220703125,310.6000061035156,318.6000061035156,318.3480529785156,1092980,0.0,0.0
2023-04-25 00:00:00+01:00,310.6000061035156,318.6000061035156,310.6000061035156,317.20001220703125,316.9490966796875,970674,0.0,0.0
2023-04-26 00:00:00+01:00,314.20001220703125,315.23199462890625,311.20001220703125,314.79998779296875,314.5509948730469,1005203,0.0,0.0
2023-04-27 00:00:00+01:00,307.20001220703125,318.0,307.20001220703125,315.79998779296875,315.5501708984375,1109810,0.0,0.0
2023-04-28 00:00:00+01:00,317.6000061035156,330.0,317.6000061035156,327.0,326.74139404296875,3367056,0.0,0.0
2023-05-02 00:00:00+01:00,330.0,331.0,325.0,325.0,324.742919921875,1482775,0.0,0.0
2023-05-03 00:00:00+01:00,325.0,329.6000061035156,325.0,325.0,324.742919921875,2207939,0.0,0.0
2023-05-04 00:00:00+01:00,327.79998779296875,328.20001220703125,323.20001220703125,326.3999938964844,326.14178466796875,1405522,0.0,0.0
2023-05-05 00:00:00+01:00,329.3999938964844,329.3999938964844,322.20001220703125,328.3999938964844,328.1402587890625,1297120,0.0,0.0
2023-05-09 00:00:00+01:00,330.0,330.6000061035156,326.0,328.3999938964844,328.1402587890625,1581009,0.0,0.0
2023-05-10 00:00:00+01:00,328.0,329.20001220703125,325.3710021972656,327.79998779296875,327.5406799316406,1047583,0.0,0.0
2023-05-11 00:00:00+01:00,328.0,329.79998779296875,326.0,327.0,326.74139404296875,822443,0.0,0.0
2023-05-12 00:00:00+01:00,326.3999938964844,329.0,325.77801513671875,328.3999938964844,328.1402587890625,1223909,0.0,0.0
2023-05-15 00:00:00+01:00,330.20001220703125,330.6000061035156,325.6000061035156,328.0,327.7405700683594,922279,0.0,0.0
2023-05-16 00:00:00+01:00,327.6000061035156,329.79998779296875,325.6000061035156,328.6000061035156,328.3400573730469,1150295,0.0,0.0
2023-05-17 00:00:00+01:00,327.79998779296875,331.3999938964844,326.79998779296875,330.20001220703125,329.9388122558594,1447264,0.0,0.0
2023-05-18 00:00:00+01:00,332.79998779296875,339.0,332.3999938964844,338.6000061035156,338.3321838378906,1611054,0.0,0.0
2023-05-19 00:00:00+01:00,339.0,344.79998779296875,337.37200927734375,342.20001220703125,341.9293212890625,1534928,0.0,0.0
2023-05-22 00:00:00+01:00,342.6000061035156,342.6000061035156,332.79998779296875,337.20001220703125,336.9333190917969,1559149,0.0,0.0
2023-05-23 00:00:00+01:00,333.3999938964844,337.6000061035156,331.3999938964844,331.6000061035156,331.33770751953125,757608,0.0,0.0
2023-05-24 00:00:00+01:00,328.6000061035156,329.6000061035156,321.6000061035156,326.3999938964844,326.14178466796875,1045013,0.0,0.0
2023-05-25 00:00:00+01:00,318.0,326.0,318.0,322.3999938964844,322.1449890136719,1353903,0.0,0.0
2023-05-26 00:00:00+01:00,316.3999938964844,327.20001220703125,316.3999938964844,325.6000061035156,325.3424377441406,1235895,0.0,0.0
2023-05-30 00:00:00+01:00,320.0,324.79998779296875,314.5480041503906,319.20001220703125,318.9475402832031,1904898,0.0,0.0
2023-05-31 00:00:00+01:00,316.3999938964844,321.0,312.20001220703125,321.0,320.7461242675781,9291770,0.0,0.0
2023-06-01 00:00:00+01:00,326.20001220703125,326.20001220703125,321.3999938964844,324.6000061035156,324.34326171875,920276,0.0,0.0
2023-06-02 00:00:00+01:00,325.20001220703125,332.0,324.6000061035156,332.0,331.7374267578125,1383340,0.0,0.0
2023-06-05 00:00:00+01:00,332.3999938964844,335.3999938964844,330.20001220703125,330.79998779296875,330.538330078125,2548619,0.0,0.0
2023-06-06 00:00:00+01:00,327.20001220703125,333.20001220703125,320.3999938964844,332.0,331.7374267578125,1207593,0.0,0.0
2023-06-07 00:00:00+01:00,339.79998779296875,339.79998779296875,328.3999938964844,330.79998779296875,330.538330078125,1452942,0.0,0.0
2023-06-08 00:00:00+01:00,338.20001220703125,338.20001220703125,328.0,331.20001220703125,330.9380187988281,1936388,0.0,0.0
2023-06-09 00:00:00+01:00,324.20001220703125,329.79998779296875,324.20001220703125,328.3999938964844,328.1402587890625,837014,0.0,0.0
2023-06-12 00:00:00+01:00,331.20001220703125,334.6000061035156,329.20001220703125,334.0,333.7357482910156,1002434,0.0,0.0
2023-06-13 00:00:00+01:00,326.0,339.79998779296875,326.0,339.0,338.7318420410156,1253237,0.0,0.0
2023-06-14 00:00:00+01:00,336.0,339.3999938964844,333.20001220703125,334.79998779296875,334.53515625,2171987,0.0,0.0
2023-06-15 00:00:00+01:00,335.20001220703125,335.20001220703125,325.0,328.0,327.7405700683594,1484083,0.0,0.0
2023-06-16 00:00:00+01:00,328.20001220703125,328.20001220703125,324.20001220703125,325.0,324.742919921875,3316676,0.0,0.0
2023-06-19 00:00:00+01:00,317.79998779296875,324.3999938964844,317.20001220703125,317.20001220703125,316.9490966796875,2297254,0.0,0.0
2023-06-20 00:00:00+01:00,316.6000061035156,317.79998779296875,312.0,315.3999938964844,315.1505126953125,1157855,0.0,0.0
2023-06-21 00:00:00+01:00,322.6000061035156,322.6000061035156,311.0,313.20001220703125,312.9522399902344,1381567,0.0,0.0
2023-06-22 00:00:00+01:00,309.0,312.0,304.20001220703125,306.6000061035156,306.3575134277344,1189260,0.0,0.0
2023-06-23 00:00:00+01:00,305.79998779296875,315.20001220703125,303.6000061035156,304.0,303.759521484375,1075333,0.0,0.0
2023-06-26 00:00:00+01:00,307.6000061035156,307.6000061035156,300.79998779296875,302.6000061035156,302.36065673828125,3196014,0.0,0.0
2023-06-27 00:00:00+01:00,304.79998779296875,306.6000061035156,297.6000061035156,297.6000061035156,297.3645935058594,3601926,0.0,0.0
2023-06-28 00:00:00+01:00,302.6000061035156,305.20001220703125,299.3999938964844,302.3999938964844,302.1607971191406,2474567,0.0,0.0
2023-06-29 00:00:00+01:00,310.0,310.0,299.0,299.0,298.76348876953125,2239856,0.0,0.0
2023-06-30 00:00:00+01:00,301.20001220703125,305.6000061035156,299.3999938964844,304.79998779296875,304.5588684082031,3368080,0.0,0.0
2023-07-03 00:00:00+01:00,304.0,306.79998779296875,302.6000061035156,302.6000061035156,302.36065673828125,1680638,0.0,0.0
2023-07-04 00:00:00+01:00,306.0,306.0,298.0,302.20001220703125,301.9609680175781,5020106,0.0,0.0
2023-07-05 00:00:00+01:00,294.0,302.6000061035156,294.0,298.3999938964844,298.1639404296875,862405,0.0,0.0
2023-07-06 00:00:00+01:00,291.79998779296875,296.79998779296875,291.3999938964844,292.0,291.76898193359375,833871,0.0,0.0
2023-07-07 00:00:00+01:00,302.0,302.20001220703125,294.3999938964844,302.0,301.7611083984375,2743495,0.0,0.0
2023-07-10 00:00:00+01:00,306.79998779296875,306.79998779296875,299.20001220703125,303.6000061035156,303.35986328125,815639,0.0,0.0
2023-07-11 00:00:00+01:00,302.79998779296875,306.6000061035156,302.6000061035156,305.3999938964844,305.1584167480469,1193602,0.0,0.0
2023-07-12 00:00:00+01:00,303.3999938964844,314.79998779296875,303.0,314.20001220703125,313.95147705078125,1847688,0.0,0.0
2023-07-13 00:00:00+01:00,317.0,317.0,309.79998779296875,309.79998779296875,309.5549621582031,1368911,0.0,0.0
2023-07-14 00:00:00+01:00,305.0,310.6000061035156,305.0,307.3999938964844,307.1568298339844,818999,0.0,0.0
2023-07-17 00:00:00+01:00,301.0,307.3999938964844,294.7460021972656,302.6000061035156,302.36065673828125,1252763,0.0,0.0
2023-07-18 00:00:00+01:00,302.20001220703125,307.6000061035156,301.0119934082031,306.3999938964844,306.1575927734375,3689696,0.0,0.0
2023-07-19 00:00:00+01:00,313.6000061035156,313.79998779296875,309.3999938964844,310.79998779296875,310.5541687011719,1050187,0.0,0.0
2023-07-20 00:00:00+01:00,308.6000061035156,314.79998779296875,306.97198486328125,312.0,311.7532043457031,1195106,0.0,0.0
2023-07-21 00:00:00+01:00,317.79998779296875,317.79998779296875,307.0,309.79998779296875,309.5549621582031,1768840,0.0,0.0
2023-07-24 00:00:00+01:00,305.79998779296875,311.3999938964844,305.79998779296875,307.20001220703125,306.9570617675781,1220971,0.0,0.0
2023-07-25 00:00:00+01:00,305.6000061035156,314.0,305.3999938964844,313.6000061035156,313.3519592285156,2172784,0.0,0.0
2023-07-26 00:00:00+01:00,308.6000061035156,309.3999938964844,305.79998779296875,308.6000061035156,308.35589599609375,1727379,0.0,0.0
2023-07-27 00:00:00+01:00,308.79998779296875,312.79998779296875,306.8320007324219,309.3999938964844,309.1552734375,1178704,0.0,0.0
2023-07-28 00:00:00+01:00,305.79998779296875,309.9580078125,305.20001220703125,307.79998779296875,307.5564880371094,1127565,0.0,0.0
2023-07-31 00:00:00+01:00,314.20001220703125,314.20001220703125,306.20001220703125,308.3999938964844,308.15606689453125,759060,0.0,0.0
2023-08-01 00:00:00+01:00,305.79998779296875,312.0,305.79998779296875,310.0,309.7547607421875,1255806,0.0,0.0
2023-08-02 00:00:00+01:00,309.3999938964844,309.3999938964844,301.3999938964844,304.3999938964844,304.1592102050781,1016306,0.0,0.0
2023-08-03 00:00:00+01:00,297.0,303.0,297.0,299.79998779296875,299.5628662109375,2241038,0.0,0.0
2023-08-04 00:00:00+01:00,294.3999938964844,300.79998779296875,292.79998779296875,296.6000061035156,296.3653869628906,1198838,0.0,0.0
2023-08-07 00:00:00+01:00,290.0,297.79998779296875,287.3999938964844,295.79998779296875,295.5660400390625,2532056,0.0,0.0
2023-08-08 00:00:00+01:00,295.79998779296875,305.6000061035156,294.0,297.6000061035156,297.3645935058594,3418388,0.0,0.0
2023-08-09 00:00:00+01:00,302.0,302.0,294.3999938964844,295.0,294.76666259765625,1226190,0.0,0.0
2023-08-10 00:00:00+01:00,290.3999938964844,302.20001220703125,290.3999938964844,298.6000061035156,298.36383056640625,939619,0.0,0.0
2023-08-11 00:00:00+01:00,296.3999938964844,302.20001220703125,295.7720031738281,298.0,297.7642822265625,2284274,0.0,0.0
2023-08-14 00:00:00+01:00,298.20001220703125,299.79998779296875,295.79998779296875,298.0,297.7642822265625,1053960,0.0,0.0
2023-08-15 00:00:00+01:00,305.0,305.0,294.20001220703125,296.20001220703125,295.9657287597656,1537884,0.0,0.0
2023-08-16 00:00:00+01:00,297.20001220703125,300.6000061035156,292.3999938964844,293.20001220703125,292.96807861328125,1427097,0.0,0.0
2023-08-17 00:00:00+01:00,290.0,292.0,282.6000061035156,283.79998779296875,283.6001892089844,940649,2.55,0.0
2023-08-18 00:00:00+01:00,279.6000061035156,282.79998779296875,277.20001220703125,281.0,280.8021545410156,934473,0.0,0.0
2023-08-21 00:00:00+01:00,280.20001220703125,284.0,279.3999938964844,281.79998779296875,281.6015625,3580272,0.0,0.0
2023-08-22 00:00:00+01:00,282.0,286.0,280.0,284.3999938964844,284.1997375488281,1065070,0.0,0.0
2023-08-23 00:00:00+01:00,294.79998779296875,296.3999938964844,290.6000061035156,290.6000061035156,290.3953857421875,3714262,0.0,0.0
2023-08-24 00:00:00+01:00,294.3999938964844,295.79998779296875,292.3999938964844,292.3999938964844,292.1940612792969,1030038,0.0,0.0
2023-08-25 00:00:00+01:00,291.0,294.0,289.79998779296875,294.0,293.7929992675781,1537534,0.0,0.0
2023-08-29 00:00:00+01:00,296.79998779296875,301.0,296.79998779296875,300.3999938964844,300.1884460449219,3672452,0.0,0.0
2023-08-30 00:00:00+01:00,300.3999938964844,301.79998779296875,299.0,300.0,299.7887878417969,1566145,0.0,0.0
2023-08-31 00:00:00+01:00,294.20001220703125,302.3999938964844,294.20001220703125,301.0,300.7880554199219,2358626,0.0,0.0
2023-09-01 00:00:00+01:00,304.20001220703125,305.79998779296875,300.9129943847656,304.0,303.78594970703125,1818981,0.0,0.0
2023-09-04 00:00:00+01:00,311.79998779296875,311.79998779296875,301.20001220703125,302.3999938964844,302.18707275390625,666445,0.0,0.0
2023-09-05 00:00:00+01:00,303.79998779296875,306.3999938964844,300.6000061035156,305.6000061035156,305.38482666015625,1170397,0.0,0.0
2023-09-06 00:00:00+01:00,298.6000061035156,305.3999938964844,298.6000061035156,304.6000061035156,304.3855285644531,854174,0.0,0.0
2023-09-07 00:00:00+01:00,306.3999938964844,306.3999938964844,302.6000061035156,303.20001220703125,302.986572265625,1365273,0.0,0.0
2023-09-08 00:00:00+01:00,302.79998779296875,304.6000061035156,299.0639953613281,303.20001220703125,302.986572265625,799562,0.0,0.0
2023-09-11 00:00:00+01:00,296.3999938964844,304.25,296.3999938964844,301.6000061035156,301.3876647949219,692013,0.0,0.0
2023-09-12 00:00:00+01:00,303.0,303.0,297.6000061035156,301.6000061035156,301.3876647949219,1061330,0.0,0.0
2023-09-13 00:00:00+01:00,294.20001220703125,310.27099609375,294.20001220703125,307.20001220703125,306.9837646484375,2465915,0.0,0.0
2023-09-14 00:00:00+01:00,305.79998779296875,311.0,303.3999938964844,310.6000061035156,310.38134765625,4290492,0.0,0.0
2023-09-15 00:00:00+01:00,311.0,313.79998779296875,309.20001220703125,309.6000061035156,309.38201904296875,3025644,0.0,0.0
2023-09-18 00:00:00+01:00,304.6000061035156,309.3999938964844,300.79998779296875,301.6000061035156,301.3876647949219,1895158,0.0,0.0
2023-09-19 00:00:00+01:00,301.0,302.0,299.07000732421875,302.0,301.787353515625,1352494,0.0,0.0
2023-09-20 00:00:00+01:00,307.3999938964844,307.79998779296875,299.8080139160156,306.20001220703125,305.98443603515625,1257405,0.0,0.0
2023-09-21 00:00:00+01:00,300.0,309.20001220703125,300.0,304.3999938964844,304.1856689453125,1420790,0.0,0.0
2023-09-22 00:00:00+01:00,312.0,312.0,303.3699951171875,304.20001220703125,303.9858093261719,1992292,0.0,0.0
2023-09-25 00:00:00+01:00,297.3999938964844,305.3999938964844,297.3999938964844,305.3999938964844,305.1849670410156,4520724,0.0,0.0
2023-09-26 00:00:00+01:00,300.79998779296875,305.20001220703125,300.0,300.0,299.7887878417969,690363,0.0,0.0
2023-09-27 00:00:00+01:00,293.3999938964844,307.6000061035156,293.3999938964844,305.20001220703125,304.985107421875,2258529,0.0,0.0
2023-09-28 00:00:00+01:00,304.20001220703125,307.79998779296875,302.20001220703125,307.79998779296875,307.583251953125,1811954,0.0,0.0
2023-09-29 00:00:00+01:00,302.6000061035156,314.20001220703125,302.6000061035156,312.6000061035156,312.3799133300781,3835462,0.0,0.0
2023-10-02 00:00:00+01:00,314.3999938964844,314.3999938964844,303.3999938964844,304.79998779296875,304.5853576660156,4871901,0.0,0.0
2023-10-03 00:00:00+01:00,312.0,312.0,303.0,307.79998779296875,307.583251953125,3160481,0.0,0.0
2023-10-04 00:00:00+01:00,305.6000061035156,307.20001220703125,301.3999938964844,304.3999938964844,304.1856689453125,3262802,0.0,0.0
2023-10-05 00:00:00+01:00,309.79998779296875,309.79998779296875,302.20001220703125,302.20001220703125,301.98724365234375,1349893,0.0,0.0
2023-10-06 00:00:00+01:00,303.0,307.0,300.79998779296875,303.6000061035156,303.3862609863281,1664360,0.0,0.0
2023-10-09 00:00:00+01:00,307.6000061035156,307.6000061035156,301.79998779296875,304.20001220703125,303.9858093261719,1386698,0.0,0.0
2023-10-10 00:00:00+01:00,309.0,311.0,306.885986328125,310.3999938964844,310.1814270019531,6704298,0.0,0.0
2023-10-11 00:00:00+01:00,317.3999938964844,317.3999938964844,309.3999938964844,315.0,314.7781982421875,2023568,0.0,0.0
2023-10-12 00:00:00+01:00,307.3999938964844,320.3999938964844,307.3999938964844,316.79998779296875,316.5769348144531,1136133,0.0,0.0
2023-10-13 00:00:00+01:00,308.20001220703125,318.3999938964844,308.20001220703125,312.0,311.78033447265625,1618802,0.0,0.0
2023-10-16 00:00:00+01:00,312.20001220703125,313.79998779296875,309.3999938964844,309.3999938964844,309.1821594238281,2524480,0.0,0.0
2023-10-17 00:00:00+01:00,309.20001220703125,311.79998779296875,309.20001220703125,311.20001220703125,310.9809265136719,1318178,0.0,0.0
2023-10-18 00:00:00+01:00,318.3999938964844,318.3999938964844,303.3999938964844,305.20001220703125,304.985107421875,2393886,0.0,0.0
2023-10-19 00:00:00+01:00,298.0,306.6000061035156,297.79998779296875,301.20001220703125,300.9879455566406,1305061,0.0,0.0
2023-10-20 00:00:00+01:00,297.6000061035156,298.0,295.20001220703125,296.0,295.7915954589844,1310053,0.0,0.0
2023-10-23 00:00:00+01:00,291.6000061035156,297.6000061035156,291.6000061035156,297.20001220703125,296.9907531738281,1132341,0.0,0.0
2023-10-24 00:00:00+01:00,303.3999938964844,303.3999938964844,292.3999938964844,292.3999938964844,292.1940612792969,1088764,0.0,0.0
2023-10-25 00:00:00+01:00,300.79998779296875,300.79998779296875,290.0,293.20001220703125,292.9935607910156,1268960,0.0,0.0
2023-10-26 00:00:00+01:00,286.3999938964844,292.79998779296875,286.3999938964844,290.0,289.7958068847656,1494695,0.0,0.0
2023-10-27 00:00:00+01:00,292.20001220703125,293.3999938964844,288.6000061035156,290.0,289.7958068847656,604988,0.0,0.0
2023-10-30 00:00:00+00:00,287.3999938964844,293.79998779296875,287.3999938964844,290.79998779296875,290.59527587890625,601982,0.0,0.0
2023-10-31 00:00:00+00:00,290.0,295.79998779296875,289.79998779296875,292.79998779296875,292.59381103515625,1668981,0.0,0.0
2023-11-01 00:00:00+00:00,292.6000061035156,294.6000061035156,289.20001220703125,293.20001220703125,292.9935607910156,904549,0.0,0.0
2023-11-02 00:00:00+00:00,300.6000061035156,301.0,296.20001220703125,299.20001220703125,298.9893798828125,883664,0.0,0.0
2023-11-03 00:00:00+00:00,306.6000061035156,306.6000061035156,299.6000061035156,301.6000061035156,301.3876647949219,2863790,0.0,0.0
2023-11-06 00:00:00+00:00,300.0,302.0,299.20001220703125,299.79998779296875,299.58892822265625,805377,0.0,0.0
2023-11-07 00:00:00+00:00,300.0,302.79998779296875,299.20001220703125,301.79998779296875,301.5875244140625,858135,0.0,0.0
2023-11-08 00:00:00+00:00,294.6000061035156,307.3999938964844,294.6000061035156,305.79998779296875,305.5846862792969,2278156,0.0,0.0
2023-11-09 00:00:00+00:00,299.3999938964844,313.3999938964844,299.3999938964844,312.3999938964844,312.1800231933594,2440952,0.0,0.0
2023-11-10 00:00:00+00:00,320.3999938964844,320.3999938964844,304.79998779296875,306.3999938964844,306.1842346191406,1905548,0.0,0.0
2023-11-13 00:00:00+00:00,308.3999938964844,308.3999938964844,301.6000061035156,304.20001220703125,303.9858093261719,1593532,0.0,0.0
2023-11-14 00:00:00+00:00,304.79998779296875,314.6000061035156,304.3999938964844,313.20001220703125,312.9794616699219,1599132,0.0,0.0
2023-11-15 00:00:00+00:00,315.6000061035156,323.0,315.20001220703125,317.20001220703125,316.9766540527344,1738212,0.0,0.0
2023-11-16 00:00:00+00:00,314.6000061035156,316.20001220703125,309.6000061035156,311.3999938964844,311.18072509765625,854716,0.0,0.0
2023-11-17 00:00:00+00:00,320.0,320.0,311.3999938964844,318.6000061035156,318.375732421875,1995930,0.0,0.0
2023-11-20 00:00:00+00:00,319.0,323.3999938964844,317.20001220703125,318.0,317.7760925292969,565072,0.0,0.0
2023-11-21 00:00:00+00:00,315.20001220703125,317.3999938964844,307.6000061035156,310.0,309.7817077636719,1723449,0.0,0.0
2023-11-22 00:00:00+00:00,317.0,317.0,306.6000061035156,311.6000061035156,311.3806457519531,2788856,0.0,0.0
2023-11-23 00:00:00+00:00,307.79998779296875,311.0,306.0,308.6000061035156,308.3827209472656,682153,0.0,0.0
2023-11-24 00:00:00+00:00,316.3999938964844,317.3999938964844,307.20001220703125,311.0,310.7810363769531,637803,0.0,0.0
2023-11-27 00:00:00+00:00,311.20001220703125,312.20001220703125,307.6000061035156,307.79998779296875,307.583251953125,1419569,0.0,0.0
2023-11-28 00:00:00+00:00,301.79998779296875,308.0,301.79998779296875,306.20001220703125,305.98443603515625,728126,0.0,0.0
2023-11-29 00:00:00+00:00,300.3999938964844,311.0,300.3999938964844,308.6000061035156,308.3827209472656,706361,0.0,0.0
2023-11-30 00:00:00+00:00,301.3999938964844,310.0,301.3999938964844,308.20001220703125,307.9830017089844,1993365,0.0,0.0
2023-12-01 00:00:00+00:00,301.79998779296875,310.3999938964844,301.79998779296875,308.3999938964844,308.182861328125,797552,0.0,0.0
2023-12-04 00:00:00+00:00,304.6000061035156,311.20001220703125,304.6000061035156,307.79998779296875,307.583251953125,4357324,0.0,0.0
2023-12-05 00:00:00+00:00,300.3999938964844,316.3999938964844,300.3999938964844,315.6000061035156,315.3778381347656,2793062,0.0,0.0
2023-12-06 00:00:00+00:00,310.6000061035156,317.6000061035156,310.6000061035156,314.6000061035156,314.3785400390625,4888213,0.0,0.0
2023-12-07 00:00:00+00:00,322.6000061035156,322.6000061035156,312.79998779296875,314.20001220703125,313.978759765625,1201354,0.0,0.0
2023-12-08 00:00:00+00:00,312.20001220703125,320.0,312.20001220703125,319.0,318.7754211425781,1038350,0.0,0.0
2023-12-11 00:00:00+00:00,326.20001220703125,326.20001220703125,319.20001220703125,321.3999938964844,321.1737060546875,1164738,0.0,0.0
2023-12-12 00:00:00+00:00,328.79998779296875,328.79998779296875,319.79998779296875,320.79998779296875,320.5741271972656,968672,0.0,0.0
2023-12-13 00:00:00+00:00,314.20001220703125,323.3999938964844,314.20001220703125,316.20001220703125,315.97735595703125,1413914,0.0,0.0
2023-12-14 00:00:00+00:00,322.0,327.0,320.6000061035156,320.6000061035156,320.3742980957031,2649724,0.0,0.0
2023-12-15 00:00:00+00:00,316.20001220703125,324.0,315.0,316.3999938964844,316.1772155761719,5131453,0.0,0.0
2023-12-18 00:00:00+00:00,308.3999938964844,316.6000061035156,308.3999938964844,316.0,315.7774963378906,1726269,0.0,0.0
2023-12-19 00:00:00+00:00,314.6000061035156,319.0,313.20001220703125,313.20001220703125,312.9794616699219,2076429,0.0,0.0
2023-12-20 00:00:00+00:00,322.3999938964844,322.3999938964844,314.0,319.20001220703125,318.97528076171875,4142939,0.0,0.0
2023-12-21 00:00:00+00:00,309.6000061035156,319.3999938964844,309.6000061035156,318.20001220703125,317.9759521484375,638191,0.0,0.0
2023-12-22 00:00:00+00:00,324.0,324.0,315.3999938964844,322.6000061035156,322.3728332519531,369989,0.0,0.0
2023-12-27 00:00:00+00:00,329.3999938964844,329.3999938964844,318.79998779296875,319.79998779296875,319.5747985839844,836069,0.0,0.0
2023-12-28 00:00:00+00:00,319.79998779296875,322.6000061035156,319.3999938964844,321.3999938964844,321.1737060546875,816331,0.0,0.0
2023-12-29 00:00:00+00:00,322.3999938964844,326.20001220703125,322.0,323.6000061035156,323.37213134765625,369356,0.0,0.0
2024-01-02 00:00:00+00:00,330.79998779296875,330.79998779296875,314.20001220703125,315.3999938964844,315.17791748046875,643234,0.0,0.0
2024-01-03 00:00:00+00:00,308.3999938964844,318.3999938964844,308.3999938964844,313.20001220703125,312.9794616699219,1286086,0.0,0.0
2024-01-04 00:00:00+00:00,311.79998779296875,315.79998779296875,310.0,314.0,313.7789001464844,1070259,0.0,0.0
2024-01-05 00:00:00+00:00,320.3999938964844,320.3999938964844,307.20001220703125,310.79998779296875,310.5811767578125,915635,0.0,0.0
2024-01-08 00:00:00+00:00,311.20001220703125,315.20001220703125,308.6000061035156,315.20001220703125,314.97808837890625,671304,0.0,0.0
2024-01-09 00:00:00+00:00,312.0,315.3999938964844,309.0,311.20001220703125,310.9809265136719,1519395,0.0,0.0
2024-01-10 00:00:00+00:00,302.6000061035156,311.6000061035156,302.20001220703125,311.6000061035156,311.3806457519531,768480,0.0,0.0
2024-01-11 00:00:00+00:00,304.6000061035156,318.20001220703125,304.6000061035156,311.0,310.7810363769531,2336408,0.0,0.0
2024-01-12 00:00:00+00:00,307.3999938964844,317.20001220703125,307.3999938964844,313.3999938964844,313.1793518066406,656327,0.0,0.0
2024-01-15 00:00:00+00:00,313.6000061035156,321.79998779296875,312.0,312.79998779296875,312.5797424316406,5374716,0.0,0.0
2024-01-16 00:00:00+00:00,320.0,320.0,310.0,315.0,314.7781982421875,6649533,0.0,0.0
2024-01-17 00:00:00+00:00,315.20001220703125,315.20001220703125,309.20001220703125,312.79998779296875,312.5797424316406,1212208,0.0,0.0
2024-01-18 00:00:00+00:00,315.0,317.6000061035156,310.79998779296875,312.6000061035156,312.3799133300781,1488115,0.0,0.0
2024-01-19 00:00:00+00:00,306.6000061035156,314.6000061035156,306.6000061035156,312.0,311.78033447265625,717891,0.0,0.0
2024-01-22 00:00:00+00:00,314.3999938964844,317.3999938964844,312.3999938964844,316.79998779296875,316.5769348144531,561587,0.0,0.0
2024-01-23 00:00:00+00:00,309.6000061035156,318.0,309.6000061035156,313.0,312.7796325683594,1098600,0.0,0.0
2024-01-24 00:00:00+00:00,321.0,321.0,312.6000061035156,314.79998779296875,314.578369140625,781071,0.0,0.0
2024-01-25 00:00:00+00:00,310.79998779296875,315.3999938964844,310.3999938964844,313.20001220703125,312.9794616699219,1057243,0.0,0.0
2024-01-26 00:00:00+00:00,311.0,316.79998779296875,311.0,315.20001220703125,314.97808837890625,4504226,0.0,0.0
2024-01-29 00:00:00+00:00,321.6000061035156,321.6000061035156,305.20001220703125,308.20001220703125,307.9830017089844,2551385,0.0,0.0
2024-01-30 00:00:00+00:00,307.20001220703125,314.79998779296875,303.6000061035156,313.0,312.7796325683594,1107866,0.0,0.0
2024-01-31 00:00:00+00:00,318.3999938964844,318.3999938964844,311.79998779296875,313.3999938964844,313.1793518066406,1942684,0.0,0.0
2024-02-01 00:00:00+00:00,305.0,321.79998779296875,305.0,320.3999938964844,320.1744079589844,1065994,0.0,0.0
2024-02-02 00:00:00+00:00,322.3999938964844,324.6000061035156,317.20001220703125,318.0,317.7760925292969,645437,0.0,0.0
2024-02-05 00:00:00+00:00,312.20001220703125,319.20001220703125,310.3999938964844,310.3999938964844,310.1814270019531,697662,0.0,0.0
2024-02-06 00:00:00+00:00,305.3999938964844,315.6000061035156,305.3999938964844,315.0,314.7781982421875,2654734,0.0,0.0
2024-02-07 00:00:00+00:00,314.20001220703125,317.20001220703125,312.3999938964844,317.20001220703125,316.9766540527344,791315,0.0,0.0
2024-02-08 00:00:00+00:00,323.20001220703125,323.20001220703125,318.0,318.20001220703125,317.9759521484375,862456,0.0,0.0
2024-02-09 00:00:00+00:00,319.0,319.79998779296875,316.20001220703125,316.79998779296875,316.5769348144531,4117678,0.0,0.0
2024-02-12 00:00:00+00:00,315.0,319.6000061035156,315.0,316.6000061035156,316.3771057128906,1300364,0.0,0.0
2024-02-13 00:00:00+00:00,314.3999938964844,315.6000061035156,307.3999938964844,311.79998779296875,311.5804138183594,704232,0.0,0.0
2024-02-14 00:00:00+00:00,307.20001220703125,316.6000061035156,307.20001220703125,315.3999938964844,315.17791748046875,873666,0.0,0.0
2024-02-15 00:00:00+00:00,318.0,320.0,315.20001220703125,316.20001220703125,315.97735595703125,688179,0.0,0.0
2024-02-16 00:00:00+00:00,317.6000061035156,321.20001220703125,317.20001220703125,321.20001220703125,320.973876953125,844358,0.0,0.0
2024-02-19 00:00:00+00:00,320.3999938964844,320.6000061035156,317.79998779296875,320.0,319.7746887207031,667360,0.0,0.0
2024-02-20 00:00:00+00:00,320.0,321.0,315.6000061035156,317.6000061035156,317.3763732910156,1055331,0.0,0.0
2024-02-21 00:00:00+00:00,317.6000061035156,318.0,315.6000061035156,316.0,315.7774963378906,1067346,0.0,0.0
2024-02-22 00:00:00+00:00,323.3999938964844,323.3999938964844,315.6000061035156,318.20001220703125,317.9759521484375,1168033,0.0,0.0
2024-02-23 00:00:00+00:00,319.6000061035156,319.6000061035156,314.3999938964844,314.3999938964844,314.1786193847656,3124848,0.0,0.0
2024-02-26 00:00:00+00:00,308.20001220703125,315.0,308.20001220703125,313.3999938964844,313.1793518066406,1263981,0.0,0.0
2024-02-27 00:00:00+00:00,319.3999938964844,319.3999938964844,312.3999938964844,314.6000061035156,314.3785400390625,1297039,0.0,0.0
2024-02-28 00:00:00+00:00,316.0,316.0,308.6000061035156,309.20001220703125,308.9822998046875,903040,0.0,0.0
2024-02-29 00:00:00+00:00,310.79998779296875,311.79998779296875,306.3999938964844,308.3999938964844,308.182861328125,3846913,0.0,0.0
2024-03-01 00:00:00+00:00,312.3999938964844,312.3999938964844,307.0,310.79998779296875,310.5811767578125,2137624,0.0,0.0
2024-03-04 00:00:00+00:00,311.79998779296875,316.20001220703125,309.3999938964844,316.20001220703125,315.97735595703125,2082905,0.0,0.0
2024-03-05 00:00:00+00:00,318.6000061035156,336.3999938964844,314.20001220703125,327.79998779296875,327.5691833496094,2038136,0.0,0.0
2024-03-06 00:00:00+00:00,313.79998779296875,327.3999938964844,308.20001220703125,325.79998779296875,325.5705871582031,2440491,0.0,0.0
2024-03-07 00:00:00+00:00,322.0,326.20001220703125,322.0,323.6000061035156,323.37213134765625,881787,0.0,0.0
2024-03-08 00:00:00+00:00,325.79998779296875,326.0,320.0,324.20001220703125,323.97174072265625,878486,0.0,0.0
2024-03-11 00:00:00+00:00,324.6000061035156,325.6000061035156,321.6000061035156,324.3999938964844,324.1716003417969,1084455,0.0,0.0
2024-03-12 00:00:00+00:00,326.6000061035156,326.6000061035156,321.20001220703125,324.20001220703125,323.97174072265625,1538115,0.0,0.0
2024-03-13 00:00:00+00:00,330.0,330.0,319.2690124511719,323.79998779296875,323.5719909667969,2278125,0.0,0.0
2024-03-14 00:00:00+00:00,323.6000061035156,325.20001220703125,322.0,324.3999938964844,324.1716003417969,1439536,0.0,0.0
2024-03-15 00:00:00+00:00,322.6000061035156,333.3999938964844,322.6000061035156,329.20001220703125,328.96826171875,6434279,0.0,0.0
2024-03-18 00:00:00+00:00,338.3999938964844,338.3999938964844,325.6000061035156,326.79998779296875,326.56988525390625,615524,0.0,0.0
2024-03-19 00:00:00+00:00,325.79998779296875,328.6000061035156,323.9540100097656,326.20001220703125,325.9703369140625,2687443,0.0,0.0
2024-03-20 00:00:00+00:00,331.3999938964844,331.3999938964844,325.3999938964844,326.3999938964844,326.1701354980469,2672238,0.0,0.0
2024-03-21 00:00:00+00:00,331.3999938964844,333.3999938964844,323.20001220703125,333.3999938964844,333.1652526855469,4112844,0.0,0.0
2024-03-22 00:00:00+00:00,340.0,340.0,325.20001220703125,336.79998779296875,336.5628967285156,1534498,0.0,0.0
2024-03-25 00:00:00+00:00,329.3999938964844,335.6000061035156,326.3999938964844,326.3999938964844,326.1701354980469,1868088,0.0,0.0
2024-03-26 00:00:00+00:00,320.79998779296875,329.0,320.79998779296875,328.79998779296875,328.5685119628906,872853,0.0,0.0
2024-03-27 00:00:00+00:00,336.20001220703125,336.20001220703125,326.697998046875,326.79998779296875,326.56988525390625,703787,0.0,0.0
2024-03-28 00:00:00+00:00,320.20001220703125,329.20001220703125,320.20001220703125,328.79998779296875,328.5685119628906,2124989,0.0,0.0
2024-04-02 00:00:00+01:00,336.20001220703125,336.20001220703125,324.79998779296875,324.79998779296875,324.5713195800781,899531,0.0,0.0
2024-04-03 00:00:00+01:00,320.6000061035156,327.0,320.6000061035156,325.79998779296875,325.5705871582031,1122159,0.0,0.0
2024-04-04 00:00:00+01:00,318.3999938964844,328.79998779296875,318.3999938964844,325.20001220703125,324.9710693359375,1259694,0.0,0.0
2024-04-05 00:00:00+01:00,321.3999938964844,326.15899658203125,321.3999938964844,323.79998779296875,323.5719909667969,1607663,0.0,0.0
2024-04-08 00:00:00+01:00,324.3999938964844,328.0,323.0,325.3999938964844,325.1708679199219,948658,0.0,0.0
2024-04-09 00:00:00+01:00,325.0,335.0,324.3999938964844,328.0,327.7690734863281,5356009,0.0,0.0
2024-04-10 00:00:00+01:00,320.79998779296875,331.3999938964844,320.79998779296875,328.79998779296875,328.5685119628906,799671,0.0,0.0
2024-04-11 00:00:00+01:00,335.79998779296875,335.79998779296875,325.79998779296875,327.20001220703125,326.9696350097656,3911742,0.0,0.0
2024-04-12 00:00:00+01:00,335.0,335.0,323.6000061035156,326.20001220703125,325.9703369140625,815196,0.0,0.0
2024-04-15 00:00:00+01:00,320.0,331.79998779296875,320.0,328.3999938964844,328.1687927246094,1147977,0.0,0.0
2024-04-16 00:00:00+01:00,323.6000061035156,324.6000061035156,318.6000061035156,323.79998779296875,323.5719909667969,1737449,0.0,0.0
2024-04-17 00:00:00+01:00,320.0,326.20001220703125,319.0,320.3999938964844,320.1744079589844,733070,0.0,0.0
2024-04-18 00:00:00+01:00,327.3999938964844,327.3999938964844,314.20001220703125,316.6000061035156,316.42303466796875,882739,4.65,0.0
2024-04-19 00:00:00+01:00,316.0,316.20001220703125,310.92999267578125,316.20001220703125,316.0232238769531,933283,0.0,0.0
2024-04-22 00:00:00+01:00,307.0,320.0,307.0,316.3999938964844,316.2231140136719,814745,0.0,0.0
2024-04-23 00:00:00+01:00,311.3999938964844,318.20001220703125,311.3999938964844,316.0,315.8233337402344,1085409,0.0,0.0
2024-04-24 00:00:00+01:00,317.0,317.0,309.0,309.0,308.8272705078125,2366585,0.0,0.0
2024-04-25 00:00:00+01:00,304.0,311.0,304.0,309.79998779296875,309.6268310546875,1544674,0.0,0.0
2024-04-26 00:00:00+01:00,312.3999938964844,312.6000061035156,308.6000061035156,311.3999938964844,311.22589111328125,1399022,0.0,0.0
2024-04-29 00:00:00+01:00,311.79998779296875,317.0,305.3999938964844,316.0,315.8233337402344,697199,0.0,0.0
2024-04-30 00:00:00+01:00,309.0,329.79998779296875,309.0,323.3999938964844,323.2192077636719,1575269,0.0,0.0
2024-05-01 00:00:00+01:00,324.6000061035156,325.3699951171875,320.30499267578125,323.0,322.8194580078125,573020,0.0,0.0
2024-05-02 00:00:00+01:00,329.6000061035156,327.79998779296875,320.0,319.3999938964844,319.221435546875,1104558,0.0,0.0
2024-05-03 00:00:00+01:00,329.20001220703125,329.20001220703125,320.239990234375,325.0,324.8183288574219,1295361,0.0,0.0
2024-05-07 00:00:00+01:00,317.79998779296875,331.20001220703125,317.79998779296875,331.20001220703125,331.01483154296875,1826568,0.0,0.0
2024-05-08 00:00:00+01:00,331.6000061035156,338.85198974609375,331.1340026855469,337.3999938964844,337.2113952636719,1722887,0.0,0.0
2024-05-09 00:00:00+01:00,342.20001220703125,342.20001220703125,335.0,338.20001220703125,338.0109558105469,494466,0.0,0.0
2024-05-10 00:00:00+01:00,339.6000061035156,344.5069885253906,337.0,340.6000061035156,340.40960693359375,1419201,0.0,0.0
2024-05-13 00:00:00+01:00,341.20001220703125,343.9700012207031,338.0,339.20001220703125,339.0103759765625,1104181,0.0,0.0
2024-05-14 00:00:00+01:00,331.6000061035156,339.3999938964844,328.79998779296875,336.79998779296875,336.6117248535156,718287,0.0,0.0
2024-05-15 00:00:00+01:00,341.79998779296875,341.79998779296875,334.6000061035156,337.79998779296875,337.61114501953125,902701,0.0,0.0
2024-05-16 00:00:00+01:00,337.6000061035156,338.79998779296875,335.79998779296875,336.0,335.8121643066406,634152,0.0,0.0
2024-05-17 00:00:00+01:00,332.0,336.20001220703125,332.0,334.6000061035156,334.4129638671875,1890014,0.0,0.0
2024-05-20 00:00:00+01:00,340.0,341.6000061035156,335.08599853515625,340.6000061035156,340.40960693359375,787396,0.0,0.0
2024-05-21 00:00:00+01:00,341.0,346.3999938964844,339.1000061035156,342.3999938964844,342.2085876464844,1752741,0.0,0.0
2024-05-22 00:00:00+01:00,339.79998779296875,343.6000061035156,339.20001220703125,342.6000061035156,342.4084777832031,778458,0.0,0.0
2024-05-23 00:00:00+01:00,348.0,348.0,341.20001220703125,341.20001220703125,341.00927734375,889412,0.0,0.0
2024-05-24 00:00:00+01:00,335.79998779296875,344.8919982910156,335.79998779296875,343.79998779296875,343.6078186035156,1481051,0.0,0.0
2024-05-28 00:00:00+01:00,344.0,345.0,338.79998779296875,340.3999938964844,340.209716796875,1069998,0.0,0.0
2024-05-29 00:00:00+01:00,340.6000061035156,340.6000061035156,334.6000061035156,335.0,334.8127136230469,1074122,0.0,0.0
2024-05-30 00:00:00+01:00,335.79998779296875,341.20001220703125,334.0,338.20001220703125,338.0109558105469,1316434,0.0,0.0
2024-05-31 00:00:00+01:00,338.3999938964844,340.0,335.8479919433594,338.3999938964844,338.2108154296875,2916308,0.0,0.0
2024-06-03 00:00:00+01:00,340.79998779296875,343.0,338.0,339.0,338.8104553222656,891835,0.0,0.0
2024-06-04 00:00:00+01:00,337.20001220703125,338.3999938964844,332.79998779296875,332.79998779296875,332.6139831542969,1213904,0.0,0.0
2024-06-05 00:00:00+01:00,333.20001220703125,334.0,328.20001220703125,332.0,331.8144226074219,1755324,0.0,0.0
2024-06-06 00:00:00+01:00,335.0,335.0,330.3999938964844,331.20001220703125,331.01483154296875,944642,0.0,0.0
2024-06-07 00:00:00+01:00,334.20001220703125,337.0,329.3999938964844,335.20001220703125,335.0126037597656,1396858,0.0,0.0
2024-06-10 00:00:00+01:00,332.0,335.0,330.3999938964844,334.0,333.813232421875,948152,0.0,0.0
2024-06-11 00:00:00+01:00,325.20001220703125,336.6000061035156,325.20001220703125,331.6000061035156,331.41461181640625,758968,0.0,0.0
2024-06-12 00:00:00+01:00,325.0,335.0,325.0,335.0,334.8127136230469,874037,0.0,0.0
2024-06-13 00:00:00+01:00,337.20001220703125,337.20001220703125,326.20001220703125,326.20001220703125,326.0176696777344,1103706,0.0,0.0
2024-06-14 00:00:00+01:00,327.3999938964844,327.6000061035156,322.0,323.20001220703125,323.0193176269531,618348,0.0,0.0
2024-06-17 00:00:00+01:00,315.3999938964844,326.0,315.3999938964844,325.0,324.8183288574219,1304882,0.0,0.0
2024-06-18 00:00:00+01:00,317.6000061035156,330.20001220703125,317.6000061035156,328.79998779296875,328.6162109375,2100616,0.0,0.0
2024-06-19 00:00:00+01:00,338.0,338.0,327.6000061035156,329.3999938964844,329.2158508300781,1445590,0.0,0.0
2024-06-20 00:00:00+01:00,327.20001220703125,332.1969909667969,326.79998779296875,328.79998779296875,328.6162109375,1077188,0.0,0.0
2024-06-21 00:00:00+01:00,323.6000061035156,330.0,323.6000061035156,326.79998779296875,326.6172790527344,2591658,0.0,0.0
2024-06-24 00:00:00+01:00,327.3999938964844,332.79998779296875,325.20001220703125,332.79998779296875,332.6139831542969,957100,0.0,0.0
2024-06-25 00:00:00+01:00,337.6000061035156,337.6000061035156,325.6000061035156,325.6000061035156,325.41796875,620893,0.0,0.0
2024-06-26 00:00:00+01:00,328.20001220703125,338.6000061035156,328.20001220703125,334.79998779296875,334.6128234863281,3249069,0.0,0.0
2024-06-27 00:00:00+01:00,339.79998779296875,341.3999938964844,334.3999938964844,340.0,339.8099060058594,1361636,0.0,0.0
2024-06-28 00:00:00+01:00,341.0,341.79998779296875,334.3999938964844,336.79998779296875,336.6117248535156,972469,0.0,0.0
2024-07-01 00:00:00+01:00,335.6000061035156,338.6000061035156,330.0,330.0,329.8155212402344,1113114,0.0,0.0
2024-07-02 00:00:00+01:00,329.79998779296875,333.20001220703125,321.79998779296875,332.3999938964844,332.2142028808594,4432349,0.0,0.0
2024-07-03 00:00:00+01:00,335.79998779296875,335.79998779296875,324.6000061035156,333.79998779296875,333.6134033203125,961980,0.0,0.0
2024-07-04 00:00:00+01:00,339.0,339.0,334.3999938964844,335.79998779296875,335.6122741699219,353898,0.0,0.0
2024-07-05 00:00:00+01:00,336.0,340.6000061035156,332.3999938964844,333.6000061035156,333.41351318359375,1221438,0.0,0.0
2024-07-08 00:00:00+01:00,330.20001220703125,335.79998779296875,328.3999938964844,328.3999938964844,328.2164306640625,1741567,0.0,0.0
2024-07-09 00:00:00+01:00,328.6000061035156,331.3999938964844,325.79998779296875,330.3999938964844,330.21527099609375,1606569,0.0,0.0
2024-07-10 00:00:00+01:00,328.0,335.20001220703125,328.0,334.6000061035156,334.4129638671875,894268,0.0,0.0
2024-07-11 00:00:00+01:00,340.3999938964844,345.0,334.6000061035156,345.0,344.80712890625,1282544,0.0,0.0
2024-07-12 00:00:00+01:00,335.3999938964844,348.79998779296875,335.3999938964844,347.0,346.8059997558594,649892,0.0,0.0
2024-07-15 00:00:00+01:00,348.79998779296875,350.0849914550781,345.20001220703125,346.20001220703125,346.0064697265625,826055,0.0,0.0
2024-07-16 00:00:00+01:00,341.20001220703125,348.0,341.20001220703125,348.0,347.8054504394531,618871,0.0,0.0
2024-07-17 00:00:00+01:00,349.0,349.0,342.6000061035156,344.79998779296875,344.60723876953125,802366,0.0,0.0
2024-07-18 00:00:00+01:00,341.3999938964844,353.4620056152344,341.3999938964844,351.79998779296875,351.6033630371094,1145536,0.0,0.0
2024-07-19 00:00:00+01:00,351.0,352.3999938964844,344.79998779296875,350.6000061035156,350.4040222167969,1124602,0.0,0.0
2024-07-22 00:00:00+01:00,358.79998779296875,358.79998779296875,351.6000061035156,352.79998779296875,352.602783203125,679947,0.0,0.0
2024-07-23 00:00:00+01:00,345.20001220703125,353.6000061035156,345.20001220703125,348.79998779296875,348.6050109863281,744298,0.0,0.0
2024-07-24 00:00:00+01:00,346.20001220703125,349.0,344.3999938964844,346.79998779296875,346.6061096191406,3446011,0.0,0.0
2024-07-25 00:00:00+01:00,339.20001220703125,345.20001220703125,337.3999938964844,344.0,343.80767822265625,1289735,0.0,0.0
2024-07-26 00:00:00+01:00,335.3999938964844,352.20001220703125,335.3999938964844,350.20001220703125,350.0042419433594,711306,0.0,0.0
2024-07-29 00:00:00+01:00,353.3999938964844,355.20001220703125,350.79998779296875,352.79998779296875,352.602783203125,773680,0.0,0.0
2024-07-30 00:00:00+01:00,352.3999938964844,358.20001220703125,350.3999938964844,356.0,355.8009948730469,986174,0.0,0.0
2024-07-31 00:00:00+01:00,357.6000061035156,361.79998779296875,357.6000061035156,361.79998779296875,361.59771728515625,1647668,0.0,0.0
2024-08-01 00:00:00+01:00,355.79998779296875,363.0,351.6000061035156,351.6000061035156,351.4034423828125,1330554,0.0,0.0
2024-08-02 00:00:00+01:00,351.20001220703125,351.3999938964844,335.3999938964844,336.6000061035156,336.4118347167969,1487518,0.0,0.0
2024-08-05 00:00:00+01:00,328.79998779296875,334.6000061035156,324.0,330.20001220703125,330.0154113769531,1801617,0.0,0.0
2024-08-06 00:00:00+01:00,337.6000061035156,344.79998779296875,325.20001220703125,328.20001220703125,328.0165100097656,2166712,0.0,0.0
2024-08-07 00:00:00+01:00,331.20001220703125,332.79998779296875,323.6000061035156,324.6000061035156,324.41851806640625,4243664,0.0,0.0
2024-08-08 00:00:00+01:00,329.79998779296875,329.79998779296875,314.6000061035156,320.6000061035156,320.4208068847656,1210125,0.0,0.0
2024-08-09 00:00:00+01:00,328.3999938964844,328.3999938964844,321.6000061035156,326.0,325.8177490234375,2815092,0.0,0.0
2024-08-12 00:00:00+01:00,327.79998779296875,332.20001220703125,325.5249938964844,330.20001220703125,330.0154113769531,4007872,0.0,0.0
2024-08-13 00:00:00+01:00,327.20001220703125,332.20001220703125,327.20001220703125,328.79998779296875,328.6162109375,3832725,0.0,0.0
2024-08-14 00:00:00+01:00,322.3999938964844,332.3999938964844,322.3999938964844,329.0,328.81610107421875,989036,0.0,0.0
2024-08-15 00:00:00+01:00,329.0,331.81500244140625,324.6000061035156,329.3999938964844,329.2433776855469,3986617,2.75,0.0
2024-08-16 00:00:00+01:00,328.20001220703125,329.79998779296875,324.79998779296875,328.6000061035156,328.4437561035156,1268613,0.0,0.0
2024-08-19 00:00:00+01:00,319.79998779296875,331.6000061035156,319.79998779296875,330.6000061035156,330.44281005859375,637696,0.0,0.0
2024-08-20 00:00:00+01:00,326.3999938964844,333.3999938964844,326.3999938964844,327.79998779296875,327.64410400390625,839524,0.0,0.0
2024-08-21 00:00:00+01:00,330.79998779296875,331.20001220703125,327.79998779296875,331.0,330.84259033203125,911689,0.0,0.0
2024-08-22 00:00:00+01:00,332.0,332.20001220703125,328.3999938964844,329.6000061035156,329.4432373046875,612282,0.0,0.0
2024-08-23 00:00:00+01:00,326.3999938964844,331.6000061035156,326.3999938964844,330.6000061035156,330.44281005859375,360019,0.0,0.0
2024-08-27 00:00:00+01:00,328.0,331.0,326.20001220703125,327.20001220703125,327.0444030761719,1756181,0.0,0.0
2024-08-28 00:00:00+01:00,320.3999938964844,331.6000061035156,320.3999938964844,330.0,329.84307861328125,1604838,0.0,0.0
2024-08-29 00:00:00+01:00,329.6000061035156,334.0,329.3999938964844,331.79998779296875,331.6422119140625,2926341,0.0,0.0
2024-08-30 00:00:00+01:00,325.20001220703125,334.1199951171875,325.20001220703125,333.20001220703125,333.04156494140625,7788365,0.0,0.0
2024-09-02 00:00:00+01:00,336.0,336.0,328.20001220703125,331.6000061035156,331.44232177734375,600652,0.0,0.0
2024-09-03 00:00:00+01:00,334.0,334.0,323.3999938964844,326.20001220703125,326.0448913574219,1219421,0.0,0.0
2024-09-04 00:00:00+01:00,316.6000061035156,322.0199890136719,316.6000061035156,321.79998779296875,321.64697265625,1340159,0.0,0.0
2024-09-05 00:00:00+01:00,326.6000061035156,326.6000061035156,315.3999938964844,316.3999938964844,316.2495422363281,896394,0.0,0.0
2024-09-06 00:00:00+01:00,315.0,320.49200439453125,313.3999938964844,316.79998779296875,316.64935302734375,1468437,0.0,0.0
2024-09-09 00:00:00+01:00,319.20001220703125,321.3999938964844,317.20001220703125,321.3999938964844,321.2471618652344,1114651,0.0,0.0
2024-09-10 00:00:00+01:00,319.79998779296875,322.79998779296875,318.79998779296875,322.6000061035156,322.44659423828125,744425,0.0,0.0
2024-09-11 00:00:00+01:00,329.20001220703125,331.79998779296875,322.20001220703125,323.20001220703125,323.0462951660156,3124752,0.0,0.0
2024-09-12 00:00:00+01:00,327.0,327.3999938964844,319.79998779296875,323.3999938964844,323.2462158203125,4300333,0.0,0.0
2024-09-13 00:00:00+01:00,328.3999938964844,332.6000061035156,324.22698974609375,328.20001220703125,328.0439453125,2833388,0.0,0.0
2024-09-16 00:00:00+01:00,335.3999938964844,335.3999938964844,327.20001220703125,329.20001220703125,329.04345703125,637891,0.0,0.0
2024-09-17 00:00:00+01:00,333.0,333.0,329.3999938964844,330.0,329.84307861328125,1496852,0.0,0.0
2024-09-18 00:00:00+01:00,338.20001220703125,338.20001220703125,326.20001220703125,326.3999938964844,326.2447814941406,1127898,0.0,0.0
2024-09-19 00:00:00+01:00,335.3999938964844,336.3999938964844,328.79998779296875,336.3999938964844,336.24005126953125,6862649,0.0,0.0
2024-09-20 00:00:00+01:00,336.6000061035156,337.20001220703125,327.6000061035156,328.3999938964844,328.2438659667969,2998855,0.0,0.0
2024-09-23 00:00:00+01:00,331.6000061035156,334.6000061035156,326.6000061035156,333.6000061035156,333.44134521484375,1267080,0.0,0.0
2024-09-24 00:00:00+01:00,335.0,338.20001220703125,330.20001220703125,331.6000061035156,331.44232177734375,1890418,0.0,0.0
2024-09-25 00:00:00+01:00,330.20001220703125,333.79998779296875,330.20001220703125,330.3999938964844,330.2428894042969,575112,0.0,0.0
2024-09-26 00:00:00+01:00,338.6000061035156,340.6000061035156,333.79998779296875,338.0,337.8392639160156,3682916,0.0,0.0
2024-09-27 00:00:00+01:00,346.6000061035156,346.6000061035156,335.6000061035156,339.0,338.8387756347656,1023657,0.0,0.0
2024-09-30 00:00:00+01:00,342.0,342.0,332.3999938964844,333.3999938964844,333.241455078125,1594571,0.0,0.0
2024-10-01 00:00:00+01:00,341.0,341.0,329.3999938964844,330.3999938964844,330.2428894042969,1270956,0.0,0.0
2024-10-02 00:00:00+01:00,330.6000061035156,331.79998779296875,327.79998779296875,330.0,329.84307861328125,1429648,0.0,0.0
2024-10-03 00:00:00+01:00,333.0,333.0,327.79998779296875,329.20001220703125,329.04345703125,520631,0.0,0.0
2024-10-04 00:00:00+01:00,328.20001220703125,332.79998779296875,327.79998779296875,330.0,329.84307861328125,555646,0.0,0.0
2024-10-07 00:00:00+01:00,324.6000061035156,330.3999938964844,324.6000061035156,329.6000061035156,329.4432373046875,808375,0.0,0.0
2024-10-08 00:00:00+01:00,328.0,328.0,324.3999938964844,324.3999938964844,324.2457580566406,1340319,0.0,0.0
2024-10-09 00:00:00+01:00,328.79998779296875,330.3999938964844,326.6000061035156,329.20001220703125,329.04345703125,1419695,0.0,0.0
2024-10-10 00:00:00+01:00,329.20001220703125,330.6000061035156,324.79998779296875,324.79998779296875,324.64556884765625,907421,0.0,0.0
2024-10-11 00:00:00+01:00,319.6000061035156,328.79998779296875,319.6000061035156,325.20001220703125,325.0453796386719,1446618,0.0,0.0
2024-10-14 00:00:00+01:00,322.0,327.8190002441406,322.0,324.6000061035156,324.4456481933594,852416,0.0,0.0
2024-10-15 00:00:00+01:00,324.0,327.0,321.3999938964844,323.79998779296875,323.6460266113281,1045960,0.0,0.0
2024-10-16 00:00:00+01:00,322.1600036621094,325.20001220703125,322.3999938964844,322.6000061035156,322.44659423828125,937843,0.0,0.0
2024-10-17 00:00:00+01:00,331.20001220703125,331.20001220703125,322.20001220703125,324.20001220703125,324.04583740234375,930780,0.0,0.0
2024-10-18 00:00:00+01:00,321.20001220703125,325.79998779296875,318.2560119628906,323.20001220703125,323.0462951660156,1154965,0.0,0.0
2024-10-21 00:00:00+01:00,323.0,325.0,317.3999938964844,318.3999938964844,318.24859619140625,882472,0.0,0.0
2024-10-22 00:00:00+01:00,324.79998779296875,324.79998779296875,316.3999938964844,320.20001220703125,320.0477600097656,880593,0.0,0.0
2024-10-23 00:00:00+01:00,320.0,321.79998779296875,315.6000061035156,316.3999938964844,316.2495422363281,856129,0.0,0.0
2024-10-24 00:00:00+01:00,317.0,319.20001220703125,316.3999938964844,316.3999938964844,316.2495422363281,529960,0.0,0.0
2024-10-25 00:00:00+01:00,315.0,317.20001220703125,313.20001220703125,314.3999938964844,314.25048828125,1580948,0.0,0.0
2024-10-28 00:00:00+00:00,314.20001220703125,317.3999938964844,314.0,315.20001220703125,315.05010986328125,672082,0.0,0.0
2024-10-29 00:00:00+00:00,315.0,316.21600341796875,307.6000061035156,309.6000061035156,309.4527893066406,842375,0.0,0.0
2024-10-30 00:00:00+00:00,307.0,310.6000061035156,305.6000061035156,306.79998779296875,306.6540832519531,1266748,0.0,0.0
2024-10-31 00:00:00+00:00,304.0,306.6000061035156,297.3999938964844,300.3999938964844,300.25714111328125,3749360,0.0,0.0
2024-11-01 00:00:00+00:00,299.0,303.79998779296875,298.6000061035156,302.3999938964844,302.2561950683594,3198923,0.0,0.0
2024-11-04 00:00:00+00:00,302.0,304.0,301.3999938964844,301.79998779296875,301.656494140625,586626,0.0,0.0
2024-11-05 00:00:00+00:00,298.0,303.6000061035156,298.0,302.20001220703125,302.05633544921875,1496270,0.0,0.0
2024-11-06 00:00:00+00:00,307.0,309.0,303.79998779296875,304.3999938964844,304.2552490234375,4591500,0.0,0.0
2024-11-07 00:00:00+00:00,299.0,316.0,299.0,316.0,315.8497314453125,2046652,0.0,0.0
2024-11-08 00:00:00+00:00,315.0,320.6000061035156,315.0,320.6000061035156,320.44757080078125,1648129,0.0,0.0
2024-11-11 00:00:00+00:00,320.3999938964844,326.20001220703125,320.3999938964844,325.6000061035156,325.4451904296875,4556520,0.0,0.0
2024-11-12 00:00:00+00:00,323.6000061035156,324.3999938964844,318.6000061035156,318.6000061035156,318.4485168457031,2932277,0.0,0.0
2024-11-13 00:00:00+00:00,317.3999938964844,319.6000061035156,312.79998779296875,317.79998779296875,317.64886474609375,1168720,0.0,0.0
2024-11-14 00:00:00+00:00,317.0,319.0,315.3999938964844,318.79998779296875,318.64837646484375,1550434,0.0,0.0
2024-11-15 00:00:00+00:00,316.6000061035156,319.3999938964844,315.79998779296875,316.20001220703125,316.0496520996094,2504086,0.0,0.0
2024-11-18 00:00:00+00:00,316.79998779296875,319.0,315.20001220703125,317.79998779296875,317.64886474609375,1426602,0.0,0.0
2024-11-19 00:00:00+00:00,318.20001220703125,319.79998779296875,313.0,314.6000061035156,314.4504089355469,2130830,0.0,0.0
2024-11-20 00:00:00+00:00,320.79998779296875,331.79998779296875,314.6000061035156,314.6000061035156,314.4504089355469,9093817,0.0,0.0
2024-11-21 00:00:00+00:00,315.0,320.20001220703125,313.20001220703125,318.79998779296875,318.64837646484375,4761972,0.0,0.0
2024-11-22 00:00:00+00:00,311.0,331.3999938964844,311.0,330.6000061035156,330.44281005859375,5951320,0.0,0.0
2024-11-25 00:00:00+00:00,329.6000061035156,333.20001220703125,329.3999938964844,333.20001220703125,333.04156494140625,4557226,0.0,0.0
2024-11-26 00:00:00+00:00,330.3999938964844,330.79998779296875,327.3999938964844,328.0,327.84405517578125,739704,0.0,0.0
2024-11-27 00:00:00+00:00,326.79998779296875,330.3999938964844,326.79998779296875,329.0,328.84356689453125,1085944,0.0,0.0
2024-11-28 00:00:00+00:00,329.6000061035156,331.79998779296875,329.0,331.0,330.84259033203125,643551,0.0,0.0
2024-11-29 00:00:00+00:00,331.0,333.79998779296875,330.79998779296875,333.20001220703125,333.04156494140625,1886108,0.0,0.0
2024-12-02 00:00:00+00:00,331.79998779296875,334.20001220703125,328.20001220703125,328.3999938964844,328.2438659667969,1607104,0.0,0.0
2024-12-03 00:00:00+00:00,328.3999938964844,330.20001220703125,327.79998779296875,330.20001220703125,330.0429992675781,1838055,0.0,0.0
2024-12-04 00:00:00+00:00,330.20001220703125,334.0,330.20001220703125,332.3999938964844,332.2419738769531,892141,0.0,0.0
2024-12-05 00:00:00+00:00,332.20001220703125,334.20001220703125,329.3999938964844,330.20001220703125,330.0429992675781,1198390,0.0,0.0
2024-12-06 00:00:00+00:00,330.0,332.0,327.79998779296875,331.3999938964844,331.2424011230469,770352,0.0,0.0
2024-12-09 00:00:00+00:00,333.6000061035156,334.20001220703125,329.0,332.20001220703125,332.04205322265625,1734992,0.0,0.0
2024-12-10 00:00:00+00:00,329.3999938964844,331.79998779296875,329.3999938964844,331.0,330.84259033203125,805108,0.0,0.0
2024-12-11 00:00:00+00:00,328.0,331.20001220703125,327.3580017089844,330.20001220703125,330.0429992675781,863811,0.0,0.0
2024-12-12 00:00:00+00:00,329.20001220703125,330.3999938964844,325.20001220703125,327.3999938964844,327.2442932128906,689775,0.0,0.0
2024-12-13 00:00:00+00:00,325.0,329.3999938964844,324.20001220703125,325.20001220703125,325.0453796386719,1263763,0.0,0.0
2024-12-16 00:00:00+00:00,322.20001220703125,325.3999938964844,320.3999938964844,322.79998779296875,322.646484375,1088041,0.0,0.0
2024-12-17 00:00:00+00:00,318.6000061035156,324.20001220703125,313.79998779296875,314.0,313.8507080078125,2064032,0.0,0.0
2024-12-18 00:00:00+00:00,314.6000061035156,319.79998779296875,313.6000061035156,316.3999938964844,316.2495422363281,1590577,0.0,0.0
2024-12-19 00:00:00+00:00,322.6000061035156,322.6000061035156,310.20001220703125,316.20001220703125,316.0496520996094,1914676,0.0,0.0
2024-12-20 00:00:00+00:00,312.79998779296875,318.0,311.6000061035156,316.3999938964844,316.2495422363281,2771886,0.0,0.0
2024-12-23 00:00:00+00:00,315.0,316.3999938964844,312.1000061035156,312.79998779296875,312.6512451171875,385353,0.0,0.0
2024-12-24 00:00:00+00:00,319.3999938964844,319.3999938964844,313.6000061035156,315.20001220703125,315.05010986328125,173254,0.0,0.0
2024-12-27 00:00:00+00:00,314.6000061035156,315.6000061035156,309.79998779296875,314.20001220703125,314.05059814453125,310731,0.0,0.0
2024-12-30 00:00:00+00:00,307.0,311.79998779296875,307.0,311.6000061035156,311.4518127441406,537567,0.0,0.0
2024-12-31 00:00:00+00:00,317.20001220703125,317.20001220703125,310.20001220703125,313.79998779296875,313.6507568359375,252492,0.0,0.0
2025-01-02 00:00:00+00:00,313.6000061035156,316.20001220703125,310.6000061035156,315.20001220703125,315.05010986328125,590694,0.0,0.0
2025-01-03 00:00:00+00:00,314.0,314.6000061035156,312.6000061035156,313.6000061035156,313.4508972167969,443532,0.0,0.0
2025-01-06 00:00:00+00:00,313.6000061035156,317.6000061035156,312.3999938964844,316.0,315.8497314453125,581486,0.0,0.0
2025-01-07 00:00:00+00:00,315.0,316.79998779296875,313.6000061035156,315.20001220703125,315.05010986328125,1140067,0.0,0.0
2025-01-08 00:00:00+00:00,313.3999938964844,317.0,309.0,312.20001220703125,312.05157470703125,897468,0.0,0.0
2025-01-09 00:00:00+00:00,310.79998779296875,319.20001220703125,309.79998779296875,318.20001220703125,318.0486755371094,2102362,0.0,0.0
2025-01-10 00:00:00+00:00,317.79998779296875,319.0,313.0,313.6000061035156,313.4508972167969,919020,0.0,0.0
2025-01-13 00:00:00+00:00,307.20001220703125,312.6000061035156,307.20001220703125,309.20001220703125,309.0530090332031,1529635,0.0,0.0
2025-01-14 00:00:00+00:00,312.79998779296875,312.79998779296875,306.6000061035156,306.79998779296875,306.6540832519531,3347758,0.0,0.0
2025-01-15 00:00:00+00:00,310.0,313.20001220703125,309.0,312.20001220703125,312.05157470703125,1369380,0.0,0.0
2025-01-16 00:00:00+00:00,316.6000061035156,316.6000061035156,312.3999938964844,315.79998779296875,315.6498107910156,1868255,0.0,0.0
2025-01-17 00:00:00+00:00,314.79998779296875,322.20001220703125,314.6000061035156,322.0,321.8468933105469,4950431,0.0,0.0
2025-01-20 00:00:00+00:00,325.0,327.79998779296875,321.3999938964844,327.0,326.84454345703125,2721615,0.0,0.0
2025-01-21 00:00:00+00:00,327.20001220703125,331.3999938964844,327.20001220703125,331.3999938964844,331.2424011230469,1304546,0.0,0.0
2025-01-22 00:00:00+00:00,330.6000061035156,334.79998779296875,330.6000061035156,334.6000061035156,334.4408874511719,946825,0.0,0.0
2025-01-23 00:00:00+00:00,339.3999938964844,346.3999938964844,336.9230041503906,339.3999938964844,339.2386169433594,1482462,0.0,0.0
2025-01-24 00:00:00+00:00,340.20001220703125,343.0,336.3999938964844,336.3999938964844,336.24005126953125,1580038,0.0,0.0
2025-01-27 00:00:00+00:00,333.6000061035156,336.0,329.0,332.20001220703125,332.04205322265625,2759491,0.0,0.0
2025-01-28 00:00:00+00:00,331.3999938964844,337.79998779296875,331.0,336.79998779296875,336.63983154296875,787662,0.0,0.0
2025-01-29 00:00:00+00:00,336.0,339.79998779296875,336.0,338.20001220703125,338.0391845703125,933392,0.0,0.0
2025-01-30 00:00:00+00:00,343.6000061035156,350.0870056152344,343.20001220703125,350.0,349.8335876464844,1922787,0.0,0.0
2025-01-31 00:00:00+00:00,351.3999938964844,354.79998779296875,347.0,349.3999938964844,349.23382568359375,1559176,0.0,0.0
2025-02-03 00:00:00+00:00,344.6000061035156,346.8399963378906,339.20001220703125,340.79998779296875,340.637939453125,1674033,0.0,0.0
2025-02-04 00:00:00+00:00,343.3999938964844,343.3999938964844,337.6000061035156,340.79998779296875,340.637939453125,1655030,0.0,0.0
2025-02-05 00:00:00+00:00,339.20001220703125,340.0,331.6000061035156,337.0,336.8397521972656,4307873,0.0,0.0
2025-02-06 00:00:00+00:00,339.20001220703125,340.0,336.20001220703125,339.79998779296875,339.638427734375,1064424,0.0,0.0
2025-02-07 00:00:00+00:00,338.6000061035156,342.0,331.6000061035156,333.79998779296875,333.6412658691406,1386417,0.0,0.0
2025-02-10 00:00:00+00:00,333.531005859375,335.3999938964844,331.79998779296875,334.6000061035156,334.4408874511719,1469676,0.0,0.0
2025-02-11 00:00:00+00:00,334.0,338.0,331.79998779296875,334.6000061035156,334.4408874511719,1265952,0.0,0.0
2025-02-12 00:00:00+00:00,336.3999938964844,337.6000061035156,332.3999938964844,333.3999938964844,333.241455078125,2546222,0.0,0.0
2025-02-13 00:00:00+00:00,339.6000061035156,339.6000061035156,333.0,334.6000061035156,334.4408874511719,2223008,0.0,0.0
2025-02-14 00:00:00+00:00,334.3999938964844,338.20001220703125,332.79998779296875,335.6000061035156,335.4404296875,2216102,0.0,0.0
2025-02-17 00:00:00+00:00,335.3999938964844,337.20001220703125,333.6000061035156,335.20001220703125,335.0406188964844,956349,0.0,0.0
2025-02-18 00:00:00+00:00,332.20001220703125,340.6000061035156,332.0,340.0,339.83831787109375,1855118,0.0,0.0
2025-02-19 00:00:00+00:00,340.3999938964844,340.3999938964844,331.6000061035156,332.3999938964844,332.2419738769531,1729636,0.0,0.0
2025-02-20 00:00:00+00:00,332.0,335.3999938964844,330.79998779296875,331.20001220703125,331.0425109863281,1246988,0.0,0.0
2025-02-21 00:00:00+00:00,332.20001220703125,335.6000061035156,331.3999938964844,331.3999938964844,331.2424011230469,678650,0.0,0.0
2025-02-24 00:00:00+00:00,331.0,332.6000061035156,323.79998779296875,325.6000061035156,325.4451904296875,635910,0.0,0.0
2025-02-25 00:00:00+00:00,322.6000061035156,328.79998779296875,322.6000061035156,323.3999938964844,323.2462158203125,893234,0.0,0.0
2025-02-26 00:00:00+00:00,327.3999938964844,329.20001220703125,325.20001220703125,325.79998779296875,325.6450500488281,753055,0.0,0.0
2025-02-27 00:00:00+00:00,325.0,325.0,319.3609924316406,322.0,321.8468933105469,1103947,0.0,0.0
2025-02-28 00:00:00+00:00,317.0,327.79998779296875,317.0,327.0,326.84454345703125,4010384,0.0,0.0
2025-03-03 00:00:00+00:00,324.79998779296875,334.3999938964844,324.79998779296875,330.0,329.84307861328125,1243582,0.0,0.0
2025-03-04 00:00:00+00:00,330.0,330.0,317.79998779296875,317.79998779296875,317.64886474609375,1350717,0.0,0.0
2025-03-05 00:00:00+00:00,326.3999938964844,326.3999938964844,320.0,323.0,322.846435546875,1635132,0.0,0.0
2025-03-06 00:00:00+00:00,325.3999938964844,328.3999938964844,322.79998779296875,325.3999938964844,325.2452697753906,1190537,0.0,0.0
2025-03-07 00:00:00+00:00,323.0,325.20001220703125,320.3999938964844,324.79998779296875,324.64556884765625,2560798,0.0,0.0
2025-03-10 00:00:00+00:00,321.79998779296875,327.20001220703125,312.6000061035156,312.6000061035156,312.4513854980469,2213911,0.0,0.0
2025-03-11 00:00:00+00:00,320.6000061035156,340.52899169921875,319.3999938964844,334.6000061035156,334.4408874511719,3121462,0.0,0.0
2025-03-12 00:00:00+00:00,334.3999938964844,336.20001220703125,321.79998779296875,324.6000061035156,324.4456481933594,4427165,0.0,0.0
2025-03-13 00:00:00+00:00,322.79998779296875,328.3999938964844,321.6000061035156,323.20001220703125,323.0462951660156,2291440,0.0,0.0
2025-03-14 00:00:00+00:00,323.3999938964844,329.0,320.3999938964844,329.0,328.84356689453125,1943647,0.0,0.0
2025-03-17 00:00:00+00:00,331.6000061035156,331.6000061035156,324.0,328.0,327.84405517578125,911738,0.0,0.0
2025-03-18 00:00:00+00:00,324.79998779296875,329.6000061035156,323.20001220703125,328.0,327.84405517578125,1721696,0.0,0.0
2025-03-19 00:00:00+00:00,328.79998779296875,329.79998779296875,325.3999938964844,327.3999938964844,327.2442932128906,893513,0.0,0.0
2025-03-20 00:00:00+00:00,328.79998779296875,329.0,321.3999938964844,322.3999938964844,322.2466735839844,1693364,0.0,0.0
2025-03-21 00:00:00+00:00,321.0,321.79998779296875,313.9280090332031,316.3999938964844,316.2495422363281,2224515,0.0,0.0
2025-03-24 00:00:00+00:00,317.0,318.6000061035156,312.79998779296875,317.20001220703125,317.0491943359375,1118481,0.0,0.0
2025-03-25 00:00:00+00:00,324.79998779296875,324.79998779296875,316.3999938964844,319.79998779296875,319.6479187011719,6727246,0.0,0.0
2025-03-26 00:00:00+00:00,320.0,321.20001220703125,318.3999938964844,319.6000061035156,319.4480285644531,1135432,0.0,0.0
2025-03-27 00:00:00+00:00,320.3999938964844,322.6000061035156,316.3999938964844,322.3999938964844,322.2466735839844,1829063,0.0,0.0
2025-03-28 00:00:00+00:00,318.20001220703125,322.6000061035156,316.1000061035156,318.3999938964844,318.24859619140625,1354364,0.0,0.0
2025-03-31 00:00:00+01:00,324.20001220703125,324.20001220703125,309.5929870605469,313.3999938964844,313.2509765625,1556011,0.0,0.0
2025-04-01 00:00:00+01:00,316.6000061035156,318.0,313.6000061035156,315.3999938964844,315.25,1082621,0.0,0.0
2025-04-02 00:00:00+01:00,320.20001220703125,320.20001220703125,308.3999938964844,314.3999938964844,314.25048828125,792105,0.0,0.0
2025-04-03 00:00:00+01:00,305.79998779296875,312.0,304.0,306.20001220703125,306.054443359375,831593,0.0,0.0
2025-04-04 00:00:00+01:00,312.3999938964844,312.3999938964844,284.6000061035156,288.0,287.863037109375,2923675,0.0,0.0
2025-04-07 00:00:00+01:00,267.0,292.20001220703125,266.79998779296875,275.79998779296875,275.6688537597656,2552985,0.0,0.0
2025-04-08 00:00:00+01:00,279.20001220703125,287.0,278.20001220703125,285.0,284.8644714355469,1514505,0.0,0.0
2025-04-09 00:00:00+01:00,277.0,282.6000061035156,276.3999938964844,277.3999938964844,277.2680969238281,1577692,0.0,0.0
2025-04-10 00:00:00+01:00,295.6000061035156,303.79998779296875,287.6000061035156,288.3999938964844,288.2628479003906,1822389,0.0,0.0
2025-04-11 00:00:00+01:00,288.3999938964844,291.6000061035156,281.0,286.6000061035156,286.4637145996094,3238288,0.0,0.0
2025-04-14 00:00:00+01:00,290.0,292.3999938964844,287.20001220703125,292.3999938964844,292.26092529296875,1345729,0.0,0.0
2025-04-15 00:00:00+01:00,293.6000061035156,299.79998779296875,292.20001220703125,299.79998779296875,299.6574401855469,1404833,0.0,0.0
2025-04-16 00:00:00+01:00,297.6000061035156,299.79998779296875,292.20001220703125,294.20001220703125,294.06011962890625,1609292,0.0,0.0
2025-04-17 00:00:00+01:00,292.20001220703125,293.3999938964844,290.3999938964844,291.3999938964844,291.261474609375,910427,0.0,0.0
2025-04-22 00:00:00+01:00,290.79998779296875,291.6000061035156,285.3999938964844,289.6000061035156,289.4623107910156,1365466,0.0,0.0
2025-04-23 00:00:00+01:00,293.3999938964844,300.3999938964844,289.79998779296875,297.0,296.8587646484375,2041076,0.0,0.0
2025-04-24 00:00:00+01:00,288.79998779296875,294.0,286.6000061035156,293.79998779296875,293.7097473144531,7710581,5.0,0.0
2025-04-25 00:00:00+01:00,297.6000061035156,300.0,293.6000061035156,300.0,299.9078369140625,1212779,0.0,0.0
2025-04-28 00:00:00+01:00,304.0,304.0,297.79998779296875,300.0,299.9078369140625,1336643,0.0,0.0
2025-04-29 00:00:00+01:00,299.20001220703125,301.0,296.6000061035156,299.0,298.9081115722656,2059143,0.0,0.0
2025-04-30 00:00:00+01:00,299.3999938964844,304.6000061035156,299.3999938964844,304.0,303.9066162109375,6198281,0.0,0.0
2025-05-01 00:00:00+01:00,303.79998779296875,305.3999938964844,302.6000061035156,305.0,304.90631103515625,889538,0.0,0.0
2025-05-02 00:00:00+01:00,304.79998779296875,310.3500061035156,295.3999938964844,306.0,305.9059753417969,2872394,0.0,0.0
2025-05-06 00:00:00+01:00,305.79998779296875,308.20001220703125,298.20001220703125,300.79998779296875,300.70758056640625,1280204,0.0,0.0
2025-05-07 00:00:00+01:00,299.0,302.3999938964844,297.6000061035156,302.0,301.9071960449219,1041469,0.0,0.0
2025-05-08 00:00:00+01:00,302.20001220703125,310.0,301.69000244140625,307.0,306.9056701660156,1972868,0.0,0.0
2025-05-09 00:00:00+01:00,307.0,311.0,307.0,309.79998779296875,309.70477294921875,1634672,0.0,0.0
2025-05-12 00:00:00+01:00,310.6000061035156,317.6000061035156,310.0,310.6000061035156,310.50457763671875,1404216,0.0,0.0
2025-05-13 00:00:00+01:00,308.0,315.79998779296875,308.0,314.79998779296875,314.7032470703125,1276815,0.0,0.0
2025-05-14 00:00:00+01:00,312.20001220703125,316.20001220703125,310.20001220703125,313.6000061035156,313.503662109375,1485132,0.0,0.0
2025-05-15 00:00:00+01:00,306.6000061035156,314.79998779296875,306.6000061035156,314.79998779296875,314.7032470703125,1128110,0.0,0.0
2025-05-16 00:00:00+01:00,317.79998779296875,317.79998779296875,310.3999938964844,312.0,311.9041442871094,1014973,0.0,0.0
2025-05-19 00:00:00+01:00,310.20001220703125,313.3999938964844,308.79998779296875,312.79998779296875,312.7038879394531,5026463,0.0,0.0
2025-05-20 00:00:00+01:00,305.3999938964844,316.6000061035156,305.3999938964844,313.3999938964844,313.3036804199219,1548118,0.0,0.0
2025-05-21 00:00:00+01:00,313.79998779296875,314.3999938964844,309.6000061035156,310.6000061035156,310.50457763671875,942188,0.0,0.0
2025-05-22 00:00:00+01:00,305.0,311.0,305.0,308.79998779296875,308.7051086425781,998345,0.0,0.0
2025-05-23 00:00:00+01:00,302.0,311.3999938964844,301.0,306.3999938964844,306.30584716796875,3021921,0.0,0.0
2025-05-27 00:00:00+01:00,308.6000061035156,312.20001220703125,307.6000061035156,310.6000061035156,310.50457763671875,3250741,0.0,0.0
2025-05-28 00:00:00+01:00,310.20001220703125,315.0,310.20001220703125,313.3999938964844,313.3036804199219,3232732,0.0,0.0
2025-05-29 00:00:00+01:00,315.0,319.6000061035156,313.0,313.6000061035156,313.503662109375,2104303,0.0,0.0
2025-05-30 00:00:00+01:00,313.0,318.0,313.0,314.6000061035156,314.50335693359375,1732733,0.0,0.0
2025-06-02 00:00:00+01:00,311.20001220703125,315.6000061035156,309.6000061035156,311.0,310.9044494628906,2771610,0.0,0.0
2025-06-03 00:00:00+01:00,313.3999938964844,319.3999938964844,310.6000061035156,319.3999938964844,319.3018798828125,2962818,0.0,0.0
2025-06-04 00:00:00+01:00,319.3999938964844,325.20001220703125,317.3999938964844,321.3999938964844,321.3012390136719,5529343,0.0,0.0
2025-06-05 00:00:00+01:00,320.79998779296875,324.1990051269531,319.3999938964844,320.20001220703125,320.10162353515625,2239260,0.0,0.0
2025-06-06 00:00:00+01:00,319.0,322.0,319.0,321.3999938964844,321.3012390136719,1652034,0.0,0.0
2025-06-09 00:00:00+01:00,321.20001220703125,328.20001220703125,320.0,328.20001220703125,328.09918212890625,3142570,0.0,0.0
2025-06-10 00:00:00+01:00,328.0,330.0,326.0,326.3999938964844,326.2997131347656,3068650,0.0,0.0
2025-06-11 00:00:00+01:00,327.20001220703125,329.0,325.6000061035156,327.0,326.8995361328125,2796313,0.0,0.0
2025-06-12 00:00:00+01:00,323.0,327.79998779296875,323.0,327.0,326.8995361328125,1338820,0.0,0.0
2025-06-13 00:00:00+01:00,318.79998779296875,327.79998779296875,318.79998779296875,326.6000061035156,326.4996643066406,1620294,0.0,0.0
2025-06-16 00:00:00+01:00,327.0,336.2170104980469,327.0,336.20001220703125,336.0967102050781,7496376,0.0,0.0
2025-06-17 00:00:00+01:00,335.6000061035156,337.0,333.0,333.79998779296875,333.69744873046875,2855616,0.0,0.0
2025-06-18 00:00:00+01:00,331.0,334.3999938964844,330.5190124511719,332.0,331.8980407714844,1323082,0.0,0.0
2025-06-19 00:00:00+01:00,329.3999938964844,330.3999938964844,325.20001220703125,325.3999938964844,325.3000183105469,1027636,0.0,0.0
2025-06-20 00:00:00+01:00,327.3999938964844,327.3999938964844,319.20001220703125,319.20001220703125,319.1019287109375,2952725,0.0,0.0
2025-06-23 00:00:00+01:00,319.0,321.20001220703125,315.6000061035156,317.6000061035156,317.50244140625,2527493,0.0,0.0
2025-06-24 00:00:00+01:00,318.79998779296875,324.79998779296875,317.79998779296875,318.3999938964844,318.3021545410156,1465398,0.0,0.0
2025-06-25 00:00:00+01:00,313.0,319.0,313.0,314.6000061035156,314.50335693359375,1486680,0.0,0.0
2025-06-26 00:00:00+01:00,314.3999938964844,319.0679931640625,314.3999938964844,318.79998779296875,318.7020263671875,1199124,0.0,0.0
2025-06-27 00:00:00+01:00,319.0,325.20001220703125,318.79998779296875,324.20001220703125,324.10040283203125,1725698,0.0,0.0
2025-06-30 00:00:00+01:00,326.6000061035156,326.6000061035156,320.6000061035156,321.20001220703125,321.101318359375,1161522,0.0,0.0
2025-07-01 00:00:00+01:00,321.79998779296875,322.20001220703125,317.20001220703125,320.79998779296875,320.7014465332031,1112481,0.0,0.0
2025-07-02 00:00:00+01:00,326.0,326.0,317.6000061035156,321.6000061035156,321.5011901855469,1358482,0.0,0.0
2025-07-03 00:00:00+01:00,327.3999938964844,327.3999938964844,320.79998779296875,325.6000061035156,325.49993896484375,1356249,0.0,0.0
2025-07-04 00:00:00+01:00,320.3999938964844,324.6000061035156,320.3999938964844,322.3999938964844,322.3009338378906,644637,0.0,0.0
2025-07-07 00:00:00+01:00,322.79998779296875,324.20001220703125,318.3999938964844,319.6000061035156,319.5018310546875,984971,0.0,0.0
2025-07-08 00:00:00+01:00,319.0,320.3999938964844,314.20001220703125,318.3999938964844,318.3021545410156,2048626,0.0,0.0
2025-07-09 00:00:00+01:00,314.20001220703125,321.20001220703125,314.20001220703125,315.79998779296875,315.7029724121094,3699242,0.0,0.0
2025-07-10 00:00:00+01:00,317.6000061035156,322.2170104980469,316.6000061035156,322.20001220703125,322.10101318359375,2539307,0.0,0.0
2025-07-11 00:00:00+01:00,320.0,321.79998779296875,318.0,319.3999938964844,319.3018798828125,2119698,0.0,0.0
2025-07-14 00:00:00+01:00,310.79998779296875,319.3999938964844,310.79998779296875,318.6000061035156,318.50213623046875,917643,0.0,0.0
2025-07-15 00:00:00+01:00,318.3999938964844,324.3999938964844,318.0,321.79998779296875,321.70111083984375,1405370,0.0,0.0
2025-07-16 00:00:00+01:00,319.6000061035156,324.3999938964844,319.6000061035156,320.3999938964844,320.30157470703125,1317303,0.0,0.0
2025-07-17 00:00:00+01:00,325.0,328.3999938964844,322.20001220703125,325.6000061035156,325.49993896484375,1613109,0.0,0.0
2025-07-18 00:00:00+01:00,324.79998779296875,330.0,324.79998779296875,327.20001220703125,327.0994873046875,869475,0.0,0.0
2025-07-21 00:00:00+01:00,328.6000061035156,329.20001220703125,323.0,323.20001220703125,323.1007080078125,707872,0.0,0.0
2025-07-22 00:00:00+01:00,316.3999938964844,324.0,316.3999938964844,321.79998779296875,321.70111083984375,1144989,0.0,0.0
2025-07-23 00:00:00+01:00,324.79998779296875,326.6000061035156,323.20001220703125,323.20001220703125,323.1007080078125,2315878,0.0,0.0
2025-07-24 00:00:00+01:00,323.3999938964844,326.54998779296875,322.6000061035156,323.0,322.9007873535156,1290379,0.0,0.0
2025-07-25 00:00:00+01:00,316.20001220703125,324.79998779296875,316.20001220703125,323.20001220703125,323.1007080078125,3016207,0.0,0.0
2025-07-28 00:00:00+01:00,323.0,327.79998779296875,321.6000061035156,322.3999938964844,322.3009338378906,1049030,0.0,0.0
2025-07-29 00:00:00+01:00,315.3999938964844,325.20001220703125,315.3999938964844,324.3999938964844,324.30035400390625,907804,0.0,0.0
2025-07-30 00:00:00+01:00,324.3999938964844,326.1000061035156,322.0,324.20001220703125,324.10040283203125,928316,0.0,0.0
2025-07-31 00:00:00+01:00,328.3999938964844,329.3999938964844,324.3999938964844,325.6000061035156,325.49993896484375,2482213,0.0,0.0
2025-08-01 00:00:00+01:00,323.0,324.0,317.79998779296875,317.79998779296875,317.70233154296875,1935540,0.0,0.0
2025-08-04 00:00:00+01:00,319.3999938964844,319.6000061035156,315.6000061035156,316.79998779296875,316.7026672363281,1113617,0.0,0.0
2025-08-05 00:00:00+01:00,325.0,337.6000061035156,315.79998779296875,337.6000061035156,337.49627685546875,2382510,0.0,0.0
2025-08-06 00:00:00+01:00,340.0,340.0,331.79998779296875,334.20001220703125,334.0973205566406,2942656,0.0,0.0
2025-08-07 00:00:00+01:00,335.79998779296875,339.0,334.0,337.6000061035156,337.49627685546875,1388683,0.0,0.0
2025-08-08 00:00:00+01:00,341.79998779296875,341.79998779296875,335.3999938964844,338.3999938964844,338.2960510253906,1907679,0.0,0.0
2025-08-11 00:00:00+01:00,338.3999938964844,344.3999938964844,337.6000061035156,342.3999938964844,342.2948303222656,1420811,0.0,0.0
2025-08-12 00:00:00+01:00,344.20001220703125,348.20001220703125,341.79998779296875,346.6000061035156,346.4935302734375,1783060,0.0,0.0
2025-08-13 00:00:00+01:00,349.0,350.0400085449219,346.20001220703125,347.0,346.8934020996094,2389528,0.0,0.0
2025-08-14 00:00:00+01:00,340.79998779296875,346.82000732421875,340.6000061035156,342.6000061035156,342.52386474609375,1658507,2.95,0.0
2025-08-15 00:00:00+01:00,352.3999938964844,352.3999938964844,340.6000061035156,341.6000061035156,341.5240783691406,1851435,0.0,0.0
2025-08-18 00:00:00+01:00,342.79998779296875,345.0,339.0,341.6000061035156,341.5240783691406,4026131,0.0,0.0
2025-08-19 00:00:00+01:00,342.20001220703125,349.1499938964844,342.20001220703125,346.6000061035156,346.5229797363281,1110507,0.0,0.0
2025-08-20 00:00:00+01:00,342.0,350.1300048828125,342.0,348.3999938964844,348.3225402832031,1520741,0.0,0.0
2025-08-21 00:00:00+01:00,349.0,350.9700012207031,346.79998779296875,348.79998779296875,348.72247314453125,1661647,0.0,0.0
2025-08-22 00:00:00+01:00,351.3999938964844,354.30999755859375,347.0,352.0,351.9217529296875,2193722,0.0,0.0
2025-08-26 00:00:00+01:00,349.79998779296875,351.20001220703125,347.20001220703125,347.79998779296875,347.7226867675781,1630692,0.0,0.0
2025-08-27 00:00:00+01:00,346.20001220703125,349.79998779296875,345.79998779296875,347.3999938964844,347.3227844238281,829004,0.0,0.0
2025-08-28 00:00:00+01:00,345.79998779296875,348.79998779296875,344.3999938964844,347.0,346.9228820800781,1849514,0.0,0.0
2025-08-29 00:00:00+01:00,348.0,348.0,343.6000061035156,344.20001220703125,344.1235046386719,1474161,0.0,0.0
2025-09-01 00:00:00+01:00,343.0,346.0,341.20001220703125,343.20001220703125,343.1237487792969,787460,0.0,0.0
2025-09-02 00:00:00+01:00,342.0,344.20001220703125,335.6000061035156,337.6000061035156,337.52496337890625,1562151,0.0,0.0
2025-09-03 00:00:00+01:00,343.0,343.0,337.0,341.6000061035156,341.5240783691406,1658390,0.0,0.0
2025-09-04 00:00:00+01:00,340.79998779296875,342.79998779296875,339.79998779296875,341.6000061035156,341.5240783691406,871218,0.0,0.0
2025-09-05 00:00:00+01:00,341.79998779296875,348.3999938964844,339.385986328125,346.79998779296875,346.7229309082031,1382957,0.0,0.0
2025-09-08 00:00:00+01:00,346.6000061035156,351.3999938964844,346.6000061035156,351.3999938964844,351.3218688964844,1066405,0.0,0.0
2025-09-09 00:00:00+01:00,357.0,357.0,347.20001220703125,347.20001220703125,347.12286376953125,1772052,0.0,0.0
2025-09-10 00:00:00+01:00,340.20001220703125,351.0,340.20001220703125,345.3999938964844,345.3232116699219,1004096,0.0,0.0
2025-09-11 00:00:00+01:00,347.0,349.3999938964844,346.0,347.20001220703125,347.12286376953125,823708,0.0,0.0
2025-09-12 00:00:00+01:00,355.20001220703125,355.20001220703125,345.0,345.0,344.9233093261719,814703,0.0,0.0
2025-09-15 00:00:00+01:00,341.79998779296875,346.79998779296875,341.79998779296875,344.20001220703125,344.1235046386719,1437337,0.0,0.0
2025-09-16 00:00:00+01:00,343.3999938964844,344.6000061035156,339.20001220703125,339.20001220703125,339.1246337890625,1021333,0.0,0.0
2025-09-17 00:00:00+01:00,343.3999938964844,343.3999938964844,336.79998779296875,338.0,337.92486572265625,1263940,0.0,0.0
2025-09-18 00:00:00+01:00,339.20001220703125,342.20001220703125,337.79998779296875,342.0,341.9239807128906,2824396,0.0,0.0
2025-09-19 00:00:00+01:00,350.0,350.0,336.20001220703125,338.3999938964844,338.3247985839844,2907224,0.0,0.0
2025-09-22 00:00:00+01:00,338.20001220703125,341.0,336.6000061035156,339.3999938964844,339.3245849609375,1050126,0.0,0.0
2025-09-23 00:00:00+01:00,340.79998779296875,344.20001220703125,340.20001220703125,340.6000061035156,340.5242919921875,847169,0.0,0.0
2025-09-24 00:00:00+01:00,341.0,341.0,336.20001220703125,336.20001220703125,336.1252746582031,1044054,0.0,0.0
2025-09-25 00:00:00+01:00,333.3999938964844,340.3999938964844,333.3999938964844,340.3999938964844,340.3243408203125,1507778,0.0,0.0
2025-09-26 00:00:00+01:00,341.20001220703125,342.20001220703125,336.3999938964844,339.0,338.9246520996094,732040,0.0,0.0
2025-09-29 00:00:00+01:00,340.20001220703125,342.0,337.0,339.20001220703125,339.1246337890625,1213605,0.0,0.0
2025-09-30 00:00:00+01:00,336.20001220703125,339.20098876953125,335.79998779296875,339.0,338.9246520996094,1736730,0.0,0.0
2025-10-01 00:00:00+01:00,342.6000061035156,342.6000061035156,336.0,339.3999938964844,339.3245849609375,1032942,0.0,0.0
2025-10-02 00:00:00+01:00,340.6000061035156,344.20001220703125,340.6000061035156,343.79998779296875,343.72357177734375,708176,0.0,0.0
2025-10-03 00:00:00+01:00,343.20001220703125,346.20001220703125,343.20001220703125,344.79998779296875,344.7233581542969,864575,0.0,0.0
2025-10-06 00:00:00+01:00,337.20001220703125,346.0,337.20001220703125,339.6000061035156,339.5245361328125,1019749,0.0,0.0
2025-10-07 00:00:00+01:00,342.20001220703125,344.20001220703125,340.0,341.20001220703125,341.1241760253906,835408,0.0,0.0
2025-10-08 00:00:00+01:00,349.6000061035156,349.6000061035156,339.0,341.3999938964844,341.3241271972656,1121090,0.0,0.0
2025-10-09 00:00:00+01:00,342.20001220703125,345.0199890136719,340.79998779296875,345.0,344.9233093261719,1224632,0.0,0.0
2025-10-10 00:00:00+01:00,344.0,347.70001220703125,339.6000061035156,339.6000061035156,339.5245361328125,1165377,0.0,0.0
2025-10-13 00:00:00+01:00,337.6000061035156,343.3999938964844,337.6000061035156,339.0,338.9246520996094,933979,0.0,0.0
2025-10-14 00:00:00+01:00,338.20001220703125,338.20001220703125,332.3999938964844,334.79998779296875,334.7255859375,1468680,0.0,0.0
2025-10-15 00:00:00+01:00,327.20001220703125,338.0,327.20001220703125,332.79998779296875,332.72601318359375,904206,0.0,0.0
2025-10-16 00:00:00+01:00,334.79998779296875,335.79998779296875,332.6000061035156,334.20001220703125,334.125732421875,936320,0.0,0.0
2025-10-17 00:00:00+01:00,324.79998779296875,332.0,324.79998779296875,330.3999938964844,330.3265686035156,1748019,0.0,0.0
2025-10-20 00:00:00+01:00,332.79998779296875,335.20001220703125,331.20001220703125,333.0,332.92596435546875,770902,0.0,0.0
2025-10-21 00:00:00+01:00,331.79998779296875,335.20001220703125,331.79998779296875,334.79998779296875,334.7255859375,3288125,0.0,0.0
2025-10-22 00:00:00+01:00,339.3999938964844,341.6000061035156,332.3999938964844,338.0,337.92486572265625,1467534,0.0,0.0
2025-10-23 00:00:00+01:00,337.20001220703125,342.79998779296875,337.20001220703125,342.0,341.9239807128906,1093951,0.0,0.0
2025-10-24 00:00:00+01:00,344.0,348.6000061035156,340.3999938964844,348.6000061035156,348.52252197265625,1222567,0.0,0.0
2025-10-27 00:00:00+00:00,348.3999938964844,351.3999938964844,348.20001220703125,350.20001220703125,350.1221923828125,962956,0.0,0.0
2025-10-28 00:00:00+00:00,349.0,354.20001220703125,349.0,350.3999938964844,350.3221130371094,2897900,0.0,0.0
2025-10-29 00:00:00+00:00,342.0,345.79998779296875,338.0,344.3999938964844,344.32342529296875,1823965,0.0,0.0
2025-10-30 00:00:00+00:00,346.0,346.79998779296875,343.20001220703125,346.20001220703125,346.1230773925781,1131125,0.0,0.0
2025-10-31 00:00:00+00:00,344.3999938964844,346.0,341.0,342.20001220703125,342.12396240234375,1596212,0.0,0.0
2025-11-03 00:00:00+00:00,340.79998779296875,342.3999938964844,337.20001220703125,341.79998779296875,341.7240295410156,589571,0.0,0.0
2025-11-04 00:00:00+00:00,338.3999938964844,339.6000061035156,336.0,338.20001220703125,338.1248474121094,804319,0.0,0.0
2025-11-05 00:00:00+00:00,345.79998779296875,345.79998779296875,335.79998779296875,340.0,339.9244079589844,711394,0.0,0.0
2025-11-06 00:00:00+00:00,341.79998779296875,343.6000061035156,336.20001220703125,336.20001220703125,336.1252746582031,506546,0.0,0.0
2025-11-07 00:00:00+00:00,334.0,337.3999938964844,327.0,329.6000061035156,329.5267333984375,1560907,0.0,0.0
2025-11-10 00:00:00+00:00,332.20001220703125,332.6000061035156,330.0,331.20001220703125,331.12640380859375,544471,0.0,0.0
2025-11-11 00:00:00+00:00,333.6000061035156,336.20001220703125,331.6000061035156,335.3999938964844,335.3254699707031,768819,0.0,0.0
2025-11-12 00:00:00+00:00,342.0,342.0,331.20001220703125,331.20001220703125,331.12640380859375,1314310,0.0,0.0
2025-11-13 00:00:00+00:00,331.3999938964844,339.3999938964844,331.0,335.0,334.925537109375,1373513,0.0,0.0
2025-11-14 00:00:00+00:00,331.6000061035156,335.3999938964844,331.20001220703125,333.0,332.92596435546875,942301,0.0,0.0
2025-11-17 00:00:00+00:00,334.20001220703125,334.79998779296875,331.20001220703125,331.20001220703125,331.12640380859375,819278,0.0,0.0
2025-11-18 00:00:00+00:00,327.79998779296875,329.6000061035156,326.20001220703125,327.0,326.9273376464844,1955253,0.0,0.0
2025-11-19 00:00:00+00:00,343.20001220703125,344.0,335.3999938964844,340.20001220703125,340.1243896484375,3818201,0.0,0.0
2025-11-20 00:00:00+00:00,340.20001220703125,345.6000061035156,337.79998779296875,337.79998779296875,337.72491455078125,2057645,0.0,0.0
2025-11-21 00:00:00+00:00,342.79998779296875,342.79998779296875,331.6000061035156,338.20001220703125,338.1248474121094,2471982,0.0,0.0
2025-11-24 00:00:00+00:00,329.0,340.0,329.0,332.79998779296875,332.72601318359375,3903312,0.0,0.0
2025-11-25 00:00:00+00:00,334.20001220703125,336.6000061035156,331.3999938964844,336.20001220703125,336.1252746582031,1444562,0.0,0.0
2025-11-26 00:00:00+00:00,337.0,338.6000061035156,335.0,336.0,335.9253234863281,6497307,0.0,0.0
2025-11-27 00:00:00+00:00,339.20001220703125,340.20001220703125,335.6000061035156,338.0,337.92486572265625,831363,0.0,0.0
2025-11-28 00:00:00+00:00,331.6000061035156,338.6000061035156,331.6000061035156,336.6000061035156,336.5251770019531,1482196,0.0,0.0
2025-12-01 00:00:00+00:00,337.3999938964844,338.3999938964844,331.3999938964844,338.3999938964844,338.3247985839844,3101964,0.0,0.0
2025-12-02 00:00:00+00:00,342.79998779296875,342.79998779296875,334.79998779296875,337.0,336.9250793457031,1534295,0.0,0.0
2025-12-03 00:00:00+00:00,339.20001220703125,340.6000061035156,336.79998779296875,339.0,338.9246520996094,1826768,0.0,0.0
2025-12-04 00:00:00+00:00,339.6000061035156,344.0,339.6000061035156,343.6000061035156,343.5236511230469,1197336,0.0,0.0
2025-12-05 00:00:00+00:00,344.79998779296875,345.8919982910156,341.0,341.0,340.9241943359375,832270,0.0,0.0
2025-12-08 00:00:00+00:00,336.20001220703125,337.79998779296875,327.20001220703125,328.3999938964844,328.3270263671875,2016338,0.0,0.0
2025-12-09 00:00:00+00:00,321.6000061035156,329.6000061035156,321.6000061035156,325.3999938964844,325.3276672363281,2328590,0.0,0.0
2025-12-10 00:00:00+00:00,324.20001220703125,327.6000061035156,324.20001220703125,324.6000061035156,324.5278625488281,1185801,0.0,0.0
2025-12-11 00:00:00+00:00,325.6000061035156,329.3999938964844,325.6000061035156,329.20001220703125,329.1268310546875,1230197,0.0,0.0
2025-12-12 00:00:00+00:00,329.20001220703125,331.6000061035156,327.3999938964844,327.6000061035156,327.5271911621094,4646730,0.0,0.0
2025-12-15 00:00:00+00:00,329.79998779296875,331.79998779296875,328.0,328.3999938964844,328.3270263671875,1080707,0.0,0.0
2025-12-16 00:00:00+00:00,324.79998779296875,329.3999938964844,324.6000061035156,325.20001220703125,325.1277160644531,2336024,0.0,0.0
2025-12-17 00:00:00+00:00,325.20001220703125,327.20001220703125,320.6000061035156,320.6000061035156,320.5287780761719,1814412,0.0,0.0
2025-12-18 00:00:00+00:00,320.0,325.79998779296875,320.0,323.6000061035156,323.528076171875,2008168,0.0,0.0
2025-12-19 00:00:00+00:00,322.79998779296875,328.3999938964844,322.3999938964844,327.6000061035156,327.5271911621094,3388578,0.0,0.0
2025-12-22 00:00:00+00:00,327.0,328.20001220703125,325.6000061035156,328.0,327.9271240234375,3450158,0.0,0.0
2025-12-23 00:00:00+00:00,328.79998779296875,328.79998779296875,323.79998779296875,324.79998779296875,324.727783203125,1833493,0.0,0.0
2025-12-24 00:00:00+00:00,325.0,325.79998779296875,322.6000061035156,323.6000061035156,323.528076171875,317263,0.0,0.0
2025-12-29 00:00:00+00:00,323.20001220703125,327.3999938964844,322.0,327.0,326.9273376464844,1687040,0.0,0.0
2025-12-30 00:00:00+00:00,327.0,328.20001220703125,324.6000061035156,328.0,327.9271240234375,625368,0.0,0.0
