Date,Open,High,Low,Close,Adj Close,Volume,Dividends,Stock Splits
2021-01-04 00:00:00+00:00,155.0,157.25999450683594,151.1999969482422,151.39999389648438,151.35684204101562,182029,0.0,0.0
2021-01-05 00:00:00+00:00,155.0,160.39999389648438,152.60000610351562,160.39999389648438,160.35427856445312,397555,0.0,0.0
2021-01-06 00:00:00+00:00,165.0,165.0,159.25999450683594,162.39999389648438,162.35369873046875,279826,0.0,0.0
2021-01-07 00:00:00+00:00,161.0,164.8000030517578,155.39999389648438,159.0,158.95468139648438,398193,0.0,0.0
2021-01-08 00:00:00+00:00,161.60000610351562,163.39999389648438,154.60000610351562,157.0,156.9552459716797,239548,0.0,0.0
2021-01-11 00:00:00+00:00,160.8000030517578,160.8000030517578,155.1999969482422,156.60000610351562,156.55535888671875,183045,0.0,0.0
2021-01-12 00:00:00+00:00,158.0,158.0,153.39999389648438,155.0,154.95582580566406,235177,0.0,0.0
2021-01-13 00:00:00+00:00,156.39999389648438,160.6999969482422,150.60000610351562,152.1999969482422,152.1566162109375,157707,0.0,0.0
2021-01-14 00:00:00+00:00,149.60000610351562,154.99899291992188,149.0,152.60000610351562,152.55650329589844,133472,0.0,0.0
2021-01-15 00:00:00+00:00,154.39999389648438,156.97000122070312,151.0,156.0,155.95553588867188,280199,0.0,0.0
2021-01-18 00:00:00+00:00,156.0,157.8800048828125,152.60000610351562,154.8000030517578,154.75587463378906,233666,0.0,0.0
2021-01-19 00:00:00+00:00,152.8000030517578,156.2100067138672,150.8000030517578,155.0,154.95582580566406,535709,0.0,0.0
2021-01-20 00:00:00+00:00,151.39999389648438,158.1999969482422,151.39999389648438,158.1999969482422,158.15489196777344,318926,0.0,0.0
2021-01-21 00:00:00+00:00,158.60000610351562,161.0,156.51300048828125,158.0,157.9549560546875,195389,0.0,0.0
2021-01-22 00:00:00+00:00,161.8000030517578,162.67999267578125,153.0,160.39999389648438,160.35427856445312,198570,0.0,0.0
2021-01-25 00:00:00+00:00,157.0,161.39999389648438,157.0,160.0,159.9543914794922,101178,0.0,0.0
2021-01-26 00:00:00+00:00,160.1999969482422,161.77499389648438,156.0,160.8000030517578,160.75418090820312,125305,0.0,0.0
2021-01-27 00:00:00+00:00,159.39999389648438,161.7100067138672,154.60000610351562,160.0,159.9543914794922,214422,0.0,0.0
2021-01-28 00:00:00+00:00,157.39999389648438,164.0,151.1999969482422,164.0,163.95323181152344,297626,0.0,0.0
2021-01-29 00:00:00+00:00,164.0,164.0,151.1999969482422,161.1999969482422,161.154052734375,399411,0.0,0.0
2021-02-01 00:00:00+00:00,163.0,164.0,159.39999389648438,162.0,161.95382690429688,153460,0.0,0.0
2021-02-02 00:00:00+00:00,164.0,164.0,160.0,162.0,161.95382690429688,167678,0.0,0.0
2021-02-03 00:00:00+00:00,161.1999969482422,168.8000030517578,160.1999969482422,164.0,163.95323181152344,307059,0.0,0.0
2021-02-04 00:00:00+00:00,165.0,168.0,155.70199584960938,158.0,157.9549560546875,1054591,0.0,0.0
2021-02-05 00:00:00+00:00,161.0,162.39999389648438,155.9080047607422,161.0,160.9541015625,158052,0.0,0.0
2021-02-08 00:00:00+00:00,162.60000610351562,164.8000030517578,157.39999389648438,158.60000610351562,158.5548095703125,249952,0.0,0.0
2021-02-09 00:00:00+00:00,155.0,159.1999969482422,153.86000061035156,158.0,157.9549560546875,864085,0.0,0.0
2021-02-10 00:00:00+00:00,158.0,160.0,156.0,157.0,156.9552459716797,204750,0.0,0.0
2021-02-11 00:00:00+00:00,155.0,159.0,155.0,157.8000030517578,157.75502014160156,243969,0.0,0.0
2021-02-12 00:00:00+00:00,156.0,158.1999969482422,154.60000610351562,156.0,155.95553588867188,459438,0.0,0.0
2021-02-15 00:00:00+00:00,154.0,159.0,151.80799865722656,157.1999969482422,157.15518188476562,218308,0.0,0.0
2021-02-16 00:00:00+00:00,158.1999969482422,160.1999969482422,154.1999969482422,158.0,157.9549560546875,264606,0.0,0.0
2021-02-17 00:00:00+00:00,158.8000030517578,161.8000030517578,156.33900451660156,160.39999389648438,160.35427856445312,83518,0.0,0.0
2021-02-18 00:00:00+00:00,155.0,159.0,153.1999969482422,153.60000610351562,153.5562286376953,935832,0.0,0.0
2021-02-19 00:00:00+00:00,156.60000610351562,157.60000610351562,151.8000030517578,154.39999389648438,154.35598754882812,343649,0.0,0.0
2021-02-22 00:00:00+00:00,153.8000030517578,157.60000610351562,150.39999389648438,150.8000030517578,150.75701904296875,150873,0.0,0.0
2021-02-23 00:00:00+00:00,148.1999969482422,152.1999969482422,145.8000030517578,148.1999969482422,148.15774536132812,540756,0.0,0.0
2021-02-24 00:00:00+00:00,151.8000030517578,152.39999389648438,147.44700622558594,148.0,147.95782470703125,214588,0.0,0.0
2021-02-25 00:00:00+00:00,144.8000030517578,150.0,144.8000030517578,150.0,149.95724487304688,337834,0.0,0.0
2021-02-26 00:00:00+00:00,149.60000610351562,150.0,146.1999969482422,146.60000610351562,146.55821228027344,126404,0.0,0.0
2021-03-01 00:00:00+00:00,148.8000030517578,151.0,143.0,148.60000610351562,148.55764770507812,612052,0.0,0.0
2021-03-02 00:00:00+00:00,149.39999389648438,152.1999969482422,147.0,150.0,149.95724487304688,631362,0.0,0.0
2021-03-03 00:00:00+00:00,150.0,156.0,149.1999969482422,156.0,155.95553588867188,491931,0.0,0.0
2021-03-04 00:00:00+00:00,156.0,156.57000732421875,149.60000610351562,155.8000030517578,155.75559997558594,362886,0.0,0.0
2021-03-05 00:00:00+00:00,156.0,158.1999969482422,151.1999969482422,154.0,153.9561004638672,604105,0.0,0.0
2021-03-08 00:00:00+00:00,155.60000610351562,157.8000030517578,147.1999969482422,151.60000610351562,151.55679321289062,191796,0.0,0.0
2021-03-09 00:00:00+00:00,155.0,157.4709930419922,152.0,155.39999389648438,155.35569763183594,282947,0.0,0.0
2021-03-10 00:00:00+00:00,154.39999389648438,156.60000610351562,153.0,156.60000610351562,156.55535888671875,144404,0.0,0.0
2021-03-11 00:00:00+00:00,152.8000030517578,164.8000030517578,152.60000610351562,162.39999389648438,162.35369873046875,496790,0.0,0.0
2021-03-12 00:00:00+00:00,162.0,163.84100341796875,160.60000610351562,163.0,162.9535369873047,166732,0.0,0.0
2021-03-15 00:00:00+00:00,163.0,163.39999389648438,160.39999389648438,163.1999969482422,163.15347290039062,139245,0.0,0.0
2021-03-16 00:00:00+00:00,165.0,168.1999969482422,161.0,166.0,165.9526824951172,448874,0.0,0.0
2021-03-17 00:00:00+00:00,165.60000610351562,166.8000030517578,162.8000030517578,166.0,165.9526824951172,185911,0.0,0.0
2021-03-18 00:00:00+00:00,162.39999389648438,167.39999389648438,161.90899658203125,165.0,164.95297241210938,257768,0.0,0.0
2021-03-19 00:00:00+00:00,167.0,167.0,160.60000610351562,165.0,164.95297241210938,1523790,0.0,0.0
2021-03-22 00:00:00+00:00,164.1999969482422,171.39999389648438,161.4199981689453,169.0,168.95181274414062,273887,0.0,0.0
2021-03-23 00:00:00+00:00,167.8000030517578,169.8000030517578,164.0,168.0,167.9521026611328,153336,0.0,0.0
2021-03-24 00:00:00+00:00,165.60000610351562,170.39999389648438,164.1999969482422,169.8000030517578,169.75160217285156,129202,0.0,0.0
2021-03-25 00:00:00+00:00,167.60000610351562,172.8000030517578,166.1999969482422,171.60000610351562,171.55108642578125,358014,0.0,0.0
2021-03-26 00:00:00+00:00,175.60000610351562,176.1999969482422,167.1999969482422,169.1999969482422,169.15176391601562,361103,0.0,0.0
2021-03-29 00:00:00+01:00,172.60000610351562,177.39999389648438,167.70199584960938,170.8000030517578,170.7512969970703,220337,0.0,0.0
2021-03-30 00:00:00+01:00,172.1999969482422,173.8000030517578,166.39999389648438,167.0,166.952392578125,171799,0.0,0.0
2021-03-31 00:00:00+01:00,167.39999389648438,170.1999969482422,165.39999389648438,167.1999969482422,167.15234375,316652,0.0,0.0
2021-04-01 00:00:00+01:00,166.60000610351562,169.1999969482422,161.44000244140625,162.60000610351562,162.55364990234375,250849,0.0,0.0
2021-04-06 00:00:00+01:00,164.8000030517578,168.39999389648438,163.39999389648438,168.39999389648438,168.35198974609375,187551,0.0,0.0
2021-04-07 00:00:00+01:00,169.39999389648438,169.39999389648438,164.92999267578125,166.0,165.9526824951172,160068,0.0,0.0
2021-04-08 00:00:00+01:00,167.60000610351562,171.60000610351562,166.39999389648438,170.39999389648438,170.35142517089844,188823,0.0,0.0
2021-04-09 00:00:00+01:00,171.60000610351562,176.2729949951172,167.60000610351562,170.8000030517578,170.7512969970703,208337,0.0,0.0
2021-04-12 00:00:00+01:00,171.1999969482422,178.60000610351562,171.1999969482422,176.0,175.9498291015625,317117,0.0,0.0
2021-04-13 00:00:00+01:00,179.39999389648438,180.02000427246094,171.39999389648438,174.1999969482422,174.15032958984375,140207,0.0,0.0
2021-04-14 00:00:00+01:00,170.8000030517578,174.0,168.8000030517578,174.0,173.9503936767578,253303,0.0,0.0
2021-04-15 00:00:00+01:00,169.8000030517578,174.8000030517578,169.8000030517578,174.1999969482422,174.15032958984375,811566,0.0,0.0
2021-04-16 00:00:00+01:00,174.60000610351562,179.60000610351562,172.39999389648438,175.0,174.9501190185547,332678,0.0,0.0
2021-04-19 00:00:00+01:00,178.0,179.0,173.17999267578125,174.8000030517578,174.7501678466797,227173,0.0,0.0
2021-04-20 00:00:00+01:00,177.8000030517578,185.8000030517578,174.4499969482422,183.1999969482422,183.1477813720703,605243,0.0,0.0
2021-04-21 00:00:00+01:00,185.0,194.0,183.39999389648438,190.0,189.9458465576172,514494,0.0,0.0
2021-04-22 00:00:00+01:00,193.1999969482422,193.60000610351562,185.26499938964844,191.0,190.94554138183594,286380,0.0,0.0
2021-04-23 00:00:00+01:00,187.60000610351562,192.02000427246094,187.60000610351562,190.0,189.9458465576172,275467,0.0,0.0
2021-04-26 00:00:00+01:00,186.60000610351562,191.0,186.60000610351562,191.0,190.94554138183594,135934,0.0,0.0
2021-04-27 00:00:00+01:00,193.39999389648438,197.8000030517578,187.1999969482422,195.39999389648438,195.34429931640625,339380,0.0,0.0
2021-04-28 00:00:00+01:00,194.0,198.39999389648438,193.0,196.0,195.9441375732422,184777,0.0,0.0
2021-04-29 00:00:00+01:00,198.1999969482422,200.0,196.1790008544922,198.0,197.9435577392578,254989,0.0,0.0
2021-04-30 00:00:00+01:00,198.39999389648438,201.5,195.39999389648438,200.0,199.94297790527344,268921,0.0,0.0
2021-05-04 00:00:00+01:00,198.0,204.5,195.39999389648438,197.39999389648438,197.34371948242188,344911,0.0,0.0
2021-05-05 00:00:00+01:00,195.60000610351562,202.9709930419922,195.0,201.0,200.94271850585938,1356582,0.0,0.0
2021-05-06 00:00:00+01:00,203.0,207.0,198.60000610351562,202.5,202.44227600097656,242389,0.0,0.0
2021-05-07 00:00:00+01:00,206.0,209.5,200.5,202.0,201.94241333007812,276473,0.0,0.0
2021-05-10 00:00:00+01:00,206.5,206.5,199.1999969482422,199.60000610351562,199.54310607910156,387982,0.0,0.0
2021-05-11 00:00:00+01:00,200.0,204.5,194.60000610351562,195.8000030517578,195.7441864013672,2972290,0.0,0.0
2021-05-12 00:00:00+01:00,200.5,201.5,191.8000030517578,193.60000610351562,193.54481506347656,192656,0.0,0.0
2021-05-13 00:00:00+01:00,194.39999389648438,198.60000610351562,191.39999389648438,194.8000030517578,194.74447631835938,176973,0.0,0.0
2021-05-14 00:00:00+01:00,190.60000610351562,196.1999969482422,190.60000610351562,192.60000610351562,192.54510498046875,114442,0.0,0.0
2021-05-17 00:00:00+01:00,194.39999389648438,196.1999969482422,191.8000030517578,194.0,193.9447021484375,121851,0.0,0.0
2021-05-18 00:00:00+01:00,190.39999389648438,196.8000030517578,190.39999389648438,195.39999389648438,195.34429931640625,178771,0.0,0.0
2021-05-19 00:00:00+01:00,194.1999969482422,195.1999969482422,188.39999389648438,188.39999389648438,188.34629821777344,235842,0.0,0.0
2021-05-20 00:00:00+01:00,191.1999969482422,192.0,185.39999389648438,190.60000610351562,190.54566955566406,150913,0.0,0.0
2021-05-21 00:00:00+01:00,189.1999969482422,192.60000610351562,187.58399963378906,190.0,189.9458465576172,225921,0.0,0.0
2021-05-24 00:00:00+01:00,193.0,193.0,186.60000610351562,192.0,191.94525146484375,153597,0.0,0.0
2021-05-25 00:00:00+01:00,192.60000610351562,195.60000610351562,190.0,193.0,192.94497680664062,331994,0.0,0.0
2021-05-26 00:00:00+01:00,249.0,249.0,239.0,245.0,244.93016052246094,17339849,0.0,0.0
2021-05-27 00:00:00+01:00,243.0,249.0,242.5,246.0,245.9298858642578,2952151,0.0,0.0
2021-05-28 00:00:00+01:00,249.0,250.0,243.85000610351562,245.5,245.4300079345703,1635380,0.0,0.0
2021-06-01 00:00:00+01:00,244.0,247.0,243.99000549316406,245.0,244.93016052246094,540282,0.0,0.0
2021-06-02 00:00:00+01:00,244.0,246.5,244.0,245.0,244.93016052246094,5544748,0.0,0.0
2021-06-03 00:00:00+01:00,244.0,270.0,244.0,253.0,252.92788696289062,1583315,0.0,0.0
2021-06-04 00:00:00+01:00,249.5,256.0,245.0,245.5,245.4300079345703,2770703,0.0,0.0
2021-06-07 00:00:00+01:00,245.0,246.5,242.5,245.5,245.4300079345703,19017947,0.0,0.0
2021-06-08 00:00:00+01:00,244.0,251.5,242.0,245.0,244.93016052246094,10676264,0.0,0.0
2021-06-09 00:00:00+01:00,248.5,248.5,242.5,243.0,242.93072509765625,2079554,0.0,0.0
2021-06-10 00:00:00+01:00,243.5,250.0,242.0,250.0,249.92872619628906,4006848,0.0,0.0
2021-06-11 00:00:00+01:00,250.0,250.0,248.17999267578125,249.0,248.92901611328125,2359236,0.0,0.0
2021-06-14 00:00:00+01:00,250.0,251.0,245.5,251.0,250.92843627929688,1768543,0.0,0.0
2021-06-15 00:00:00+01:00,250.0,251.0,248.0,249.0,248.92901611328125,423980,0.0,0.0
2021-06-16 00:00:00+01:00,250.0,253.0,249.0,251.5,251.4282989501953,3769356,0.0,0.0
2021-06-17 00:00:00+01:00,250.5,252.5,250.5,251.5,251.4282989501953,1014664,0.0,0.0
2021-06-18 00:00:00+01:00,252.0,252.5,247.5,252.5,252.4280242919922,6850573,0.0,0.0
2021-06-21 00:00:00+01:00,251.5,252.0,249.0,249.5,249.4288787841797,350190,0.0,0.0
2021-06-22 00:00:00+01:00,250.0,250.0,246.5,248.0,247.92929077148438,266547,0.0,0.0
2021-06-23 00:00:00+01:00,245.0,248.5,245.0,247.0,246.92959594726562,910304,0.0,0.0
2021-06-24 00:00:00+01:00,252.5,252.5,245.5,248.0,247.92929077148438,806146,0.0,0.0
2021-06-25 00:00:00+01:00,248.5,248.5,245.0,245.0,244.93016052246094,284234,0.0,0.0
2021-06-28 00:00:00+01:00,245.5,247.08999633789062,245.0,246.5,246.4297332763672,532778,0.0,0.0
2021-06-29 00:00:00+01:00,246.0,248.5,245.5,245.5,245.4300079345703,729881,0.0,0.0
2021-06-30 00:00:00+01:00,246.5,248.25,245.66900634765625,246.0,245.9298858642578,1025236,0.0,0.0
2021-07-01 00:00:00+01:00,247.0,247.5,246.0,247.5,247.429443359375,702595,0.0,0.0
2021-07-02 00:00:00+01:00,250.0,250.0,247.0,247.5,247.429443359375,2636208,0.0,0.0
2021-07-05 00:00:00+01:00,248.0,254.0,240.0,240.5,240.4314422607422,24954316,0.0,0.0
2021-07-06 00:00:00+01:00,239.5,239.92100524902344,236.5,238.0,237.93214416503906,3828746,0.0,0.0
2021-07-07 00:00:00+01:00,243.0,243.0,226.0,226.5,226.43544006347656,6440877,0.0,0.0
2021-07-08 00:00:00+01:00,227.0,230.0,219.0,224.5,224.43600463867188,2371310,0.0,0.0
2021-07-09 00:00:00+01:00,232.5,232.5,227.5,228.5,228.4348602294922,2821967,0.0,0.0
2021-07-12 00:00:00+01:00,226.5,234.0,221.5,231.0,230.9341278076172,811707,0.0,0.0
2021-07-13 00:00:00+01:00,235.0,235.0,228.0,235.0,234.9330291748047,923736,0.0,0.0
2021-07-14 00:00:00+01:00,235.0,243.5,232.2689971923828,237.5,237.43231201171875,335783,0.0,0.0
2021-07-15 00:00:00+01:00,237.5,238.2550048828125,235.0,235.0,234.9330291748047,302125,0.0,0.0
2021-07-16 00:00:00+01:00,234.0,236.5,233.5,235.0,234.9330291748047,204384,0.0,0.0
2021-07-19 00:00:00+01:00,230.0,231.52499389648438,204.5,218.0,217.9378662109375,5038827,0.0,0.0
2021-07-20 00:00:00+01:00,210.0,218.5,209.5,215.5,215.43856811523438,6180273,0.0,0.0
2021-07-21 00:00:00+01:00,209.5,221.0,209.5,219.5,219.43743896484375,2240128,0.0,0.0
2021-07-22 00:00:00+01:00,220.0,220.5,216.1529998779297,220.0,219.93727111816406,1238356,0.0,0.0
2021-07-23 00:00:00+01:00,220.0,223.0,220.0,222.0,221.93670654296875,1071582,0.0,0.0
2021-07-26 00:00:00+01:00,222.0,222.0,222.0,222.0,221.93670654296875,0,0.0,0.0
2021-07-27 00:00:00+01:00,222.0,222.0,222.0,222.0,221.93670654296875,0,0.0,0.0
2021-07-28 00:00:00+01:00,222.0,222.0,222.0,222.0,221.93670654296875,0,0.0,0.0
2021-07-29 00:00:00+01:00,222.0,222.0,222.0,222.0,221.93670654296875,0,0.0,0.0
2021-07-30 00:00:00+01:00,222.0,222.0,222.0,222.0,221.93670654296875,0,0.0,0.0
2021-08-02 00:00:00+01:00,222.0,222.0,222.0,222.0,221.93670654296875,0,0.0,0.0
2021-08-03 00:00:00+01:00,222.0,222.0,222.0,222.0,221.93670654296875,0,0.0,0.0
2021-08-04 00:00:00+01:00,234.5,234.5,228.5,228.5,228.4348602294922,279192,0.0,0.0
2021-08-05 00:00:00+01:00,226.0,227.35499572753906,222.5,223.0,222.93643188476562,250590,0.0,0.0
2021-08-06 00:00:00+01:00,228.0,228.0,219.0,220.0,219.93727111816406,272260,0.0,0.0
2021-08-09 00:00:00+01:00,219.0,224.5,219.0,222.5,222.43655395507812,340670,0.0,0.0
2021-08-10 00:00:00+01:00,223.5,231.0,222.1009979248047,225.5,225.4357147216797,248149,0.0,0.0
2021-08-11 00:00:00+01:00,225.0,233.5,225.0,229.5,229.4345703125,373203,0.0,0.0
2021-08-12 00:00:00+01:00,230.5,234.5,229.0,232.0,231.93386840820312,406459,0.0,0.0
2021-08-13 00:00:00+01:00,233.0,236.0,231.0,234.5,234.4331512451172,3305946,0.0,0.0
2021-08-16 00:00:00+01:00,231.0,234.0,230.4949951171875,233.5,233.4334259033203,1450948,0.0,0.0
2021-08-17 00:00:00+01:00,233.0,236.5,229.0,229.0,228.93472290039062,1382071,0.0,0.0
2021-08-18 00:00:00+01:00,234.5,235.5,228.5,234.5,234.4331512451172,176323,0.0,0.0
2021-08-19 00:00:00+01:00,232.5,234.0,227.0,228.0,227.9350128173828,564653,0.0,0.0
2021-08-20 00:00:00+01:00,225.0,230.5,225.0,230.5,230.43429565429688,146281,0.0,0.0
2021-08-23 00:00:00+01:00,230.5,233.5,228.0,233.0,232.93359375,220458,0.0,0.0
2021-08-24 00:00:00+01:00,234.5,235.0,231.0,235.0,234.9330291748047,4224721,0.0,0.0
2021-08-25 00:00:00+01:00,235.0,238.0,233.5330047607422,235.0,234.9330291748047,206861,0.0,0.0
2021-08-26 00:00:00+01:00,234.5,235.0,231.5,235.0,234.9330291748047,459565,0.0,0.0
2021-08-27 00:00:00+01:00,235.5,238.0,234.5,236.0,235.93272399902344,462907,0.0,0.0
2021-08-31 00:00:00+01:00,236.5,236.5,234.0,235.0,234.9330291748047,5167076,0.0,0.0
2021-09-01 00:00:00+01:00,235.0,237.0,234.5,236.0,235.93272399902344,804131,0.0,0.0
2021-09-02 00:00:00+01:00,235.0,236.5,235.0,236.5,236.43258666992188,251647,0.0,0.0
2021-09-03 00:00:00+01:00,235.0,236.5,233.75,236.5,236.43258666992188,2140333,0.0,0.0
2021-09-06 00:00:00+01:00,241.0,241.0,237.5,238.0,237.93214416503906,395829,0.0,0.0
2021-09-07 00:00:00+01:00,238.0,238.42100524902344,235.5,236.5,236.43258666992188,3970488,0.0,0.0
2021-09-08 00:00:00+01:00,237.0,239.0,236.47300720214844,236.5,236.43258666992188,341721,0.0,0.0
2021-09-09 00:00:00+01:00,234.5,238.5,232.0,237.5,237.43231201171875,399865,0.0,0.0
2021-09-10 00:00:00+01:00,238.5,244.0,235.0,236.0,235.93272399902344,810958,0.0,0.0
2021-09-13 00:00:00+01:00,236.16000366210938,237.5,235.5,235.77999877929688,235.71279907226562,39715,0.0,0.0
2021-09-14 00:00:00+01:00,240.5,243.0,236.0,241.0,240.93130493164062,15843277,0.0,0.0
2021-09-15 00:00:00+01:00,238.5,243.5,236.0,241.5,241.43116760253906,1127483,0.0,0.0
2021-09-16 00:00:00+01:00,240.5,243.5,237.57899475097656,238.5,238.43202209472656,329713,0.0,0.0
2021-09-17 00:00:00+01:00,239.0,243.0,237.0,243.0,242.93072509765625,688472,0.0,0.0
2021-09-20 00:00:00+01:00,237.5,244.0,235.0,237.0,236.93243408203125,2002929,0.0,0.0
2021-09-21 00:00:00+01:00,239.5,239.5,232.0,232.0,231.93386840820312,319842,0.0,0.0
2021-09-22 00:00:00+01:00,226.5,233.67999267578125,226.5,231.5,231.4340057373047,264941,0.0,0.0
2021-09-23 00:00:00+01:00,236.5,236.5,230.5,233.5,233.4334259033203,853347,0.0,0.0
2021-09-24 00:00:00+01:00,229.5,232.0,226.0,226.0,225.93557739257812,1826712,0.0,0.0
2021-09-27 00:00:00+01:00,230.5,230.5,220.6280059814453,224.0,223.9361572265625,367579,0.0,0.0
2021-09-28 00:00:00+01:00,223.0,225.0,215.0,216.5,216.4382781982422,328131,0.0,0.0
2021-09-29 00:00:00+01:00,213.0,217.0,212.75799560546875,213.0,212.93930053710938,290031,0.0,0.0
2021-09-30 00:00:00+01:00,210.0,213.13999938964844,206.0,206.0,205.9412841796875,485141,0.0,0.0
2021-10-01 00:00:00+01:00,204.0,212.302001953125,201.2530059814453,210.5,210.44000244140625,709445,0.0,0.0
2021-10-04 00:00:00+01:00,208.5,211.5,206.5,211.5,211.439697265625,1153318,0.0,0.0
2021-10-05 00:00:00+01:00,210.5,214.0,209.0,214.0,213.93898010253906,432556,0.0,0.0
2021-10-06 00:00:00+01:00,216.0,219.5,212.5,217.0,216.93814086914062,431430,0.0,0.0
2021-10-07 00:00:00+01:00,221.5,226.91900634765625,214.0,215.0,214.938720703125,1303899,0.0,0.0
2021-10-08 00:00:00+01:00,210.0,220.0,210.0,219.0,218.9375762939453,279168,0.0,0.0
2021-10-11 00:00:00+01:00,214.0,222.5,214.0,218.0,217.9378662109375,291009,0.0,0.0
2021-10-12 00:00:00+01:00,215.0,226.0,215.0,225.0,224.93585205078125,723604,0.0,0.0
2021-10-13 00:00:00+01:00,220.0,226.4199981689453,218.0,219.5,219.43743896484375,604012,0.0,0.0
2021-10-14 00:00:00+01:00,223.5,227.5,218.0,225.5,225.4357147216797,498999,0.0,0.0
2021-10-15 00:00:00+01:00,228.5,232.9199981689453,226.28700256347656,230.0,229.9344482421875,591051,0.0,0.0
2021-10-18 00:00:00+01:00,230.0,235.91900634765625,229.0,235.0,234.9330291748047,424788,0.0,0.0
2021-10-19 00:00:00+01:00,234.5,239.0,232.75,234.5,234.4331512451172,502229,0.0,0.0
2021-10-20 00:00:00+01:00,234.5,237.5,232.97999572753906,234.0,233.93328857421875,302198,0.0,0.0
2021-10-21 00:00:00+01:00,230.0,237.0,230.0,234.0,233.93328857421875,508192,0.0,0.0
2021-10-22 00:00:00+01:00,230.5,235.0,229.5,232.0,231.93386840820312,1451446,0.0,0.0
2021-10-25 00:00:00+01:00,227.5,237.25599670410156,226.0,232.5,232.43373107910156,10886881,0.0,0.0
2021-10-26 00:00:00+01:00,234.5,234.5,231.5,234.0,233.93328857421875,316143,0.0,0.0
2021-10-27 00:00:00+01:00,233.0,240.0,233.0,240.0,239.93157958984375,772433,0.0,0.0
2021-10-28 00:00:00+01:00,242.0,245.0,235.0,235.0,234.9330291748047,565637,0.0,0.0
2021-10-29 00:00:00+01:00,233.5,239.0,228.52000427246094,235.0,234.9330291748047,1750628,0.0,0.0
2021-11-01 00:00:00+00:00,238.0,241.5,228.52000427246094,237.0,236.93243408203125,1832826,0.0,0.0
2021-11-02 00:00:00+00:00,236.5,241.5,233.0,238.0,237.93214416503906,1895013,0.0,0.0
2021-11-03 00:00:00+00:00,238.0,240.5,235.0,238.0,237.93214416503906,853860,0.0,0.0
2021-11-04 00:00:00+00:00,238.0,245.0,238.0,243.5,243.43060302734375,718566,0.0,0.0
2021-11-05 00:00:00+00:00,246.0,248.5,241.5,241.5,241.43116760253906,423764,0.0,0.0
2021-11-08 00:00:00+00:00,242.5,247.51600646972656,238.5,238.5,238.43202209472656,345344,0.0,0.0
2021-11-09 00:00:00+00:00,238.0,242.0,235.0,237.0,236.93243408203125,270926,0.0,0.0
2021-11-10 00:00:00+00:00,240.0,241.0,236.5,236.5,236.43258666992188,233318,0.0,0.0
2021-11-11 00:00:00+00:00,236.5,244.0,236.5,244.0,243.93045043945312,321937,0.0,0.0
2021-11-12 00:00:00+00:00,237.0,245.5,237.0,241.0,240.93130493164062,567616,0.0,0.0
2021-11-15 00:00:00+00:00,237.5,245.0,237.5,244.0,243.93045043945312,592968,0.0,0.0
2021-11-16 00:00:00+00:00,237.0,245.0,237.0,241.5,241.43116760253906,287028,0.0,0.0
2021-11-17 00:00:00+00:00,243.5,250.0,243.44000244140625,246.0,245.9298858642578,1018150,0.0,0.0
2021-11-18 00:00:00+00:00,245.0,248.0,244.0,244.5,244.4302978515625,989077,0.0,0.0
2021-11-19 00:00:00+00:00,250.0,250.0,242.6820068359375,243.0,242.93072509765625,256901,0.0,0.0
2021-11-22 00:00:00+00:00,249.5,249.5,243.0,244.0,243.93045043945312,323161,0.0,0.0
2021-11-23 00:00:00+00:00,239.5,245.0,234.5,240.5,240.4314422607422,550600,0.0,0.0
2021-11-24 00:00:00+00:00,247.5,247.5,237.6820068359375,241.5,241.43116760253906,266867,0.0,0.0
2021-11-25 00:00:00+00:00,249.0,249.0,239.5,240.0,239.93157958984375,144223,0.0,0.0
2021-11-26 00:00:00+00:00,238.5,240.24000549316406,229.4499969482422,231.0,230.9341278076172,860581,0.0,0.0
2021-11-29 00:00:00+00:00,234.0,236.1300048828125,229.5,233.0,232.93359375,2040932,0.0,0.0
2021-11-30 00:00:00+00:00,228.0,237.5,226.0,231.5,231.4340057373047,1067421,0.0,0.0
2021-12-01 00:00:00+00:00,231.5,246.0,231.5,245.0,244.93016052246094,1408799,0.0,0.0
2021-12-02 00:00:00+00:00,243.0,247.5,240.5,243.0,242.93072509765625,461330,0.0,0.0
2021-12-03 00:00:00+00:00,244.5,247.5,240.0,241.5,241.43116760253906,418379,0.0,0.0
2021-12-06 00:00:00+00:00,246.0,248.0,241.7100067138672,244.0,243.93045043945312,303896,0.0,0.0
2021-12-07 00:00:00+00:00,247.5,248.0,241.58099365234375,243.0,242.93072509765625,398645,0.0,0.0
2021-12-08 00:00:00+00:00,241.5,244.5,238.5,244.5,244.4302978515625,788788,0.0,0.0
2021-12-09 00:00:00+00:00,240.0,247.5,240.0,246.5,246.4297332763672,2481537,0.0,0.0
2021-12-10 00:00:00+00:00,246.5,248.0,245.0,246.0,245.9298858642578,1087232,0.0,0.0
2021-12-13 00:00:00+00:00,246.0,247.0,241.5,242.0,241.93101501464844,379554,0.0,0.0
2021-12-14 00:00:00+00:00,238.0,246.0,238.0,245.0,244.93016052246094,1449035,0.0,0.0
2021-12-15 00:00:00+00:00,238.5,245.0,238.5,243.5,243.43060302734375,600470,0.0,0.0
2021-12-16 00:00:00+00:00,245.0,248.5,243.5,247.0,246.92959594726562,2119693,0.0,0.0
2021-12-17 00:00:00+00:00,246.5,251.5,246.0,246.0,245.9298858642578,930475,0.0,0.0
2021-12-20 00:00:00+00:00,248.0,248.0,239.3000030517578,243.5,243.43060302734375,548368,0.0,0.0
2021-12-21 00:00:00+00:00,246.0,246.5,243.5,245.0,244.93016052246094,3227285,0.0,0.0
2021-12-22 00:00:00+00:00,238.0,251.0,238.0,250.0,249.92872619628906,1775325,0.0,0.0
2021-12-23 00:00:00+00:00,253.0,253.0,248.5,249.0,248.92901611328125,584854,0.0,0.0
2021-12-24 00:00:00+00:00,248.0,250.0,246.0,248.5,248.42918395996094,223497,0.0,0.0
2021-12-29 00:00:00+00:00,246.0,250.0,243.5,249.5,249.4288787841797,2303746,0.0,0.0
2021-12-30 00:00:00+00:00,249.5,249.5,248.16000366210938,248.5,248.42918395996094,148897,0.0,0.0
2021-12-31 00:00:00+00:00,248.0,250.0,245.5,250.0,249.92872619628906,51736,0.0,0.0
2022-01-04 00:00:00+00:00,250.0,254.0,248.0,252.0,251.9281768798828,2213844,0.0,0.0
2022-01-05 00:00:00+00:00,255.0,256.5,251.5,254.0,253.92758178710938,670319,0.0,0.0
2022-01-06 00:00:00+00:00,250.5,255.5,250.5,254.5,254.42745971679688,472875,0.0,0.0
2022-01-07 00:00:00+00:00,255.5,255.5,245.0,250.5,250.4285888671875,1248386,0.0,0.0
2022-01-10 00:00:00+00:00,252.0,254.0,249.0,251.0,250.92843627929688,459251,0.0,0.0
2022-01-11 00:00:00+00:00,251.5,253.5,249.0,249.0,248.92901611328125,404237,0.0,0.0
2022-01-12 00:00:00+00:00,252.0,252.5,246.0,246.0,245.9298858642578,349879,0.0,0.0
2022-01-13 00:00:00+00:00,250.0,250.0,245.5,247.0,246.92959594726562,405509,0.0,0.0
2022-01-14 00:00:00+00:00,250.0,250.0,245.5,247.5,247.429443359375,250447,0.0,0.0
2022-01-17 00:00:00+00:00,240.5,252.0,240.5,249.5,249.4288787841797,421938,0.0,0.0
2022-01-18 00:00:00+00:00,244.5,251.5,244.5,249.5,249.4288787841797,340955,0.0,0.0
2022-01-19 00:00:00+00:00,244.0,250.5,244.0,246.5,246.4297332763672,531531,0.0,0.0
2022-01-20 00:00:00+00:00,247.5,250.25,246.5,247.0,246.92959594726562,361772,0.0,0.0
2022-01-21 00:00:00+00:00,242.5,249.0,242.5,245.0,244.93016052246094,641713,0.0,0.0
2022-01-24 00:00:00+00:00,242.0,248.5,234.5,235.0,234.9330291748047,869283,0.0,0.0
2022-01-25 00:00:00+00:00,241.5,241.5,230.5,230.5,230.43429565429688,579031,0.0,0.0
2022-01-26 00:00:00+00:00,234.0,236.0,227.5,228.0,227.9350128173828,365760,0.0,0.0
2022-01-27 00:00:00+00:00,225.5,229.5,222.9949951171875,227.5,227.43515014648438,934750,0.0,0.0
2022-01-28 00:00:00+00:00,226.5,229.5,223.5,225.5,225.4357147216797,991941,0.0,0.0
2022-01-31 00:00:00+00:00,224.5,237.5,222.41299438476562,237.5,237.43231201171875,559086,0.0,0.0
2022-02-01 00:00:00+00:00,238.5,240.93099975585938,235.0,237.5,237.43231201171875,430627,0.0,0.0
2022-02-02 00:00:00+00:00,235.0,244.0,235.0,240.0,239.93157958984375,310689,0.0,0.0
2022-02-03 00:00:00+00:00,239.5,241.5,238.0,240.0,239.93157958984375,371153,0.0,0.0
2022-02-04 00:00:00+00:00,233.5,241.5,233.5,236.5,236.43258666992188,398689,0.0,0.0
2022-02-07 00:00:00+00:00,236.5,240.5,235.5,238.5,238.43202209472656,248366,0.0,0.0
2022-02-08 00:00:00+00:00,236.5,239.5,233.29299926757812,238.0,237.93214416503906,325822,0.0,0.0
2022-02-09 00:00:00+00:00,237.0,242.0,236.5,240.0,239.93157958984375,1127409,0.0,0.0
2022-02-10 00:00:00+00:00,240.0,242.0,233.0,240.0,239.93157958984375,1670976,0.0,0.0
2022-02-11 00:00:00+00:00,240.5,242.5,238.5,242.5,242.4308624267578,967602,0.0,0.0
2022-02-14 00:00:00+00:00,240.0,240.5,236.5,240.0,239.93157958984375,294121,0.0,0.0
2022-02-15 00:00:00+00:00,239.5,243.0,237.89999389648438,240.0,239.93157958984375,167198,0.0,0.0
2022-02-16 00:00:00+00:00,240.0,242.0,236.5,239.0,238.93186950683594,324440,0.0,0.0
2022-02-17 00:00:00+00:00,240.0,240.0,216.91900634765625,227.0,226.93528747558594,1028625,0.0,0.0
2022-02-18 00:00:00+00:00,220.5,230.5,220.5,228.0,227.9350128173828,2909577,0.0,0.0
2022-02-21 00:00:00+00:00,224.5,228.0,222.0,224.0,223.9361572265625,331795,0.0,0.0
2022-02-22 00:00:00+00:00,221.5,226.5,217.5,217.5,217.43798828125,1285044,0.0,0.0
2022-02-23 00:00:00+00:00,217.0,226.5,214.91299438476562,221.5,221.43687438964844,374217,0.0,0.0
2022-02-24 00:00:00+00:00,218.0,220.5,213.5,215.0,214.938720703125,594486,0.0,0.0
2022-02-25 00:00:00+00:00,220.0,220.0,213.0,216.0,215.9384307861328,710859,0.0,0.0
2022-02-28 00:00:00+00:00,214.5,232.5,214.5,232.5,232.43373107910156,732440,0.0,0.0
2022-03-01 00:00:00+00:00,230.5,232.5,222.5,222.5,222.43655395507812,1172842,0.0,0.0
2022-03-02 00:00:00+00:00,226.5,228.5,223.5,227.0,226.93528747558594,519967,0.0,0.0
2022-03-03 00:00:00+00:00,233.5,248.5,222.92999267578125,225.5,225.4357147216797,742467,0.0,0.0
2022-03-04 00:00:00+00:00,223.5,228.5,221.5,225.0,224.93585205078125,1628991,0.0,0.0
2022-03-07 00:00:00+00:00,222.0,232.5,218.0,224.0,223.9361572265625,625298,0.0,0.0
2022-03-08 00:00:00+00:00,218.5,228.5,218.5,222.0,221.93670654296875,452197,0.0,0.0
2022-03-09 00:00:00+00:00,223.5,229.5,223.5,229.0,228.93472290039062,625553,0.0,0.0
2022-03-10 00:00:00+00:00,232.5,236.5,228.0,234.5,234.4331512451172,341853,0.0,0.0
2022-03-11 00:00:00+00:00,228.0,241.0,228.0,238.5,238.43202209472656,342980,0.0,0.0
2022-03-14 00:00:00+00:00,237.0,244.5,236.0,244.0,243.93045043945312,411610,0.0,0.0
2022-03-15 00:00:00+00:00,237.0,244.5,237.0,240.5,240.4314422607422,369621,0.0,0.0
2022-03-16 00:00:00+00:00,242.0,244.5,240.0,241.0,240.93130493164062,1310292,0.0,0.0
2022-03-17 00:00:00+00:00,242.5,245.0,240.0,243.0,242.93072509765625,773072,0.0,0.0
2022-03-18 00:00:00+00:00,242.5,245.0,240.0,244.0,243.93045043945312,1100054,0.0,0.0
2022-03-21 00:00:00+00:00,243.5,245.5,241.5,242.5,242.4308624267578,301525,0.0,0.0
2022-03-22 00:00:00+00:00,245.0,247.0,242.5,247.0,246.92959594726562,1652106,0.0,0.0
2022-03-23 00:00:00+00:00,240.0,251.5,240.0,246.0,245.9298858642578,440583,0.0,0.0
2022-03-24 00:00:00+00:00,241.5,250.30099487304688,241.5,248.0,247.92929077148438,178831,0.0,0.0
2022-03-25 00:00:00+00:00,249.0,252.5,244.5,246.0,245.9298858642578,385664,0.0,0.0
2022-03-28 00:00:00+01:00,250.0,251.0,245.0,247.5,247.429443359375,523955,0.0,0.0
2022-03-29 00:00:00+01:00,247.0,253.5,246.875,248.5,248.42918395996094,818343,0.0,0.0
2022-03-30 00:00:00+01:00,250.0,250.0,242.5,245.0,244.93016052246094,465908,0.0,0.0
2022-03-31 00:00:00+01:00,239.5,248.5,239.5,244.5,244.4302978515625,657861,0.0,0.0
2022-04-01 00:00:00+01:00,240.5,248.0,240.5,245.5,245.4300079345703,311142,0.0,0.0
2022-04-04 00:00:00+01:00,243.5,248.2899932861328,243.5,244.0,243.93045043945312,299925,0.0,0.0
2022-04-05 00:00:00+01:00,245.0,246.0,237.0,237.0,236.93243408203125,901022,0.0,0.0
2022-04-06 00:00:00+01:00,236.5,239.0,233.5,234.0,233.93328857421875,415403,0.0,0.0
2022-04-07 00:00:00+01:00,234.5,234.5,229.0,230.0,229.9344482421875,266610,0.0,0.0
2022-04-08 00:00:00+01:00,227.0,232.0,226.5,230.0,229.9344482421875,776346,0.0,0.0
2022-04-11 00:00:00+01:00,232.0,233.5,229.0,231.0,230.9341278076172,598242,0.0,0.0
2022-04-12 00:00:00+01:00,230.5,232.18299865722656,226.5,228.0,227.9350128173828,325666,0.0,0.0
2022-04-13 00:00:00+01:00,229.0,229.0,225.0,226.5,226.43544006347656,247904,0.0,0.0
2022-04-14 00:00:00+01:00,231.5,231.5,223.0,225.5,225.4357147216797,713488,0.0,0.0
2022-04-19 00:00:00+01:00,228.0,230.0,224.0,228.0,227.9350128173828,461925,0.0,0.0
2022-04-20 00:00:00+01:00,232.0,233.5,221.0,225.0,224.93585205078125,597047,0.0,0.0
2022-04-21 00:00:00+01:00,225.0,237.0,225.0,233.5,233.4334259033203,2881101,0.0,0.0
2022-04-22 00:00:00+01:00,229.0,237.3350067138672,227.5,229.5,229.4345703125,271534,0.0,0.0
2022-04-25 00:00:00+01:00,226.0,227.5,221.0,223.5,223.43629455566406,353347,0.0,0.0
2022-04-26 00:00:00+01:00,223.0,226.5,219.5,221.0,220.93699645996094,401386,0.0,0.0
2022-04-27 00:00:00+01:00,219.5,222.0,212.0,212.0,211.9395751953125,742428,0.0,0.0
2022-04-28 00:00:00+01:00,214.5,220.5,212.5,219.5,219.43743896484375,613746,0.0,0.0
2022-04-29 00:00:00+01:00,216.0,220.0780029296875,215.0,216.0,215.9384307861328,379243,0.0,0.0
2022-05-03 00:00:00+01:00,221.5,221.5,211.5,216.0,215.9384307861328,2160079,0.0,0.0
2022-05-04 00:00:00+01:00,220.5,220.5,209.89500427246094,215.0,214.938720703125,2107216,0.0,0.0
2022-05-05 00:00:00+01:00,217.0,218.0,211.5,212.0,211.9395751953125,348458,0.0,0.0
2022-05-06 00:00:00+01:00,211.0,211.5,205.0,210.5,210.44000244140625,684878,0.0,0.0
2022-05-09 00:00:00+01:00,208.5,210.0,202.5,206.0,205.9412841796875,626903,0.0,0.0
2022-05-10 00:00:00+01:00,210.5,210.5,204.0,207.5,207.44085693359375,279031,0.0,0.0
2022-05-11 00:00:00+01:00,208.0,209.5,205.0,206.0,205.9412841796875,600425,0.0,0.0
2022-05-12 00:00:00+01:00,204.0,207.5,201.0,207.0,206.9409942626953,1196566,0.0,0.0
2022-05-13 00:00:00+01:00,206.5,211.0,206.5,210.0,209.9401397705078,1589002,0.0,0.0
2022-05-16 00:00:00+01:00,215.5,215.5,209.47999572753906,211.0,210.93984985351562,513502,0.0,0.0
2022-05-17 00:00:00+01:00,210.0,212.0,208.0,208.5,208.44056701660156,2961939,0.0,0.0
2022-05-18 00:00:00+01:00,208.5,209.83399963378906,205.22000122070312,206.0,205.9412841796875,318856,0.0,0.0
2022-05-19 00:00:00+01:00,206.0,209.5,202.1649932861328,209.5,209.44029235839844,1257800,0.0,0.0
2022-05-20 00:00:00+01:00,209.5,216.5,204.9949951171875,215.0,214.938720703125,1478098,0.0,0.0
2022-05-23 00:00:00+01:00,215.5,225.5,215.5,217.0,216.93814086914062,417216,0.0,0.0
2022-05-24 00:00:00+01:00,216.0,220.0,212.98199462890625,217.0,216.93814086914062,2048679,0.0,0.0
2022-05-25 00:00:00+01:00,218.5,219.5,216.5,218.5,218.43771362304688,119006,0.0,0.0
2022-05-26 00:00:00+01:00,223.0,223.0,217.0,222.0,221.93670654296875,615723,0.0,0.0
2022-05-27 00:00:00+01:00,226.5,226.5,219.0,219.0,218.9375762939453,420044,0.0,0.0
2022-05-30 00:00:00+01:00,220.5,222.5,218.5,219.5,219.43743896484375,170770,0.0,0.0
2022-05-31 00:00:00+01:00,219.0,221.5,216.5,220.5,220.43714904785156,957235,0.0,0.0
2022-06-01 00:00:00+01:00,220.5,227.5,219.5,221.0,220.93699645996094,884551,0.0,0.0
2022-06-06 00:00:00+01:00,228.0,228.0,220.5,222.0,221.93670654296875,211798,0.0,0.0
2022-06-07 00:00:00+01:00,218.5,223.5,218.5,222.0,221.93670654296875,1387929,0.0,0.0
2022-06-08 00:00:00+01:00,220.5,227.0,219.0,223.0,222.93643188476562,3200357,0.0,0.0
2022-06-09 00:00:00+01:00,228.5,234.28399658203125,225.0,232.0,231.93386840820312,3365880,0.0,0.0
2022-06-10 00:00:00+01:00,227.0,233.0,227.0,230.0,229.9344482421875,2405383,0.0,0.0
2022-06-13 00:00:00+01:00,231.5,231.5,225.0,227.0,226.93528747558594,699085,0.0,0.0
2022-06-14 00:00:00+01:00,228.0,228.0,211.0,212.5,212.43943786621094,1187844,0.0,0.0
2022-06-15 00:00:00+01:00,220.0,221.5,212.0,221.0,220.93699645996094,2054494,0.0,0.0
2022-06-16 00:00:00+01:00,219.5,220.0,212.0,215.0,214.938720703125,998926,0.0,0.0
2022-06-17 00:00:00+01:00,219.0,219.5,213.5,214.5,214.43885803222656,1934333,0.0,0.0
2022-06-20 00:00:00+01:00,213.0,215.5,209.0,214.5,214.43885803222656,2298795,0.0,0.0
2022-06-21 00:00:00+01:00,219.5,223.0,219.5,220.5,220.43714904785156,1576496,0.0,0.0
2022-06-22 00:00:00+01:00,218.5,225.0,218.25599670410156,223.0,222.93643188476562,5217667,0.0,0.0
2022-06-23 00:00:00+01:00,225.0,227.5,222.5,225.0,224.93585205078125,6134421,0.0,0.0
2022-06-24 00:00:00+01:00,226.0,229.5,224.0,226.0,225.93557739257812,347049,0.0,0.0
2022-06-27 00:00:00+01:00,226.5,233.5,226.5,233.0,232.93359375,963759,0.0,0.0
2022-06-28 00:00:00+01:00,237.0,238.60000610351562,234.5,237.0,236.93243408203125,565361,0.0,0.0
2022-06-29 00:00:00+01:00,235.0,240.5,233.16000366210938,239.5,239.4317169189453,422060,0.0,0.0
2022-06-30 00:00:00+01:00,237.5,238.5,233.5,235.0,234.9330291748047,419404,0.0,0.0
2022-07-01 00:00:00+01:00,234.5,236.0,231.1649932861328,234.5,234.4331512451172,270392,0.0,0.0
2022-07-04 00:00:00+01:00,236.0,241.5,236.0,238.0,237.93214416503906,436761,0.0,0.0
2022-07-05 00:00:00+01:00,233.5,239.5,230.5,230.5,230.43429565429688,371167,0.0,0.0
2022-07-06 00:00:00+01:00,233.0,233.4219970703125,225.5,228.0,227.9350128173828,4523528,0.0,0.0
2022-07-07 00:00:00+01:00,230.0,234.5,227.5,233.0,232.93359375,444141,0.0,0.0
2022-07-08 00:00:00+01:00,234.0,240.0,233.25999450683594,237.0,236.93243408203125,787926,0.0,0.0
2022-07-11 00:00:00+01:00,238.0,239.10000610351562,232.5,234.0,233.93328857421875,3597095,0.0,0.0
2022-07-12 00:00:00+01:00,233.5,238.0,231.33399963378906,237.0,236.93243408203125,4416657,0.0,0.0
2022-07-13 00:00:00+01:00,238.5,238.5,231.0,233.0,232.93359375,234494,0.0,0.0
2022-07-14 00:00:00+01:00,234.0,238.0,232.0,232.5,232.43373107910156,333782,0.0,0.0
2022-07-15 00:00:00+01:00,234.0,234.5,231.0,233.0,232.93359375,423114,0.0,0.0
2022-07-18 00:00:00+01:00,235.5,237.17999267578125,233.0,235.0,234.9330291748047,322730,0.0,0.0
2022-07-19 00:00:00+01:00,235.5,237.5,234.5,237.0,236.93243408203125,337502,0.0,0.0
2022-07-20 00:00:00+01:00,239.0,240.5,236.0,236.0,235.93272399902344,367681,0.0,0.0
2022-07-21 00:00:00+01:00,237.5,239.5,235.97999572753906,239.5,239.4317169189453,771047,0.0,0.0
2022-07-22 00:00:00+01:00,239.5,239.5,238.0,239.0,238.93186950683594,652949,0.0,0.0
2022-07-25 00:00:00+01:00,239.5,242.82000732421875,238.66000366210938,240.0,239.93157958984375,505614,0.0,0.0
2022-07-26 00:00:00+01:00,240.5,242.0,238.07000732421875,239.0,238.93186950683594,322880,0.0,0.0
2022-07-27 00:00:00+01:00,241.0,244.5,240.0,243.0,242.93072509765625,666798,0.0,0.0
2022-07-28 00:00:00+01:00,243.5,243.5,238.0,238.0,237.93214416503906,432175,0.0,0.0
2022-07-29 00:00:00+01:00,238.5,242.6999969482422,236.0,237.5,237.43231201171875,351273,0.0,0.0
2022-08-01 00:00:00+01:00,238.0,243.0,237.16000366210938,239.0,238.93186950683594,355579,0.0,0.0
2022-08-02 00:00:00+01:00,238.5,240.0,234.0,238.0,237.93214416503906,2778663,0.0,0.0
2022-08-03 00:00:00+01:00,238.0,239.89999389648438,236.66000366210938,238.0,237.93214416503906,644833,0.0,0.0
2022-08-04 00:00:00+01:00,238.0,241.5,237.5,241.5,241.43116760253906,349290,0.0,0.0
2022-08-05 00:00:00+01:00,245.0,245.0,241.0,243.0,242.93072509765625,282197,0.0,0.0
2022-08-08 00:00:00+01:00,243.5,245.0399932861328,242.4199981689453,244.0,243.93045043945312,190302,0.0,0.0
2022-08-09 00:00:00+01:00,238.5,244.4499969482422,238.5,241.5,241.43116760253906,240987,0.0,0.0
2022-08-10 00:00:00+01:00,242.5,243.5,240.0,242.5,242.4308624267578,320792,0.0,0.0
2022-08-11 00:00:00+01:00,241.5,243.0,240.55599975585938,242.0,241.93101501464844,223591,0.0,0.0
2022-08-12 00:00:00+01:00,236.5,243.0,236.5,243.0,242.93072509765625,228672,0.0,0.0
2022-08-15 00:00:00+01:00,242.5,243.0,241.5,241.5,241.43116760253906,151448,0.0,0.0
2022-08-16 00:00:00+01:00,241.5,243.5,240.47999572753906,242.5,242.4308624267578,219139,0.0,0.0
2022-08-17 00:00:00+01:00,237.5,243.6199951171875,237.5,241.5,241.43116760253906,251664,0.0,0.0
2022-08-18 00:00:00+01:00,241.5,242.30299377441406,239.5,240.0,239.93157958984375,165626,0.0,0.0
2022-08-19 00:00:00+01:00,240.0,241.4499969482422,236.5,237.0,236.93243408203125,2677448,0.0,0.0
2022-08-22 00:00:00+01:00,238.5,243.5,234.5,237.0,236.93243408203125,4286362,0.0,0.0
2022-08-23 00:00:00+01:00,236.0,239.0,232.0,234.5,234.4331512451172,203684,0.0,0.0
2022-08-24 00:00:00+01:00,234.0,234.5,229.5,231.0,230.9341278076172,246455,0.0,0.0
2022-08-25 00:00:00+01:00,232.0,232.5,225.5,230.0,229.9344482421875,179491,0.0,0.0
2022-08-26 00:00:00+01:00,229.0,233.5,229.0,230.0,229.9344482421875,235341,0.0,0.0
2022-08-30 00:00:00+01:00,233.0,233.0,227.99000549316406,231.5,231.4340057373047,214546,0.0,0.0
2022-08-31 00:00:00+01:00,226.5,232.5,226.5,232.5,232.43373107910156,481081,0.0,0.0
2022-09-01 00:00:00+01:00,232.0,238.3800048828125,228.5,228.5,228.4348602294922,243519,0.0,0.0
2022-09-02 00:00:00+01:00,225.0,232.94400024414062,225.0,231.5,231.4340057373047,259072,0.0,0.0
2022-09-05 00:00:00+01:00,231.5,235.5,228.0,231.0,230.9341278076172,229258,0.0,0.0
2022-09-06 00:00:00+01:00,227.5,235.5,227.0,235.0,234.9330291748047,219877,0.0,0.0
2022-09-07 00:00:00+01:00,233.0,236.0,229.0,232.5,232.43373107910156,187541,0.0,0.0
2022-09-08 00:00:00+01:00,235.0,241.0,231.5,240.0,239.93157958984375,4736843,0.0,0.0
2022-09-09 00:00:00+01:00,240.0,242.0,238.0,238.0,237.93214416503906,716416,0.0,0.0
2022-09-12 00:00:00+01:00,239.75,242.0,239.0,240.5,240.4314422607422,319601,0.0,0.0
2022-09-13 00:00:00+01:00,241.5,242.0,238.0,239.5,239.4317169189453,431698,0.0,0.0
2022-09-14 00:00:00+01:00,237.5,240.5189971923828,232.5,235.0,234.9330291748047,357505,0.0,0.0
2022-09-15 00:00:00+01:00,237.0,239.0,233.5,234.5,234.4331512451172,434791,0.0,0.0
2022-09-16 00:00:00+01:00,236.5,240.0,230.5,232.5,232.43373107910156,939106,0.0,0.0
2022-09-20 00:00:00+01:00,233.5,235.60000610351562,222.5,222.5,222.43655395507812,254460,0.0,0.0
2022-09-21 00:00:00+01:00,225.0,227.5,221.5,223.5,223.43629455566406,884337,0.0,0.0
2022-09-22 00:00:00+01:00,225.0,225.0,219.67999267578125,221.0,220.93699645996094,207021,0.0,0.0
2022-09-23 00:00:00+01:00,217.0,225.5,217.0,223.5,223.43629455566406,688362,0.0,0.0
2022-09-26 00:00:00+01:00,222.0,223.25999450683594,213.86700439453125,216.5,216.4382781982422,369511,0.0,0.0
2022-09-27 00:00:00+01:00,218.5,220.1280059814453,216.0,217.0,216.93814086914062,486687,0.0,0.0
2022-09-28 00:00:00+01:00,214.0,215.0,207.0,213.5,213.4391326904297,1041100,0.0,0.0
2022-09-29 00:00:00+01:00,213.5,215.0,209.0,211.0,210.93984985351562,935632,0.0,0.0
2022-09-30 00:00:00+01:00,207.0,215.5,207.0,215.5,215.43856811523438,436204,0.0,0.0
2022-10-03 00:00:00+01:00,213.0,215.5,211.0,213.0,212.93930053710938,397257,0.0,0.0
2022-10-04 00:00:00+01:00,213.5,216.0,212.0,214.5,214.43885803222656,236736,0.0,0.0
2022-10-05 00:00:00+01:00,215.5,218.0,210.5,213.0,212.93930053710938,1004059,0.0,0.0
2022-10-06 00:00:00+01:00,218.5,218.5,211.5,214.0,213.93898010253906,285262,0.0,0.0
2022-10-07 00:00:00+01:00,213.0,214.5,211.25,212.5,212.43943786621094,293466,0.0,0.0
2022-10-10 00:00:00+01:00,210.5,212.0,207.30999755859375,210.0,209.9401397705078,352072,0.0,0.0
2022-10-11 00:00:00+01:00,211.0,212.4199981689453,208.0,211.5,211.439697265625,434761,0.0,0.0
2022-10-12 00:00:00+01:00,206.5,211.0,206.5,208.5,208.44056701660156,377197,0.0,0.0
2022-10-13 00:00:00+01:00,206.0,211.5,205.5,209.0,208.94039916992188,335544,0.0,0.0
2022-10-14 00:00:00+01:00,211.0,212.5,208.0,208.0,207.94070434570312,480763,0.0,0.0
2022-10-17 00:00:00+01:00,207.5,214.5,207.25999450683594,213.0,212.93930053710938,343899,0.0,0.0
2022-10-18 00:00:00+01:00,214.5,217.5,213.3699951171875,214.0,213.93898010253906,231398,0.0,0.0
2022-10-19 00:00:00+01:00,209.5,216.0,209.5,211.0,210.93984985351562,224115,0.0,0.0
2022-10-20 00:00:00+01:00,211.0,212.5,207.72000122070312,210.5,210.44000244140625,198756,0.0,0.0
2022-10-21 00:00:00+01:00,210.5,210.5,207.0,207.0,206.9409942626953,259033,0.0,0.0
2022-10-24 00:00:00+01:00,211.0,214.0,208.0,210.0,209.9401397705078,251929,0.0,0.0
2022-10-25 00:00:00+01:00,213.5,216.0,209.75,212.5,212.43943786621094,192281,0.0,0.0
2022-10-26 00:00:00+01:00,208.0,219.0,208.0,215.0,214.938720703125,516653,0.0,0.0
2022-10-27 00:00:00+01:00,217.5,220.0,211.99400329589844,214.0,213.93898010253906,234336,0.0,0.0
2022-10-28 00:00:00+01:00,220.0,220.0,216.0,216.0,215.9384307861328,108677,0.0,0.0
2022-10-31 00:00:00+00:00,216.0,220.0,214.5,217.0,216.93814086914062,457819,0.0,0.0
2022-11-01 00:00:00+00:00,220.0,222.0,216.0,216.5,216.4382781982422,421160,0.0,0.0
2022-11-02 00:00:00+00:00,219.0,219.0,214.5,216.0,215.9384307861328,252785,0.0,0.0
2022-11-03 00:00:00+00:00,221.0,221.0,213.75,215.0,214.938720703125,366384,0.0,0.0
2022-11-04 00:00:00+00:00,215.5,218.0,214.5,217.5,217.43798828125,214929,0.0,0.0
2022-11-07 00:00:00+00:00,216.0,223.0,214.5,219.0,218.9375762939453,514237,0.0,0.0
2022-11-08 00:00:00+00:00,217.5,220.0,217.5,219.0,218.9375762939453,256820,0.0,0.0
2022-11-09 00:00:00+00:00,221.5,222.5,218.0,220.0,219.93727111816406,819487,0.0,0.0
2022-11-10 00:00:00+00:00,220.5,225.5,219.0,225.5,225.4357147216797,631186,0.0,0.0
2022-11-11 00:00:00+00:00,224.5,231.03500366210938,224.0500030517578,227.0,226.93528747558594,455153,0.0,0.0
2022-11-14 00:00:00+00:00,230.0,230.0,223.5,226.5,226.43544006347656,153773,0.0,0.0
2022-11-15 00:00:00+00:00,226.5,230.0,225.5,225.5,225.4357147216797,215600,0.0,0.0
2022-11-16 00:00:00+00:00,227.0,227.5,221.5,226.0,225.93557739257812,248855,0.0,0.0
2022-11-17 00:00:00+00:00,225.5,226.5,223.0,224.5,224.43600463867188,239426,0.0,0.0
2022-11-18 00:00:00+00:00,225.0,226.0,222.5,226.0,225.93557739257812,180331,0.0,0.0
2022-11-21 00:00:00+00:00,227.0,229.5,223.6009979248047,227.5,227.43515014648438,433461,0.0,0.0
2022-11-22 00:00:00+00:00,226.0,228.5,226.0,227.0,226.93528747558594,256800,0.0,0.0
2022-11-23 00:00:00+00:00,227.5,229.5,227.1999969482422,228.0,227.9350128173828,162520,0.0,0.0
2022-11-24 00:00:00+00:00,228.0,231.0,226.5,227.5,227.43515014648438,416781,0.0,0.0
2022-11-25 00:00:00+00:00,228.0,232.32000732421875,227.77000427246094,230.5,230.43429565429688,248307,0.0,0.0
2022-11-28 00:00:00+00:00,232.5,232.5,226.0,226.0,225.93557739257812,137225,0.0,0.0
2022-11-29 00:00:00+00:00,228.0,231.5,226.1999969482422,228.0,227.9350128173828,1203178,0.0,0.0
2022-11-30 00:00:00+00:00,226.0,231.5,226.0,230.0,229.9344482421875,487445,0.0,0.0
2022-12-01 00:00:00+00:00,232.0,237.0,231.5,236.5,236.43258666992188,505391,0.0,0.0
2022-12-02 00:00:00+00:00,235.5,236.0,232.5,235.0,234.9330291748047,189656,0.0,0.0
2022-12-05 00:00:00+00:00,229.5,236.0,229.5,234.5,234.4331512451172,118240,0.0,0.0
2022-12-06 00:00:00+00:00,235.5,236.6999969482422,226.5,227.5,227.43515014648438,228541,0.0,0.0
2022-12-07 00:00:00+00:00,226.5,228.0,221.0,221.0,220.93699645996094,948514,0.0,0.0
2022-12-08 00:00:00+00:00,223.0,223.0,217.0,218.0,217.9378662109375,156908,0.0,0.0
2022-12-09 00:00:00+00:00,219.5,223.5,217.89999389648438,218.0,217.9378662109375,140153,0.0,0.0
2022-12-12 00:00:00+00:00,216.5,221.0,214.0,218.0,217.9378662109375,147995,0.0,0.0
2022-12-13 00:00:00+00:00,217.0,223.5,217.0,222.0,221.93670654296875,474394,0.0,0.0
2022-12-14 00:00:00+00:00,223.0,225.0,220.17999267578125,223.5,223.43629455566406,557043,0.0,0.0
2022-12-15 00:00:00+00:00,223.0,225.5,219.91000366210938,221.0,220.93699645996094,2153804,0.0,0.0
2022-12-16 00:00:00+00:00,220.0,221.0,218.5,220.0,219.93727111816406,1424723,0.0,0.0
2022-12-19 00:00:00+00:00,222.0,222.0,219.5,221.0,220.93699645996094,220817,0.0,0.0
2022-12-20 00:00:00+00:00,220.5,220.5,216.5,217.0,216.93814086914062,937487,0.0,0.0
2022-12-21 00:00:00+00:00,217.5,225.5,217.5,225.5,225.4357147216797,441765,0.0,0.0
2022-12-22 00:00:00+00:00,226.0,227.88999938964844,223.0,225.0,224.93585205078125,302967,0.0,0.0
2022-12-23 00:00:00+00:00,225.0,225.0,224.0,224.0,223.9361572265625,59305,0.0,0.0
2022-12-28 00:00:00+00:00,228.0,228.0,224.0,225.0,224.93585205078125,262252,0.0,0.0
2022-12-29 00:00:00+00:00,228.0,229.5,223.5,228.0,227.9350128173828,300539,0.0,0.0
2022-12-30 00:00:00+00:00,227.0,229.5,226.5,228.0,227.9350128173828,287156,0.0,0.0
2023-01-03 00:00:00+00:00,230.0,234.0,228.0,228.0,227.9350128173828,1338424,0.0,0.0
2023-01-04 00:00:00+00:00,226.0,237.0,226.0,236.5,236.43258666992188,6167206,0.0,0.0
2023-01-05 00:00:00+00:00,233.5,245.5,230.5,238.5,238.43202209472656,1096982,0.0,0.0
2023-01-06 00:00:00+00:00,238.0,241.0,236.25,238.5,238.43202209472656,324596,0.0,0.0
2023-01-09 00:00:00+00:00,239.5,242.0,230.5,234.0,233.93328857421875,685255,0.0,0.0
2023-01-10 00:00:00+00:00,236.0,240.8000030517578,231.0,231.5,231.4340057373047,216906,0.0,0.0
2023-01-11 00:00:00+00:00,232.0,238.5,231.75,235.0,234.9330291748047,351676,0.0,0.0
2023-01-12 00:00:00+00:00,234.0,235.5,230.5,234.0,233.93328857421875,138820,0.0,0.0
2023-01-13 00:00:00+00:00,236.0,237.5,232.5,237.0,236.93243408203125,3820440,0.0,0.0
2023-01-16 00:00:00+00:00,237.0,246.0,233.5,244.0,243.93045043945312,699426,0.0,0.0
2023-01-17 00:00:00+00:00,243.0,246.10000610351562,238.5,240.0,239.93157958984375,478288,0.0,0.0
2023-01-18 00:00:00+00:00,239.5,240.0,235.5,239.0,238.93186950683594,238668,0.0,0.0
2023-01-19 00:00:00+00:00,240.0,240.0,235.70199584960938,238.5,238.43202209472656,198881,0.0,0.0
2023-01-20 00:00:00+00:00,238.5,240.5,236.14999389648438,238.0,237.93214416503906,204743,0.0,0.0
2023-01-23 00:00:00+00:00,237.0,239.0,236.39999389648438,238.0,237.93214416503906,675897,0.0,0.0
2023-01-24 00:00:00+00:00,238.5,240.0,236.80299377441406,237.5,237.43231201171875,361398,0.0,0.0
2023-01-25 00:00:00+00:00,238.5,240.0,236.5,237.0,236.93243408203125,202251,0.0,0.0
2023-01-26 00:00:00+00:00,238.5,243.5,236.05999755859375,241.0,240.93130493164062,252372,0.0,0.0
2023-01-27 00:00:00+00:00,240.5,246.22999572753906,240.0,245.0,244.93016052246094,1044826,0.0,0.0
2023-01-30 00:00:00+00:00,246.0,246.0,239.5,243.0,242.93072509765625,2308587,0.0,0.0
2023-01-31 00:00:00+00:00,247.5,247.5,239.0,243.0,242.93072509765625,704601,0.0,0.0
2023-02-01 00:00:00+00:00,243.5,245.0,242.5,244.0,243.93045043945312,406009,0.0,0.0
2023-02-02 00:00:00+00:00,244.0,247.0,241.5,245.5,245.4300079345703,1056714,0.0,0.0
2023-02-03 00:00:00+00:00,240.0,249.33900451660156,240.0,248.5,248.42918395996094,786906,0.0,0.0
2023-02-06 00:00:00+00:00,243.5,252.0,243.5,249.5,249.4288787841797,628382,0.0,0.0
2023-02-07 00:00:00+00:00,249.0,250.0,244.0,245.5,245.4300079345703,3504690,0.0,0.0
2023-02-08 00:00:00+00:00,248.5,251.6649932861328,247.0,250.0,249.92872619628906,223600,0.0,0.0
2023-02-09 00:00:00+00:00,250.5,252.5,248.0,248.5,248.42918395996094,287392,0.0,0.0
2023-02-10 00:00:00+00:00,248.5,250.05999755859375,242.0,242.5,242.4308624267578,330742,0.0,0.0
2023-02-13 00:00:00+00:00,243.0,248.5,240.5,243.0,242.93072509765625,664974,0.0,0.0
2023-02-14 00:00:00+00:00,248.5,248.5,240.0,240.0,239.93157958984375,246335,0.0,0.0
2023-02-15 00:00:00+00:00,243.0,246.10000610351562,238.0,238.5,238.43202209472656,159857,0.0,0.0
2023-02-16 00:00:00+00:00,240.0,242.0,236.0,237.0,236.93243408203125,212067,0.0,0.0
2023-02-17 00:00:00+00:00,236.5,237.0,232.0,235.0,234.9330291748047,405722,0.0,0.0
2023-02-20 00:00:00+00:00,235.5,240.0,234.84500122070312,240.0,239.93157958984375,2546647,0.0,0.0
2023-02-21 00:00:00+00:00,242.5,246.0,239.5,245.0,244.93016052246094,1206064,0.0,0.0
2023-02-22 00:00:00+00:00,246.0,248.77000427246094,244.0,246.5,246.4297332763672,1126466,0.0,0.0
2023-02-23 00:00:00+00:00,249.0,249.0,245.5,245.5,245.4300079345703,381283,0.0,0.0
2023-02-24 00:00:00+00:00,251.0,251.0,244.875,245.5,245.4300079345703,242752,0.0,0.0
2023-02-27 00:00:00+00:00,247.0,249.0,245.0,248.0,247.92929077148438,224494,0.0,0.0
2023-02-28 00:00:00+00:00,248.0,248.0,240.2310028076172,240.5,240.4314422607422,822988,0.0,0.0
2023-03-01 00:00:00+00:00,241.5,242.5,237.5,239.0,238.93186950683594,509797,0.0,0.0
2023-03-02 00:00:00+00:00,237.0,241.0,217.5,230.0,229.9344482421875,3668392,0.0,0.0
2023-03-03 00:00:00+00:00,227.0,230.5,226.0,228.0,227.9350128173828,1732419,0.0,0.0
2023-03-06 00:00:00+00:00,226.0,227.5,222.5,227.0,226.93528747558594,722133,0.0,0.0
2023-03-07 00:00:00+00:00,225.0,228.5,225.0,227.5,227.43515014648438,2137584,0.0,0.0
2023-03-08 00:00:00+00:00,226.5,228.27000427246094,225.0,226.5,226.43544006347656,1200410,0.0,0.0
2023-03-09 00:00:00+00:00,225.0,228.0,219.5,219.5,219.43743896484375,1437794,0.0,0.0
2023-03-10 00:00:00+00:00,218.5,223.60699462890625,213.0,220.5,220.43714904785156,841445,0.0,0.0
2023-03-13 00:00:00+00:00,222.0,222.0,211.67999267578125,212.0,211.9395751953125,1610622,0.0,0.0
2023-03-14 00:00:00+00:00,212.5,215.0,210.0780029296875,213.0,212.93930053710938,555099,0.0,0.0
2023-03-15 00:00:00+00:00,213.0,214.0,207.4010009765625,211.0,210.93984985351562,893245,0.0,0.0
2023-03-16 00:00:00+00:00,213.0,216.69000244140625,208.5,213.0,212.93930053710938,1189468,0.0,0.0
2023-03-17 00:00:00+00:00,211.5,215.5,208.5,208.5,208.44056701660156,1429155,0.0,0.0
2023-03-20 00:00:00+00:00,207.0,208.38999938964844,203.0,203.0,202.94212341308594,809618,0.0,0.0
2023-03-21 00:00:00+00:00,202.0,209.0,202.0,209.0,208.94039916992188,999778,0.0,0.0
2023-03-22 00:00:00+00:00,211.0,211.0,207.5,208.0,207.94070434570312,1422755,0.0,0.0
2023-03-23 00:00:00+00:00,207.5,209.0,206.0,206.5,206.44113159179688,379981,0.0,0.0
2023-03-24 00:00:00+00:00,206.0,209.0,204.5,208.5,208.44056701660156,469561,0.0,0.0
2023-03-27 00:00:00+01:00,210.0,210.0,206.0,207.0,206.9409942626953,653440,0.0,0.0
2023-03-28 00:00:00+01:00,208.0,208.8000030517578,206.0,207.5,207.44085693359375,540790,0.0,0.0
2023-03-29 00:00:00+01:00,209.0,209.0,204.5,205.5,205.44140625,1655637,0.0,0.0
2023-03-30 00:00:00+01:00,206.5,211.5,203.0,211.5,211.439697265625,2779751,0.0,0.0
2023-03-31 00:00:00+01:00,216.0,219.5,212.0,212.5,212.43943786621094,493829,0.0,0.0
2023-04-03 00:00:00+01:00,216.5,216.5,209.5,212.5,212.43943786621094,444036,0.0,0.0
2023-04-04 00:00:00+01:00,214.0,214.82000732421875,209.77999877929688,212.0,211.9395751953125,325922,0.0,0.0
2023-04-05 00:00:00+01:00,215.0,215.0,210.0,211.5,211.439697265625,596091,0.0,0.0
2023-04-06 00:00:00+01:00,212.5,214.0,209.88999938964844,213.5,213.4391326904297,353055,0.0,0.0
2023-04-11 00:00:00+01:00,215.0,217.0,214.5,217.0,216.93814086914062,749703,0.0,0.0
2023-04-12 00:00:00+01:00,217.0,218.88999938964844,214.0,215.5,215.43856811523438,557833,0.0,0.0
2023-04-13 00:00:00+01:00,215.5,218.0,214.5,216.5,216.4382781982422,835979,0.0,0.0
2023-04-14 00:00:00+01:00,217.0,220.5,216.0,220.5,220.43714904785156,329233,0.0,0.0
2023-04-17 00:00:00+01:00,224.0,224.0,216.5,216.5,216.4382781982422,738712,0.0,0.0
2023-04-18 00:00:00+01:00,218.5,220.0,215.5,216.0,215.9384307861328,650220,0.0,0.0
2023-04-19 00:00:00+01:00,215.0,217.0,213.5,217.0,216.93814086914062,799982,0.0,0.0
2023-04-20 00:00:00+01:00,215.0,222.0,215.0,221.0,220.93699645996094,670366,0.0,0.0
2023-04-21 00:00:00+01:00,221.0,225.0,220.5,224.5,224.43600463867188,389911,0.0,0.0
2023-04-24 00:00:00+01:00,223.0,225.5,222.13999938964844,224.5,224.43600463867188,262095,0.0,0.0
2023-04-25 00:00:00+01:00,224.0,225.63999938964844,222.5,223.0,222.93643188476562,374731,0.0,0.0
2023-04-26 00:00:00+01:00,222.5,226.0,221.5,224.5,224.43600463867188,396222,0.0,0.0
2023-04-27 00:00:00+01:00,225.0,226.82000732421875,223.5,224.5,224.43600463867188,439947,0.0,0.0
2023-04-28 00:00:00+01:00,224.0,230.0,224.0,228.5,228.4348602294922,314864,0.0,0.0
2023-05-02 00:00:00+01:00,228.0,230.5,226.7209930419922,227.5,227.43515014648438,303789,0.0,0.0
2023-05-03 00:00:00+01:00,225.0,230.5,225.0,229.0,228.93472290039062,316408,0.0,0.0
2023-05-04 00:00:00+01:00,230.0,230.0,226.5,228.0,227.9350128173828,398145,0.0,0.0
2023-05-05 00:00:00+01:00,232.0,237.0,229.1999969482422,236.5,236.43258666992188,704444,0.0,0.0
2023-05-09 00:00:00+01:00,236.5,239.0,235.0,238.0,237.93214416503906,519194,0.0,0.0
2023-05-10 00:00:00+01:00,239.0,239.22000122070312,235.5,238.5,238.43202209472656,697519,0.0,0.0
2023-05-11 00:00:00+01:00,240.0,240.0,236.802001953125,239.5,239.4317169189453,329289,0.0,0.0
2023-05-12 00:00:00+01:00,239.5,241.7989959716797,234.20599365234375,239.5,239.4317169189453,382449,0.0,0.0
2023-05-15 00:00:00+01:00,240.5,243.5,238.5,241.0,240.93130493164062,341325,0.0,0.0
2023-05-16 00:00:00+01:00,243.0,243.0,237.60000610351562,239.5,239.4317169189453,311198,0.0,0.0
2023-05-17 00:00:00+01:00,243.0,243.0,237.0,239.5,239.4317169189453,3300018,0.0,0.0
2023-05-18 00:00:00+01:00,239.5,242.5,238.5,239.5,239.4317169189453,191846,0.0,0.0
2023-05-19 00:00:00+01:00,240.0,240.0,237.5,239.0,238.93186950683594,364526,0.0,0.0
2023-05-22 00:00:00+01:00,239.5,240.0,233.5,234.5,234.4331512451172,327977,0.0,0.0
2023-05-23 00:00:00+01:00,234.0,236.0,233.5,235.0,234.9330291748047,296215,0.0,0.0
2023-05-24 00:00:00+01:00,232.0,234.0,229.5,231.5,231.4340057373047,307336,0.0,0.0
2023-05-25 00:00:00+01:00,237.0,237.0,228.5,229.0,228.93966674804688,147486,0.5,0.0
2023-05-26 00:00:00+01:00,234.0,234.0,227.0,229.0,228.93966674804688,214607,0.0,0.0
2023-05-30 00:00:00+01:00,232.5,232.5,225.0,226.0,225.94044494628906,499250,0.0,0.0
2023-05-31 00:00:00+01:00,225.0,227.0,223.0,223.0,222.9412384033203,656223,0.0,0.0
2023-06-01 00:00:00+01:00,228.0,228.0,223.0,227.5,227.4400634765625,177251,0.0,0.0
2023-06-02 00:00:00+01:00,230.0,230.0,226.0,229.5,229.4395294189453,190888,0.0,0.0
2023-06-05 00:00:00+01:00,230.0,232.0,227.5,230.5,230.43927001953125,219096,0.0,0.0
2023-06-06 00:00:00+01:00,232.5,232.5,227.61000061035156,229.0,228.93966674804688,232997,0.0,0.0
2023-06-07 00:00:00+01:00,233.5,233.5,227.5,228.0,227.93992614746094,172032,0.0,0.0
2023-06-08 00:00:00+01:00,228.0,230.0,227.0,228.0,227.93992614746094,637642,0.0,0.0
2023-06-09 00:00:00+01:00,230.5,231.5,222.5,223.5,223.4411163330078,265956,0.0,0.0
2023-06-12 00:00:00+01:00,226.0,226.89999389648438,220.5,223.0,222.9412384033203,7454743,0.0,0.0
2023-06-13 00:00:00+01:00,225.0,229.5,223.72000122070312,228.5,228.43978881835938,322398,0.0,0.0
2023-06-14 00:00:00+01:00,232.5,232.5,228.5,231.0,230.93911743164062,1647792,0.0,0.0
2023-06-15 00:00:00+01:00,231.5,232.0,227.5,227.5,227.4400634765625,192335,0.0,0.0
2023-06-16 00:00:00+01:00,227.5,228.5,223.5,223.5,223.4411163330078,731266,0.0,0.0
2023-06-19 00:00:00+01:00,224.5,229.0,221.0,223.0,222.9412384033203,580589,0.0,0.0
2023-06-20 00:00:00+01:00,223.0,224.2209930419922,220.5,222.0,221.94149780273438,139332,0.0,0.0
2023-06-21 00:00:00+01:00,223.0,225.5,221.0,222.0,221.94149780273438,347089,0.0,0.0
2023-06-22 00:00:00+01:00,221.0,221.5,218.0,219.0,218.9423065185547,319627,0.0,0.0
2023-06-23 00:00:00+01:00,217.5,220.0,213.5,214.0,213.943603515625,199660,0.0,0.0
2023-06-26 00:00:00+01:00,215.0,215.0,210.5,212.5,212.4440155029297,266434,0.0,0.0
2023-06-27 00:00:00+01:00,213.0,215.0,205.0,210.5,210.4445343017578,991325,0.0,0.0
2023-06-28 00:00:00+01:00,209.0,214.5,208.5,212.0,211.9441375732422,720293,0.0,0.0
2023-06-29 00:00:00+01:00,210.0,213.5,210.0,211.0,210.94439697265625,165454,0.0,0.0
2023-06-30 00:00:00+01:00,211.5,216.0,209.4499969482422,212.5,212.4440155029297,414213,0.0,0.0
2023-07-03 00:00:00+01:00,214.0,214.5,210.5,213.0,212.9438934326172,267657,0.0,0.0
2023-07-04 00:00:00+01:00,213.0,217.86000061035156,213.0,215.5,215.44322204589844,347539,0.0,0.0
2023-07-05 00:00:00+01:00,213.0,219.9600067138672,204.0,209.5,209.44480895996094,1435625,0.0,0.0
2023-07-06 00:00:00+01:00,208.5,210.5,205.5,207.0,206.94546508789062,314191,0.0,0.0
2023-07-07 00:00:00+01:00,206.0,213.0,204.5,209.5,209.44480895996094,491725,0.0,0.0
2023-07-10 00:00:00+01:00,209.0,212.5,208.81700134277344,211.5,211.4442596435547,861604,0.0,0.0
2023-07-11 00:00:00+01:00,212.0,214.0,210.0,212.5,212.4440155029297,1459384,0.0,0.0
2023-07-12 00:00:00+01:00,214.0,220.5,213.0,217.0,216.9428253173828,383613,0.0,0.0
2023-07-13 00:00:00+01:00,218.5,218.8730010986328,214.5,217.0,216.9428253173828,561202,0.0,0.0
2023-07-14 00:00:00+01:00,218.0,218.5,217.0,218.0,217.94256591796875,320837,0.0,0.0
2023-07-17 00:00:00+01:00,214.0,217.5,214.0,214.5,214.4434814453125,356976,0.0,0.0
2023-07-18 00:00:00+01:00,214.5,216.0,212.0,213.0,212.9438934326172,879819,0.0,0.0
2023-07-19 00:00:00+01:00,218.0,219.5,215.0,219.5,219.44216918945312,199599,0.0,0.0
2023-07-20 00:00:00+01:00,219.0,224.5,218.5,219.5,219.44216918945312,298115,0.0,0.0
2023-07-21 00:00:00+01:00,221.0,224.5,215.5,218.0,217.94256591796875,239600,0.0,0.0
2023-07-24 00:00:00+01:00,216.0,219.5,215.5,216.0,215.94308471679688,357320,0.0,0.0
2023-07-25 00:00:00+01:00,218.0,218.5,215.5,215.5,215.44322204589844,182012,0.0,0.0
2023-07-26 00:00:00+01:00,218.5,219.5,215.0,215.0,214.943359375,645550,0.0,0.0
2023-07-27 00:00:00+01:00,220.0,221.0,216.0,221.0,220.9417724609375,391747,0.0,0.0
2023-07-28 00:00:00+01:00,222.0,222.5,216.5,217.0,216.9428253173828,234784,0.0,0.0
2023-07-31 00:00:00+01:00,219.0,219.0,215.5,215.5,215.44322204589844,188439,0.0,0.0
2023-08-01 00:00:00+01:00,217.0,220.5,215.27099609375,217.5,217.4426727294922,538075,0.0,0.0
2023-08-02 00:00:00+01:00,218.0,218.5,214.0,214.0,213.943603515625,578827,0.0,0.0
2023-08-03 00:00:00+01:00,214.5,216.0,212.0399932861328,214.5,214.4434814453125,349598,0.0,0.0
2023-08-04 00:00:00+01:00,215.0,217.0,214.5,214.5,214.4434814453125,679026,0.0,0.0
2023-08-07 00:00:00+01:00,216.0,219.5,212.0,212.0,211.9441375732422,1757982,0.0,0.0
2023-08-08 00:00:00+01:00,211.5,216.09100341796875,211.5,215.5,215.44322204589844,1841846,0.0,0.0
2023-08-09 00:00:00+01:00,216.5,217.6999969482422,214.0399932861328,215.5,215.44322204589844,5290739,0.0,0.0
2023-08-10 00:00:00+01:00,217.5,219.0,214.0,215.5,215.44322204589844,2625315,0.0,0.0
2023-08-11 00:00:00+01:00,217.0,222.5,215.86000061035156,222.5,222.4413604736328,807749,0.0,0.0
2023-08-14 00:00:00+01:00,222.0,224.89999389648438,218.9080047607422,224.0,223.9409942626953,536725,0.0,0.0
2023-08-15 00:00:00+01:00,224.0,230.0,223.5,225.5,225.44058227539062,1704332,0.0,0.0
2023-08-16 00:00:00+01:00,225.5,226.5,223.5,225.5,225.44058227539062,441987,0.0,0.0
2023-08-17 00:00:00+01:00,224.5,227.0,223.0,223.5,223.4411163330078,200423,0.0,0.0
2023-08-18 00:00:00+01:00,228.0,228.0,215.2010040283203,216.0,215.94308471679688,390486,0.0,0.0
2023-08-21 00:00:00+01:00,217.0,217.5,211.5,212.0,211.9441375732422,225651,0.0,0.0
2023-08-22 00:00:00+01:00,211.0,216.5,210.1999969482422,215.0,214.943359375,175923,0.0,0.0
2023-08-23 00:00:00+01:00,215.0,218.0,213.5,217.0,216.9428253173828,453869,0.0,0.0
2023-08-24 00:00:00+01:00,216.5,219.5,216.0,216.0,215.94308471679688,109927,0.0,0.0
2023-08-25 00:00:00+01:00,215.0,216.0,213.0,213.5,213.44374084472656,113345,0.0,0.0
2023-08-29 00:00:00+01:00,215.0,221.5,213.5,221.0,220.9417724609375,283619,0.0,0.0
2023-08-30 00:00:00+01:00,225.0,225.0,216.5,216.5,216.4429473876953,570089,0.0,0.0
2023-08-31 00:00:00+01:00,216.5,217.5,215.0,217.5,217.4426727294922,806872,0.0,0.0
2023-09-01 00:00:00+01:00,215.5,218.44500732421875,215.5,217.0,216.9428253173828,228439,0.0,0.0
2023-09-04 00:00:00+01:00,218.0,220.0,216.0,216.0,215.94308471679688,116626,0.0,0.0
2023-09-05 00:00:00+01:00,215.0,216.5,213.5,215.5,215.44322204589844,215547,0.0,0.0
2023-09-06 00:00:00+01:00,214.5,215.5,210.0,212.0,211.9441375732422,471112,0.0,0.0
2023-09-07 00:00:00+01:00,212.0,213.0,206.0,212.0,211.9441375732422,2073894,0.0,0.0
2023-09-08 00:00:00+01:00,214.0,214.0,207.94900512695312,210.0,209.94467163085938,501500,0.0,0.0
2023-09-11 00:00:00+01:00,208.5,213.5749969482422,208.5,212.5,212.4440155029297,452527,0.0,0.0
2023-09-12 00:00:00+01:00,211.0,213.0,211.0,212.0,211.9441375732422,162463,0.0,0.0
2023-09-13 00:00:00+01:00,212.0,214.0,208.81500244140625,214.0,213.943603515625,548594,0.0,0.0
2023-09-14 00:00:00+01:00,217.0,220.0,212.5,217.0,216.9428253173828,853116,0.0,0.0
2023-09-15 00:00:00+01:00,220.0,226.0,219.0,221.5,221.441650390625,1495941,0.0,0.0
2023-09-18 00:00:00+01:00,223.5,223.5,219.5,222.0,221.94149780273438,329465,0.0,0.0
2023-09-19 00:00:00+01:00,224.0,225.5,219.8000030517578,222.0,221.94149780273438,269039,0.0,0.0
2023-09-20 00:00:00+01:00,224.5,227.0,222.2050018310547,225.5,225.44058227539062,560641,0.0,0.0
2023-09-21 00:00:00+01:00,222.0,230.5,222.0,228.0,227.93992614746094,846140,0.0,0.0
2023-09-22 00:00:00+01:00,228.5,231.0,225.0,225.0,224.94070434570312,419658,0.0,0.0
2023-09-25 00:00:00+01:00,223.0,229.5,222.4499969482422,229.0,228.93966674804688,5460568,0.0,0.0
2023-09-26 00:00:00+01:00,230.0,232.0,227.2010040283203,229.5,229.4395294189453,1119030,0.0,0.0
2023-09-27 00:00:00+01:00,229.5,232.0,229.5,231.0,230.93911743164062,259815,0.0,0.0
2023-09-28 00:00:00+01:00,232.5,234.5,229.5,231.0,230.93911743164062,659622,0.0,0.0
2023-09-29 00:00:00+01:00,231.0,238.0,231.0,233.5,233.43846130371094,707681,0.0,0.0
2023-10-02 00:00:00+01:00,236.0,236.0,223.0,226.0,225.94044494628906,462892,0.0,0.0
2023-10-03 00:00:00+01:00,230.0,230.0,220.0,222.0,221.94149780273438,303579,0.0,0.0
2023-10-04 00:00:00+01:00,221.0,222.9980010986328,218.27499389648438,221.0,220.9417724609375,557525,0.0,0.0
2023-10-05 00:00:00+01:00,222.5,224.5,220.0,221.0,220.9417724609375,472324,0.0,0.0
2023-10-06 00:00:00+01:00,225.0,225.0,220.0,221.0,220.9417724609375,265075,0.0,0.0
2023-10-09 00:00:00+01:00,220.0,221.5,216.5,216.5,216.4429473876953,243010,0.0,0.0
2023-10-10 00:00:00+01:00,219.5,220.5,216.5,217.0,216.9428253173828,333376,0.0,0.0
2023-10-11 00:00:00+01:00,216.0,219.5,215.0,217.5,217.4426727294922,259761,0.0,0.0
2023-10-12 00:00:00+01:00,218.0,220.0,214.0,218.0,217.94256591796875,266491,0.0,0.0
2023-10-13 00:00:00+01:00,218.0,219.10699462890625,213.5,213.5,213.44374084472656,357845,0.0,0.0
2023-10-16 00:00:00+01:00,213.5,215.72999572753906,213.0,215.5,215.44322204589844,1153730,0.0,0.0
2023-10-17 00:00:00+01:00,217.5,219.0,215.6300048828125,219.0,218.9423065185547,464345,0.0,0.0
2023-10-18 00:00:00+01:00,220.0,220.0,215.5,216.0,215.94308471679688,213221,0.0,0.0
2023-10-19 00:00:00+01:00,217.0,223.32699584960938,215.5,221.0,220.9417724609375,2820845,0.0,0.0
2023-10-20 00:00:00+01:00,218.0,221.22500610351562,214.0,214.0,213.943603515625,294343,0.0,0.0
2023-10-23 00:00:00+01:00,214.5,217.0,210.5,214.0,213.943603515625,218051,0.0,0.0
2023-10-24 00:00:00+01:00,215.5,215.5,212.0,213.0,212.9438934326172,148193,0.0,0.0
2023-10-25 00:00:00+01:00,213.0,215.0,212.0,214.5,214.4434814453125,318323,0.0,0.0
2023-10-26 00:00:00+01:00,213.5,213.5,207.0,210.0,209.94467163085938,1787387,0.0,0.0
2023-10-27 00:00:00+01:00,212.5,213.0,209.8300018310547,211.0,210.94439697265625,328883,0.0,0.0
2023-10-30 00:00:00+00:00,210.0,214.5,210.0,211.5,211.4442596435547,206293,0.0,0.0
2023-10-31 00:00:00+00:00,212.0,215.0,212.0,213.5,213.44374084472656,295687,0.0,0.0
2023-11-01 00:00:00+00:00,214.0,216.0,213.5,216.0,215.94308471679688,886873,0.0,0.0
2023-11-02 00:00:00+00:00,216.5,223.0,215.0,223.0,222.9412384033203,1657554,0.0,0.0
2023-11-03 00:00:00+00:00,226.5,226.5,220.0,224.0,223.9409942626953,373299,0.0,0.0
2023-11-06 00:00:00+00:00,225.0,225.0,222.5019989013672,223.0,222.9412384033203,137768,0.0,0.0
2023-11-07 00:00:00+00:00,222.5,224.0,221.0,222.0,221.94149780273438,301177,0.0,0.0
2023-11-08 00:00:00+00:00,221.5,224.5,221.0,222.5,222.4413604736328,342354,0.0,0.0
2023-11-09 00:00:00+00:00,224.0,225.0,221.0,223.5,223.4411163330078,405037,0.0,0.0
2023-11-10 00:00:00+00:00,225.0,225.0,222.0,223.0,222.9412384033203,217562,0.0,0.0
2023-11-13 00:00:00+00:00,227.5,227.5,222.0,224.0,223.9409942626953,218289,0.0,0.0
2023-11-14 00:00:00+00:00,228.0,228.0,223.0,228.0,227.93992614746094,681721,0.0,0.0
2023-11-15 00:00:00+00:00,228.5,232.2899932861328,227.31500244140625,228.5,228.43978881835938,544731,0.0,0.0
2023-11-16 00:00:00+00:00,230.0,230.0,225.5,225.5,225.44058227539062,295116,0.0,0.0
2023-11-17 00:00:00+00:00,226.5,229.0,226.5,227.0,226.940185546875,541940,0.0,0.0
2023-11-20 00:00:00+00:00,230.0,230.0,225.0,228.0,227.93992614746094,216143,0.0,0.0
2023-11-21 00:00:00+00:00,230.0,230.0,224.2429962158203,225.0,224.94070434570312,1135332,0.0,0.0
2023-11-22 00:00:00+00:00,225.5,228.0,224.0,226.0,225.94044494628906,250920,0.0,0.0
2023-11-23 00:00:00+00:00,228.0,228.0,224.5,226.5,226.44032287597656,168948,0.0,0.0
2023-11-24 00:00:00+00:00,228.0,228.0,224.82000732421875,225.0,224.94070434570312,393752,0.0,0.0
2023-11-27 00:00:00+00:00,226.0,228.0,223.0,225.5,225.44058227539062,301527,0.0,0.0
2023-11-28 00:00:00+00:00,225.5,225.5,223.5,224.5,224.4408416748047,299330,0.0,0.0
2023-11-29 00:00:00+00:00,224.5,225.5,223.5,225.5,225.44058227539062,253374,0.0,0.0
2023-11-30 00:00:00+00:00,225.0,226.0,222.5,222.5,222.4413604736328,691609,0.0,0.0
2023-12-01 00:00:00+00:00,227.5,227.5,220.0,225.0,224.94070434570312,321477,0.0,0.0
2023-12-04 00:00:00+00:00,225.0,226.0,224.0,224.0,223.9409942626953,165026,0.0,0.0
2023-12-05 00:00:00+00:00,228.0,228.0,223.5,223.5,223.4411163330078,631943,0.0,0.0
2023-12-06 00:00:00+00:00,228.0,228.0,223.5,224.0,223.9409942626953,315935,0.0,0.0
2023-12-07 00:00:00+00:00,228.0,228.0,222.5,222.5,222.4413604736328,312834,0.0,0.0
2023-12-08 00:00:00+00:00,227.5,227.5,221.0,221.0,220.9417724609375,861259,0.0,0.0
2023-12-11 00:00:00+00:00,221.0,223.5,221.0,222.0,221.94149780273438,1204662,0.0,0.0
2023-12-12 00:00:00+00:00,223.5,224.5,223.0,224.0,223.9409942626953,983666,0.0,0.0
2023-12-13 00:00:00+00:00,225.0,227.5,222.5,225.0,224.94070434570312,1026884,0.0,0.0
2023-12-14 00:00:00+00:00,226.0,230.0500030517578,226.0,227.5,227.4400634765625,570198,0.0,0.0
2023-12-15 00:00:00+00:00,227.0,232.5,226.5,227.0,226.940185546875,740345,0.0,0.0
2023-12-18 00:00:00+00:00,227.5,229.5,224.5,225.0,224.94070434570312,236273,0.0,0.0
2023-12-19 00:00:00+00:00,225.0,226.5,222.5,222.5,222.4413604736328,143387,0.0,0.0
2023-12-20 00:00:00+00:00,223.0,226.5,222.5,226.5,226.44032287597656,233324,0.0,0.0
2023-12-21 00:00:00+00:00,227.0,228.0,226.0,227.0,226.940185546875,144211,0.0,0.0
2023-12-22 00:00:00+00:00,227.0,229.0,226.5800018310547,229.0,228.93966674804688,107216,0.0,0.0
2023-12-27 00:00:00+00:00,230.0,230.0,225.0,228.0,227.93992614746094,142244,0.0,0.0
2023-12-28 00:00:00+00:00,228.5,229.5,226.5,227.0,226.940185546875,376359,0.0,0.0
2023-12-29 00:00:00+00:00,226.0,227.0,225.5,226.5,226.44032287597656,65081,0.0,0.0
2024-01-02 00:00:00+00:00,226.5,228.51199340820312,224.0,225.0,224.94070434570312,460695,0.0,0.0
2024-01-03 00:00:00+00:00,225.0,226.0,224.0,224.5,224.4408416748047,259827,0.0,0.0
2024-01-04 00:00:00+00:00,227.0,229.5,224.5,226.0,225.94044494628906,317855,0.0,0.0
2024-01-05 00:00:00+00:00,225.0,226.68499755859375,223.8249969482422,224.5,224.4408416748047,308984,0.0,0.0
2024-01-08 00:00:00+00:00,224.5,227.5,223.0,227.0,226.940185546875,407299,0.0,0.0
2024-01-09 00:00:00+00:00,225.0,228.0,225.0,226.0,225.94044494628906,591657,0.0,0.0
2024-01-10 00:00:00+00:00,226.0,227.0,225.5,226.5,226.44032287597656,243685,0.0,0.0
2024-01-11 00:00:00+00:00,227.5,228.38999938964844,224.0,224.0,223.9409942626953,322005,0.0,0.0
2024-01-12 00:00:00+00:00,225.0,227.0,224.5,225.5,225.44058227539062,267654,0.0,0.0
2024-01-15 00:00:00+00:00,226.0,227.0,222.0,224.0,223.9409942626953,304180,0.0,0.0
2024-01-16 00:00:00+00:00,226.0,226.0,223.5,225.0,224.94070434570312,209447,0.0,0.0
2024-01-17 00:00:00+00:00,225.0,225.0,221.0,223.0,222.9412384033203,268659,0.0,0.0
2024-01-18 00:00:00+00:00,223.0,225.5,223.0,225.0,224.94070434570312,164357,0.0,0.0
2024-01-19 00:00:00+00:00,226.0,228.0,224.5,225.0,224.94070434570312,2387297,0.0,0.0
2024-01-22 00:00:00+00:00,225.0,228.5,225.0,228.0,227.93992614746094,388821,0.0,0.0
2024-01-23 00:00:00+00:00,229.0,230.5,227.0,227.0,226.940185546875,1786212,0.0,0.0
2024-01-24 00:00:00+00:00,228.0,229.5,227.5,227.5,227.4400634765625,300571,0.0,0.0
2024-01-25 00:00:00+00:00,227.0,229.5,227.0,229.5,229.4395294189453,278076,0.0,0.0
2024-01-26 00:00:00+00:00,229.5,240.0,229.39300537109375,238.5,238.43716430664062,1628120,0.0,0.0
2024-01-29 00:00:00+00:00,239.0,239.0,236.0,236.5,236.43768310546875,215260,0.0,0.0
2024-01-30 00:00:00+00:00,237.0,239.0,235.0,235.0,234.93809509277344,471064,0.0,0.0
2024-01-31 00:00:00+00:00,236.0,238.5,234.5,237.0,236.9375457763672,769000,0.0,0.0
2024-02-01 00:00:00+00:00,237.5,238.5,234.5,235.0,234.93809509277344,163925,0.0,0.0
2024-02-02 00:00:00+00:00,237.5,238.0,235.0,236.5,236.43768310546875,291390,0.0,0.0
2024-02-05 00:00:00+00:00,237.0,238.5,233.5,234.0,233.93833923339844,227669,0.0,0.0
2024-02-06 00:00:00+00:00,234.5,236.5,232.0,235.0,234.93809509277344,247781,0.0,0.0
2024-02-07 00:00:00+00:00,233.0,238.5,233.0,238.0,237.93728637695312,139126,0.0,0.0
2024-02-08 00:00:00+00:00,238.0,241.5,238.0,240.0,239.93675231933594,313395,0.0,0.0
2024-02-09 00:00:00+00:00,239.5,241.8350067138672,236.5,237.0,236.9375457763672,159074,0.0,0.0
2024-02-12 00:00:00+00:00,237.5,238.5,237.0,238.0,237.93728637695312,113759,0.0,0.0
2024-02-13 00:00:00+00:00,237.5,240.5,236.0,237.0,236.9375457763672,270220,0.0,0.0
2024-02-14 00:00:00+00:00,238.0,239.0,236.0,237.5,237.43743896484375,327603,0.0,0.0
2024-02-15 00:00:00+00:00,237.0,242.5,237.0,241.0,240.93650817871094,393305,0.0,0.0
2024-02-16 00:00:00+00:00,241.5,244.11500549316406,241.0,243.0,242.93597412109375,435742,0.0,0.0
2024-02-19 00:00:00+00:00,242.5,245.0,241.5,241.5,241.43637084960938,153253,0.0,0.0
2024-02-20 00:00:00+00:00,241.5,242.5,239.5,240.0,239.93675231933594,144807,0.0,0.0
2024-02-21 00:00:00+00:00,239.0,240.88999938964844,238.5,239.0,238.93702697753906,265663,0.0,0.0
2024-02-22 00:00:00+00:00,239.5,242.0,239.0,241.5,241.43637084960938,1616036,0.0,0.0
2024-02-23 00:00:00+00:00,242.0,244.0,241.5,241.5,241.43637084960938,257376,0.0,0.0
2024-02-26 00:00:00+00:00,241.5,244.0,240.5,242.0,241.93621826171875,591132,0.0,0.0
2024-02-27 00:00:00+00:00,242.0,243.5,239.82899475097656,242.0,241.93621826171875,323363,0.0,0.0
2024-02-28 00:00:00+00:00,241.0,243.5,236.5,236.5,236.43768310546875,271377,0.0,0.0
2024-02-29 00:00:00+00:00,235.0,237.5,221.0,225.5,225.44058227539062,2603771,0.0,0.0
2024-03-01 00:00:00+00:00,228.0,234.4250030517578,227.5,233.0,232.93861389160156,545977,0.0,0.0
2024-03-04 00:00:00+00:00,232.5,234.01499938964844,231.0,231.0,230.93911743164062,262537,0.0,0.0
2024-03-05 00:00:00+00:00,231.0,234.0,230.0330047607422,234.0,233.93833923339844,507198,0.0,0.0
2024-03-06 00:00:00+00:00,235.0,239.97500610351562,233.5,238.5,238.43716430664062,768892,0.0,0.0
2024-03-07 00:00:00+00:00,238.5,242.5,236.5,236.5,236.43768310546875,329206,0.0,0.0
2024-03-08 00:00:00+00:00,238.0,243.5,236.0,238.0,237.93728637695312,249972,0.0,0.0
2024-03-11 00:00:00+00:00,237.0,239.5,235.0,236.5,236.43768310546875,109866,0.0,0.0
2024-03-12 00:00:00+00:00,237.0,238.0,236.0,236.0,235.9378204345703,268533,0.0,0.0
2024-03-13 00:00:00+00:00,235.0,239.7899932861328,235.0,238.0,237.93728637695312,517422,0.0,0.0
2024-03-14 00:00:00+00:00,238.0,238.52499389648438,235.0,235.5,235.4379425048828,252257,0.0,0.0
2024-03-15 00:00:00+00:00,235.5,236.5,235.0,235.0,234.93809509277344,623277,0.0,0.0
2024-03-18 00:00:00+00:00,238.5,238.5,234.0,234.5,234.43820190429688,182460,0.0,0.0
2024-03-19 00:00:00+00:00,233.5,239.0,230.0,230.0,229.9394073486328,253217,0.0,0.0
2024-03-20 00:00:00+00:00,234.5,234.5,224.5,225.0,224.94070434570312,996778,0.0,0.0
2024-03-21 00:00:00+00:00,227.0,232.5,222.6999969482422,230.0,229.9394073486328,2039125,0.0,0.0
2024-03-22 00:00:00+00:00,233.0,233.0,229.77000427246094,231.0,230.93911743164062,268446,0.0,0.0
2024-03-25 00:00:00+00:00,235.0,235.0,230.0,230.0,229.9394073486328,406393,0.0,0.0
2024-03-26 00:00:00+00:00,231.5,233.5,228.9409942626953,233.5,233.43846130371094,301671,0.0,0.0
2024-03-27 00:00:00+00:00,234.0,234.0,230.5,232.0,231.93887329101562,438818,0.0,0.0
2024-03-28 00:00:00+00:00,231.5,235.0,231.5,232.0,231.93887329101562,408053,0.0,0.0
2024-04-02 00:00:00+01:00,231.5,233.5,229.0,233.5,233.43846130371094,250874,0.0,0.0
2024-04-03 00:00:00+01:00,232.5,234.0,230.5,231.5,231.43899536132812,234425,0.0,0.0
2024-04-04 00:00:00+01:00,232.5,234.0,230.3509979248047,234.0,233.93833923339844,2087431,0.0,0.0
2024-04-05 00:00:00+01:00,233.5,234.5,231.5,234.0,233.93833923339844,164643,0.0,0.0
2024-04-08 00:00:00+01:00,233.5,321.7099914550781,231.5,235.0,234.93809509277344,678337,0.0,0.0
2024-04-09 00:00:00+01:00,234.0,235.1750030517578,231.0,231.5,231.43899536132812,472467,0.0,0.0
2024-04-10 00:00:00+01:00,233.0,237.0,232.35000610351562,237.0,236.9375457763672,512936,0.0,0.0
2024-04-11 00:00:00+01:00,237.5,238.0,235.5,238.0,237.93728637695312,546155,0.0,0.0
2024-04-12 00:00:00+01:00,238.0,240.38999938964844,236.5,238.0,237.93728637695312,327343,0.0,0.0
2024-04-15 00:00:00+01:00,241.0,241.0,237.5,239.0,238.93702697753906,314672,0.0,0.0
2024-04-16 00:00:00+01:00,238.0,239.5,236.5,238.5,238.43716430664062,655585,0.0,0.0
2024-04-17 00:00:00+01:00,238.5,241.5,235.9949951171875,238.5,238.43716430664062,563593,0.0,0.0
2024-04-18 00:00:00+01:00,240.0,252.5,240.0,248.0,247.9346466064453,3816697,0.0,0.0
2024-04-19 00:00:00+01:00,250.0,250.0,245.0,246.0,245.93519592285156,432894,0.0,0.0
2024-04-22 00:00:00+01:00,248.5,249.36500549316406,245.0,247.0,246.93492126464844,1245854,0.0,0.0
2024-04-23 00:00:00+01:00,248.5,249.0,246.5,247.0,246.93492126464844,268774,0.0,0.0
2024-04-24 00:00:00+01:00,247.0,248.0,246.0,247.5,247.43478393554688,1093859,0.0,0.0
2024-04-25 00:00:00+01:00,250.0,250.0,246.0,247.0,246.93492126464844,243400,0.0,0.0
2024-04-26 00:00:00+01:00,245.5,249.0,245.5,246.5,246.43504333496094,416605,0.0,0.0
2024-04-29 00:00:00+01:00,247.0,250.0,247.0,250.0,249.9341278076172,549347,0.0,0.0
2024-04-30 00:00:00+01:00,248.5,250.0,246.5,246.5,246.43504333496094,516956,0.0,0.0
2024-05-01 00:00:00+01:00,248.0,248.0,246.5,245.0,244.93544006347656,428340,0.0,0.0
2024-05-02 00:00:00+01:00,246.0,247.5,245.0,245.5,245.435302734375,261433,0.0,0.0
2024-05-03 00:00:00+01:00,247.0,248.0,245.98199462890625,248.0,247.9346466064453,225483,0.0,0.0
2024-05-07 00:00:00+01:00,247.0,250.5,246.10000610351562,250.5,250.43399047851562,505337,0.0,0.0
2024-05-08 00:00:00+01:00,250.5,257.0,249.27000427246094,252.0,251.93360900878906,670362,0.0,0.0
2024-05-09 00:00:00+01:00,257.5,257.5,251.5,252.5,252.4334716796875,478396,0.0,0.0
2024-05-10 00:00:00+01:00,251.0,256.0,251.0,253.5,253.43319702148438,222010,0.0,0.0
2024-05-13 00:00:00+01:00,250.0,258.5,250.0,253.5,253.43319702148438,403356,0.0,0.0
2024-05-14 00:00:00+01:00,253.0,259.5,253.0,259.5,259.4316101074219,368195,0.0,0.0
2024-05-15 00:00:00+01:00,259.5,266.5,259.5,261.5,261.43109130859375,533554,0.0,0.0
2024-05-16 00:00:00+01:00,265.0,265.5,259.0,260.5,260.4313659667969,182417,0.0,0.0
2024-05-17 00:00:00+01:00,257.0,265.5,256.0,258.5,258.431884765625,330049,0.0,0.0
2024-05-20 00:00:00+01:00,258.0,261.0,256.5,258.0,257.9320068359375,493523,0.0,0.0
2024-05-21 00:00:00+01:00,258.5,259.5,257.0,258.5,258.431884765625,345914,0.0,0.0
2024-05-22 00:00:00+01:00,264.0,270.5,260.0,266.0,265.9299011230469,368789,0.0,0.0
2024-05-23 00:00:00+01:00,264.0,264.5,252.0,255.5,255.45285034179688,3858838,2.1,0.0
2024-05-24 00:00:00+01:00,255.5,259.0,254.0,255.0,254.9529571533203,367089,0.0,0.0
2024-05-28 00:00:00+01:00,258.0,261.0,251.5,251.5,251.45358276367188,405553,0.0,0.0
2024-05-29 00:00:00+01:00,253.5,254.0,248.0,249.5,249.45396423339844,559620,0.0,0.0
2024-05-30 00:00:00+01:00,250.0,255.5,249.0,252.0,251.95350646972656,1710008,0.0,0.0
2024-05-31 00:00:00+01:00,251.0,254.5,251.0,253.0,252.95330810546875,2381895,0.0,0.0
2024-06-03 00:00:00+01:00,252.0,256.5,252.0,255.5,255.45285034179688,872213,0.0,0.0
2024-06-04 00:00:00+01:00,255.0,259.0,253.5,257.0,256.95257568359375,645724,0.0,0.0
2024-06-05 00:00:00+01:00,250.0,260.0,250.0,255.0,254.9529571533203,385810,0.0,0.0
2024-06-06 00:00:00+01:00,251.0,259.5,251.0,254.5,254.45303344726562,393059,0.0,0.0
2024-06-07 00:00:00+01:00,260.0,260.0,249.0,250.0,249.95387268066406,477669,0.0,0.0
2024-06-10 00:00:00+01:00,248.0,250.0,246.76199340820312,247.0,246.9544219970703,407898,0.0,0.0
2024-06-11 00:00:00+01:00,246.0,249.5,244.125,245.0,244.9547882080078,278121,0.0,0.0
2024-06-12 00:00:00+01:00,245.5,247.11199951171875,243.0,244.0,243.95498657226562,433497,0.0,0.0
2024-06-13 00:00:00+01:00,249.5,249.5,241.0,241.0,240.95553588867188,1996809,0.0,0.0
2024-06-14 00:00:00+01:00,240.0,244.0,235.0,237.0,236.95626831054688,589478,0.0,0.0
2024-06-17 00:00:00+01:00,236.0,239.0,233.64999389648438,238.0,237.95608520507812,480627,0.0,0.0
2024-06-18 00:00:00+01:00,243.0,243.0,236.5,236.5,236.45635986328125,589903,0.0,0.0
2024-06-19 00:00:00+01:00,237.0,241.5,235.0,235.0,234.95664978027344,502915,0.0,0.0
2024-06-20 00:00:00+01:00,236.5,240.0,232.0,240.0,239.95570373535156,303937,0.0,0.0
2024-06-21 00:00:00+01:00,239.0,241.5,235.72000122070312,240.0,239.95570373535156,623685,0.0,0.0
2024-06-24 00:00:00+01:00,240.0,243.0,238.16700744628906,238.5,238.45599365234375,251328,0.0,0.0
2024-06-25 00:00:00+01:00,237.5,238.5,237.0,237.5,237.45616149902344,124929,0.0,0.0
2024-06-26 00:00:00+01:00,235.5,239.0,235.5,236.0,235.95645141601562,349124,0.0,0.0
2024-06-27 00:00:00+01:00,235.5,236.38999938964844,234.0,234.5,234.45672607421875,173113,0.0,0.0
2024-06-28 00:00:00+01:00,235.5,239.5,232.88600158691406,235.0,234.95664978027344,435650,0.0,0.0
2024-07-01 00:00:00+01:00,234.5,238.5,234.0,234.5,234.45672607421875,414781,0.0,0.0
2024-07-02 00:00:00+01:00,234.5,236.0,232.5,234.5,234.45672607421875,319303,0.0,0.0
2024-07-03 00:00:00+01:00,236.0,237.5,234.0,237.5,237.45616149902344,279794,0.0,0.0
2024-07-04 00:00:00+01:00,232.5,240.0,232.5,237.0,236.95626831054688,193775,0.0,0.0
2024-07-05 00:00:00+01:00,237.5,243.5,236.5,241.0,240.95553588867188,479001,0.0,0.0
2024-07-08 00:00:00+01:00,242.0,242.0,238.5,239.0,238.95590209960938,248387,0.0,0.0
2024-07-09 00:00:00+01:00,237.5,240.0,236.375,238.5,238.45599365234375,432250,0.0,0.0
2024-07-10 00:00:00+01:00,240.0,242.5,235.0,237.0,236.95626831054688,415722,0.0,0.0
2024-07-11 00:00:00+01:00,242.5,242.5,236.5,241.0,240.95553588867188,309249,0.0,0.0
2024-07-12 00:00:00+01:00,243.0,245.0,239.31300354003906,240.0,239.95570373535156,257765,0.0,0.0
2024-07-15 00:00:00+01:00,245.0,245.0,239.5,241.0,240.95553588867188,233363,0.0,0.0
2024-07-16 00:00:00+01:00,241.0,243.5,236.5,239.0,238.95590209960938,245676,0.0,0.0
2024-07-17 00:00:00+01:00,234.0,243.5,234.0,242.5,242.4552459716797,2560022,0.0,0.0
2024-07-18 00:00:00+01:00,244.0,251.38999938964844,237.5,246.0,245.95460510253906,604331,0.0,0.0
2024-07-19 00:00:00+01:00,239.0,246.5,239.0,245.0,244.9547882080078,212579,0.0,0.0
2024-07-22 00:00:00+01:00,244.5,247.0,241.26600646972656,241.5,241.4554443359375,249074,0.0,0.0
2024-07-23 00:00:00+01:00,247.0,247.0,237.5,242.0,241.95533752441406,1573892,0.0,0.0
2024-07-24 00:00:00+01:00,242.0,243.83700561523438,240.0,243.0,242.9551544189453,164725,0.0,0.0
2024-07-25 00:00:00+01:00,244.5,245.0,240.79200744628906,243.5,243.455078125,231178,0.0,0.0
2024-07-26 00:00:00+01:00,240.0,252.5,240.0,252.5,252.4534149169922,525781,0.0,0.0
2024-07-29 00:00:00+01:00,250.0,255.5,246.8800048828125,253.5,253.45321655273438,291069,0.0,0.0
2024-07-30 00:00:00+01:00,256.0,256.0,252.0,255.0,254.9529571533203,220868,0.0,0.0
2024-07-31 00:00:00+01:00,257.5,258.7179870605469,254.0,257.5,257.4524841308594,347226,0.0,0.0
2024-08-01 00:00:00+01:00,263.0,263.0,253.0,255.5,255.45285034179688,507028,0.0,0.0
2024-08-02 00:00:00+01:00,252.5,256.0,252.0,253.5,253.45321655273438,686522,0.0,0.0
2024-08-05 00:00:00+01:00,250.0,250.0,241.0,246.5,246.4545135498047,611397,0.0,0.0
2024-08-06 00:00:00+01:00,247.0,250.5,245.0,249.0,248.9540557861328,342302,0.0,0.0
2024-08-07 00:00:00+01:00,251.0,251.5,249.0,251.5,251.45358276367188,1628343,0.0,0.0
2024-08-08 00:00:00+01:00,250.0,251.0,246.5,248.5,248.45413208007812,140538,0.0,0.0
2024-08-09 00:00:00+01:00,248.5,251.0,248.5,248.5,248.45413208007812,125608,0.0,0.0
2024-08-12 00:00:00+01:00,244.0,250.0,244.0,249.0,248.9540557861328,1740363,0.0,0.0
2024-08-13 00:00:00+01:00,249.5,251.0,247.5,250.0,249.95387268066406,1464791,0.0,0.0
2024-08-14 00:00:00+01:00,250.0,252.0,250.0,252.0,251.95350646972656,183233,0.0,0.0
2024-08-15 00:00:00+01:00,251.0,257.0,250.58299255371094,255.5,255.45285034179688,406674,0.0,0.0
2024-08-16 00:00:00+01:00,257.5,258.0,254.0,256.0,255.9527587890625,103044,0.0,0.0
2024-08-19 00:00:00+01:00,251.5,258.5,249.0,258.5,258.4523010253906,141603,0.0,0.0
2024-08-20 00:00:00+01:00,252.5,259.5,249.5,253.0,252.95330810546875,268711,0.0,0.0
2024-08-21 00:00:00+01:00,255.0,257.0,250.5,256.5,256.4526672363281,148561,0.0,0.0
2024-08-22 00:00:00+01:00,256.0,260.5,255.0,256.0,255.9527587890625,129732,0.0,0.0
2024-08-23 00:00:00+01:00,251.5,258.5,251.5,254.5,254.45303344726562,154696,0.0,0.0
2024-08-27 00:00:00+01:00,252.5,257.0,252.0,253.5,253.45321655273438,204701,0.0,0.0
2024-08-28 00:00:00+01:00,253.0,254.0,252.5,252.5,252.4534149169922,122680,0.0,0.0
2024-08-29 00:00:00+01:00,250.0,255.0,250.0,254.0,253.953125,144626,0.0,0.0
2024-08-30 00:00:00+01:00,253.0,255.5,253.0,254.0,253.953125,518099,0.0,0.0
2024-09-02 00:00:00+01:00,260.0,260.0,253.0,253.5,253.45321655273438,129044,0.0,0.0
2024-09-03 00:00:00+01:00,259.5,259.5,251.0,251.5,251.45358276367188,146875,0.0,0.0
2024-09-04 00:00:00+01:00,250.5,252.0,246.75,252.0,251.95350646972656,227087,0.0,0.0
2024-09-05 00:00:00+01:00,255.5,255.5,252.0,254.0,253.953125,77966,0.0,0.0
2024-09-06 00:00:00+01:00,252.5,256.5,249.0,250.5,250.4537811279297,294676,0.0,0.0
2024-09-09 00:00:00+01:00,250.0,252.72999572753906,250.0,252.0,251.95350646972656,127778,0.0,0.0
2024-09-10 00:00:00+01:00,250.5,252.5,249.5,251.0,250.95367431640625,269322,0.0,0.0
2024-09-11 00:00:00+01:00,253.5,253.5,250.0,250.0,249.95387268066406,170299,0.0,0.0
2024-09-12 00:00:00+01:00,252.0,255.0,248.0,248.0,247.95423889160156,374472,0.0,0.0
2024-09-13 00:00:00+01:00,248.0,249.0,243.5,243.5,243.455078125,359845,0.0,0.0
2024-09-16 00:00:00+01:00,243.5,245.5,234.0,235.5,235.45654296875,526578,0.0,0.0
2024-09-17 00:00:00+01:00,236.5,237.5,233.5,237.5,237.45616149902344,360924,0.0,0.0
2024-09-18 00:00:00+01:00,237.0,239.0,234.5,234.5,234.45672607421875,279181,0.0,0.0
2024-09-19 00:00:00+01:00,235.0,236.5,234.0,235.0,234.95664978027344,317753,0.0,0.0
2024-09-20 00:00:00+01:00,235.0,236.5,233.0,234.0,233.95681762695312,1099128,0.0,0.0
2024-09-23 00:00:00+01:00,236.5,237.0,233.5,233.5,233.4569091796875,544621,0.0,0.0
2024-09-24 00:00:00+01:00,233.5,236.5,233.0,233.0,232.95700073242188,1705870,0.0,0.0
2024-09-25 00:00:00+01:00,237.5,238.5,232.8300018310547,234.0,233.95681762695312,398364,0.0,0.0
2024-09-26 00:00:00+01:00,235.5,238.0,233.9530029296875,235.5,235.45654296875,324489,0.0,0.0
2024-09-27 00:00:00+01:00,231.0,238.5,231.0,236.0,235.95645141601562,331525,0.0,0.0
2024-09-30 00:00:00+01:00,236.0,238.0,234.0,235.5,235.45654296875,371211,0.0,0.0
2024-10-01 00:00:00+01:00,232.5,236.5,232.5,233.5,233.4569091796875,439736,0.0,0.0
2024-10-02 00:00:00+01:00,238.5,238.5,232.5,233.0,232.95700073242188,333875,0.0,0.0
2024-10-03 00:00:00+01:00,233.0,235.5,232.5,233.5,233.4569091796875,418505,0.0,0.0
2024-10-04 00:00:00+01:00,230.0,235.0500030517578,230.0,233.0,232.95700073242188,244039,0.0,0.0
2024-10-07 00:00:00+01:00,232.0,237.5,231.5,231.5,231.457275390625,315831,0.0,0.0
2024-10-08 00:00:00+01:00,230.0,233.0,226.0,228.5,228.45782470703125,449551,0.0,0.0
2024-10-09 00:00:00+01:00,227.0,230.0,227.0,229.0,228.95773315429688,253416,0.0,0.0
2024-10-10 00:00:00+01:00,233.5,233.5,225.5,227.0,226.95811462402344,252639,0.0,0.0
2024-10-11 00:00:00+01:00,226.5,227.0,225.0,225.0,224.95848083496094,372833,0.0,0.0
2024-10-14 00:00:00+01:00,225.5,229.0,223.0,226.0,225.9582977294922,167129,0.0,0.0
2024-10-15 00:00:00+01:00,224.0,227.5,224.0,225.0,224.95848083496094,230097,0.0,0.0
2024-10-16 00:00:00+01:00,225.16700744628906,225.0,224.0,224.0,223.9586639404297,166928,0.0,0.0
2024-10-17 00:00:00+01:00,222.0,226.5,222.0,226.0,225.9582977294922,226616,0.0,0.0
2024-10-18 00:00:00+01:00,228.0,229.0,225.22000122070312,228.5,228.45782470703125,246436,0.0,0.0
2024-10-21 00:00:00+01:00,226.0,229.0,223.5,223.5,223.45875549316406,198890,0.0,0.0
2024-10-22 00:00:00+01:00,219.5,224.0,218.88600158691406,221.0,220.959228515625,421785,0.0,0.0
2024-10-23 00:00:00+01:00,220.0,224.0,217.5,220.0,219.9593963623047,226239,0.0,0.0
2024-10-24 00:00:00+01:00,221.0,233.25,220.125,231.0,230.95736694335938,1634549,0.0,0.0
2024-10-25 00:00:00+01:00,227.5,233.5,224.0,224.0,223.9586639404297,509373,0.0,0.0
2024-10-28 00:00:00+00:00,224.5,227.0,222.0,222.5,222.4589385986328,354045,0.0,0.0
2024-10-29 00:00:00+00:00,227.5,227.5,217.0,218.0,217.9597625732422,861729,0.0,0.0
2024-10-30 00:00:00+00:00,216.5,223.5,216.5,220.5,220.4593048095703,858422,0.0,0.0
2024-10-31 00:00:00+00:00,221.5,222.25,214.86000061035156,216.0,215.96014404296875,528855,0.0,0.0
2024-11-01 00:00:00+00:00,215.5,220.5,214.5,219.0,218.9595947265625,919921,0.0,0.0
2024-11-04 00:00:00+00:00,224.0,224.0,217.0,217.0,216.9599609375,360516,0.0,0.0
2024-11-05 00:00:00+00:00,214.5,220.5,214.5,215.0,214.9603271484375,992317,0.0,0.0
2024-11-06 00:00:00+00:00,220.0,220.0,215.0,217.5,217.45985412597656,946472,0.0,0.0
2024-11-07 00:00:00+00:00,212.5,218.0,212.5,216.5,216.46005249023438,348662,0.0,0.0
2024-11-08 00:00:00+00:00,221.0,221.0,214.23599243164062,215.0,214.9603271484375,4680894,0.0,0.0
2024-11-11 00:00:00+00:00,217.5,221.5,216.5,220.0,219.9593963623047,426517,0.0,0.0
2024-11-12 00:00:00+00:00,220.0,224.5,217.0,217.0,216.9599609375,422365,0.0,0.0
2024-11-13 00:00:00+00:00,217.0,219.0,214.5,215.5,215.46023559570312,396563,0.0,0.0
2024-11-14 00:00:00+00:00,215.5,219.5,215.0,219.0,218.9595947265625,282058,0.0,0.0
2024-11-15 00:00:00+00:00,216.0,220.0,216.0,219.5,219.45950317382812,211376,0.0,0.0
2024-11-18 00:00:00+00:00,218.5,220.11000061035156,216.5,217.0,216.9599609375,284086,0.0,0.0
2024-11-19 00:00:00+00:00,222.0,222.0,217.5,220.0,219.9593963623047,263372,0.0,0.0
2024-11-20 00:00:00+00:00,220.5,222.5,216.0,216.0,215.96014404296875,356482,0.0,0.0
2024-11-21 00:00:00+00:00,215.0,217.5,215.0,216.5,216.46005249023438,483649,0.0,0.0
2024-11-22 00:00:00+00:00,216.0,220.5,216.0,219.5,219.45950317382812,264463,0.0,0.0
2024-11-25 00:00:00+00:00,216.0,220.0,216.0,218.5,218.45968627929688,370488,0.0,0.0
2024-11-26 00:00:00+00:00,218.0,219.5,215.5,215.5,215.46023559570312,222150,0.0,0.0
2024-11-27 00:00:00+00:00,215.0,219.0,215.0,217.5,217.45985412597656,229040,0.0,0.0
2024-11-28 00:00:00+00:00,217.5,220.0,217.25,219.5,219.45950317382812,246259,0.0,0.0
2024-11-29 00:00:00+00:00,225.5,242.60899353027344,217.0,225.5,225.45838928222656,2285490,0.0,0.0
2024-12-02 00:00:00+00:00,223.5,229.0,220.5,222.0,221.9590301513672,346826,0.0,0.0
2024-12-03 00:00:00+00:00,223.0,225.0,220.0,221.5,221.45913696289062,262414,0.0,0.0
2024-12-04 00:00:00+00:00,220.0,226.5,220.0,225.0,224.95848083496094,529816,0.0,0.0
2024-12-05 00:00:00+00:00,223.0,228.0,223.0,224.5,224.4585723876953,249825,0.0,0.0
2024-12-06 00:00:00+00:00,224.0,227.0,222.0,223.0,222.95884704589844,212800,0.0,0.0
2024-12-09 00:00:00+00:00,221.0,225.0,221.0,223.5,223.45875549316406,132970,0.0,0.0
2024-12-10 00:00:00+00:00,221.0,225.0,221.0,223.0,222.95884704589844,242254,0.0,0.0
2024-12-11 00:00:00+00:00,222.5,224.5,222.0,223.0,222.95884704589844,201277,0.0,0.0
2024-12-12 00:00:00+00:00,223.5,226.5,222.5,226.0,225.9582977294922,310132,0.0,0.0
2024-12-13 00:00:00+00:00,225.0,228.5,224.5,228.5,228.45782470703125,236426,0.0,0.0
2024-12-16 00:00:00+00:00,231.5,231.5,227.0,228.0,227.9579315185547,494698,0.0,0.0
2024-12-17 00:00:00+00:00,229.0,230.0,224.5,225.5,225.45838928222656,361354,0.0,0.0
2024-12-18 00:00:00+00:00,225.0,228.5,225.0,227.0,226.95811462402344,275746,0.0,0.0
2024-12-19 00:00:00+00:00,226.5,227.5,224.5,225.0,224.95848083496094,618690,0.0,0.0
2024-12-20 00:00:00+00:00,222.0,224.5,219.13400268554688,223.5,223.45875549316406,1225072,0.0,0.0
2024-12-23 00:00:00+00:00,221.0,224.5,221.0,223.0,222.95884704589844,175965,0.0,0.0
2024-12-24 00:00:00+00:00,226.0,226.5,223.0,226.5,226.4582061767578,92846,0.0,0.0
2024-12-27 00:00:00+00:00,224.0,227.0,224.0,225.0,224.95848083496094,175785,0.0,0.0
2024-12-30 00:00:00+00:00,223.5,225.5,223.0,223.5,223.45875549316406,293630,0.0,0.0
2024-12-31 00:00:00+00:00,226.5,226.5,223.0,226.0,225.9582977294922,79813,0.0,0.0
2025-01-02 00:00:00+00:00,226.5,228.0,223.5,228.0,227.9579315185547,217656,0.0,0.0
2025-01-03 00:00:00+00:00,228.0,228.0,224.0,224.0,223.9586639404297,194100,0.0,0.0
2025-01-06 00:00:00+00:00,224.0,228.0,221.0,227.0,226.95811462402344,298078,0.0,0.0
2025-01-07 00:00:00+00:00,226.5,229.0,226.5,229.0,228.95773315429688,266194,0.0,0.0
2025-01-08 00:00:00+00:00,230.0,230.0,225.0,225.5,225.45838928222656,385321,0.0,0.0
2025-01-09 00:00:00+00:00,228.5,229.0,225.0,229.0,228.95773315429688,432078,0.0,0.0
2025-01-10 00:00:00+00:00,230.0,230.197998046875,224.5,224.5,224.4585723876953,355006,0.0,0.0
2025-01-13 00:00:00+00:00,224.5,226.02099609375,223.39999389648438,226.0,225.9582977294922,366570,0.0,0.0
2025-01-14 00:00:00+00:00,225.0,230.5989990234375,225.0,228.0,227.9579315185547,654922,0.0,0.0
2025-01-15 00:00:00+00:00,229.5,237.0,229.0,237.0,236.95626831054688,447883,0.0,0.0
2025-01-16 00:00:00+00:00,234.5,238.5,234.5,237.0,236.95626831054688,503605,0.0,0.0
2025-01-17 00:00:00+00:00,235.0,239.19000244140625,235.0,235.0,234.95664978027344,497110,0.0,0.0
2025-01-20 00:00:00+00:00,238.5,238.5,234.5,235.0,234.95664978027344,412665,0.0,0.0
2025-01-21 00:00:00+00:00,234.5,237.0,233.89999389648438,235.5,235.45654296875,247814,0.0,0.0
2025-01-22 00:00:00+00:00,237.5,237.5,234.5,234.5,234.45672607421875,514197,0.0,0.0
2025-01-23 00:00:00+00:00,235.5,235.7239990234375,231.0,233.5,233.4569091796875,461481,0.0,0.0
2025-01-24 00:00:00+00:00,230.0,235.5,230.0,231.0,230.95736694335938,332424,0.0,0.0
2025-01-27 00:00:00+00:00,236.0,236.0,228.89999389648438,230.0,229.9575653076172,319753,0.0,0.0
2025-01-28 00:00:00+00:00,229.5,234.0,229.5,234.0,233.95681762695312,291382,0.0,0.0
2025-01-29 00:00:00+00:00,234.0,236.0,232.59800720214844,233.0,232.95700073242188,467780,0.0,0.0
2025-01-30 00:00:00+00:00,232.0,234.5,230.5,233.0,232.95700073242188,243174,0.0,0.0
2025-01-31 00:00:00+00:00,233.5,237.5,232.5,234.0,233.95681762695312,617427,0.0,0.0
2025-02-03 00:00:00+00:00,232.5,236.5,229.5,232.0,231.95718383789062,335577,0.0,0.0
2025-02-04 00:00:00+00:00,232.0,235.5,228.39999389648438,228.5,228.45782470703125,356340,0.0,0.0
2025-02-05 00:00:00+00:00,231.0,231.0,227.0,229.0,228.95773315429688,401866,0.0,0.0
2025-02-06 00:00:00+00:00,229.0,231.5,229.0,230.0,229.9575653076172,411389,0.0,0.0
2025-02-07 00:00:00+00:00,229.0,230.5,228.0,228.5,228.45782470703125,512276,0.0,0.0
2025-02-10 00:00:00+00:00,229.8000030517578,230.5,228.0,230.0,229.9575653076172,476744,0.0,0.0
2025-02-11 00:00:00+00:00,229.5,231.5,228.5,229.0,228.95773315429688,323164,0.0,0.0
2025-02-12 00:00:00+00:00,228.5,230.5,228.5,228.5,228.45782470703125,628495,0.0,0.0
2025-02-13 00:00:00+00:00,228.5,231.0,226.5,229.0,228.95773315429688,801790,0.0,0.0
2025-02-14 00:00:00+00:00,229.0,230.0,228.4239959716797,229.5,229.45765686035156,462410,0.0,0.0
2025-02-17 00:00:00+00:00,230.0,230.5,228.20199584960938,229.5,229.45765686035156,435299,0.0,0.0
2025-02-18 00:00:00+00:00,228.0,231.5,227.5,229.0,228.95773315429688,272627,0.0,0.0
2025-02-19 00:00:00+00:00,230.5,230.5,225.5,227.5,227.45802307128906,253187,0.0,0.0
2025-02-20 00:00:00+00:00,228.0,228.5,224.302001953125,225.5,225.45838928222656,266030,0.0,0.0
2025-02-21 00:00:00+00:00,224.0,228.5,224.0,228.5,228.45782470703125,168222,0.0,0.0
2025-02-24 00:00:00+00:00,230.0,230.0,223.4340057373047,225.5,225.45838928222656,363447,0.0,0.0
2025-02-25 00:00:00+00:00,225.0,226.5,224.0,226.0,225.9582977294922,422339,0.0,0.0
2025-02-26 00:00:00+00:00,228.0,231.0,226.5,227.0,226.95811462402344,258044,0.0,0.0
2025-02-27 00:00:00+00:00,229.0,230.0,225.5,227.0,226.95811462402344,214147,0.0,0.0
2025-02-28 00:00:00+00:00,228.0,228.0,223.5,226.5,226.4582061767578,690595,0.0,0.0
2025-03-03 00:00:00+00:00,227.5,230.0,225.0,229.0,228.95773315429688,352993,0.0,0.0
2025-03-04 00:00:00+00:00,230.0,230.0,223.5,224.5,224.4585723876953,553699,0.0,0.0
2025-03-05 00:00:00+00:00,225.0,227.0,222.0,224.5,224.4585723876953,394075,0.0,0.0
2025-03-06 00:00:00+00:00,221.0,223.23300170898438,168.1999969482422,188.60000610351562,188.56520080566406,8175158,0.0,0.0
2025-03-07 00:00:00+00:00,186.1999969482422,189.60000610351562,174.8000030517578,174.8000030517578,174.7677459716797,2518363,0.0,0.0
2025-03-10 00:00:00+00:00,175.60000610351562,178.0,168.1999969482422,173.39999389648438,173.3679962158203,2841104,0.0,0.0
2025-03-11 00:00:00+00:00,175.0,178.60000610351562,171.0,172.39999389648438,172.36817932128906,2330601,0.0,0.0
2025-03-12 00:00:00+00:00,172.39999389648438,177.60000610351562,172.39999389648438,176.0,175.967529296875,1089545,0.0,0.0
2025-03-13 00:00:00+00:00,175.0,179.0,173.0,174.0,173.9678955078125,1594804,0.0,0.0
2025-03-14 00:00:00+00:00,174.39999389648438,178.06700134277344,173.1999969482422,176.8000030517578,176.76736450195312,1085575,0.0,0.0
2025-03-17 00:00:00+00:00,175.39999389648438,179.8000030517578,175.39999389648438,177.1999969482422,177.16729736328125,762827,0.0,0.0
2025-03-18 00:00:00+00:00,180.0,181.1999969482422,177.73699951171875,178.60000610351562,178.56704711914062,647462,0.0,0.0
2025-03-19 00:00:00+00:00,178.8000030517578,182.0,176.8000030517578,180.0,179.96678161621094,597803,0.0,0.0
2025-03-20 00:00:00+00:00,181.39999389648438,183.39999389648438,176.1999969482422,176.60000610351562,176.56741333007812,2044913,0.0,0.0
2025-03-21 00:00:00+00:00,175.0,177.0,172.9600067138672,174.1999969482422,174.1678466796875,917863,0.0,0.0
2025-03-24 00:00:00+00:00,178.39999389648438,178.39999389648438,171.1999969482422,173.1999969482422,173.16802978515625,824324,0.0,0.0
2025-03-25 00:00:00+00:00,172.60000610351562,176.39999389648438,172.60000610351562,174.8000030517578,174.7677459716797,416749,0.0,0.0
2025-03-26 00:00:00+00:00,177.1999969482422,177.1999969482422,171.39999389648438,171.39999389648438,171.3683624267578,568340,0.0,0.0
2025-03-27 00:00:00+00:00,171.0,174.1999969482422,170.1999969482422,172.0,171.96826171875,355456,0.0,0.0
2025-03-28 00:00:00+00:00,174.60000610351562,179.1999969482422,171.8000030517578,178.60000610351562,178.56704711914062,494568,0.0,0.0
2025-03-31 00:00:00+01:00,175.0,180.8000030517578,173.1999969482422,177.39999389648438,177.3672637939453,772829,0.0,0.0
2025-04-01 00:00:00+01:00,176.0,184.64300537109375,176.0,182.8000030517578,182.7662811279297,525861,0.0,0.0
2025-04-02 00:00:00+01:00,180.0,184.1999969482422,176.84800720214844,183.8000030517578,183.76608276367188,783076,0.0,0.0
2025-04-03 00:00:00+01:00,180.0,193.8000030517578,180.0,189.39999389648438,189.3650360107422,2264167,0.0,0.0
2025-04-04 00:00:00+01:00,188.39999389648438,190.0,180.0,181.1999969482422,181.16656494140625,3740294,0.0,0.0
2025-04-07 00:00:00+01:00,178.1999969482422,179.8000030517578,169.60000610351562,175.0,174.9676971435547,1707489,0.0,0.0
2025-04-08 00:00:00+01:00,179.0,184.39999389648438,175.01199340820312,180.60000610351562,180.56668090820312,880394,0.0,0.0
2025-04-09 00:00:00+01:00,177.8000030517578,182.3419952392578,174.08099365234375,174.8000030517578,174.7677459716797,846189,0.0,0.0
2025-04-10 00:00:00+01:00,180.0,183.0,175.60000610351562,176.39999389648438,176.36744689941406,766225,0.0,0.0
2025-04-11 00:00:00+01:00,176.39999389648438,178.0,173.3459930419922,177.0,176.96734619140625,547931,0.0,0.0
2025-04-14 00:00:00+01:00,179.8000030517578,183.60000610351562,177.1999969482422,183.39999389648438,183.36614990234375,460035,0.0,0.0
2025-04-15 00:00:00+01:00,184.8000030517578,188.1999969482422,182.1999969482422,188.0,187.96531677246094,436809,0.0,0.0
2025-04-16 00:00:00+01:00,187.60000610351562,188.02200317382812,184.60000610351562,187.39999389648438,187.3654022216797,299502,0.0,0.0
2025-04-17 00:00:00+01:00,186.1999969482422,187.39999389648438,183.10000610351562,185.39999389648438,185.36578369140625,696060,0.0,0.0
2025-04-22 00:00:00+01:00,184.1999969482422,186.1999969482422,179.72999572753906,181.0,180.9665985107422,416225,0.0,0.0
2025-04-23 00:00:00+01:00,182.8000030517578,184.60000610351562,179.39999389648438,183.39999389648438,183.36614990234375,488524,0.0,0.0
2025-04-24 00:00:00+01:00,183.8000030517578,186.1999969482422,182.1999969482422,185.0,184.9658660888672,268584,0.0,0.0
2025-04-25 00:00:00+01:00,187.0,188.8000030517578,183.89599609375,185.0,184.9658660888672,415640,0.0,0.0
2025-04-28 00:00:00+01:00,186.0,190.0,184.39999389648438,188.8000030517578,188.76516723632812,266248,0.0,0.0
2025-04-29 00:00:00+01:00,189.8000030517578,192.0,188.8000030517578,190.60000610351562,190.56483459472656,377069,0.0,0.0
2025-04-30 00:00:00+01:00,191.0,195.1999969482422,191.0,193.39999389648438,193.36431884765625,1133977,0.0,0.0
2025-05-01 00:00:00+01:00,192.60000610351562,195.1999969482422,190.74600219726562,193.1999969482422,193.1643524169922,347296,0.0,0.0
2025-05-02 00:00:00+01:00,196.0,198.60000610351562,192.1999969482422,196.0,195.96383666992188,489091,0.0,0.0
2025-05-06 00:00:00+01:00,198.8000030517578,203.5,196.33599853515625,203.0,202.96253967285156,629605,0.0,0.0
2025-05-07 00:00:00+01:00,204.0,204.0,197.0,201.5,201.46282958984375,1301828,0.0,0.0
2025-05-08 00:00:00+01:00,204.0,205.0,199.60000610351562,199.8000030517578,199.7631378173828,885920,0.0,0.0
2025-05-09 00:00:00+01:00,195.39999389648438,203.5,195.39999389648438,203.5,203.4624481201172,361603,0.0,0.0
2025-05-12 00:00:00+01:00,204.0,205.5,197.0,197.0,196.96365356445312,1808163,0.0,0.0
2025-05-13 00:00:00+01:00,196.60000610351562,200.0,194.20199584960938,195.39999389648438,195.3639373779297,468137,0.0,0.0
2025-05-14 00:00:00+01:00,200.0,200.0,194.0,198.60000610351562,198.5633544921875,648441,0.0,0.0
2025-05-15 00:00:00+01:00,198.39999389648438,199.8000030517578,194.0,199.0,198.96328735351562,1045929,0.0,0.0
2025-05-16 00:00:00+01:00,200.0,200.0,197.60000610351562,199.0,198.96328735351562,1908565,0.0,0.0
2025-05-19 00:00:00+01:00,200.0,200.0,195.39999389648438,198.60000610351562,198.5633544921875,549115,0.0,0.0
2025-05-20 00:00:00+01:00,199.0,200.0,197.1999969482422,199.60000610351562,199.56317138671875,2349855,0.0,0.0
2025-05-21 00:00:00+01:00,194.8000030517578,200.0,194.8000030517578,197.1999969482422,197.16360473632812,498314,0.0,0.0
2025-05-22 00:00:00+01:00,195.0,197.8000030517578,192.0,193.39999389648438,193.38687133789062,794097,2.3,0.0
2025-05-23 00:00:00+01:00,188.8000030517578,194.60000610351562,188.8000030517578,191.1999969482422,191.18701171875,1260052,0.0,0.0
2025-05-27 00:00:00+01:00,193.8000030517578,195.39999389648438,192.0,194.39999389648438,194.3867950439453,1265374,0.0,0.0
2025-05-28 00:00:00+01:00,195.0,195.0,192.39999389648438,192.8000030517578,192.7869110107422,408451,0.0,0.0
2025-05-29 00:00:00+01:00,193.39999389648438,194.0,191.94400024414062,193.39999389648438,193.38687133789062,376779,0.0,0.0
2025-05-30 00:00:00+01:00,188.8000030517578,194.0,188.8000030517578,193.60000610351562,193.5868682861328,1794244,0.0,0.0
2025-06-02 00:00:00+01:00,197.8000030517578,206.0,192.1999969482422,204.0,203.98614501953125,6661447,0.0,0.0
2025-06-03 00:00:00+01:00,208.0,208.0,201.5,201.5,201.48631286621094,541109,0.0,0.0
2025-06-04 00:00:00+01:00,200.0,206.5,200.0,205.5,205.48605346679688,682531,0.0,0.0
2025-06-05 00:00:00+01:00,203.0,208.0,203.0,208.0,207.9858856201172,366541,0.0,0.0
2025-06-06 00:00:00+01:00,212.0,212.0,204.5,209.0,208.98580932617188,343228,0.0,0.0
2025-06-09 00:00:00+01:00,210.0,211.0,206.5,208.0,207.9858856201172,456375,0.0,0.0
2025-06-10 00:00:00+01:00,207.5,214.0,207.5,211.0,210.9856719970703,612337,0.0,0.0
2025-06-11 00:00:00+01:00,209.5,212.5,209.5,211.0,210.9856719970703,383696,0.0,0.0
2025-06-12 00:00:00+01:00,208.5,213.5,207.0,209.5,209.48577880859375,587150,0.0,0.0
2025-06-13 00:00:00+01:00,208.0,211.0,206.5,208.5,208.48583984375,837791,0.0,0.0
2025-06-16 00:00:00+01:00,205.0,212.0,205.0,210.0,209.98574829101562,294813,0.0,0.0
2025-06-17 00:00:00+01:00,209.5,210.5,207.5,208.0,207.9858856201172,445559,0.0,0.0
2025-06-18 00:00:00+01:00,206.0,210.5,205.5,208.0,207.9858856201172,310910,0.0,0.0
2025-06-19 00:00:00+01:00,206.0,210.0,206.0,208.0,207.9858856201172,440712,0.0,0.0
2025-06-20 00:00:00+01:00,209.0,210.70399475097656,208.5,209.0,208.98580932617188,2053461,0.0,0.0
2025-06-23 00:00:00+01:00,205.0,210.0,205.0,210.0,209.98574829101562,6157063,0.0,0.0
2025-06-24 00:00:00+01:00,211.5,215.5,210.0,213.0,212.98553466796875,1342665,0.0,0.0
2025-06-25 00:00:00+01:00,217.0,222.5,213.0,217.0,216.9852752685547,951309,0.0,0.0
2025-06-26 00:00:00+01:00,222.0,224.0,217.0,224.0,223.9847869873047,594119,0.0,0.0
2025-06-27 00:00:00+01:00,224.0,225.5,223.0,225.5,225.4846954345703,475778,0.0,0.0
2025-06-30 00:00:00+01:00,220.0,226.5,220.0,224.0,223.9847869873047,345691,0.0,0.0
2025-07-01 00:00:00+01:00,224.5,227.0,223.5,227.0,226.98458862304688,514809,0.0,0.0
2025-07-02 00:00:00+01:00,226.5,229.5,221.5,223.5,223.48483276367188,389436,0.0,0.0
2025-07-03 00:00:00+01:00,228.0,228.0,222.5,227.0,226.98458862304688,2077044,0.0,0.0
2025-07-04 00:00:00+01:00,230.0,230.0,225.0,228.0,227.98452758789062,422835,0.0,0.0
2025-07-07 00:00:00+01:00,229.0,229.0,226.0,226.5,226.484619140625,329595,0.0,0.0
2025-07-08 00:00:00+01:00,224.5,226.5,220.0,221.0,220.98500061035156,1580730,0.0,0.0
2025-07-09 00:00:00+01:00,220.5,222.1269989013672,219.0,220.0,219.9850616455078,1139384,0.0,0.0
2025-07-10 00:00:00+01:00,222.5,225.0,221.0,224.5,224.48475646972656,311993,0.0,0.0
2025-07-11 00:00:00+01:00,224.0,225.5,219.5,222.0,221.98492431640625,359549,0.0,0.0
2025-07-14 00:00:00+01:00,220.0,223.5,220.0,223.5,223.48483276367188,295950,0.0,0.0
2025-07-15 00:00:00+01:00,218.5,225.0,218.5,222.0,221.98492431640625,399176,0.0,0.0
2025-07-16 00:00:00+01:00,220.5,223.0,220.5,220.5,220.4850311279297,227461,0.0,0.0
2025-07-17 00:00:00+01:00,220.0,227.0,219.5,225.0,224.98472595214844,640826,0.0,0.0
2025-07-18 00:00:00+01:00,226.0,226.9720001220703,224.5,225.0,224.98472595214844,315569,0.0,0.0
2025-07-21 00:00:00+01:00,225.8249969482422,227.0,224.5,225.0,224.98472595214844,517555,0.0,0.0
2025-07-22 00:00:00+01:00,221.0,226.5,221.0,225.0,224.98472595214844,635505,0.0,0.0
2025-07-23 00:00:00+01:00,230.0,230.5,225.5,227.0,226.98458862304688,536168,0.0,0.0
2025-07-24 00:00:00+01:00,225.0,232.5,225.0,227.5,227.48455810546875,498875,0.0,0.0
2025-07-25 00:00:00+01:00,225.0,227.5,225.0,226.5,226.484619140625,609469,0.0,0.0
2025-07-28 00:00:00+01:00,231.5,231.5,224.0,225.0,224.98472595214844,429500,0.0,0.0
2025-07-29 00:00:00+01:00,221.0,226.5,221.0,225.5,225.4846954345703,592304,0.0,0.0
2025-07-30 00:00:00+01:00,225.5,227.0,224.5,225.0,224.98472595214844,301163,0.0,0.0
2025-07-31 00:00:00+01:00,230.0,230.0,217.0,218.0,217.98519897460938,3787001,0.0,0.0
2025-08-01 00:00:00+01:00,216.0,216.5,209.92999267578125,211.0,210.9856719970703,867922,0.0,0.0
2025-08-04 00:00:00+01:00,207.0,212.5,207.0,207.0,206.98594665527344,369091,0.0,0.0
2025-08-05 00:00:00+01:00,207.0,210.5,206.0,207.0,206.98594665527344,567640,0.0,0.0
2025-08-06 00:00:00+01:00,209.0,212.0,206.0,208.0,207.9858856201172,336509,0.0,0.0
2025-08-07 00:00:00+01:00,208.0,216.0,208.0,213.0,212.98553466796875,774058,0.0,0.0
2025-08-08 00:00:00+01:00,214.0,215.5,211.5,214.5,214.48544311523438,523489,0.0,0.0
2025-08-11 00:00:00+01:00,214.0,218.0,212.5,212.5,212.48558044433594,450470,0.0,0.0
2025-08-12 00:00:00+01:00,208.5,215.5,208.5,214.0,213.9854736328125,428594,0.0,0.0
2025-08-13 00:00:00+01:00,214.0,229.0,213.82699584960938,228.5,228.48448181152344,2616750,0.0,0.0
2025-08-14 00:00:00+01:00,228.5,230.0,222.5,225.0,224.98472595214844,753038,0.0,0.0
2025-08-15 00:00:00+01:00,226.5,228.5,222.0,222.0,221.98492431640625,456781,0.0,0.0
2025-08-18 00:00:00+01:00,221.5,224.0,220.0,221.0,220.98500061035156,302065,0.0,0.0
2025-08-19 00:00:00+01:00,222.0,224.0,218.5,220.0,219.9850616455078,359962,0.0,0.0
2025-08-20 00:00:00+01:00,219.5,222.0,217.5,222.0,221.98492431640625,277654,0.0,0.0
2025-08-21 00:00:00+01:00,221.5,226.0,220.0,224.5,224.48475646972656,4399311,0.0,0.0
2025-08-22 00:00:00+01:00,225.5,228.5,223.0,227.5,227.48455810546875,291822,0.0,0.0
2025-08-26 00:00:00+01:00,230.0,231.0,225.5,226.0,225.98464965820312,1079319,0.0,0.0
2025-08-27 00:00:00+01:00,227.0,227.0,222.5,223.0,222.98486328125,338206,0.0,0.0
2025-08-28 00:00:00+01:00,221.0,224.0,220.0,221.0,220.98500061035156,464319,0.0,0.0
2025-08-29 00:00:00+01:00,220.5,222.0,215.98899841308594,217.0,216.9852752685547,866251,0.0,0.0
2025-09-01 00:00:00+01:00,222.0,222.0,214.5,217.0,216.9852752685547,307226,0.0,0.0
2025-09-02 00:00:00+01:00,213.0,218.0,209.0,209.0,208.98580932617188,852658,0.0,0.0
2025-09-03 00:00:00+01:00,205.5,211.5,205.5,211.5,211.4856414794922,1752153,0.0,0.0
2025-09-04 00:00:00+01:00,210.5,214.5,209.5,214.0,213.9854736328125,571977,0.0,0.0
2025-09-05 00:00:00+01:00,214.0,215.0,211.0,212.0,211.98561096191406,178232,0.0,0.0
2025-09-08 00:00:00+01:00,209.5,214.0,209.5,213.0,212.98553466796875,217997,0.0,0.0
2025-09-09 00:00:00+01:00,214.5,217.0,211.5,212.5,212.48558044433594,311673,0.0,0.0
2025-09-10 00:00:00+01:00,211.5,214.5,209.8249969482422,210.0,209.98574829101562,317585,0.0,0.0
2025-09-11 00:00:00+01:00,207.0,212.0,207.0,210.5,210.48570251464844,643378,0.0,0.0
2025-09-12 00:00:00+01:00,215.5,215.5,207.5,208.0,207.9858856201172,257670,0.0,0.0
2025-09-15 00:00:00+01:00,204.0,210.0,204.0,208.0,207.9858856201172,216113,0.0,0.0
2025-09-16 00:00:00+01:00,207.0,211.0,203.0,203.0,202.98622131347656,482768,0.0,0.0
2025-09-17 00:00:00+01:00,202.0,208.5,202.0,208.0,207.9858856201172,697054,0.0,0.0
2025-09-18 00:00:00+01:00,218.0,224.0,212.5,216.5,216.4853057861328,3969209,0.0,0.0
2025-09-19 00:00:00+01:00,226.0,256.5,225.5,247.0,246.9832305908203,12989652,0.0,0.0
2025-09-22 00:00:00+01:00,248.0,250.0,235.5,235.5,235.4840087890625,920376,0.0,0.0
2025-09-23 00:00:00+01:00,233.0,247.0,233.0,244.0,243.98342895507812,5401088,0.0,0.0
2025-09-24 00:00:00+01:00,243.0,246.0,239.0,245.5,245.48333740234375,730718,0.0,0.0
2025-09-25 00:00:00+01:00,249.0,250.0,244.0,246.0,245.98329162597656,5741984,0.0,0.0
2025-09-26 00:00:00+01:00,241.0,247.5,241.0,245.5,245.48333740234375,2827980,0.0,0.0
2025-09-29 00:00:00+01:00,240.0,249.5,240.0,248.5,248.48312377929688,622745,0.0,0.0
2025-09-30 00:00:00+01:00,248.5,249.5,246.5,249.0,248.98309326171875,1002736,0.0,0.0
2025-10-01 00:00:00+01:00,248.5,251.5,244.5,244.5,244.4833984375,6182817,0.0,0.0
2025-10-02 00:00:00+01:00,240.0,246.0,239.5,241.0,240.983642578125,259999,0.0,0.0
2025-10-03 00:00:00+01:00,241.5,243.5,236.24200439453125,240.5,240.48367309570312,465786,0.0,0.0
2025-10-06 00:00:00+01:00,242.0,242.0,234.5,234.5,234.4840850830078,337659,0.0,0.0
2025-10-07 00:00:00+01:00,230.0,245.25,230.0,239.5,239.48373413085938,1258767,0.0,0.0
2025-10-08 00:00:00+01:00,245.0,245.0,238.0,240.5,240.48367309570312,667282,0.0,0.0
2025-10-09 00:00:00+01:00,239.5,247.0,239.0,245.0,244.98336791992188,502184,0.0,0.0
2025-10-10 00:00:00+01:00,249.0,249.0,241.0,242.0,241.9835662841797,328980,0.0,0.0
2025-10-13 00:00:00+01:00,244.0,244.5,241.0,241.5,241.48361206054688,461511,0.0,0.0
2025-10-14 00:00:00+01:00,239.5,242.5,237.0,241.5,241.48361206054688,479013,0.0,0.0
2025-10-15 00:00:00+01:00,243.5,244.0,238.0,242.0,241.9835662841797,341316,0.0,0.0
2025-10-16 00:00:00+01:00,246.0,246.0,238.0,240.5,240.48367309570312,688344,0.0,0.0
2025-10-17 00:00:00+01:00,236.0,241.5,235.5,237.0,236.98391723632812,529171,0.0,0.0
2025-10-20 00:00:00+01:00,240.0,240.0,234.5,236.0,235.98397827148438,1051337,0.0,0.0
2025-10-21 00:00:00+01:00,238.5,239.0,232.0,233.5,233.48414611816406,399604,0.0,0.0
2025-10-22 00:00:00+01:00,230.0,243.0399932861328,230.0,243.0,242.98350524902344,3217989,0.0,0.0
2025-10-23 00:00:00+01:00,243.5,245.0,239.0,240.0,239.98370361328125,3145036,0.0,0.0
2025-10-24 00:00:00+01:00,241.5,242.0,237.5,242.0,241.9835662841797,514508,0.0,0.0
2025-10-27 00:00:00+00:00,245.0,245.0,238.0,239.0,238.98377990722656,870559,0.0,0.0
2025-10-28 00:00:00+00:00,244.0,244.0,236.5,237.0,236.98391723632812,806290,0.0,0.0
2025-10-29 00:00:00+00:00,235.0,238.5,235.0,235.5,235.4840087890625,414616,0.0,0.0
2025-10-30 00:00:00+00:00,241.0,241.0,232.5,236.5,236.48394775390625,545918,0.0,0.0
2025-10-31 00:00:00+00:00,237.0,237.0,233.5,234.5,234.4840850830078,392777,0.0,0.0
2025-11-03 00:00:00+00:00,237.0,237.0,231.0,233.0,232.9841766357422,300604,0.0,0.0
2025-11-04 00:00:00+00:00,235.0,235.0,226.5,230.5,230.48434448242188,826039,0.0,0.0
2025-11-05 00:00:00+00:00,229.5,231.0,228.0,230.0,229.98439025878906,263753,0.0,0.0
2025-11-06 00:00:00+00:00,232.0,232.0,225.5,225.5,225.4846954345703,416679,0.0,0.0
2025-11-07 00:00:00+00:00,226.0,229.0,225.0,226.0,225.98464965820312,305016,0.0,0.0
2025-11-10 00:00:00+00:00,225.0,229.0,225.0,226.5,226.484619140625,270870,0.0,0.0
2025-11-11 00:00:00+00:00,226.5,229.0,226.0,229.0,228.9844512939453,669725,0.0,0.0
2025-11-12 00:00:00+00:00,229.0,229.5,227.0,228.0,227.98452758789062,334821,0.0,0.0
2025-11-13 00:00:00+00:00,230.0,230.5,225.0,225.0,224.98472595214844,519674,0.0,0.0
2025-11-14 00:00:00+00:00,225.0,226.0,221.6790008544922,225.0,224.98472595214844,1405701,0.0,0.0
2025-11-17 00:00:00+00:00,225.0,229.5,222.81500244140625,226.0,225.98464965820312,156159,0.0,0.0
2025-11-18 00:00:00+00:00,224.0,224.5,219.0,222.5,222.48489379882812,683254,0.0,0.0
2025-11-19 00:00:00+00:00,225.5,225.5,220.5,221.0,220.98500061035156,413360,0.0,0.0
2025-11-20 00:00:00+00:00,222.0,225.0,220.5,221.0,220.98500061035156,472300,0.0,0.0
2025-11-21 00:00:00+00:00,219.5,223.5,218.0,223.5,223.48483276367188,1246032,0.0,0.0
2025-11-24 00:00:00+00:00,225.0,227.0,218.62600708007812,222.0,221.98492431640625,1219342,0.0,0.0
2025-11-25 00:00:00+00:00,221.5,231.5,218.5,226.0,225.98464965820312,462566,0.0,0.0
2025-11-26 00:00:00+00:00,231.0,231.0,221.0,224.0,223.9847869873047,1825143,0.0,0.0
2025-11-27 00:00:00+00:00,225.0,229.58900451660156,221.0,229.0,228.9844512939453,444846,0.0,0.0
2025-11-28 00:00:00+00:00,229.0,230.0,227.5,229.5,229.4844207763672,434178,0.0,0.0
2025-12-01 00:00:00+00:00,234.0,234.0,224.5,226.5,226.484619140625,312741,0.0,0.0
2025-12-02 00:00:00+00:00,223.5,229.0,222.85000610351562,223.5,223.48483276367188,312337,0.0,0.0
2025-12-03 00:00:00+00:00,206.0,206.0,185.0,185.8000030517578,185.78738403320312,8596250,0.0,0.0
2025-12-04 00:00:00+00:00,182.39999389648438,189.39999389648438,179.13600158691406,181.1999969482422,181.1876983642578,4333781,0.0,0.0
2025-12-05 00:00:00+00:00,181.1999969482422,187.52999877929688,175.0,176.1999969482422,176.1880340576172,4524364,0.0,0.0
2025-12-08 00:00:00+00:00,173.60000610351562,176.60000610351562,171.1999969482422,174.0,173.98818969726562,5098618,0.0,0.0
2025-12-09 00:00:00+00:00,176.0,177.39999389648438,167.8000030517578,167.8000030517578,167.78860473632812,4807966,0.0,0.0
2025-12-10 00:00:00+00:00,171.0,171.0,167.8000030517578,169.39999389648438,169.38848876953125,1676907,0.0,0.0
2025-12-11 00:00:00+00:00,170.60000610351562,170.60000610351562,167.11500549316406,169.1999969482422,169.18850708007812,1011469,0.0,0.0
2025-12-12 00:00:00+00:00,170.60000610351562,170.8000030517578,167.60000610351562,168.60000610351562,168.58856201171875,1015159,0.0,0.0
2025-12-15 00:00:00+00:00,169.0,170.83999633789062,165.39999389648438,165.39999389648438,165.38876342773438,3384986,0.0,0.0
2025-12-16 00:00:00+00:00,169.39999389648438,169.39999389648438,164.8000030517578,165.60000610351562,165.58876037597656,778715,0.0,0.0
2025-12-17 00:00:00+00:00,166.39999389648438,167.1999969482422,164.8000030517578,166.1999969482422,166.188720703125,672650,0.0,0.0
2025-12-18 00:00:00+00:00,169.0,169.0,165.8000030517578,168.0,167.9886016845703,577177,0.0,0.0
2025-12-19 00:00:00+00:00,167.1999969482422,169.60000610351562,165.8000030517578,167.39999389648438,167.3886260986328,1660430,0.0,0.0
2025-12-22 00:00:00+00:00,164.0,168.1999969482422,164.0,166.0,165.9887237548828,466229,0.0,0.0
2025-12-23 00:00:00+00:00,169.0,169.0,165.60000610351562,167.39999389648438,167.3886260986328,303368,0.0,0.0
2025-12-24 00:00:00+00:00,171.0,171.0,165.8000030517578,165.8000030517578,165.7887420654297,172445,0.0,0.0
2025-12-29 00:00:00+00:00,164.0,167.0,164.0,166.8000030517578,166.78868103027344,260118,0.0,0.0
2025-12-30 00:00:00+00:00,166.8000030517578,168.0279998779297,164.9600067138672,166.8000030517578,166.78868103027344,581538,0.0,0.0
