Date,Open,High,Low,Close,Adj Close,Volume,Dividends,Stock Splits
2021-01-04 00:00:00+00:00,11420.0,11810.0,11420.0,11685.0,11673.4794921875,156268,0.0,0.0
2021-01-05 00:00:00+00:00,11575.0,11686.0,11405.0,11485.0,11473.673828125,84890,0.0,0.0
2021-01-06 00:00:00+00:00,11470.0,11710.0,11300.0,11640.0,11628.5224609375,112900,0.0,0.0
2021-01-07 00:00:00+00:00,11640.0,11815.0,11545.0,11700.0,11688.4619140625,108483,0.0,0.0
2021-01-08 00:00:00+00:00,11815.0,11815.0,11645.0,11720.0,11708.443359375,104952,0.0,0.0
2021-01-11 00:00:00+00:00,11800.0,11860.0,11635.0,11640.0,11628.5224609375,74863,0.0,0.0
2021-01-12 00:00:00+00:00,11635.0,11635.0,11215.0,11295.0,11283.861328125,106356,0.0,0.0
2021-01-13 00:00:00+00:00,11330.0,11520.0,11290.0,11410.0,11398.7470703125,129692,0.0,0.0
2021-01-14 00:00:00+00:00,11450.0,11550.0,11275.0,11530.0,11518.6298828125,201282,0.0,0.0
2021-01-15 00:00:00+00:00,11470.0,11590.0,11375.0,11435.0,11423.724609375,151606,0.0,0.0
2021-01-18 00:00:00+00:00,11575.0,11635.0,11420.0,11450.0,11438.7099609375,100900,0.0,0.0
2021-01-19 00:00:00+00:00,11465.0,11505.0,11315.0,11390.0,11378.7685546875,93071,0.0,0.0
2021-01-20 00:00:00+00:00,11435.0,11670.0,11430.0,11570.0,11558.5927734375,120734,0.0,0.0
2021-01-21 00:00:00+00:00,11585.0,11765.0,11585.0,11685.0,11673.4794921875,142171,0.0,0.0
2021-01-22 00:00:00+00:00,11750.0,11815.0,11585.0,11665.0,11653.498046875,89144,0.0,0.0
2021-01-25 00:00:00+00:00,11715.0,11770.0,11620.0,11675.0,11663.4853515625,62223,0.0,0.0
2021-01-26 00:00:00+00:00,11700.0,11735.0,11560.0,11595.0,11583.568359375,86180,0.0,0.0
2021-01-27 00:00:00+00:00,11610.0,11610.0,11240.0,11390.0,11378.7685546875,154499,0.0,0.0
2021-01-28 00:00:00+00:00,11300.0,11445.0,11105.0,11380.0,11368.779296875,63008,0.0,0.0
2021-01-29 00:00:00+00:00,11380.0,11380.0,11070.0,11080.0,11069.0732421875,123489,0.0,0.0
2021-02-01 00:00:00+00:00,11175.0,11415.0,11140.0,11305.0,11293.853515625,111700,0.0,0.0
2021-02-02 00:00:00+00:00,11380.0,11470.0,11295.0,11365.0,11353.79296875,79868,0.0,0.0
2021-02-03 00:00:00+00:00,11435.0,11510.0,11325.0,11355.0,11343.8037109375,45336,0.0,0.0
2021-02-04 00:00:00+00:00,11330.0,11510.0,11305.0,11385.0,11373.7734375,144849,0.0,0.0
2021-02-05 00:00:00+00:00,11320.0,11400.0,11180.0,11260.0,11248.8955078125,86202,0.0,0.0
2021-02-08 00:00:00+00:00,11270.0,11580.0,11225.0,11570.0,11558.5927734375,111287,0.0,0.0
2021-02-09 00:00:00+00:00,11550.0,11600.0,11480.0,11495.0,11483.666015625,128123,0.0,0.0
2021-02-10 00:00:00+00:00,11660.0,11660.0,11355.0,11425.0,11413.7353515625,109358,0.0,0.0
2021-02-11 00:00:00+00:00,11400.0,11625.0,11400.0,11550.0,11538.611328125,54840,0.0,0.0
2021-02-12 00:00:00+00:00,11510.0,11780.0,11510.0,11765.0,11753.400390625,64978,0.0,0.0
2021-02-15 00:00:00+00:00,11795.0,11945.0,11690.0,11880.0,11868.287109375,87779,0.0,0.0
2021-02-16 00:00:00+00:00,11860.0,12055.0,11860.0,11920.0,11908.2490234375,101263,0.0,0.0
2021-02-17 00:00:00+00:00,11930.0,11930.0,11650.0,11670.0,11658.4951171875,62627,0.0,0.0
2021-02-18 00:00:00+00:00,11560.0,11722.0,11380.0,11405.0,11393.75390625,104008,0.0,0.0
2021-02-19 00:00:00+00:00,11490.0,11585.0,11330.0,11330.0,11318.830078125,155181,0.0,0.0
2021-02-22 00:00:00+00:00,11200.0,11230.0,10860.0,10955.0,10944.1962890625,227451,0.0,0.0
2021-02-23 00:00:00+00:00,10955.0,11063.0771484375,10650.0,10785.0,10774.36328125,320354,0.0,0.0
2021-02-24 00:00:00+00:00,10715.0,10975.0,10520.0,10925.0,10914.2294921875,145273,0.0,0.0
2021-02-25 00:00:00+00:00,10850.0,10985.0,10825.0,10915.0,10904.2373046875,106589,0.0,0.0
2021-02-26 00:00:00+00:00,10795.0,11010.0,10600.0,10710.0,10699.44140625,197715,0.0,0.0
2021-03-01 00:00:00+00:00,10820.0,10970.0,10750.0,10940.0,10929.212890625,116171,0.0,0.0
2021-03-02 00:00:00+00:00,10805.0,11180.0,10800.0,11135.0,11124.021484375,207963,0.0,0.0
2021-03-03 00:00:00+00:00,11200.0,11270.0,10975.5,11035.0,11024.119140625,100194,0.0,0.0
2021-03-04 00:00:00+00:00,11015.0,11070.0,10775.0,10880.0,10869.271484375,235610,0.0,0.0
2021-03-05 00:00:00+00:00,10705.0,11000.0,10705.0,10780.0,10769.3701171875,163270,0.0,0.0
2021-03-08 00:00:00+00:00,10795.0,10900.0,10645.0,10780.0,10769.3701171875,130939,0.0,0.0
2021-03-09 00:00:00+00:00,10770.0,11140.0,10740.0,11020.0,11009.1337890625,137092,0.0,0.0
2021-03-10 00:00:00+00:00,11335.0,11528.625,11050.0,11400.0,11388.759765625,126292,0.0,0.0
2021-03-11 00:00:00+00:00,11485.0,11635.0,11390.0,11605.0,11593.5556640625,143008,0.0,0.0
2021-03-12 00:00:00+00:00,11615.0,11725.0,11445.0,11620.0,11608.5419921875,104169,0.0,0.0
2021-03-15 00:00:00+00:00,11630.0,11730.0,11415.0,11435.0,11423.724609375,115445,0.0,0.0
2021-03-16 00:00:00+00:00,11505.0,11635.0,11444.36328125,11575.0,11563.5869140625,124268,0.0,0.0
2021-03-17 00:00:00+00:00,11595.0,11595.0,11400.0,11520.0,11508.642578125,98087,0.0,0.0
2021-03-18 00:00:00+00:00,11525.0,11525.0,11175.0,11245.0,11233.9111328125,152904,0.0,0.0
2021-03-19 00:00:00+00:00,11130.0,11230.0,11020.0,11080.0,11069.0732421875,362547,0.0,0.0
2021-03-22 00:00:00+00:00,11075.0,11350.0,10970.0,11295.0,11283.861328125,147549,0.0,0.0
2021-03-23 00:00:00+00:00,11200.0,11440.0,11185.0,11340.0,11328.818359375,101852,0.0,0.0
2021-03-24 00:00:00+00:00,11295.0,11460.0,11260.0,11430.0,11418.73046875,87910,0.0,0.0
2021-03-25 00:00:00+00:00,11390.0,11485.0,11300.0,11400.0,11388.759765625,94461,0.0,0.0
2021-03-26 00:00:00+00:00,11460.0,11510.0,11370.0,11500.0,11488.66015625,81738,0.0,0.0
2021-03-29 00:00:00+01:00,11550.0,11605.0,11325.0,11410.0,11398.7470703125,122112,0.0,0.0
2021-03-30 00:00:00+01:00,11450.0,11555.0,11400.0,11495.0,11483.666015625,105823,0.0,0.0
2021-03-31 00:00:00+01:00,11485.0,11570.0,11350.0,11400.0,11388.759765625,136988,0.0,0.0
2021-04-01 00:00:00+01:00,11455.0,11640.0,11410.0,11590.0,11578.572265625,138116,0.0,0.0
2021-04-06 00:00:00+01:00,11690.0,11795.0,11580.0,11740.0,11728.42578125,107828,0.0,0.0
2021-04-07 00:00:00+01:00,11805.0,11905.0,11605.0,11665.0,11653.498046875,82634,0.0,0.0
2021-04-08 00:00:00+01:00,11780.0,12010.0,11755.0,11950.0,11938.2177734375,95913,0.0,0.0
2021-04-09 00:00:00+01:00,12005.0,12285.61328125,11965.0,12240.0,12227.931640625,237235,0.0,0.0
2021-04-12 00:00:00+01:00,12230.0,12335.0,12020.0,12020.0,12008.1474609375,227225,0.0,0.0
2021-04-13 00:00:00+01:00,11930.0,12120.0,11910.0,12065.0,12053.1044921875,169261,0.0,0.0
2021-04-14 00:00:00+01:00,12085.0,12085.0,11965.0,11965.0,11953.201171875,65135,0.0,0.0
2021-04-15 00:00:00+01:00,12025.0,12060.0,11965.0,12005.0,11993.1611328125,96851,0.0,0.0
2021-04-16 00:00:00+01:00,11890.0,12130.0,11890.0,12130.0,12118.0380859375,117481,0.0,0.0
2021-04-19 00:00:00+01:00,12090.0,12270.0,12090.0,12185.0,12172.986328125,128508,0.0,0.0
2021-04-20 00:00:00+01:00,12215.0,12295.0,12120.0,12155.0,12143.015625,101681,0.0,0.0
2021-04-21 00:00:00+01:00,12180.0,12205.0,11925.0,12195.0,12182.9765625,82331,0.0,0.0
2021-04-22 00:00:00+01:00,12140.0,12310.0,12080.0,12285.0,12273.7373046875,97694,84.5,0.0
2021-04-23 00:00:00+01:00,12250.0,12320.0,12215.0,12265.0,12253.7568359375,69620,0.0,0.0
2021-04-26 00:00:00+01:00,12250.0,12360.0,12170.0,12280.0,12268.7431640625,68584,0.0,0.0
2021-04-27 00:00:00+01:00,12250.0,12335.0,12135.0,12200.0,12188.81640625,91297,0.0,0.0
2021-04-28 00:00:00+01:00,12065.0,12190.0,11995.0,12065.0,12053.939453125,96531,0.0,0.0
2021-04-29 00:00:00+01:00,12015.0,12140.0,11870.0,11915.0,11904.076171875,71989,0.0,0.0
2021-04-30 00:00:00+01:00,11845.0,11930.0,11780.0,11815.0,11804.1689453125,138065,0.0,0.0
2021-05-04 00:00:00+01:00,11880.0,11905.0,11735.0,11770.0,11759.208984375,184259,0.0,0.0
2021-05-05 00:00:00+01:00,11790.0,12070.0,11760.0,12030.0,12018.9716796875,65914,0.0,0.0
2021-05-06 00:00:00+01:00,12085.0,12085.0,11845.0,11990.0,11979.0078125,106147,0.0,0.0
2021-05-07 00:00:00+01:00,12105.0,12195.0,11990.0,12055.0,12043.9482421875,66131,0.0,0.0
2021-05-10 00:00:00+01:00,12080.0,12080.0,11754.2880859375,11800.0,11789.181640625,100256,0.0,0.0
2021-05-11 00:00:00+01:00,11600.0,11700.0,11455.0,11555.0,11544.4072265625,119105,0.0,0.0
2021-05-12 00:00:00+01:00,11750.0,11975.0,11750.0,11780.0,11769.201171875,179073,0.0,0.0
2021-05-13 00:00:00+01:00,11795.0,11930.0,11695.0,11855.0,11844.1328125,99886,0.0,0.0
2021-05-14 00:00:00+01:00,12005.0,12195.0,11930.0,12180.0,12168.833984375,111035,0.0,0.0
2021-05-17 00:00:00+01:00,12260.0,12285.0,12040.0,12120.0,12108.8896484375,72321,0.0,0.0
2021-05-18 00:00:00+01:00,12295.0,12295.0,12005.0,12055.0,12043.9482421875,126964,0.0,0.0
2021-05-19 00:00:00+01:00,11995.0,11995.0,11775.0,11940.0,11929.052734375,98657,0.0,0.0
2021-05-20 00:00:00+01:00,12115.0,12310.0,12050.0,12265.0,12253.7568359375,94099,0.0,0.0
2021-05-21 00:00:00+01:00,12315.0,12342.86328125,12185.0,12250.0,12238.771484375,95759,0.0,0.0
2021-05-24 00:00:00+01:00,12285.0,12425.0,12250.0,12425.0,12413.6083984375,54580,0.0,0.0
2021-05-25 00:00:00+01:00,12470.0,12495.0,12380.0,12435.0,12423.5986328125,64225,0.0,0.0
2021-05-26 00:00:00+01:00,12385.0,12618.349609375,12335.0,12575.0,12563.470703125,111194,0.0,0.0
2021-05-27 00:00:00+01:00,12545.0,12770.0,12530.0,12770.0,12758.2919921875,317750,0.0,0.0
2021-05-28 00:00:00+01:00,12745.0,12810.0,12645.0,12700.0,12688.35546875,141813,0.0,0.0
2021-06-01 00:00:00+01:00,12685.0,12855.0,12660.0,12725.0,12713.3330078125,92160,0.0,0.0
2021-06-02 00:00:00+01:00,12725.0,12900.0,12725.0,12785.0,12773.279296875,81318,0.0,0.0
2021-06-03 00:00:00+01:00,12820.0,12880.0,12730.0,12830.0,12818.2392578125,67827,0.0,0.0
2021-06-04 00:00:00+01:00,12840.0,12970.0,12825.0,12945.0,12933.1337890625,83614,0.0,0.0
2021-06-07 00:00:00+01:00,12960.0,13023.599609375,12865.0,12865.0,12853.2060546875,62999,0.0,0.0
2021-06-08 00:00:00+01:00,13085.0,13090.0,12850.0,13030.0,13018.0537109375,93840,0.0,0.0
2021-06-09 00:00:00+01:00,12985.0,13070.0,12955.0,13025.0,13013.0595703125,82826,0.0,0.0
2021-06-10 00:00:00+01:00,13070.0,13135.0,12990.0,13030.0,13018.0537109375,78212,0.0,0.0
2021-06-11 00:00:00+01:00,13015.0,13265.0,13015.0,13200.0,13187.8994140625,67722,0.0,0.0
2021-06-14 00:00:00+01:00,13300.0,13325.0,13140.0,13195.0,13182.90234375,117294,0.0,0.0
2021-06-15 00:00:00+01:00,13245.0,13587.2666015625,13215.0,13470.0,13457.6513671875,145716,0.0,0.0
2021-06-16 00:00:00+01:00,13530.0,13655.0,13455.0,13595.0,13582.5361328125,107093,0.0,0.0
2021-06-17 00:00:00+01:00,13490.0,13490.0,13200.0,13275.0,13262.830078125,155304,0.0,0.0
2021-06-18 00:00:00+01:00,13275.0,13390.0,13230.0,13260.0,13247.84375,199075,0.0,0.0
2021-06-21 00:00:00+01:00,13205.0,13405.0,13165.0,13390.0,13377.724609375,75620,0.0,0.0
2021-06-22 00:00:00+01:00,13415.0,13445.0,13300.0,13405.0,13392.708984375,94443,0.0,0.0
2021-06-23 00:00:00+01:00,13430.0,13585.0,13280.0,13500.0,13487.6240234375,88058,0.0,0.0
2021-06-24 00:00:00+01:00,13540.0,13588.5751953125,13450.0,13540.0,13527.5869140625,114771,0.0,0.0
2021-06-25 00:00:00+01:00,13545.0,13620.0,13505.0,13605.0,13592.5283203125,52633,0.0,0.0
2021-06-28 00:00:00+01:00,13550.0,13670.0,13540.0,13670.0,13657.466796875,69859,0.0,0.0
2021-06-29 00:00:00+01:00,13675.0,13819.1708984375,13675.0,13745.0,13732.3984375,118426,0.0,0.0
2021-06-30 00:00:00+01:00,13735.0,13775.0,13545.0,13615.0,13602.51953125,162581,0.0,0.0
2021-07-01 00:00:00+01:00,13665.0,13710.0,13435.0,13635.0,13622.4990234375,121090,0.0,0.0
2021-07-02 00:00:00+01:00,13645.0,13745.0,13645.0,13715.0,13702.4267578125,52237,0.0,0.0
2021-07-05 00:00:00+01:00,13720.0,13775.0,13700.0,13725.0,13712.41796875,33945,0.0,0.0
2021-07-06 00:00:00+01:00,13730.0,13840.0,13675.0,13805.0,13792.34375,69828,0.0,0.0
2021-07-07 00:00:00+01:00,13925.0,14095.0,13802.5,14075.0,14062.095703125,83411,0.0,0.0
2021-07-08 00:00:00+01:00,13975.0,14048.599609375,13830.0,13910.0,13897.2470703125,114591,0.0,0.0
2021-07-09 00:00:00+01:00,13775.0,14030.0,13775.0,14010.0,13997.1572265625,86601,0.0,0.0
2021-07-12 00:00:00+01:00,13885.0,14195.0,13885.0,14110.0,14097.06640625,59130,0.0,0.0
2021-07-13 00:00:00+01:00,14095.0,14295.0,14095.0,14280.0,14266.9072265625,109807,0.0,0.0
2021-07-14 00:00:00+01:00,14280.0,14330.4384765625,14130.0,14255.0,14241.9306640625,96776,0.0,0.0
2021-07-15 00:00:00+01:00,14255.0,14460.0,14255.0,14440.0,14426.76171875,116428,0.0,0.0
2021-07-16 00:00:00+01:00,14530.0,14600.0,14070.0,14170.0,14157.0087890625,183404,0.0,0.0
2021-07-19 00:00:00+01:00,14100.0,14135.0,13950.0,14130.0,14117.0458984375,107050,0.0,0.0
2021-07-20 00:00:00+01:00,14200.0,14290.0,14065.0,14215.0,14201.96875,156116,0.0,0.0
2021-07-21 00:00:00+01:00,14300.0,14355.0,14190.0,14285.0,14271.9033203125,75748,0.0,0.0
2021-07-22 00:00:00+01:00,14330.0,14560.0,14305.0,14535.0,14521.6748046875,55589,0.0,0.0
2021-07-23 00:00:00+01:00,14620.0,14670.0,14522.400390625,14650.0,14636.5693359375,105626,0.0,0.0
2021-07-26 00:00:00+01:00,14625.0,14764.1884765625,14575.0,14620.0,14606.595703125,181278,0.0,0.0
2021-07-27 00:00:00+01:00,14555.0,14820.0,14520.0,14710.0,14696.513671875,80850,0.0,0.0
2021-07-28 00:00:00+01:00,14735.0,15095.0,14690.0,15020.0,15006.23046875,129126,0.0,0.0
2021-07-29 00:00:00+01:00,15040.0,15110.0,14810.0,14960.0,14946.2841796875,89764,0.0,0.0
2021-07-30 00:00:00+01:00,14845.0,15015.0,14810.0,15010.0,14996.240234375,89459,0.0,0.0
2021-08-02 00:00:00+01:00,15100.0,15225.0,14980.0,15195.0,15181.0693359375,65416,0.0,0.0
2021-08-03 00:00:00+01:00,15200.0,15270.0,15050.0,15235.0,15221.033203125,43648,0.0,0.0
2021-08-04 00:00:00+01:00,15280.0,15525.0,15235.0,15330.0,15315.9453125,139908,0.0,0.0
2021-08-05 00:00:00+01:00,15330.0,15555.0,15330.0,15410.0,15395.873046875,96238,0.0,0.0
2021-08-06 00:00:00+01:00,15380.0,15420.0,15115.0,15115.0,15101.142578125,151888,0.0,0.0
2021-08-09 00:00:00+01:00,15120.0,15245.0,14960.0,15075.0,15061.1796875,134648,0.0,0.0
2021-08-10 00:00:00+01:00,15055.0,15260.0,15035.0,15125.0,15111.1337890625,130905,0.0,0.0
2021-08-11 00:00:00+01:00,15500.0,16203.7998046875,15185.0,15765.0,15750.548828125,124740,0.0,0.0
2021-08-12 00:00:00+01:00,15785.0,15845.0,15485.0,15670.0,15655.634765625,102033,0.0,0.0
2021-08-13 00:00:00+01:00,15685.0,15933.2734375,15655.0,15780.0,15765.533203125,61785,0.0,0.0
2021-08-16 00:00:00+01:00,15695.0,15800.0,15595.0,15665.0,15650.6396484375,60363,0.0,0.0
2021-08-17 00:00:00+01:00,15580.0,15755.0,15575.0,15720.0,15705.5869140625,61330,0.0,0.0
2021-08-18 00:00:00+01:00,15755.0,15815.0,15680.0,15740.0,15725.5693359375,60413,0.0,0.0
2021-08-19 00:00:00+01:00,15665.0,15695.0,15465.0,15665.0,15650.6396484375,82473,0.0,0.0
2021-08-20 00:00:00+01:00,15665.0,15960.0,15625.0,15960.0,15945.369140625,83146,0.0,0.0
2021-08-23 00:00:00+01:00,16075.0,16195.0,15920.0,16045.0,16030.291015625,65713,0.0,0.0
2021-08-24 00:00:00+01:00,16140.0,16415.0,15910.0,16060.0,16045.27734375,78030,0.0,0.0
2021-08-25 00:00:00+01:00,15965.0,16094.009765625,15870.0,15970.0,15955.359375,52113,0.0,0.0
2021-08-26 00:00:00+01:00,15935.0,16060.0,15774.0498046875,16060.0,16045.27734375,44345,0.0,0.0
2021-08-27 00:00:00+01:00,16035.0,16105.0,15995.0,16100.0,16085.2392578125,77628,0.0,0.0
2021-08-31 00:00:00+01:00,16185.0,16410.0,16025.0,16110.0,16095.232421875,124003,0.0,0.0
2021-09-01 00:00:00+01:00,16160.0,16310.0,16070.0,16295.0,16280.0615234375,65021,0.0,0.0
2021-09-02 00:00:00+01:00,16225.0,16645.0,16225.0,16595.0,16579.78515625,70271,0.0,0.0
2021-09-03 00:00:00+01:00,16645.0,16650.0,16355.0,16465.0,16449.908203125,75550,0.0,0.0
2021-09-06 00:00:00+01:00,16510.0,16700.0,16445.0,16600.0,16584.783203125,35766,0.0,0.0
2021-09-07 00:00:00+01:00,16510.0,16625.0,16395.0,16485.0,16469.88671875,40588,0.0,0.0
2021-09-08 00:00:00+01:00,16355.0,16405.0,16150.0,16355.0,16340.005859375,114086,0.0,0.0
2021-09-09 00:00:00+01:00,16205.0,16415.0,16160.0,16385.0,16369.978515625,74974,0.0,0.0
2021-09-10 00:00:00+01:00,16405.0,16550.0,16355.0,16480.0,16464.892578125,43838,0.0,0.0
2021-09-13 00:00:00+01:00,16525.0,16575.0,16320.0,16325.0,16310.033203125,2889,0.0,0.0
2021-09-14 00:00:00+01:00,16295.0,16405.0,16195.0,16405.0,16389.958984375,62622,0.0,0.0
2021-09-15 00:00:00+01:00,16415.0,16480.0,16207.84765625,16230.0,16215.12109375,100019,0.0,0.0
2021-09-16 00:00:00+01:00,16235.0,16425.0,16235.0,16340.0,16325.017578125,96918,0.0,0.0
2021-09-17 00:00:00+01:00,16455.0,16550.0,16135.0,16195.0,16180.1513671875,193490,0.0,0.0
2021-09-20 00:00:00+01:00,16025.0,16080.0,15765.0,15930.0,15915.396484375,102831,0.0,0.0
2021-09-21 00:00:00+01:00,16010.0,16185.0,15965.0,16160.0,16145.18359375,101875,0.0,0.0
2021-09-22 00:00:00+01:00,16230.0,16295.0,16130.0,16270.0,16255.0830078125,62763,0.0,0.0
2021-09-23 00:00:00+01:00,16370.0,16460.0,16257.7021484375,16275.0,16260.0791015625,54606,0.0,0.0
2021-09-24 00:00:00+01:00,16165.0,16230.0,15910.0,16000.0,15985.3330078125,49872,0.0,0.0
2021-09-27 00:00:00+01:00,16140.0,16156.0380859375,15355.0,15365.0,15350.9140625,146046,0.0,0.0
2021-09-28 00:00:00+01:00,15355.0,15390.0,14950.0,15115.0,15101.142578125,141389,0.0,0.0
2021-09-29 00:00:00+01:00,15175.0,15520.0,15020.0,15045.0,15031.20703125,120357,0.0,0.0
2021-09-30 00:00:00+01:00,15225.0,15280.0,14925.0,14970.0,14956.27734375,145812,0.0,0.0
2021-10-01 00:00:00+01:00,14835.0,15010.0,14660.0,14765.0,14751.4638671875,174619,0.0,0.0
2021-10-04 00:00:00+01:00,14730.0,14865.0,14530.0,14575.0,14561.6376953125,103027,0.0,0.0
2021-10-05 00:00:00+01:00,14575.0,14810.0,14520.0,14790.0,14776.4404296875,77574,0.0,0.0
2021-10-06 00:00:00+01:00,14510.0,14690.0,14405.0,14625.0,14611.5927734375,87136,0.0,0.0
2021-10-07 00:00:00+01:00,14795.0,14830.0,14500.0,14735.0,14721.490234375,97629,0.0,0.0
2021-10-08 00:00:00+01:00,14720.0,14900.0,14460.0,14500.0,14486.70703125,70537,0.0,0.0
2021-10-11 00:00:00+01:00,14380.0,14475.9853515625,14215.0,14445.0,14431.7578125,84113,0.0,0.0
2021-10-12 00:00:00+01:00,14320.0,14535.0,14170.0,14525.0,14511.6845703125,87829,0.0,0.0
2021-10-13 00:00:00+01:00,14510.0,14845.0,14325.0,14800.0,14786.431640625,74021,0.0,0.0
2021-10-14 00:00:00+01:00,14745.0,14980.0,14675.0,14935.0,14921.6953125,95629,38.5,0.0
2021-10-15 00:00:00+01:00,15045.0,15088.3603515625,14880.0,14910.0,14896.7177734375,165958,0.0,0.0
2021-10-18 00:00:00+01:00,14815.0,15060.0,14815.0,15015.0,15001.625,61402,0.0,0.0
2021-10-19 00:00:00+01:00,15090.0,15225.0,15030.0,15145.0,15131.509765625,118847,0.0,0.0
2021-10-20 00:00:00+01:00,15155.0,15365.0,15103.400390625,15190.0,15176.46875,83143,0.0,0.0
2021-10-21 00:00:00+01:00,15085.0,15285.0,15030.0,15285.0,15271.384765625,79785,0.0,0.0
2021-10-22 00:00:00+01:00,15360.0,15575.0,15240.0,15445.0,15431.2421875,82350,0.0,0.0
2021-10-25 00:00:00+01:00,15460.0,15560.0,15310.0,15465.0,15451.224609375,92416,0.0,0.0
2021-10-26 00:00:00+01:00,15460.0,15667.6796875,15425.0,15475.0,15461.2138671875,115969,0.0,0.0
2021-10-27 00:00:00+01:00,15455.0,15630.0,15415.0,15490.0,15476.201171875,52348,0.0,0.0
2021-10-28 00:00:00+01:00,15460.0,15580.0,15370.0,15580.0,15566.12109375,52070,0.0,0.0
2021-10-29 00:00:00+01:00,15600.0,15620.0,15345.0,15605.0,15591.0986328125,105467,0.0,0.0
2021-11-01 00:00:00+00:00,15660.0,15770.0,15355.0,15715.0,15701.001953125,65762,0.0,0.0
2021-11-02 00:00:00+00:00,15720.0,15995.0,15665.0,15935.0,15920.8056640625,53508,0.0,0.0
2021-11-03 00:00:00+00:00,15820.0,16115.0,15740.5478515625,16050.0,16035.7001953125,62915,0.0,0.0
2021-11-04 00:00:00+00:00,16160.0,16520.0,16045.0,16485.0,16470.314453125,65087,0.0,0.0
2021-11-05 00:00:00+00:00,16480.0,16630.0,16275.0,16275.0,16260.5009765625,54772,0.0,0.0
2021-11-08 00:00:00+00:00,16240.0,16455.0,16127.900390625,16430.0,16415.3671875,66537,0.0,0.0
2021-11-09 00:00:00+00:00,16455.0,16490.0,16310.0,16350.0,16335.435546875,64453,0.0,0.0
2021-11-10 00:00:00+00:00,16325.0,16381.669921875,16098.330078125,16275.0,16260.5009765625,88025,0.0,0.0
2021-11-11 00:00:00+00:00,16280.0,16995.0,16244.400390625,16995.0,16979.861328125,171106,0.0,0.0
2021-11-12 00:00:00+00:00,16995.0,17050.0,16660.0,17045.0,17029.81640625,101976,0.0,0.0
2021-11-15 00:00:00+00:00,16995.0,17225.0,16895.0,17135.0,17119.736328125,102009,0.0,0.0
2021-11-16 00:00:00+00:00,17105.0,17110.0,16725.0,17005.0,16989.8515625,98957,0.0,0.0
2021-11-17 00:00:00+00:00,16460.0,16497.890625,15870.0,16165.0,16150.599609375,155009,0.0,0.0
2021-11-18 00:00:00+00:00,16190.0,16425.0,16170.0,16310.0,16295.470703125,70237,0.0,0.0
2021-11-19 00:00:00+00:00,16380.0,16680.0,16325.0,16565.0,16550.2421875,82028,0.0,0.0
2021-11-22 00:00:00+00:00,16560.0,16640.0,16375.0,16445.0,16430.34765625,72524,0.0,0.0
2021-11-23 00:00:00+00:00,16365.0,16455.0,15805.0,15845.0,15830.8857421875,102148,0.0,0.0
2021-11-24 00:00:00+00:00,15895.0,16035.0,15610.0,15730.0,15715.9873046875,153274,0.0,0.0
2021-11-25 00:00:00+00:00,15750.0,15890.0,15710.0,15790.0,15775.9345703125,55729,0.0,0.0
2021-11-26 00:00:00+00:00,15450.0,15890.0,15420.0,15710.0,15696.0068359375,153160,0.0,0.0
2021-11-29 00:00:00+00:00,15865.0,16172.400390625,15455.0,15840.0,15825.8896484375,124448,0.0,0.0
2021-11-30 00:00:00+00:00,15685.0,15920.0,15450.0,15630.0,15616.0771484375,326229,0.0,0.0
2021-12-01 00:00:00+00:00,15675.0,15860.0,15465.0,15860.0,15845.87109375,92484,0.0,0.0
2021-12-02 00:00:00+00:00,15735.0,15775.0,15495.0,15680.0,15666.03125,76131,0.0,0.0
2021-12-03 00:00:00+00:00,15795.0,16010.0,15675.0,15685.0,15671.029296875,49275,0.0,0.0
2021-12-06 00:00:00+00:00,15800.0,15885.0,15620.0,15655.0,15641.0546875,50919,0.0,0.0
2021-12-07 00:00:00+00:00,15780.0,16165.0,15750.0,16090.0,16075.666015625,108785,0.0,0.0
2021-12-08 00:00:00+00:00,16115.0,16415.0,15910.0,16015.0,16000.734375,118147,0.0,0.0
2021-12-09 00:00:00+00:00,16110.0,16300.0,16090.0,16090.0,16075.666015625,181392,0.0,0.0
2021-12-10 00:00:00+00:00,16050.0,16180.0,16010.0,16070.0,16055.685546875,41394,0.0,0.0
2021-12-13 00:00:00+00:00,16130.0,16390.0,16050.0,16050.0,16035.7001953125,149317,0.0,0.0
2021-12-14 00:00:00+00:00,16155.0,16155.0,15445.0,15445.0,15431.2421875,102406,0.0,0.0
2021-12-15 00:00:00+00:00,15675.0,15730.2001953125,15420.0,15675.0,15661.037109375,274572,0.0,0.0
2021-12-16 00:00:00+00:00,15935.0,16000.0,15510.0,15700.0,15686.0146484375,267387,0.0,0.0
2021-12-17 00:00:00+00:00,15620.0,15700.0,15360.0,15380.0,15366.298828125,256434,0.0,0.0
2021-12-20 00:00:00+00:00,15125.0,15485.0,15045.0,15485.0,15471.2060546875,54256,0.0,0.0
2021-12-21 00:00:00+00:00,15675.0,15675.0,15440.0,15480.0,15466.2099609375,56698,0.0,0.0
2021-12-22 00:00:00+00:00,15515.0,15700.0,15405.0,15700.0,15686.0146484375,60894,0.0,0.0
2021-12-23 00:00:00+00:00,15760.0,15915.0,15595.0,15775.0,15760.947265625,86896,0.0,0.0
2021-12-24 00:00:00+00:00,15790.0,15915.0,15610.0,15705.0,15691.009765625,11388,0.0,0.0
2021-12-29 00:00:00+00:00,15930.0,16390.0,15885.0,16255.0,16240.5185546875,87903,0.0,0.0
2021-12-30 00:00:00+00:00,16245.0,16326.0380859375,16080.0,16165.0,16150.599609375,35335,0.0,0.0
2021-12-31 00:00:00+00:00,15970.0,16110.0,15965.0,16050.0,16035.7001953125,31541,0.0,0.0
2022-01-04 00:00:00+00:00,16275.0,16345.0,15945.0,15995.0,15980.7509765625,165516,0.0,0.0
2022-01-05 00:00:00+00:00,15965.0,16175.0,15940.0,16095.0,16080.6630859375,54525,0.0,0.0
2022-01-06 00:00:00+00:00,15875.0,15880.0,15390.0,15535.0,15521.162109375,85777,0.0,0.0
2022-01-07 00:00:00+00:00,15500.0,15640.0,15198.8896484375,15210.0,15196.451171875,86623,0.0,0.0
2022-01-10 00:00:00+00:00,15265.0,15280.0,14182.580078125,14215.0,14202.3369140625,131405,0.0,0.0
2022-01-11 00:00:00+00:00,14475.0,14500.0,14270.0,14320.0,14307.244140625,174764,0.0,0.0
2022-01-12 00:00:00+00:00,14490.0,14685.0,14290.0,14495.0,14482.0869140625,76741,0.0,0.0
2022-01-13 00:00:00+00:00,14425.0,14450.0,13900.0,13900.0,13887.6171875,147079,0.0,0.0
2022-01-14 00:00:00+00:00,13830.0,13945.0,13430.0,13430.0,13418.0361328125,168664,0.0,0.0
2022-01-17 00:00:00+00:00,13460.0,13780.0,13315.0,13510.0,13497.9658203125,154994,0.0,0.0
2022-01-18 00:00:00+00:00,13565.0,13565.0,13075.0,13185.0,13173.2548828125,176899,0.0,0.0
2022-01-19 00:00:00+00:00,13035.0,13405.0,12945.0,13230.0,13218.21484375,217164,0.0,0.0
2022-01-20 00:00:00+00:00,13330.0,13465.0,12985.0,13325.0,13313.130859375,102278,0.0,0.0
2022-01-21 00:00:00+00:00,13085.0,13180.0,12905.0,13040.0,13028.3818359375,182493,0.0,0.0
2022-01-24 00:00:00+00:00,12985.0,13110.0,12630.0,12690.0,12678.6953125,622200,0.0,0.0
2022-01-25 00:00:00+00:00,12110.0,12815.0,12055.0,12700.0,12688.685546875,155042,0.0,0.0
2022-01-26 00:00:00+00:00,12805.0,13060.0,12735.0,12895.0,12883.51171875,277053,0.0,0.0
2022-01-27 00:00:00+00:00,12590.0,12800.0,12495.0,12785.0,12773.611328125,97706,0.0,0.0
2022-01-28 00:00:00+00:00,12720.0,12865.0,12665.0,12790.0,12778.6064453125,251048,0.0,0.0
2022-01-31 00:00:00+00:00,12900.0,13280.0,12900.0,13255.0,13243.19140625,188994,0.0,0.0
2022-02-01 00:00:00+00:00,13320.0,13480.0,13195.0,13290.0,13278.162109375,126029,0.0,0.0
2022-02-02 00:00:00+00:00,13355.0,13759.25,13355.0,13550.0,13537.9296875,171169,0.0,0.0
2022-02-03 00:00:00+00:00,13385.0,13565.0,13150.0,13235.0,13223.2099609375,142438,0.0,0.0
2022-02-04 00:00:00+00:00,13215.0,13390.0,12930.0,13045.0,13033.37890625,139886,0.0,0.0
2022-02-07 00:00:00+00:00,13090.0,13255.0,12695.0,12755.0,12743.6376953125,180267,0.0,0.0
2022-02-08 00:00:00+00:00,12845.0,12904.48046875,12500.0,12615.0,12603.76171875,109139,0.0,0.0
2022-02-09 00:00:00+00:00,12730.0,12900.0,12640.0,12810.0,12798.5888671875,97437,0.0,0.0
2022-02-10 00:00:00+00:00,12925.0,12925.0,12490.0,12675.0,12663.708984375,86053,0.0,0.0
2022-02-11 00:00:00+00:00,12450.0,12512.900390625,12115.0,12195.0,12184.138671875,121309,0.0,0.0
2022-02-14 00:00:00+00:00,11920.0,12090.0,11775.0,11980.0,11969.3271484375,98308,0.0,0.0
2022-02-15 00:00:00+00:00,11980.0,12285.0,11980.0,12185.0,12174.1455078125,91699,0.0,0.0
2022-02-16 00:00:00+00:00,12205.0,12230.0,11909.6220703125,12010.0,11999.3017578125,188379,0.0,0.0
2022-02-17 00:00:00+00:00,12045.0,12115.0,11825.0,11880.0,11869.41796875,194403,0.0,0.0
2022-02-18 00:00:00+00:00,11870.0,11870.0,11660.0,11690.0,11679.587890625,220849,0.0,0.0
2022-02-21 00:00:00+00:00,11725.0,11801.2001953125,11243.9853515625,11445.0,11434.8037109375,99759,0.0,0.0
2022-02-22 00:00:00+00:00,11260.0,11725.0,11185.0,11555.0,11544.70703125,110645,0.0,0.0
2022-02-23 00:00:00+00:00,11520.0,11690.0,11400.0,11400.0,11389.845703125,138876,0.0,0.0
2022-02-24 00:00:00+00:00,11045.0,11400.0,10880.0,11380.0,11369.86328125,238924,0.0,0.0
2022-02-25 00:00:00+00:00,11565.0,11730.0,11400.0,11730.0,11719.55078125,180147,0.0,0.0
2022-02-28 00:00:00+00:00,11570.0,11950.0,11535.0,11945.0,11934.359375,159166,0.0,0.0
2022-03-01 00:00:00+00:00,11870.0,11885.0,11620.0,11685.0,11674.58984375,115893,0.0,0.0
2022-03-02 00:00:00+00:00,11615.0,12105.0,11615.0,12015.0,12004.296875,124924,0.0,0.0
2022-03-03 00:00:00+00:00,11990.0,12195.0,11630.0,11635.0,11624.634765625,119641,0.0,0.0
2022-03-04 00:00:00+00:00,11485.0,11705.0,11110.0,11125.0,11115.0888671875,292771,0.0,0.0
2022-03-07 00:00:00+00:00,10815.0,11430.0,10785.0,11360.0,11349.880859375,182593,0.0,0.0
2022-03-08 00:00:00+00:00,11225.0,11430.0,10960.0,10985.0,10975.21484375,137474,0.0,0.0
2022-03-09 00:00:00+00:00,11240.0,11390.0,11035.0,11325.0,11314.9111328125,141649,0.0,0.0
2022-03-10 00:00:00+00:00,11000.0,11975.0,11000.0,11825.0,11814.4658203125,210870,0.0,0.0
2022-03-11 00:00:00+00:00,11600.0,12150.0,11565.0,11995.0,11984.3154296875,235448,0.0,0.0
2022-03-14 00:00:00+00:00,12090.0,12455.0,11920.0,12355.0,12343.994140625,190435,0.0,0.0
2022-03-15 00:00:00+00:00,12260.0,12365.0,12120.0,12145.0,12134.1826171875,192246,0.0,0.0
2022-03-16 00:00:00+00:00,12305.0,12650.0,12160.0,12525.0,12513.8427734375,214053,0.0,0.0
2022-03-17 00:00:00+00:00,12575.0,12890.0,12575.0,12870.0,12858.53515625,153808,0.0,0.0
2022-03-18 00:00:00+00:00,12935.0,13105.0,12755.0,13070.0,13058.3564453125,448194,0.0,0.0
2022-03-21 00:00:00+00:00,13015.0,13025.0,12605.0,12695.0,12683.6923828125,161341,0.0,0.0
2022-03-22 00:00:00+00:00,12615.0,12755.0,12490.0,12650.0,12638.7314453125,99785,0.0,0.0
2022-03-23 00:00:00+00:00,12710.0,12835.0,12470.0,12515.0,12503.8505859375,137483,0.0,0.0
2022-03-24 00:00:00+00:00,12460.0,12565.0,12300.0,12325.0,12314.01953125,77674,0.0,0.0
2022-03-25 00:00:00+00:00,12370.0,12535.0,12255.0,12260.0,12249.0791015625,90516,0.0,0.0
2022-03-28 00:00:00+01:00,12320.0,12355.0,12085.0,12205.0,12194.1259765625,132924,0.0,0.0
2022-03-29 00:00:00+01:00,12255.0,12790.0,12190.0,12630.0,12618.748046875,187293,0.0,0.0
2022-03-30 00:00:00+01:00,12595.0,12615.0,12285.0,12475.0,12463.88671875,263060,0.0,0.0
2022-03-31 00:00:00+01:00,12650.0,12750.0,12470.0,12535.0,12523.83203125,184739,0.0,0.0
2022-04-01 00:00:00+01:00,12525.0,12709.1904296875,12475.0,12700.0,12688.685546875,125806,0.0,0.0
2022-04-04 00:00:00+01:00,12745.0,12795.0,12598.3798828125,12720.0,12708.669921875,82573,0.0,0.0
2022-04-05 00:00:00+01:00,12735.0,13015.0,12695.0,12830.0,12818.572265625,284375,0.0,0.0
2022-04-06 00:00:00+01:00,12795.0,13095.0,12780.0,12855.0,12843.5478515625,236021,0.0,0.0
2022-04-07 00:00:00+01:00,12895.0,13010.0,12790.0,12995.0,12983.42578125,190925,0.0,0.0
2022-04-08 00:00:00+01:00,13140.0,13140.0,12480.0,12710.0,12698.6767578125,132841,0.0,0.0
2022-04-11 00:00:00+01:00,12555.0,12650.0,12375.0,12415.0,12403.9404296875,125169,0.0,0.0
2022-04-12 00:00:00+01:00,12345.0,12510.0,12285.0,12410.0,12398.9453125,113740,0.0,0.0
2022-04-13 00:00:00+01:00,12485.0,12519.58984375,12345.0,12490.0,12478.873046875,109908,0.0,0.0
2022-04-14 00:00:00+01:00,12510.0,12700.0,12349.0,12610.0,12598.7666015625,165478,0.0,0.0
2022-04-19 00:00:00+01:00,12555.0,12610.0,12315.0,12465.0,12453.896484375,162017,0.0,0.0
2022-04-20 00:00:00+01:00,12635.0,12665.0,12425.0,12615.0,12603.76171875,280167,0.0,0.0
2022-04-21 00:00:00+01:00,12555.0,12890.0,12470.0,12720.0,12709.65234375,103104,97.5,0.0
2022-04-22 00:00:00+01:00,12625.0,12675.0,12375.0,12385.0,12374.9248046875,140900,0.0,0.0
2022-04-25 00:00:00+01:00,12245.0,12385.0,12045.0,12265.0,12255.021484375,103997,0.0,0.0
2022-04-26 00:00:00+01:00,12365.0,12365.0,11905.0,11935.0,11925.291015625,220838,0.0,0.0
2022-04-27 00:00:00+01:00,11985.0,12020.0,11762.7001953125,11820.0,11810.3837890625,158975,0.0,0.0
2022-04-28 00:00:00+01:00,11875.0,12190.0,11815.0,12160.0,12150.107421875,158459,0.0,0.0
2022-04-29 00:00:00+01:00,12185.0,12365.0,12075.0,12150.0,12140.1142578125,110175,0.0,0.0
2022-05-03 00:00:00+01:00,12025.0,12115.0,11535.0,11720.0,11710.4658203125,181779,0.0,0.0
2022-05-04 00:00:00+01:00,11705.0,11750.0,11450.0,11560.0,11550.5947265625,150979,0.0,0.0
2022-05-05 00:00:00+01:00,11770.0,11890.0,11490.0,11550.0,11540.6025390625,170738,0.0,0.0
2022-05-06 00:00:00+01:00,11475.0,11715.0,11270.0,11325.0,11315.7861328125,156462,0.0,0.0
2022-05-09 00:00:00+01:00,11200.0,11315.0,10850.0,10855.0,10846.1689453125,84168,0.0,0.0
2022-05-10 00:00:00+01:00,10850.0,11195.0,10790.0,10845.0,10836.1767578125,127029,0.0,0.0
2022-05-11 00:00:00+01:00,11105.0,11105.0,10675.0,10930.0,10921.107421875,181924,0.0,0.0
2022-05-12 00:00:00+01:00,10735.0,10900.0,10565.0,10830.0,10821.189453125,125248,0.0,0.0
2022-05-13 00:00:00+01:00,10895.0,11200.0,10845.0,11185.0,11175.9013671875,80895,0.0,0.0
2022-05-16 00:00:00+01:00,11185.0,11185.0,10885.0,10915.0,10906.1201171875,155889,0.0,0.0
2022-05-17 00:00:00+01:00,10960.0,11040.0,10805.0,10955.0,10946.0869140625,272718,0.0,0.0
2022-05-18 00:00:00+01:00,11030.0,11170.1689453125,10470.0,10470.0,10461.4833984375,397044,0.0,0.0
2022-05-19 00:00:00+01:00,10350.0,10395.0,10045.0,10230.0,10221.677734375,325847,0.0,0.0
2022-05-20 00:00:00+01:00,10305.0,10550.0,10230.0,10395.0,10386.54296875,299473,0.0,0.0
2022-05-23 00:00:00+01:00,10495.0,10582.3603515625,10305.0,10465.0,10456.4853515625,222131,0.0,0.0
2022-05-24 00:00:00+01:00,10395.0,10620.0,10320.0,10320.0,10311.6044921875,233850,0.0,0.0
2022-05-25 00:00:00+01:00,10375.0,10440.0,10180.0,10320.0,10311.6044921875,257832,0.0,0.0
2022-05-26 00:00:00+01:00,10320.0,10375.0,10235.0,10340.0,10331.5869140625,59211,0.0,0.0
2022-05-27 00:00:00+01:00,10360.0,10675.0,10345.0,10565.0,10556.40625,183431,0.0,0.0
2022-05-30 00:00:00+01:00,10680.0,10870.0,10620.0,10770.0,10761.23828125,601564,0.0,0.0
2022-05-31 00:00:00+01:00,10765.0,10802.3603515625,10540.0,10565.0,10556.40625,300247,0.0,0.0
2022-06-01 00:00:00+01:00,10635.0,10650.0,10415.0,10480.0,10471.4736328125,92588,0.0,0.0
2022-06-06 00:00:00+01:00,10635.0,10739.83203125,10590.0,10695.0,10686.298828125,148606,0.0,0.0
2022-06-07 00:00:00+01:00,10640.0,10705.0,10455.0,10600.0,10591.3759765625,84255,0.0,0.0
2022-06-08 00:00:00+01:00,10645.0,10645.0,10395.0,10420.0,10411.5224609375,136907,0.0,0.0
2022-06-09 00:00:00+01:00,10300.0,10450.0,10200.0,10200.0,10191.7021484375,118970,0.0,0.0
2022-06-10 00:00:00+01:00,10100.0,10159.6474609375,9814.611328125,9840.0,9831.9951171875,151274,0.0,0.0
2022-06-13 00:00:00+01:00,9682.0,9808.0,9470.0,9552.0,9544.228515625,137550,0.0,0.0
2022-06-14 00:00:00+01:00,9646.0,9670.0,9282.0,9284.0,9276.4462890625,218265,0.0,0.0
2022-06-15 00:00:00+01:00,9086.0,9780.8876953125,9086.0,9496.0,9488.2744140625,391759,0.0,0.0
2022-06-16 00:00:00+01:00,9422.0,9456.0,9048.0,9168.0,9160.5419921875,179632,0.0,0.0
2022-06-17 00:00:00+01:00,9218.0,9376.0,9130.0,9130.0,9122.5712890625,392314,0.0,0.0
2022-06-20 00:00:00+01:00,9130.0,9356.0,9108.0,9280.0,9272.4501953125,218597,0.0,0.0
2022-06-21 00:00:00+01:00,9370.0,9370.0,9140.0,9200.0,9192.515625,159176,0.0,0.0
2022-06-22 00:00:00+01:00,9098.0,9456.0,9008.0,9346.0,9338.3974609375,218526,0.0,0.0
2022-06-23 00:00:00+01:00,9288.0,9330.0,9118.0,9186.0,9178.5263671875,188007,0.0,0.0
2022-06-24 00:00:00+01:00,9306.0,9712.0,9292.0,9700.0,9692.1083984375,117638,0.0,0.0
2022-06-27 00:00:00+01:00,9714.0,9916.0,9680.0,9772.0,9764.0498046875,96382,0.0,0.0
2022-06-28 00:00:00+01:00,9816.0,9872.0,9600.0,9700.0,9692.1083984375,253220,0.0,0.0
2022-06-29 00:00:00+01:00,9622.0,9766.0,9560.0,9718.0,9710.0927734375,99269,0.0,0.0
2022-06-30 00:00:00+01:00,9578.0,9924.0,9572.0,9878.0,9869.962890625,216743,0.0,0.0
2022-07-01 00:00:00+01:00,9872.0,10100.0,9774.0,10055.0,10046.8212890625,195780,0.0,0.0
2022-07-04 00:00:00+01:00,10080.0,10370.0,9996.0,10130.0,10121.759765625,125960,0.0,0.0
2022-07-05 00:00:00+01:00,10185.0,10415.0,10100.0,10320.0,10311.6044921875,212935,0.0,0.0
2022-07-06 00:00:00+01:00,10435.0,10705.0,10375.0,10615.0,10606.36328125,169139,0.0,0.0
2022-07-07 00:00:00+01:00,10625.0,10795.0,10595.0,10710.0,10701.287109375,205252,0.0,0.0
2022-07-08 00:00:00+01:00,10735.0,10825.0,10475.0,10725.0,10716.2744140625,83844,0.0,0.0
2022-07-11 00:00:00+01:00,10595.0,10735.0,10555.0,10695.0,10686.298828125,202094,0.0,0.0
2022-07-12 00:00:00+01:00,10600.0,10755.0,10475.0,10695.0,10686.298828125,97505,0.0,0.0
2022-07-13 00:00:00+01:00,10660.0,10745.0,10425.0,10580.0,10571.3916015625,104675,0.0,0.0
2022-07-14 00:00:00+01:00,10540.0,10610.0,10425.0,10515.0,10506.4443359375,105948,0.0,0.0
2022-07-15 00:00:00+01:00,10455.0,10790.0,10400.0,10775.0,10766.2333984375,97145,0.0,0.0
2022-07-18 00:00:00+01:00,10845.0,10915.0,10670.0,10785.0,10776.224609375,75917,0.0,0.0
2022-07-19 00:00:00+01:00,10705.0,10865.0,10515.0,10815.0,10806.201171875,93038,0.0,0.0
2022-07-20 00:00:00+01:00,10940.0,10985.0,10800.0,10895.0,10886.13671875,71553,0.0,0.0
2022-07-21 00:00:00+01:00,10955.0,11345.0,10935.0,11330.0,11320.7841796875,91504,0.0,0.0
2022-07-22 00:00:00+01:00,11320.0,11505.0,11245.0,11335.0,11325.7783203125,89946,0.0,0.0
2022-07-25 00:00:00+01:00,11315.0,11360.0,11205.0,11330.0,11320.7841796875,651178,0.0,0.0
2022-07-26 00:00:00+01:00,11335.0,11390.0,11095.0,11125.0,11115.9482421875,338662,0.0,0.0
2022-07-27 00:00:00+01:00,11155.0,11270.0,11045.0,11165.0,11155.916015625,192257,0.0,0.0
2022-07-28 00:00:00+01:00,11205.0,11600.0,11205.0,11600.0,11590.5625,99807,0.0,0.0
2022-07-29 00:00:00+01:00,11675.0,12045.0,11665.0,11935.0,11925.291015625,170379,0.0,0.0
2022-08-01 00:00:00+01:00,11955.0,12017.5380859375,11820.0,11975.0,11965.2578125,84050,0.0,0.0
2022-08-02 00:00:00+01:00,11910.0,11973.603515625,11660.0,11725.0,11715.4609375,91994,0.0,0.0
2022-08-03 00:00:00+01:00,11705.0,11730.0,11545.0,11695.0,11685.4853515625,442667,0.0,0.0
2022-08-04 00:00:00+01:00,11790.0,11930.0,11727.671875,11930.0,11920.2958984375,95125,0.0,0.0
2022-08-05 00:00:00+01:00,11940.0,12009.5,11430.0,11430.0,11420.701171875,103649,0.0,0.0
2022-08-08 00:00:00+01:00,11505.0,11695.0,11450.0,11645.0,11635.525390625,101499,0.0,0.0
2022-08-09 00:00:00+01:00,11680.0,11700.0,11400.0,11485.0,11475.65625,75321,0.0,0.0
2022-08-10 00:00:00+01:00,11460.0,12000.0,11325.0,12000.0,11990.23828125,276659,0.0,0.0
2022-08-11 00:00:00+01:00,12145.0,12440.0,11270.0,11655.0,11645.517578125,305479,0.0,0.0
2022-08-12 00:00:00+01:00,11785.0,11785.0,11440.0,11470.0,11460.6689453125,113049,0.0,0.0
2022-08-15 00:00:00+01:00,11590.0,11620.2158203125,11455.0,11505.0,11495.6396484375,113220,0.0,0.0
2022-08-16 00:00:00+01:00,11555.0,11555.0,11215.0,11270.0,11260.83203125,119385,0.0,0.0
2022-08-17 00:00:00+01:00,11330.0,11330.0,11020.0,11140.0,11130.9375,87652,0.0,0.0
2022-08-18 00:00:00+01:00,11115.0,11345.0,11070.0,11345.0,11335.7705078125,75160,0.0,0.0
2022-08-19 00:00:00+01:00,11180.0,11330.0,11090.0,11185.0,11175.9013671875,208098,0.0,0.0
2022-08-22 00:00:00+01:00,11190.0,11190.0,10785.0,10785.0,10776.224609375,198521,0.0,0.0
2022-08-23 00:00:00+01:00,10620.0,10745.0,10530.0,10590.0,10581.384765625,92511,0.0,0.0
2022-08-24 00:00:00+01:00,10555.0,10840.0,10425.0,10790.0,10781.2216796875,118049,0.0,0.0
2022-08-25 00:00:00+01:00,10845.0,10955.0,10780.0,10860.0,10851.1640625,102821,0.0,0.0
2022-08-26 00:00:00+01:00,10890.0,10955.0,10620.0,10620.0,10611.359375,75095,0.0,0.0
2022-08-30 00:00:00+01:00,10580.0,10745.0,10540.0,10650.0,10641.333984375,143941,0.0,0.0
2022-08-31 00:00:00+01:00,10820.0,10845.0,10535.0,10535.0,10526.4287109375,230743,0.0,0.0
2022-09-01 00:00:00+01:00,10450.0,10455.0,10105.0,10140.0,10131.75,145939,0.0,0.0
2022-09-02 00:00:00+01:00,10275.0,10580.0,10150.0,10545.0,10536.419921875,91032,0.0,0.0
2022-09-05 00:00:00+01:00,10350.0,10385.0,10115.0,10275.0,10266.6416015625,66489,0.0,0.0
2022-09-06 00:00:00+01:00,10235.0,10465.0,10230.0,10420.0,10411.5224609375,126897,0.0,0.0
2022-09-07 00:00:00+01:00,10350.0,10485.0,10280.0,10440.0,10431.5068359375,72684,0.0,0.0
2022-09-08 00:00:00+01:00,10495.0,10700.0,10435.0,10635.0,10626.34765625,108621,0.0,0.0
2022-09-09 00:00:00+01:00,10680.0,10915.0,10680.0,10865.0,10856.16015625,119006,0.0,0.0
2022-09-12 00:00:00+01:00,10875.0,11060.0,10860.0,11060.0,11051.001953125,147250,0.0,0.0
2022-09-13 00:00:00+01:00,10965.0,11215.0,10785.0,10810.0,10801.205078125,113791,0.0,0.0
2022-09-14 00:00:00+01:00,10710.0,10770.0,10575.0,10600.0,10591.3759765625,584472,0.0,0.0
2022-09-15 00:00:00+01:00,10605.0,10710.0,10375.0,10380.0,10371.5546875,83151,0.0,0.0
2022-09-16 00:00:00+01:00,10250.0,10300.0,10070.0,10070.0,10061.806640625,304574,0.0,0.0
2022-09-20 00:00:00+01:00,10075.0,10195.0,9962.0,10065.0,10056.8115234375,114506,0.0,0.0
2022-09-21 00:00:00+01:00,9928.0,10400.0,9928.0,10360.0,10351.5703125,688640,0.0,0.0
2022-09-22 00:00:00+01:00,10210.0,10360.0,9872.0,9872.0,9863.9697265625,138273,0.0,0.0
2022-09-23 00:00:00+01:00,9722.0,9988.0,9448.0,9806.0,9798.0234375,150726,0.0,0.0
2022-09-26 00:00:00+01:00,9800.0,10130.0,9800.0,10105.0,10096.779296875,222720,0.0,0.0
2022-09-27 00:00:00+01:00,10170.0,10300.0,10080.0,10130.0,10121.759765625,191177,0.0,0.0
2022-09-28 00:00:00+01:00,10120.0,10390.0,9996.0,10385.0,10376.55078125,215262,0.0,0.0
2022-09-29 00:00:00+01:00,10285.0,10355.0,10135.0,10260.0,10251.6533203125,179670,0.0,0.0
2022-09-30 00:00:00+01:00,10275.0,10405.0,10070.0,10400.0,10391.537109375,149051,0.0,0.0
2022-10-03 00:00:00+01:00,10175.0,10450.0,9998.0,10420.0,10411.5224609375,110027,0.0,0.0
2022-10-04 00:00:00+01:00,10480.0,10935.0,10390.0,10830.0,10821.189453125,222660,0.0,0.0
2022-10-05 00:00:00+01:00,10775.0,10955.0,10700.0,10735.0,10726.265625,106171,0.0,0.0
2022-10-06 00:00:00+01:00,10850.0,10935.0,10760.0,10860.0,10851.1640625,227877,0.0,0.0
2022-10-07 00:00:00+01:00,10795.0,10855.0,10555.0,10565.0,10556.40625,210875,0.0,0.0
2022-10-10 00:00:00+01:00,10470.0,10740.0,10440.0,10615.0,10606.36328125,315644,0.0,0.0
2022-10-11 00:00:00+01:00,10585.0,10765.0,10405.0,10455.0,10446.494140625,181284,0.0,0.0
2022-10-12 00:00:00+01:00,10400.0,10720.0,10400.0,10410.0,10401.5302734375,137161,0.0,0.0
2022-10-13 00:00:00+01:00,10330.0,10340.0,9750.0,10280.0,10272.0556640625,212172,42.5,0.0
2022-10-14 00:00:00+01:00,10455.0,10720.0,10380.0,10390.0,10381.9697265625,155961,0.0,0.0
2022-10-17 00:00:00+01:00,10430.0,10595.0,10130.0,10565.0,10556.8369140625,147502,0.0,0.0
2022-10-18 00:00:00+01:00,10650.0,10950.0,10650.0,10835.0,10826.626953125,107308,0.0,0.0
2022-10-19 00:00:00+01:00,10825.0,10860.0,10530.0,10600.0,10591.80859375,111584,0.0,0.0
2022-10-20 00:00:00+01:00,10550.0,10670.0,10375.0,10555.0,10546.8408203125,101159,0.0,0.0
2022-10-21 00:00:00+01:00,10455.0,10455.0,10125.0,10300.0,10292.041015625,158415,0.0,0.0
2022-10-24 00:00:00+01:00,10500.0,10725.0,10370.0,10595.0,10586.8115234375,89958,0.0,0.0
2022-10-25 00:00:00+01:00,10650.0,10945.0,10520.0,10945.0,10936.54296875,106531,0.0,0.0
2022-10-26 00:00:00+01:00,10970.0,11155.0,10864.2236328125,11155.0,11146.3798828125,250626,0.0,0.0
2022-10-27 00:00:00+01:00,11095.0,11130.0,10890.0,11055.0,11046.45703125,114746,0.0,0.0
2022-10-28 00:00:00+01:00,10885.0,10945.0,10750.0,10900.0,10891.5751953125,108953,0.0,0.0
2022-10-31 00:00:00+00:00,10960.0,10960.0,10690.0,10750.0,10741.693359375,114973,0.0,0.0
2022-11-01 00:00:00+00:00,10805.0,11045.0,10795.0,10885.0,10876.587890625,98948,0.0,0.0
2022-11-02 00:00:00+00:00,10895.0,10960.0,10800.0,10815.0,10806.642578125,260116,0.0,0.0
2022-11-03 00:00:00+00:00,10675.0,10680.0,10430.0,10545.0,10536.8505859375,164928,0.0,0.0
2022-11-04 00:00:00+00:00,10595.0,10900.0,10580.0,10805.0,10796.650390625,218819,0.0,0.0
2022-11-07 00:00:00+00:00,10795.0,10930.0,10695.0,10930.0,10921.5537109375,106459,0.0,0.0
2022-11-08 00:00:00+00:00,10865.0,11255.0,10810.0,11255.0,11246.302734375,137362,0.0,0.0
2022-11-09 00:00:00+00:00,11210.0,11285.0,11149.27734375,11280.0,11271.283203125,62374,0.0,0.0
2022-11-10 00:00:00+00:00,11205.0,11925.0,11010.0,11880.0,11870.8203125,120385,0.0,0.0
2022-11-11 00:00:00+00:00,11860.0,11985.0,11650.0,11865.0,11855.8310546875,125822,0.0,0.0
2022-11-14 00:00:00+00:00,11915.0,11976.25,11750.0,11885.0,11875.8154296875,92886,0.0,0.0
2022-11-15 00:00:00+00:00,11955.0,12010.0,11670.0,11760.0,11750.9130859375,127664,0.0,0.0
2022-11-16 00:00:00+00:00,11775.0,11930.0,11590.0,11600.0,11591.0361328125,305268,0.0,0.0
2022-11-17 00:00:00+00:00,11765.0,11765.0,11000.0,11250.0,11241.306640625,165741,0.0,0.0
2022-11-18 00:00:00+00:00,11285.0,11470.0,11090.0,11400.0,11391.19140625,258913,0.0,0.0
2022-11-21 00:00:00+00:00,11400.0,11475.0,11161.6669921875,11375.0,11366.2099609375,164917,0.0,0.0
2022-11-22 00:00:00+00:00,11285.0,11350.0,11140.0,11345.0,11336.2333984375,82248,0.0,0.0
2022-11-23 00:00:00+00:00,11395.0,11535.0,11220.0,11480.0,11471.1298828125,86553,0.0,0.0
2022-11-24 00:00:00+00:00,11540.0,11570.0,11325.0,11360.0,11351.22265625,66218,0.0,0.0
2022-11-25 00:00:00+00:00,11310.0,11450.0,11245.0,11405.0,11396.1865234375,76879,0.0,0.0
2022-11-28 00:00:00+00:00,11295.0,11450.0,11265.0,11325.0,11316.248046875,69008,0.0,0.0
2022-11-29 00:00:00+00:00,11500.0,11615.0,11180.0,11210.0,11201.3369140625,269409,0.0,0.0
2022-11-30 00:00:00+00:00,11280.0,11435.0,11175.0,11205.0,11196.3408203125,301575,0.0,0.0
2022-12-01 00:00:00+00:00,11435.0,11530.0,11340.0,11380.0,11371.2060546875,104258,0.0,0.0
2022-12-02 00:00:00+00:00,11415.0,11560.0,11275.0,11480.0,11471.1298828125,87739,0.0,0.0
2022-12-05 00:00:00+00:00,11430.0,11465.0,11320.0,11340.0,11331.236328125,130965,0.0,0.0
2022-12-06 00:00:00+00:00,11325.0,11395.0,11105.0,11105.0,11096.41796875,83845,0.0,0.0
2022-12-07 00:00:00+00:00,11060.0,11170.0,10930.0,10930.0,10921.5537109375,177347,0.0,0.0
2022-12-08 00:00:00+00:00,10900.0,10955.0,10790.0,10830.0,10821.630859375,191997,0.0,0.0
2022-12-09 00:00:00+00:00,10895.0,11040.0,10830.0,10995.0,10986.501953125,326299,0.0,0.0
2022-12-12 00:00:00+00:00,10990.0,11080.0,10900.0,11045.0,11036.46484375,123120,0.0,0.0
2022-12-13 00:00:00+00:00,11125.0,11525.0,10970.0,11370.0,11361.2138671875,122976,0.0,0.0
2022-12-14 00:00:00+00:00,11425.0,11425.0,11230.0,11395.0,11386.1943359375,85716,0.0,0.0
2022-12-15 00:00:00+00:00,11310.0,11350.0,11150.0,11170.0,11161.3681640625,103744,0.0,0.0
2022-12-16 00:00:00+00:00,11135.0,11140.0,10820.0,10855.0,10846.6123046875,338944,0.0,0.0
2022-12-19 00:00:00+00:00,10895.0,10905.0,10735.0,10735.0,10726.703125,98646,0.0,0.0
2022-12-20 00:00:00+00:00,10600.0,10750.0,10580.0,10685.0,10676.7431640625,326415,0.0,0.0
2022-12-21 00:00:00+00:00,10740.0,10830.0,10600.0,10750.0,10741.693359375,138556,0.0,0.0
2022-12-22 00:00:00+00:00,10800.0,10855.0,10520.0,10545.0,10536.8505859375,115852,0.0,0.0
2022-12-23 00:00:00+00:00,10645.0,10750.0,10535.0,10680.0,10671.7470703125,44840,0.0,0.0
2022-12-28 00:00:00+00:00,10810.0,10870.0,10760.0,10760.0,10751.685546875,58062,0.0,0.0
2022-12-29 00:00:00+00:00,10750.0,10770.0,10585.0,10760.0,10751.685546875,69351,0.0,0.0
2022-12-30 00:00:00+00:00,10705.0,10770.0,10615.0,10615.0,10606.796875,29514,0.0,0.0
2023-01-03 00:00:00+00:00,10655.0,10855.0,10615.0,10715.0,10706.7197265625,61886,0.0,0.0
2023-01-04 00:00:00+00:00,10815.0,10945.0,10745.0,10825.0,10816.634765625,109897,0.0,0.0
2023-01-05 00:00:00+00:00,10780.0,10865.0,10680.0,10710.0,10701.7236328125,72090,0.0,0.0
2023-01-06 00:00:00+00:00,10680.0,10850.0,10520.0,10835.0,10826.626953125,92595,0.0,0.0
2023-01-09 00:00:00+00:00,10865.0,11040.0,10860.0,11040.0,11031.4697265625,82739,0.0,0.0
2023-01-10 00:00:00+00:00,11025.0,11145.0,10895.0,11075.0,11066.44140625,480366,0.0,0.0
2023-01-11 00:00:00+00:00,11110.0,11505.0,11100.0,11360.0,11351.22265625,129303,0.0,0.0
2023-01-12 00:00:00+00:00,11380.0,11485.0,11195.0,11410.0,11401.181640625,86035,0.0,0.0
2023-01-13 00:00:00+00:00,11465.0,11560.0,11435.0,11450.0,11441.15234375,57938,0.0,0.0
2023-01-16 00:00:00+00:00,11480.0,11760.0,11455.0,11760.0,11750.9130859375,134489,0.0,0.0
2023-01-17 00:00:00+00:00,11695.0,11860.0,11665.0,11720.0,11710.9443359375,192821,0.0,0.0
2023-01-18 00:00:00+00:00,11725.0,11930.0,11725.0,11735.0,11725.931640625,157928,0.0,0.0
2023-01-19 00:00:00+00:00,11775.0,11775.0,11415.0,11415.0,11406.1787109375,92022,0.0,0.0
2023-01-20 00:00:00+00:00,11390.0,11509.775390625,11345.0,11430.0,11421.16796875,109229,0.0,0.0
2023-01-23 00:00:00+00:00,11455.0,11595.0,11440.0,11595.0,11586.0400390625,377366,0.0,0.0
2023-01-24 00:00:00+00:00,11625.0,11680.0,11505.0,11570.0,11561.0595703125,62816,0.0,0.0
2023-01-25 00:00:00+00:00,11565.0,11570.0,11310.0,11310.0,11301.2607421875,198032,0.0,0.0
2023-01-26 00:00:00+00:00,11370.0,11615.0,11325.0,11510.0,11501.1064453125,194751,0.0,0.0
2023-01-27 00:00:00+00:00,11565.0,11565.0,11405.0,11525.0,11516.09375,126624,0.0,0.0
2023-01-30 00:00:00+00:00,11500.0,11555.0,11415.0,11555.0,11546.0712890625,153501,0.0,0.0
2023-01-31 00:00:00+00:00,11525.0,11590.0,11420.0,11530.0,11521.08984375,163520,0.0,0.0
2023-02-01 00:00:00+00:00,11525.0,11745.0,11525.0,11565.0,11556.0625,178811,0.0,0.0
2023-02-02 00:00:00+00:00,11690.0,12225.0,11685.0,12215.0,12205.5595703125,177550,0.0,0.0
2023-02-03 00:00:00+00:00,12160.0,12350.0,12035.0,12350.0,12340.4560546875,281609,0.0,0.0
2023-02-06 00:00:00+00:00,12160.0,12270.0,12055.0,12055.0,12045.6845703125,110355,0.0,0.0
2023-02-07 00:00:00+00:00,12035.0,12155.0,11940.0,11990.0,11980.7353515625,189319,0.0,0.0
2023-02-08 00:00:00+00:00,12055.0,12125.0,11875.0,11875.0,11865.82421875,122364,0.0,0.0
2023-02-09 00:00:00+00:00,11945.0,12025.0,11870.0,11880.0,11870.8203125,109744,0.0,0.0
2023-02-10 00:00:00+00:00,11830.0,11930.0,11495.0,11620.0,11611.01953125,319328,0.0,0.0
2023-02-13 00:00:00+00:00,11670.0,12025.0,11660.0,11995.0,11985.7314453125,182109,0.0,0.0
2023-02-14 00:00:00+00:00,12015.0,12155.0,11859.30859375,11910.0,11900.7958984375,282401,0.0,0.0
2023-02-15 00:00:00+00:00,11900.0,12160.0,11820.0,12115.0,12105.638671875,95252,0.0,0.0
2023-02-16 00:00:00+00:00,12210.0,12227.4248046875,12000.0,12115.0,12105.638671875,58832,0.0,0.0
2023-02-17 00:00:00+00:00,11995.0,12100.0,11835.0,12045.0,12035.69140625,169639,0.0,0.0
2023-02-20 00:00:00+00:00,12090.0,12135.0,11995.0,12055.0,12045.6845703125,95401,0.0,0.0
2023-02-21 00:00:00+00:00,12015.0,12070.0,11860.0,11885.0,11875.8154296875,501845,0.0,0.0
2023-02-22 00:00:00+00:00,11845.0,11935.0,11700.0,11850.0,11840.8427734375,68349,0.0,0.0
2023-02-23 00:00:00+00:00,11915.0,11975.0,11835.0,11915.0,11905.79296875,371778,0.0,0.0
2023-02-24 00:00:00+00:00,12040.0,12120.0,11880.0,11920.0,11910.787109375,73072,0.0,0.0
2023-02-27 00:00:00+00:00,11995.0,12086.3349609375,11955.0,11955.0,11945.7626953125,50581,0.0,0.0
2023-02-28 00:00:00+00:00,11875.0,11875.0,11610.0,11685.0,11675.96875,132222,0.0,0.0
2023-03-01 00:00:00+00:00,11670.0,11945.0,11670.0,11810.0,11800.873046875,85891,0.0,0.0
2023-03-02 00:00:00+00:00,11750.0,11990.0,11715.0,11955.0,11945.7626953125,86742,0.0,0.0
2023-03-03 00:00:00+00:00,12000.0,12055.0,11925.0,11925.0,11915.78515625,119515,0.0,0.0
2023-03-06 00:00:00+00:00,11990.0,11990.0,11793.2197265625,11915.0,11905.79296875,56657,0.0,0.0
2023-03-07 00:00:00+00:00,11925.0,12025.0,11810.0,11905.0,11895.80078125,87297,0.0,0.0
2023-03-08 00:00:00+00:00,11870.0,14042.2099609375,11742.8857421875,11870.0,11860.8271484375,291869,0.0,0.0
2023-03-09 00:00:00+00:00,11370.0,11561.6748046875,11130.0,11270.0,11261.2919921875,374430,0.0,0.0
2023-03-10 00:00:00+00:00,11220.0,11410.0,10970.0,11120.0,11111.40625,372083,0.0,0.0
2023-03-13 00:00:00+00:00,11085.0,11085.0,10740.0,10880.0,10871.591796875,277885,0.0,0.0
2023-03-14 00:00:00+00:00,10885.0,11265.0,10880.0,11225.0,11216.326171875,149749,0.0,0.0
2023-03-15 00:00:00+00:00,11300.0,11310.0,10965.0,10965.0,10956.5263671875,241761,0.0,0.0
2023-03-16 00:00:00+00:00,11090.0,11215.0,10875.0,11185.0,11176.357421875,149972,0.0,0.0
2023-03-17 00:00:00+00:00,11205.0,11260.0,11000.0,11100.0,11091.4228515625,439565,0.0,0.0
2023-03-20 00:00:00+00:00,11010.0,11250.0,10975.0,11165.0,11156.37109375,144813,0.0,0.0
2023-03-21 00:00:00+00:00,11270.0,11350.0,11220.0,11275.0,11266.287109375,118427,0.0,0.0
2023-03-22 00:00:00+00:00,11280.0,11330.0,11181.400390625,11260.0,11251.2978515625,124229,0.0,0.0
2023-03-23 00:00:00+00:00,11225.0,11325.0,11180.0,11325.0,11316.248046875,120859,0.0,0.0
2023-03-24 00:00:00+00:00,11250.0,11360.0,11230.0,11300.0,11291.2666015625,135391,0.0,0.0
2023-03-27 00:00:00+01:00,11390.0,11520.0,10945.0,11405.0,11396.1865234375,270407,0.0,0.0
2023-03-28 00:00:00+01:00,11475.0,11485.0,11345.0,11415.0,11406.1787109375,536518,0.0,0.0
2023-03-29 00:00:00+01:00,11450.0,11585.0,11450.0,11545.0,11536.0791015625,169796,0.0,0.0
2023-03-30 00:00:00+01:00,11615.0,11750.0,11575.0,11750.0,11740.919921875,496677,0.0,0.0
2023-03-31 00:00:00+01:00,11770.0,11913.4169921875,11725.0,11855.0,11845.83984375,152530,0.0,0.0
2023-04-03 00:00:00+01:00,11770.0,11815.0,11655.0,11715.0,11705.9462890625,269801,0.0,0.0
2023-04-04 00:00:00+01:00,11750.0,11810.0,11692.759765625,11745.0,11735.9248046875,291694,0.0,0.0
2023-04-05 00:00:00+01:00,11725.0,11725.0,11370.0,11400.0,11391.19140625,144281,0.0,0.0
2023-04-06 00:00:00+01:00,11395.0,11505.0,11327.759765625,11485.0,11476.125,132446,0.0,0.0
2023-04-11 00:00:00+01:00,11210.0,11456.83984375,11145.0,11445.0,11436.154296875,303770,0.0,0.0
2023-04-12 00:00:00+01:00,11440.0,11605.0,11410.0,11510.0,11501.1064453125,120521,0.0,0.0
2023-04-13 00:00:00+01:00,11565.0,11695.0,11549.263671875,11590.0,11581.0419921875,156296,0.0,0.0
2023-04-14 00:00:00+01:00,11610.0,11845.0,11595.0,11640.0,11631.005859375,175843,0.0,0.0
2023-04-17 00:00:00+01:00,11700.0,11745.0,11543.9140625,11600.0,11591.0361328125,149362,0.0,0.0
2023-04-18 00:00:00+01:00,11635.0,11705.0,11585.0,11620.0,11611.01953125,117219,0.0,0.0
2023-04-19 00:00:00+01:00,11560.0,11660.0,11540.0,11590.0,11581.0419921875,77680,0.0,0.0
2023-04-20 00:00:00+01:00,11370.0,11485.0,11300.0,11465.0,11457.2216796875,131981,109.5,0.0
2023-04-21 00:00:00+01:00,11455.0,11590.0,11385.0,11590.0,11582.13671875,202391,0.0,0.0
2023-04-24 00:00:00+01:00,11580.0,11670.0,11580.0,11620.0,11612.1171875,256707,0.0,0.0
2023-04-25 00:00:00+01:00,11580.0,11690.0,11530.0,11530.0,11522.1787109375,119850,0.0,0.0
2023-04-26 00:00:00+01:00,11470.0,11500.0,10895.0,10895.0,10887.609375,429054,0.0,0.0
2023-04-27 00:00:00+01:00,10820.0,11071.8203125,10780.0,11000.0,10992.5380859375,232898,0.0,0.0
2023-04-28 00:00:00+01:00,11090.0,11105.0,10920.0,11090.0,11082.4765625,876534,0.0,0.0
2023-05-02 00:00:00+01:00,11090.0,11200.0,11025.150390625,11170.0,11162.4228515625,236908,0.0,0.0
2023-05-03 00:00:00+01:00,11180.0,11370.0,11165.0,11360.0,11352.294921875,106883,0.0,0.0
2023-05-04 00:00:00+01:00,11200.0,11400.0,11200.0,11350.0,11342.30078125,199461,0.0,0.0
2023-05-05 00:00:00+01:00,11330.0,11445.0,11315.0,11445.0,11437.2353515625,69132,0.0,0.0
2023-05-09 00:00:00+01:00,11380.0,11440.0,11145.0,11145.0,11137.439453125,227156,0.0,0.0
2023-05-10 00:00:00+01:00,10620.0,11245.0,10620.0,11180.0,11172.4150390625,133177,0.0,0.0
2023-05-11 00:00:00+01:00,11185.0,11255.0,11105.0,11115.0,11107.4599609375,129315,0.0,0.0
2023-05-12 00:00:00+01:00,11120.0,11195.0,11035.0,11070.0,11062.4912109375,180586,0.0,0.0
2023-05-15 00:00:00+01:00,11125.0,11190.0,11050.0,11090.0,11082.4765625,260949,0.0,0.0
2023-05-16 00:00:00+01:00,11080.0,11145.0,11050.0,11085.0,11077.4794921875,77255,0.0,0.0
2023-05-17 00:00:00+01:00,11025.0,11105.0,11000.0,11015.0,11007.5283203125,334786,0.0,0.0
2023-05-18 00:00:00+01:00,11025.0,11165.0,11025.0,11130.0,11122.4501953125,246587,0.0,0.0
2023-05-19 00:00:00+01:00,11150.0,11310.0,11145.0,11235.0,11227.37890625,150012,0.0,0.0
2023-05-22 00:00:00+01:00,11290.0,11335.0,11125.0,11280.0,11272.3486328125,71648,0.0,0.0
2023-05-23 00:00:00+01:00,11280.0,11285.0,11090.0,11100.0,11092.470703125,89891,0.0,0.0
2023-05-24 00:00:00+01:00,10900.0,11025.0,10750.0,10845.0,10837.642578125,116720,0.0,0.0
2023-05-25 00:00:00+01:00,10845.0,10970.0,10815.0,10970.0,10962.556640625,114051,0.0,0.0
2023-05-26 00:00:00+01:00,10965.0,11140.0,10865.0,11095.0,11087.4736328125,423660,0.0,0.0
2023-05-30 00:00:00+01:00,11150.0,11205.0,11050.0,11070.0,11062.4912109375,64892,0.0,0.0
2023-05-31 00:00:00+01:00,10960.0,11035.0,10845.0,10925.0,10917.5888671875,342614,0.0,0.0
2023-06-01 00:00:00+01:00,10875.0,10990.0,10835.0,10925.0,10917.5888671875,90981,0.0,0.0
2023-06-02 00:00:00+01:00,10975.0,11252.0595703125,10945.0,11180.0,11172.4150390625,819795,0.0,0.0
2023-06-05 00:00:00+01:00,11280.0,11325.0,11170.0,11215.0,11207.3935546875,64482,0.0,0.0
2023-06-06 00:00:00+01:00,11185.0,11330.0,11185.0,11310.0,11302.3291015625,136502,0.0,0.0
2023-06-07 00:00:00+01:00,11290.0,11290.0,11160.0,11265.0,11257.3583984375,106368,0.0,0.0
2023-06-08 00:00:00+01:00,11205.0,11280.0,11150.0,11210.0,11202.3955078125,90498,0.0,0.0
2023-06-09 00:00:00+01:00,11210.0,11225.0,11115.0,11190.0,11182.4091796875,113776,0.0,0.0
2023-06-12 00:00:00+01:00,11235.0,11340.0,11213.099609375,11260.0,11252.3603515625,77222,0.0,0.0
2023-06-13 00:00:00+01:00,11330.0,11480.0,11330.0,11415.0,11407.2568359375,125274,0.0,0.0
2023-06-14 00:00:00+01:00,11410.0,11440.0,11295.0,11370.0,11362.2861328125,101802,0.0,0.0
2023-06-15 00:00:00+01:00,11340.0,11410.0,11124.3291015625,11255.0,11247.365234375,112441,0.0,0.0
2023-06-16 00:00:00+01:00,11295.0,11340.0,11115.0,11115.0,11107.4599609375,463691,0.0,0.0
2023-06-19 00:00:00+01:00,11095.0,11095.0,10320.0,10360.0,10352.9716796875,293056,0.0,0.0
2023-06-20 00:00:00+01:00,10305.0,10495.0,10213.25,10300.0,10293.013671875,306130,0.0,0.0
2023-06-21 00:00:00+01:00,10265.0,10285.0,10145.0,10195.0,10188.0830078125,147095,0.0,0.0
2023-06-22 00:00:00+01:00,10125.0,10235.0,10090.0,10235.0,10228.0576171875,237158,0.0,0.0
2023-06-23 00:00:00+01:00,10200.0,10260.0,10120.0,10170.0,10163.1005859375,84800,0.0,0.0
2023-06-26 00:00:00+01:00,10155.0,10195.0,10045.0,10130.0,10123.1279296875,138619,0.0,0.0
2023-06-27 00:00:00+01:00,10180.0,10235.9501953125,10045.0,10085.0,10078.1591796875,66516,0.0,0.0
2023-06-28 00:00:00+01:00,10150.0,10327.0595703125,10125.0,10275.0,10268.0302734375,110762,0.0,0.0
2023-06-29 00:00:00+01:00,10275.0,10280.0,10150.0,10255.0,10248.0439453125,137709,0.0,0.0
2023-06-30 00:00:00+01:00,10300.0,10410.0,10295.0,10365.0,10357.96875,549038,0.0,0.0
2023-07-03 00:00:00+01:00,10355.0,10395.0,10260.0,10340.0,10332.9853515625,409546,0.0,0.0
2023-07-04 00:00:00+01:00,10335.0,10350.0,10260.400390625,10320.0,10313.0,321132,0.0,0.0
2023-07-05 00:00:00+01:00,10260.0,10375.0,10200.0,10290.0,10283.0205078125,167325,0.0,0.0
2023-07-06 00:00:00+01:00,10250.0,10250.0,10060.0,10060.0,10053.17578125,180856,0.0,0.0
2023-07-07 00:00:00+01:00,9994.0,10045.0,9856.0,9974.0,9967.2333984375,110718,0.0,0.0
2023-07-10 00:00:00+01:00,9914.0,10015.0,9854.0,10015.0,10008.2060546875,456334,0.0,0.0
2023-07-11 00:00:00+01:00,9820.0,10075.0,9808.0,9936.0,9929.259765625,178243,0.0,0.0
2023-07-12 00:00:00+01:00,9938.0,10135.0,9828.0,10090.0,10083.15625,106902,0.0,0.0
2023-07-13 00:00:00+01:00,10125.0,10214.5,10090.0,10140.0,10133.12109375,146396,0.0,0.0
2023-07-14 00:00:00+01:00,10300.0,10515.0,10245.0,10455.0,10447.908203125,134330,0.0,0.0
2023-07-17 00:00:00+01:00,10460.0,10685.0,10365.400390625,10675.0,10667.7578125,193506,0.0,0.0
2023-07-18 00:00:00+01:00,10680.0,10840.0,10680.0,10755.0,10747.7041015625,139952,0.0,0.0
2023-07-19 00:00:00+01:00,10890.0,11075.0,10885.0,11010.0,11002.5302734375,300598,0.0,0.0
2023-07-20 00:00:00+01:00,10940.0,11067.05859375,10915.0,10955.0,10947.5673828125,171594,0.0,0.0
2023-07-21 00:00:00+01:00,10940.0,11085.0,10820.0,11045.0,11037.5078125,101062,0.0,0.0
2023-07-24 00:00:00+01:00,10985.0,11075.0,10865.0,10865.0,10857.6298828125,166370,0.0,0.0
2023-07-25 00:00:00+01:00,10840.0,10945.0,10820.0,10920.0,10912.5927734375,311428,0.0,0.0
2023-07-26 00:00:00+01:00,10880.0,10925.0,10815.0,10910.0,10902.599609375,299409,0.0,0.0
2023-07-27 00:00:00+01:00,11055.0,11150.0,10940.0,11080.0,11072.4833984375,382431,0.0,0.0
2023-07-28 00:00:00+01:00,11060.0,11125.0,10940.0,11110.0,11102.4638671875,87380,0.0,0.0
2023-07-31 00:00:00+01:00,11095.0,11160.0,10995.0,11125.0,11117.453125,130490,0.0,0.0
2023-08-01 00:00:00+01:00,11105.0,11170.0,11030.0,11130.0,11122.4501953125,150356,0.0,0.0
2023-08-02 00:00:00+01:00,11035.0,11065.0,10925.0,11010.0,11002.5302734375,102539,0.0,0.0
2023-08-03 00:00:00+01:00,10910.0,11130.0,10850.0,11050.0,11042.50390625,440302,0.0,0.0
2023-08-04 00:00:00+01:00,11015.0,11075.0,10810.0,10925.0,10917.5888671875,69399,0.0,0.0
2023-08-07 00:00:00+01:00,10870.0,10885.0,10760.0,10870.0,10862.626953125,69947,0.0,0.0
2023-08-08 00:00:00+01:00,10835.0,10945.0,10770.0,10785.0,10777.68359375,151356,0.0,0.0
2023-08-09 00:00:00+01:00,10900.0,10945.0,10820.0,10835.0,10827.650390625,236172,0.0,0.0
2023-08-10 00:00:00+01:00,10300.0,10580.0,10014.08203125,10580.0,10572.822265625,360331,0.0,0.0
2023-08-11 00:00:00+01:00,10295.0,10540.0,10250.0,10470.0,10462.8984375,421292,0.0,0.0
2023-08-14 00:00:00+01:00,10445.0,10470.0,10300.0,10345.0,10337.9814453125,189223,0.0,0.0
2023-08-15 00:00:00+01:00,10295.0,10365.0,10125.0,10160.0,10153.1083984375,126579,0.0,0.0
2023-08-16 00:00:00+01:00,10130.0,10292.2900390625,10125.0,10280.0,10273.0263671875,197316,0.0,0.0
2023-08-17 00:00:00+01:00,10175.0,10280.0,10005.0,10020.0,10013.203125,124653,0.0,0.0
2023-08-18 00:00:00+01:00,9976.0,10005.0,9864.0,9906.0,9899.279296875,140157,0.0,0.0
2023-08-21 00:00:00+01:00,9870.0,9930.0,9780.0,9812.0,9805.3427734375,248460,0.0,0.0
2023-08-22 00:00:00+01:00,9826.0,9852.0,9700.0,9734.0,9727.3974609375,153291,0.0,0.0
2023-08-23 00:00:00+01:00,9782.0,9782.0,9692.0,9702.0,9695.4169921875,822798,0.0,0.0
2023-08-24 00:00:00+01:00,9782.0,9810.0,9712.0,9742.0,9735.390625,360524,0.0,0.0
2023-08-25 00:00:00+01:00,9720.0,9818.0,9684.0,9714.0,9707.4111328125,365325,0.0,0.0
2023-08-29 00:00:00+01:00,9932.0,9966.0,9794.0,9966.0,9959.23828125,715449,0.0,0.0
2023-08-30 00:00:00+01:00,9986.0,10080.0,9910.0,10065.0,10058.1728515625,400976,0.0,0.0
2023-08-31 00:00:00+01:00,10095.0,10205.0,10090.0,10135.0,10128.125,373723,0.0,0.0
2023-09-01 00:00:00+01:00,10140.0,10161.900390625,9974.0,9992.0,9985.2216796875,483013,0.0,0.0
2023-09-04 00:00:00+01:00,10010.0,10110.0,9970.0,10015.0,10008.2060546875,457001,0.0,0.0
2023-09-05 00:00:00+01:00,9932.0,9966.0,9852.0,9902.0,9895.283203125,148293,0.0,0.0
2023-09-06 00:00:00+01:00,9820.0,9948.0,9708.0,9910.0,9903.2783203125,190273,0.0,0.0
2023-09-07 00:00:00+01:00,9872.0,9938.0,9816.0,9882.0,9875.2958984375,309464,0.0,0.0
2023-09-08 00:00:00+01:00,9940.0,10065.0,9842.6796875,9984.0,9977.2265625,103781,0.0,0.0
2023-09-11 00:00:00+01:00,9968.0,10020.0,9818.0,9876.0,9869.30078125,182812,0.0,0.0
2023-09-12 00:00:00+01:00,9938.0,10065.0,9782.0,9800.0,9793.3525390625,79003,0.0,0.0
2023-09-13 00:00:00+01:00,9738.0,9768.0,9686.0,9710.0,9703.4140625,131323,0.0,0.0
2023-09-14 00:00:00+01:00,9710.0,9876.0,9614.0,9836.0,9829.3271484375,133013,0.0,0.0
2023-09-15 00:00:00+01:00,9894.0,9986.0,9872.0,9914.0,9907.275390625,263804,0.0,0.0
2023-09-18 00:00:00+01:00,9918.0,9946.0,9796.0,9824.0,9817.3359375,210157,0.0,0.0
2023-09-19 00:00:00+01:00,9782.0,9794.0,9642.0,9662.0,9655.4443359375,161935,0.0,0.0
2023-09-20 00:00:00+01:00,9674.0,9810.0,9658.0,9784.0,9777.36328125,614501,0.0,0.0
2023-09-21 00:00:00+01:00,9688.0,9804.0,9584.0,9590.0,9583.494140625,292659,0.0,0.0
2023-09-22 00:00:00+01:00,9530.0,9596.0,9492.0,9596.0,9589.4912109375,489611,0.0,0.0
2023-09-25 00:00:00+01:00,9596.0,9614.0,9366.0,9474.0,9467.5732421875,147210,0.0,0.0
2023-09-26 00:00:00+01:00,9410.0,9448.0,9202.0,9242.0,9235.73046875,262193,0.0,0.0
2023-09-27 00:00:00+01:00,9254.0,9372.0,9254.0,9296.0,9289.6953125,160816,0.0,0.0
2023-09-28 00:00:00+01:00,9300.0,9418.0,9166.0,9418.0,9411.611328125,190519,0.0,0.0
2023-09-29 00:00:00+01:00,9500.0,9652.0,9484.0,9526.0,9519.5390625,191646,0.0,0.0
2023-10-02 00:00:00+01:00,9526.0,9554.0,9304.0,9346.0,9339.66015625,115770,0.0,0.0
2023-10-03 00:00:00+01:00,9310.0,9366.0,9252.0,9284.0,9277.701171875,85468,0.0,0.0
2023-10-04 00:00:00+01:00,9132.0,9346.0,9132.0,9254.0,9247.72265625,115306,0.0,0.0
2023-10-05 00:00:00+01:00,9274.0,9414.0,9274.0,9292.0,9285.697265625,139616,0.0,0.0
2023-10-06 00:00:00+01:00,9382.0,9464.0,9294.0,9464.0,9457.5791015625,141795,0.0,0.0
2023-10-09 00:00:00+01:00,9290.0,9446.0,9070.0,9070.0,9063.8466796875,193768,0.0,0.0
2023-10-10 00:00:00+01:00,9126.0,9146.0,8832.0,8888.0,8881.9716796875,417748,0.0,0.0
2023-10-11 00:00:00+01:00,8834.0,9022.0,8790.0,8940.0,8933.9345703125,271999,0.0,0.0
2023-10-12 00:00:00+01:00,8948.0,9052.0,8894.0,8894.0,8888.423828125,283695,46.0,0.0
2023-10-13 00:00:00+01:00,8800.0,8800.0,8464.0,8478.0,8472.6845703125,353441,0.0,0.0
2023-10-16 00:00:00+01:00,8498.0,8550.0,8414.0,8468.0,8462.69140625,360837,0.0,0.0
2023-10-17 00:00:00+01:00,8454.0,8498.0,8280.0,8398.0,8392.7353515625,226754,0.0,0.0
2023-10-18 00:00:00+01:00,8346.0,8372.0,8176.0,8188.0,8182.86669921875,458184,0.0,0.0
2023-10-19 00:00:00+01:00,8162.0,8449.046875,8132.0,8384.0,8378.7451171875,273148,0.0,0.0
2023-10-20 00:00:00+01:00,8300.0,8308.0,8106.0,8174.0,8168.8759765625,222575,0.0,0.0
2023-10-23 00:00:00+01:00,8192.0,8262.0,8088.0,8262.0,8256.8203125,93398,0.0,0.0
2023-10-24 00:00:00+01:00,8256.0,8274.0,8100.0,8100.0,8094.921875,107926,0.0,0.0
2023-10-25 00:00:00+01:00,8100.0,8138.0,7946.0,8058.0,8052.9482421875,169560,0.0,0.0
2023-10-26 00:00:00+01:00,7954.0,8096.0,7900.0,8086.0,8080.93017578125,129646,0.0,0.0
2023-10-27 00:00:00+01:00,8086.0,8142.0,8016.0,8140.0,8134.896484375,164259,0.0,0.0
2023-10-30 00:00:00+00:00,8196.0,8222.0,8066.0,8104.0,8098.9189453125,567157,0.0,0.0
2023-10-31 00:00:00+00:00,8146.0,8258.0,8124.0,8192.0,8186.86376953125,202117,0.0,0.0
2023-11-01 00:00:00+00:00,8218.0,8218.0,8068.0,8176.0,8170.87353515625,215453,0.0,0.0
2023-11-02 00:00:00+00:00,8252.0,8480.0,8238.0,8346.0,8340.7666015625,205066,0.0,0.0
2023-11-03 00:00:00+00:00,8362.0,8520.0,8310.0,8476.0,8470.685546875,178606,0.0,0.0
2023-11-06 00:00:00+00:00,8472.0,8522.0,8368.0,8386.0,8380.7412109375,94212,0.0,0.0
2023-11-07 00:00:00+00:00,8342.0,8448.0,8330.0,8378.0,8372.748046875,130597,0.0,0.0
2023-11-08 00:00:00+00:00,8334.0,8448.0,8314.0,8424.0,8418.7197265625,241149,0.0,0.0
2023-11-09 00:00:00+00:00,8398.0,8760.0,8398.0,8760.0,8754.5068359375,152122,0.0,0.0
2023-11-10 00:00:00+00:00,8606.0,8642.0,8468.0,8536.0,8530.6484375,184025,0.0,0.0
2023-11-13 00:00:00+00:00,8570.0,8592.0,8452.0,8542.0,8536.64453125,126110,0.0,0.0
2023-11-14 00:00:00+00:00,8586.0,8908.0,8532.0,8828.0,8822.46484375,249146,0.0,0.0
2023-11-15 00:00:00+00:00,8934.0,9176.0,8868.0,8938.0,8932.396484375,245793,0.0,0.0
2023-11-16 00:00:00+00:00,8742.0,9168.0,8570.0,8798.0,8792.484375,415511,0.0,0.0
2023-11-17 00:00:00+00:00,8790.0,9004.0,8776.0,8940.0,8934.39453125,160492,0.0,0.0
2023-11-20 00:00:00+00:00,9016.0,9200.0,8934.0,9190.0,9184.2373046875,217656,0.0,0.0
2023-11-21 00:00:00+00:00,9170.0,9232.0,9125.5,9128.0,9122.2783203125,172647,0.0,0.0
2023-11-22 00:00:00+00:00,9108.0,9190.0,9034.0,9098.0,9092.296875,116219,0.0,0.0
2023-11-23 00:00:00+00:00,9086.0,9160.0,9062.0,9138.0,9132.271484375,83871,0.0,0.0
2023-11-24 00:00:00+00:00,9130.0,9218.0,9070.0,9192.0,9186.2373046875,83873,0.0,0.0
2023-11-27 00:00:00+00:00,9170.0,9296.0,9162.0,9202.0,9196.23046875,94514,0.0,0.0
2023-11-28 00:00:00+00:00,9162.0,9250.0,9056.0,9154.0,9148.2607421875,199990,0.0,0.0
2023-11-29 00:00:00+00:00,9156.0,9250.0,9134.0,9176.0,9170.2470703125,112213,0.0,0.0
2023-11-30 00:00:00+00:00,9176.0,9298.0,9080.0,9248.0,9242.2021484375,386459,0.0,0.0
2023-12-01 00:00:00+00:00,9220.0,9278.0,9166.0,9278.0,9272.1826171875,131995,0.0,0.0
2023-12-04 00:00:00+00:00,9250.0,9350.0,9174.0,9224.0,9218.216796875,148730,0.0,0.0
2023-12-05 00:00:00+00:00,9168.0,9276.0,9156.0,9262.0,9256.193359375,152326,0.0,0.0
2023-12-06 00:00:00+00:00,9202.0,9484.0,9196.0,9446.0,9440.0791015625,132606,0.0,0.0
2023-12-07 00:00:00+00:00,9388.0,9432.0,9324.0,9392.0,9386.11328125,163782,0.0,0.0
2023-12-08 00:00:00+00:00,9410.0,9562.0,9334.0,9478.0,9472.0576171875,102474,0.0,0.0
2023-12-11 00:00:00+00:00,9480.0,9606.0,9432.0,9606.0,9599.9775390625,95343,0.0,0.0
2023-12-12 00:00:00+00:00,9698.0,9712.0,9520.0,9522.0,9516.0302734375,135705,0.0,0.0
2023-12-13 00:00:00+00:00,9568.0,9593.0,9480.0,9484.0,9478.0546875,86330,0.0,0.0
2023-12-14 00:00:00+00:00,9682.0,10075.0,9640.0,10035.0,10028.708984375,197912,0.0,0.0
2023-12-15 00:00:00+00:00,10080.0,10305.0,9936.0,10300.0,10293.54296875,464657,0.0,0.0
2023-12-18 00:00:00+00:00,10180.0,10365.0,10050.0,10110.0,10103.662109375,154874,0.0,0.0
2023-12-19 00:00:00+00:00,10130.0,10370.0,10130.0,10340.0,10333.5166015625,478442,0.0,0.0
2023-12-20 00:00:00+00:00,10450.0,10545.0,10275.0,10475.0,10468.431640625,859200,0.0,0.0
2023-12-21 00:00:00+00:00,10420.0,10545.0,10385.0,10495.0,10488.419921875,87743,0.0,0.0
2023-12-22 00:00:00+00:00,10420.0,10460.0,10330.0,10365.0,10358.5009765625,25025,0.0,0.0
2023-12-27 00:00:00+00:00,10430.0,10570.0,10300.0,10535.0,10528.3955078125,82112,0.0,0.0
2023-12-28 00:00:00+00:00,10600.0,10630.0,10465.0,10510.0,10503.4111328125,69087,0.0,0.0
2023-12-29 00:00:00+00:00,10530.0,10585.0,10500.0,10505.0,10498.4140625,41873,0.0,0.0
2024-01-02 00:00:00+00:00,10560.0,10560.0,10145.0,10215.0,10208.5966796875,245365,0.0,0.0
2024-01-03 00:00:00+00:00,10085.0,10155.0,9824.0,9846.0,9839.828125,133666,0.0,0.0
2024-01-04 00:00:00+00:00,9802.0,9922.0,9698.0,9856.0,9849.8212890625,103179,0.0,0.0
2024-01-05 00:00:00+00:00,9892.0,9892.0,9636.0,9800.0,9793.8564453125,97091,0.0,0.0
2024-01-08 00:00:00+00:00,9804.0,9940.0,9708.0,9886.0,9879.8037109375,68897,0.0,0.0
2024-01-09 00:00:00+00:00,9956.0,9956.0,9806.0,9920.0,9913.7802734375,180701,0.0,0.0
2024-01-10 00:00:00+00:00,9930.0,9996.0,9884.0,9996.0,9989.732421875,81222,0.0,0.0
2024-01-11 00:00:00+00:00,9826.0,10067.650390625,9740.0,9740.0,9733.8935546875,181281,0.0,0.0
2024-01-12 00:00:00+00:00,9830.0,10055.0,9797.982421875,9996.0,9989.732421875,168822,0.0,0.0
2024-01-15 00:00:00+00:00,9930.0,9994.0,9804.0,9830.0,9823.837890625,79136,0.0,0.0
2024-01-16 00:00:00+00:00,9774.0,9914.0,9702.0,9914.0,9907.78515625,248080,0.0,0.0
2024-01-17 00:00:00+00:00,9672.0,9850.0,9630.0,9740.0,9733.8935546875,197234,0.0,0.0
2024-01-18 00:00:00+00:00,9754.0,9794.0,9680.0,9696.0,9689.921875,184321,0.0,0.0
2024-01-19 00:00:00+00:00,9764.0,9836.0,9616.0,9624.0,9617.9658203125,98549,0.0,0.0
2024-01-22 00:00:00+00:00,9764.0,9844.0,9646.0,9724.0,9717.904296875,110975,0.0,0.0
2024-01-23 00:00:00+00:00,10000.0,10040.0,9748.0,9748.0,9741.888671875,125351,0.0,0.0
2024-01-24 00:00:00+00:00,9764.0,9896.0,9680.0,9680.0,9673.931640625,128789,0.0,0.0
2024-01-25 00:00:00+00:00,9636.0,9672.0,9586.0,9622.0,9615.966796875,326640,0.0,0.0
2024-01-26 00:00:00+00:00,9684.0,10005.0,9658.0,9970.0,9963.75,429184,0.0,0.0
2024-01-29 00:00:00+00:00,9948.0,10000.0,9830.0,9942.0,9935.765625,143332,0.0,0.0
2024-01-30 00:00:00+00:00,10015.0,10060.0,9920.0,9988.0,9981.73828125,148677,0.0,0.0
2024-01-31 00:00:00+00:00,10095.0,10115.0,9966.0,10005.0,9998.7275390625,182922,0.0,0.0
2024-02-01 00:00:00+00:00,9952.0,10100.0,9912.0,10045.0,10038.7021484375,126376,0.0,0.0
2024-02-02 00:00:00+00:00,10095.0,10190.0,9950.0,9950.0,9943.76171875,95630,0.0,0.0
2024-02-05 00:00:00+00:00,9894.0,9940.0,9712.0,9766.0,9759.87890625,204732,0.0,0.0
2024-02-06 00:00:00+00:00,9792.0,9908.0,9754.0,9892.0,9885.7978515625,79522,0.0,0.0
2024-02-07 00:00:00+00:00,9850.0,9988.0,9850.0,9976.0,9969.7451171875,91591,0.0,0.0
2024-02-08 00:00:00+00:00,9918.0,10175.0,9918.0,10095.0,10088.671875,109767,0.0,0.0
2024-02-09 00:00:00+00:00,10120.0,10190.0,10110.0,10155.0,10148.6328125,85747,0.0,0.0
2024-02-12 00:00:00+00:00,10255.0,10345.0,10135.0,10160.0,10153.630859375,110034,0.0,0.0
2024-02-13 00:00:00+00:00,10105.0,10146.1708984375,9780.0,9996.0,9989.732421875,115663,0.0,0.0
2024-02-14 00:00:00+00:00,9946.0,10170.0,9946.0,10160.0,10153.630859375,111816,0.0,0.0
2024-02-15 00:00:00+00:00,10335.0,10395.0,10225.0,10235.0,10228.583984375,58152,0.0,0.0
2024-02-16 00:00:00+00:00,10260.0,10455.0,10260.0,10455.0,10448.4453125,105590,0.0,0.0
2024-02-19 00:00:00+00:00,10435.0,10455.0,10300.0,10425.0,10418.4638671875,79061,0.0,0.0
2024-02-20 00:00:00+00:00,10410.0,10542.544921875,10372.5498046875,10395.0,10388.482421875,109809,0.0,0.0
2024-02-21 00:00:00+00:00,10435.0,10465.0,10300.0,10370.0,10363.498046875,91765,0.0,0.0
2024-02-22 00:00:00+00:00,10395.0,10460.0,10295.0,10430.0,10423.4599609375,117104,0.0,0.0
2024-02-23 00:00:00+00:00,10535.0,10535.0,10390.0,10455.0,10448.4453125,68908,0.0,0.0
2024-02-26 00:00:00+00:00,10435.0,10510.0,10335.0,10475.0,10468.431640625,170561,0.0,0.0
2024-02-27 00:00:00+00:00,10510.0,10540.0,10270.0,10400.0,10393.4794921875,103964,0.0,0.0
2024-02-28 00:00:00+00:00,10385.0,10395.0,10145.0,10270.0,10263.5625,491964,0.0,0.0
2024-02-29 00:00:00+00:00,10330.0,10400.0,10255.0,10325.0,10318.5283203125,698606,0.0,0.0
2024-03-01 00:00:00+00:00,10460.0,10460.0,10220.0,10325.0,10318.5283203125,365909,0.0,0.0
2024-03-04 00:00:00+00:00,10325.0,10325.0,10185.0,10260.0,10253.568359375,156152,0.0,0.0
2024-03-05 00:00:00+00:00,10220.0,10365.0,10170.0,10225.0,10218.5888671875,78683,0.0,0.0
2024-03-06 00:00:00+00:00,10235.0,10275.0,10175.0,10270.0,10263.5625,132833,0.0,0.0
2024-03-07 00:00:00+00:00,10575.0,11280.0,10570.0,10660.0,10653.31640625,841410,0.0,0.0
2024-03-08 00:00:00+00:00,10410.0,10680.0,10270.0,10580.0,10573.3662109375,345111,0.0,0.0
2024-03-11 00:00:00+00:00,10515.0,10670.0,10515.0,10605.0,10598.3515625,382520,0.0,0.0
2024-03-12 00:00:00+00:00,10740.0,10790.0,10620.0,10735.0,10728.2685546875,168823,0.0,0.0
2024-03-13 00:00:00+00:00,10750.0,10770.0,10675.0,10705.0,10698.287109375,248814,0.0,0.0
2024-03-14 00:00:00+00:00,10705.0,10730.0,10570.0,10580.0,10573.3662109375,187986,0.0,0.0
2024-03-15 00:00:00+00:00,10520.0,10550.0,10395.0,10525.0,10518.4013671875,337514,0.0,0.0
2024-03-18 00:00:00+00:00,10520.0,10625.0,10434.0009765625,10455.0,10448.4453125,96313,0.0,0.0
2024-03-19 00:00:00+00:00,10400.0,10400.0,10275.0,10355.0,10348.5078125,167131,0.0,0.0
2024-03-20 00:00:00+00:00,10205.0,10375.0,10160.0,10320.0,10313.5302734375,226023,0.0,0.0
2024-03-21 00:00:00+00:00,10485.0,10640.0,10395.0,10595.0,10588.3564453125,123257,0.0,0.0
2024-03-22 00:00:00+00:00,10685.0,10695.0,10575.0,10595.0,10588.3564453125,102644,0.0,0.0
2024-03-25 00:00:00+00:00,10555.0,10595.0,10120.0,10120.0,10113.65625,248523,0.0,0.0
2024-03-26 00:00:00+00:00,10135.0,10315.0,10065.0,10310.0,10303.5361328125,612972,0.0,0.0
2024-03-27 00:00:00+00:00,10310.0,10340.0,9958.0,10100.0,10093.66796875,95456,0.0,0.0
2024-03-28 00:00:00+00:00,10100.0,10135.0,9990.0,10050.0,10043.69921875,195770,0.0,0.0
2024-04-02 00:00:00+01:00,10140.0,10140.0,9855.0,9875.0,9868.8095703125,135958,0.0,0.0
2024-04-03 00:00:00+01:00,9775.0,9815.0,9700.0,9810.0,9803.8486328125,451339,0.0,0.0
2024-04-04 00:00:00+01:00,9810.0,9825.0,9730.0,9780.0,9773.869140625,353585,0.0,0.0
2024-04-05 00:00:00+01:00,9630.0,9690.0,9575.0,9690.0,9683.9248046875,125847,0.0,0.0
2024-04-08 00:00:00+01:00,9680.0,9720.0,9585.259765625,9615.0,9608.9716796875,146176,0.0,0.0
2024-04-09 00:00:00+01:00,9600.0,9670.0,9540.0,9665.0,9658.9404296875,339205,0.0,0.0
2024-04-10 00:00:00+01:00,9740.0,9820.0,9615.0,9685.0,9678.927734375,122497,0.0,0.0
2024-04-11 00:00:00+01:00,9655.0,9830.0,9650.0,9740.0,9733.8935546875,176404,0.0,0.0
2024-04-12 00:00:00+01:00,9765.0,9810.0,9475.0,9505.0,9499.0400390625,134687,0.0,0.0
2024-04-15 00:00:00+01:00,9470.0,9635.0,9435.0,9535.0,9529.021484375,120109,0.0,0.0
2024-04-16 00:00:00+01:00,9420.0,9479.96484375,9310.0,9455.0,9449.0712890625,125533,0.0,0.0
2024-04-17 00:00:00+01:00,9275.0,9475.0,9275.0,9450.0,9444.07421875,98301,0.0,0.0
2024-04-18 00:00:00+01:00,9635.0,9635.0,9180.0,9180.0,9174.2451171875,488972,0.0,0.0
2024-04-19 00:00:00+01:00,9100.0,9215.0,9045.0,9215.0,9209.2216796875,159345,0.0,0.0
2024-04-22 00:00:00+01:00,9315.0,9350.0,9215.0,9215.0,9209.2216796875,121658,0.0,0.0
2024-04-23 00:00:00+01:00,9280.0,9360.0,9190.0,9345.0,9339.1416015625,151521,0.0,0.0
2024-04-24 00:00:00+01:00,9325.0,9365.0,9150.0,9150.0,9144.2626953125,123725,0.0,0.0
2024-04-25 00:00:00+01:00,9020.0,9030.0,8830.0,8850.0,8845.5537109375,175324,114.0,0.0
2024-04-26 00:00:00+01:00,8900.0,8985.0,8880.0,8980.0,8975.4873046875,262041,0.0,0.0
2024-04-29 00:00:00+01:00,9015.0,9025.0,8917.99609375,8945.0,8940.5048828125,168939,0.0,0.0
2024-04-30 00:00:00+01:00,8945.0,8981.9697265625,8780.0,8845.0,8840.5556640625,256234,0.0,0.0
2024-05-01 00:00:00+01:00,8880.0,8965.0,8830.0,8875.0,8870.541015625,299629,0.0,0.0
2024-05-02 00:00:00+01:00,8855.0,8915.0,8730.0,8755.0,8750.6015625,160814,0.0,0.0
2024-05-03 00:00:00+01:00,8805.0,8965.0,8765.0,8785.0,8780.5859375,201944,0.0,0.0
2024-05-07 00:00:00+01:00,8815.0,9114.216796875,8765.0,9020.0,9015.46875,151912,0.0,0.0
2024-05-08 00:00:00+01:00,9040.0,9192.263671875,9030.0,9155.0,9150.400390625,569281,0.0,0.0
2024-05-09 00:00:00+01:00,9165.0,9195.0,9030.0,9085.0,9080.435546875,564337,0.0,0.0
2024-05-10 00:00:00+01:00,9110.0,9395.0,9095.0,9350.0,9345.302734375,281952,0.0,0.0
2024-05-13 00:00:00+01:00,9265.0,9355.376953125,9145.0,9175.0,9170.3896484375,111033,0.0,0.0
2024-05-14 00:00:00+01:00,9165.0,9275.0,9115.0,9260.0,9255.34765625,130295,0.0,0.0
2024-05-15 00:00:00+01:00,9535.0,9850.0,9185.0,9655.0,9650.1494140625,250457,0.0,0.0
2024-05-16 00:00:00+01:00,9655.0,9670.0,9565.0,9580.0,9575.1875,181763,0.0,0.0
2024-05-17 00:00:00+01:00,9520.0,9540.0,9160.0,9275.0,9270.33984375,123406,0.0,0.0
2024-05-20 00:00:00+01:00,9280.0,9365.0,9220.0,9350.0,9345.302734375,93882,0.0,0.0
2024-05-21 00:00:00+01:00,9280.0,9315.0,9140.0,9175.0,9170.3896484375,128600,0.0,0.0
2024-05-22 00:00:00+01:00,9085.0,9225.0,9005.0,9180.0,9175.3876953125,171047,0.0,0.0
2024-05-23 00:00:00+01:00,9175.0,9230.0,9105.0,9130.0,9125.412109375,86624,0.0,0.0
2024-05-24 00:00:00+01:00,9015.0,9205.0,8970.0,9205.0,9200.375,123755,0.0,0.0
2024-05-28 00:00:00+01:00,9250.0,9270.0,9060.0,9060.0,9055.4482421875,153565,0.0,0.0
2024-05-29 00:00:00+01:00,9020.0,9110.0,8950.0,9000.0,8995.4775390625,608318,0.0,0.0
2024-05-30 00:00:00+01:00,8930.0,9098.5791015625,8905.0,9050.0,9045.4521484375,383700,0.0,0.0
2024-05-31 00:00:00+01:00,9050.0,9050.0,8880.0,8910.0,8905.5234375,553083,0.0,0.0
2024-06-03 00:00:00+01:00,9000.0,9050.0,8855.0,8855.0,8850.55078125,520837,0.0,0.0
2024-06-04 00:00:00+01:00,8865.0,8895.0,8805.0,8805.0,8800.576171875,105598,0.0,0.0
2024-06-05 00:00:00+01:00,8840.0,8865.0,8785.0,8840.0,8835.55859375,110531,0.0,0.0
2024-06-06 00:00:00+01:00,8870.0,8955.0,8836.8984375,8870.0,8865.54296875,77575,0.0,0.0
2024-06-07 00:00:00+01:00,8905.0,8905.0,8735.0,8815.0,8810.5703125,81508,0.0,0.0
2024-06-10 00:00:00+01:00,8720.0,8805.0,8670.0,8695.0,8690.630859375,97837,0.0,0.0
2024-06-11 00:00:00+01:00,8720.0,8765.0,8615.0,8615.0,8610.6708984375,453479,0.0,0.0
2024-06-12 00:00:00+01:00,8660.0,8779.5556640625,8565.0,8695.0,8690.630859375,189885,0.0,0.0
2024-06-13 00:00:00+01:00,8680.0,8715.0,8615.0,8675.0,8670.6416015625,136714,0.0,0.0
2024-06-14 00:00:00+01:00,8670.0,8670.0,8452.0,8485.0,8480.736328125,157938,0.0,0.0
2024-06-17 00:00:00+01:00,8550.0,8635.0,8455.0,8495.0,8490.7314453125,165905,0.0,0.0
2024-06-18 00:00:00+01:00,8550.0,8660.0,8525.0,8655.0,8650.650390625,235104,0.0,0.0
2024-06-19 00:00:00+01:00,8630.0,8655.8154296875,8405.0,8405.0,8400.77734375,153243,0.0,0.0
2024-06-20 00:00:00+01:00,8410.0,8565.0,8398.900390625,8565.0,8560.6962890625,142720,0.0,0.0
2024-06-21 00:00:00+01:00,8555.0,8645.0,8485.0,8610.0,8605.673828125,279462,0.0,0.0
2024-06-24 00:00:00+01:00,8635.0,8730.0,8565.0,8730.0,8725.6142578125,115592,0.0,0.0
2024-06-25 00:00:00+01:00,8705.0,8785.0,8585.0,8595.0,8590.6806640625,128978,0.0,0.0
2024-06-26 00:00:00+01:00,8665.0,8748.5732421875,8595.0,8620.0,8615.6689453125,590405,0.0,0.0
2024-06-27 00:00:00+01:00,8630.0,8695.0,8565.0,8565.0,8560.6962890625,122436,0.0,0.0
2024-06-28 00:00:00+01:00,8605.0,8640.0,8455.0,8480.0,8475.7392578125,121185,0.0,0.0
2024-07-01 00:00:00+01:00,8500.0,8625.0,8425.0,8450.0,8445.7548828125,116989,0.0,0.0
2024-07-02 00:00:00+01:00,8330.0,8505.0,8251.5146484375,8455.0,8450.7509765625,112088,0.0,0.0
2024-07-03 00:00:00+01:00,8510.0,8595.0,8485.0,8585.0,8580.685546875,455789,0.0,0.0
2024-07-04 00:00:00+01:00,8590.0,8615.0,8435.0,8435.0,8430.7626953125,72842,0.0,0.0
2024-07-05 00:00:00+01:00,8565.0,8665.0,8455.0,8580.0,8575.6884765625,547526,0.0,0.0
2024-07-08 00:00:00+01:00,8470.0,8610.0,8470.0,8550.0,8545.7041015625,147387,0.0,0.0
2024-07-09 00:00:00+01:00,8585.0,8590.0,8390.0,8445.0,8440.7568359375,283710,0.0,0.0
2024-07-10 00:00:00+01:00,8595.0,8595.0,8470.0,8555.0,8550.701171875,327708,0.0,0.0
2024-07-11 00:00:00+01:00,8555.0,8725.0,8500.0,8705.0,8700.625,130143,0.0,0.0
2024-07-12 00:00:00+01:00,8765.0,8950.0,8675.0,8950.0,8945.5029296875,174350,0.0,0.0
2024-07-15 00:00:00+01:00,8870.0,9005.0,8820.0,8850.0,8845.5537109375,955481,0.0,0.0
2024-07-16 00:00:00+01:00,8850.0,8870.0,8800.0,8815.0,8810.5703125,222344,0.0,0.0
2024-07-17 00:00:00+01:00,8810.0,9015.0,8780.0,8945.0,8940.5048828125,156525,0.0,0.0
2024-07-18 00:00:00+01:00,8980.0,9020.0,8890.0,8965.0,8960.49609375,299125,0.0,0.0
2024-07-19 00:00:00+01:00,8900.0,8900.0,8249.4169921875,8450.0,8445.7548828125,1021720,0.0,0.0
2024-07-22 00:00:00+01:00,8535.0,8690.0,8475.9228515625,8630.0,8625.6640625,531720,0.0,0.0
2024-07-23 00:00:00+01:00,8620.0,8725.0,8492.3046875,8610.0,8605.673828125,433334,0.0,0.0
2024-07-24 00:00:00+01:00,8510.0,8630.0,8475.0,8630.0,8625.6640625,145333,0.0,0.0
2024-07-25 00:00:00+01:00,8460.0,8650.0,8445.0,8640.0,8635.658203125,604654,0.0,0.0
2024-07-26 00:00:00+01:00,8615.0,8790.0,8615.0,8730.0,8725.6142578125,603488,0.0,0.0
2024-07-29 00:00:00+01:00,8800.0,8835.0,8680.0,8685.0,8680.6357421875,61858,0.0,0.0
2024-07-30 00:00:00+01:00,8665.0,8815.0,8620.0,8770.0,8765.59375,98999,0.0,0.0
2024-07-31 00:00:00+01:00,8950.0,9065.0,8895.0,9060.0,9055.4482421875,141607,0.0,0.0
2024-08-01 00:00:00+01:00,9055.0,9075.0,8815.0,8875.0,8870.541015625,157937,0.0,0.0
2024-08-02 00:00:00+01:00,8700.0,8755.0,8465.0,8520.0,8515.71875,607982,0.0,0.0
2024-08-05 00:00:00+01:00,8395.0,8505.0,8270.0,8430.0,8425.7646484375,414493,0.0,0.0
2024-08-06 00:00:00+01:00,8515.0,8530.0,8386.8408203125,8405.0,8400.77734375,173324,0.0,0.0
2024-08-07 00:00:00+01:00,8510.0,8610.0,8460.0,8535.0,8530.7109375,128794,0.0,0.0
2024-08-08 00:00:00+01:00,8195.0,8195.0,7700.0,7900.0,7896.03076171875,1134649,0.0,0.0
2024-08-09 00:00:00+01:00,7825.0,7947.0009765625,7650.0,7660.0,7656.1513671875,170280,0.0,0.0
2024-08-12 00:00:00+01:00,7660.0,7795.0,7640.0,7715.0,7711.1240234375,278985,0.0,0.0
2024-08-13 00:00:00+01:00,7690.0,7719.4501953125,7560.0,7650.0,7646.15673828125,173856,0.0,0.0
2024-08-14 00:00:00+01:00,7695.0,7720.0,7490.0,7565.0,7561.19873046875,145951,0.0,0.0
2024-08-15 00:00:00+01:00,7585.0,7660.0,7430.0,7580.0,7576.19189453125,271409,0.0,0.0
2024-08-16 00:00:00+01:00,7615.0,7650.0,7486.2158203125,7570.0,7566.19677734375,149386,0.0,0.0
2024-08-19 00:00:00+01:00,7535.0,7605.0,7450.0,7495.0,7491.234375,93342,0.0,0.0
2024-08-20 00:00:00+01:00,7440.0,7505.0,7305.0,7355.0,7351.30419921875,128326,0.0,0.0
2024-08-21 00:00:00+01:00,7330.0,7385.0,7300.0,7335.0,7331.314453125,183941,0.0,0.0
2024-08-22 00:00:00+01:00,7315.0,7400.0,7280.0,7290.0,7286.33740234375,129879,0.0,0.0
2024-08-23 00:00:00+01:00,7310.0,7360.0,7260.0,7310.0,7306.3271484375,195156,0.0,0.0
2024-08-27 00:00:00+01:00,7230.0,7385.0,7190.0,7340.0,7336.31201171875,179480,0.0,0.0
2024-08-28 00:00:00+01:00,7370.0,7415.0,7335.0,7410.0,7406.27685546875,101501,0.0,0.0
2024-08-29 00:00:00+01:00,7415.0,7700.0,7405.0,7700.0,7696.13134765625,239409,0.0,0.0
2024-08-30 00:00:00+01:00,7685.0,7725.0,7625.0,7695.0,7691.1337890625,261799,0.0,0.0
2024-09-02 00:00:00+01:00,7680.0,7690.0,7550.0,7620.0,7616.17138671875,109948,0.0,0.0
2024-09-03 00:00:00+01:00,7610.0,7695.0,7535.0,7600.0,7596.181640625,309331,0.0,0.0
2024-09-04 00:00:00+01:00,7480.0,7570.0,7450.0,7505.0,7501.22900390625,120542,0.0,0.0
2024-09-05 00:00:00+01:00,7425.0,7540.0,7295.0,7295.0,7291.33447265625,118486,0.0,0.0
2024-09-06 00:00:00+01:00,7285.0,7420.0,7255.0,7325.0,7321.3193359375,145347,0.0,0.0
2024-09-09 00:00:00+01:00,7400.0,7525.0,7320.0,7460.0,7456.25146484375,99030,0.0,0.0
2024-09-10 00:00:00+01:00,7430.0,7510.0,7370.0,7435.0,7431.2646484375,102761,0.0,0.0
2024-09-11 00:00:00+01:00,7470.0,7530.0,7410.0,7435.0,7431.2646484375,124076,0.0,0.0
2024-09-12 00:00:00+01:00,7545.0,7605.0,7470.0,7470.0,7466.2470703125,136903,0.0,0.0
2024-09-13 00:00:00+01:00,7505.0,7535.0,7485.0,7515.0,7511.22412109375,107713,0.0,0.0
2024-09-16 00:00:00+01:00,7470.0,7490.0,7365.0,7365.0,7361.29931640625,60460,0.0,0.0
2024-09-17 00:00:00+01:00,7415.0,7460.0,7355.0,7375.0,7371.29443359375,210789,0.0,0.0
2024-09-18 00:00:00+01:00,7380.0,7385.0,7185.0,7220.0,7216.3720703125,153979,0.0,0.0
2024-09-19 00:00:00+01:00,7310.0,7540.0,7238.85009765625,7520.0,7516.22119140625,305378,0.0,0.0
2024-09-20 00:00:00+01:00,7425.0,7510.0,7160.0,7160.0,7156.40234375,279171,0.0,0.0
2024-09-23 00:00:00+01:00,7100.0,7205.0,7100.0,7170.0,7166.3974609375,67103,0.0,0.0
2024-09-24 00:00:00+01:00,7330.0,7345.0,7125.0,7180.0,7176.392578125,98248,0.0,0.0
2024-09-25 00:00:00+01:00,7110.0,7255.0,7075.0,7210.0,7206.37744140625,115011,0.0,0.0
2024-09-26 00:00:00+01:00,7355.0,7560.0,7345.0,7490.0,7486.23681640625,177442,0.0,0.0
2024-09-27 00:00:00+01:00,7650.0,7660.0,7535.0,7645.0,7641.15869140625,149368,0.0,0.0
2024-09-30 00:00:00+01:00,7600.0,7700.0,7511.5849609375,7515.0,7511.22412109375,127317,0.0,0.0
2024-10-01 00:00:00+01:00,7535.0,7600.0,7410.0,7460.0,7456.25146484375,153125,0.0,0.0
2024-10-02 00:00:00+01:00,7460.0,7535.0,7390.0,7535.0,7531.2138671875,123121,0.0,0.0
2024-10-03 00:00:00+01:00,7520.0,7540.0,7345.0,7370.0,7366.296875,113233,0.0,0.0
2024-10-04 00:00:00+01:00,7340.0,7405.0,7120.0,7120.0,7116.42236328125,179563,0.0,0.0
2024-10-07 00:00:00+01:00,7215.0,7215.0,7040.0,7110.0,7106.427734375,96535,0.0,0.0
2024-10-08 00:00:00+01:00,7040.0,7073.27392578125,6930.0,6945.0,6941.51123046875,111521,0.0,0.0
2024-10-09 00:00:00+01:00,6995.0,7065.0,6985.0,6990.0,6986.48828125,376719,0.0,0.0
2024-10-10 00:00:00+01:00,6940.0,7000.0,6855.0,6910.0,6906.5283203125,169058,0.0,0.0
2024-10-11 00:00:00+01:00,6940.0,6985.0,6855.0,6855.0,6851.55615234375,158224,0.0,0.0
2024-10-14 00:00:00+01:00,6870.0,6975.0,6860.876953125,6925.0,6921.52099609375,197798,0.0,0.0
2024-10-15 00:00:00+01:00,7070.0,7070.0,6665.0,6665.0,6661.6513671875,236691,0.0,0.0
2024-10-16 00:00:00+01:00,6730.0,6770.0,6648.23779296875,6715.0,6711.6259765625,210388,0.0,0.0
2024-10-17 00:00:00+01:00,6785.0,7095.0,6705.0,6800.0,6797.064453125,297513,47.5,0.0
2024-10-18 00:00:00+01:00,6790.0,6878.89990234375,6780.0,6810.0,6807.06005859375,128613,0.0,0.0
2024-10-21 00:00:00+01:00,6820.0,6885.0,6670.0,6680.0,6677.1162109375,106370,0.0,0.0
2024-10-22 00:00:00+01:00,6665.0,6805.0,6665.0,6755.0,6752.083984375,306180,0.0,0.0
2024-10-23 00:00:00+01:00,6705.0,6810.0,6705.0,6770.0,6767.07763671875,149172,0.0,0.0
2024-10-24 00:00:00+01:00,6800.0,6845.0,6675.0,6705.0,6702.10546875,51627,0.0,0.0
2024-10-25 00:00:00+01:00,6710.0,6790.0,6690.0,6770.0,6767.07763671875,175492,0.0,0.0
2024-10-28 00:00:00+00:00,6790.0,6825.0,6737.9931640625,6785.0,6782.0712890625,118776,0.0,0.0
2024-10-29 00:00:00+00:00,6805.0,6805.0,6680.0,6705.0,6702.10546875,208373,0.0,0.0
2024-10-30 00:00:00+00:00,6665.0,6715.0,6535.0,6535.0,6532.1787109375,131259,0.0,0.0
2024-10-31 00:00:00+00:00,6450.0,6545.0,6420.0,6455.0,6452.21337890625,139043,0.0,0.0
2024-11-01 00:00:00+00:00,6500.0,6600.0,6445.0,6565.0,6562.166015625,151474,0.0,0.0
2024-11-04 00:00:00+00:00,6545.0,6630.0,6528.884765625,6550.0,6547.17236328125,65832,0.0,0.0
2024-11-05 00:00:00+00:00,6555.0,6565.0,6420.0,6510.0,6507.189453125,115248,0.0,0.0
2024-11-06 00:00:00+00:00,6550.0,6660.0,6375.0,6375.0,6372.24755859375,276093,0.0,0.0
2024-11-07 00:00:00+00:00,6520.0,6650.0,6465.0,6570.0,6567.16357421875,264576,0.0,0.0
2024-11-08 00:00:00+00:00,6620.0,6655.0,6470.0,6525.0,6522.18310546875,132362,0.0,0.0
2024-11-11 00:00:00+00:00,6535.0,6650.0,6535.0,6550.0,6547.17236328125,179636,0.0,0.0
2024-11-12 00:00:00+00:00,6495.0,6565.0,6460.0,6530.0,6527.18115234375,353239,0.0,0.0
2024-11-13 00:00:00+00:00,6500.0,6525.0,6350.0,6370.0,6367.25,146422,0.0,0.0
2024-11-14 00:00:00+00:00,6560.0,6795.0,6515.0,6670.0,6667.12060546875,341885,0.0,0.0
2024-11-15 00:00:00+00:00,6715.0,6720.0,6590.0,6590.0,6587.1552734375,258339,0.0,0.0
2024-11-18 00:00:00+00:00,6575.0,6635.0,6492.77490234375,6550.0,6547.17236328125,154312,0.0,0.0
2024-11-19 00:00:00+00:00,6585.0,6620.0,6470.0,6540.0,6537.17626953125,113306,0.0,0.0
2024-11-20 00:00:00+00:00,6560.0,6585.0,6460.0,6465.0,6462.208984375,224525,0.0,0.0
2024-11-21 00:00:00+00:00,6465.0,6530.0,6400.0,6510.0,6507.189453125,442235,0.0,0.0
2024-11-22 00:00:00+00:00,6570.0,6790.0,6570.0,6790.0,6787.06884765625,168043,0.0,0.0
2024-11-25 00:00:00+00:00,6850.0,6975.0,6839.0439453125,6920.0,6917.01220703125,587203,0.0,0.0
2024-11-26 00:00:00+00:00,6870.0,6880.0,6795.0,6830.0,6827.0517578125,157216,0.0,0.0
2024-11-27 00:00:00+00:00,6830.0,6930.0,6830.0,6900.0,6897.02099609375,163444,0.0,0.0
2024-11-28 00:00:00+00:00,7065.0,7200.0,7055.0,7160.0,7156.90869140625,203029,0.0,0.0
2024-11-29 00:00:00+00:00,7125.0,7170.0,7045.0,7170.0,7166.90478515625,270101,0.0,0.0
2024-12-02 00:00:00+00:00,7165.0,7370.0,7150.0,7340.0,7336.8310546875,295810,0.0,0.0
2024-12-03 00:00:00+00:00,7335.0,7395.0,7305.0,7380.0,7376.81396484375,479066,0.0,0.0
2024-12-04 00:00:00+00:00,7575.0,7586.416015625,7349.546875,7515.0,7511.755859375,425939,0.0,0.0
2024-12-05 00:00:00+00:00,7445.0,7510.0,7420.0,7495.0,7491.7646484375,504568,0.0,0.0
2024-12-06 00:00:00+00:00,7375.0,7415.0,7260.0,7275.0,7271.859375,155502,0.0,0.0
2024-12-09 00:00:00+00:00,7430.0,7440.9951171875,7340.0,7435.0,7431.79052734375,165636,0.0,0.0
2024-12-10 00:00:00+00:00,7380.0,7550.0,7375.0,7500.0,7496.76220703125,480891,0.0,0.0
2024-12-11 00:00:00+00:00,7420.0,7520.0,7420.0,7450.0,7446.7841796875,352307,0.0,0.0
2024-12-12 00:00:00+00:00,7445.0,7470.0,7360.0,7380.0,7376.81396484375,93055,0.0,0.0
2024-12-13 00:00:00+00:00,7365.0,7390.0,7180.0,7195.0,7191.8935546875,128582,0.0,0.0
2024-12-16 00:00:00+00:00,7140.0,7190.0,7075.0,7140.0,7136.91748046875,161922,0.0,0.0
2024-12-17 00:00:00+00:00,7085.0,7120.0,7020.0,7020.0,7016.96923828125,389075,0.0,0.0
2024-12-18 00:00:00+00:00,7055.0,7095.0,6980.0,7055.0,7051.9541015625,126893,0.0,0.0
2024-12-19 00:00:00+00:00,6935.0,6990.0,6903.2001953125,6955.0,6951.9970703125,113836,0.0,0.0
2024-12-20 00:00:00+00:00,6900.0,7000.0,6838.13623046875,6950.0,6946.99951171875,337022,0.0,0.0
2024-12-23 00:00:00+00:00,6885.0,6895.0,6755.0,6755.0,6752.083984375,105289,0.0,0.0
2024-12-24 00:00:00+00:00,6790.0,6845.0,6760.0,6840.0,6837.04736328125,26495,0.0,0.0
2024-12-27 00:00:00+00:00,6790.0,6905.0,6785.0,6815.0,6812.05810546875,111680,0.0,0.0
2024-12-30 00:00:00+00:00,6765.0,6805.0,6720.0,6790.0,6787.06884765625,118006,0.0,0.0
2024-12-31 00:00:00+00:00,6735.0,6860.0,6735.0,6855.0,6852.041015625,26568,0.0,0.0
2025-01-02 00:00:00+00:00,6870.0,6925.0,6845.0,6850.0,6847.04296875,66431,0.0,0.0
2025-01-03 00:00:00+00:00,6830.0,6830.0,6665.0,6685.0,6682.1142578125,332822,0.0,0.0
2025-01-06 00:00:00+00:00,6760.0,6890.0,6725.0,6770.0,6767.07763671875,105442,0.0,0.0
2025-01-07 00:00:00+00:00,6775.0,6830.0,6740.0,6805.0,6802.0625,85703,0.0,0.0
2025-01-08 00:00:00+00:00,6795.0,6820.0,6580.0,6615.0,6612.14404296875,71982,0.0,0.0
2025-01-09 00:00:00+00:00,6590.0,6715.0,6570.0,6705.0,6702.10546875,166553,0.0,0.0
2025-01-10 00:00:00+00:00,6685.0,6695.0,6400.0,6510.0,6507.189453125,780483,0.0,0.0
2025-01-13 00:00:00+00:00,6445.0,6500.0,6375.0,6455.0,6452.21337890625,107037,0.0,0.0
2025-01-14 00:00:00+00:00,6510.0,6565.0,6405.0,6435.0,6432.2216796875,136588,0.0,0.0
2025-01-15 00:00:00+00:00,6460.0,6690.0,6460.0,6645.0,6642.13134765625,296390,0.0,0.0
2025-01-16 00:00:00+00:00,6710.0,6925.0,6680.0,6925.0,6922.01025390625,186441,0.0,0.0
2025-01-17 00:00:00+00:00,7035.0,7295.0,6991.373046875,7270.0,7266.861328125,175622,0.0,0.0
2025-01-20 00:00:00+00:00,7350.0,7455.0,7295.0,7455.0,7451.78173828125,149366,0.0,0.0
2025-01-21 00:00:00+00:00,7455.0,7505.0,7390.0,7465.0,7461.77734375,141573,0.0,0.0
2025-01-22 00:00:00+00:00,7485.0,7615.0,7465.0,7615.0,7611.712890625,189677,0.0,0.0
2025-01-23 00:00:00+00:00,7600.0,7711.830078125,7595.0,7620.0,7616.71044921875,266427,0.0,0.0
2025-01-24 00:00:00+00:00,7655.0,7740.0,7655.0,7690.0,7686.68017578125,278457,0.0,0.0
2025-01-27 00:00:00+00:00,7605.0,7725.0,7565.0,7675.0,7671.68701171875,218101,0.0,0.0
2025-01-28 00:00:00+00:00,7760.0,8028.0849609375,7755.0,7960.0,7956.5634765625,470793,0.0,0.0
2025-01-29 00:00:00+00:00,7985.0,8101.4560546875,7940.0,8025.0,8021.53515625,397176,0.0,0.0
2025-01-30 00:00:00+00:00,8050.0,8245.0,7995.0,8190.0,8186.4638671875,290578,0.0,0.0
2025-01-31 00:00:00+00:00,8190.0,8205.0,8060.0,8095.0,8091.50537109375,208237,0.0,0.0
2025-02-03 00:00:00+00:00,7865.0,8050.0,7845.0,7980.0,7976.5546875,186359,0.0,0.0
2025-02-04 00:00:00+00:00,7940.0,8010.0,7900.0,7940.0,7936.572265625,221230,0.0,0.0
2025-02-05 00:00:00+00:00,7845.0,7925.0,7580.0,7765.0,7761.64794921875,154874,0.0,0.0
2025-02-06 00:00:00+00:00,7825.0,7905.0,7760.0,7850.0,7846.61083984375,123342,0.0,0.0
2025-02-07 00:00:00+00:00,7840.0,7860.0,7735.0,7735.0,7731.6611328125,384933,0.0,0.0
2025-02-10 00:00:00+00:00,7750.0,7835.0,7738.55419921875,7820.0,7816.62353515625,111886,0.0,0.0
2025-02-11 00:00:00+00:00,7820.0,7830.0,7710.0,7765.0,7761.64794921875,125034,0.0,0.0
2025-02-12 00:00:00+00:00,7780.0,7855.0,7720.0,7745.0,7741.65625,112760,0.0,0.0
2025-02-13 00:00:00+00:00,7875.0,7965.0,7785.0,7885.0,7881.595703125,135747,0.0,0.0
2025-02-14 00:00:00+00:00,7780.0,7930.0,7780.0,7915.0,7911.5830078125,160459,0.0,0.0
2025-02-17 00:00:00+00:00,7880.0,7920.0,7700.0,7835.0,7831.6171875,153917,0.0,0.0
2025-02-18 00:00:00+00:00,7865.0,7910.0,7745.0,7835.0,7831.6171875,100265,0.0,0.0
2025-02-19 00:00:00+00:00,7825.0,7865.0,7561.10009765625,7600.0,7596.71923828125,123924,0.0,0.0
2025-02-20 00:00:00+00:00,7625.0,7655.0,7560.0,7610.0,7606.71484375,156830,0.0,0.0
2025-02-21 00:00:00+00:00,7625.0,7700.0,7600.0,7610.0,7606.71484375,146077,0.0,0.0
2025-02-24 00:00:00+00:00,7660.0,7680.0,7540.0,7620.0,7616.71044921875,623178,0.0,0.0
2025-02-25 00:00:00+00:00,7530.0,7625.0,7403.7509765625,7420.0,7416.796875,291605,0.0,0.0
2025-02-26 00:00:00+00:00,7445.0,7545.0,7410.0,7470.0,7466.775390625,94034,0.0,0.0
2025-02-27 00:00:00+00:00,7415.0,7460.0,7245.0,7300.0,7296.84814453125,138217,0.0,0.0
2025-02-28 00:00:00+00:00,7170.0,7310.0,7170.0,7275.0,7271.859375,300257,0.0,0.0
2025-03-03 00:00:00+00:00,7255.0,7295.0,7130.0,7150.0,7146.9130859375,120567,0.0,0.0
2025-03-04 00:00:00+00:00,7070.0,7245.0,7070.0,7110.0,7106.9306640625,113459,0.0,0.0
2025-03-05 00:00:00+00:00,7225.0,7290.0,7170.0,7250.0,7246.8701171875,371813,0.0,0.0
2025-03-06 00:00:00+00:00,7330.0,7475.0,7231.123046875,7395.0,7391.8076171875,143185,0.0,0.0
2025-03-07 00:00:00+00:00,7310.0,7330.0,7215.0,7215.0,7211.88525390625,154821,0.0,0.0
2025-03-10 00:00:00+00:00,7345.0,7345.0,7025.0,7025.0,7021.96728515625,417799,0.0,0.0
2025-03-11 00:00:00+00:00,7020.0,7065.0,6640.0,6750.0,6747.0859375,272430,0.0,0.0
2025-03-12 00:00:00+00:00,6790.0,7170.0,6725.0,7140.0,7136.91748046875,224077,0.0,0.0
2025-03-13 00:00:00+00:00,7110.0,7180.0,7010.0,7110.0,7106.9306640625,269782,0.0,0.0
2025-03-14 00:00:00+00:00,7085.0,7095.0,6915.0,6965.0,6961.9931640625,213876,0.0,0.0
2025-03-17 00:00:00+00:00,6975.0,7005.0,6900.0,6920.0,6917.01220703125,126747,0.0,0.0
2025-03-18 00:00:00+00:00,6945.0,6950.0,6852.7119140625,6910.0,6907.0166015625,134917,0.0,0.0
2025-03-19 00:00:00+00:00,6950.0,6955.0,6820.0,6850.0,6847.04296875,109263,0.0,0.0
2025-03-20 00:00:00+00:00,6875.0,6935.0,6785.0,6795.0,6792.06640625,136854,0.0,0.0
2025-03-21 00:00:00+00:00,6725.0,6755.0,6605.0,6705.0,6702.10546875,268229,0.0,0.0
2025-03-24 00:00:00+00:00,6780.0,6780.0,6680.0,6715.0,6712.10107421875,144863,0.0,0.0
2025-03-25 00:00:00+00:00,6720.0,6771.78515625,6645.0,6720.0,6717.0986328125,166633,0.0,0.0
2025-03-26 00:00:00+00:00,6800.0,6800.0,6645.0,6660.0,6657.12451171875,106653,0.0,0.0
2025-03-27 00:00:00+00:00,6610.0,6640.0,6555.0,6570.0,6567.16357421875,345963,0.0,0.0
2025-03-28 00:00:00+00:00,6535.0,6535.0,6370.0,6415.0,6412.23046875,968335,0.0,0.0
2025-03-31 00:00:00+01:00,6350.0,6350.0,6155.0,6180.0,6177.33203125,829242,0.0,0.0
2025-04-01 00:00:00+01:00,6260.0,6326.375,6195.0,6240.0,6237.30615234375,1159960,0.0,0.0
2025-04-02 00:00:00+01:00,6180.0,6225.0,6040.0,6170.0,6167.3359375,507587,0.0,0.0
2025-04-03 00:00:00+01:00,6050.0,6110.0,5920.0,5935.0,5932.43798828125,205407,0.0,0.0
2025-04-04 00:00:00+01:00,5890.0,5925.0,5630.0,5780.0,5777.5048828125,433708,0.0,0.0
2025-04-07 00:00:00+01:00,5555.0,5870.0,5380.0,5445.0,5442.6494140625,398838,0.0,0.0
2025-04-08 00:00:00+01:00,5475.0,5760.0,5465.0,5710.0,5707.53466796875,243135,0.0,0.0
2025-04-09 00:00:00+01:00,5570.0,5700.0,5525.0,5575.0,5572.59326171875,323373,0.0,0.0
2025-04-10 00:00:00+01:00,6015.0,6075.0,5780.0,5780.0,5777.5048828125,163930,0.0,0.0
2025-04-11 00:00:00+01:00,5830.0,5870.0,5695.0,5785.0,5782.50244140625,301375,0.0,0.0
2025-04-14 00:00:00+01:00,5900.0,5945.0,5845.0,5935.0,5932.43798828125,171096,0.0,0.0
2025-04-15 00:00:00+01:00,5940.0,6015.0,5925.0,6005.0,6002.4072265625,160011,0.0,0.0
2025-04-16 00:00:00+01:00,5985.0,5990.0,5850.0,5955.0,5952.4287109375,117013,0.0,0.0
2025-04-17 00:00:00+01:00,5875.0,5900.0,5795.0,5845.0,5842.47705078125,156695,0.0,0.0
2025-04-22 00:00:00+01:00,5830.0,5840.0,5708.998046875,5790.0,5787.50048828125,167488,0.0,0.0
2025-04-23 00:00:00+01:00,5850.0,6140.0,5815.0,6000.0,5997.40966796875,278810,0.0,0.0
2025-04-24 00:00:00+01:00,5850.0,5940.0,5719.89013671875,5920.0,5918.603515625,120993,117.49999,0.0
2025-04-25 00:00:00+01:00,5955.0,6015.0,5920.0,5945.0,5943.59765625,110975,0.0,0.0
2025-04-28 00:00:00+01:00,5965.0,5990.0,5865.0,5870.0,5868.615234375,104828,0.0,0.0
2025-04-29 00:00:00+01:00,5880.0,5910.0,5762.5,5775.0,5773.63720703125,201994,0.0,0.0
2025-04-30 00:00:00+01:00,5765.0,5906.7548828125,5765.0,5875.0,5873.61376953125,178897,0.0,0.0
2025-05-01 00:00:00+01:00,5865.0,5925.0,5840.0,5925.0,5923.6025390625,75621,0.0,0.0
2025-05-02 00:00:00+01:00,6025.0,6160.0,5910.0,6115.0,6113.55712890625,154086,0.0,0.0
2025-05-06 00:00:00+01:00,6135.0,6170.0,6020.0,6025.0,6023.57861328125,157544,0.0,0.0
2025-05-07 00:00:00+01:00,6000.0,6050.0,5960.0,5985.0,5983.58837890625,133598,0.0,0.0
2025-05-08 00:00:00+01:00,6025.0,6210.0,6005.0,6150.0,6148.54931640625,166523,0.0,0.0
2025-05-09 00:00:00+01:00,6165.0,6221.7109375,6145.0,6160.0,6158.546875,93927,0.0,0.0
2025-05-12 00:00:00+01:00,6240.0,6530.0,6220.0,6435.0,6433.48193359375,137633,0.0,0.0
2025-05-13 00:00:00+01:00,6425.0,6585.0,6425.0,6585.0,6583.44677734375,244587,0.0,0.0
2025-05-14 00:00:00+01:00,6390.0,6440.0,6030.0,6190.0,6188.53955078125,326116,0.0,0.0
2025-05-15 00:00:00+01:00,6155.0,6215.0,6100.0,6100.0,6098.56103515625,581397,0.0,0.0
2025-05-16 00:00:00+01:00,6125.0,6145.0,5965.0,6095.0,6093.56201171875,191182,0.0,0.0
2025-05-19 00:00:00+01:00,6055.0,6152.8740234375,5905.0,5980.0,5978.58935546875,495871,0.0,0.0
2025-05-20 00:00:00+01:00,6025.0,6130.0,6015.0,6020.0,6018.580078125,254386,0.0,0.0
2025-05-21 00:00:00+01:00,5920.0,5923.0751953125,5785.0,5860.0,5858.61767578125,219006,0.0,0.0
2025-05-22 00:00:00+01:00,5800.0,5905.0,5745.0,5785.0,5783.63525390625,217970,0.0,0.0
2025-05-23 00:00:00+01:00,5775.0,5835.0,5685.0,5715.0,5713.65185546875,246241,0.0,0.0
2025-05-27 00:00:00+01:00,5785.0,5910.0,5765.0,5830.0,5828.62451171875,261486,0.0,0.0
2025-05-28 00:00:00+01:00,5825.0,5885.0,5805.0,5810.0,5808.62939453125,181337,0.0,0.0
2025-05-29 00:00:00+01:00,5895.0,5945.0,5790.0,5815.0,5813.6279296875,65165,0.0,0.0
2025-05-30 00:00:00+01:00,5805.0,5840.34814453125,5715.0,5715.0,5713.65185546875,725168,0.0,0.0
2025-06-02 00:00:00+01:00,5655.0,5705.0,5580.0,5610.0,5608.67626953125,103746,0.0,0.0
2025-06-03 00:00:00+01:00,5605.0,5680.0,5535.0,5660.0,5658.6650390625,120291,0.0,0.0
2025-06-04 00:00:00+01:00,5665.0,5825.0,5665.0,5760.0,5758.64111328125,139429,0.0,0.0
2025-06-05 00:00:00+01:00,5775.0,5810.0,5703.88916015625,5740.0,5738.64599609375,178286,0.0,0.0
2025-06-06 00:00:00+01:00,5700.0,5780.0,5675.0,5750.0,5748.6435546875,92571,0.0,0.0
2025-06-09 00:00:00+01:00,5760.0,5940.0,5724.5,5940.0,5938.59912109375,182714,0.0,0.0
2025-06-10 00:00:00+01:00,5920.0,6015.0,5895.0,5995.0,5993.58544921875,128439,0.0,0.0
2025-06-11 00:00:00+01:00,5985.0,6050.0,5970.0,6005.0,6003.58349609375,177321,0.0,0.0
2025-06-12 00:00:00+01:00,5965.0,6005.0,5925.0,5990.0,5988.5869140625,146350,0.0,0.0
2025-06-13 00:00:00+01:00,5875.0,6000.0,5875.0,5945.0,5943.59765625,232313,0.0,0.0
2025-06-16 00:00:00+01:00,6050.0,6050.0,5905.0,5940.0,5938.59912109375,79431,0.0,0.0
2025-06-17 00:00:00+01:00,5920.0,6004.0,5870.02685546875,5885.0,5883.61181640625,95346,0.0,0.0
2025-06-18 00:00:00+01:00,5890.0,5915.0,5795.0,5835.0,5833.623046875,97719,0.0,0.0
2025-06-19 00:00:00+01:00,5770.0,5890.0,5770.0,5845.0,5843.62109375,80463,0.0,0.0
2025-06-20 00:00:00+01:00,5915.0,5940.0,5755.0,5810.0,5808.62939453125,416181,0.0,0.0
2025-06-23 00:00:00+01:00,5740.0,5825.0,5735.0,5820.0,5818.626953125,221257,0.0,0.0
2025-06-24 00:00:00+01:00,5950.0,5995.0,5890.0,5905.0,5903.60693359375,129021,0.0,0.0
2025-06-25 00:00:00+01:00,5900.0,5945.0,5835.0,5835.0,5833.623046875,197578,0.0,0.0
2025-06-26 00:00:00+01:00,5845.0,6005.0,5845.0,5985.0,5983.58837890625,140664,0.0,0.0
2025-06-27 00:00:00+01:00,6000.0,6115.0,6000.0,6100.0,6098.56103515625,180894,0.0,0.0
2025-06-30 00:00:00+01:00,6095.0,6115.0,5955.0,5955.0,5953.59521484375,133094,0.0,0.0
2025-07-01 00:00:00+01:00,5975.0,6005.0,5845.0,5915.0,5913.6044921875,205045,0.0,0.0
2025-07-02 00:00:00+01:00,5920.0,6190.0,5910.0,6175.0,6173.54296875,224074,0.0,0.0
2025-07-03 00:00:00+01:00,6210.0,6245.0,6153.6171875,6180.0,6178.54248046875,172105,0.0,0.0
2025-07-04 00:00:00+01:00,6135.0,6200.0,5985.0,6170.0,6168.54443359375,90015,0.0,0.0
2025-07-07 00:00:00+01:00,6120.0,6194.14013671875,6105.0,6110.0,6108.55859375,126021,0.0,0.0
2025-07-08 00:00:00+01:00,6165.0,6165.0,6050.0,6145.0,6143.55029296875,195821,0.0,0.0
2025-07-09 00:00:00+01:00,6245.0,6245.0,6095.0,6190.0,6188.53955078125,186441,0.0,0.0
2025-07-10 00:00:00+01:00,6240.0,6405.0,6195.0,6335.0,6333.50537109375,123143,0.0,0.0
2025-07-11 00:00:00+01:00,6235.0,6280.0,6151.0,6180.0,6178.54248046875,114140,0.0,0.0
2025-07-14 00:00:00+01:00,6115.0,6150.0,6005.0,6020.0,6018.580078125,96506,0.0,0.0
2025-07-15 00:00:00+01:00,6010.0,6130.0,6010.0,6040.0,6038.5751953125,211127,0.0,0.0
2025-07-16 00:00:00+01:00,5965.0,6100.0,5955.0,6020.0,6018.580078125,106561,0.0,0.0
2025-07-17 00:00:00+01:00,6110.0,6165.0,6060.0,6145.0,6143.55029296875,93038,0.0,0.0
2025-07-18 00:00:00+01:00,6185.0,6242.990234375,6150.0,6205.0,6203.5361328125,284130,0.0,0.0
2025-07-21 00:00:00+01:00,6275.0,6290.0,6170.0,6200.0,6198.53759765625,153546,0.0,0.0
2025-07-22 00:00:00+01:00,6175.0,6190.0,6000.0,6100.0,6098.56103515625,164837,0.0,0.0
2025-07-23 00:00:00+01:00,6180.0,6256.7978515625,6170.0,6185.0,6183.541015625,119097,0.0,0.0
2025-07-24 00:00:00+01:00,6205.0,6251.39697265625,6170.0,6230.0,6228.5302734375,89740,0.0,0.0
2025-07-25 00:00:00+01:00,6205.0,6245.0,6150.0,6200.0,6198.53759765625,183927,0.0,0.0
2025-07-28 00:00:00+01:00,6280.0,6310.0,6150.0,6160.0,6158.546875,79218,0.0,0.0
2025-07-29 00:00:00+01:00,6160.0,6250.0,6145.0,6195.0,6193.53857421875,94379,0.0,0.0
2025-07-30 00:00:00+01:00,6205.0,6330.31689453125,6160.01806640625,6330.0,6328.5068359375,159366,0.0,0.0
2025-07-31 00:00:00+01:00,6340.0,6552.26318359375,6325.0,6345.0,6343.50341796875,163869,0.0,0.0
2025-08-01 00:00:00+01:00,6290.0,6330.0,6210.0,6235.0,6233.52880859375,92398,0.0,0.0
2025-08-04 00:00:00+01:00,6170.0,6245.0,6130.0,6130.0,6128.5537109375,184128,0.0,0.0
2025-08-05 00:00:00+01:00,6105.0,6205.0,6095.0,6155.0,6153.5478515625,143840,0.0,0.0
2025-08-06 00:00:00+01:00,6220.0,6220.0,6040.0,6065.0,6063.5693359375,188476,0.0,0.0
2025-08-07 00:00:00+01:00,6050.0,6185.0,6050.0,6140.0,6138.5517578125,112528,0.0,0.0
2025-08-08 00:00:00+01:00,6135.0,6150.0,6075.0,6150.0,6148.54931640625,121827,0.0,0.0
2025-08-11 00:00:00+01:00,6160.0,6200.0,6060.0,6060.0,6058.57080078125,79257,0.0,0.0
2025-08-12 00:00:00+01:00,6640.0,7200.0,6505.0,6845.0,6843.38525390625,463755,0.0,0.0
2025-08-13 00:00:00+01:00,6870.0,7120.0,6854.533203125,7050.0,7048.3369140625,372636,0.0,0.0
2025-08-14 00:00:00+01:00,7055.0,7085.0,7000.0,7065.0,7063.3330078125,106301,0.0,0.0
2025-08-15 00:00:00+01:00,7125.0,7150.0,7050.0,7070.0,7068.33251953125,159510,0.0,0.0
2025-08-18 00:00:00+01:00,7065.0,7120.0,7000.0,7115.0,7113.32177734375,106278,0.0,0.0
2025-08-19 00:00:00+01:00,7115.0,7255.0,7100.0,7255.0,7253.28857421875,147468,0.0,0.0
2025-08-20 00:00:00+01:00,7200.0,7258.64697265625,7165.0,7220.0,7218.296875,138561,0.0,0.0
2025-08-21 00:00:00+01:00,7230.0,7275.0,7190.0,7250.0,7248.2900390625,156255,0.0,0.0
2025-08-22 00:00:00+01:00,7210.0,7360.0,7210.0,7340.0,7338.2685546875,107613,0.0,0.0
2025-08-26 00:00:00+01:00,7260.0,7340.0,7230.0,7240.0,7238.2919921875,448907,0.0,0.0
2025-08-27 00:00:00+01:00,7275.0,7315.0,7140.0,7200.0,7198.30126953125,163820,0.0,0.0
2025-08-28 00:00:00+01:00,7240.0,7305.0,7215.0,7265.0,7263.2861328125,161276,0.0,0.0
2025-08-29 00:00:00+01:00,7270.0,7310.0,7240.0,7295.0,7293.279296875,315267,0.0,0.0
2025-09-01 00:00:00+01:00,7245.0,7320.0,7195.0,7220.0,7218.296875,178699,0.0,0.0
2025-09-02 00:00:00+01:00,7245.0,7260.0,7005.0,7005.0,7003.34765625,220301,0.0,0.0
2025-09-03 00:00:00+01:00,7030.0,7195.0,7013.0,7130.0,7128.318359375,155151,0.0,0.0
2025-09-04 00:00:00+01:00,7120.0,7165.0,7055.0,7085.0,7083.32861328125,111200,0.0,0.0
2025-09-05 00:00:00+01:00,7140.0,7235.0,7105.0,7195.0,7193.302734375,153154,0.0,0.0
2025-09-08 00:00:00+01:00,7200.0,7245.0,7160.0,7220.0,7218.296875,115158,0.0,0.0
2025-09-09 00:00:00+01:00,7225.0,7235.0,7060.0,7110.0,7108.32275390625,112099,0.0,0.0
2025-09-10 00:00:00+01:00,7135.0,7190.0,7105.0,7105.0,7103.32373046875,142311,0.0,0.0
2025-09-11 00:00:00+01:00,7120.0,7140.0,7050.0,7050.0,7048.3369140625,353423,0.0,0.0
2025-09-12 00:00:00+01:00,7080.0,7080.0,6940.0,6970.0,6968.35595703125,149925,0.0,0.0
2025-09-15 00:00:00+01:00,6980.0,7080.0,6955.0,6955.0,6953.359375,107107,0.0,0.0
2025-09-16 00:00:00+01:00,6955.0,7025.0,6815.0,6865.0,6863.380859375,185104,0.0,0.0
2025-09-17 00:00:00+01:00,6925.0,7030.0,6890.0,6950.0,6948.3603515625,133403,0.0,0.0
2025-09-18 00:00:00+01:00,6980.0,7110.0,6960.0,7075.0,7073.3310546875,129396,0.0,0.0
2025-09-19 00:00:00+01:00,7065.0,7100.0,6980.0,7010.0,7008.34619140625,319156,0.0,0.0
2025-09-22 00:00:00+01:00,7000.0,7072.06103515625,6995.0,7005.0,7003.34765625,89288,0.0,0.0
2025-09-23 00:00:00+01:00,7030.0,7110.0,7010.0,7080.0,7078.32958984375,136606,0.0,0.0
2025-09-24 00:00:00+01:00,7070.0,7085.3291015625,6975.0,7005.0,7003.34765625,116124,0.0,0.0
2025-09-25 00:00:00+01:00,6980.0,7025.0,6875.0,6875.0,6873.3779296875,121048,0.0,0.0
2025-09-26 00:00:00+01:00,6865.0,6910.0,6725.0,6795.0,6793.39697265625,159336,0.0,0.0
2025-09-29 00:00:00+01:00,6860.0,6880.0,6760.0,6760.0,6758.4052734375,166985,0.0,0.0
2025-09-30 00:00:00+01:00,6720.0,6830.0,6670.0,6815.0,6813.39208984375,155792,0.0,0.0
2025-10-01 00:00:00+01:00,6835.0,6985.0,6800.0,6960.0,6958.35791015625,153063,0.0,0.0
2025-10-02 00:00:00+01:00,6990.0,7135.0,6959.3349609375,7095.0,7093.326171875,107220,0.0,0.0
2025-10-03 00:00:00+01:00,7140.0,7290.0,7115.0,7290.0,7288.2802734375,189086,0.0,0.0
2025-10-06 00:00:00+01:00,7265.0,7320.0,7215.0,7285.0,7283.28125,183826,0.0,0.0
2025-10-07 00:00:00+01:00,7240.0,7275.0,7104.52978515625,7120.0,7118.3203125,129250,0.0,0.0
2025-10-08 00:00:00+01:00,7085.0,7110.0,6900.0,6960.0,6958.35791015625,109336,0.0,0.0
2025-10-09 00:00:00+01:00,6995.0,7020.0,6900.0,6970.0,6968.35595703125,104663,0.0,0.0
2025-10-10 00:00:00+01:00,7025.0,7050.0,6885.0,6885.0,6883.3759765625,82716,0.0,0.0
2025-10-13 00:00:00+01:00,6900.0,6975.0,6875.0,6930.0,6928.365234375,107032,0.0,0.0
2025-10-14 00:00:00+01:00,6825.0,6890.0,6645.0,6645.0,6643.4326171875,269922,0.0,0.0
2025-10-15 00:00:00+01:00,6675.0,6735.0,6572.90380859375,6660.0,6658.4287109375,617764,0.0,0.0
2025-10-16 00:00:00+01:00,6690.0,6845.0,6680.0,6815.0,6813.892578125,150953,48.899998,0.0
2025-10-17 00:00:00+01:00,6720.0,6905.0,6685.0,6840.0,6838.888671875,197911,0.0,0.0
2025-10-20 00:00:00+01:00,6885.0,6910.0,6770.0,6835.0,6833.8896484375,312998,0.0,0.0
2025-10-21 00:00:00+01:00,6865.0,6970.0,6800.0,6925.0,6923.875,240405,0.0,0.0
2025-10-22 00:00:00+01:00,6920.0,7000.0,6840.0,6980.0,6978.86572265625,156909,0.0,0.0
2025-10-23 00:00:00+01:00,6905.0,6975.0,6885.0,6935.0,6933.873046875,91877,0.0,0.0
2025-10-24 00:00:00+01:00,6960.0,7020.0,6930.0,7010.0,7008.86083984375,87288,0.0,0.0
2025-10-27 00:00:00+00:00,6995.0,7080.0,6990.0,7020.0,7018.859375,110817,0.0,0.0
2025-10-28 00:00:00+00:00,7310.0,7345.0,7100.0,7105.0,7103.845703125,299317,0.0,0.0
2025-10-29 00:00:00+00:00,7080.0,7205.0,7017.2998046875,7175.0,7173.833984375,205109,0.0,0.0
2025-10-30 00:00:00+00:00,7170.0,7210.0,7135.0,7190.0,7188.83154296875,129040,0.0,0.0
2025-10-31 00:00:00+00:00,7170.0,7185.0,7080.0,7095.0,7093.84716796875,129364,0.0,0.0
2025-11-03 00:00:00+00:00,7075.0,7155.0,7065.37890625,7130.0,7128.84130859375,144038,0.0,0.0
2025-11-04 00:00:00+00:00,7055.0,7130.0,7015.0,7030.0,7028.85791015625,168698,0.0,0.0
2025-11-05 00:00:00+00:00,7000.0,7150.0,6960.0,7150.0,7148.83837890625,259907,0.0,0.0
2025-11-06 00:00:00+00:00,7140.0,7260.0,7015.0,7045.0,7043.85546875,150512,0.0,0.0
2025-11-07 00:00:00+00:00,7050.0,7090.0,6840.0,6905.0,6903.8779296875,121044,0.0,0.0
2025-11-10 00:00:00+00:00,6965.0,7030.0,6930.0,6980.0,6978.86572265625,457992,0.0,0.0
2025-11-11 00:00:00+00:00,7035.0,7120.0,7005.0,7070.0,7068.85107421875,181741,0.0,0.0
2025-11-12 00:00:00+00:00,7045.0,7090.0,7010.0,7085.0,7083.8486328125,169271,0.0,0.0
2025-11-13 00:00:00+00:00,7200.0,7450.0,7138.59716796875,7160.0,7158.83642578125,197640,0.0,0.0
2025-11-14 00:00:00+00:00,7080.0,7105.0,6920.0,6930.0,6928.8740234375,213289,0.0,0.0
2025-11-17 00:00:00+00:00,6915.0,6916.5869140625,6805.0,6805.0,6803.89453125,117458,0.0,0.0
2025-11-18 00:00:00+00:00,6665.0,6785.0,6650.0,6755.0,6753.90234375,213714,0.0,0.0
2025-11-19 00:00:00+00:00,6760.0,6915.0,6755.0,6835.0,6833.8896484375,402894,0.0,0.0
2025-11-20 00:00:00+00:00,6920.0,6970.0,6745.0,6745.0,6743.904296875,107773,0.0,0.0
2025-11-21 00:00:00+00:00,6635.0,6780.0,6605.0,6745.0,6743.904296875,245817,0.0,0.0
2025-11-24 00:00:00+00:00,6775.0,6865.0,6745.0,6745.0,6743.904296875,436282,0.0,0.0
2025-11-25 00:00:00+00:00,6740.0,6785.0,6660.0,6775.0,6773.8994140625,107587,0.0,0.0
2025-11-26 00:00:00+00:00,6785.0,6825.0,6725.0,6770.0,6768.89990234375,79878,0.0,0.0
2025-11-27 00:00:00+00:00,6785.0,6810.0,6720.0,6720.0,6718.908203125,114036,0.0,0.0
2025-11-28 00:00:00+00:00,6770.0,6770.0,6665.0,6705.0,6703.91064453125,121139,0.0,0.0
2025-12-01 00:00:00+00:00,6650.0,6695.0,6550.0,6650.0,6648.91943359375,130105,0.0,0.0
2025-12-02 00:00:00+00:00,6665.0,6665.0,6550.0,6640.0,6638.9208984375,157385,0.0,0.0
2025-12-03 00:00:00+00:00,6690.0,6765.0,6670.0,6720.0,6718.908203125,210205,0.0,0.0
2025-12-04 00:00:00+00:00,6750.0,6965.0,6750.0,6920.0,6918.87548828125,129399,0.0,0.0
2025-12-05 00:00:00+00:00,6900.0,6975.0,6880.0,6895.0,6893.8798828125,85634,0.0,0.0
2025-12-08 00:00:00+00:00,6900.0,6955.0,6855.0,6855.0,6853.88623046875,131293,0.0,0.0
2025-12-09 00:00:00+00:00,6840.0,6902.5,6772.5,6785.0,6783.8974609375,159679,0.0,0.0
2025-12-10 00:00:00+00:00,6750.0,6810.0,6740.0,6765.0,6763.90087890625,121612,0.0,0.0
2025-12-11 00:00:00+00:00,6800.0,6850.0,6755.0,6795.0,6793.89599609375,229224,0.0,0.0
2025-12-12 00:00:00+00:00,6810.0,6850.0,6700.0,6730.0,6728.90673828125,115696,0.0,0.0
2025-12-15 00:00:00+00:00,6730.0,6830.365234375,6695.0,6760.0,6758.90185546875,146431,0.0,0.0
2025-12-16 00:00:00+00:00,6715.0,6765.0,6630.0,6650.0,6648.91943359375,285080,0.0,0.0
2025-12-17 00:00:00+00:00,6650.0,6710.0,6615.0,6655.0,6653.91845703125,226546,0.0,0.0
2025-12-18 00:00:00+00:00,6650.0,6770.0,6595.0,6730.0,6728.90673828125,312023,0.0,0.0
2025-12-19 00:00:00+00:00,6720.0,6855.0,6665.0,6850.0,6848.88720703125,367312,0.0,0.0
2025-12-22 00:00:00+00:00,6780.0,6851.7490234375,6755.0,6825.0,6823.89111328125,80497,0.0,0.0
2025-12-23 00:00:00+00:00,6820.0,6845.0,6761.50390625,6775.0,6773.8994140625,55584,0.0,0.0
2025-12-24 00:00:00+00:00,6730.0,6800.0,6730.0,6775.0,6773.8994140625,28954,0.0,0.0
2025-12-29 00:00:00+00:00,6805.0,6825.0,6740.0,6815.0,6813.892578125,87880,0.0,0.0
2025-12-30 00:00:00+00:00,6835.0,6860.0,6795.0,6860.0,6858.88525390625,49846,0.0,0.0
