Date,Open,High,Low,Close,Adj Close,Volume,Dividends,Stock Splits
2022-01-04 00:00:00+00:00,156.22000122070312,159.9199981689453,155.32000732421875,157.67999267578125,157.20118713378906,1601204,0.0,0.0
2022-01-05 00:00:00+00:00,153.75999450683594,160.0,153.75999450683594,156.0,155.5263214111328,1201078,0.0,0.0
2022-01-06 00:00:00+00:00,156.0,159.0,154.0,157.5,157.02175903320312,918191,0.0,0.0
2022-01-07 00:00:00+00:00,155.0,159.0,155.0,157.5,157.02175903320312,5077035,0.0,0.0
2022-01-10 00:00:00+00:00,160.0,166.0,158.0,164.0,163.5020294189453,1590286,0.0,0.0
2022-01-11 00:00:00+00:00,165.0,166.5,164.0,164.0,163.5020294189453,2457128,0.0,0.0
2022-01-12 00:00:00+00:00,164.3000030517578,164.3000030517578,149.10000610351562,150.60000610351562,150.14271545410156,2490577,0.0,0.0
2022-01-13 00:00:00+00:00,150.3000030517578,154.89999389648438,149.6999969482422,153.3000030517578,152.8345184326172,1038060,0.0,0.0
2022-01-14 00:00:00+00:00,152.10000610351562,156.89999389648438,150.0,150.5,150.04298400878906,886979,0.0,0.0
2022-01-17 00:00:00+00:00,154.5,154.5,146.39999389648438,147.6999969482422,147.2515106201172,767386,0.0,0.0
2022-01-18 00:00:00+00:00,143.8000030517578,151.60000610351562,143.8000030517578,149.5,149.0460662841797,677861,0.0,0.0
2022-01-19 00:00:00+00:00,152.8000030517578,152.8000030517578,147.0,148.8000030517578,148.34817504882812,1272778,0.0,0.0
2022-01-20 00:00:00+00:00,150.10000610351562,150.1999969482422,146.8000030517578,148.8000030517578,148.34817504882812,375734,0.0,0.0
2022-01-21 00:00:00+00:00,146.39999389648438,148.6999969482422,145.63499450683594,146.89999389648438,146.4539337158203,558324,0.0,0.0
2022-01-24 00:00:00+00:00,150.1999969482422,150.1999969482422,136.6999969482422,138.0,137.58094787597656,1342003,0.0,0.0
2022-01-25 00:00:00+00:00,138.0,144.60000610351562,138.0,143.39999389648438,142.96456909179688,3965850,0.0,0.0
2022-01-26 00:00:00+00:00,146.1999969482422,148.60000610351562,145.1999969482422,145.8000030517578,145.35728454589844,549817,0.0,0.0
2022-01-27 00:00:00+00:00,143.10000610351562,149.89999389648438,143.10000610351562,147.89999389648438,147.45089721679688,1712781,0.0,0.0
2022-01-28 00:00:00+00:00,151.8000030517578,151.8000030517578,142.39999389648438,142.39999389648438,141.9676055908203,1491108,0.0,0.0
2022-01-31 00:00:00+00:00,144.5,145.10000610351562,140.0,140.1999969482422,139.7742919921875,1092201,0.0,0.0
2022-02-01 00:00:00+00:00,138.0,142.3000030517578,136.13699340820312,139.3000030517578,138.8770294189453,1347848,0.0,0.0
2022-02-02 00:00:00+00:00,141.6999969482422,141.6999969482422,138.10000610351562,138.10000610351562,137.68067932128906,540601,0.0,0.0
2022-02-03 00:00:00+00:00,138.10000610351562,139.8000030517578,137.60000610351562,137.60000610351562,137.18222045898438,874166,0.0,0.0
2022-02-04 00:00:00+00:00,138.8000030517578,140.0,134.39999389648438,136.10000610351562,135.68675231933594,903275,0.0,0.0
2022-02-07 00:00:00+00:00,133.0,137.0,133.0,136.1999969482422,135.7864227294922,722274,0.0,0.0
2022-02-08 00:00:00+00:00,137.39999389648438,137.39999389648438,133.8000030517578,134.6999969482422,134.29098510742188,565560,0.0,0.0
2022-02-09 00:00:00+00:00,137.6999969482422,137.6999969482422,132.1999969482422,135.89999389648438,135.4873504638672,1071278,0.0,0.0
2022-02-10 00:00:00+00:00,139.6999969482422,139.6999969482422,133.60000610351562,135.6999969482422,135.28794860839844,763616,0.0,0.0
2022-02-11 00:00:00+00:00,139.6999969482422,139.6999969482422,129.6999969482422,134.10000610351562,133.69281005859375,633931,0.0,0.0
2022-02-14 00:00:00+00:00,132.60000610351562,134.1999969482422,130.39999389648438,132.3000030517578,131.89828491210938,773331,0.0,0.0
2022-02-15 00:00:00+00:00,132.3000030517578,133.5,130.3000030517578,131.39999389648438,131.00099182128906,1721821,0.0,0.0
2022-02-16 00:00:00+00:00,130.60000610351562,131.8000030517578,128.89999389648438,131.3000030517578,130.9013214111328,959722,0.0,0.0
2022-02-17 00:00:00+00:00,131.39999389648438,132.60000610351562,127.0999984741211,127.30000305175781,126.91345977783203,1077694,0.0,0.0
2022-02-18 00:00:00+00:00,127.5999984741211,128.3000030517578,123.5,124.69999694824219,124.32135772705078,1460085,0.0,0.0
2022-02-21 00:00:00+00:00,125.80000305175781,125.80000305175781,120.9000015258789,124.4000015258789,124.02225494384766,927446,0.0,0.0
2022-02-22 00:00:00+00:00,127.19999694824219,127.19999694824219,120.66999816894531,121.0999984741211,120.73226928710938,4557674,0.0,0.0
2022-02-23 00:00:00+00:00,121.0,128.01100158691406,121.0,124.30000305175781,123.92257690429688,1706178,0.0,0.0
2022-02-24 00:00:00+00:00,122.80000305175781,122.9000015258789,117.80000305175781,118.0,117.6417007446289,1705236,0.0,0.0
2022-02-25 00:00:00+00:00,119.0,120.69999694824219,116.0,119.19999694824219,118.83805847167969,1856907,0.0,0.0
2022-02-28 00:00:00+00:00,117.69999694824219,120.5,115.5999984741211,119.9000015258789,119.53593444824219,814669,0.0,0.0
2022-03-01 00:00:00+00:00,123.19999694824219,123.19999694824219,112.0,112.5,112.15839385986328,1276587,0.0,0.0
2022-03-02 00:00:00+00:00,113.0,116.4000015258789,110.4000015258789,116.0,115.64775085449219,909585,0.0,0.0
2022-03-03 00:00:00+00:00,116.5999984741211,118.0009994506836,110.4000015258789,110.69999694824219,110.3638687133789,1048088,0.0,0.0
2022-03-04 00:00:00+00:00,108.5,113.5999984741211,105.19999694824219,112.9000015258789,112.55718994140625,2248820,0.0,0.0
2022-03-07 00:00:00+00:00,113.0999984741211,125.80000305175781,108.9000015258789,120.5999984741211,120.23381042480469,2715719,0.0,0.0
2022-03-08 00:00:00+00:00,123.19999694824219,125.0,119.19999694824219,120.9000015258789,120.53289794921875,7311418,0.0,0.0
2022-03-09 00:00:00+00:00,124.5,127.30000305175781,123.69999694824219,126.4000015258789,126.01619720458984,1178888,0.0,0.0
2022-03-10 00:00:00+00:00,127.5,128.11599731445312,123.80000305175781,125.19999694824219,124.81983184814453,1662762,0.0,0.0
2022-03-11 00:00:00+00:00,127.30000305175781,131.6999969482422,125.95899963378906,128.89999389648438,128.5085906982422,2094330,0.0,0.0
2022-03-14 00:00:00+00:00,129.0,131.3000030517578,127.36100006103516,131.0,130.60223388671875,1837520,0.0,0.0
2022-03-15 00:00:00+00:00,128.8000030517578,129.71200561523438,108.0,111.0,110.66295623779297,5345468,0.0,0.0
2022-03-16 00:00:00+00:00,114.0,120.0999984741211,113.19999694824219,118.5,118.14019012451172,6108251,0.0,0.0
2022-03-17 00:00:00+00:00,121.69999694824219,121.69999694824219,113.69999694824219,115.80000305175781,115.4483871459961,4124048,0.0,0.0
2022-03-18 00:00:00+00:00,116.0999984741211,123.5999984741211,113.3499984741211,122.69999694824219,122.32742309570312,6527236,0.0,0.0
2022-03-21 00:00:00+00:00,119.69999694824219,126.69999694824219,117.5,119.0,118.63866424560547,1058166,0.0,0.0
2022-03-22 00:00:00+00:00,121.19999694824219,134.14100646972656,120.5999984741211,133.3000030517578,132.89524841308594,5036839,0.0,0.0
2022-03-23 00:00:00+00:00,132.6999969482422,151.89999389648438,129.10000610351562,150.0,149.5445098876953,7449752,0.0,0.0
2022-03-24 00:00:00+00:00,147.8000030517578,153.60000610351562,147.1999969482422,149.8000030517578,149.3451385498047,2744808,0.0,0.0
2022-03-25 00:00:00+00:00,149.60000610351562,152.6540069580078,143.25999450683594,151.10000610351562,150.64120483398438,2118880,0.0,0.0
2022-03-28 00:00:00+01:00,153.8000030517578,154.8000030517578,147.6999969482422,148.5,148.04908752441406,1497686,0.0,0.0
2022-03-29 00:00:00+01:00,151.39999389648438,152.1699981689453,144.0,148.1999969482422,147.74998474121094,3866102,0.0,0.0
2022-03-30 00:00:00+01:00,146.89999389648438,153.0,146.53399658203125,152.0,151.53846740722656,2336720,0.0,0.0
2022-03-31 00:00:00+01:00,147.39999389648438,154.1999969482422,146.375,148.3000030517578,147.84970092773438,1734961,0.0,0.0
2022-04-01 00:00:00+01:00,151.5,151.60000610351562,147.75,150.0,149.5445098876953,1234234,0.0,0.0
2022-04-04 00:00:00+01:00,146.60000610351562,152.39999389648438,146.60000610351562,151.60000610351562,151.13970947265625,1432318,0.0,0.0
2022-04-05 00:00:00+01:00,150.5,151.39999389648438,147.5,149.3000030517578,148.84664916992188,860051,0.0,0.0
2022-04-06 00:00:00+01:00,148.0,150.1999969482422,146.8000030517578,149.0,148.54757690429688,1179958,0.0,0.0
2022-04-07 00:00:00+01:00,144.3000030517578,152.6750030517578,141.593994140625,145.89999389648438,145.51068115234375,1624968,5.5,0.0
2022-04-08 00:00:00+01:00,146.0,148.3520050048828,143.89999389648438,144.6999969482422,144.3138885498047,836769,0.0,0.0
2022-04-11 00:00:00+01:00,140.89999389648438,146.3000030517578,140.6999969482422,145.60000610351562,145.21151733398438,1129726,0.0,0.0
2022-04-12 00:00:00+01:00,145.0,149.10000610351562,144.39999389648438,146.89999389648438,146.50802612304688,832983,0.0,0.0
2022-04-13 00:00:00+01:00,149.89999389648438,149.89999389648438,143.5,143.5,143.11709594726562,1792017,0.0,0.0
2022-04-14 00:00:00+01:00,141.89999389648438,146.6999969482422,141.89999389648438,146.1999969482422,145.8098907470703,2836716,0.0,0.0
2022-04-19 00:00:00+01:00,143.89999389648438,145.89999389648438,143.1999969482422,144.0,143.6157684326172,1847198,0.0,0.0
2022-04-20 00:00:00+01:00,142.0,145.10000610351562,142.0,144.60000610351562,144.21417236328125,517123,0.0,0.0
2022-04-21 00:00:00+01:00,141.1999969482422,145.10000610351562,139.8000030517578,139.8000030517578,139.42697143554688,4380399,0.0,0.0
2022-04-22 00:00:00+01:00,138.0,140.89999389648438,135.1999969482422,136.89999389648438,136.53468322753906,1201607,0.0,0.0
2022-04-25 00:00:00+01:00,135.60000610351562,135.60000610351562,131.5,134.39999389648438,134.0413818359375,1247626,0.0,0.0
2022-04-26 00:00:00+01:00,137.39999389648438,137.39999389648438,133.1999969482422,133.1999969482422,132.84458923339844,3410649,0.0,0.0
2022-04-27 00:00:00+01:00,137.39999389648438,137.39999389648438,130.8000030517578,131.0,130.65045166015625,800670,0.0,0.0
2022-04-28 00:00:00+01:00,129.10000610351562,135.10000610351562,129.10000610351562,132.10000610351562,131.74752807617188,537827,0.0,0.0
2022-04-29 00:00:00+01:00,133.5,134.51100158691406,130.39999389648438,131.8000030517578,131.44833374023438,492321,0.0,0.0
2022-05-03 00:00:00+01:00,138.1999969482422,138.3000030517578,132.39999389648438,133.3000030517578,132.94430541992188,775180,0.0,0.0
2022-05-04 00:00:00+01:00,134.0,136.0,127.5,128.60000610351562,128.25686645507812,804284,0.0,0.0
2022-05-05 00:00:00+01:00,129.8000030517578,130.5,122.0999984741211,122.4000015258789,122.07340240478516,2220832,0.0,0.0
2022-05-06 00:00:00+01:00,122.69999694824219,124.69999694824219,116.0,118.0999984741211,117.78486633300781,1983233,0.0,0.0
2022-05-09 00:00:00+01:00,120.69999694824219,120.69999694824219,113.5999984741211,115.0999984741211,114.7928695678711,728676,0.0,0.0
2022-05-10 00:00:00+01:00,115.4000015258789,116.69999694824219,112.80000305175781,113.69999694824219,113.3966064453125,749169,0.0,0.0
2022-05-11 00:00:00+01:00,113.80000305175781,120.0,113.80000305175781,116.80000305175781,116.48834991455078,1884310,0.0,0.0
2022-05-12 00:00:00+01:00,115.4000015258789,117.37699890136719,109.75499725341797,114.30000305175781,113.9950180053711,1773525,0.0,0.0
2022-05-13 00:00:00+01:00,117.0,120.0,115.4000015258789,119.30000305175781,118.9816665649414,1082248,0.0,0.0
2022-05-16 00:00:00+01:00,120.0,124.69999694824219,119.69999694824219,124.4000015258789,124.06805419921875,1070460,0.0,0.0
2022-05-17 00:00:00+01:00,124.5999984741211,127.44999694824219,124.5999984741211,125.4000015258789,125.06539916992188,1301030,0.0,0.0
2022-05-18 00:00:00+01:00,129.5,129.5,122.5,123.69999694824219,123.36992645263672,606403,0.0,0.0
2022-05-19 00:00:00+01:00,122.5999984741211,123.69999694824219,119.0999984741211,122.0999984741211,121.77420043945312,923994,0.0,0.0
2022-05-20 00:00:00+01:00,120.69999694824219,123.0,119.9000015258789,120.30000305175781,119.97901153564453,1160071,0.0,0.0
2022-05-23 00:00:00+01:00,120.0,123.69999694824219,120.0,122.4000015258789,122.07340240478516,791175,0.0,0.0
2022-05-24 00:00:00+01:00,122.0,125.0,121.0999984741211,123.80000305175781,123.46967315673828,703025,0.0,0.0
2022-05-25 00:00:00+01:00,124.30000305175781,127.0,121.69999694824219,122.0,121.6744613647461,526064,0.0,0.0
2022-05-26 00:00:00+01:00,123.30000305175781,128.0,122.3280029296875,126.9000015258789,126.56139373779297,654861,0.0,0.0
2022-05-27 00:00:00+01:00,130.6999969482422,130.6999969482422,126.19999694824219,129.10000610351562,128.75552368164062,590523,0.0,0.0
2022-05-30 00:00:00+01:00,129.89999389648438,132.0,128.7239990234375,131.0,130.65045166015625,678483,0.0,0.0
2022-05-31 00:00:00+01:00,128.89999389648438,132.1999969482422,128.39999389648438,129.89999389648438,129.55337524414062,1264961,0.0,0.0
2022-06-01 00:00:00+01:00,131.0,133.10000610351562,130.3000030517578,130.3000030517578,129.9523468017578,368465,0.0,0.0
2022-06-06 00:00:00+01:00,131.39999389648438,134.5,131.39999389648438,133.0,132.64511108398438,494815,0.0,0.0
2022-06-07 00:00:00+01:00,134.0,134.1699981689453,131.0,134.10000610351562,133.7421875,531224,0.0,0.0
2022-06-08 00:00:00+01:00,136.89999389648438,136.89999389648438,132.5,133.0,132.64511108398438,856858,0.0,0.0
2022-06-09 00:00:00+01:00,133.39999389648438,133.39999389648438,129.10000610351562,129.10000610351562,128.75552368164062,1112950,0.0,0.0
2022-06-10 00:00:00+01:00,126.9000015258789,128.8000030517578,124.5,124.9000015258789,124.56673431396484,708410,0.0,0.0
2022-06-13 00:00:00+01:00,124.9000015258789,124.9000015258789,120.19999694824219,121.0,120.67713165283203,832334,0.0,0.0
2022-06-14 00:00:00+01:00,120.9000015258789,123.0,119.30000305175781,120.9000015258789,120.57740783691406,1098581,0.0,0.0
2022-06-15 00:00:00+01:00,122.69999694824219,125.5999984741211,120.9000015258789,124.0,123.66913604736328,694273,0.0,0.0
2022-06-16 00:00:00+01:00,127.0999984741211,127.0999984741211,119.69999694824219,121.0,120.67713165283203,2949477,0.0,0.0
2022-06-17 00:00:00+01:00,124.0999984741211,124.0999984741211,120.19999694824219,120.19999694824219,119.87925720214844,1562240,0.0,0.0
2022-06-20 00:00:00+01:00,121.0,123.25,117.30000305175781,117.69999694824219,117.38592529296875,647217,0.0,0.0
2022-06-21 00:00:00+01:00,118.4000015258789,118.99199676513672,117.19999694824219,117.80000305175781,117.48567962646484,338269,0.0,0.0
2022-06-22 00:00:00+01:00,116.69999694824219,118.5510025024414,115.0,117.30000305175781,116.98700714111328,1009674,0.0,0.0
2022-06-23 00:00:00+01:00,118.30000305175781,119.19999694824219,115.9000015258789,116.80000305175781,116.48834991455078,637426,0.0,0.0
2022-06-24 00:00:00+01:00,116.80000305175781,120.4000015258789,116.80000305175781,119.5,119.18114471435547,1526237,0.0,0.0
2022-06-27 00:00:00+01:00,120.0999984741211,121.4000015258789,119.69999694824219,121.0,120.67713165283203,739475,0.0,0.0
2022-06-28 00:00:00+01:00,118.0999984741211,123.80000305175781,118.0999984741211,121.69999694824219,121.3752670288086,676898,0.0,0.0
2022-06-29 00:00:00+01:00,118.30000305175781,120.0,114.0,114.19999694824219,113.89527893066406,1210133,0.0,0.0
2022-06-30 00:00:00+01:00,112.4000015258789,113.5,109.30000305175781,112.30000305175781,112.00035858154297,2114539,0.0,0.0
2022-07-01 00:00:00+01:00,109.19999694824219,112.19999694824219,108.80000305175781,112.0999984741211,111.80088806152344,901089,0.0,0.0
2022-07-04 00:00:00+01:00,111.0,112.5,107.0999984741211,108.0999984741211,107.8115463256836,668569,0.0,0.0
2022-07-05 00:00:00+01:00,109.30000305175781,109.30000305175781,102.69999694824219,103.5,103.22382354736328,1231690,0.0,0.0
2022-07-06 00:00:00+01:00,105.69999694824219,106.5,104.19999694824219,106.30000305175781,106.01636505126953,1140730,0.0,0.0
2022-07-07 00:00:00+01:00,107.0999984741211,107.5999984741211,106.0,106.0,105.71715545654297,718808,0.0,0.0
2022-07-08 00:00:00+01:00,107.0,107.19999694824219,104.19999694824219,105.5,105.218505859375,1430751,0.0,0.0
2022-07-11 00:00:00+01:00,105.19999694824219,106.19999694824219,103.0999984741211,103.5999984741211,103.32355499267578,697378,0.0,0.0
2022-07-12 00:00:00+01:00,104.0,104.26300048828125,100.8499984741211,104.0,103.72250366210938,1344572,0.0,0.0
2022-07-13 00:00:00+01:00,101.80000305175781,103.69999694824219,101.0,102.5,102.22650146484375,1545631,0.0,0.0
2022-07-14 00:00:00+01:00,101.80000305175781,103.0,101.5999984741211,102.5,102.22650146484375,1500080,0.0,0.0
2022-07-15 00:00:00+01:00,102.0,107.69999694824219,102.0,107.4000015258789,107.11341857910156,1090838,0.0,0.0
2022-07-18 00:00:00+01:00,111.4000015258789,111.4000015258789,107.9000015258789,110.0,109.70648193359375,557961,0.0,0.0
2022-07-19 00:00:00+01:00,109.80000305175781,113.5999984741211,109.19999694824219,113.5999984741211,113.29688262939453,480157,0.0,0.0
2022-07-20 00:00:00+01:00,110.4000015258789,115.30000305175781,110.4000015258789,113.5,113.1971435546875,521990,0.0,0.0
2022-07-21 00:00:00+01:00,116.0,119.30000305175781,113.69999694824219,118.5,118.1838150024414,993301,0.0,0.0
2022-07-22 00:00:00+01:00,115.80000305175781,121.30000305175781,115.80000305175781,119.69999694824219,119.38060760498047,1135118,0.0,0.0
2022-07-25 00:00:00+01:00,119.80000305175781,121.5,117.4000015258789,119.69999694824219,119.38060760498047,772035,0.0,0.0
2022-07-26 00:00:00+01:00,119.69999694824219,121.5999984741211,118.5999984741211,118.80000305175781,118.4830093383789,2562054,0.0,0.0
2022-07-27 00:00:00+01:00,116.4000015258789,119.9000015258789,116.4000015258789,117.5,117.18647766113281,1019825,0.0,0.0
2022-07-28 00:00:00+01:00,118.4000015258789,118.9000015258789,117.5,118.5999984741211,118.28353881835938,750869,0.0,0.0
2022-07-29 00:00:00+01:00,117.19999694824219,119.9000015258789,117.19999694824219,119.0,118.6824722290039,1142877,0.0,0.0
2022-08-01 00:00:00+01:00,121.0,121.5,119.0,120.69999694824219,120.37793731689453,1903703,0.0,0.0
2022-08-02 00:00:00+01:00,118.5999984741211,120.19999694824219,116.69999694824219,118.5,118.1838150024414,666944,0.0,0.0
2022-08-03 00:00:00+01:00,119.0999984741211,119.9000015258789,118.47599792480469,119.9000015258789,119.580078125,2346438,0.0,0.0
2022-08-04 00:00:00+01:00,120.0,131.10000610351562,119.69999694824219,129.1999969482422,128.85525512695312,2615790,0.0,0.0
2022-08-05 00:00:00+01:00,128.8000030517578,137.8000030517578,128.60000610351562,137.8000030517578,137.4323272705078,1844481,0.0,0.0
2022-08-08 00:00:00+01:00,137.89999389648438,140.0,134.5,136.5,136.1357879638672,798695,0.0,0.0
2022-08-09 00:00:00+01:00,136.10000610351562,138.1999969482422,130.89999389648438,132.5,132.14642333984375,1742836,0.0,0.0
2022-08-10 00:00:00+01:00,138.5,152.1999969482422,136.15199279785156,150.5,150.09840393066406,6298858,0.0,0.0
2022-08-11 00:00:00+01:00,149.5,153.0,148.1999969482422,150.0,149.5997314453125,1809844,0.0,0.0
2022-08-12 00:00:00+01:00,148.6999969482422,153.10000610351562,143.5,150.89999389648438,150.49732971191406,1233867,0.0,0.0
2022-08-15 00:00:00+01:00,153.10000610351562,156.1999969482422,150.8000030517578,155.3000030517578,154.8856201171875,1351496,0.0,0.0
2022-08-16 00:00:00+01:00,154.3000030517578,161.35000610351562,154.3000030517578,159.60000610351562,159.17413330078125,3453689,0.0,0.0
2022-08-17 00:00:00+01:00,155.3000030517578,162.5,154.8000030517578,155.8000030517578,155.38430786132812,4174770,0.0,0.0
2022-08-18 00:00:00+01:00,155.0,160.6999969482422,154.20799255371094,158.60000610351562,158.17684936523438,1199751,0.0,0.0
2022-08-19 00:00:00+01:00,155.60000610351562,159.10499572753906,154.1999969482422,156.10000610351562,155.68348693847656,1792601,0.0,0.0
2022-08-22 00:00:00+01:00,157.3000030517578,159.3000030517578,154.89999389648438,155.39999389648438,154.98533630371094,2228213,0.0,0.0
2022-08-23 00:00:00+01:00,154.3000030517578,159.89999389648438,154.0489959716797,159.89999389648438,159.47335815429688,2085380,0.0,0.0
2022-08-24 00:00:00+01:00,155.1999969482422,159.32400512695312,152.8000030517578,155.6999969482422,155.28456115722656,3152620,0.0,0.0
2022-08-25 00:00:00+01:00,151.10000610351562,156.0,151.10000610351562,155.6999969482422,155.28456115722656,928833,0.0,0.0
2022-08-26 00:00:00+01:00,158.60000610351562,158.60000610351562,153.5,154.39999389648438,153.98802185058594,1117991,0.0,0.0
2022-08-30 00:00:00+01:00,155.0,156.3000030517578,151.8000030517578,153.3000030517578,152.89096069335938,1568116,0.0,0.0
2022-08-31 00:00:00+01:00,156.60000610351562,156.60000610351562,152.1999969482422,153.89999389648438,153.48934936523438,1443971,0.0,0.0
2022-09-01 00:00:00+01:00,153.60000610351562,154.47999572753906,146.8000030517578,149.0,148.60243225097656,1349644,0.0,0.0
2022-09-02 00:00:00+01:00,144.60000610351562,154.39999389648438,144.60000610351562,154.39999389648438,153.98802185058594,842555,0.0,0.0
2022-09-05 00:00:00+01:00,150.60000610351562,155.6999969482422,150.60000610351562,155.0,154.58641052246094,1359152,0.0,0.0
2022-09-06 00:00:00+01:00,151.5,157.5,151.5,156.6999969482422,156.2818603515625,2210210,0.0,0.0
2022-09-07 00:00:00+01:00,154.3000030517578,160.64999389648438,153.10000610351562,160.10000610351562,159.6728057861328,3496146,0.0,0.0
2022-09-08 00:00:00+01:00,161.1999969482422,163.0,159.29299926757812,163.0,162.56504821777344,1083783,0.0,0.0
2022-09-09 00:00:00+01:00,163.0,172.10000610351562,163.0,171.1999969482422,170.74317932128906,2973352,0.0,0.0
2022-09-12 00:00:00+01:00,172.4320068359375,174.3000030517578,169.5,172.60000610351562,172.1394500732422,3161718,0.0,0.0
2022-09-13 00:00:00+01:00,172.8000030517578,173.1999969482422,168.8000030517578,168.8000030517578,168.34959411621094,2204611,0.0,0.0
2022-09-14 00:00:00+01:00,165.5,169.0,163.9290008544922,167.10000610351562,166.6541290283203,1169486,0.0,0.0
2022-09-15 00:00:00+01:00,166.1999969482422,170.5,163.6999969482422,168.6999969482422,168.24986267089844,2937802,0.0,0.0
2022-09-16 00:00:00+01:00,168.10000610351562,169.0,163.5,164.60000610351562,164.1608123779297,2168710,0.0,0.0
2022-09-20 00:00:00+01:00,161.39999389648438,165.1999969482422,160.89999389648438,164.0,163.56240844726562,1779198,0.0,0.0
2022-09-21 00:00:00+01:00,165.0,169.5,161.88699340820312,168.3000030517578,167.8509521484375,6278414,0.0,0.0
2022-09-22 00:00:00+01:00,171.8000030517578,171.8000030517578,165.10000610351562,168.89999389648438,168.44932556152344,1241087,0.0,0.0
2022-09-23 00:00:00+01:00,171.3000030517578,172.5500030517578,168.6009979248047,171.3000030517578,170.84291076660156,1582309,0.0,0.0
2022-09-26 00:00:00+01:00,170.0,174.60000610351562,168.8000030517578,174.39999389648438,173.9346466064453,2898773,0.0,0.0
2022-09-27 00:00:00+01:00,176.89999389648438,184.39999389648438,174.60000610351562,179.0,178.52236938476562,5599316,0.0,0.0
2022-09-28 00:00:00+01:00,176.6999969482422,177.6999969482422,173.60000610351562,176.39999389648438,175.92929077148438,4860856,0.0,0.0
2022-09-29 00:00:00+01:00,173.0,180.1999969482422,173.0,179.8000030517578,179.32025146484375,3261967,0.0,0.0
2022-09-30 00:00:00+01:00,177.5,199.39999389648438,177.39999389648438,196.0,195.4770050048828,6748837,0.0,0.0
2022-10-03 00:00:00+01:00,197.6999969482422,199.89999389648438,186.39999389648438,192.89999389648438,192.3852996826172,1966532,0.0,0.0
2022-10-04 00:00:00+01:00,189.0,206.0,184.6999969482422,204.0,203.45565795898438,6562908,0.0,0.0
2022-10-05 00:00:00+01:00,200.0,205.0,200.0,204.39999389648438,203.85459899902344,2844604,0.0,0.0
2022-10-06 00:00:00+01:00,203.39999389648438,210.1999969482422,198.89999389648438,198.89999389648438,198.4129638671875,9103665,4.5,0.0
2022-10-07 00:00:00+01:00,198.60000610351562,199.3000030517578,194.39999389648438,197.3000030517578,196.81687927246094,1457118,0.0,0.0
2022-10-10 00:00:00+01:00,202.39999389648438,202.39999389648438,195.6999969482422,196.0,195.52005004882812,1068161,0.0,0.0
2022-10-11 00:00:00+01:00,195.3000030517578,196.39999389648438,189.60000610351562,191.8000030517578,191.33033752441406,2082836,0.0,0.0
2022-10-12 00:00:00+01:00,187.5,193.10000610351562,185.1999969482422,188.6999969482422,188.23794555664062,1579248,0.0,0.0
2022-10-13 00:00:00+01:00,189.39999389648438,191.0,181.6999969482422,182.39999389648438,181.95335388183594,4424517,0.0,0.0
2022-10-14 00:00:00+01:00,187.39999389648438,193.0850067138672,181.60000610351562,181.60000610351562,181.15533447265625,2989391,0.0,0.0
2022-10-17 00:00:00+01:00,184.3000030517578,184.6999969482422,180.64999389648438,182.60000610351562,182.15289306640625,2944455,0.0,0.0
2022-10-18 00:00:00+01:00,184.0,186.5,181.89999389648438,183.10000610351562,182.65162658691406,1582239,0.0,0.0
2022-10-19 00:00:00+01:00,181.3000030517578,184.1999969482422,179.5,180.0,179.5592498779297,1207311,0.0,0.0
2022-10-20 00:00:00+01:00,178.10000610351562,180.39999389648438,177.10000610351562,179.0,178.5616912841797,1370518,0.0,0.0
2022-10-21 00:00:00+01:00,179.5,179.6999969482422,177.0,177.3000030517578,176.8658447265625,772316,0.0,0.0
2022-10-24 00:00:00+01:00,178.1999969482422,180.10000610351562,175.89999389648438,179.0,178.5616912841797,1707629,0.0,0.0
2022-10-25 00:00:00+01:00,179.5,181.1999969482422,178.39999389648438,180.5,180.05799865722656,1380605,0.0,0.0
2022-10-26 00:00:00+01:00,180.39999389648438,184.5,177.9550018310547,182.89999389648438,182.45213317871094,2918886,0.0,0.0
2022-10-27 00:00:00+01:00,184.0,187.3000030517578,181.70199584960938,186.89999389648438,186.4423370361328,2799891,0.0,0.0
2022-10-28 00:00:00+01:00,182.39999389648438,186.10000610351562,182.39999389648438,185.0,184.54701232910156,1234631,0.0,0.0
2022-10-31 00:00:00+00:00,184.89999389648438,187.8000030517578,181.8000030517578,184.0,183.54945373535156,1428173,0.0,0.0
2022-11-01 00:00:00+00:00,189.39999389648438,189.39999389648438,176.50100708007812,177.89999389648438,177.46438598632812,3075090,0.0,0.0
2022-11-02 00:00:00+00:00,180.3000030517578,180.3000030517578,172.5,174.5,174.0727081298828,6210505,0.0,0.0
2022-11-03 00:00:00+00:00,178.5,178.5,172.8000030517578,175.5,175.0702362060547,4044589,0.0,0.0
2022-11-04 00:00:00+00:00,179.3000030517578,185.36000061035156,173.6999969482422,175.0,174.5714874267578,1866400,0.0,0.0
2022-11-07 00:00:00+00:00,175.3000030517578,179.0,172.89999389648438,176.6999969482422,176.26731872558594,2118306,0.0,0.0
2022-11-08 00:00:00+00:00,172.0,177.3000030517578,172.0,173.1999969482422,172.77587890625,932328,0.0,0.0
2022-11-09 00:00:00+00:00,171.5,174.60000610351562,170.10000610351562,171.0,170.58126831054688,1222303,0.0,0.0
2022-11-10 00:00:00+00:00,170.6999969482422,181.1999969482422,170.5489959716797,180.1999969482422,179.7587432861328,1496722,0.0,0.0
2022-11-11 00:00:00+00:00,183.10000610351562,190.10000610351562,180.3000030517578,182.10000610351562,181.6541290283203,3012340,0.0,0.0
2022-11-14 00:00:00+00:00,179.0,183.10000610351562,177.0,180.39999389648438,179.95828247070312,1176658,0.0,0.0
2022-11-15 00:00:00+00:00,182.60000610351562,182.60000610351562,176.6999969482422,177.1999969482422,176.76609802246094,1518166,0.0,0.0
2022-11-16 00:00:00+00:00,181.39999389648438,181.39999389648438,170.80999755859375,171.89999389648438,171.4790802001953,979292,0.0,0.0
2022-11-17 00:00:00+00:00,171.1999969482422,173.1999969482422,169.4199981689453,172.10000610351562,171.67860412597656,811031,0.0,0.0
2022-11-18 00:00:00+00:00,168.6999969482422,176.3000030517578,168.6999969482422,174.0,173.57394409179688,2589058,0.0,0.0
2022-11-21 00:00:00+00:00,173.6999969482422,177.1999969482422,170.89999389648438,174.60000610351562,174.17247009277344,960051,0.0,0.0
2022-11-22 00:00:00+00:00,176.0,177.3000030517578,173.60000610351562,174.3000030517578,173.8732147216797,1023816,0.0,0.0
2022-11-23 00:00:00+00:00,174.8000030517578,177.89999389648438,174.8000030517578,176.89999389648438,176.46681213378906,1004831,0.0,0.0
2022-11-24 00:00:00+00:00,179.39999389648438,179.39999389648438,176.1999969482422,177.10000610351562,176.66636657714844,468533,0.0,0.0
2022-11-25 00:00:00+00:00,176.0,178.10000610351562,174.3000030517578,175.89999389648438,175.46926879882812,717507,0.0,0.0
2022-11-28 00:00:00+00:00,173.89999389648438,178.3000030517578,173.5,176.0,175.5690460205078,3241673,0.0,0.0
2022-11-29 00:00:00+00:00,174.3000030517578,177.0,174.1999969482422,174.1999969482422,173.77346801757812,849041,0.0,0.0
2022-11-30 00:00:00+00:00,175.0,177.1999969482422,172.8000030517578,175.0,174.5714874267578,2868972,0.0,0.0
2022-12-01 00:00:00+00:00,170.60000610351562,180.9010009765625,170.60000610351562,178.6999969482422,178.2624053955078,1515746,0.0,0.0
2022-12-02 00:00:00+00:00,183.3000030517578,183.3000030517578,174.6999969482422,175.1999969482422,174.77099609375,760460,0.0,0.0
2022-12-05 00:00:00+00:00,175.89999389648438,179.3000030517578,171.39999389648438,172.1999969482422,171.77833557128906,610197,0.0,0.0
2022-12-06 00:00:00+00:00,169.0,172.8000030517578,168.8000030517578,169.60000610351562,169.18472290039062,615144,0.0,0.0
2022-12-07 00:00:00+00:00,167.39999389648438,171.1999969482422,166.3000030517578,169.89999389648438,169.48397827148438,1188433,0.0,0.0
2022-12-08 00:00:00+00:00,169.89999389648438,173.89999389648438,167.5,170.1999969482422,169.7832489013672,692839,0.0,0.0
2022-12-09 00:00:00+00:00,174.39999389648438,174.39999389648438,165.5,166.3000030517578,165.89279174804688,950018,0.0,0.0
2022-12-12 00:00:00+00:00,165.0,168.60000610351562,164.89999389648438,167.60000610351562,167.18960571289062,560173,0.0,0.0
2022-12-13 00:00:00+00:00,167.39999389648438,173.8000030517578,167.39999389648438,171.89999389648438,171.4790802001953,1249158,0.0,0.0
2022-12-14 00:00:00+00:00,171.39999389648438,174.60000610351562,169.8000030517578,174.60000610351562,174.17247009277344,1250548,0.0,0.0
2022-12-15 00:00:00+00:00,174.10000610351562,176.8000030517578,172.10000610351562,172.3000030517578,171.8780975341797,554214,0.0,0.0
2022-12-16 00:00:00+00:00,170.60000610351562,172.39999389648438,169.6999969482422,171.3000030517578,170.88052368164062,2110700,0.0,0.0
2022-12-19 00:00:00+00:00,168.0,173.39999389648438,168.0,170.5,170.08250427246094,578767,0.0,0.0
2022-12-20 00:00:00+00:00,170.5,174.60000610351562,166.8000030517578,167.8000030517578,167.38912963867188,1988136,0.0,0.0
2022-12-21 00:00:00+00:00,167.6999969482422,171.6999969482422,167.60000610351562,171.5,171.08004760742188,779593,0.0,0.0
2022-12-22 00:00:00+00:00,171.8000030517578,174.8000030517578,171.8000030517578,173.39999389648438,172.9753875732422,685998,0.0,0.0
2022-12-23 00:00:00+00:00,173.1999969482422,174.89999389648438,172.38099670410156,174.39999389648438,173.9729461669922,205348,0.0,0.0
2022-12-28 00:00:00+00:00,178.5,178.5,173.1999969482422,174.39999389648438,173.9729461669922,359791,0.0,0.0
2022-12-29 00:00:00+00:00,177.5,177.5,172.5,176.3000030517578,175.8683319091797,257268,0.0,0.0
2022-12-30 00:00:00+00:00,177.3000030517578,177.3000030517578,173.10000610351562,174.5,174.0727081298828,219372,0.0,0.0
2023-01-03 00:00:00+00:00,174.6999969482422,178.5,171.6999969482422,174.1999969482422,173.77346801757812,3355279,0.0,0.0
2023-01-04 00:00:00+00:00,174.89999389648438,176.8000030517578,172.1999969482422,176.10000610351562,175.66879272460938,717015,0.0,0.0
2023-01-05 00:00:00+00:00,175.1999969482422,178.10000610351562,174.89999389648438,177.60000610351562,177.1651153564453,398494,0.0,0.0
2023-01-06 00:00:00+00:00,176.6999969482422,180.0,174.5,177.3000030517578,176.8658447265625,663288,0.0,0.0
2023-01-09 00:00:00+00:00,181.8000030517578,183.1999969482422,176.60000610351562,176.60000610351562,176.16758728027344,554237,0.0,0.0
2023-01-10 00:00:00+00:00,174.0,179.3000030517578,173.03799438476562,176.0,175.5690460205078,566808,0.0,0.0
2023-01-11 00:00:00+00:00,178.6999969482422,182.5,176.89999389648438,176.89999389648438,176.46681213378906,931131,0.0,0.0
2023-01-12 00:00:00+00:00,176.60000610351562,181.5,176.44900512695312,180.60000610351562,180.15777587890625,2483130,0.0,0.0
2023-01-13 00:00:00+00:00,180.3000030517578,186.1999969482422,179.8000030517578,180.60000610351562,180.15777587890625,931440,0.0,0.0
2023-01-16 00:00:00+00:00,179.89999389648438,183.89999389648438,178.73399353027344,181.60000610351562,181.15533447265625,368682,0.0,0.0
2023-01-17 00:00:00+00:00,180.6999969482422,182.1999969482422,174.1999969482422,176.3000030517578,175.8683319091797,1160870,0.0,0.0
2023-01-18 00:00:00+00:00,175.8000030517578,177.5,173.89999389648438,173.89999389648438,173.4741668701172,773539,0.0,0.0
2023-01-19 00:00:00+00:00,175.5,175.5,172.10000610351562,173.3000030517578,172.87564086914062,776832,0.0,0.0
2023-01-20 00:00:00+00:00,173.60000610351562,180.39999389648438,173.21499633789062,177.89999389648438,177.46438598632812,983144,0.0,0.0
2023-01-23 00:00:00+00:00,175.6999969482422,180.39999389648438,175.5,176.6999969482422,176.26731872558594,495686,0.0,0.0
2023-01-24 00:00:00+00:00,176.60000610351562,182.5,175.8489990234375,178.39999389648438,177.9631805419922,356293,0.0,0.0
2023-01-25 00:00:00+00:00,179.60000610351562,183.5,175.3000030517578,176.3000030517578,175.8683319091797,522478,0.0,0.0
2023-01-26 00:00:00+00:00,177.60000610351562,179.3000030517578,175.0,178.0,177.56414794921875,583890,0.0,0.0
2023-01-27 00:00:00+00:00,176.0,182.6999969482422,176.0,182.6999969482422,182.2526397705078,616713,0.0,0.0
2023-01-30 00:00:00+00:00,181.3000030517578,185.39999389648438,179.7530059814453,184.60000610351562,184.1479949951172,1079135,0.0,0.0
2023-01-31 00:00:00+00:00,183.6999969482422,183.6999969482422,175.0,176.60000610351562,176.16758728027344,1416637,0.0,0.0
2023-02-01 00:00:00+00:00,172.0,181.6999969482422,172.0,176.89999389648438,176.46681213378906,1541995,0.0,0.0
2023-02-02 00:00:00+00:00,173.3000030517578,181.8000030517578,173.3000030517578,181.1999969482422,180.7563018798828,812919,0.0,0.0
2023-02-03 00:00:00+00:00,180.6999969482422,181.89999389648438,178.5,181.0,180.55677795410156,494621,0.0,0.0
2023-02-06 00:00:00+00:00,177.10000610351562,181.5,177.10000610351562,180.39999389648438,179.95828247070312,541203,0.0,0.0
2023-02-07 00:00:00+00:00,179.8000030517578,181.0,175.5,177.1999969482422,176.76609802246094,460058,0.0,0.0
2023-02-08 00:00:00+00:00,177.6999969482422,179.1999969482422,172.3000030517578,172.3000030517578,171.8780975341797,1774434,0.0,0.0
2023-02-09 00:00:00+00:00,176.5,176.5,170.24000549316406,171.8000030517578,171.3793182373047,4562478,0.0,0.0
2023-02-10 00:00:00+00:00,168.3000030517578,174.1999969482422,168.3000030517578,174.10000610351562,173.67369079589844,781242,0.0,0.0
2023-02-13 00:00:00+00:00,173.0,178.60000610351562,171.60299682617188,177.39999389648438,176.96559143066406,786250,0.0,0.0
2023-02-14 00:00:00+00:00,174.39999389648438,180.39999389648438,174.30499267578125,180.3000030517578,179.8585205078125,1138762,0.0,0.0
2023-02-15 00:00:00+00:00,179.89999389648438,182.60000610351562,177.89999389648438,181.8000030517578,181.35482788085938,1003113,0.0,0.0
2023-02-16 00:00:00+00:00,185.89999389648438,185.89999389648438,179.60000610351562,181.3000030517578,180.8560791015625,2858683,0.0,0.0
2023-02-17 00:00:00+00:00,180.6999969482422,182.6999969482422,179.60000610351562,181.0,180.55677795410156,720858,0.0,0.0
2023-02-20 00:00:00+00:00,179.39999389648438,184.60000610351562,178.1999969482422,183.5,183.0506591796875,700094,0.0,0.0
2023-02-21 00:00:00+00:00,184.10000610351562,184.1999969482422,181.0,183.39999389648438,182.95091247558594,1946986,0.0,0.0
2023-02-22 00:00:00+00:00,184.89999389648438,184.89999389648438,179.10000610351562,181.6999969482422,181.25506591796875,580821,0.0,0.0
2023-02-23 00:00:00+00:00,181.0,186.0,180.39999389648438,184.0,183.54945373535156,657482,0.0,0.0
2023-02-24 00:00:00+00:00,181.6999969482422,185.1999969482422,178.5,180.8000030517578,180.35728454589844,571352,0.0,0.0
2023-02-27 00:00:00+00:00,179.39999389648438,186.0,179.39999389648438,186.0,185.5445556640625,545111,0.0,0.0
2023-02-28 00:00:00+00:00,185.5,193.0,184.802001953125,193.0,192.5274200439453,3135407,0.0,0.0
2023-03-01 00:00:00+00:00,194.5,195.1999969482422,189.3000030517578,195.0,194.5225067138672,5876216,0.0,0.0
2023-03-02 00:00:00+00:00,195.0,198.6999969482422,194.3000030517578,194.8000030517578,194.322998046875,1898382,0.0,0.0
2023-03-03 00:00:00+00:00,195.5,198.39999389648438,192.6999969482422,197.60000610351562,197.1161651611328,817653,0.0,0.0
2023-03-06 00:00:00+00:00,193.3000030517578,199.5,192.5,199.5,199.01148986816406,1202832,0.0,0.0
2023-03-07 00:00:00+00:00,202.60000610351562,202.60000610351562,193.60000610351562,194.60000610351562,194.12350463867188,1648472,0.0,0.0
2023-03-08 00:00:00+00:00,198.3000030517578,198.3000030517578,187.60000610351562,188.89999389648438,188.4374237060547,586822,0.0,0.0
2023-03-09 00:00:00+00:00,184.3000030517578,192.89999389648438,184.3000030517578,190.5,190.03353881835938,554982,0.0,0.0
2023-03-10 00:00:00+00:00,189.0,196.0,180.19900512695312,185.1999969482422,184.7465057373047,1898845,0.0,0.0
2023-03-13 00:00:00+00:00,180.39999389648438,186.39999389648438,176.4250030517578,178.39999389648438,177.9631805419922,923955,0.0,0.0
2023-03-14 00:00:00+00:00,180.0,183.39999389648438,158.39999389648438,170.1999969482422,169.7832489013672,4002471,0.0,0.0
2023-03-15 00:00:00+00:00,174.3000030517578,174.3000030517578,161.39999389648438,161.89999389648438,161.50357055664062,1906015,0.0,0.0
2023-03-16 00:00:00+00:00,163.8000030517578,168.0,162.6999969482422,166.89999389648438,166.49131774902344,1201899,0.0,0.0
2023-03-17 00:00:00+00:00,162.89999389648438,172.0,162.89999389648438,171.0,170.58126831054688,3134381,0.0,0.0
2023-03-20 00:00:00+00:00,168.89999389648438,175.6999969482422,167.60000610351562,171.60000610351562,171.1798095703125,831291,0.0,0.0
2023-03-21 00:00:00+00:00,168.39999389648438,178.39999389648438,168.39999389648438,178.39999389648438,177.9631805419922,1011570,0.0,0.0
2023-03-22 00:00:00+00:00,182.10000610351562,182.10000610351562,176.39999389648438,177.3000030517578,176.8658447265625,996618,0.0,0.0
2023-03-23 00:00:00+00:00,178.39999389648438,187.0,176.39999389648438,185.6999969482422,185.24526977539062,2567957,0.0,0.0
2023-03-24 00:00:00+00:00,185.39999389648438,185.39999389648438,175.8000030517578,180.10000610351562,179.6590118408203,1116022,0.0,0.0
2023-03-27 00:00:00+01:00,181.8000030517578,182.10000610351562,179.0,179.5,179.0604705810547,805266,0.0,0.0
2023-03-28 00:00:00+01:00,184.3000030517578,184.3000030517578,175.89999389648438,176.8000030517578,176.3670654296875,1291041,0.0,0.0
2023-03-29 00:00:00+01:00,181.10000610351562,181.10000610351562,176.39999389648438,179.8000030517578,179.3597412109375,807301,0.0,0.0
2023-03-30 00:00:00+01:00,176.89999389648438,182.1999969482422,176.89999389648438,181.39999389648438,180.955810546875,1246003,0.0,0.0
2023-03-31 00:00:00+01:00,178.60000610351562,181.5,177.0959930419922,180.10000610351562,179.6590118408203,2398411,0.0,0.0
2023-04-03 00:00:00+01:00,180.89999389648438,182.5,176.1999969482422,177.6999969482422,177.26487731933594,1005939,0.0,0.0
2023-04-04 00:00:00+01:00,181.39999389648438,181.39999389648438,175.6999969482422,178.1999969482422,177.7636260986328,1705511,0.0,0.0
2023-04-05 00:00:00+01:00,180.6999969482422,180.6999969482422,174.0,174.5,174.0727081298828,997684,0.0,0.0
2023-04-06 00:00:00+01:00,175.3000030517578,180.5,174.1999969482422,180.5,180.05799865722656,738619,0.0,0.0
2023-04-11 00:00:00+01:00,182.0,183.39999389648438,176.93600463867188,181.8000030517578,181.35482788085938,854899,0.0,0.0
2023-04-12 00:00:00+01:00,182.39999389648438,186.39999389648438,177.85299682617188,181.1999969482422,180.7563018798828,502978,0.0,0.0
2023-04-13 00:00:00+01:00,175.8000030517578,176.60000610351562,173.10000610351562,174.8000030517578,174.44802856445312,335664,7.9000006,0.0
2023-04-14 00:00:00+01:00,176.0,176.60000610351562,172.6999969482422,173.8000030517578,173.4500732421875,547173,0.0,0.0
2023-04-17 00:00:00+01:00,174.60000610351562,177.5,169.3000030517578,170.3000030517578,169.95709228515625,1130627,0.0,0.0
2023-04-18 00:00:00+01:00,171.60000610351562,172.89999389648438,169.3000030517578,170.0,169.65769958496094,939676,0.0,0.0
2023-04-19 00:00:00+01:00,169.1999969482422,171.0,166.10000610351562,169.89999389648438,169.5579071044922,988950,0.0,0.0
2023-04-20 00:00:00+01:00,171.0,172.89999389648438,169.6999969482422,169.6999969482422,169.35829162597656,1052182,0.0,0.0
2023-04-21 00:00:00+01:00,170.60000610351562,174.3000030517578,169.0,173.1999969482422,172.85125732421875,904501,0.0,0.0
2023-04-24 00:00:00+01:00,169.6999969482422,174.0,169.6999969482422,170.5,170.1566925048828,426294,0.0,0.0
2023-04-25 00:00:00+01:00,175.3000030517578,175.3000030517578,168.60000610351562,170.1999969482422,169.8572998046875,317845,0.0,0.0
2023-04-26 00:00:00+01:00,166.5,170.60000610351562,165.8000030517578,167.60000610351562,167.2625274658203,972917,0.0,0.0
2023-04-27 00:00:00+01:00,164.60000610351562,169.0,164.60000610351562,167.6999969482422,167.36233520507812,401811,0.0,0.0
2023-04-28 00:00:00+01:00,166.0,170.71400451660156,166.0,170.10000610351562,169.7575225830078,1151349,0.0,0.0
2023-05-02 00:00:00+01:00,173.10000610351562,173.10000610351562,165.3000030517578,165.3000030517578,164.96717834472656,565593,0.0,0.0
2023-05-03 00:00:00+01:00,165.0,169.3000030517578,163.8000030517578,169.3000030517578,168.9591064453125,3071679,0.0,0.0
2023-05-04 00:00:00+01:00,169.8000030517578,171.10000610351562,167.3000030517578,171.0,170.6556854248047,1218107,0.0,0.0
2023-05-05 00:00:00+01:00,173.10000610351562,173.1999969482422,168.6999969482422,172.60000610351562,172.25245666503906,473730,0.0,0.0
2023-05-09 00:00:00+01:00,177.1999969482422,177.1999969482422,168.8000030517578,171.0,170.6556854248047,570892,0.0,0.0
2023-05-10 00:00:00+01:00,169.60000610351562,173.5,168.8000030517578,170.0,169.65769958496094,582047,0.0,0.0
2023-05-11 00:00:00+01:00,167.10000610351562,171.1999969482422,167.10000610351562,169.6999969482422,169.35829162597656,543781,0.0,0.0
2023-05-12 00:00:00+01:00,170.3000030517578,171.5,168.5500030517578,169.39999389648438,169.0588836669922,437897,0.0,0.0
2023-05-15 00:00:00+01:00,170.5,170.89999389648438,167.8000030517578,169.6999969482422,169.35829162597656,388735,0.0,0.0
2023-05-16 00:00:00+01:00,168.6999969482422,173.1999969482422,167.89999389648438,169.0,168.6597137451172,453986,0.0,0.0
2023-05-17 00:00:00+01:00,170.5,170.5,159.6999969482422,162.8000030517578,162.47219848632812,927839,0.0,0.0
2023-05-18 00:00:00+01:00,158.5,164.60000610351562,158.5,162.6999969482422,162.3723907470703,593413,0.0,0.0
2023-05-19 00:00:00+01:00,161.5,165.3000030517578,161.5,164.39999389648438,164.0689697265625,471322,0.0,0.0
2023-05-22 00:00:00+01:00,163.39999389648438,164.39999389648438,161.10000610351562,162.0,161.67381286621094,1253685,0.0,0.0
2023-05-23 00:00:00+01:00,164.5,164.89999389648438,159.5,160.0,159.67784118652344,1351617,0.0,0.0
2023-05-24 00:00:00+01:00,163.6999969482422,163.6999969482422,154.89999389648438,156.3000030517578,155.9853057861328,1019895,0.0,0.0
2023-05-25 00:00:00+01:00,159.0,159.0,154.8000030517578,155.8000030517578,155.48631286621094,445033,0.0,0.0
2023-05-26 00:00:00+01:00,155.0,159.60000610351562,152.0,153.60000610351562,153.2907257080078,432222,0.0,0.0
2023-05-30 00:00:00+01:00,157.60000610351562,158.3000030517578,153.39999389648438,154.0,153.68992614746094,421145,0.0,0.0
2023-05-31 00:00:00+01:00,157.89999389648438,157.89999389648438,151.5,151.5,151.19496154785156,1011788,0.0,0.0
2023-06-01 00:00:00+01:00,151.0,155.0,151.0,153.3000030517578,152.9913330078125,387850,0.0,0.0
2023-06-02 00:00:00+01:00,154.5,157.8000030517578,152.6999969482422,154.8000030517578,154.48831176757812,2907691,0.0,0.0
2023-06-05 00:00:00+01:00,153.10000610351562,158.10000610351562,153.10000610351562,155.8000030517578,155.48631286621094,565102,0.0,0.0
2023-06-06 00:00:00+01:00,154.6999969482422,156.0,153.8000030517578,154.5,154.1889190673828,657968,0.0,0.0
2023-06-07 00:00:00+01:00,153.10000610351562,155.8990020751953,151.39999389648438,152.89999389648438,152.5921173095703,591129,0.0,0.0
2023-06-08 00:00:00+01:00,156.6999969482422,156.6999969482422,152.0,154.0,153.68992614746094,882536,0.0,0.0
2023-06-09 00:00:00+01:00,152.10000610351562,158.3000030517578,152.10000610351562,155.0,154.68789672851562,499149,0.0,0.0
2023-06-12 00:00:00+01:00,156.60000610351562,159.0,154.5,155.60000610351562,155.28671264648438,1569720,0.0,0.0
2023-06-13 00:00:00+01:00,159.1999969482422,160.1999969482422,152.3000030517578,157.60000610351562,157.28268432617188,1129764,0.0,0.0
2023-06-14 00:00:00+01:00,159.6999969482422,162.09300231933594,158.5,158.60000610351562,158.2806854248047,1365337,0.0,0.0
2023-06-15 00:00:00+01:00,158.3000030517578,159.00999450683594,155.39999389648438,157.6999969482422,157.38246154785156,1876848,0.0,0.0
2023-06-16 00:00:00+01:00,162.0,163.3000030517578,158.22500610351562,159.6999969482422,159.37843322753906,1724043,0.0,0.0
2023-06-19 00:00:00+01:00,155.10000610351562,159.0,153.72000122070312,157.5,157.18287658691406,571940,0.0,0.0
2023-06-20 00:00:00+01:00,153.8000030517578,161.0,153.8000030517578,156.60000610351562,156.28468322753906,397235,0.0,0.0
2023-06-21 00:00:00+01:00,160.39999389648438,160.39999389648438,155.10000610351562,156.60000610351562,156.28468322753906,444334,0.0,0.0
2023-06-22 00:00:00+01:00,154.6999969482422,156.8000030517578,154.60000610351562,155.0,154.68789672851562,752571,0.0,0.0
2023-06-23 00:00:00+01:00,154.8000030517578,158.60000610351562,154.6999969482422,155.0,154.68789672851562,875103,0.0,0.0
2023-06-26 00:00:00+01:00,156.0,157.0,153.5,154.3000030517578,153.98931884765625,871222,0.0,0.0
2023-06-27 00:00:00+01:00,158.6999969482422,158.6999969482422,152.6999969482422,153.6999969482422,153.39053344726562,2084329,0.0,0.0
2023-06-28 00:00:00+01:00,155.39999389648438,158.74000549316406,153.2050018310547,157.6999969482422,157.38246154785156,350561,0.0,0.0
2023-06-29 00:00:00+01:00,153.8000030517578,157.8000030517578,146.6999969482422,151.1999969482422,150.8955535888672,1637039,0.0,0.0
2023-06-30 00:00:00+01:00,151.0,153.0,149.10000610351562,151.1999969482422,150.8955535888672,3454797,0.0,0.0
2023-07-03 00:00:00+01:00,151.0,154.39999389648438,150.0,150.0,149.6979522705078,667058,0.0,0.0
2023-07-04 00:00:00+01:00,150.8000030517578,151.89999389648438,148.3000030517578,148.3000030517578,148.00140380859375,5601367,0.0,0.0
2023-07-05 00:00:00+01:00,148.3000030517578,149.3470001220703,145.60000610351562,145.60000610351562,145.3068389892578,444857,0.0,0.0
2023-07-06 00:00:00+01:00,144.0,145.6999969482422,140.60000610351562,141.0,140.71609497070312,1827705,0.0,0.0
2023-07-07 00:00:00+01:00,142.6999969482422,146.10000610351562,141.39999389648438,145.3000030517578,145.0074462890625,1248451,0.0,0.0
2023-07-10 00:00:00+01:00,145.1999969482422,146.0,143.89999389648438,144.6999969482422,144.4086456298828,1354515,0.0,0.0
2023-07-11 00:00:00+01:00,146.1999969482422,148.3000030517578,145.1999969482422,146.0,145.70603942871094,1307365,0.0,0.0
2023-07-12 00:00:00+01:00,146.8000030517578,153.39999389648438,143.49600219726562,153.39999389648438,153.0911102294922,3156207,0.0,0.0
2023-07-13 00:00:00+01:00,152.89999389648438,154.2729949951172,152.25999450683594,153.39999389648438,153.0911102294922,559198,0.0,0.0
2023-07-14 00:00:00+01:00,153.6999969482422,157.1999969482422,149.60000610351562,156.60000610351562,156.28468322753906,1021605,0.0,0.0
2023-07-17 00:00:00+01:00,157.39999389648438,159.1999969482422,153.60000610351562,156.10000610351562,155.7856903076172,1631391,0.0,0.0
2023-07-18 00:00:00+01:00,156.60000610351562,159.8000030517578,155.8350067138672,159.39999389648438,159.07904052734375,2262181,0.0,0.0
2023-07-19 00:00:00+01:00,160.0,166.39999389648438,159.14999389648438,165.0,164.66778564453125,1090321,0.0,0.0
2023-07-20 00:00:00+01:00,162.10000610351562,166.3000030517578,162.10000610351562,164.0,163.6697998046875,791396,0.0,0.0
2023-07-21 00:00:00+01:00,163.0,164.89999389648438,161.39199829101562,162.1999969482422,161.8734130859375,769666,0.0,0.0
2023-07-24 00:00:00+01:00,163.39999389648438,166.6999969482422,159.89999389648438,160.60000610351562,160.27664184570312,344843,0.0,0.0
2023-07-25 00:00:00+01:00,160.3000030517578,163.39199829101562,159.1999969482422,160.5,160.17681884765625,545555,0.0,0.0
2023-07-26 00:00:00+01:00,160.6999969482422,164.89999389648438,160.4010009765625,161.8000030517578,161.47422790527344,697771,0.0,0.0
2023-07-27 00:00:00+01:00,161.89999389648438,162.64599609375,157.6999969482422,158.89999389648438,158.58004760742188,532399,0.0,0.0
2023-07-28 00:00:00+01:00,155.5,160.0,155.5,159.1999969482422,158.8794403076172,401720,0.0,0.0
2023-07-31 00:00:00+01:00,155.89999389648438,162.1999969482422,155.89999389648438,159.0,158.67984008789062,541064,0.0,0.0
2023-08-01 00:00:00+01:00,159.0,160.03700256347656,155.6999969482422,158.5,158.18084716796875,386610,0.0,0.0
2023-08-02 00:00:00+01:00,157.6999969482422,158.10899353027344,153.10000610351562,156.39999389648438,156.08506774902344,565455,0.0,0.0
2023-08-03 00:00:00+01:00,156.6999969482422,159.10000610351562,155.10000610351562,157.8000030517578,157.48226928710938,514290,0.0,0.0
2023-08-04 00:00:00+01:00,155.5,160.5,155.5,158.8000030517578,158.48025512695312,476047,0.0,0.0
2023-08-07 00:00:00+01:00,158.0,158.36700439453125,154.10000610351562,155.10000610351562,154.78770446777344,511414,0.0,0.0
2023-08-08 00:00:00+01:00,154.5,158.8000030517578,151.5,154.5,154.1889190673828,844192,0.0,0.0
2023-08-09 00:00:00+01:00,161.1999969482422,180.0,161.1999969482422,165.3000030517578,164.96717834472656,1738215,0.0,0.0
2023-08-10 00:00:00+01:00,165.3000030517578,170.10000610351562,163.89999389648438,167.0,166.6637420654297,1133720,0.0,0.0
2023-08-11 00:00:00+01:00,166.10000610351562,179.10000610351562,166.10000610351562,166.89999389648438,166.5639190673828,852855,0.0,0.0
2023-08-14 00:00:00+01:00,165.89999389648438,167.13400268554688,163.6999969482422,167.0,166.6637420654297,761382,0.0,0.0
2023-08-15 00:00:00+01:00,167.6999969482422,170.6999969482422,166.3000030517578,168.0,167.66171264648438,909794,0.0,0.0
2023-08-16 00:00:00+01:00,168.60000610351562,170.14599609375,167.0,167.60000610351562,167.2625274658203,522059,0.0,0.0
2023-08-17 00:00:00+01:00,164.10000610351562,169.89999389648438,164.10000610351562,166.0,165.66575622558594,433991,0.0,0.0
2023-08-18 00:00:00+01:00,170.0,170.0,160.89999389648438,161.89999389648438,161.57400512695312,566817,0.0,0.0
2023-08-21 00:00:00+01:00,164.5,164.5,158.10000610351562,158.10000610351562,157.78167724609375,428319,0.0,0.0
2023-08-22 00:00:00+01:00,161.10000610351562,161.10000610351562,156.8000030517578,157.5,157.18287658691406,617277,0.0,0.0
2023-08-23 00:00:00+01:00,157.89999389648438,158.6999969482422,155.8800048828125,158.5,158.18084716796875,1850086,0.0,0.0
2023-08-24 00:00:00+01:00,159.60000610351562,162.94000244140625,159.60000610351562,162.5,162.1728057861328,671617,0.0,0.0
2023-08-25 00:00:00+01:00,163.3000030517578,164.10000610351562,161.5,162.89999389648438,162.57200622558594,1032506,0.0,0.0
2023-08-29 00:00:00+01:00,164.1999969482422,167.3000030517578,164.1999969482422,166.0,165.66575622558594,854270,0.0,0.0
2023-08-30 00:00:00+01:00,169.5,169.5,166.3000030517578,167.5,167.16273498535156,757927,0.0,0.0
2023-08-31 00:00:00+01:00,167.3000030517578,169.1750030517578,163.6999969482422,165.1999969482422,164.86737060546875,3259045,0.0,0.0
2023-09-01 00:00:00+01:00,163.39999389648438,166.5,161.60000610351562,165.60000610351562,165.2665557861328,402013,0.0,0.0
2023-09-04 00:00:00+01:00,165.5,167.6999969482422,163.6999969482422,163.6999969482422,163.37039184570312,446446,0.0,0.0
2023-09-05 00:00:00+01:00,164.1999969482422,164.1999969482422,162.1999969482422,162.3000030517578,161.97320556640625,427107,0.0,0.0
2023-09-06 00:00:00+01:00,161.0,164.0,157.6999969482422,162.1999969482422,161.8734130859375,1268644,0.0,0.0
2023-09-07 00:00:00+01:00,164.0,164.0,161.60000610351562,162.0,161.67381286621094,412875,0.0,0.0
2023-09-08 00:00:00+01:00,164.0,164.0,160.89999389648438,162.1999969482422,161.8734130859375,377726,0.0,0.0
2023-09-11 00:00:00+01:00,158.8000030517578,165.6479949951172,158.8000030517578,165.10000610351562,164.76754760742188,492312,0.0,0.0
2023-09-12 00:00:00+01:00,166.1999969482422,167.0,164.5,165.39999389648438,165.06695556640625,733452,0.0,0.0
2023-09-13 00:00:00+01:00,164.3000030517578,167.1999969482422,162.10000610351562,165.60000610351562,165.2665557861328,553010,0.0,0.0
2023-09-14 00:00:00+01:00,167.8000030517578,168.8699951171875,163.8000030517578,165.60000610351562,165.2665557861328,1014239,0.0,0.0
2023-09-15 00:00:00+01:00,161.1999969482422,168.5,161.1999969482422,167.0,166.6637420654297,2385758,0.0,0.0
2023-09-18 00:00:00+01:00,163.3000030517578,168.5,163.3000030517578,164.10000610351562,163.7696075439453,567784,0.0,0.0
2023-09-19 00:00:00+01:00,164.5,166.60000610351562,162.06199645996094,165.6999969482422,165.36634826660156,2564440,0.0,0.0
2023-09-20 00:00:00+01:00,169.1999969482422,169.1999969482422,166.6999969482422,167.89999389648438,167.5619354248047,741265,0.0,0.0
2023-09-21 00:00:00+01:00,164.6999969482422,167.39999389648438,164.60000610351562,166.3000030517578,165.96514892578125,931840,0.0,0.0
2023-09-22 00:00:00+01:00,168.0,174.10000610351562,165.89999389648438,173.0,172.65164184570312,1758583,0.0,0.0
2023-09-25 00:00:00+01:00,169.3000030517578,174.5500030517578,164.8800048828125,166.89999389648438,166.5639190673828,685813,0.0,0.0
2023-09-26 00:00:00+01:00,171.6999969482422,171.6999969482422,165.77999877929688,170.0,169.65769958496094,888780,0.0,0.0
2023-09-27 00:00:00+01:00,172.3000030517578,172.3000030517578,168.0709991455078,171.1999969482422,170.8552703857422,1023654,0.0,0.0
2023-09-28 00:00:00+01:00,166.39999389648438,171.72799682617188,164.60000610351562,168.0,167.708740234375,1019674,4.8,0.0
2023-09-29 00:00:00+01:00,170.3000030517578,172.3000030517578,168.5,170.10000610351562,169.80511474609375,1595909,0.0,0.0
2023-10-02 00:00:00+01:00,169.60000610351562,172.5,162.3000030517578,162.6999969482422,162.41793823242188,1040362,0.0,0.0
2023-10-03 00:00:00+01:00,162.6999969482422,164.39999389648438,156.39999389648438,156.39999389648438,156.12884521484375,1235129,0.0,0.0
2023-10-04 00:00:00+01:00,157.0,160.10000610351562,154.6999969482422,156.3000030517578,156.029052734375,1158994,0.0,0.0
2023-10-05 00:00:00+01:00,157.5,159.1999969482422,156.1999969482422,157.39999389648438,157.1271209716797,563257,0.0,0.0
2023-10-06 00:00:00+01:00,161.8000030517578,162.5,157.3000030517578,161.6999969482422,161.419677734375,1164230,0.0,0.0
2023-10-09 00:00:00+01:00,165.89999389648438,165.89999389648438,158.3000030517578,161.8000030517578,161.51951599121094,813387,0.0,0.0
2023-10-10 00:00:00+01:00,162.0,168.60000610351562,155.3000030517578,165.1999969482422,164.91358947753906,3605478,0.0,0.0
2023-10-11 00:00:00+01:00,165.8000030517578,168.6999969482422,163.5,166.5,166.21133422851562,1106919,0.0,0.0
2023-10-12 00:00:00+01:00,167.6999969482422,173.10000610351562,166.89999389648438,170.6999969482422,170.40406799316406,943965,0.0,0.0
2023-10-13 00:00:00+01:00,168.8000030517578,171.8000030517578,162.0,162.10000610351562,161.81898498535156,1172378,0.0,0.0
2023-10-16 00:00:00+01:00,158.89999389648438,167.1999969482422,158.89999389648438,166.8000030517578,166.51083374023438,2329860,0.0,0.0
2023-10-17 00:00:00+01:00,162.89999389648438,170.3000030517578,162.89999389648438,169.10000610351562,168.80685424804688,853306,0.0,0.0
2023-10-18 00:00:00+01:00,165.8000030517578,169.8000030517578,164.5,165.0,164.71397399902344,769740,0.0,0.0
2023-10-19 00:00:00+01:00,165.3000030517578,168.60000610351562,163.8000030517578,167.5,167.20960998535156,989688,0.0,0.0
2023-10-20 00:00:00+01:00,166.5,171.39999389648438,164.0,169.3000030517578,169.00648498535156,2304321,0.0,0.0
2023-10-23 00:00:00+01:00,167.6999969482422,171.60000610351562,165.60000610351562,171.60000610351562,171.30250549316406,963206,0.0,0.0
2023-10-24 00:00:00+01:00,174.89999389648438,176.10000610351562,169.3000030517578,170.8000030517578,170.50390625,1417213,0.0,0.0
2023-10-25 00:00:00+01:00,169.8000030517578,173.8000030517578,164.39999389648438,166.6999969482422,166.41099548339844,1499827,0.0,0.0
2023-10-26 00:00:00+01:00,167.0,173.60000610351562,164.8000030517578,166.8000030517578,166.51083374023438,6738705,0.0,0.0
2023-10-27 00:00:00+01:00,163.60000610351562,167.89999389648438,163.3000030517578,166.0,165.7122039794922,1170142,0.0,0.0
2023-10-30 00:00:00+00:00,167.5,168.39999389648438,163.1999969482422,164.89999389648438,164.61412048339844,2673799,0.0,0.0
2023-10-31 00:00:00+00:00,165.10000610351562,167.79600524902344,153.0,157.10000610351562,156.82765197753906,3422205,0.0,0.0
2023-11-01 00:00:00+00:00,158.39999389648438,167.3000030517578,157.89999389648438,162.60000610351562,162.318115234375,1770081,0.0,0.0
2023-11-02 00:00:00+00:00,161.39999389648438,167.80999755859375,161.39999389648438,167.10000610351562,166.81031799316406,2333659,0.0,0.0
2023-11-03 00:00:00+00:00,169.5,171.5,165.3000030517578,168.39999389648438,168.10804748535156,893029,0.0,0.0
2023-11-06 00:00:00+00:00,172.5,173.6999969482422,168.0,168.3000030517578,168.0082244873047,970022,0.0,0.0
2023-11-07 00:00:00+00:00,164.3000030517578,170.10000610351562,164.3000030517578,167.89999389648438,167.6089324951172,1045819,0.0,0.0
2023-11-08 00:00:00+00:00,172.0,172.8000030517578,166.6999969482422,171.3000030517578,171.00302124023438,5093971,0.0,0.0
2023-11-09 00:00:00+00:00,173.89999389648438,177.39999389648438,171.1699981689453,176.60000610351562,176.29385375976562,1622545,0.0,0.0
2023-11-10 00:00:00+00:00,180.0,180.0,173.0,174.6999969482422,174.39712524414062,561648,0.0,0.0
2023-11-13 00:00:00+00:00,178.6999969482422,179.6999969482422,174.1999969482422,175.6999969482422,175.3953857421875,2777501,0.0,0.0
2023-11-14 00:00:00+00:00,178.6999969482422,181.1999969482422,172.6999969482422,181.1999969482422,180.8858642578125,4945415,0.0,0.0
2023-11-15 00:00:00+00:00,185.0,185.39999389648438,181.5,181.5,181.1853485107422,1411608,0.0,0.0
2023-11-16 00:00:00+00:00,184.10000610351562,185.1999969482422,179.60000610351562,179.8000030517578,179.48828125,1379433,0.0,0.0
2023-11-17 00:00:00+00:00,181.60000610351562,184.60000610351562,179.0,184.0,183.68101501464844,2464628,0.0,0.0
2023-11-20 00:00:00+00:00,187.60000610351562,188.5,182.85000610351562,183.89999389648438,183.5811767578125,1083850,0.0,0.0
2023-11-21 00:00:00+00:00,185.0,186.1999969482422,181.39999389648438,181.39999389648438,181.0854949951172,1318238,0.0,0.0
2023-11-22 00:00:00+00:00,180.0,184.1999969482422,178.89999389648438,183.1999969482422,182.88238525390625,1487531,0.0,0.0
2023-11-23 00:00:00+00:00,184.0,184.6999969482422,178.8000030517578,184.0,183.68101501464844,1088057,0.0,0.0
2023-11-24 00:00:00+00:00,186.0,186.0,182.1999969482422,183.5,183.18186950683594,1181115,0.0,0.0
2023-11-27 00:00:00+00:00,184.89999389648438,185.0,180.1999969482422,183.3000030517578,182.98223876953125,561255,0.0,0.0
2023-11-28 00:00:00+00:00,181.6999969482422,183.8000030517578,179.89999389648438,181.89999389648438,181.5846405029297,1825165,0.0,0.0
2023-11-29 00:00:00+00:00,180.6999969482422,187.10000610351562,178.5,186.60000610351562,186.27651977539062,3356747,0.0,0.0
2023-11-30 00:00:00+00:00,181.3000030517578,189.10000610351562,181.3000030517578,185.1999969482422,184.87892150878906,2176454,0.0,0.0
2023-12-01 00:00:00+00:00,185.5,189.60000610351562,183.8000030517578,189.1999969482422,188.8719940185547,1477390,0.0,0.0
2023-12-04 00:00:00+00:00,189.1999969482422,189.89999389648438,185.58799743652344,186.3000030517578,185.97703552246094,1057453,0.0,0.0
2023-12-05 00:00:00+00:00,190.0,190.0,183.8000030517578,187.60000610351562,187.27479553222656,1435557,0.0,0.0
2023-12-06 00:00:00+00:00,190.0,190.0,183.89999389648438,185.89999389648438,185.5777130126953,4111209,0.0,0.0
2023-12-07 00:00:00+00:00,186.60000610351562,189.89999389648438,182.10000610351562,187.3000030517578,186.97528076171875,5400879,0.0,0.0
2023-12-08 00:00:00+00:00,190.0,191.1999969482422,187.5,190.1999969482422,189.87026977539062,1521875,0.0,0.0
2023-12-11 00:00:00+00:00,192.0,192.0,187.1999969482422,191.6999969482422,191.36767578125,929735,0.0,0.0
2023-12-12 00:00:00+00:00,192.0,193.98399353027344,189.89999389648438,190.0,189.6706085205078,1123285,0.0,0.0
2023-12-13 00:00:00+00:00,186.10000610351562,192.3000030517578,186.10000610351562,190.39999389648438,190.0699005126953,1200183,0.0,0.0
2023-12-14 00:00:00+00:00,193.1999969482422,196.3000030517578,193.1999969482422,196.0,195.66018676757812,1600428,0.0,0.0
2023-12-15 00:00:00+00:00,195.5,197.10000610351562,189.3000030517578,189.5,189.1714630126953,3369092,0.0,0.0
2023-12-18 00:00:00+00:00,190.39999389648438,191.89999389648438,185.60000610351562,185.89999389648438,185.5777130126953,2778297,0.0,0.0
2023-12-19 00:00:00+00:00,190.5,190.5,183.89999389648438,187.1999969482422,186.8754425048828,2057126,0.0,0.0
2023-12-20 00:00:00+00:00,189.5,191.3000030517578,188.89999389648438,190.39999389648438,190.0699005126953,2434571,0.0,0.0
2023-12-21 00:00:00+00:00,190.6999969482422,193.1999969482422,185.39999389648438,191.60000610351562,191.26783752441406,2702847,0.0,0.0
2023-12-22 00:00:00+00:00,191.39999389648438,195.6999969482422,187.5,195.6999969482422,195.3607177734375,735826,0.0,0.0
2023-12-27 00:00:00+00:00,193.0,195.3000030517578,187.60000610351562,194.3000030517578,193.9631805419922,1348272,0.0,0.0
2023-12-28 00:00:00+00:00,195.0,197.0,191.60000610351562,194.8000030517578,194.46229553222656,1078498,0.0,0.0
2023-12-29 00:00:00+00:00,196.0,196.0,193.8000030517578,195.3000030517578,194.96142578125,307058,0.0,0.0
2024-01-02 00:00:00+00:00,190.39999389648438,197.8000030517578,190.39999389648438,192.60000610351562,192.26612854003906,1228165,0.0,0.0
2024-01-03 00:00:00+00:00,194.60000610351562,195.85000610351562,188.89999389648438,190.0,189.6706085205078,7553586,0.0,0.0
2024-01-04 00:00:00+00:00,194.0,194.0,187.3000030517578,191.8000030517578,191.46746826171875,1208584,0.0,0.0
2024-01-05 00:00:00+00:00,195.0,195.0,187.3000030517578,190.0,189.6706085205078,487867,0.0,0.0
2024-01-08 00:00:00+00:00,193.5,193.5,188.10000610351562,192.1999969482422,191.86680603027344,576784,0.0,0.0
2024-01-09 00:00:00+00:00,188.0,191.60000610351562,186.8000030517578,188.6999969482422,188.37286376953125,671781,0.0,0.0
2024-01-10 00:00:00+00:00,192.39999389648438,192.39999389648438,187.38999938964844,188.10000610351562,187.77391052246094,507091,0.0,0.0
2024-01-11 00:00:00+00:00,186.0,193.5,183.3000030517578,183.3000030517578,182.98223876953125,2507007,0.0,0.0
2024-01-12 00:00:00+00:00,188.0,188.3000030517578,184.3000030517578,186.0,185.6775360107422,527550,0.0,0.0
2024-01-15 00:00:00+00:00,185.25,190.0,184.3000030517578,186.1999969482422,185.87721252441406,1288372,0.0,0.0
2024-01-16 00:00:00+00:00,185.10000610351562,189.3000030517578,185.10000610351562,186.89999389648438,186.5759735107422,2313110,0.0,0.0
2024-01-17 00:00:00+00:00,185.6999969482422,186.0,180.60000610351562,180.8000030517578,180.48655700683594,653480,0.0,0.0
2024-01-18 00:00:00+00:00,185.8000030517578,185.8000030517578,181.10000610351562,182.10000610351562,181.78431701660156,878046,0.0,0.0
2024-01-19 00:00:00+00:00,181.0,185.39999389648438,179.6999969482422,179.6999969482422,179.38845825195312,752115,0.0,0.0
2024-01-22 00:00:00+00:00,184.60000610351562,184.60000610351562,180.10000610351562,181.5,181.1853485107422,684320,0.0,0.0
2024-01-23 00:00:00+00:00,185.1999969482422,185.1999969482422,179.6999969482422,182.3000030517578,181.9839630126953,553858,0.0,0.0
2024-01-24 00:00:00+00:00,183.5,186.5,179.75,185.60000610351562,185.2782440185547,643993,0.0,0.0
2024-01-25 00:00:00+00:00,185.3000030517578,186.8000030517578,180.8000030517578,186.60000610351562,186.27651977539062,546441,0.0,0.0
2024-01-26 00:00:00+00:00,186.5,186.5,184.39999389648438,185.5,185.17840576171875,1037351,0.0,0.0
2024-01-29 00:00:00+00:00,189.6999969482422,189.6999969482422,181.8000030517578,185.89999389648438,185.5777130126953,2244468,0.0,0.0
2024-01-30 00:00:00+00:00,186.3000030517578,191.38999938964844,183.77999877929688,191.10000610351562,190.76870727539062,1063355,0.0,0.0
2024-01-31 00:00:00+00:00,191.89999389648438,191.89999389648438,187.89999389648438,187.89999389648438,187.57424926757812,679327,0.0,0.0
2024-02-01 00:00:00+00:00,184.60000610351562,188.6999969482422,184.60000610351562,186.3000030517578,185.97703552246094,568791,0.0,0.0
2024-02-02 00:00:00+00:00,190.1999969482422,190.1999969482422,184.6999969482422,184.6999969482422,184.37979125976562,441193,0.0,0.0
2024-02-05 00:00:00+00:00,185.8000030517578,186.10000610351562,180.1999969482422,183.0,182.68276977539062,318645,0.0,0.0
2024-02-06 00:00:00+00:00,181.0,184.5,180.5399932861328,183.10000610351562,182.78256225585938,423609,0.0,0.0
2024-02-07 00:00:00+00:00,185.0,185.0,179.5,179.6999969482422,179.38845825195312,1256050,0.0,0.0
2024-02-08 00:00:00+00:00,183.5,184.5,180.0,180.8000030517578,180.48655700683594,1884074,0.0,0.0
2024-02-09 00:00:00+00:00,181.10000610351562,184.60000610351562,178.6999969482422,179.3000030517578,178.98915100097656,901814,0.0,0.0
2024-02-12 00:00:00+00:00,179.0,183.39999389648438,178.17999267578125,181.89999389648438,181.5846405029297,668949,0.0,0.0
2024-02-13 00:00:00+00:00,178.39999389648438,183.0,178.36000061035156,179.0,178.68966674804688,538963,0.0,0.0
2024-02-14 00:00:00+00:00,174.5,180.60000610351562,174.5,175.39999389648438,175.09591674804688,993039,0.0,0.0
2024-02-15 00:00:00+00:00,171.10000610351562,177.8000030517578,169.6199951171875,177.8000030517578,177.49176025390625,813250,0.0,0.0
2024-02-16 00:00:00+00:00,179.10000610351562,180.3000030517578,176.4600067138672,179.3000030517578,178.98915100097656,519875,0.0,0.0
2024-02-19 00:00:00+00:00,182.5,182.5,176.74000549316406,178.8000030517578,178.4900360107422,661151,0.0,0.0
2024-02-20 00:00:00+00:00,177.39999389648438,178.89999389648438,176.5,178.6999969482422,178.39019775390625,439140,0.0,0.0
2024-02-21 00:00:00+00:00,176.60000610351562,180.6999969482422,175.10000610351562,180.0,179.68795776367188,990097,0.0,0.0
2024-02-22 00:00:00+00:00,180.5,183.10000610351562,179.10000610351562,183.0,182.68276977539062,567979,0.0,0.0
2024-02-23 00:00:00+00:00,180.39999389648438,184.5070037841797,179.63900756835938,180.8000030517578,180.48655700683594,1057999,0.0,0.0
2024-02-26 00:00:00+00:00,181.1999969482422,185.60000610351562,179.10000610351562,181.39999389648438,181.0854949951172,1095861,0.0,0.0
2024-02-27 00:00:00+00:00,181.8000030517578,185.10000610351562,180.49200439453125,182.6999969482422,182.3832550048828,1749954,0.0,0.0
2024-02-28 00:00:00+00:00,181.6999969482422,184.0,178.1999969482422,178.1999969482422,177.8910675048828,742159,0.0,0.0
2024-02-29 00:00:00+00:00,181.0,181.1999969482422,178.89999389648438,179.0,178.68966674804688,1710968,0.0,0.0
2024-03-01 00:00:00+00:00,176.10000610351562,183.3000030517578,176.10000610351562,181.5,181.1853485107422,842001,0.0,0.0
2024-03-04 00:00:00+00:00,178.0,184.89999389648438,178.0,181.3000030517578,180.98570251464844,1125081,0.0,0.0
2024-03-05 00:00:00+00:00,181.3000030517578,190.6999969482422,179.76400756835938,189.89999389648438,189.57078552246094,2142689,0.0,0.0
2024-03-06 00:00:00+00:00,184.60000610351562,190.5,184.0,189.0,188.67233276367188,3534446,0.0,0.0
2024-03-07 00:00:00+00:00,188.89999389648438,191.10000610351562,188.5,189.10000610351562,188.7721710205078,887653,0.0,0.0
2024-03-08 00:00:00+00:00,194.10000610351562,194.10000610351562,188.0,188.1999969482422,187.8737335205078,925967,0.0,0.0
2024-03-11 00:00:00+00:00,192.39999389648438,201.1999969482422,188.6999969482422,198.60000610351562,198.25570678710938,2384957,0.0,0.0
2024-03-12 00:00:00+00:00,214.0,226.48899841308594,209.60400390625,218.60000610351562,218.2210235595703,3428363,0.0,0.0
2024-03-13 00:00:00+00:00,217.0,221.81199645996094,217.0,217.0,216.62380981445312,5892713,0.0,0.0
2024-03-14 00:00:00+00:00,223.39999389648438,223.39999389648438,215.8000030517578,218.0,217.62205505371094,1871460,0.0,0.0
2024-03-15 00:00:00+00:00,221.39999389648438,221.39999389648438,217.1999969482422,217.60000610351562,217.22276306152344,3761069,0.0,0.0
2024-03-18 00:00:00+00:00,218.8000030517578,219.0,216.39999389648438,217.0,216.62380981445312,1722701,0.0,0.0
2024-03-19 00:00:00+00:00,222.1999969482422,222.60000610351562,218.1999969482422,220.1999969482422,219.81826782226562,1496440,0.0,0.0
2024-03-20 00:00:00+00:00,223.60000610351562,226.1999969482422,219.1999969482422,220.60000610351562,220.2175750732422,1339930,0.0,0.0
2024-03-21 00:00:00+00:00,223.1999969482422,228.1999969482422,222.0,222.60000610351562,222.21412658691406,2271510,0.0,0.0
2024-03-22 00:00:00+00:00,224.39999389648438,227.60000610351562,224.1999969482422,226.39999389648438,226.0074920654297,1327403,0.0,0.0
2024-03-25 00:00:00+00:00,225.39999389648438,227.60000610351562,224.60000610351562,226.39999389648438,226.0074920654297,1437746,0.0,0.0
2024-03-26 00:00:00+00:00,226.8000030517578,227.44000244140625,224.9949951171875,225.1999969482422,224.80960083007812,1561888,0.0,0.0
2024-03-27 00:00:00+00:00,226.0,227.1999969482422,224.39999389648438,224.39999389648438,224.01097106933594,1550534,0.0,0.0
2024-03-28 00:00:00+00:00,226.39999389648438,227.06399536132812,224.60000610351562,225.1999969482422,224.80960083007812,1881149,0.0,0.0
2024-04-02 00:00:00+01:00,230.0,230.5050048828125,221.5,223.5,223.11253356933594,3306036,0.0,0.0
2024-04-03 00:00:00+01:00,227.5,227.5,220.0,225.0,224.60992431640625,2398467,0.0,0.0
2024-04-04 00:00:00+01:00,227.0,229.24899291992188,226.0,227.5,227.10560607910156,1357003,0.0,0.0
2024-04-05 00:00:00+01:00,227.5,228.0,223.1999969482422,225.5,225.10906982421875,812472,0.0,0.0
2024-04-08 00:00:00+01:00,227.5,228.0,223.5,227.5,227.10560607910156,1085300,0.0,0.0
2024-04-09 00:00:00+01:00,229.5,229.5,220.0,222.0,221.61514282226562,1289539,0.0,0.0
2024-04-10 00:00:00+01:00,226.0,226.0,220.5,222.0,221.61514282226562,1742508,0.0,0.0
2024-04-11 00:00:00+01:00,212.0,215.0,211.25,213.5,213.22592163085938,2294094,10.0,0.0
2024-04-12 00:00:00+01:00,219.5,219.5,208.0,209.0,208.73167419433594,2380173,0.0,0.0
2024-04-15 00:00:00+01:00,208.5,214.0,208.5,212.0,211.7278289794922,2859152,0.0,0.0
2024-04-16 00:00:00+01:00,208.0,211.0,206.5,208.0,207.7329864501953,1374192,0.0,0.0
2024-04-17 00:00:00+01:00,212.5,212.5,206.0,208.0,207.7329864501953,1435051,0.0,0.0
2024-04-18 00:00:00+01:00,212.0,212.0,206.5,207.0,206.7342529296875,939963,0.0,0.0
2024-04-19 00:00:00+01:00,205.0,207.5,204.0,207.5,207.23361206054688,1035354,0.0,0.0
2024-04-22 00:00:00+01:00,211.0,211.0,205.5,205.5,205.23619079589844,1792614,0.0,0.0
2024-04-23 00:00:00+01:00,212.0,212.0,205.625,207.5,207.23361206054688,1258126,0.0,0.0
2024-04-24 00:00:00+01:00,208.0,208.5,200.35000610351562,202.5,202.2400360107422,5502633,0.0,0.0
2024-04-25 00:00:00+01:00,202.5,204.5,198.77499389648438,202.0,201.74066162109375,3236765,0.0,0.0
2024-04-26 00:00:00+01:00,196.8000030517578,205.64999389648438,192.0,201.5,201.24130249023438,1941871,0.0,0.0
2024-04-29 00:00:00+01:00,197.0,207.0,197.0,206.0,205.73556518554688,1400147,0.0,0.0
2024-04-30 00:00:00+01:00,206.5,209.0,205.5,207.5,207.23361206054688,1763781,0.0,0.0
2024-05-01 00:00:00+01:00,207.5,210.0,207.10000610351562,210.0,209.73040771484375,791662,0.0,0.0
2024-05-02 00:00:00+01:00,215.0,215.0,209.0,211.0,210.7291259765625,1480020,0.0,0.0
2024-05-03 00:00:00+01:00,210.0,216.0,209.5,215.0,214.7239990234375,1224034,0.0,0.0
2024-05-07 00:00:00+01:00,216.5,220.5,213.5,220.5,220.21693420410156,598689,0.0,0.0
2024-05-08 00:00:00+01:00,221.0,225.5,221.0,225.5,225.2105255126953,1570221,0.0,0.0
2024-05-09 00:00:00+01:00,218.0,227.0,218.0,223.0,222.71371459960938,1351476,0.0,0.0
2024-05-10 00:00:00+01:00,222.5,224.5,207.0,222.0,221.7150115966797,648073,0.0,0.0
2024-05-13 00:00:00+01:00,220.0,227.0,219.8350067138672,224.5,224.2117919921875,787687,0.0,0.0
2024-05-14 00:00:00+01:00,230.0,230.0,220.0,223.0,222.71371459960938,842287,0.0,0.0
2024-05-15 00:00:00+01:00,223.0,224.0,215.0,217.5,217.22076416015625,1841024,0.0,0.0
2024-05-16 00:00:00+01:00,211.0,216.5,211.0,216.0,215.72271728515625,949040,0.0,0.0
2024-05-17 00:00:00+01:00,214.5,217.5,214.0,216.5,216.22206115722656,4238577,0.0,0.0
2024-05-20 00:00:00+01:00,215.0,220.0,213.4250030517578,216.5,216.22206115722656,694179,0.0,0.0
2024-05-21 00:00:00+01:00,217.0,217.5,214.5,216.0,215.72271728515625,877347,0.0,0.0
2024-05-22 00:00:00+01:00,215.5,215.5,211.5,211.5,211.22848510742188,929530,0.0,0.0
2024-05-23 00:00:00+01:00,210.5,220.51699829101562,208.5,211.0,210.7291259765625,1313474,0.0,0.0
2024-05-24 00:00:00+01:00,216.0,216.0,208.40199279785156,211.0,210.7291259765625,1039910,0.0,0.0
2024-05-28 00:00:00+01:00,205.0,211.0,205.0,207.5,207.23361206054688,1007382,0.0,0.0
2024-05-29 00:00:00+01:00,207.0,214.5,201.5,214.5,214.22462463378906,1482528,0.0,0.0
2024-05-30 00:00:00+01:00,213.5,216.0,212.0,215.0,214.7239990234375,931653,0.0,0.0
2024-05-31 00:00:00+01:00,214.0,220.5,214.0,219.0,218.71884155273438,1892621,0.0,0.0
2024-06-03 00:00:00+01:00,219.0,226.0,219.0,221.5,221.21563720703125,992821,0.0,0.0
2024-06-04 00:00:00+01:00,221.0,222.5,215.5,215.5,215.22335815429688,785876,0.0,0.0
2024-06-05 00:00:00+01:00,217.0,218.5,211.5,213.5,213.22592163085938,1044716,0.0,0.0
2024-06-06 00:00:00+01:00,213.0,214.5,211.0,213.0,212.7265625,615028,0.0,0.0
2024-06-07 00:00:00+01:00,210.5,215.0,207.0,208.0,207.7329864501953,1390471,0.0,0.0
2024-06-10 00:00:00+01:00,207.5,209.0,203.5,208.5,208.2323455810547,1867866,0.0,0.0
2024-06-11 00:00:00+01:00,210.0,210.0,204.0,205.5,205.23619079589844,599425,0.0,0.0
2024-06-12 00:00:00+01:00,202.5,207.3520050048828,202.5,207.0,206.7342529296875,2023776,0.0,0.0
2024-06-13 00:00:00+01:00,207.5,208.0,201.38099670410156,202.5,202.2400360107422,952049,0.0,0.0
2024-06-14 00:00:00+01:00,207.5,207.5,200.5,204.0,203.73809814453125,533492,0.0,0.0
2024-06-17 00:00:00+01:00,207.5,207.5,202.5,203.5,203.23875427246094,429544,0.0,0.0
2024-06-18 00:00:00+01:00,203.5,208.0,203.5,207.0,206.7342529296875,818647,0.0,0.0
2024-06-19 00:00:00+01:00,203.0,209.5,203.0,206.0,205.73556518554688,769987,0.0,0.0
2024-06-20 00:00:00+01:00,208.0,209.5,205.5,205.5,205.23619079589844,789721,0.0,0.0
2024-06-21 00:00:00+01:00,204.0,210.5,204.0,205.5,205.23619079589844,1401008,0.0,0.0
2024-06-24 00:00:00+01:00,205.5,211.0,204.0,207.5,207.23361206054688,809517,0.0,0.0
2024-06-25 00:00:00+01:00,205.5,208.54600524902344,202.0,204.0,203.73809814453125,1105547,0.0,0.0
2024-06-26 00:00:00+01:00,198.8000030517578,205.5,198.8000030517578,201.5,201.24130249023438,1264567,0.0,0.0
2024-06-27 00:00:00+01:00,197.0,203.0,197.0,202.0,201.74066162109375,931774,0.0,0.0
2024-06-28 00:00:00+01:00,203.0,204.5,199.39999389648438,199.8000030517578,199.5435028076172,841283,0.0,0.0
2024-07-01 00:00:00+01:00,200.5,202.0,199.0,200.0,199.74325561523438,1393479,0.0,0.0
2024-07-02 00:00:00+01:00,200.0,201.5,198.39999389648438,200.0,199.74325561523438,2067107,0.0,0.0
2024-07-03 00:00:00+01:00,201.0,204.0,198.8000030517578,204.0,203.73809814453125,2008885,0.0,0.0
2024-07-04 00:00:00+01:00,205.0,209.0,203.5,209.0,208.73167419433594,771289,0.0,0.0
2024-07-05 00:00:00+01:00,210.0,216.5,208.89999389648438,213.0,212.7265625,1070416,0.0,0.0
2024-07-08 00:00:00+01:00,213.0,214.5,210.0,211.5,211.22848510742188,1009241,0.0,0.0
2024-07-09 00:00:00+01:00,213.0,214.5,210.0,212.0,211.7278289794922,497875,0.0,0.0
2024-07-10 00:00:00+01:00,212.5,217.58200073242188,211.89999389648438,217.5,217.22076416015625,479177,0.0,0.0
2024-07-11 00:00:00+01:00,218.0,220.5,215.19000244140625,219.0,218.71884155273438,765830,0.0,0.0
2024-07-12 00:00:00+01:00,215.5,220.0,215.5,218.0,217.72012329101562,991559,0.0,0.0
2024-07-15 00:00:00+01:00,217.0,219.5,216.0,218.5,218.21949768066406,986782,0.0,0.0
2024-07-16 00:00:00+01:00,213.5,218.38999938964844,213.5,214.5,214.22462463378906,1451887,0.0,0.0
2024-07-17 00:00:00+01:00,214.5,220.0,214.5,215.0,214.7239990234375,723089,0.0,0.0
2024-07-18 00:00:00+01:00,210.5,220.5,210.5,219.5,219.21820068359375,949527,0.0,0.0
2024-07-19 00:00:00+01:00,219.5,225.0,217.5,217.5,217.22076416015625,640457,0.0,0.0
2024-07-22 00:00:00+01:00,220.0,220.5,217.0,217.5,217.22076416015625,653558,0.0,0.0
2024-07-23 00:00:00+01:00,221.5,221.5,216.6750030517578,217.5,217.22076416015625,2019621,0.0,0.0
2024-07-24 00:00:00+01:00,217.0,221.5,213.0,213.0,212.7265625,1296382,0.0,0.0
2024-07-25 00:00:00+01:00,213.5,215.5,210.5,215.5,215.22335815429688,1120289,0.0,0.0
2024-07-26 00:00:00+01:00,216.0,222.0,214.27200317382812,221.0,220.71629333496094,2721877,0.0,0.0
2024-07-29 00:00:00+01:00,222.0,225.0,216.5,217.0,216.721435546875,1584347,0.0,0.0
2024-07-30 00:00:00+01:00,216.5,223.0,216.5,222.5,222.21435546875,1609741,0.0,0.0
2024-07-31 00:00:00+01:00,223.5,227.0,221.5,221.5,221.21563720703125,1417015,0.0,0.0
2024-08-01 00:00:00+01:00,227.5,229.5,221.00100708007812,224.5,224.2117919921875,1848589,0.0,0.0
2024-08-02 00:00:00+01:00,222.5,223.0,216.5,217.5,217.22076416015625,2090752,0.0,0.0
2024-08-05 00:00:00+01:00,212.0,216.5,207.5,211.5,211.22848510742188,1125525,0.0,0.0
2024-08-06 00:00:00+01:00,211.0,214.0,208.0,211.0,210.7291259765625,1803959,0.0,0.0
2024-08-07 00:00:00+01:00,239.5,242.5,220.0,227.5,227.20794677734375,4312533,0.0,0.0
2024-08-08 00:00:00+01:00,236.5,236.5,225.5,231.0,230.70346069335938,3216236,0.0,0.0
2024-08-09 00:00:00+01:00,226.0,231.5,225.5,225.5,225.2105255126953,1579076,0.0,0.0
2024-08-12 00:00:00+01:00,227.0,235.5,227.0,233.5,233.2002410888672,3726644,0.0,0.0
2024-08-13 00:00:00+01:00,239.0,239.0,232.5,234.5,234.19894409179688,3014115,0.0,0.0
2024-08-14 00:00:00+01:00,235.5,240.5,235.5,238.0,237.69447326660156,1814275,0.0,0.0
2024-08-15 00:00:00+01:00,234.0,242.5,234.0,240.5,240.19125366210938,1253539,0.0,0.0
2024-08-16 00:00:00+01:00,242.0,242.4739990234375,239.5,242.0,241.6893310546875,1583841,0.0,0.0
2024-08-19 00:00:00+01:00,239.0,245.0,238.0,241.0,240.69061279296875,1290838,0.0,0.0
2024-08-20 00:00:00+01:00,236.5,246.0,236.5,239.5,239.19252014160156,1317329,0.0,0.0
2024-08-21 00:00:00+01:00,238.5,244.5,238.0,244.5,244.18609619140625,1438571,0.0,0.0
2024-08-22 00:00:00+01:00,237.0,244.0,235.5,235.5,235.19766235351562,1269448,0.0,0.0
2024-08-23 00:00:00+01:00,238.5,240.5,235.0,237.5,237.19509887695312,1595559,0.0,0.0
2024-08-27 00:00:00+01:00,236.5,239.5,235.0,239.0,238.69317626953125,1567130,0.0,0.0
2024-08-28 00:00:00+01:00,240.0,242.5,237.5,242.5,242.18869018554688,696882,0.0,0.0
2024-08-29 00:00:00+01:00,240.5,243.0,238.5,240.5,240.19125366210938,1649884,0.0,0.0
2024-08-30 00:00:00+01:00,238.5,246.0,237.4499969482422,243.0,242.6880340576172,1515709,0.0,0.0
2024-09-02 00:00:00+01:00,242.0,244.4980010986328,238.0,238.0,237.69447326660156,1313578,0.0,0.0
2024-09-03 00:00:00+01:00,242.0,242.0,234.85499572753906,235.5,235.19766235351562,779586,0.0,0.0
2024-09-04 00:00:00+01:00,231.0,241.0,231.0,238.5,238.19383239746094,1129725,0.0,0.0
2024-09-05 00:00:00+01:00,233.0,242.5,233.0,240.0,239.69189453125,978665,0.0,0.0
2024-09-06 00:00:00+01:00,238.5,240.5,236.0,236.0,235.697021484375,771507,0.0,0.0
2024-09-09 00:00:00+01:00,242.0,242.0,236.0,239.0,238.69317626953125,1000018,0.0,0.0
2024-09-10 00:00:00+01:00,246.0,246.0,237.0,240.0,239.69189453125,835254,0.0,0.0
2024-09-11 00:00:00+01:00,239.0,241.0,235.5,236.5,236.19639587402344,603805,0.0,0.0
2024-09-12 00:00:00+01:00,238.0,240.0,235.5,235.5,235.19766235351562,449014,0.0,0.0
2024-09-13 00:00:00+01:00,235.0,240.4029998779297,235.0,238.0,237.69447326660156,1596318,0.0,0.0
2024-09-16 00:00:00+01:00,237.0,240.0,236.0,238.0,237.69447326660156,646578,0.0,0.0
2024-09-17 00:00:00+01:00,239.5,239.5,233.5,235.0,234.69830322265625,1309426,0.0,0.0
2024-09-18 00:00:00+01:00,233.5,239.5,233.5,238.5,238.19383239746094,1449190,0.0,0.0
2024-09-19 00:00:00+01:00,233.5,240.0,233.5,239.0,238.69317626953125,734119,0.0,0.0
2024-09-20 00:00:00+01:00,234.0,240.0,234.0,238.5,238.19383239746094,2396256,0.0,0.0
2024-09-23 00:00:00+01:00,243.5,243.5,236.0,237.5,237.19509887695312,450260,0.0,0.0
2024-09-24 00:00:00+01:00,242.0,242.0,234.5,234.5,234.19894409179688,2393249,0.0,0.0
2024-09-25 00:00:00+01:00,233.0,235.5,232.5,233.5,233.2002410888672,882334,0.0,0.0
2024-09-26 00:00:00+01:00,236.0,240.7899932861328,233.0,239.5,239.19252014160156,1223237,0.0,0.0
2024-09-27 00:00:00+01:00,238.0,241.5,237.375,239.5,239.19252014160156,1003331,0.0,0.0
2024-09-30 00:00:00+01:00,239.5,240.625,235.8350067138672,236.5,236.19639587402344,2729078,0.0,0.0
2024-10-01 00:00:00+01:00,236.0,238.0,234.5,236.5,236.19639587402344,2426815,0.0,0.0
2024-10-02 00:00:00+01:00,231.0,237.5,231.0,234.0,233.69960021972656,1659406,0.0,0.0
2024-10-03 00:00:00+01:00,232.0,236.5,227.0,229.0,228.75294494628906,649022,4.8,0.0
2024-10-04 00:00:00+01:00,224.5,231.0,224.5,231.0,230.7507781982422,1084680,0.0,0.0
2024-10-07 00:00:00+01:00,229.0,233.0,226.5,228.0,227.75401306152344,1133647,0.0,0.0
2024-10-08 00:00:00+01:00,228.0,228.0,225.5,227.5,227.25454711914062,878955,0.0,0.0
2024-10-09 00:00:00+01:00,232.0,232.0,227.0,231.0,230.7507781982422,956926,0.0,0.0
2024-10-10 00:00:00+01:00,224.5,232.0,224.5,227.0,226.7550811767578,1051873,0.0,0.0
2024-10-11 00:00:00+01:00,226.5,227.0019989013672,224.75,225.0,224.7572479248047,2654245,0.0,0.0
2024-10-14 00:00:00+01:00,221.0,226.0,221.0,225.5,225.25669860839844,1225892,0.0,0.0
2024-10-15 00:00:00+01:00,226.0,226.5,224.5,226.0,225.75616455078125,3293034,0.0,0.0
2024-10-16 00:00:00+01:00,226.1750030517578,227.5,225.0,226.5,226.25563049316406,3166028,0.0,0.0
2024-10-17 00:00:00+01:00,228.0,228.0030059814453,226.0,227.5,227.25454711914062,4782152,0.0,0.0
2024-10-18 00:00:00+01:00,227.0,227.0,225.0,227.0,226.7550811767578,4445085,0.0,0.0
2024-10-21 00:00:00+01:00,227.0,229.0,227.0,229.0,228.75294494628906,2138223,0.0,0.0
2024-10-22 00:00:00+01:00,230.0,234.0,227.5,234.0,233.74754333496094,1384955,0.0,0.0
2024-10-23 00:00:00+01:00,233.5,239.0,232.5,234.0,233.74754333496094,1499602,0.0,0.0
2024-10-24 00:00:00+01:00,229.0,236.0,229.0,235.0,234.7464599609375,480452,0.0,0.0
2024-10-25 00:00:00+01:00,235.0,235.0,232.5,233.0,232.7486114501953,832554,0.0,0.0
2024-10-28 00:00:00+00:00,238.5,238.5,233.2100067138672,234.5,234.2469940185547,705177,0.0,0.0
2024-10-29 00:00:00+00:00,231.5,236.5,226.0,228.5,228.25347900390625,1335847,0.0,0.0
2024-10-30 00:00:00+00:00,228.5,233.5,225.0,225.0,224.7572479248047,3488783,0.0,0.0
2024-10-31 00:00:00+00:00,229.0,229.0,222.23199462890625,224.5,224.25778198242188,1976309,0.0,0.0
2024-11-01 00:00:00+00:00,224.5,226.0,223.5,225.0,224.7572479248047,4202989,0.0,0.0
2024-11-04 00:00:00+00:00,220.0,228.0,220.0,227.5,227.25454711914062,1304902,0.0,0.0
2024-11-05 00:00:00+00:00,229.0,243.5,227.0,243.5,243.23728942871094,4031468,0.0,0.0
2024-11-06 00:00:00+00:00,246.0,252.33599853515625,244.5,246.5,246.2340545654297,2443839,0.0,0.0
2024-11-07 00:00:00+00:00,248.0,254.5,245.0,254.5,254.22543334960938,1778542,0.0,0.0
2024-11-08 00:00:00+00:00,254.5,254.5,249.0,251.0,250.7292022705078,3050761,0.0,0.0
2024-11-11 00:00:00+00:00,250.0,257.5,250.0,255.5,255.22434997558594,4257929,0.0,0.0
2024-11-12 00:00:00+00:00,259.0,259.0,253.5,254.5,254.22543334960938,6807756,0.0,0.0
2024-11-13 00:00:00+00:00,250.0,255.5,250.0,255.5,255.22434997558594,1462416,0.0,0.0
2024-11-14 00:00:00+00:00,259.0,259.0,253.0,258.0,257.7216491699219,1357563,0.0,0.0
2024-11-15 00:00:00+00:00,255.0,263.5,254.5,257.0,256.72271728515625,1475121,0.0,0.0
2024-11-18 00:00:00+00:00,264.0,264.61700439453125,257.0,262.0,261.71734619140625,1004149,0.0,0.0
2024-11-19 00:00:00+00:00,267.5,267.5,262.5,267.0,266.7119445800781,2178676,0.0,0.0
2024-11-20 00:00:00+00:00,267.5,269.0,258.0,260.0,259.719482421875,1500516,0.0,0.0
2024-11-21 00:00:00+00:00,265.0,267.0,254.0,265.0,264.7140808105469,3425211,0.0,0.0
2024-11-22 00:00:00+00:00,258.0,266.3299865722656,258.0,260.5,260.21893310546875,466344,0.0,0.0
2024-11-25 00:00:00+00:00,267.0,267.0,255.0,263.5,263.2157287597656,2738362,0.0,0.0
2024-11-26 00:00:00+00:00,268.0,268.0,258.0,258.5,258.22113037109375,471573,0.0,0.0
2024-11-27 00:00:00+00:00,259.5,262.5,258.5,260.5,260.21893310546875,765597,0.0,0.0
2024-11-28 00:00:00+00:00,261.5,265.0,259.5,263.0,262.7162780761719,425317,0.0,0.0
2024-11-29 00:00:00+00:00,260.0,264.5,260.0,262.5,262.216796875,899776,0.0,0.0
2024-12-02 00:00:00+00:00,262.5,272.0,262.0,267.5,267.2113952636719,1097077,0.0,0.0
2024-12-03 00:00:00+00:00,269.0,269.5,264.0,264.5,264.214599609375,1143828,0.0,0.0
2024-12-04 00:00:00+00:00,271.0,271.0,263.5,266.0,265.7130126953125,1774450,0.0,0.0
2024-12-05 00:00:00+00:00,267.0,270.7900085449219,266.0,269.5,269.209228515625,1502362,0.0,0.0
2024-12-06 00:00:00+00:00,268.5,271.0,264.5,265.0,264.7140808105469,593511,0.0,0.0
2024-12-09 00:00:00+00:00,265.0,267.0,261.0,261.5,261.2178649902344,691350,0.0,0.0
2024-12-10 00:00:00+00:00,268.5,268.5,259.0,260.5,260.21893310546875,727184,0.0,0.0
2024-12-11 00:00:00+00:00,266.5,266.5,258.5,262.5,262.216796875,749650,0.0,0.0
2024-12-12 00:00:00+00:00,268.0,268.0,260.0,260.0,259.719482421875,1761747,0.0,0.0
2024-12-13 00:00:00+00:00,258.0,261.5,258.0,259.0,258.7205505371094,544463,0.0,0.0
2024-12-16 00:00:00+00:00,254.0,259.5,254.0,258.5,258.22113037109375,4371766,0.0,0.0
2024-12-17 00:00:00+00:00,256.0,260.0,252.5,254.5,254.22543334960938,4737766,0.0,0.0
2024-12-18 00:00:00+00:00,260.5,260.5,251.5,258.5,258.22113037109375,4655501,0.0,0.0
2024-12-19 00:00:00+00:00,257.0,262.5,254.0,262.5,262.216796875,2851390,0.0,0.0
2024-12-20 00:00:00+00:00,255.0,261.5,255.0,258.5,258.22113037109375,6000510,0.0,0.0
2024-12-23 00:00:00+00:00,266.5,266.5,253.5,254.0,253.72596740722656,2648493,0.0,0.0
2024-12-24 00:00:00+00:00,255.0,260.0,255.0,260.0,259.719482421875,446559,0.0,0.0
2024-12-27 00:00:00+00:00,259.5,259.5,255.5,257.5,257.2221984863281,478887,0.0,0.0
2024-12-30 00:00:00+00:00,258.5,259.5,256.0,257.5,257.2221984863281,1086376,0.0,0.0
2024-12-31 00:00:00+00:00,260.0,260.0,256.0,258.0,257.7216491699219,1200955,0.0,0.0
2025-01-02 00:00:00+00:00,258.5,261.5,257.0,259.0,258.7205505371094,1689866,0.0,0.0
2025-01-03 00:00:00+00:00,259.0,264.5,259.0,261.5,261.2178649902344,3685900,0.0,0.0
2025-01-06 00:00:00+00:00,263.0,264.0,257.0,259.0,258.7205505371094,2612203,0.0,0.0
2025-01-07 00:00:00+00:00,260.0,260.0,253.5,256.0,255.72381591796875,2198628,0.0,0.0
2025-01-08 00:00:00+00:00,260.5,260.5,253.5,257.0,256.72271728515625,1883473,0.0,0.0
2025-01-09 00:00:00+00:00,260.5,262.5,255.5,262.5,262.216796875,2820255,0.0,0.0
2025-01-10 00:00:00+00:00,263.0,264.5,257.0,259.0,258.7205505371094,1701946,0.0,0.0
2025-01-13 00:00:00+00:00,258.0,260.0,256.37200927734375,258.5,258.22113037109375,2725772,0.0,0.0
2025-01-14 00:00:00+00:00,264.5,264.5,257.0,259.5,259.22003173828125,4698918,0.0,0.0
2025-01-15 00:00:00+00:00,265.0,267.5,262.5,266.5,266.21246337890625,3330369,0.0,0.0
2025-01-16 00:00:00+00:00,270.0,274.75,266.5,274.0,273.7043762207031,2734308,0.0,0.0
2025-01-17 00:00:00+00:00,275.0,276.0,270.0,271.5,271.20709228515625,1671379,0.0,0.0
2025-01-20 00:00:00+00:00,277.5,277.5,271.0,271.0,270.7076110839844,3520625,0.0,0.0
2025-01-21 00:00:00+00:00,271.0,273.5,271.0,273.0,272.7054748535156,1442522,0.0,0.0
2025-01-22 00:00:00+00:00,273.0,277.0,273.0,275.0,274.7032775878906,1015544,0.0,0.0
2025-01-23 00:00:00+00:00,275.0,276.5,271.5,274.5,274.2038269042969,1488910,0.0,0.0
2025-01-24 00:00:00+00:00,274.0,276.0,271.5,271.5,271.20709228515625,983592,0.0,0.0
2025-01-27 00:00:00+00:00,272.0,272.0,266.0,267.0,266.7119445800781,1030802,0.0,0.0
2025-01-28 00:00:00+00:00,266.0,270.0,266.0,267.0,266.7119445800781,1303475,0.0,0.0
2025-01-29 00:00:00+00:00,267.0,270.0,266.5,268.0,267.71087646484375,757200,0.0,0.0
2025-01-30 00:00:00+00:00,268.0,272.0,265.0,272.0,271.70654296875,1072308,0.0,0.0
2025-01-31 00:00:00+00:00,269.0,276.0,269.0,272.5,272.2060241699219,4953247,0.0,0.0
2025-02-03 00:00:00+00:00,268.5,271.80999755859375,268.5,271.5,271.20709228515625,1239385,0.0,0.0
2025-02-04 00:00:00+00:00,269.0,273.5,267.5,271.0,270.7076110839844,1444677,0.0,0.0
2025-02-05 00:00:00+00:00,273.5,273.5,268.5,271.5,271.20709228515625,1102548,0.0,0.0
2025-02-06 00:00:00+00:00,273.5,275.8179931640625,271.0,272.0,271.70654296875,920439,0.0,0.0
2025-02-07 00:00:00+00:00,271.0,272.5,269.5,270.0,269.70867919921875,1313557,0.0,0.0
2025-02-10 00:00:00+00:00,271.0,273.5,269.864990234375,272.5,272.2060241699219,2556611,0.0,0.0
2025-02-11 00:00:00+00:00,271.5,273.5,268.0,268.0,267.71087646484375,987477,0.0,0.0
2025-02-12 00:00:00+00:00,268.0,270.0,265.0,265.5,265.2135314941406,977858,0.0,0.0
2025-02-13 00:00:00+00:00,267.0,267.0,261.5,261.5,261.2178649902344,845896,0.0,0.0
2025-02-14 00:00:00+00:00,260.5,263.0,260.5,261.0,260.7184143066406,752177,0.0,0.0
2025-02-17 00:00:00+00:00,261.0,263.0,259.0,260.0,259.719482421875,484722,0.0,0.0
2025-02-18 00:00:00+00:00,257.0,261.5,256.1780090332031,260.5,260.21893310546875,1482203,0.0,0.0
2025-02-19 00:00:00+00:00,264.0,264.0,258.4989929199219,260.5,260.21893310546875,770033,0.0,0.0
2025-02-20 00:00:00+00:00,255.0,261.5,255.0,259.5,259.22003173828125,721136,0.0,0.0
2025-02-21 00:00:00+00:00,255.0,262.5,255.0,259.5,259.22003173828125,610022,0.0,0.0
2025-02-24 00:00:00+00:00,262.0,265.0,260.0,262.0,261.71734619140625,1106706,0.0,0.0
2025-02-25 00:00:00+00:00,265.0,265.0,260.5,261.5,261.2178649902344,1021213,0.0,0.0
2025-02-26 00:00:00+00:00,256.5,267.0,256.5,267.0,266.7119445800781,667378,0.0,0.0
2025-02-27 00:00:00+00:00,265.0,268.5,263.5,266.5,266.21246337890625,1508153,0.0,0.0
2025-02-28 00:00:00+00:00,265.0,266.5,260.0,261.0,260.7184143066406,2518759,0.0,0.0
2025-03-03 00:00:00+00:00,262.0,269.0,261.5,267.0,266.7119445800781,1218008,0.0,0.0
2025-03-04 00:00:00+00:00,269.0,269.0,261.0,261.0,260.7184143066406,1445182,0.0,0.0
2025-03-05 00:00:00+00:00,260.0,266.5,260.0,264.0,263.7151794433594,1080161,0.0,0.0
2025-03-06 00:00:00+00:00,269.0,269.0,261.5,263.0,262.7162780761719,1308827,0.0,0.0
2025-03-07 00:00:00+00:00,263.0,264.0,259.5,262.5,262.216796875,958839,0.0,0.0
2025-03-10 00:00:00+00:00,268.0,268.0,258.5,259.0,258.7205505371094,1455471,0.0,0.0
2025-03-11 00:00:00+00:00,258.0,266.0,252.49899291992188,256.0,255.72381591796875,3589500,0.0,0.0
2025-03-12 00:00:00+00:00,260.5,263.5,254.0,263.0,262.7162780761719,3303720,0.0,0.0
2025-03-13 00:00:00+00:00,261.5,265.0,255.0,257.0,256.72271728515625,2281033,0.0,0.0
2025-03-14 00:00:00+00:00,250.0,264.0,250.0,264.0,263.7151794433594,1899820,0.0,0.0
2025-03-17 00:00:00+00:00,264.5,267.5,261.0,264.5,264.214599609375,982499,0.0,0.0
2025-03-18 00:00:00+00:00,266.0,267.37799072265625,261.5,264.0,263.7151794433594,1089710,0.0,0.0
2025-03-19 00:00:00+00:00,263.0,266.5,262.0,266.5,266.21246337890625,2632854,0.0,0.0
2025-03-20 00:00:00+00:00,272.5,272.5,264.5,269.5,269.209228515625,2514123,0.0,0.0
2025-03-21 00:00:00+00:00,270.5,272.0,267.5,269.5,269.209228515625,5875367,0.0,0.0
2025-03-24 00:00:00+00:00,273.0,273.0,269.79998779296875,271.5,271.20709228515625,806203,0.0,0.0
2025-03-25 00:00:00+00:00,266.0,275.0,266.0,272.5,272.2060241699219,2462646,0.0,0.0
2025-03-26 00:00:00+00:00,273.5,281.0,272.75,275.0,274.7032775878906,1683487,0.0,0.0
2025-03-27 00:00:00+00:00,274.0,276.5,268.5,270.0,269.70867919921875,1090552,0.0,0.0
2025-03-28 00:00:00+00:00,268.0,272.0,264.9989929199219,268.5,268.2103271484375,1700989,0.0,0.0
2025-03-31 00:00:00+01:00,264.0,268.5,258.0,258.0,257.7216491699219,2431726,0.0,0.0
2025-04-01 00:00:00+01:00,260.0,263.0,255.5,258.0,257.7216491699219,5172695,0.0,0.0
2025-04-02 00:00:00+01:00,262.5,262.5,252.0,260.0,259.719482421875,1059353,0.0,0.0
2025-04-03 00:00:00+01:00,255.0,258.64898681640625,252.0,253.0,252.72703552246094,1518319,0.0,0.0
2025-04-04 00:00:00+01:00,250.0,252.75799560546875,231.92100524902344,234.0,233.74754333496094,2874420,0.0,0.0
2025-04-07 00:00:00+01:00,223.0,236.9499969482422,217.0,228.0,227.75401306152344,4491444,0.0,0.0
2025-04-08 00:00:00+01:00,232.5,238.0,228.5,235.5,235.2459259033203,3352013,0.0,0.0
2025-04-09 00:00:00+01:00,229.0,234.0,219.38800048828125,230.0,229.75186157226562,3771043,0.0,0.0
2025-04-10 00:00:00+01:00,238.5,242.5,233.0,237.0,236.8606719970703,2536861,11.3,0.0
2025-04-11 00:00:00+01:00,240.0,240.0,232.88400268554688,236.5,236.36097717285156,1286070,0.0,0.0
2025-04-14 00:00:00+01:00,238.0,242.5,237.5,240.5,240.35861206054688,783392,0.0,0.0
2025-04-15 00:00:00+01:00,241.5,246.10000610351562,241.5,245.5,245.35568237304688,2719667,0.0,0.0
2025-04-16 00:00:00+01:00,245.0,246.5,242.0,243.5,243.3568572998047,1602452,0.0,0.0
2025-04-17 00:00:00+01:00,243.5,246.0,241.5,244.0,243.8565673828125,1065378,0.0,0.0
2025-04-22 00:00:00+01:00,244.0,247.5,241.5,244.5,244.35626220703125,1041957,0.0,0.0
2025-04-23 00:00:00+01:00,248.0,250.5,246.0,248.5,248.35391235351562,6217093,0.0,0.0
2025-04-24 00:00:00+01:00,247.0,250.7550048828125,247.0,250.0,249.85302734375,737820,0.0,0.0
2025-04-25 00:00:00+01:00,251.0,256.0,251.0,254.5,254.3503875732422,1024910,0.0,0.0
2025-04-28 00:00:00+01:00,257.0,260.1000061035156,254.0,255.0,254.85008239746094,881940,0.0,0.0
2025-04-29 00:00:00+01:00,256.5,257.0,252.5,255.5,255.34979248046875,946365,0.0,0.0
2025-04-30 00:00:00+01:00,255.5,258.5,251.0,256.5,256.3492126464844,1919123,0.0,0.0
2025-05-01 00:00:00+01:00,260.5,260.5,255.0,255.5,255.34979248046875,792262,0.0,0.0
2025-05-02 00:00:00+01:00,257.5,260.0,255.8560028076172,258.0,257.84832763671875,2706792,0.0,0.0
2025-05-06 00:00:00+01:00,261.0,263.5,258.5,260.5,260.34686279296875,2166288,0.0,0.0
2025-05-07 00:00:00+01:00,262.0,266.5,259.0,266.5,266.34332275390625,2434682,0.0,0.0
2025-05-08 00:00:00+01:00,266.0,281.42498779296875,265.0,268.0,267.84246826171875,1564803,0.0,0.0
2025-05-09 00:00:00+01:00,267.0,269.5,265.0,268.0,267.84246826171875,777558,0.0,0.0
2025-05-12 00:00:00+01:00,269.0,272.0,265.5,269.0,268.84185791015625,1111232,0.0,0.0
2025-05-13 00:00:00+01:00,275.0,275.0,266.5,268.0,267.84246826171875,980989,0.0,0.0
2025-05-14 00:00:00+01:00,272.0,272.0,261.0,266.5,266.34332275390625,3949159,0.0,0.0
2025-05-15 00:00:00+01:00,271.5,271.5,262.0,263.0,262.84539794921875,1175570,0.0,0.0
2025-05-16 00:00:00+01:00,269.0,269.0,264.0,264.5,264.3445129394531,967107,0.0,0.0
2025-05-19 00:00:00+01:00,265.0,267.0,260.5,267.0,266.8430480957031,940491,0.0,0.0
2025-05-20 00:00:00+01:00,268.0,269.0,266.0,268.0,267.84246826171875,575314,0.0,0.0
2025-05-21 00:00:00+01:00,274.0,274.0,266.5,271.0,270.8406982421875,1369202,0.0,0.0
2025-05-22 00:00:00+01:00,275.0,275.0,258.0,260.5,260.34686279296875,1414770,0.0,0.0
2025-05-23 00:00:00+01:00,260.0,262.0,254.5,258.5,258.3480529785156,1810173,0.0,0.0
2025-05-27 00:00:00+01:00,258.5,264.0,258.0,261.0,260.8465576171875,5759775,0.0,0.0
2025-05-28 00:00:00+01:00,265.0,265.0,260.0,261.5,261.3462829589844,2324410,0.0,0.0
2025-05-29 00:00:00+01:00,264.5,264.5,260.0,260.0,259.8471374511719,706242,0.0,0.0
2025-05-30 00:00:00+01:00,265.0,266.5,260.5,262.5,262.345703125,2785596,0.0,0.0
2025-06-02 00:00:00+01:00,262.5,265.0,260.3999938964844,263.0,262.84539794921875,992058,0.0,0.0
2025-06-03 00:00:00+01:00,269.0,269.0,258.0,260.0,259.8471374511719,1580017,0.0,0.0
2025-06-04 00:00:00+01:00,261.5,264.0,258.5,262.5,262.345703125,1164380,0.0,0.0
2025-06-05 00:00:00+01:00,268.0,268.0,259.0,261.5,261.3462829589844,1498437,0.0,0.0
2025-06-06 00:00:00+01:00,267.0,269.5,261.0,269.0,268.84185791015625,1421543,0.0,0.0
2025-06-09 00:00:00+01:00,270.0,270.0,265.5,266.5,266.34332275390625,622343,0.0,0.0
2025-06-10 00:00:00+01:00,266.0,268.0,263.5,264.5,264.3445129394531,1648861,0.0,0.0
2025-06-11 00:00:00+01:00,264.0,267.0,263.0,263.0,262.84539794921875,890034,0.0,0.0
2025-06-12 00:00:00+01:00,259.5,263.5,259.4800109863281,259.5,259.3474426269531,1145983,0.0,0.0
2025-06-13 00:00:00+01:00,254.5,258.0,253.5,256.0,255.84950256347656,949880,0.0,0.0
2025-06-16 00:00:00+01:00,260.0,261.0,255.0,258.5,258.3480529785156,916727,0.0,0.0
2025-06-17 00:00:00+01:00,257.0,258.5,255.5,257.0,256.84893798828125,4818395,0.0,0.0
2025-06-18 00:00:00+01:00,258.0,260.5,256.7799987792969,257.0,256.84893798828125,1052811,0.0,0.0
2025-06-19 00:00:00+01:00,253.5,257.0,253.5,255.0,254.85008239746094,820769,0.0,0.0
2025-06-20 00:00:00+01:00,255.5,261.0,255.5,260.0,259.8471374511719,3964496,0.0,0.0
2025-06-23 00:00:00+01:00,258.0,263.0,257.0,262.0,261.8459777832031,2586740,0.0,0.0
2025-06-24 00:00:00+01:00,266.5,267.0010070800781,263.0,267.0,266.8430480957031,1681906,0.0,0.0
2025-06-25 00:00:00+01:00,267.5,268.0,264.5,266.5,266.34332275390625,932788,0.0,0.0
2025-06-26 00:00:00+01:00,270.0,272.5,267.5,272.0,271.8401184082031,1645409,0.0,0.0
2025-06-27 00:00:00+01:00,268.5,277.5,268.5,277.5,277.3368835449219,2029761,0.0,0.0
2025-06-30 00:00:00+01:00,277.5,279.5,272.0,272.5,272.3398132324219,1676620,0.0,0.0
2025-07-01 00:00:00+01:00,273.0,275.0,271.5,274.0,273.8388977050781,5663955,0.0,0.0
2025-07-02 00:00:00+01:00,276.5,288.5,269.5,273.0,272.8395080566406,3259439,0.0,0.0
2025-07-03 00:00:00+01:00,274.5,282.0,272.9599914550781,281.0,280.8348083496094,2083506,0.0,0.0
2025-07-04 00:00:00+01:00,280.5,286.5,276.0,278.5,278.3363037109375,1046231,0.0,0.0
2025-07-07 00:00:00+01:00,280.0,285.5,278.5,284.5,284.3327331542969,1533798,0.0,0.0
2025-07-08 00:00:00+01:00,285.0,296.0,283.0,291.5,291.3286437988281,4041740,0.0,0.0
2025-07-09 00:00:00+01:00,291.5,295.0,290.5,292.0,291.8283386230469,1510967,0.0,0.0
2025-07-10 00:00:00+01:00,293.0,298.0,292.0,297.0,296.8254089355469,2503273,0.0,0.0
2025-07-11 00:00:00+01:00,295.0,302.0,294.5,300.0,299.8236389160156,1646230,0.0,0.0
2025-07-14 00:00:00+01:00,299.0,304.5,296.5,304.5,304.3210144042969,1754698,0.0,0.0
2025-07-15 00:00:00+01:00,306.5,307.5,301.0,302.5,302.3221740722656,1270909,0.0,0.0
2025-07-16 00:00:00+01:00,301.5,308.5,301.0,305.5,305.3204040527344,1291236,0.0,0.0
2025-07-17 00:00:00+01:00,305.0,309.5,304.5,309.5,309.3180847167969,1105778,0.0,0.0
2025-07-18 00:00:00+01:00,311.5,311.5,308.0,308.5,308.31866455078125,603211,0.0,0.0
2025-07-21 00:00:00+01:00,309.0,310.5,307.5,310.0,309.8177490234375,667264,0.0,0.0
2025-07-22 00:00:00+01:00,310.0,311.0,305.4800109863281,306.5,306.31982421875,668021,0.0,0.0
2025-07-23 00:00:00+01:00,309.5,310.0,307.5,309.0,308.818359375,2112637,0.0,0.0
2025-07-24 00:00:00+01:00,315.0,315.0,309.5,311.5,311.3168640136719,1575246,0.0,0.0
2025-07-25 00:00:00+01:00,311.0,311.5,306.0,308.5,308.31866455078125,889039,0.0,0.0
2025-07-28 00:00:00+01:00,306.0,310.0,300.0,302.5,302.3221740722656,1030539,0.0,0.0
2025-07-29 00:00:00+01:00,304.0,305.5,301.0,302.0,301.8224792480469,1060333,0.0,0.0
2025-07-30 00:00:00+01:00,301.5,304.5,301.0,303.5,303.32159423828125,1795580,0.0,0.0
2025-07-31 00:00:00+01:00,304.0,309.5,303.5509948730469,306.5,306.31982421875,1170132,0.0,0.0
2025-08-01 00:00:00+01:00,304.0,312.5,299.3320007324219,303.5,303.32159423828125,452760,0.0,0.0
2025-08-04 00:00:00+01:00,303.0,308.0,303.0,308.0,307.8189392089844,878787,0.0,0.0
2025-08-05 00:00:00+01:00,307.0,310.6579895019531,306.5,307.0,306.81951904296875,758223,0.0,0.0
2025-08-06 00:00:00+01:00,300.0,300.5,274.0,282.0,281.834228515625,6247812,0.0,0.0
2025-08-07 00:00:00+01:00,282.0,290.0,280.0,286.0,285.8318786621094,2521471,0.0,0.0
2025-08-08 00:00:00+01:00,288.0,288.0,280.5,282.5,282.33392333984375,2502435,0.0,0.0
2025-08-11 00:00:00+01:00,282.5,286.0,282.0,284.5,284.3327331542969,1763070,0.0,0.0
2025-08-12 00:00:00+01:00,291.0,291.0,279.5,280.0,279.83538818359375,1596079,0.0,0.0
2025-08-13 00:00:00+01:00,280.0,281.25,276.0,276.0,275.8377380371094,2246014,0.0,0.0
2025-08-14 00:00:00+01:00,276.0,280.5,276.0,280.0,279.83538818359375,1400553,0.0,0.0
2025-08-15 00:00:00+01:00,279.5,280.5,275.5,275.5,275.3380432128906,1489033,0.0,0.0
2025-08-18 00:00:00+01:00,276.5,278.5,274.75,278.5,278.3363037109375,4896415,0.0,0.0
2025-08-19 00:00:00+01:00,280.0,285.5,278.0,282.0,281.834228515625,2155109,0.0,0.0
2025-08-20 00:00:00+01:00,281.5,285.0,281.0,284.0,283.83306884765625,1583468,0.0,0.0
2025-08-21 00:00:00+01:00,282.5,285.5,282.5,283.5,283.3333435058594,1342130,0.0,0.0
2025-08-22 00:00:00+01:00,290.0,290.0,283.0,286.5,286.3315734863281,1100810,0.0,0.0
2025-08-26 00:00:00+01:00,284.5,285.5,281.45001220703125,285.0,284.83245849609375,2563848,0.0,0.0
2025-08-27 00:00:00+01:00,282.5,286.0,280.468994140625,282.5,282.33392333984375,1353600,0.0,0.0
2025-08-28 00:00:00+01:00,282.5,283.5,278.0,281.0,280.8348083496094,982122,0.0,0.0
2025-08-29 00:00:00+01:00,281.5,281.5,276.5,277.5,277.3368835449219,1651727,0.0,0.0
2025-09-01 00:00:00+01:00,280.0,280.5,276.0,280.5,280.3350830078125,1002174,0.0,0.0
2025-09-02 00:00:00+01:00,280.0,282.5,275.8500061035156,277.5,277.3368835449219,2027932,0.0,0.0
2025-09-03 00:00:00+01:00,277.5,279.5,275.5,278.0,277.8365783691406,2092952,0.0,0.0
2025-09-04 00:00:00+01:00,280.0,285.0,277.77398681640625,283.0,282.8336486816406,1984759,0.0,0.0
2025-09-05 00:00:00+01:00,285.5,285.5,279.5,279.5,279.335693359375,1140083,0.0,0.0
2025-09-08 00:00:00+01:00,277.0,281.5,275.5,277.0,276.837158203125,1705713,0.0,0.0
2025-09-09 00:00:00+01:00,275.0,280.0,275.0,277.5,277.3368835449219,1901607,0.0,0.0
2025-09-10 00:00:00+01:00,279.5,279.5,275.5,276.0,275.8377380371094,4188611,0.0,0.0
2025-09-11 00:00:00+01:00,275.5,280.5,275.25,278.5,278.3363037109375,1283345,0.0,0.0
2025-09-12 00:00:00+01:00,276.5,278.5,273.5,275.5,275.3380432128906,2473498,0.0,0.0
2025-09-15 00:00:00+01:00,275.5,278.0,274.45001220703125,277.5,277.3368835449219,1526355,0.0,0.0
2025-09-16 00:00:00+01:00,278.0,279.5,272.0,273.0,272.8395080566406,1402219,0.0,0.0
2025-09-17 00:00:00+01:00,271.5,274.5,271.0,271.5,271.34039306640625,1986862,0.0,0.0
2025-09-18 00:00:00+01:00,277.5,278.5,272.5,277.0,276.837158203125,1584511,0.0,0.0
2025-09-19 00:00:00+01:00,276.0,278.5,271.5,273.5,273.3392333984375,2891755,0.0,0.0
2025-09-22 00:00:00+01:00,270.5,276.0,270.5,275.5,275.3380432128906,1126773,0.0,0.0
2025-09-23 00:00:00+01:00,273.5,277.5,273.5,274.5,274.338623046875,3986433,0.0,0.0
2025-09-24 00:00:00+01:00,274.5,276.0,271.5,272.0,271.8401184082031,1103818,0.0,0.0
2025-09-25 00:00:00+01:00,272.0,273.0,269.5,271.5,271.34039306640625,1225351,0.0,0.0
2025-09-26 00:00:00+01:00,272.5,273.5,270.6759948730469,272.0,271.8401184082031,564145,0.0,0.0
2025-09-29 00:00:00+01:00,274.5,275.0,272.5,275.0,274.83831787109375,1014576,0.0,0.0
2025-09-30 00:00:00+01:00,280.5,280.5,272.5,275.5,275.3380432128906,4422159,0.0,0.0
2025-10-01 00:00:00+01:00,274.0,276.0,271.80999755859375,275.0,274.83831787109375,1388597,0.0,0.0
2025-10-02 00:00:00+01:00,279.5,279.5,268.0,269.5,269.39251708984375,1015877,5.2000003,0.0
2025-10-03 00:00:00+01:00,270.0,271.5,266.3009948730469,268.0,267.8930969238281,1093539,0.0,0.0
2025-10-06 00:00:00+01:00,271.5,271.5,262.0,263.0,262.8951110839844,1079372,0.0,0.0
2025-10-07 00:00:00+01:00,262.5,264.5,261.0,261.0,260.8959045410156,1371819,0.0,0.0
2025-10-08 00:00:00+01:00,262.0,263.0,259.5,263.0,262.8951110839844,1244686,0.0,0.0
2025-10-09 00:00:00+01:00,262.0,266.0,261.5,265.5,265.39410400390625,1334288,0.0,0.0
2025-10-10 00:00:00+01:00,266.5,266.5,263.0,263.5,263.3948974609375,927822,0.0,0.0
2025-10-13 00:00:00+01:00,264.0,265.6499938964844,262.5,264.5,264.3945007324219,691334,0.0,0.0
2025-10-14 00:00:00+01:00,262.5,263.5,260.47198486328125,263.0,262.8951110839844,795230,0.0,0.0
2025-10-15 00:00:00+01:00,265.5,266.0,257.5,257.5,257.39727783203125,1074462,0.0,0.0
2025-10-16 00:00:00+01:00,257.5,259.0,253.5,255.5,255.39808654785156,628284,0.0,0.0
2025-10-17 00:00:00+01:00,253.0,254.5,249.0,253.5,253.3988800048828,1425811,0.0,0.0
2025-10-20 00:00:00+01:00,255.0,258.5,253.0,255.5,255.39808654785156,689373,0.0,0.0
2025-10-21 00:00:00+01:00,255.0,256.0,252.5,253.5,253.3988800048828,663288,0.0,0.0
2025-10-22 00:00:00+01:00,256.5,259.5,249.0,258.0,257.8970947265625,2336517,0.0,0.0
2025-10-23 00:00:00+01:00,259.5,262.5,257.5,259.0,258.8966979980469,1002217,0.0,0.0
2025-10-24 00:00:00+01:00,260.0,263.0,258.3999938964844,262.5,262.3952941894531,544346,0.0,0.0
2025-10-27 00:00:00+00:00,263.0,265.5,260.8299865722656,264.5,264.3945007324219,918214,0.0,0.0
2025-10-28 00:00:00+00:00,266.5,268.0,262.5,265.0,264.894287109375,1480126,0.0,0.0
2025-10-29 00:00:00+00:00,266.0,267.0,264.0,265.0,264.894287109375,729333,0.0,0.0
2025-10-30 00:00:00+00:00,264.0,266.0,263.0,266.0,265.8938903808594,1740000,0.0,0.0
2025-10-31 00:00:00+00:00,266.0,267.0,262.0,262.5,262.3952941894531,1034983,0.0,0.0
2025-11-03 00:00:00+00:00,258.5,263.0,258.5,262.5,262.3952941894531,1760008,0.0,0.0
2025-11-04 00:00:00+00:00,261.0,263.0,258.0929870605469,262.0,261.8955078125,1750810,0.0,0.0
2025-11-05 00:00:00+00:00,266.5,266.5,242.5,251.0,250.89988708496094,4028951,0.0,0.0
2025-11-06 00:00:00+00:00,253.5,255.5,250.5,252.0,251.8994903564453,1275979,0.0,0.0
2025-11-07 00:00:00+00:00,252.0,254.0,248.0,249.5,249.40048217773438,2469685,0.0,0.0
2025-11-10 00:00:00+00:00,244.5,252.5,244.5,251.5,251.39968872070312,976885,0.0,0.0
2025-11-11 00:00:00+00:00,255.0,255.0,245.5,246.5,246.40167236328125,1197730,0.0,0.0
2025-11-12 00:00:00+00:00,249.5,249.5,244.5,246.0,245.90187072753906,1165786,0.0,0.0
2025-11-13 00:00:00+00:00,244.5,246.0,244.5,245.0,244.90228271484375,648159,0.0,0.0
2025-11-14 00:00:00+00:00,243.5,243.5,240.0,243.0,242.903076171875,1225176,0.0,0.0
2025-11-17 00:00:00+00:00,242.0,245.0,239.5,243.5,243.4028778076172,2564637,0.0,0.0
2025-11-18 00:00:00+00:00,247.5,247.5,237.5,243.0,242.903076171875,1960798,0.0,0.0
2025-11-19 00:00:00+00:00,245.0,245.0,240.5,241.0,240.90386962890625,1324359,0.0,0.0
2025-11-20 00:00:00+00:00,241.0,243.5,240.5,240.5,240.40406799316406,1038826,0.0,0.0
2025-11-21 00:00:00+00:00,238.5,241.0,236.0,241.0,240.90386962890625,1517517,0.0,0.0
2025-11-24 00:00:00+00:00,235.5,243.0,235.5,241.0,240.90386962890625,1439961,0.0,0.0
2025-11-25 00:00:00+00:00,246.0,246.0,240.0,246.0,245.90187072753906,2241982,0.0,0.0
2025-11-26 00:00:00+00:00,244.5,250.0,244.0,249.5,249.40048217773438,1329915,0.0,0.0
2025-11-27 00:00:00+00:00,251.5,252.52000427246094,249.0,252.5,252.39927673339844,703486,0.0,0.0
2025-11-28 00:00:00+00:00,252.5,254.5,252.0,254.5,254.3984832763672,883182,0.0,0.0
2025-12-01 00:00:00+00:00,254.5,254.5,250.9320068359375,252.5,252.39927673339844,1628068,0.0,0.0
2025-12-02 00:00:00+00:00,251.5,253.5,251.5,252.0,251.8994903564453,876750,0.0,0.0
2025-12-03 00:00:00+00:00,252.5,253.5,245.0,248.0,247.9010772705078,1490026,0.0,0.0
2025-12-04 00:00:00+00:00,251.0,251.0,245.0,248.5,248.40087890625,3215800,0.0,0.0
2025-12-05 00:00:00+00:00,251.5,253.0,248.5,251.5,251.39968872070312,1810953,0.0,0.0
2025-12-08 00:00:00+00:00,252.0,252.5,250.0,250.5,250.40008544921875,1082562,0.0,0.0
2025-12-09 00:00:00+00:00,251.0,252.0,249.0,249.5,249.40048217773438,1157767,0.0,0.0
2025-12-10 00:00:00+00:00,250.0,250.0,247.5,248.5,248.40087890625,1809701,0.0,0.0
2025-12-11 00:00:00+00:00,247.0,250.0,247.0,249.0,248.9006805419922,1546914,0.0,0.0
2025-12-12 00:00:00+00:00,249.0,253.0,248.0,251.5,251.39968872070312,1637068,0.0,0.0
2025-12-15 00:00:00+00:00,252.0,257.0,251.5,253.0,252.89907836914062,802688,0.0,0.0
2025-12-16 00:00:00+00:00,251.5,255.0,251.5,253.5,253.3988800048828,1546277,0.0,0.0
2025-12-17 00:00:00+00:00,259.0,259.0,253.0,253.0,252.89907836914062,1844967,0.0,0.0
2025-12-18 00:00:00+00:00,253.0,256.5,252.6999969482422,255.5,255.39808654785156,1852026,0.0,0.0
2025-12-19 00:00:00+00:00,254.5,256.5,252.0,254.0,253.898681640625,4611399,0.0,0.0
2025-12-22 00:00:00+00:00,258.0,258.0,253.0,257.5,257.39727783203125,740486,0.0,0.0
2025-12-23 00:00:00+00:00,257.0,259.5,256.0,259.5,259.396484375,844601,0.0,0.0
2025-12-24 00:00:00+00:00,260.0,262.5,259.0,260.0,259.89630126953125,425120,0.0,0.0
2025-12-29 00:00:00+00:00,260.0,260.0,255.5,257.0,256.8974914550781,754295,0.0,0.0
2025-12-30 00:00:00+00:00,255.5,260.0,255.5,259.5,259.396484375,2253144,0.0,0.0
