Date,Open,High,Low,Close,Adj Close,Volume,Dividends,Stock Splits
2022-01-03 00:00:00-05:00,129.15750122070312,129.7624969482422,121.33000183105469,121.94750213623047,119.27062225341797,1001200,0.0,0.0
2022-01-04 00:00:00-05:00,121.30000305175781,121.30000305175781,115.97250366210938,117.00499725341797,114.43659973144531,1361200,0.0,0.0
2022-01-05 00:00:00-05:00,116.62750244140625,117.47000122070312,108.33000183105469,108.68250274658203,106.29680633544922,1824400,0.0,0.0
2022-01-06 00:00:00-05:00,107.29000091552734,108.73999786376953,104.8324966430664,106.63500213623047,104.29425811767578,1223200,0.0,0.0
2022-01-07 00:00:00-05:00,106.22000122070312,106.59249877929688,102.93499755859375,103.81999969482422,101.54105377197266,1000400,0.0,0.0
2022-01-10 00:00:00-05:00,101.76000213623047,107.48750305175781,100.26499938964844,106.94249725341797,104.59500122070312,1323200,0.0,0.0
2022-01-11 00:00:00-05:00,106.88999938964844,108.46749877929688,104.80249786376953,108.07749938964844,105.70508575439453,868400,0.0,0.0
2022-01-12 00:00:00-05:00,108.09750366210938,109.48999786376953,105.2750015258789,107.09249877929688,104.74171447753906,790800,0.0,0.0
2022-01-13 00:00:00-05:00,106.88749694824219,106.97250366210938,99.13749694824219,99.41999816894531,97.23763275146484,1217600,0.0,0.0
2022-01-14 00:00:00-05:00,99.0,100.49749755859375,95.7750015258789,97.52749633789062,95.38666534423828,1500000,0.0,0.0
2022-01-18 00:00:00-05:00,95.7125015258789,96.08999633789062,93.88749694824219,94.75,92.67013549804688,1019600,0.0,0.0
2022-01-19 00:00:00-05:00,95.12750244140625,97.73999786376953,94.50749969482422,94.9574966430664,92.87309265136719,755200,0.0,0.0
2022-01-20 00:00:00-05:00,95.78250122070312,97.44499969482422,94.27749633789062,94.30500030517578,92.23491668701172,976000,0.0,0.0
2022-01-21 00:00:00-05:00,94.3324966430664,94.91999816894531,91.63999938964844,91.7750015258789,89.76044464111328,1598000,0.0,0.0
2022-01-24 00:00:00-05:00,91.22000122070312,95.63999938964844,86.97000122070312,95.47250366210938,93.37677764892578,1820800,0.0,0.0
2022-01-25 00:00:00-05:00,93.32499694824219,94.19249725341797,89.77749633789062,92.0,89.98049926757812,1009200,0.0,0.0
2022-01-26 00:00:00-05:00,93.17500305175781,94.2925033569336,90.0824966430664,90.95249938964844,88.95598602294922,1045200,0.0,0.0
2022-01-27 00:00:00-05:00,92.33000183105469,93.73999786376953,88.32250213623047,88.4625015258789,86.52067565917969,1625600,0.0,0.0
2022-01-28 00:00:00-05:00,88.80000305175781,91.77249908447266,87.27999877929688,91.77249908447266,89.75797271728516,1846800,0.0,0.0
2022-01-31 00:00:00-05:00,92.13999938964844,94.12750244140625,91.8324966430664,94.10250091552734,92.03683471679688,1581600,0.0,0.0
2022-02-01 00:00:00-05:00,101.90249633789062,105.62249755859375,98.57250213623047,100.39250183105469,98.18877410888672,2256800,0.0,0.0
2022-02-02 00:00:00-05:00,101.14749908447266,105.40249633789062,101.14749908447266,104.46499633789062,102.1718978881836,1898400,0.0,0.0
2022-02-03 00:00:00-05:00,99.92500305175781,103.75,99.13749694824219,102.4000015258789,100.1522216796875,1084400,0.0,0.0
2022-02-04 00:00:00-05:00,100.25,103.23750305175781,99.26000213623047,102.51750183105469,100.26713562011719,1306000,0.0,0.0
2022-02-07 00:00:00-05:00,102.58999633789062,105.37999725341797,102.49749755859375,103.16999816894531,100.9052963256836,1064400,0.0,0.0
2022-02-08 00:00:00-05:00,102.9000015258789,104.3324966430664,101.37000274658203,103.3375015258789,101.0691146850586,1220400,0.0,0.0
2022-02-09 00:00:00-05:00,104.94750213623047,107.26750183105469,103.20500183105469,106.02249908447266,103.69519805908203,1214800,0.0,0.0
2022-02-10 00:00:00-05:00,103.28250122070312,107.94750213623047,103.28250122070312,105.71749877929688,103.4749526977539,1172400,0.08,0.0
2022-02-11 00:00:00-05:00,106.12000274658203,108.73750305175781,103.72000122070312,104.6449966430664,102.42520904541016,1454800,0.0,0.0
2022-02-14 00:00:00-05:00,104.73249816894531,106.7125015258789,103.27749633789062,103.41000366210938,101.21642303466797,1123600,0.0,0.0
2022-02-15 00:00:00-05:00,104.90249633789062,106.4375,102.33499908447266,103.1875,100.9986572265625,1408000,0.0,0.0
2022-02-16 00:00:00-05:00,102.43499755859375,103.70249938964844,100.76499938964844,103.00749969482422,100.82244873046875,1428400,0.0,0.0
2022-02-17 00:00:00-05:00,102.5,103.90499877929688,98.95999908447266,99.54750061035156,97.43585205078125,1174000,0.0,0.0
2022-02-18 00:00:00-05:00,99.44750213623047,101.0425033569336,97.5,100.25250244140625,98.12590026855469,1004800,0.0,0.0
2022-02-22 00:00:00-05:00,100.32250213623047,101.44999694824219,98.39749908447266,100.02749633789062,97.90563201904297,789600,0.0,0.0
2022-02-23 00:00:00-05:00,100.65499877929688,101.37000274658203,97.88749694824219,98.08999633789062,96.0092544555664,827600,0.0,0.0
2022-02-24 00:00:00-05:00,96.88749694824219,103.7074966430664,96.5250015258789,103.2249984741211,101.03533935546875,1408400,0.0,0.0
2022-02-25 00:00:00-05:00,103.27999877929688,106.09500122070312,103.09500122070312,105.67250061035156,103.430908203125,1049200,0.0,0.0
2022-02-28 00:00:00-05:00,104.48500061035156,105.44750213623047,103.0250015258789,104.85250091552734,102.62832641601562,1541200,0.0,0.0
2022-03-01 00:00:00-05:00,104.89749908447266,106.7300033569336,104.05249786376953,105.04499816894531,102.81672668457031,920800,0.0,0.0
2022-03-02 00:00:00-05:00,105.6050033569336,106.79499816894531,104.48999786376953,105.91999816894531,103.67316436767578,755600,0.0,0.0
2022-03-03 00:00:00-05:00,106.56500244140625,106.72000122070312,103.81500244140625,104.95500183105469,102.72863006591797,567200,0.0,0.0
2022-03-04 00:00:00-05:00,104.44499969482422,105.65499877929688,102.2699966430664,104.39749908447266,102.18296813964844,1225200,0.0,0.0
2022-03-07 00:00:00-05:00,104.07749938964844,104.25250244140625,100.01000213623047,100.33000183105469,98.20175170898438,913600,0.0,0.0
2022-03-08 00:00:00-05:00,99.20249938964844,101.00499725341797,96.7750015258789,98.43000030517578,96.34205627441406,820400,0.0,0.0
2022-03-09 00:00:00-05:00,101.39250183105469,105.13249969482422,99.76499938964844,104.57499694824219,102.35670471191406,846800,0.0,0.0
2022-03-10 00:00:00-05:00,102.48249816894531,103.9375,101.38999938964844,103.77249908447266,101.57122802734375,600400,0.0,0.0
2022-03-11 00:00:00-05:00,105.0250015258789,105.0250015258789,100.08999633789062,100.20999908447266,98.08428955078125,584800,0.0,0.0
2022-03-14 00:00:00-04:00,100.93499755859375,103.12999725341797,97.625,98.05249786376953,95.97254943847656,591600,0.0,0.0
2022-03-15 00:00:00-04:00,99.36000061035156,101.50749969482422,98.4175033569336,101.4000015258789,99.24906158447266,899200,0.0,0.0
2022-03-16 00:00:00-04:00,102.82499694824219,106.7300033569336,102.82499694824219,105.8550033569336,103.60954284667969,585600,0.0,0.0
2022-03-17 00:00:00-04:00,105.11250305175781,108.05500030517578,104.47000122070312,107.93250274658203,105.64297485351562,698400,0.0,0.0
2022-03-18 00:00:00-04:00,107.74500274658203,111.75250244140625,107.74500274658203,111.4000015258789,109.03691864013672,1332400,0.0,0.0
2022-03-21 00:00:00-04:00,109.83499908447266,111.6875,107.47000122070312,109.55999755859375,107.23594665527344,824800,0.0,0.0
2022-03-22 00:00:00-04:00,109.36250305175781,111.70500183105469,108.5625,110.53500366210938,108.1902847290039,782400,0.0,0.0
2022-03-23 00:00:00-04:00,110.00749969482422,110.00749969482422,106.78500366210938,107.25499725341797,104.97984313964844,469200,0.0,0.0
2022-03-24 00:00:00-04:00,107.41999816894531,108.90499877929688,106.13500213623047,108.76499938964844,106.45779418945312,436000,0.0,0.0
2022-03-25 00:00:00-04:00,109.7074966430664,109.7074966430664,106.56500244140625,108.86250305175781,106.55325317382812,425200,0.0,0.0
2022-03-28 00:00:00-04:00,109.19499969482422,110.53250122070312,107.39250183105469,109.33000183105469,107.01083374023438,453200,0.0,0.0
2022-03-29 00:00:00-04:00,111.0999984741211,112.33999633789062,110.74500274658203,111.50499725341797,109.1396713256836,652400,0.0,0.0
2022-03-30 00:00:00-04:00,111.10250091552734,111.17250061035156,109.1500015258789,110.59500122070312,108.24898529052734,574000,0.0,0.0
2022-03-31 00:00:00-04:00,110.7925033569336,111.68250274658203,107.74500274658203,108.26000213623047,105.96353149414062,1182400,0.0,0.0
2022-04-01 00:00:00-04:00,109.3375015258789,109.3375015258789,106.90249633789062,108.31749725341797,106.01981353759766,1158400,0.0,0.0
2022-04-04 00:00:00-04:00,108.83000183105469,108.83000183105469,107.44000244140625,108.01000213623047,105.71881103515625,1559600,0.0,0.0
2022-04-05 00:00:00-04:00,108.32250213623047,108.7925033569336,106.94249725341797,108.26249694824219,105.96595764160156,1040800,0.0,0.0
2022-04-06 00:00:00-04:00,107.43250274658203,109.18499755859375,104.95249938964844,108.55000305175781,106.24739074707031,901200,0.0,0.0
2022-04-07 00:00:00-04:00,108.44499969482422,113.80500030517578,108.44499969482422,112.4124984741211,110.02793884277344,1032400,0.0,0.0
2022-04-08 00:00:00-04:00,111.3949966430664,111.50499725341797,108.04499816894531,108.2925033569336,105.99535369873047,1462000,0.0,0.0
2022-04-11 00:00:00-04:00,107.57250213623047,107.74749755859375,103.99500274658203,105.62750244140625,103.38687896728516,1019200,0.0,0.0
2022-04-12 00:00:00-04:00,106.47000122070312,108.19000244140625,102.40750122070312,103.1875,100.9986572265625,512800,0.0,0.0
2022-04-13 00:00:00-04:00,102.87249755859375,105.9574966430664,102.40750122070312,104.8499984741211,102.62586212158203,583600,0.0,0.0
2022-04-14 00:00:00-04:00,105.3324966430664,106.2925033569336,103.41999816894531,104.5199966430664,102.30287170410156,796800,0.0,0.0
2022-04-18 00:00:00-04:00,104.05999755859375,104.12999725341797,101.62750244140625,103.01499938964844,100.82978820800781,503600,0.0,0.0
2022-04-19 00:00:00-04:00,102.59249877929688,104.81500244140625,101.97750091552734,103.3125,101.12098693847656,867200,0.0,0.0
2022-04-20 00:00:00-04:00,104.45249938964844,106.96749877929688,103.32250213623047,106.15249633789062,103.90071868896484,596000,0.0,0.0
2022-04-21 00:00:00-04:00,106.54000091552734,107.06500244140625,102.83000183105469,103.02249908447266,100.83712768554688,588800,0.0,0.0
2022-04-22 00:00:00-04:00,102.61750030517578,102.8375015258789,100.6675033569336,100.74749755859375,98.61039733886719,802000,0.0,0.0
2022-04-25 00:00:00-04:00,98.55750274658203,100.29499816894531,97.29499816894531,100.22750091552734,98.10142517089844,1328400,0.0,0.0
2022-04-26 00:00:00-04:00,99.6875,99.6875,95.25,95.53250122070312,93.5060043334961,1053200,0.0,0.0
2022-04-27 00:00:00-04:00,95.52249908447266,97.81999969482422,95.07499694824219,95.23249816894531,93.2123794555664,598800,0.0,0.0
2022-04-28 00:00:00-04:00,96.5,98.41500091552734,95.21499633789062,96.72250366210938,94.67076873779297,1440000,0.0,0.0
2022-04-29 00:00:00-04:00,96.31999969482422,99.4375,94.73750305175781,94.92250061035156,92.90895080566406,950000,0.0,0.0
2022-05-02 00:00:00-04:00,94.34750366210938,96.17250061035156,92.7300033569336,95.6449966430664,93.61612701416016,1039200,0.0,0.0
2022-05-03 00:00:00-04:00,95.23249816894531,97.84750366210938,94.94750213623047,95.85749816894531,93.82412719726562,1027200,0.0,0.0
2022-05-04 00:00:00-04:00,96.4625015258789,99.57749938964844,93.7249984741211,98.95999908447266,96.86080169677734,1426800,0.0,0.0
2022-05-05 00:00:00-04:00,97.69999694824219,98.05500030517578,94.99250030517578,96.5374984741211,94.48970031738281,1429200,0.0,0.0
2022-05-06 00:00:00-04:00,95.34500122070312,95.34500122070312,92.14749908447266,93.23249816894531,91.25482940673828,1068000,0.0,0.0
2022-05-09 00:00:00-04:00,92.2074966430664,92.2074966430664,86.7125015258789,86.76499938964844,84.92447662353516,2210000,0.0,0.0
2022-05-10 00:00:00-04:00,89.24749755859375,90.51000213623047,85.65750122070312,87.88500213623047,86.02074432373047,1368800,0.0,0.0
2022-05-11 00:00:00-04:00,86.8949966430664,88.89250183105469,84.4749984741211,84.6675033569336,82.8714828491211,993200,0.0,0.0
2022-05-12 00:00:00-04:00,84.36000061035156,88.29750061035156,83.75499725341797,87.22000122070312,85.3698501586914,1514800,0.0,0.0
2022-05-13 00:00:00-04:00,88.79000091552734,92.97750091552734,88.61000061035156,91.94249725341797,90.07479858398438,1258400,0.08,0.0
2022-05-16 00:00:00-04:00,91.10749816894531,92.62000274658203,90.19999694824219,90.53250122070312,88.69342041015625,792800,0.0,0.0
2022-05-17 00:00:00-04:00,92.57250213623047,94.06999969482422,90.58499908447266,92.76249694824219,90.87812805175781,764000,0.0,0.0
2022-05-18 00:00:00-04:00,91.73750305175781,92.2874984741211,89.22750091552734,89.77249908447266,87.94886016845703,966400,0.0,0.0
2022-05-19 00:00:00-04:00,89.49250030517578,92.68499755859375,89.49250030517578,91.61000061035156,89.74905395507812,834800,0.0,0.0
2022-05-20 00:00:00-04:00,93.12000274658203,93.12000274658203,89.60749816894531,91.5875015258789,89.72699737548828,790000,0.0,0.0
2022-05-23 00:00:00-04:00,92.73999786376953,92.73999786376953,89.49500274658203,91.12750244140625,89.27633666992188,1079200,0.0,0.0
2022-05-24 00:00:00-04:00,90.78250122070312,90.78250122070312,88.71499633789062,89.2925033569336,87.47862243652344,903200,0.0,0.0
2022-05-25 00:00:00-04:00,88.8375015258789,89.87999725341797,87.38749694824219,88.20249938964844,86.41075134277344,1059600,0.0,0.0
2022-05-26 00:00:00-04:00,89.05000305175781,91.63999938964844,88.33999633789062,91.33000183105469,89.47471618652344,690400,0.0,0.0
2022-05-27 00:00:00-04:00,92.28500366210938,96.64250183105469,92.15750122070312,96.63999938964844,94.6768569946289,1013600,0.0,0.0
2022-05-31 00:00:00-04:00,95.53250122070312,96.0374984741211,91.6500015258789,92.43250274658203,90.55482482910156,1615200,0.0,0.0
2022-06-01 00:00:00-04:00,92.32749938964844,93.7125015258789,88.9574966430664,89.98750305175781,88.15950012207031,721200,0.0,0.0
2022-06-02 00:00:00-04:00,90.51750183105469,93.8324966430664,88.37999725341797,93.50250244140625,91.60308837890625,742000,0.0,0.0
2022-06-03 00:00:00-04:00,92.1624984741211,92.45249938964844,90.37750244140625,90.7750015258789,88.9310073852539,791200,0.0,0.0
2022-06-06 00:00:00-04:00,92.38999938964844,92.7874984741211,90.37249755859375,90.8499984741211,89.00447082519531,599600,0.0,0.0
2022-06-07 00:00:00-04:00,90.0875015258789,91.9000015258789,90.0625,91.5,89.64127349853516,863200,0.0,0.0
2022-06-08 00:00:00-04:00,91.28250122070312,92.07499694824219,90.30000305175781,91.11250305175781,89.26164245605469,539200,0.0,0.0
2022-06-09 00:00:00-04:00,90.55999755859375,91.02749633789062,88.76000213623047,88.86000061035156,87.05490112304688,762000,0.0,0.0
2022-06-10 00:00:00-04:00,87.41999816894531,87.41999816894531,83.61000061035156,83.63749694824219,81.93848419189453,968800,0.0,0.0
2022-06-13 00:00:00-04:00,80.98249816894531,81.94000244140625,80.25749969482422,81.24500274658203,79.59458923339844,1230400,0.0,0.0
2022-06-14 00:00:00-04:00,81.12249755859375,81.74500274658203,79.51750183105469,81.04499816894531,79.39865112304688,1022800,0.0,0.0
2022-06-15 00:00:00-04:00,82.05750274658203,83.4375,80.98750305175781,82.66500091552734,80.98574829101562,1194800,0.0,0.0
2022-06-16 00:00:00-04:00,80.9749984741211,81.31999969482422,79.8375015258789,80.6675033569336,79.02882385253906,1686400,0.0,0.0
2022-06-17 00:00:00-04:00,80.99500274658203,83.32499694824219,80.94499969482422,81.7874984741211,80.12606811523438,2337600,0.0,0.0
2022-06-21 00:00:00-04:00,82.78250122070312,83.30249786376953,82.1624984741211,82.32499694824219,80.65266418457031,1425200,0.0,0.0
2022-06-22 00:00:00-04:00,81.70999908447266,83.20999908447266,81.125,82.42500305175781,80.75062561035156,1284400,0.0,0.0
2022-06-23 00:00:00-04:00,83.1449966430664,86.36499786376953,82.67749786376953,86.32499694824219,84.57138061523438,1021600,0.0,0.0
2022-06-24 00:00:00-04:00,87.17250061035156,88.19999694824219,86.48750305175781,88.19000244140625,86.39852905273438,1365200,0.0,0.0
2022-06-27 00:00:00-04:00,88.05500030517578,88.76000213623047,86.60749816894531,88.33499908447266,86.54057312011719,946000,0.0,0.0
2022-06-28 00:00:00-04:00,88.26750183105469,89.07250213623047,86.44000244140625,86.50250244140625,84.74529266357422,716800,0.0,0.0
2022-06-29 00:00:00-04:00,86.31749725341797,87.37249755859375,85.38749694824219,87.125,85.35514068603516,891200,0.0,0.0
2022-06-30 00:00:00-04:00,86.0999984741211,87.89749908447266,84.16000366210938,86.66000366210938,84.89958190917969,891200,0.0,0.0
2022-07-01 00:00:00-04:00,86.65750122070312,88.29499816894531,85.5250015258789,88.29499816894531,86.50137329101562,793200,0.0,0.0
2022-07-05 00:00:00-04:00,87.5625,90.8550033569336,87.02999877929688,90.57499694824219,88.73505401611328,963600,0.0,0.0
2022-07-06 00:00:00-04:00,91.33499908447266,91.59249877929688,89.96749877929688,90.69499969482422,88.85261535644531,840000,0.0,0.0
2022-07-07 00:00:00-04:00,90.39250183105469,92.28500366210938,90.39250183105469,92.05999755859375,90.18990325927734,648000,0.0,0.0
2022-07-08 00:00:00-04:00,91.63999938964844,93.06500244140625,91.40499877929688,92.48249816894531,90.60381317138672,710800,0.0,0.0
2022-07-11 00:00:00-04:00,91.32499694824219,91.85749816894531,90.31500244140625,90.76000213623047,88.91631317138672,604800,0.0,0.0
2022-07-12 00:00:00-04:00,90.87750244140625,91.61250305175781,87.67749786376953,88.19999694824219,86.40830993652344,686400,0.0,0.0
2022-07-13 00:00:00-04:00,86.4000015258789,88.1050033569336,85.87999725341797,87.23750305175781,85.46534729003906,515200,0.0,0.0
2022-07-14 00:00:00-04:00,86.98500061035156,86.98500061035156,82.2925033569336,85.34750366210938,83.61376953125,885600,0.0,0.0
2022-07-15 00:00:00-04:00,85.94750213623047,86.42749786376953,82.26499938964844,86.0875015258789,84.3387222290039,1381600,0.0,0.0
2022-07-18 00:00:00-04:00,86.48750305175781,87.30750274658203,83.9000015258789,84.05999755859375,82.3523941040039,769600,0.0,0.0
2022-07-19 00:00:00-04:00,85.4749984741211,87.70500183105469,84.71749877929688,87.55999755859375,85.78129577636719,692400,0.0,0.0
2022-07-20 00:00:00-04:00,88.31999969482422,90.20249938964844,87.86000061035156,89.14250183105469,87.3316650390625,651200,0.0,0.0
2022-07-21 00:00:00-04:00,89.9749984741211,93.13999938964844,89.9749984741211,92.52749633789062,90.64788055419922,1156000,0.0,0.0
2022-07-22 00:00:00-04:00,92.63500213623047,93.53250122070312,89.99250030517578,90.8125,88.96773529052734,565600,0.0,0.0
2022-07-25 00:00:00-04:00,90.51249694824219,90.90750122070312,89.51000213623047,90.2750015258789,88.44115447998047,408400,0.0,0.0
2022-07-26 00:00:00-04:00,90.47250366210938,92.92500305175781,89.55500030517578,92.65750122070312,90.77526092529297,1164000,0.0,0.0
2022-07-27 00:00:00-04:00,92.6624984741211,94.20249938964844,92.01750183105469,93.61000061035156,91.70840454101562,892400,0.0,0.0
2022-07-28 00:00:00-04:00,94.13999938964844,96.05500030517578,92.7699966430664,95.19000244140625,93.25633239746094,677200,0.0,0.0
2022-07-29 00:00:00-04:00,94.75499725341797,96.5199966430664,94.54750061035156,96.31999969482422,94.36334991455078,550400,0.0,0.0
2022-08-01 00:00:00-04:00,95.39250183105469,97.05500030517578,94.67500305175781,95.81500244140625,93.86861419677734,699200,0.0,0.0
2022-08-02 00:00:00-04:00,95.07250213623047,97.93499755859375,95.07250213623047,96.75250244140625,94.78706359863281,938800,0.0,0.0
2022-08-03 00:00:00-04:00,98.11000061035156,99.33499908447266,97.12000274658203,97.9625015258789,95.97249603271484,1116800,0.0,0.0
2022-08-04 00:00:00-04:00,97.09249877929688,97.98750305175781,94.12000274658203,97.7249984741211,95.73982238769531,1795600,0.0,0.0
2022-08-05 00:00:00-04:00,95.97750091552734,96.4625015258789,93.18000030517578,95.74250030517578,93.79759216308594,710000,0.0,0.0
2022-08-08 00:00:00-04:00,95.83999633789062,96.4124984741211,93.62000274658203,93.7874984741211,91.88229370117188,647200,0.0,0.0
2022-08-09 00:00:00-04:00,93.84500122070312,93.84500122070312,89.32250213623047,90.27999877929688,88.44606018066406,1206800,0.0,0.0
2022-08-10 00:00:00-04:00,92.37249755859375,95.11000061035156,90.72750091552734,94.98750305175781,93.05791473388672,783200,0.0,0.0
2022-08-11 00:00:00-04:00,95.36499786376953,96.47000122070312,93.57499694824219,93.60749816894531,91.7059555053711,494000,0.0,0.0
2022-08-12 00:00:00-04:00,93.45249938964844,95.125,93.45249938964844,94.9124984741211,93.06397247314453,512800,0.08,0.0
2022-08-15 00:00:00-04:00,95.0,96.23999786376953,94.09750366210938,94.5199966430664,92.67913818359375,482800,0.0,0.0
2022-08-16 00:00:00-04:00,93.31500244140625,93.31500244140625,91.65499877929688,92.51499938964844,90.71318817138672,834000,0.0,0.0
2022-08-17 00:00:00-04:00,91.48750305175781,92.69000244140625,90.30000305175781,90.69249725341797,88.92616271972656,841600,0.0,0.0
2022-08-18 00:00:00-04:00,90.69249725341797,90.73249816894531,89.12999725341797,90.36250305175781,88.60260009765625,698000,0.0,0.0
2022-08-19 00:00:00-04:00,90.08000183105469,90.25,88.22750091552734,88.7074966430664,86.9798355102539,489600,0.0,0.0
2022-08-22 00:00:00-04:00,87.48500061035156,88.05000305175781,86.0999984741211,86.4124984741211,84.72953033447266,434800,0.0,0.0
2022-08-23 00:00:00-04:00,86.05999755859375,86.20500183105469,84.92500305175781,85.53250122070312,83.8666763305664,698800,0.0,0.0
2022-08-24 00:00:00-04:00,85.7750015258789,87.13999938964844,85.37000274658203,86.74500274658203,85.0555648803711,921200,0.0,0.0
2022-08-25 00:00:00-04:00,88.18250274658203,89.8499984741211,87.18499755859375,89.6500015258789,87.90399169921875,695600,0.0,0.0
2022-08-26 00:00:00-04:00,89.52999877929688,89.56749725341797,84.68499755859375,84.68499755859375,83.03564453125,598800,0.0,0.0
2022-08-29 00:00:00-04:00,83.47250366210938,84.48249816894531,82.83999633789062,83.34750366210938,81.72422790527344,662000,0.0,0.0
2022-08-30 00:00:00-04:00,84.0425033569336,84.07749938964844,82.93000030517578,83.34500122070312,81.7217788696289,991600,0.0,0.0
2022-08-31 00:00:00-04:00,84.23249816894531,84.89250183105469,82.95249938964844,82.95249938964844,81.33692169189453,781200,0.0,0.0
2022-09-01 00:00:00-04:00,82.08999633789062,83.2300033569336,80.81500244140625,83.20999908447266,81.58938598632812,692400,0.0,0.0
2022-09-02 00:00:00-04:00,83.85250091552734,84.27999877929688,82.2249984741211,82.50749969482422,80.90058135986328,597200,0.0,0.0
2022-09-06 00:00:00-04:00,82.34500122070312,82.94750213623047,81.54750061035156,82.26000213623047,80.65789031982422,901600,0.0,0.0
2022-09-07 00:00:00-04:00,81.13249969482422,83.6500015258789,79.65750122070312,83.53250122070312,81.90560913085938,1435600,0.0,0.0
2022-09-08 00:00:00-04:00,82.73500061035156,85.68499755859375,82.09500122070312,85.66999816894531,84.00149536132812,961600,0.0,0.0
2022-09-09 00:00:00-04:00,85.82250213623047,87.1500015258789,85.63249969482422,86.69499969482422,85.00653076171875,760800,0.0,0.0
2022-09-12 00:00:00-04:00,86.59249877929688,87.4175033569336,85.81999969482422,86.20249938964844,84.52362060546875,706000,0.0,0.0
2022-09-13 00:00:00-04:00,83.625,84.2699966430664,80.8550033569336,80.96499633789062,79.38811492919922,898800,0.0,0.0
2022-09-14 00:00:00-04:00,80.8125,80.9625015258789,78.80999755859375,79.9175033569336,78.36103057861328,1224800,0.0,0.0
2022-09-15 00:00:00-04:00,80.07749938964844,81.36750030517578,78.8550033569336,79.09249877929688,77.55209350585938,780000,0.0,0.0
2022-09-16 00:00:00-04:00,78.48249816894531,78.48249816894531,75.36250305175781,76.89749908447266,75.39985656738281,1859600,0.0,0.0
2022-09-19 00:00:00-04:00,76.6500015258789,76.6500015258789,74.87750244140625,75.99500274658203,74.51493072509766,1318800,0.0,0.0
2022-09-20 00:00:00-04:00,74.98249816894531,75.7300033569336,73.94000244140625,75.02249908447266,73.56137084960938,896400,0.0,0.0
2022-09-21 00:00:00-04:00,75.84249877929688,76.64749908447266,73.84500122070312,74.0625,72.62006378173828,1409200,0.0,0.0
2022-09-22 00:00:00-04:00,73.9749984741211,74.3949966430664,71.9749984741211,72.55500030517578,71.14192199707031,960400,0.0,0.0
2022-09-23 00:00:00-04:00,72.47750091552734,72.84750366210938,70.85250091552734,72.76499938964844,71.34780883789062,986800,0.0,0.0
2022-09-26 00:00:00-04:00,72.80500030517578,73.87000274658203,72.12249755859375,72.5199966430664,71.10758972167969,958000,0.0,0.0
2022-09-27 00:00:00-04:00,73.2249984741211,73.60250091552734,70.3550033569336,70.63500213623047,69.2593002319336,1612000,0.0,0.0
2022-09-28 00:00:00-04:00,71.7300033569336,73.00749969482422,70.99250030517578,72.4124984741211,71.002197265625,1342000,0.0,0.0
2022-09-29 00:00:00-04:00,71.69750213623047,71.94249725341797,70.58499908447266,71.40750122070312,70.01677703857422,883600,0.0,0.0
2022-09-30 00:00:00-04:00,71.78500366210938,73.36499786376953,70.87750244140625,71.0,69.61720275878906,884400,0.0,0.0
2022-10-03 00:00:00-04:00,71.51000213623047,73.97750091552734,70.62999725341797,73.26750183105469,71.8405532836914,801600,0.0,0.0
2022-10-04 00:00:00-04:00,74.48750305175781,77.19999694824219,74.48750305175781,77.13999938964844,75.63761901855469,1315200,0.0,0.0
2022-10-05 00:00:00-04:00,75.80500030517578,78.0999984741211,75.36499786376953,77.13749694824219,75.63516998291016,5827600,0.0,0.0
2022-10-06 00:00:00-04:00,77.06999969482422,77.88999938964844,76.5824966430664,77.2699966430664,75.76509857177734,916800,0.0,0.0
2022-10-07 00:00:00-04:00,76.00250244140625,76.2074966430664,73.25250244140625,74.0,72.55877685546875,971200,0.0,0.0
2022-10-10 00:00:00-04:00,74.18250274658203,74.18250274658203,71.09750366210938,71.12249755859375,69.73731231689453,1339600,0.0,0.0
2022-10-11 00:00:00-04:00,71.1500015258789,71.7249984741211,69.1875,70.49500274658203,69.12203979492188,1421600,0.0,0.0
2022-10-12 00:00:00-04:00,70.9574966430664,71.41999816894531,70.27999877929688,70.71749877929688,69.3402099609375,636800,0.0,0.0
2022-10-13 00:00:00-04:00,68.77749633789062,72.8324966430664,68.00250244140625,72.23750305175781,70.83061218261719,1018000,0.0,0.0
2022-10-14 00:00:00-04:00,72.875,73.28250122070312,70.5824966430664,70.71499633789062,69.33773803710938,815600,0.0,0.0
2022-10-17 00:00:00-04:00,71.4175033569336,75.31749725341797,71.09750366210938,74.04000091552734,72.59800720214844,1030000,0.0,0.0
2022-10-18 00:00:00-04:00,76.24250030517578,77.81500244140625,75.00749969482422,75.65499877929688,74.18154907226562,986000,0.0,0.0
2022-10-19 00:00:00-04:00,74.19000244140625,74.8324966430664,71.86499786376953,72.50499725341797,71.09288024902344,1072800,0.0,0.0
2022-10-20 00:00:00-04:00,72.2750015258789,73.23750305175781,70.48249816894531,70.53250122070312,69.1588134765625,1006800,0.0,0.0
2022-10-21 00:00:00-04:00,70.7300033569336,71.13999938964844,69.09750366210938,70.82250213623047,69.44314575195312,1274400,0.0,0.0
2022-10-24 00:00:00-04:00,71.12000274658203,71.66999816894531,70.15750122070312,70.94499969482422,69.56327819824219,1094000,0.0,0.0
2022-10-25 00:00:00-04:00,71.39250183105469,74.55999755859375,71.39250183105469,74.1500015258789,72.70584869384766,924000,0.0,0.0
2022-10-26 00:00:00-04:00,74.19000244140625,77.40750122070312,74.15499877929688,75.47250366210938,74.00261688232422,1493600,0.0,0.0
2022-10-27 00:00:00-04:00,75.89250183105469,76.0374984741211,73.8125,73.94249725341797,72.50238800048828,848800,0.0,0.0
2022-10-28 00:00:00-04:00,73.88249969482422,74.22000122070312,72.34750366210938,73.875,72.43619537353516,806000,0.0,0.0
2022-10-31 00:00:00-04:00,73.81999969482422,74.40499877929688,72.98500061035156,74.06500244140625,72.62249755859375,1587200,0.0,0.0
2022-11-01 00:00:00-04:00,71.42250061035156,78.42250061035156,69.59750366210938,77.32250213623047,75.81655883789062,2727200,0.0,0.0
2022-11-02 00:00:00-04:00,76.80999755859375,78.82499694824219,74.37000274658203,74.48750305175781,73.0367660522461,2304400,0.0,0.0
2022-11-03 00:00:00-04:00,73.32499694824219,76.96499633789062,70.77249908447266,76.30000305175781,74.81399536132812,1822400,0.0,0.0
2022-11-04 00:00:00-04:00,76.8949966430664,77.23750305175781,74.0374984741211,75.89250183105469,74.41443634033203,1261200,0.0,0.0
2022-11-07 00:00:00-05:00,75.9625015258789,78.98750305175781,74.91000366210938,78.69499969482422,77.16233825683594,4941600,0.0,0.0
2022-11-08 00:00:00-05:00,79.125,79.89749908447266,77.12000274658203,77.59750366210938,76.08622741699219,1072000,0.0,0.0
2022-11-09 00:00:00-05:00,77.2750015258789,78.42500305175781,76.875,78.26499938964844,76.7406997680664,1378400,0.0,0.0
2022-11-10 00:00:00-05:00,81.62249755859375,84.38249969482422,81.5250015258789,84.27249908447266,82.71574401855469,1662400,0.08,0.0
2022-11-11 00:00:00-05:00,84.20249938964844,90.63249969482422,84.16500091552734,87.49250030517578,85.87627410888672,2114000,0.0,0.0
2022-11-14 00:00:00-05:00,86.48249816894531,87.80000305175781,85.56999969482422,86.28250122070312,84.68862915039062,902000,0.0,0.0
2022-11-15 00:00:00-05:00,87.6675033569336,89.39250183105469,87.18000030517578,88.07250213623047,86.4455795288086,1162000,0.0,0.0
2022-11-16 00:00:00-05:00,88.05999755859375,88.05999755859375,86.00499725341797,87.12000274658203,85.51066589355469,980400,0.0,0.0
2022-11-17 00:00:00-05:00,85.89749908447266,85.89749908447266,82.125,82.9175033569336,81.38578033447266,1446800,0.0,0.0
2022-11-18 00:00:00-05:00,83.94249725341797,84.0425033569336,82.05000305175781,82.15249633789062,80.6349105834961,947200,0.0,0.0
2022-11-21 00:00:00-05:00,81.6875,83.37000274658203,80.88500213623047,83.01499938964844,81.48149108886719,877200,0.0,0.0
2022-11-22 00:00:00-05:00,83.4625015258789,83.5999984741211,82.2699966430664,83.11750030517578,81.58209991455078,803600,0.0,0.0
2022-11-23 00:00:00-05:00,83.42749786376953,84.49500274658203,82.69249725341797,84.08000183105469,82.52680969238281,602800,0.0,0.0
2022-11-25 00:00:00-05:00,83.80249786376953,85.7750015258789,83.68499755859375,84.74250030517578,83.17707061767578,456800,0.0,0.0
2022-11-28 00:00:00-05:00,84.4749984741211,85.02249908447266,82.2125015258789,82.5999984741211,81.07415008544922,1028000,0.0,0.0
2022-11-29 00:00:00-05:00,82.30249786376953,82.99500274658203,81.21499633789062,81.76750183105469,80.25704956054688,812800,0.0,0.0
2022-11-30 00:00:00-05:00,81.73999786376953,85.38999938964844,81.18000030517578,84.98999786376953,83.41999816894531,1992900,0.0,4.0
2022-12-01 00:00:00-05:00,85.11000061035156,86.69000244140625,84.12000274658203,86.41000366210938,84.81377410888672,836700,0.0,0.0
2022-12-02 00:00:00-05:00,84.4000015258789,86.38999938964844,83.66000366210938,84.69000244140625,83.12553405761719,501000,0.0,0.0
2022-12-05 00:00:00-05:00,83.18000030517578,83.18000030517578,80.62999725341797,82.5999984741211,81.07415008544922,721300,0.0,0.0
2022-12-06 00:00:00-05:00,82.23999786376953,82.80000305175781,79.44000244140625,80.66999816894531,79.17979431152344,683000,0.0,0.0
2022-12-07 00:00:00-05:00,80.91000366210938,82.01000213623047,80.30000305175781,80.66999816894531,79.17979431152344,530200,0.0,0.0
2022-12-08 00:00:00-05:00,80.66999816894531,82.48999786376953,79.87000274658203,81.94999694824219,80.43616485595703,921000,0.0,0.0
2022-12-09 00:00:00-05:00,81.2699966430664,82.31999969482422,79.69000244140625,80.7300033569336,79.23870086669922,581100,0.0,0.0
2022-12-12 00:00:00-05:00,82.55000305175781,83.66999816894531,81.83000183105469,82.9800033569336,81.44711303710938,947500,0.0,0.0
2022-12-13 00:00:00-05:00,86.98999786376953,88.48999786376953,85.61000061035156,86.9800033569336,85.37324523925781,998200,0.0,0.0
2022-12-14 00:00:00-05:00,86.9800033569336,88.18000030517578,85.55999755859375,86.80999755859375,85.20639038085938,860400,0.0,0.0
2022-12-15 00:00:00-05:00,85.20999908447266,85.98999786376953,83.76000213623047,84.19000244140625,82.6347885131836,742200,0.0,0.0
2022-12-16 00:00:00-05:00,83.58999633789062,84.30000305175781,81.41000366210938,82.37999725341797,80.85820770263672,2934300,0.0,0.0
2022-12-19 00:00:00-05:00,81.81999969482422,82.69999694824219,80.33000183105469,80.79000091552734,79.2975845336914,563000,0.0,0.0
2022-12-20 00:00:00-05:00,80.70999908447266,81.62000274658203,79.51000213623047,81.02999877929688,79.53314971923828,556200,0.0,0.0
2022-12-21 00:00:00-05:00,81.5999984741211,83.69000244140625,81.19000244140625,83.16999816894531,81.63360595703125,559100,0.0,0.0
2022-12-22 00:00:00-05:00,81.86000061035156,83.02999877929688,80.9000015258789,82.94999694824219,81.41767120361328,434500,0.0,0.0
2022-12-23 00:00:00-05:00,82.38999938964844,83.12000274658203,81.91000366210938,82.7300033569336,81.20175170898438,398400,0.0,0.0
2022-12-27 00:00:00-05:00,82.7300033569336,83.37999725341797,81.44999694824219,82.20999908447266,80.69135284423828,489600,0.0,0.0
2022-12-28 00:00:00-05:00,82.4000015258789,84.02999877929688,80.6500015258789,80.69000244140625,79.19944763183594,479100,0.0,0.0
2022-12-29 00:00:00-05:00,81.58000183105469,84.95999908447266,79.61000061035156,84.47000122070312,82.90961456298828,748100,0.0,0.0
2022-12-30 00:00:00-05:00,83.70999908447266,83.70999908447266,81.16999816894531,82.87999725341797,81.34896850585938,657400,0.0,0.0
2023-01-03 00:00:00-05:00,83.86000061035156,84.5199966430664,81.75,82.52999877929688,81.00545501708984,781900,0.0,0.0
2023-01-04 00:00:00-05:00,83.76000213623047,85.1500015258789,83.08999633789062,84.38999938964844,82.83108520507812,622700,0.0,0.0
2023-01-05 00:00:00-05:00,83.56999969482422,83.56999969482422,81.61000061035156,82.29000091552734,80.76986694335938,771100,0.0,0.0
2023-01-06 00:00:00-05:00,82.41999816894531,83.83000183105469,80.19000244140625,82.5199966430664,80.9956283569336,1243100,0.0,0.0
2023-01-09 00:00:00-05:00,83.37000274658203,84.62000274658203,82.81999969482422,83.94000244140625,82.38938903808594,713000,0.0,0.0
2023-01-10 00:00:00-05:00,84.80000305175781,86.7300033569336,84.58999633789062,86.54000091552734,84.94136810302734,887600,0.0,0.0
2023-01-11 00:00:00-05:00,87.19000244140625,88.8499984741211,86.38999938964844,86.62000274658203,85.01990509033203,545400,0.0,0.0
2023-01-12 00:00:00-05:00,86.30999755859375,86.30999755859375,81.0,82.16999816894531,80.65210723876953,2441500,0.0,0.0
2023-01-13 00:00:00-05:00,81.20999908447266,82.20999908447266,80.2300033569336,80.8499984741211,79.35648345947266,2219900,0.0,0.0
2023-01-17 00:00:00-05:00,81.05999755859375,82.93000030517578,80.4800033569336,80.8499984741211,79.35648345947266,1301200,0.0,0.0
2023-01-18 00:00:00-05:00,81.05000305175781,82.13999938964844,79.77999877929688,79.98999786376953,78.51236724853516,1185000,0.0,0.0
2023-01-19 00:00:00-05:00,79.63999938964844,81.31999969482422,78.69999694824219,80.79000091552734,79.2975845336914,884200,0.0,0.0
2023-01-20 00:00:00-05:00,80.48999786376953,81.72000122070312,80.12999725341797,81.45999908447266,79.9552001953125,675500,0.0,0.0
2023-01-23 00:00:00-05:00,81.58000183105469,82.80000305175781,81.51000213623047,82.29000091552734,80.76986694335938,645300,0.0,0.0
2023-01-24 00:00:00-05:00,81.52999877929688,81.56999969482422,79.66999816894531,80.1500015258789,78.66941833496094,711500,0.0,0.0
2023-01-25 00:00:00-05:00,79.01000213623047,79.83999633789062,77.87000274658203,79.83000183105469,78.35530853271484,827200,0.0,0.0
2023-01-26 00:00:00-05:00,80.5999984741211,81.04000091552734,79.3499984741211,80.31999969482422,78.83626556396484,800600,0.0,0.0
2023-01-27 00:00:00-05:00,79.94999694824219,82.01000213623047,79.31999969482422,81.19000244140625,79.69020080566406,864900,0.0,0.0
2023-01-30 00:00:00-05:00,80.76000213623047,80.94000244140625,78.55000305175781,78.68000030517578,77.22657775878906,853600,0.0,0.0
2023-01-31 00:00:00-05:00,78.7300033569336,79.83000183105469,78.0999984741211,79.66000366210938,78.1884536743164,1643700,0.0,0.0
2023-02-01 00:00:00-05:00,79.91000366210938,81.87000274658203,79.06999969482422,81.27999877929688,79.77853393554688,1526300,0.0,0.0
2023-02-02 00:00:00-05:00,80.7300033569336,86.13999938964844,79.94000244140625,80.8499984741211,79.35648345947266,2284800,0.0,0.0
2023-02-03 00:00:00-05:00,79.30000305175781,80.08000183105469,77.66000366210938,79.16000366210938,77.69770050048828,1251900,0.0,0.0
2023-02-06 00:00:00-05:00,78.38999938964844,78.79000091552734,75.4800033569336,75.56999969482422,74.17401885986328,1184700,0.0,0.0
2023-02-07 00:00:00-05:00,75.13999938964844,78.93000030517578,74.7699966430664,78.44000244140625,76.99100494384766,900400,0.0,0.0
2023-02-08 00:00:00-05:00,77.93000030517578,78.56999969482422,76.83000183105469,77.0,75.5776138305664,634700,0.0,0.0
2023-02-09 00:00:00-05:00,77.44999694824219,78.69999694824219,75.47000122070312,75.86000061035156,74.45866394042969,1233900,0.0,0.0
2023-02-10 00:00:00-05:00,75.29000091552734,76.7300033569336,74.75,76.29000091552734,74.95977783203125,1138100,0.08,0.0
2023-02-13 00:00:00-05:00,76.58999633789062,77.73999786376953,76.16000366210938,77.08999633789062,75.74580383300781,1318200,0.0,0.0
2023-02-14 00:00:00-05:00,75.27999877929688,77.66999816894531,75.27999877929688,77.0,75.65740203857422,1520800,0.0,0.0
2023-02-15 00:00:00-05:00,76.70999908447266,77.30999755859375,75.95999908447266,76.80000305175781,75.46088409423828,604600,0.0,0.0
2023-02-16 00:00:00-05:00,75.47000122070312,77.19999694824219,75.27999877929688,76.23999786376953,74.91062927246094,815000,0.0,0.0
2023-02-17 00:00:00-05:00,75.80999755859375,76.25,75.01000213623047,75.95999908447266,74.6355209350586,822500,0.0,0.0
2023-02-21 00:00:00-05:00,74.77999877929688,75.79000091552734,73.61000061035156,73.66000366210938,72.37564086914062,810900,0.0,0.0
2023-02-22 00:00:00-05:00,74.12000274658203,74.26000213623047,72.83000183105469,74.23999786376953,72.94551849365234,1051200,0.0,0.0
2023-02-23 00:00:00-05:00,74.51000213623047,75.30999755859375,73.11000061035156,74.2699966430664,72.97498321533203,1213400,0.0,0.0
2023-02-24 00:00:00-05:00,73.20999908447266,73.38999938964844,72.13999938964844,72.4800033569336,71.21620178222656,677800,0.0,0.0
2023-02-27 00:00:00-05:00,73.1500015258789,73.94000244140625,72.4000015258789,72.68000030517578,71.41272735595703,919700,0.0,0.0
2023-02-28 00:00:00-05:00,72.1500015258789,73.05999755859375,72.01000213623047,72.63999938964844,71.37340545654297,949600,0.0,0.0
2023-03-01 00:00:00-05:00,72.27999877929688,75.80000305175781,72.27999877929688,74.91000366210938,73.60382843017578,2022100,0.0,0.0
2023-03-02 00:00:00-05:00,72.70999908447266,78.12000274658203,72.70999908447266,77.5999984741211,76.2469253540039,1472200,0.0,0.0
2023-03-03 00:00:00-05:00,77.75,79.11000061035156,77.30000305175781,78.23999786376953,76.87576293945312,852500,0.0,0.0
2023-03-06 00:00:00-05:00,78.08999633789062,78.27999877929688,76.61000061035156,76.91000366210938,75.5689468383789,702100,0.0,0.0
2023-03-07 00:00:00-05:00,76.93000030517578,76.93000030517578,74.70999908447266,74.81999969482422,73.51538848876953,630400,0.0,0.0
2023-03-08 00:00:00-05:00,75.02999877929688,75.94000244140625,74.19000244140625,74.54000091552734,73.24028015136719,1192800,0.0,0.0
2023-03-09 00:00:00-05:00,74.9800033569336,76.6500015258789,74.0199966430664,74.05999755859375,72.76864624023438,822100,0.0,0.0
2023-03-10 00:00:00-05:00,73.87000274658203,74.0,70.97000122070312,71.97000122070312,70.715087890625,897100,0.0,0.0
2023-03-13 00:00:00-04:00,71.75,73.29000091552734,69.80999755859375,71.81999969482422,70.56771087646484,987000,0.0,0.0
2023-03-14 00:00:00-04:00,72.93000030517578,74.08000183105469,72.29000091552734,73.2699966430664,71.99241638183594,971500,0.0,0.0
2023-03-15 00:00:00-04:00,72.11000061035156,72.83999633789062,70.9000015258789,72.7699966430664,71.50114440917969,805000,0.0,0.0
2023-03-16 00:00:00-04:00,72.52999877929688,73.56999969482422,71.95999908447266,73.48999786376953,72.20858001708984,621200,0.0,0.0
2023-03-17 00:00:00-04:00,73.52999877929688,73.55999755859375,72.08999633789062,72.30999755859375,71.04917907714844,1278100,0.0,0.0
2023-03-20 00:00:00-04:00,72.51000213623047,73.69000244140625,72.0,72.55999755859375,71.29480743408203,700100,0.0,0.0
2023-03-21 00:00:00-04:00,73.05000305175781,74.04000091552734,72.66000366210938,73.8499984741211,72.56231689453125,603700,0.0,0.0
2023-03-22 00:00:00-04:00,73.79000091552734,74.48999786376953,72.37000274658203,72.44999694824219,71.18671417236328,616700,0.0,0.0
2023-03-23 00:00:00-04:00,72.69999694824219,73.30000305175781,71.31999969482422,71.91999816894531,70.66596221923828,718600,0.0,0.0
2023-03-24 00:00:00-04:00,71.58999633789062,72.87000274658203,70.33000183105469,72.54000091552734,71.275146484375,825400,0.0,0.0
2023-03-27 00:00:00-04:00,73.12999725341797,73.9000015258789,72.69000244140625,73.41000366210938,72.1300048828125,636300,0.0,0.0
2023-03-28 00:00:00-04:00,73.1500015258789,73.43000030517578,71.41999816894531,71.62000274658203,70.37118530273438,504800,0.0,0.0
2023-03-29 00:00:00-04:00,72.4000015258789,72.79000091552734,71.66999816894531,72.05999755859375,70.80352020263672,518600,0.0,0.0
2023-03-30 00:00:00-04:00,72.77999877929688,73.0199966430664,71.9800033569336,72.43000030517578,71.16706085205078,487900,0.0,0.0
2023-03-31 00:00:00-04:00,72.94999694824219,74.30000305175781,72.83999633789062,74.19000244140625,72.8963851928711,596700,0.0,0.0
2023-04-03 00:00:00-04:00,73.72000122070312,73.77999877929688,72.16000366210938,73.76000213623047,72.473876953125,790700,0.0,0.0
2023-04-04 00:00:00-04:00,73.94000244140625,74.87999725341797,73.47000122070312,73.80000305175781,72.51317596435547,833600,0.0,0.0
2023-04-05 00:00:00-04:00,73.73999786376953,74.55999755859375,72.58000183105469,74.04000091552734,72.7490005493164,1054600,0.0,0.0
2023-04-06 00:00:00-04:00,74.37999725341797,75.80999755859375,74.0999984741211,75.6500015258789,74.3309326171875,1047000,0.0,0.0
2023-04-10 00:00:00-04:00,75.48999786376953,75.80999755859375,73.94000244140625,75.19000244140625,73.87894439697266,653400,0.0,0.0
2023-04-11 00:00:00-04:00,75.45999908447266,78.22000122070312,75.0,77.80000305175781,76.44343566894531,1293100,0.0,0.0
2023-04-12 00:00:00-04:00,78.83000183105469,81.23999786376953,78.45999908447266,81.22000122070312,79.8038101196289,3711800,0.0,0.0
2023-04-13 00:00:00-04:00,82.02999877929688,83.58999633789062,81.22000122070312,83.55000305175781,82.09318542480469,1192500,0.0,0.0
2023-04-14 00:00:00-04:00,83.44999694824219,85.36000061035156,83.29000091552734,85.23999786376953,83.75370788574219,2043600,0.0,0.0
2023-04-17 00:00:00-04:00,85.52999877929688,85.83000183105469,84.33000183105469,85.2300033569336,83.74388885498047,1560600,0.0,0.0
2023-04-18 00:00:00-04:00,85.44999694824219,85.58000183105469,83.7300033569336,84.33000183105469,82.85958099365234,1271700,0.0,0.0
2023-04-19 00:00:00-04:00,84.05000305175781,85.22000122070312,83.94000244140625,84.9800033569336,83.49824523925781,901800,0.0,0.0
2023-04-20 00:00:00-04:00,84.02999877929688,84.02999877929688,81.41000366210938,82.04000091552734,80.60948944091797,1922800,0.0,0.0
2023-04-21 00:00:00-04:00,82.36000061035156,83.66999816894531,82.36000061035156,83.47000122070312,82.01457214355469,1047400,0.0,0.0
2023-04-24 00:00:00-04:00,83.5199966430664,84.2300033569336,83.37000274658203,84.0999984741211,82.63359832763672,1018900,0.0,0.0
2023-04-25 00:00:00-04:00,83.0999984741211,83.0999984741211,78.25,78.7300033569336,77.35721588134766,2031300,0.0,0.0
2023-04-26 00:00:00-04:00,77.9000015258789,79.47000122070312,77.41000366210938,78.41000366210938,77.04280090332031,1390400,0.0,0.0
2023-04-27 00:00:00-04:00,78.41999816894531,78.63999938964844,76.69000244140625,77.69999694824219,76.34518432617188,813600,0.0,0.0
2023-04-28 00:00:00-04:00,77.69000244140625,80.29000091552734,77.55000305175781,79.87999725341797,78.4871597290039,817700,0.0,0.0
2023-05-01 00:00:00-04:00,80.04000091552734,81.12999725341797,78.98999786376953,79.2300033569336,77.84850311279297,1170100,0.0,0.0
2023-05-02 00:00:00-04:00,79.20999908447266,80.61000061035156,77.69999694824219,80.19999694824219,78.80157470703125,1578000,0.0,0.0
2023-05-03 00:00:00-04:00,81.5999984741211,87.19999694824219,81.30000305175781,85.9800033569336,84.48079681396484,2477100,0.0,0.0
2023-05-04 00:00:00-04:00,85.83000183105469,85.94999694824219,83.08999633789062,84.02999877929688,82.56482696533203,1571200,0.0,0.0
2023-05-05 00:00:00-04:00,84.73999786376953,85.08000183105469,82.30999755859375,83.12999725341797,81.68047332763672,899400,0.0,0.0
2023-05-08 00:00:00-04:00,83.12000274658203,83.12000274658203,81.05999755859375,82.2699966430664,80.83548736572266,716800,0.0,0.0
2023-05-09 00:00:00-04:00,81.4000015258789,82.08999633789062,80.18000030517578,81.08000183105469,79.66624450683594,785200,0.0,0.0
2023-05-10 00:00:00-04:00,81.9000015258789,82.33999633789062,80.51000213623047,81.19999694824219,79.78414154052734,790100,0.0,0.0
2023-05-11 00:00:00-04:00,80.80999755859375,82.0999984741211,78.69000244140625,81.93000030517578,80.50141143798828,1126900,0.0,0.0
2023-05-12 00:00:00-04:00,81.7300033569336,81.7300033569336,79.9000015258789,81.30000305175781,79.96049499511719,777900,0.08,0.0
2023-05-15 00:00:00-04:00,81.30000305175781,81.48999786376953,80.22000122070312,81.08000183105469,79.74410247802734,797900,0.0,0.0
2023-05-16 00:00:00-04:00,80.66000366210938,82.31999969482422,79.76000213623047,81.94000244140625,80.58995056152344,930800,0.0,0.0
2023-05-17 00:00:00-04:00,82.5199966430664,82.83000183105469,81.05999755859375,82.04000091552734,80.68827819824219,997700,0.0,0.0
2023-05-18 00:00:00-04:00,82.04000091552734,83.41999816894531,81.5999984741211,83.2699966430664,81.89803314208984,889100,0.0,0.0
2023-05-19 00:00:00-04:00,83.68000030517578,84.68000030517578,83.45999908447266,83.87999725341797,82.49797821044922,757300,0.0,0.0
2023-05-22 00:00:00-04:00,83.83000183105469,85.7699966430664,83.54000091552734,84.20999908447266,82.82254028320312,647400,0.0,0.0
2023-05-23 00:00:00-04:00,84.20999908447266,85.33000183105469,82.98999786376953,83.20999908447266,81.8390121459961,1226100,0.0,0.0
2023-05-24 00:00:00-04:00,81.91000366210938,82.36000061035156,80.30000305175781,81.7300033569336,80.38340759277344,980700,0.0,0.0
2023-05-25 00:00:00-04:00,81.86000061035156,83.12000274658203,81.43000030517578,82.30999755859375,80.9538345336914,853100,0.0,0.0
2023-05-26 00:00:00-04:00,82.52999877929688,83.91999816894531,82.37000274658203,83.5,82.1242446899414,700400,0.0,0.0
2023-05-30 00:00:00-04:00,83.80000305175781,84.79000091552734,82.87000274658203,83.18000030517578,81.80950164794922,702400,0.0,0.0
2023-05-31 00:00:00-04:00,82.58000183105469,82.66999816894531,79.51000213623047,81.79000091552734,80.44242095947266,1090700,0.0,0.0
2023-06-01 00:00:00-04:00,81.91000366210938,82.0999984741211,81.16999816894531,81.69000244140625,80.34404754638672,786000,0.0,0.0
2023-06-02 00:00:00-04:00,82.66999816894531,83.83000183105469,82.13999938964844,83.0,81.63248443603516,672600,0.0,0.0
2023-06-05 00:00:00-04:00,82.56999969482422,83.01000213623047,81.76000213623047,82.66999816894531,81.30790710449219,560100,0.0,0.0
2023-06-06 00:00:00-04:00,83.12999725341797,83.5999984741211,81.93000030517578,82.62999725341797,81.26856231689453,578400,0.0,0.0
2023-06-07 00:00:00-04:00,82.77999877929688,83.0,81.93000030517578,82.25,80.89485168457031,849800,0.0,0.0
2023-06-08 00:00:00-04:00,81.93000030517578,81.95999908447266,78.19999694824219,79.29000091552734,77.98360443115234,768500,0.0,0.0
2023-06-09 00:00:00-04:00,79.19999694824219,79.4000015258789,77.88999938964844,78.43000030517578,77.13776397705078,613100,0.0,0.0
2023-06-12 00:00:00-04:00,78.20999908447266,79.30000305175781,78.12999725341797,78.66000366210938,77.36397552490234,801500,0.0,0.0
2023-06-13 00:00:00-04:00,78.70999908447266,78.94999694824219,76.62999725341797,76.7300033569336,75.4657974243164,1772000,0.0,0.0
2023-06-14 00:00:00-04:00,76.9800033569336,77.12999725341797,74.12999725341797,74.87000274658203,73.63642883300781,1658700,0.0,0.0
2023-06-15 00:00:00-04:00,74.80000305175781,76.62999725341797,74.6500015258789,76.61000061035156,75.34776306152344,1261900,0.0,0.0
2023-06-16 00:00:00-04:00,77.41999816894531,79.05000305175781,76.83000183105469,78.48999786376953,77.19679260253906,2739000,0.0,0.0
2023-06-20 00:00:00-04:00,76.91000366210938,78.2699966430664,75.5,77.43000030517578,76.15425109863281,1304500,0.0,0.0
2023-06-21 00:00:00-04:00,76.95999908447266,77.0199966430664,75.61000061035156,76.6500015258789,75.38710021972656,801000,0.0,0.0
2023-06-22 00:00:00-04:00,77.02999877929688,77.08000183105469,76.2300033569336,76.51000213623047,75.24940490722656,682900,0.0,0.0
2023-06-23 00:00:00-04:00,76.11000061035156,77.25,75.9800033569336,76.62000274658203,75.35759735107422,1168200,0.0,0.0
2023-06-26 00:00:00-04:00,76.44999694824219,77.36000061035156,75.22000122070312,76.79000091552734,75.52479553222656,467800,0.0,0.0
2023-06-27 00:00:00-04:00,76.91000366210938,77.04000091552734,75.29000091552734,75.58999633789062,74.34456634521484,807000,0.0,0.0
2023-06-28 00:00:00-04:00,75.58999633789062,76.43000030517578,74.66999816894531,76.08999633789062,74.83634185791016,616400,0.0,0.0
2023-06-29 00:00:00-04:00,75.75,79.43000030517578,75.41999816894531,79.3499984741211,78.04261016845703,799400,0.0,0.0
2023-06-30 00:00:00-04:00,79.94999694824219,82.08999633789062,79.88999938964844,81.62999725341797,80.28504943847656,1200300,0.0,0.0
2023-07-03 00:00:00-04:00,81.1500015258789,81.52999877929688,80.54000091552734,81.13999938964844,79.80311584472656,817500,0.0,0.0
2023-07-05 00:00:00-04:00,80.87999725341797,81.55000305175781,80.0199966430664,80.83999633789062,79.50807189941406,691900,0.0,0.0
2023-07-06 00:00:00-04:00,80.0999984741211,81.37999725341797,79.0999984741211,81.1500015258789,79.81295013427734,745000,0.0,0.0
2023-07-07 00:00:00-04:00,81.19999694824219,81.56999969482422,79.93000030517578,80.80000305175781,79.46871948242188,626000,0.0,0.0
2023-07-10 00:00:00-04:00,81.25,83.26000213623047,81.04000091552734,82.83999633789062,81.47510528564453,590200,0.0,0.0
2023-07-11 00:00:00-04:00,82.83999633789062,84.30999755859375,82.76000213623047,83.80000305175781,82.4192886352539,507400,0.0,0.0
2023-07-12 00:00:00-04:00,84.62000274658203,85.22000122070312,84.19999694824219,84.61000061035156,83.21595764160156,713100,0.0,0.0
2023-07-13 00:00:00-04:00,84.95999908447266,85.31999969482422,84.12999725341797,84.44000244140625,83.04875946044922,457800,0.0,0.0
2023-07-14 00:00:00-04:00,84.5999984741211,84.93000030517578,83.62999725341797,84.22000122070312,82.83238220214844,751700,0.0,0.0
2023-07-17 00:00:00-04:00,84.04000091552734,84.19000244140625,81.5199966430664,82.80000305175781,81.43578338623047,960100,0.0,0.0
2023-07-18 00:00:00-04:00,83.08000183105469,83.37999725341797,81.41000366210938,82.30000305175781,80.94401550292969,712700,0.0,0.0
2023-07-19 00:00:00-04:00,82.25,84.11000061035156,82.25,83.87999725341797,82.49797821044922,675600,0.0,0.0
2023-07-20 00:00:00-04:00,84.19999694824219,86.9800033569336,83.33999633789062,86.91999816894531,85.4878921508789,1082800,0.0,0.0
2023-07-21 00:00:00-04:00,87.0,89.91000366210938,85.41999816894531,89.41999816894531,87.94670867919922,1613800,0.0,0.0
2023-07-24 00:00:00-04:00,89.20999908447266,89.83000183105469,87.41999816894531,87.91000366210938,86.4615707397461,810700,0.0,0.0
2023-07-25 00:00:00-04:00,87.0,89.1500015258789,85.75,86.19999694824219,84.77975463867188,1234500,0.0,0.0
2023-07-26 00:00:00-04:00,85.16999816894531,85.5,83.37999725341797,84.9800033569336,83.57984924316406,1160400,0.0,0.0
2023-07-27 00:00:00-04:00,85.48999786376953,85.94999694824219,83.56999969482422,83.68000030517578,82.30127716064453,594600,0.0,0.0
2023-07-28 00:00:00-04:00,84.77999877929688,84.81999969482422,82.13999938964844,83.79000091552734,82.40947723388672,774000,0.0,0.0
2023-07-31 00:00:00-04:00,83.62999725341797,83.91999816894531,83.11000061035156,83.4000015258789,82.02588653564453,826200,0.0,0.0
2023-08-01 00:00:00-04:00,83.1500015258789,83.87000274658203,82.08000183105469,82.0999984741211,80.747314453125,965100,0.0,0.0
2023-08-02 00:00:00-04:00,81.86000061035156,82.58000183105469,80.08000183105469,82.0199966430664,80.66862487792969,1280200,0.0,0.0
2023-08-03 00:00:00-04:00,83.55000305175781,83.55000305175781,80.2300033569336,81.01000213623047,79.67526245117188,554300,0.0,0.0
2023-08-04 00:00:00-04:00,80.83000183105469,82.25,80.77999877929688,82.16999816894531,80.816162109375,872700,0.0,0.0
2023-08-07 00:00:00-04:00,81.80000305175781,82.43000030517578,80.9000015258789,81.29000091552734,79.95065307617188,935300,0.0,0.0
2023-08-08 00:00:00-04:00,83.36000061035156,85.8499984741211,82.1500015258789,84.30000305175781,82.91105651855469,1511600,0.0,0.0
2023-08-09 00:00:00-04:00,84.19999694824219,84.5,82.97000122070312,83.0,81.63248443603516,956400,0.0,0.0
2023-08-10 00:00:00-04:00,83.63999938964844,84.51000213623047,82.38999938964844,83.0,81.63248443603516,508500,0.0,0.0
2023-08-11 00:00:00-04:00,82.52999877929688,85.04000091552734,82.4000015258789,84.38999938964844,82.99958038330078,424900,0.0,0.0
2023-08-14 00:00:00-04:00,83.69000244140625,85.0,83.05999755859375,84.80999755859375,83.41264343261719,617300,0.0,0.0
2023-08-15 00:00:00-04:00,84.61000061035156,85.29000091552734,84.33000183105469,84.61000061035156,83.21595764160156,420500,0.0,0.0
2023-08-16 00:00:00-04:00,84.19999694824219,84.19999694824219,82.12000274658203,82.13999938964844,80.7866439819336,562300,0.0,0.0
2023-08-17 00:00:00-04:00,81.83000183105469,82.66999816894531,79.93000030517578,80.23999786376953,78.99488067626953,629100,0.08,0.0
2023-08-18 00:00:00-04:00,79.58999633789062,80.37999725341797,77.48999786376953,78.23999786376953,77.02591705322266,1262900,0.0,0.0
2023-08-21 00:00:00-04:00,78.55999755859375,79.05000305175781,77.83000183105469,78.68000030517578,77.4591064453125,523400,0.0,0.0
2023-08-22 00:00:00-04:00,78.45999908447266,78.95999908447266,77.56999969482422,78.23999786376953,77.02591705322266,566000,0.0,0.0
2023-08-23 00:00:00-04:00,78.51000213623047,79.16000366210938,78.11000061035156,78.68000030517578,77.4591064453125,376500,0.0,0.0
2023-08-24 00:00:00-04:00,78.54000091552734,79.58999633789062,78.44000244140625,78.79000091552734,77.5673828125,427500,0.0,0.0
2023-08-25 00:00:00-04:00,78.79000091552734,80.80000305175781,78.79000091552734,80.16000366210938,78.91614532470703,1020300,0.0,0.0
2023-08-28 00:00:00-04:00,79.0,79.52999877929688,77.20999908447266,78.26000213623047,77.04562377929688,1252500,0.0,0.0
2023-08-29 00:00:00-04:00,78.63999938964844,80.29000091552734,78.2699966430664,80.27999877929688,79.03427124023438,890600,0.0,0.0
2023-08-30 00:00:00-04:00,80.5199966430664,81.06999969482422,79.6500015258789,80.23999786376953,78.99488067626953,697200,0.0,0.0
2023-08-31 00:00:00-04:00,80.5,80.5,78.3499984741211,78.4000015258789,77.1834487915039,814000,0.0,0.0
2023-09-01 00:00:00-04:00,78.77999877929688,79.97000122070312,78.41999816894531,78.76000213623047,77.5378646850586,511000,0.0,0.0
2023-09-05 00:00:00-04:00,78.45999908447266,78.83999633789062,77.19000244140625,77.26000213623047,76.06114196777344,601700,0.0,0.0
2023-09-06 00:00:00-04:00,77.02999877929688,77.02999877929688,75.19999694824219,75.51000213623047,74.33830261230469,766000,0.0,0.0
2023-09-07 00:00:00-04:00,75.13999938964844,75.5,73.87999725341797,73.9800033569336,72.83203125,762700,0.0,0.0
2023-09-08 00:00:00-04:00,73.87999725341797,73.88999938964844,70.9000015258789,71.81999969482422,70.7055435180664,1085200,0.0,0.0
2023-09-11 00:00:00-04:00,72.36000061035156,72.36000061035156,70.83000183105469,71.62999725341797,70.51849365234375,982900,0.0,0.0
2023-09-12 00:00:00-04:00,71.20999908447266,72.27999877929688,70.88999938964844,71.97000122070312,70.85320281982422,955300,0.0,0.0
2023-09-13 00:00:00-04:00,71.56999969482422,73.05999755859375,70.98999786376953,72.48999786376953,71.36514282226562,742700,0.0,0.0
2023-09-14 00:00:00-04:00,73.04000091552734,74.2699966430664,72.62000274658203,74.04000091552734,72.8910903930664,958500,0.0,0.0
2023-09-15 00:00:00-04:00,73.87999725341797,76.55000305175781,72.97000122070312,73.6500015258789,72.50714111328125,1312900,0.0,0.0
2023-09-18 00:00:00-04:00,73.1500015258789,73.37000274658203,71.01000213623047,71.16999816894531,70.06562042236328,893200,0.0,0.0
2023-09-19 00:00:00-04:00,70.9000015258789,71.44999694824219,70.3499984741211,70.62999725341797,69.53399658203125,743500,0.0,0.0
2023-09-20 00:00:00-04:00,71.02999877929688,71.69000244140625,70.06999969482422,70.87000274658203,69.7702865600586,669800,0.0,0.0
2023-09-21 00:00:00-04:00,70.44000244140625,70.72000122070312,69.80000305175781,69.91999816894531,68.83501434326172,830000,0.0,0.0
2023-09-22 00:00:00-04:00,69.93000030517578,70.18000030517578,69.19999694824219,69.3499984741211,68.27387237548828,1052400,0.0,0.0
2023-09-25 00:00:00-04:00,69.0,69.22000122070312,68.2300033569336,68.43000030517578,67.36814880371094,863000,0.0,0.0
2023-09-26 00:00:00-04:00,68.08000183105469,69.51000213623047,67.31999969482422,67.5199966430664,66.4722671508789,635900,0.0,0.0
2023-09-27 00:00:00-04:00,67.72000122070312,68.06999969482422,66.58999633789062,67.56999969482422,66.52149963378906,718100,0.0,0.0
2023-09-28 00:00:00-04:00,67.5999984741211,68.2300033569336,67.02999877929688,68.0199966430664,66.9645004272461,1004100,0.0,0.0
2023-09-29 00:00:00-04:00,68.7300033569336,69.86000061035156,67.9000015258789,68.06999969482422,67.01371765136719,827300,0.0,0.0
2023-10-02 00:00:00-04:00,67.9000015258789,67.95999908447266,65.7699966430664,67.1500015258789,66.10802459716797,1028500,0.0,0.0
2023-10-03 00:00:00-04:00,66.75,67.29000091552734,65.93000030517578,66.5,65.4681167602539,1044900,0.0,0.0
2023-10-04 00:00:00-04:00,66.80999755859375,66.97000122070312,66.08999633789062,66.80000305175781,65.7634506225586,838500,0.0,0.0
2023-10-05 00:00:00-04:00,67.02999877929688,67.86000061035156,66.0999984741211,67.70999908447266,66.65930938720703,764800,0.0,0.0
2023-10-06 00:00:00-04:00,67.58000183105469,69.01000213623047,67.3499984741211,68.2300033569336,67.17125701904297,680900,0.0,0.0
2023-10-09 00:00:00-04:00,67.47000122070312,68.43000030517578,66.88999938964844,67.94000244140625,66.8857421875,496200,0.0,0.0
2023-10-10 00:00:00-04:00,67.94000244140625,69.75,67.5199966430664,69.41000366210938,68.33294677734375,760900,0.0,0.0
2023-10-11 00:00:00-04:00,69.54000091552734,69.8499984741211,68.63999938964844,69.29000091552734,68.21479034423828,504600,0.0,0.0
2023-10-12 00:00:00-04:00,69.29000091552734,71.5,67.44000244140625,68.19999694824219,67.1417236328125,1306700,0.0,0.0
2023-10-13 00:00:00-04:00,67.88999938964844,68.80000305175781,67.48999786376953,67.79000091552734,66.73807525634766,624000,0.0,0.0
2023-10-16 00:00:00-04:00,67.91999816894531,69.1500015258789,67.27999877929688,68.58000183105469,67.51581573486328,988300,0.0,0.0
2023-10-17 00:00:00-04:00,67.5199966430664,68.8499984741211,66.48999786376953,68.36000061035156,67.29923248291016,658800,0.0,0.0
2023-10-18 00:00:00-04:00,67.75,67.75,66.18000030517578,66.30999755859375,65.28103637695312,700000,0.0,0.0
2023-10-19 00:00:00-04:00,66.33999633789062,66.3499984741211,63.36000061035156,63.5,62.51464080810547,1393000,0.0,0.0
2023-10-20 00:00:00-04:00,63.4900016784668,64.69000244140625,63.209999084472656,64.06999969482422,63.07579803466797,1379000,0.0,0.0
2023-10-23 00:00:00-04:00,63.709999084472656,64.6500015258789,63.31999969482422,63.40999984741211,62.42604446411133,1152500,0.0,0.0
2023-10-24 00:00:00-04:00,63.31999969482422,64.05000305175781,62.59000015258789,63.630001068115234,62.64263153076172,1322500,0.0,0.0
2023-10-25 00:00:00-04:00,62.939998626708984,63.290000915527344,60.900001525878906,61.279998779296875,60.32909393310547,1230400,0.0,0.0
2023-10-26 00:00:00-04:00,61.369998931884766,62.25,60.66999816894531,61.5099983215332,60.5555305480957,1162400,0.0,0.0
2023-10-27 00:00:00-04:00,61.58000183105469,61.650001525878906,59.34000015258789,59.540000915527344,58.6161003112793,850500,0.0,0.0
2023-10-30 00:00:00-04:00,59.869998931884766,59.869998931884766,53.83000183105469,56.63999938964844,55.7610969543457,2958500,0.0,0.0
2023-10-31 00:00:00-04:00,57.540000915527344,60.630001068115234,53.25,54.630001068115234,53.782283782958984,3699700,0.0,0.0
2023-11-01 00:00:00-04:00,54.93000030517578,54.93000030517578,51.790000915527344,52.83000183105469,52.01021957397461,2556300,0.0,0.0
2023-11-02 00:00:00-04:00,53.77000045776367,55.95000076293945,52.9900016784668,55.40999984741211,54.55018615722656,1887700,0.0,0.0
2023-11-03 00:00:00-04:00,56.90999984741211,59.40999984741211,56.36000061035156,58.720001220703125,57.80881881713867,1837100,0.0,0.0
2023-11-06 00:00:00-05:00,58.720001220703125,59.79999923706055,57.91999816894531,58.689998626708984,57.7792854309082,1567100,0.0,0.0
2023-11-07 00:00:00-05:00,59.189998626708984,60.34000015258789,58.47999954223633,59.619998931884766,58.694854736328125,1917300,0.0,0.0
2023-11-08 00:00:00-05:00,59.939998626708984,60.02000045776367,58.0,58.66999816894531,57.75959396362305,1049100,0.0,0.0
2023-11-09 00:00:00-05:00,58.77000045776367,59.209999084472656,56.540000915527344,56.86000061035156,56.05411911010742,943900,0.08,0.0
2023-11-10 00:00:00-05:00,56.86000061035156,57.66999816894531,55.630001068115234,57.4900016784668,56.67518997192383,968700,0.0,0.0
2023-11-13 00:00:00-05:00,57.040000915527344,57.58000183105469,56.45000076293945,57.099998474121094,56.29071807861328,997900,0.0,0.0
2023-11-14 00:00:00-05:00,59.27000045776367,60.66999816894531,58.9900016784668,60.36000061035156,59.5045166015625,1173500,0.0,0.0
2023-11-15 00:00:00-05:00,60.060001373291016,62.40999984741211,60.040000915527344,60.88999938964844,60.02699661254883,1112000,0.0,0.0
2023-11-16 00:00:00-05:00,60.90999984741211,61.5,60.56999969482422,60.900001525878906,60.03685760498047,879200,0.0,0.0
2023-11-17 00:00:00-05:00,61.72999954223633,62.279998779296875,60.529998779296875,61.04999923706055,60.184730529785156,1057500,0.0,0.0
2023-11-20 00:00:00-05:00,61.11000061035156,63.70000076293945,61.11000061035156,63.59000015258789,62.68872833251953,1834300,0.0,0.0
2023-11-21 00:00:00-05:00,63.970001220703125,65.19999694824219,63.41999816894531,63.52000045776367,62.61972427368164,1808900,0.0,0.0
2023-11-22 00:00:00-05:00,64.20999908447266,64.83000183105469,63.540000915527344,63.58000183105469,62.67887496948242,850700,0.0,0.0
2023-11-24 00:00:00-05:00,63.16999816894531,64.37999725341797,63.060001373291016,64.01000213623047,63.102779388427734,414100,0.0,0.0
2023-11-27 00:00:00-05:00,63.75,63.939998626708984,62.18000030517578,62.2599983215332,61.37757873535156,809700,0.0,0.0
2023-11-28 00:00:00-05:00,62.220001220703125,62.56999969482422,61.22999954223633,61.65999984741211,60.78608322143555,727000,0.0,0.0
2023-11-29 00:00:00-05:00,62.099998474121094,63.41999816894531,62.099998474121094,63.119998931884766,62.22539138793945,1192200,0.0,0.0
2023-11-30 00:00:00-05:00,63.540000915527344,63.959999084472656,61.90999984741211,62.900001525878906,62.00851821899414,1453500,0.0,0.0
2023-12-01 00:00:00-05:00,62.619998931884766,64.62999725341797,62.380001068115234,64.56999969482422,63.65484619140625,1189400,0.0,0.0
2023-12-04 00:00:00-05:00,64.06999969482422,65.80000305175781,63.720001220703125,65.30000305175781,64.37449645996094,1076400,0.0,0.0
2023-12-05 00:00:00-05:00,64.87999725341797,65.2699966430664,63.52000045776367,64.37999725341797,63.467529296875,926200,0.0,0.0
2023-12-06 00:00:00-05:00,65.06999969482422,66.44000244140625,64.81999969482422,66.04000091552734,65.10401153564453,1145800,0.0,0.0
2023-12-07 00:00:00-05:00,66.25,68.12999725341797,66.05000305175781,68.05000305175781,67.08552551269531,1023200,0.0,0.0
2023-12-08 00:00:00-05:00,68.05000305175781,69.48999786376953,67.70999908447266,68.30999755859375,67.34184265136719,1229200,0.0,0.0
2023-12-11 00:00:00-05:00,68.61000061035156,69.33000183105469,68.30999755859375,69.0,68.02205657958984,1162300,0.0,0.0
2023-12-12 00:00:00-05:00,69.08999633789062,70.13999938964844,68.38999938964844,69.19999694824219,68.21920776367188,1770800,0.0,0.0
2023-12-13 00:00:00-05:00,69.23999786376953,74.19000244140625,68.91000366210938,74.0,72.9511947631836,1368900,0.0,0.0
2023-12-14 00:00:00-05:00,75.66999816894531,76.7699966430664,74.19999694824219,75.04000091552734,73.97645568847656,2626700,0.0,0.0
2023-12-15 00:00:00-05:00,74.91999816894531,76.44000244140625,73.83000183105469,75.98999786376953,74.91297912597656,2971700,0.0,0.0
2023-12-18 00:00:00-05:00,76.4800033569336,76.80000305175781,75.44999694824219,76.0199966430664,74.94255828857422,1139500,0.0,0.0
2023-12-19 00:00:00-05:00,76.80000305175781,77.6500015258789,76.2699966430664,77.41999816894531,76.32272338867188,848500,0.0,0.0
2023-12-20 00:00:00-05:00,77.41999816894531,77.94000244140625,75.80999755859375,75.86000061035156,74.78483581542969,574700,0.0,0.0
2023-12-21 00:00:00-05:00,76.77999877929688,78.27999877929688,76.47000122070312,77.72000122070312,76.61846160888672,1016000,0.0,0.0
2023-12-22 00:00:00-05:00,78.37999725341797,78.63999938964844,77.05999755859375,77.5199966430664,76.4212875366211,642800,0.0,0.0
2023-12-26 00:00:00-05:00,77.66000366210938,78.19999694824219,77.08000183105469,77.94000244140625,76.8353500366211,439600,0.0,0.0
2023-12-27 00:00:00-05:00,77.5999984741211,78.5,77.5999984741211,78.18000030517578,77.07195281982422,457300,0.0,0.0
2023-12-28 00:00:00-05:00,78.30999755859375,78.73999786376953,78.06999969482422,78.22000122070312,77.11138916015625,460100,0.0,0.0
2023-12-29 00:00:00-05:00,77.62000274658203,78.2699966430664,76.77999877929688,77.16000366210938,76.06640625,592900,0.0,0.0
2024-01-02 00:00:00-05:00,76.37999725341797,77.88999938964844,75.36000061035156,76.70999908447266,75.62278747558594,838700,0.0,0.0
2024-01-03 00:00:00-05:00,76.4800033569336,76.51000213623047,71.8499984741211,72.13999938964844,71.11754608154297,1176400,0.0,0.0
2024-01-04 00:00:00-05:00,72.13999938964844,72.47000122070312,71.72000122070312,72.41999816894531,71.39356994628906,1572400,0.0,0.0
2024-01-05 00:00:00-05:00,71.95999908447266,72.86000061035156,71.05000305175781,71.08999633789062,70.08242797851562,1090100,0.0,0.0
2024-01-08 00:00:00-05:00,71.19000244140625,73.26000213623047,70.48999786376953,72.91000366210938,71.87664031982422,1234000,0.0,0.0
2024-01-09 00:00:00-05:00,72.12999725341797,74.38999938964844,71.79000091552734,71.98999786376953,70.96967315673828,741200,0.0,0.0
2024-01-10 00:00:00-05:00,72.0,73.52999877929688,70.75,73.1500015258789,72.11324310302734,903400,0.0,0.0
2024-01-11 00:00:00-05:00,73.23999786376953,73.63999938964844,71.97000122070312,73.13999938964844,72.10336303710938,725700,0.0,0.0
2024-01-12 00:00:00-05:00,73.7300033569336,74.25,72.05999755859375,72.16999816894531,71.14713287353516,575300,0.0,0.0
2024-01-16 00:00:00-05:00,71.1500015258789,72.45999908447266,70.69999694824219,71.43000030517578,70.41763305664062,1100500,0.0,0.0
2024-01-17 00:00:00-05:00,70.41000366210938,71.33999633789062,69.30000305175781,69.83999633789062,68.85015106201172,966100,0.0,0.0
2024-01-18 00:00:00-05:00,69.98999786376953,70.23999786376953,69.2699966430664,69.86000061035156,68.869873046875,914200,0.0,0.0
2024-01-19 00:00:00-05:00,70.23999786376953,70.70999908447266,68.43000030517578,70.31999969482422,69.32334899902344,2113900,0.0,0.0
2024-01-22 00:00:00-05:00,70.94000244140625,72.61000061035156,70.36000061035156,72.0199966430664,70.9992446899414,660100,0.0,0.0
2024-01-23 00:00:00-05:00,72.43000030517578,72.6500015258789,70.97000122070312,72.4800033569336,71.4527359008789,534800,0.0,0.0
2024-01-24 00:00:00-05:00,72.9800033569336,73.41000366210938,70.83999633789062,71.05999755859375,70.05286407470703,565500,0.0,0.0
2024-01-25 00:00:00-05:00,72.2300033569336,72.2300033569336,70.52999877929688,71.12000274658203,70.11201477050781,560900,0.0,0.0
2024-01-26 00:00:00-05:00,72.5999984741211,73.75,72.4000015258789,72.62999725341797,71.60060119628906,1070600,0.0,0.0
2024-01-29 00:00:00-05:00,72.19000244140625,73.08999633789062,71.47000122070312,72.77999877929688,71.74847412109375,1080500,0.0,0.0
2024-01-30 00:00:00-05:00,72.86000061035156,74.0,72.47000122070312,72.70999908447266,71.6794662475586,1131200,0.0,0.0
2024-01-31 00:00:00-05:00,72.70999908447266,72.72000122070312,70.06999969482422,70.31999969482422,69.32334899902344,1434400,0.0,0.0
2024-02-01 00:00:00-05:00,67.0999984741211,69.44999694824219,65.22000122070312,68.54000091552734,67.56857299804688,2506900,0.0,0.0
2024-02-02 00:00:00-05:00,66.68000030517578,67.77999877929688,64.97000122070312,65.9800033569336,65.04486083984375,1745400,0.0,0.0
2024-02-05 00:00:00-05:00,65.91000366210938,68.01000213623047,65.3499984741211,66.7699966430664,65.82366180419922,1946000,0.0,0.0
2024-02-06 00:00:00-05:00,66.66999816894531,67.5999984741211,65.94000244140625,67.37000274658203,66.41517639160156,1017800,0.0,0.0
2024-02-07 00:00:00-05:00,67.7699966430664,67.80000305175781,66.0,66.36000061035156,65.4194564819336,942500,0.0,0.0
2024-02-08 00:00:00-05:00,66.69000244140625,68.29000091552734,66.36000061035156,67.9800033569336,67.01651763916016,971400,0.0,0.0
2024-02-09 00:00:00-05:00,67.9000015258789,68.19000244140625,66.79000091552734,67.94999694824219,67.06585693359375,908300,0.08,0.0
2024-02-12 00:00:00-05:00,68.0999984741211,70.2699966430664,67.27999877929688,69.94999694824219,69.03983306884766,1277500,0.0,0.0
2024-02-13 00:00:00-05:00,68.19999694824219,68.83999633789062,66.3499984741211,67.5199966430664,66.64144897460938,1029900,0.0,0.0
2024-02-14 00:00:00-05:00,68.41000366210938,70.22000122070312,67.62999725341797,70.12000274658203,69.20763397216797,1036500,0.0,0.0
2024-02-15 00:00:00-05:00,70.5,71.95999908447266,70.37999725341797,71.26000213623047,70.3327865600586,1109700,0.0,0.0
2024-02-16 00:00:00-05:00,70.58999633789062,72.81999969482422,70.08999633789062,71.61000061035156,70.6782455444336,1048600,0.0,0.0
2024-02-20 00:00:00-05:00,70.3499984741211,70.7699966430664,69.91000366210938,70.33000183105469,69.4148941040039,632200,0.0,0.0
2024-02-21 00:00:00-05:00,70.0,71.98999786376953,69.62000274658203,71.72000122070312,70.78679656982422,1373900,0.0,0.0
2024-02-22 00:00:00-05:00,71.6500015258789,72.55000305175781,70.9800033569336,71.76000213623047,70.8262939453125,801000,0.0,0.0
2024-02-23 00:00:00-05:00,72.06999969482422,72.56999969482422,71.16000366210938,71.62000274658203,70.6881103515625,479600,0.0,0.0
2024-02-26 00:00:00-05:00,71.7699966430664,72.19000244140625,71.1500015258789,71.91000366210938,70.9743423461914,581100,0.0,0.0
2024-02-27 00:00:00-05:00,72.16000366210938,73.41000366210938,71.56999969482422,73.20999908447266,72.2574234008789,1156000,0.0,0.0
2024-02-28 00:00:00-05:00,72.72000122070312,74.43000030517578,72.55000305175781,74.38999938964844,73.42206573486328,1191300,0.0,0.0
2024-02-29 00:00:00-05:00,75.0,75.5999984741211,73.54000091552734,73.56999969482422,72.61274719238281,1241400,0.0,0.0
2024-03-01 00:00:00-05:00,73.4800033569336,74.58000183105469,72.0999984741211,74.37999725341797,73.41220092773438,1117200,0.0,0.0
2024-03-04 00:00:00-05:00,74.38999938964844,75.06999969482422,73.66999816894531,74.87999725341797,73.90567779541016,707200,0.0,0.0
2024-03-05 00:00:00-05:00,74.36000061035156,74.98999786376953,72.9000015258789,73.4000015258789,72.44495391845703,769400,0.0,0.0
2024-03-06 00:00:00-05:00,73.43000030517578,76.05999755859375,71.63999938964844,74.68000030517578,73.70829010009766,1212700,0.0,0.0
2024-03-07 00:00:00-05:00,75.08000183105469,77.33999633789062,74.9800033569336,76.94000244140625,75.93888854980469,1418200,0.0,0.0
2024-03-08 00:00:00-05:00,77.18000030517578,78.75,76.87999725341797,77.08999633789062,76.0869369506836,1513100,0.0,0.0
2024-03-11 00:00:00-04:00,76.77999877929688,77.41000366210938,74.69000244140625,75.12999725341797,74.1524429321289,1192600,0.0,0.0
2024-03-12 00:00:00-04:00,75.06999969482422,75.66999816894531,73.22000122070312,74.12000274658203,73.15559387207031,1105200,0.0,0.0
2024-03-13 00:00:00-04:00,74.0,74.68000030517578,72.01000213623047,72.48999786376953,71.54679107666016,995800,0.0,0.0
2024-03-14 00:00:00-04:00,72.19000244140625,72.38999938964844,69.69999694824219,71.22000122070312,70.2933120727539,1380400,0.0,0.0
2024-03-15 00:00:00-04:00,70.11000061035156,72.83999633789062,70.11000061035156,72.5199966430664,71.57640075683594,1749500,0.0,0.0
2024-03-18 00:00:00-04:00,72.4800033569336,72.87000274658203,71.04000091552734,71.87999725341797,70.9447250366211,1004000,0.0,0.0
2024-03-19 00:00:00-04:00,71.87999725341797,72.41000366210938,70.04000091552734,70.76000213623047,69.83930206298828,1041600,0.0,0.0
2024-03-20 00:00:00-04:00,70.83999633789062,71.94999694824219,70.72000122070312,71.87999725341797,70.9447250366211,1190400,0.0,0.0
2024-03-21 00:00:00-04:00,72.75,72.77999877929688,71.80999755859375,72.33000183105469,71.38887786865234,821900,0.0,0.0
2024-03-22 00:00:00-04:00,72.37999725341797,72.45999908447266,70.6500015258789,71.5,70.5696792602539,975500,0.0,0.0
2024-03-25 00:00:00-04:00,71.7300033569336,71.75,69.08000183105469,69.22000122070312,68.3193359375,1136300,0.0,0.0
2024-03-26 00:00:00-04:00,69.36000061035156,69.48999786376953,68.30000305175781,68.4000015258789,67.510009765625,1465100,0.0,0.0
2024-03-27 00:00:00-04:00,69.08000183105469,69.79000091552734,68.0,69.41999816894531,68.51673126220703,971600,0.0,0.0
2024-03-28 00:00:00-04:00,69.88999938964844,70.7699966430664,69.27999877929688,70.38999938964844,69.47411346435547,1180000,0.0,0.0
2024-04-01 00:00:00-04:00,70.75,70.81999969482422,68.61000061035156,69.41000366210938,68.50687408447266,772900,0.0,0.0
2024-04-02 00:00:00-04:00,68.9000015258789,68.9800033569336,67.33999633789062,68.76000213623047,67.8653335571289,689300,0.0,0.0
2024-04-03 00:00:00-04:00,68.29000091552734,68.87999725341797,67.41000366210938,67.87000274658203,66.98690032958984,810500,0.0,0.0
2024-04-04 00:00:00-04:00,68.48999786376953,68.87000274658203,66.7699966430664,67.05000305175781,66.17758178710938,858800,0.0,0.0
2024-04-05 00:00:00-04:00,67.0199966430664,68.36000061035156,66.8499984741211,66.98999786376953,66.11834716796875,1053200,0.0,0.0
2024-04-08 00:00:00-04:00,67.26000213623047,68.86000061035156,66.73999786376953,68.22000122070312,67.33235931396484,1008200,0.0,0.0
2024-04-09 00:00:00-04:00,68.76000213623047,71.2699966430664,68.7300033569336,71.2300033569336,70.3031997680664,1175100,0.0,0.0
2024-04-10 00:00:00-04:00,69.58000183105469,70.16999816894531,69.25,69.51000213623047,68.6055679321289,843700,0.0,0.0
2024-04-11 00:00:00-04:00,70.68000030517578,70.83000183105469,68.73999786376953,68.80999755859375,67.91466522216797,1101000,0.0,0.0
2024-04-12 00:00:00-04:00,68.08999633789062,68.5199966430664,66.27999877929688,66.7300033569336,65.86174774169922,703400,0.0,0.0
2024-04-15 00:00:00-04:00,67.26000213623047,67.45999908447266,65.0999984741211,65.5199966430664,64.66746520996094,735400,0.0,0.0
2024-04-16 00:00:00-04:00,65.29000091552734,65.29000091552734,63.650001525878906,64.01000213623047,63.17713165283203,1616300,0.0,0.0
2024-04-17 00:00:00-04:00,64.54000091552734,64.80999755859375,62.70000076293945,62.72999954223633,61.91378402709961,903000,0.0,0.0
2024-04-18 00:00:00-04:00,61.61000061035156,62.43000030517578,61.15999984741211,62.209999084472656,61.40054702758789,1174700,0.0,0.0
2024-04-19 00:00:00-04:00,62.45000076293945,62.959999084472656,61.939998626708984,62.119998931884766,61.31172180175781,909600,0.0,0.0
2024-04-22 00:00:00-04:00,62.540000915527344,63.38999938964844,61.81999969482422,62.79999923706055,61.982872009277344,829400,0.0,0.0
2024-04-23 00:00:00-04:00,64.0,64.58000183105469,63.560001373291016,63.689998626708984,62.861289978027344,1217200,0.0,0.0
2024-04-24 00:00:00-04:00,63.220001220703125,63.95000076293945,62.61000061035156,63.52000045776367,62.69350051879883,984800,0.0,0.0
2024-04-25 00:00:00-04:00,63.209999084472656,63.310001373291016,61.790000915527344,62.65999984741211,61.844696044921875,965800,0.0,0.0
2024-04-26 00:00:00-04:00,62.83000183105469,64.36000061035156,62.400001525878906,64.05999755859375,63.226478576660156,973800,0.0,0.0
2024-04-29 00:00:00-04:00,64.38999938964844,66.62999725341797,64.27999877929688,64.51000213623047,63.670616149902344,1604600,0.0,0.0
2024-04-30 00:00:00-04:00,63.83000183105469,64.77999877929688,63.15999984741211,63.209999084472656,62.387535095214844,1329600,0.0,0.0
2024-05-01 00:00:00-04:00,70.54000091552734,76.68000030517578,70.01000213623047,73.45999908447266,72.5041732788086,3117200,0.0,0.0
2024-05-02 00:00:00-04:00,74.44999694824219,76.30999755859375,73.08000183105469,75.5999984741211,74.61632537841797,2256000,0.0,0.0
2024-05-03 00:00:00-04:00,76.88999938964844,77.9800033569336,76.18000030517578,77.29000091552734,76.28433990478516,1509900,0.0,0.0
2024-05-06 00:00:00-04:00,77.4800033569336,77.72000122070312,75.19999694824219,76.05999755859375,75.07034301757812,1090400,0.0,0.0
2024-05-07 00:00:00-04:00,76.87000274658203,77.58999633789062,75.8499984741211,77.45999908447266,76.45213317871094,1007600,0.0,0.0
2024-05-08 00:00:00-04:00,77.52999877929688,77.69999694824219,76.56999969482422,77.05000305175781,76.04747009277344,838300,0.0,0.0
2024-05-09 00:00:00-04:00,77.23999786376953,79.79000091552734,76.61000061035156,79.62999725341797,78.59388732910156,816100,0.0,0.0
2024-05-10 00:00:00-04:00,79.61000061035156,81.08999633789062,79.47000122070312,80.91000366210938,79.93753814697266,1463800,0.08,0.0
2024-05-13 00:00:00-04:00,82.13999938964844,82.75,80.55000305175781,81.97000122070312,80.98479461669922,1418000,0.0,0.0
2024-05-14 00:00:00-04:00,82.41000366210938,84.47000122070312,82.06999969482422,84.1500015258789,83.13859558105469,926900,0.0,0.0
2024-05-15 00:00:00-04:00,84.94000244140625,85.56999969482422,83.0,83.5,82.49641418457031,1149200,0.0,0.0
2024-05-16 00:00:00-04:00,83.1500015258789,83.81999969482422,82.31999969482422,82.83999633789062,81.8443374633789,1389900,0.0,0.0
2024-05-17 00:00:00-04:00,82.9800033569336,84.61000061035156,82.19000244140625,83.80999755859375,82.80268859863281,1380000,0.0,0.0
2024-05-20 00:00:00-04:00,83.2300033569336,84.22000122070312,82.37999725341797,82.5,81.50843048095703,1006900,0.0,0.0
2024-05-21 00:00:00-04:00,82.41999816894531,83.4000015258789,80.83000183105469,82.68000030517578,81.68626403808594,840100,0.0,0.0
2024-05-22 00:00:00-04:00,80.97000122070312,83.27999877929688,80.29000091552734,82.9800033569336,81.98265838623047,696300,0.0,0.0
2024-05-23 00:00:00-04:00,82.31999969482422,83.95999908447266,79.76000213623047,80.41000366210938,79.44355773925781,793200,0.0,0.0
2024-05-24 00:00:00-04:00,80.83999633789062,81.02999877929688,79.94999694824219,80.79000091552734,79.8189926147461,452600,0.0,0.0
2024-05-28 00:00:00-04:00,80.93000030517578,80.93000030517578,79.04000091552734,79.38999938964844,78.4358139038086,795300,0.0,0.0
2024-05-29 00:00:00-04:00,78.44000244140625,78.69999694824219,77.68000030517578,78.5999984741211,77.65530395507812,718500,0.0,0.0
2024-05-30 00:00:00-04:00,78.22000122070312,78.22000122070312,75.16000366210938,77.25,76.321533203125,1222600,0.0,0.0
2024-05-31 00:00:00-04:00,77.47000122070312,78.81999969482422,76.16999816894531,77.19000244140625,76.26226043701172,1307000,0.0,0.0
2024-06-03 00:00:00-04:00,77.88999938964844,79.19000244140625,77.11000061035156,77.9000015258789,76.96371459960938,863700,0.0,0.0
2024-06-04 00:00:00-04:00,77.31999969482422,78.58000183105469,76.13999938964844,76.9000015258789,75.9757308959961,1095100,0.0,0.0
2024-06-05 00:00:00-04:00,77.30999755859375,79.30000305175781,76.58999633789062,79.26000213623047,78.30736541748047,930500,0.0,0.0
2024-06-06 00:00:00-04:00,78.8499984741211,79.93000030517578,78.5,78.83000183105469,77.88253021240234,785600,0.0,0.0
2024-06-07 00:00:00-04:00,78.13999938964844,78.47000122070312,77.11000061035156,77.62999725341797,76.69696807861328,897300,0.0,0.0
2024-06-10 00:00:00-04:00,76.98999786376953,77.62000274658203,75.9000015258789,77.0999984741211,76.17333221435547,722200,0.0,0.0
2024-06-11 00:00:00-04:00,76.75,77.30000305175781,75.9000015258789,76.88999938964844,75.9658432006836,827500,0.0,0.0
2024-06-12 00:00:00-04:00,78.16000366210938,78.98999786376953,76.56999969482422,77.44999694824219,76.51911163330078,782500,0.0,0.0
2024-06-13 00:00:00-04:00,77.12000274658203,77.66000366210938,75.87999725341797,76.87999725341797,75.95597076416016,529500,0.0,0.0
2024-06-14 00:00:00-04:00,76.5,77.0199966430664,74.79000091552734,75.87000274658203,74.95812225341797,787800,0.0,0.0
2024-06-17 00:00:00-04:00,75.4800033569336,75.98999786376953,74.61000061035156,74.80999755859375,73.91085052490234,773000,0.0,0.0
2024-06-18 00:00:00-04:00,74.83999633789062,75.23999786376953,74.33000183105469,74.54000091552734,73.64410400390625,1147700,0.0,0.0
2024-06-20 00:00:00-04:00,74.25,75.25,73.43000030517578,74.52999877929688,73.63422393798828,784200,0.0,0.0
2024-06-21 00:00:00-04:00,74.79000091552734,75.27999877929688,73.51000213623047,73.66000366210938,72.77469635009766,1578300,0.0,0.0
2024-06-24 00:00:00-04:00,73.95999908447266,75.48999786376953,73.55000305175781,74.48999786376953,73.59469604492188,840800,0.0,0.0
2024-06-25 00:00:00-04:00,74.29000091552734,74.77999877929688,72.8499984741211,73.06999969482422,72.1917724609375,630300,0.0,0.0
2024-06-26 00:00:00-04:00,72.8499984741211,73.1500015258789,71.91999816894531,72.0999984741211,71.23342895507812,1338200,0.0,0.0
2024-06-27 00:00:00-04:00,71.97000122070312,72.43000030517578,70.98999786376953,71.81999969482422,70.95680236816406,1236600,0.0,0.0
2024-06-28 00:00:00-04:00,72.05000305175781,72.61000061035156,70.6500015258789,71.6500015258789,70.7888412475586,4737500,0.0,0.0
2024-07-01 00:00:00-04:00,71.77999877929688,73.37000274658203,71.01000213623047,71.61000061035156,70.74932098388672,1405500,0.0,0.0
2024-07-02 00:00:00-04:00,71.66999816894531,72.3499984741211,70.95999908447266,71.23999786376953,70.38375854492188,884500,0.0,0.0
2024-07-03 00:00:00-04:00,71.87000274658203,72.70999908447266,71.38999938964844,71.44999694824219,70.59123229980469,508000,0.0,0.0
2024-07-05 00:00:00-04:00,71.4800033569336,72.62999725341797,70.62000274658203,71.44000244140625,70.58136749267578,564500,0.0,0.0
2024-07-08 00:00:00-04:00,71.66000366210938,72.68000030517578,71.37999725341797,71.55999755859375,70.69991302490234,841100,0.0,0.0
2024-07-09 00:00:00-04:00,71.4800033569336,71.95999908447266,70.30000305175781,71.29000091552734,70.43316650390625,727400,0.0,0.0
2024-07-10 00:00:00-04:00,71.80999755859375,72.37000274658203,71.16999816894531,72.06999969482422,71.20378875732422,917300,0.0,0.0
2024-07-11 00:00:00-04:00,73.0,76.54000091552734,72.37000274658203,76.37000274658203,75.45211791992188,1118200,0.0,0.0
2024-07-12 00:00:00-04:00,76.7300033569336,78.47000122070312,76.1500015258789,77.30999755859375,76.38080596923828,1323500,0.0,0.0
2024-07-15 00:00:00-04:00,77.19999694824219,77.87999725341797,76.66000366210938,77.20999908447266,76.28202056884766,710900,0.0,0.0
2024-07-16 00:00:00-04:00,77.58999633789062,80.12000274658203,76.87999725341797,79.81999969482422,78.86065673828125,909300,0.0,0.0
2024-07-17 00:00:00-04:00,79.3499984741211,80.5199966430664,78.27999877929688,78.29000091552734,77.34902954101562,649900,0.0,0.0
2024-07-18 00:00:00-04:00,77.44999694824219,78.5999984741211,75.58999633789062,75.91999816894531,75.00751495361328,738900,0.0,0.0
2024-07-19 00:00:00-04:00,75.93000030517578,76.63999938964844,74.19999694824219,75.45999908447266,74.55303955078125,587500,0.0,0.0
2024-07-22 00:00:00-04:00,76.3499984741211,77.87999725341797,74.79000091552734,77.7699966430664,76.83527374267578,631200,0.0,0.0
2024-07-23 00:00:00-04:00,77.88999938964844,78.16999816894531,76.27999877929688,76.51000213623047,75.59042358398438,861500,0.0,0.0
2024-07-24 00:00:00-04:00,76.58000183105469,77.93000030517578,75.94000244140625,77.61000061035156,76.67720031738281,915200,0.0,0.0
2024-07-25 00:00:00-04:00,77.56999969482422,79.77999877929688,77.04000091552734,78.66999816894531,77.72444915771484,883200,0.0,0.0
2024-07-26 00:00:00-04:00,79.72000122070312,81.31999969482422,78.7699966430664,80.5999984741211,79.63127899169922,969100,0.0,0.0
2024-07-29 00:00:00-04:00,80.88999938964844,81.0,78.36000061035156,79.72000122070312,78.76184844970703,1270600,0.0,0.0
2024-07-30 00:00:00-04:00,80.0,82.33999633789062,80.0,81.97000122070312,80.98479461669922,1258500,0.0,0.0
2024-07-31 00:00:00-04:00,82.77999877929688,83.62000274658203,81.51000213623047,81.58999633789062,80.60936737060547,1024400,0.0,0.0
2024-08-01 00:00:00-04:00,81.91999816894531,83.33000183105469,80.97000122070312,82.3499984741211,81.3602294921875,789900,0.0,0.0
2024-08-02 00:00:00-04:00,81.30000305175781,81.30000305175781,77.93000030517578,80.16999816894531,79.20643615722656,857900,0.0,0.0
2024-08-05 00:00:00-04:00,81.29000091552734,81.29000091552734,76.94000244140625,77.66000366210938,76.72660064697266,1098700,0.0,0.0
2024-08-06 00:00:00-04:00,77.66000366210938,80.55000305175781,77.05999755859375,78.41999816894531,77.47747039794922,1555800,0.0,0.0
2024-08-07 00:00:00-04:00,77.5199966430664,77.5199966430664,70.13999938964844,70.95999908447266,70.10713195800781,2594500,0.0,0.0
2024-08-08 00:00:00-04:00,71.9000015258789,73.68000030517578,70.16999816894531,73.37000274658203,72.4881591796875,1439300,0.0,0.0
2024-08-09 00:00:00-04:00,72.9800033569336,73.41999816894531,71.4800033569336,71.7699966430664,70.90739440917969,829700,0.0,0.0
2024-08-12 00:00:00-04:00,71.7699966430664,72.13999938964844,70.4800033569336,71.77999877929688,70.91727447509766,791500,0.0,0.0
2024-08-13 00:00:00-04:00,71.6500015258789,73.7300033569336,71.55000305175781,73.44999694824219,72.56719970703125,805200,0.0,0.0
2024-08-14 00:00:00-04:00,73.55999755859375,75.5999984741211,72.48999786376953,72.75,71.8756103515625,1284100,0.0,0.0
2024-08-15 00:00:00-04:00,73.61000061035156,75.02999877929688,72.94000244140625,74.91000366210938,74.0096664428711,1015400,0.0,0.0
2024-08-16 00:00:00-04:00,74.72000122070312,75.33999633789062,73.08000183105469,74.5199966430664,73.62433624267578,798200,0.0,0.0
2024-08-19 00:00:00-04:00,74.5199966430664,75.11000061035156,73.97000122070312,74.98999786376953,74.16831970214844,680400,0.08,0.0
2024-08-20 00:00:00-04:00,74.98999786376953,75.2699966430664,72.30000305175781,72.33999633789062,71.54734802246094,943500,0.0,0.0
2024-08-21 00:00:00-04:00,72.95999908447266,73.22000122070312,71.9000015258789,72.6500015258789,71.85395812988281,930500,0.0,0.0
2024-08-22 00:00:00-04:00,72.88999938964844,73.51000213623047,71.13999938964844,71.3499984741211,70.56819915771484,471500,0.0,0.0
2024-08-23 00:00:00-04:00,71.91000366210938,73.37000274658203,71.13999938964844,72.29000091552734,71.49789428710938,530800,0.0,0.0
2024-08-26 00:00:00-04:00,72.63999938964844,72.63999938964844,71.04000091552734,71.33999633789062,70.55830383300781,538300,0.0,0.0
2024-08-27 00:00:00-04:00,71.33999633789062,71.83000183105469,70.25,71.02999877929688,70.251708984375,545800,0.0,0.0
2024-08-28 00:00:00-04:00,71.08999633789062,71.87999725341797,70.80000305175781,71.5999984741211,70.81546020507812,713800,0.0,0.0
2024-08-29 00:00:00-04:00,71.91000366210938,75.41999816894531,71.47000122070312,74.5199966430664,73.70346069335938,1367200,0.0,0.0
2024-08-30 00:00:00-04:00,74.7699966430664,75.0,73.51000213623047,73.98999786376953,73.17927551269531,842900,0.0,0.0
2024-09-03 00:00:00-04:00,73.4800033569336,74.05999755859375,71.20999908447266,71.7300033569336,70.94403839111328,637100,0.0,0.0
2024-09-04 00:00:00-04:00,71.68000030517578,72.04000091552734,70.87999725341797,71.12000274658203,70.3407211303711,625200,0.0,0.0
2024-09-05 00:00:00-04:00,71.12000274658203,72.55999755859375,70.80999755859375,72.37000274658203,71.57701873779297,743000,0.0,0.0
2024-09-06 00:00:00-04:00,72.37000274658203,73.9800033569336,70.83000183105469,71.48999786376953,70.7066650390625,734800,0.0,0.0
2024-09-09 00:00:00-04:00,71.97000122070312,72.73999786376953,71.56999969482422,72.08999633789062,71.30007934570312,789700,0.0,0.0
2024-09-10 00:00:00-04:00,72.20999908447266,74.16000366210938,71.0,73.77999877929688,72.9715805053711,954900,0.0,0.0
2024-09-11 00:00:00-04:00,73.23999786376953,74.18000030517578,72.44999694824219,73.48999786376953,72.68475341796875,993700,0.0,0.0
2024-09-12 00:00:00-04:00,73.26000213623047,73.61000061035156,71.1500015258789,73.19999694824219,72.3979263305664,950400,0.0,0.0
2024-09-13 00:00:00-04:00,73.37000274658203,74.72000122070312,73.25,74.66999816894531,73.85182189941406,401700,0.0,0.0
2024-09-16 00:00:00-04:00,75.27999877929688,75.51000213623047,73.73999786376953,74.76000213623047,73.94084167480469,931600,0.0,0.0
2024-09-17 00:00:00-04:00,75.04000091552734,76.86000061035156,74.5199966430664,75.27999877929688,74.45513916015625,671200,0.0,0.0
2024-09-18 00:00:00-04:00,75.55999755859375,77.83999633789062,75.05999755859375,76.51000213623047,75.67166137695312,834000,0.0,0.0
2024-09-19 00:00:00-04:00,78.31999969482422,80.94999694824219,77.58000183105469,80.36000061035156,79.47947692871094,1534000,0.0,0.0
2024-09-20 00:00:00-04:00,79.7300033569336,79.98999786376953,77.37999725341797,78.30000305175781,77.44205474853516,1558300,0.0,0.0
2024-09-23 00:00:00-04:00,79.06999969482422,79.12000274658203,77.0,77.20999908447266,76.36399841308594,776600,0.0,0.0
2024-09-24 00:00:00-04:00,77.30999755859375,79.2699966430664,77.11000061035156,77.41999816894531,76.5716781616211,846700,0.0,0.0
2024-09-25 00:00:00-04:00,78.08999633789062,78.08999633789062,74.56999969482422,74.94999694824219,74.12875366210938,674400,0.0,0.0
2024-09-26 00:00:00-04:00,76.91000366210938,79.05999755859375,75.97000122070312,78.05999755859375,77.20468139648438,575400,0.0,0.0
2024-09-27 00:00:00-04:00,78.08000183105469,80.12000274658203,78.0199966430664,78.72000122070312,77.85745239257812,690200,0.0,0.0
2024-09-30 00:00:00-04:00,78.5,80.0199966430664,78.0,79.93000030517578,79.05418395996094,721100,0.0,0.0
2024-10-01 00:00:00-04:00,79.93000030517578,79.93000030517578,77.0,78.16999816894531,77.3134765625,744200,0.0,0.0
2024-10-02 00:00:00-04:00,77.9800033569336,78.37999725341797,77.31999969482422,77.43000030517578,76.58158111572266,714100,0.0,0.0
2024-10-03 00:00:00-04:00,76.94000244140625,77.41999816894531,73.88999938964844,74.0,73.18917083740234,1142900,0.0,0.0
2024-10-04 00:00:00-04:00,75.12999725341797,75.73999786376953,74.05000305175781,74.77999877929688,73.96060943603516,703900,0.0,0.0
2024-10-07 00:00:00-04:00,74.3499984741211,74.36000061035156,72.61000061035156,73.5199966430664,72.71441650390625,893400,0.0,0.0
2024-10-08 00:00:00-04:00,74.22000122070312,74.77999877929688,73.0999984741211,73.73999786376953,72.93201446533203,698800,0.0,0.0
2024-10-09 00:00:00-04:00,73.88999938964844,74.37000274658203,73.0199966430664,74.26000213623047,73.44631958007812,459000,0.0,0.0
2024-10-10 00:00:00-04:00,73.3499984741211,74.06999969482422,72.8499984741211,72.9800033569336,72.18035125732422,433100,0.0,0.0
2024-10-11 00:00:00-04:00,73.19999694824219,73.87999725341797,72.77999877929688,73.36000061035156,72.5561752319336,650600,0.0,0.0
2024-10-14 00:00:00-04:00,73.41999816894531,73.87000274658203,72.16000366210938,73.81999969482422,73.01114654541016,886900,0.0,0.0
2024-10-15 00:00:00-04:00,73.5999984741211,75.16999816894531,73.26000213623047,73.58999633789062,72.78365325927734,579900,0.0,0.0
2024-10-16 00:00:00-04:00,73.97000122070312,74.04000091552734,71.69999694824219,71.80000305175781,71.01326751708984,882000,0.0,0.0
2024-10-17 00:00:00-04:00,72.27999877929688,72.73999786376953,69.93000030517578,70.1500015258789,69.38135528564453,930300,0.0,0.0
2024-10-18 00:00:00-04:00,70.61000061035156,71.31999969482422,69.91999816894531,71.23999786376953,70.45939636230469,834000,0.0,0.0
2024-10-21 00:00:00-04:00,70.77999877929688,70.91999816894531,69.80000305175781,70.36000061035156,69.58905029296875,951300,0.0,0.0
2024-10-22 00:00:00-04:00,70.05999755859375,70.6500015258789,68.9000015258789,69.94999694824219,69.18354034423828,864800,0.0,0.0
2024-10-23 00:00:00-04:00,69.76000213623047,70.27999877929688,68.66000366210938,69.33999633789062,68.58021545410156,734600,0.0,0.0
2024-10-24 00:00:00-04:00,69.58000183105469,70.05000305175781,68.33000183105469,68.37000274658203,67.620849609375,595600,0.0,0.0
2024-10-25 00:00:00-04:00,68.8499984741211,69.13999938964844,68.06999969482422,68.68000030517578,67.92745971679688,681300,0.0,0.0
2024-10-28 00:00:00-04:00,69.58999633789062,70.41999816894531,69.20999908447266,70.37999725341797,69.60882568359375,1066900,0.0,0.0
2024-10-29 00:00:00-04:00,70.1500015258789,71.01000213623047,69.83000183105469,70.73999786376953,69.96488189697266,1581900,0.0,0.0
2024-10-30 00:00:00-04:00,74.0,79.45999908447266,73.94999694824219,76.0199966430664,75.18702697753906,2663600,0.0,0.0
2024-10-31 00:00:00-04:00,75.88999938964844,76.41999816894531,73.75,73.75,72.94190216064453,1109800,0.0,0.0
2024-11-01 00:00:00-04:00,74.0999984741211,76.55999755859375,74.06999969482422,75.30999755859375,74.48480987548828,984000,0.0,0.0
2024-11-04 00:00:00-05:00,75.54000091552734,77.29000091552734,75.02999877929688,75.9000015258789,75.06835174560547,692000,0.0,0.0
2024-11-05 00:00:00-05:00,74.91000366210938,77.6500015258789,73.91999816894531,77.62000274658203,76.76950073242188,542200,0.0,0.0
2024-11-06 00:00:00-05:00,80.80000305175781,80.80000305175781,74.83000183105469,75.83000183105469,74.99913024902344,1100100,0.0,0.0
2024-11-07 00:00:00-05:00,76.69000244140625,77.58999633789062,75.98999786376953,76.41999816894531,75.5826416015625,685300,0.0,0.0
2024-11-08 00:00:00-05:00,76.23999786376953,76.73999786376953,74.94000244140625,75.95999908447266,75.20642852783203,649400,0.08,0.0
2024-11-11 00:00:00-05:00,75.91000366210938,76.48999786376953,74.4000015258789,74.69000244140625,73.94902038574219,628500,0.0,0.0
2024-11-12 00:00:00-05:00,74.62999725341797,75.16000366210938,73.58000183105469,74.41000366210938,73.67179870605469,802000,0.0,0.0
2024-11-13 00:00:00-05:00,74.55000305175781,76.43000030517578,74.26000213623047,75.93000030517578,75.17671203613281,1456000,0.0,0.0
2024-11-14 00:00:00-05:00,75.16999816894531,75.83999633789062,72.2699966430664,72.54000091552734,71.82034301757812,1211100,0.0,0.0
2024-11-15 00:00:00-05:00,72.2699966430664,72.47000122070312,67.4800033569336,67.56999969482422,66.89964294433594,2449000,0.0,0.0
2024-11-18 00:00:00-05:00,67.2300033569336,67.48999786376953,65.98999786376953,66.86000061035156,66.19669342041016,1889600,0.0,0.0
2024-11-19 00:00:00-05:00,66.75,67.48999786376953,66.31999969482422,66.37000274658203,65.71156311035156,1568600,0.0,0.0
2024-11-20 00:00:00-05:00,66.29000091552734,68.91999816894531,65.61000061035156,68.72000122070312,68.03824615478516,1493400,0.0,0.0
2024-11-21 00:00:00-05:00,68.5999984741211,71.31999969482422,68.41999816894531,71.05000305175781,70.34512329101562,1338400,0.0,0.0
2024-11-22 00:00:00-05:00,71.0999984741211,72.41000366210938,70.61000061035156,71.27999877929688,70.57283782958984,620600,0.0,0.0
2024-11-25 00:00:00-05:00,72.05999755859375,75.0,71.9000015258789,74.38999938964844,73.6520004272461,1165800,0.0,0.0
2024-11-26 00:00:00-05:00,73.80999755859375,75.12999725341797,72.72000122070312,74.87000274658203,74.12723541259766,995000,0.0,0.0
2024-11-27 00:00:00-05:00,75.2699966430664,76.19000244140625,74.11000061035156,75.37999725341797,74.6321792602539,557000,0.0,0.0
2024-11-29 00:00:00-05:00,75.33000183105469,75.87000274658203,74.51000213623047,75.36000061035156,74.61237335205078,464400,0.0,0.0
2024-12-02 00:00:00-05:00,75.02999877929688,76.2699966430664,74.26000213623047,76.0199966430664,75.26580810546875,922600,0.0,0.0
2024-12-03 00:00:00-05:00,75.52999877929688,75.8499984741211,74.37999725341797,75.05000305175781,74.3054428100586,595600,0.0,0.0
2024-12-04 00:00:00-05:00,75.05000305175781,76.80999755859375,73.68000030517578,75.88999938964844,75.1371078491211,571800,0.0,0.0
2024-12-05 00:00:00-05:00,75.88999938964844,76.5999984741211,73.80000305175781,73.88999938964844,73.1569595336914,722100,0.0,0.0
2024-12-06 00:00:00-05:00,74.6500015258789,75.62000274658203,73.9800033569336,74.51000213623047,73.77080535888672,497000,0.0,0.0
2024-12-09 00:00:00-05:00,74.75,77.5,74.75,77.4000015258789,76.63213348388672,773900,0.0,0.0
2024-12-10 00:00:00-05:00,77.88999938964844,78.26000213623047,76.2300033569336,77.12000274658203,76.35490417480469,966600,0.0,0.0
2024-12-11 00:00:00-05:00,77.88999938964844,78.41999816894531,76.72000122070312,76.80999755859375,76.0479736328125,695800,0.0,0.0
2024-12-12 00:00:00-05:00,76.58000183105469,77.58000183105469,75.72000122070312,76.68000030517578,75.91928100585938,652800,0.0,0.0
2024-12-13 00:00:00-05:00,76.58000183105469,76.58000183105469,74.41000366210938,75.69000244140625,74.9390869140625,487400,0.0,0.0
2024-12-16 00:00:00-05:00,75.91000366210938,76.91000366210938,75.0999984741211,76.16000366210938,75.4044418334961,560800,0.0,0.0
2024-12-17 00:00:00-05:00,76.0,77.62000274658203,75.0199966430664,75.2699966430664,74.52326202392578,620600,0.0,0.0
2024-12-18 00:00:00-05:00,75.45999908447266,75.94000244140625,71.22000122070312,71.41000366210938,70.70155334472656,765600,0.0,0.0
2024-12-19 00:00:00-05:00,71.47000122070312,72.08000183105469,69.4800033569336,71.38999938964844,70.68175506591797,1051800,0.0,0.0
2024-12-20 00:00:00-05:00,71.25,74.2699966430664,71.25,73.16999816894531,72.44409942626953,2221200,0.0,0.0
2024-12-23 00:00:00-05:00,72.48999786376953,73.12999725341797,71.2699966430664,72.73999786376953,72.01835632324219,618800,0.0,0.0
2024-12-24 00:00:00-05:00,72.62999725341797,73.37999725341797,72.48999786376953,73.02999877929688,72.30548858642578,309600,0.0,0.0
2024-12-26 00:00:00-05:00,72.41000366210938,73.77999877929688,71.94000244140625,73.22000122070312,72.49360656738281,353400,0.0,0.0
2024-12-27 00:00:00-05:00,72.48999786376953,73.58000183105469,72.48999786376953,72.9800033569336,72.25598907470703,474700,0.0,0.0
2024-12-30 00:00:00-05:00,71.94000244140625,72.81999969482422,71.41999816894531,72.29000091552734,71.57282257080078,328400,0.0,0.0
2024-12-31 00:00:00-05:00,72.91000366210938,73.12000274658203,71.61000061035156,72.02999877929688,71.31539916992188,444800,0.0,0.0
2025-01-02 00:00:00-05:00,72.75,72.93000030517578,71.0,71.4800033569336,70.77085876464844,658100,0.0,0.0
2025-01-03 00:00:00-05:00,71.55999755859375,74.05999755859375,70.76000213623047,73.79000091552734,73.05794525146484,657000,0.0,0.0
2025-01-06 00:00:00-05:00,73.80999755859375,75.63999938964844,73.76000213623047,74.25,73.51337432861328,692700,0.0,0.0
2025-01-07 00:00:00-05:00,74.55000305175781,76.7300033569336,73.91999816894531,74.7699966430664,74.02822875976562,533400,0.0,0.0
2025-01-08 00:00:00-05:00,74.58999633789062,75.25,73.22000122070312,75.19000244140625,74.44405364990234,468800,0.0,0.0
2025-01-10 00:00:00-05:00,73.37000274658203,74.9800033569336,73.06999969482422,73.30999755859375,72.58270263671875,1034500,0.0,0.0
2025-01-13 00:00:00-05:00,73.02999877929688,76.4800033569336,72.5199966430664,76.41999816894531,75.66184997558594,1356600,0.0,0.0
2025-01-14 00:00:00-05:00,76.4800033569336,78.44000244140625,74.1500015258789,74.7300033569336,73.98860931396484,1278400,0.0,0.0
2025-01-15 00:00:00-05:00,76.13999938964844,77.55999755859375,74.08000183105469,75.12999725341797,74.38465881347656,795100,0.0,0.0
2025-01-16 00:00:00-05:00,74.86000061035156,76.30999755859375,73.66999816894531,76.0999984741211,75.34502410888672,959000,0.0,0.0
2025-01-17 00:00:00-05:00,77.01000213623047,77.16999816894531,75.66000366210938,75.83000183105469,75.07770538330078,991000,0.0,0.0
2025-01-21 00:00:00-05:00,76.48999786376953,78.83000183105469,76.41000366210938,78.75,77.96873474121094,906200,0.0,0.0
2025-01-22 00:00:00-05:00,78.19000244140625,79.13999938964844,77.33000183105469,78.70999908447266,77.92912292480469,1176000,0.0,0.0
2025-01-23 00:00:00-05:00,79.12999725341797,79.12999725341797,74.44999694824219,76.91000366210938,76.14698791503906,1328200,0.0,0.0
2025-01-24 00:00:00-05:00,76.52999877929688,77.98999786376953,76.1500015258789,77.05000305175781,76.28560638427734,718000,0.0,0.0
2025-01-27 00:00:00-05:00,76.81999969482422,78.2699966430664,75.5199966430664,76.44999694824219,75.69154357910156,815200,0.0,0.0
2025-01-28 00:00:00-05:00,76.76000213623047,77.47000122070312,73.55999755859375,74.5999984741211,73.85990905761719,1585000,0.0,0.0
2025-01-29 00:00:00-05:00,74.0,74.0,71.12000274658203,71.83000183105469,71.11738586425781,1373300,0.0,0.0
2025-01-30 00:00:00-05:00,72.6500015258789,74.7300033569336,72.41000366210938,72.76000213623047,72.03816223144531,931000,0.0,0.0
2025-01-31 00:00:00-05:00,73.0,74.30000305175781,72.79000091552734,73.55000305175781,72.82032775878906,940200,0.0,0.0
2025-02-03 00:00:00-05:00,72.11000061035156,73.06999969482422,70.87999725341797,72.05000305175781,71.335205078125,1323900,0.0,0.0
2025-02-04 00:00:00-05:00,72.05000305175781,74.79000091552734,71.76000213623047,72.55000305175781,71.83026123046875,2090600,0.0,0.0
2025-02-05 00:00:00-05:00,79.27999877929688,79.27999877929688,75.19999694824219,75.25,74.50346374511719,3093000,0.0,0.0
2025-02-06 00:00:00-05:00,77.02999877929688,77.02999877929688,73.44000244140625,75.01000213623047,74.26583862304688,2007000,0.0,0.0
2025-02-07 00:00:00-05:00,75.69000244140625,75.69000244140625,71.47000122070312,72.80999755859375,72.08766174316406,1215200,0.0,0.0
2025-02-10 00:00:00-05:00,71.33000183105469,72.0,67.63999938964844,69.91999816894531,69.2263412475586,2922600,0.0,0.0
2025-02-11 00:00:00-05:00,69.48999786376953,70.23999786376953,67.86000061035156,68.33999633789062,67.66201782226562,2067400,0.0,0.0
2025-02-12 00:00:00-05:00,67.98999786376953,68.19000244140625,66.33999633789062,67.44000244140625,66.77094268798828,1706200,0.0,0.0
2025-02-13 00:00:00-05:00,67.87000274658203,68.37999725341797,66.38999938964844,66.7699966430664,66.10758209228516,1766100,0.0,0.0
2025-02-14 00:00:00-05:00,67.61000061035156,67.73999786376953,65.75,65.94000244140625,65.3641357421875,1172600,0.08,0.0
2025-02-18 00:00:00-05:00,66.16000366210938,66.66000366210938,64.41000366210938,65.29000091552734,64.71981811523438,1507700,0.0,0.0
2025-02-19 00:00:00-05:00,63.52000045776367,66.06999969482422,63.5099983215332,65.80000305175781,65.2253646850586,1881200,0.0,0.0
2025-02-20 00:00:00-05:00,66.30000305175781,67.19000244140625,65.38999938964844,65.48999786376953,64.9180679321289,1729500,0.0,0.0
2025-02-21 00:00:00-05:00,66.20999908447266,66.87000274658203,64.58000183105469,64.91999816894531,64.35304260253906,1973200,0.0,0.0
2025-02-24 00:00:00-05:00,64.83000183105469,66.18000030517578,64.37999725341797,65.55999755859375,64.98745727539062,1122400,0.0,0.0
2025-02-25 00:00:00-05:00,66.0199966430664,66.47000122070312,63.2400016784668,64.22000122070312,63.659156799316406,1712700,0.0,0.0
2025-02-26 00:00:00-05:00,64.55999755859375,65.30000305175781,63.720001220703125,64.1500015258789,63.589778900146484,1016300,0.0,0.0
2025-02-27 00:00:00-05:00,63.72999954223633,64.41999816894531,61.060001373291016,61.22999954223633,60.69527053833008,2022900,0.0,0.0
2025-02-28 00:00:00-05:00,61.099998474121094,61.970001220703125,60.939998626708984,61.75,61.21072769165039,2197100,0.0,0.0
2025-03-03 00:00:00-05:00,61.97999954223633,62.25,60.38999938964844,61.189998626708984,60.65562057495117,1813200,0.0,0.0
2025-03-04 00:00:00-05:00,60.70000076293945,61.0,58.97999954223633,60.119998931884766,59.594966888427734,1958600,0.0,0.0
2025-03-05 00:00:00-05:00,60.459999084472656,62.58000183105469,59.97999954223633,62.20000076293945,61.656803131103516,2143300,0.0,0.0
2025-03-06 00:00:00-05:00,61.65999984741211,64.9000015258789,61.65999984741211,63.38999938964844,62.83641052246094,2496600,0.0,0.0
2025-03-07 00:00:00-05:00,63.0099983215332,64.6500015258789,62.060001373291016,64.37000274658203,63.80785369873047,1991300,0.0,0.0
2025-03-10 00:00:00-04:00,63.709999084472656,64.80000305175781,62.400001525878906,62.900001525878906,62.35068893432617,2469300,0.0,0.0
2025-03-11 00:00:00-04:00,63.36000061035156,63.849998474121094,58.20000076293945,58.470001220703125,57.95937728881836,3067800,0.0,0.0
2025-03-12 00:00:00-04:00,58.66999816894531,60.29999923706055,56.599998474121094,60.2400016784668,59.71392059326172,3589200,0.0,0.0
2025-03-13 00:00:00-04:00,59.93000030517578,61.68000030517578,59.20000076293945,59.880001068115234,59.357059478759766,2636300,0.0,0.0
2025-03-14 00:00:00-04:00,60.540000915527344,62.40999984741211,60.15999984741211,62.15999984741211,61.617149353027344,2197700,0.0,0.0
2025-03-17 00:00:00-04:00,62.310001373291016,63.7599983215332,61.83000183105469,62.58000183105469,62.033485412597656,1531700,0.0,0.0
2025-03-18 00:00:00-04:00,62.810001373291016,62.869998931884766,61.119998931884766,62.83000183105469,62.28130340576172,1242700,0.0,0.0
2025-03-19 00:00:00-04:00,62.52000045776367,63.0099983215332,60.83000183105469,60.88999938964844,60.35824203491211,1520500,0.0,0.0
2025-03-20 00:00:00-04:00,60.66999816894531,61.33000183105469,59.650001525878906,60.34000015258789,59.813045501708984,992800,0.0,0.0
2025-03-21 00:00:00-04:00,59.970001220703125,61.13999938964844,59.45000076293945,60.61000061035156,60.080684661865234,2581200,0.0,0.0
2025-03-24 00:00:00-04:00,60.709999084472656,62.150001525878906,60.470001220703125,61.06999969482422,60.53667449951172,1121500,0.0,0.0
2025-03-25 00:00:00-04:00,61.220001220703125,61.86000061035156,59.33000183105469,59.97999954223633,59.45619201660156,1454500,0.0,0.0
2025-03-26 00:00:00-04:00,59.970001220703125,60.36000061035156,58.970001220703125,59.380001068115234,58.86143112182617,1912900,0.0,0.0
2025-03-27 00:00:00-04:00,59.36000061035156,60.790000915527344,59.099998474121094,59.95000076293945,59.42645263671875,1604500,0.0,0.0
2025-03-28 00:00:00-04:00,59.709999084472656,59.880001068115234,58.470001220703125,58.72999954223633,58.217105865478516,1505100,0.0,0.0
2025-03-31 00:00:00-04:00,57.97999954223633,59.209999084472656,56.70000076293945,58.630001068115234,58.117977142333984,1467700,0.0,0.0
2025-04-01 00:00:00-04:00,57.689998626708984,58.75,57.06999969482422,57.349998474121094,56.849151611328125,1675900,0.0,0.0
2025-04-02 00:00:00-04:00,57.040000915527344,58.63999938964844,56.81999969482422,58.380001068115234,57.87016296386719,1455900,0.0,0.0
2025-04-03 00:00:00-04:00,56.93000030517578,57.189998626708984,54.81999969482422,54.86000061035156,54.38090133666992,1989300,0.0,0.0
2025-04-04 00:00:00-04:00,53.0099983215332,53.75,50.349998474121094,51.720001220703125,51.26832580566406,2931900,0.0,0.0
2025-04-07 00:00:00-04:00,50.54999923706055,54.33000183105469,48.90999984741211,52.310001373291016,51.853172302246094,3815800,0.0,0.0
2025-04-08 00:00:00-04:00,53.2599983215332,53.83000183105469,48.34000015258789,48.810001373291016,48.38373947143555,3343900,0.0,0.0
2025-04-09 00:00:00-04:00,46.529998779296875,54.31999969482422,46.439998626708984,54.06999969482422,53.59780502319336,4371400,0.0,0.0
2025-04-10 00:00:00-04:00,52.650001525878906,52.650001525878906,48.400001525878906,49.2599983215332,48.82980728149414,2696100,0.0,0.0
2025-04-11 00:00:00-04:00,49.2599983215332,51.09000015258789,48.41999816894531,50.720001220703125,50.27705764770508,3195500,0.0,0.0
2025-04-14 00:00:00-04:00,51.95000076293945,52.75,50.939998626708984,52.540000915527344,52.0811653137207,1798200,0.0,0.0
2025-04-15 00:00:00-04:00,53.0,53.0,50.540000915527344,51.06999969482422,50.62400436401367,1295300,0.0,0.0
2025-04-16 00:00:00-04:00,51.22999954223633,51.869998931884766,49.720001220703125,49.97999954223633,49.543521881103516,1609300,0.0,0.0
2025-04-17 00:00:00-04:00,49.41999816894531,50.0,47.70000076293945,48.099998474121094,47.679931640625,2741500,0.0,0.0
2025-04-21 00:00:00-04:00,47.22999954223633,47.77000045776367,46.0099983215332,47.5099983215332,47.09508514404297,2468700,0.0,0.0
2025-04-22 00:00:00-04:00,48.290000915527344,49.40999984741211,47.83000183105469,49.08000183105469,48.6513786315918,2148700,0.0,0.0
2025-04-23 00:00:00-04:00,51.310001373291016,53.540000915527344,50.029998779296875,50.15999984741211,49.721946716308594,1756800,0.0,0.0
2025-04-24 00:00:00-04:00,50.400001525878906,52.0,49.66999816894531,50.779998779296875,50.33653259277344,2472200,0.0,0.0
2025-04-25 00:00:00-04:00,50.34000015258789,50.369998931884766,49.150001525878906,50.2400016784668,49.801246643066406,1468300,0.0,0.0
2025-04-28 00:00:00-04:00,50.36000061035156,51.529998779296875,49.7400016784668,50.25,49.81116485595703,1556300,0.0,0.0
2025-04-29 00:00:00-04:00,50.209999084472656,50.75,49.54999923706055,50.5,50.05897903442383,1335500,0.0,0.0
2025-04-30 00:00:00-04:00,50.0099983215332,50.40999984741211,49.34000015258789,50.349998474121094,49.91029357910156,1530000,0.0,0.0
2025-05-01 00:00:00-04:00,50.06999969482422,50.83000183105469,48.220001220703125,49.630001068115234,49.19657516479492,1609800,0.0,0.0
2025-05-02 00:00:00-04:00,50.95000076293945,51.540000915527344,50.20000076293945,50.4900016784668,50.04906463623047,1525100,0.0,0.0
2025-05-05 00:00:00-04:00,50.4900016784668,51.040000915527344,49.689998626708984,49.79999923706055,49.36509323120117,1688800,0.0,0.0
2025-05-06 00:00:00-04:00,49.31999969482422,49.45000076293945,47.290000915527344,47.720001220703125,47.303260803222656,3186200,0.0,0.0
2025-05-07 00:00:00-04:00,49.9900016784668,50.38999938964844,46.77000045776367,48.75,48.32426071166992,3468200,0.0,0.0
2025-05-08 00:00:00-04:00,48.59000015258789,50.810001373291016,47.279998779296875,49.779998779296875,49.345272064208984,4635200,0.0,0.0
2025-05-09 00:00:00-04:00,50.0,50.77000045776367,49.779998779296875,49.939998626708984,49.50387191772461,3168900,0.0,0.0
2025-05-12 00:00:00-04:00,51.540000915527344,54.400001525878906,51.31999969482422,53.900001525878906,53.42928695678711,3352500,0.0,0.0
2025-05-13 00:00:00-04:00,53.45000076293945,53.65999984741211,51.560001373291016,51.61000061035156,51.15928649902344,2574100,0.0,0.0
2025-05-14 00:00:00-04:00,51.119998931884766,51.34000015258789,47.75,47.86000061035156,47.44203567504883,2849100,0.0,0.0
2025-05-15 00:00:00-04:00,48.029998779296875,48.5,46.349998474121094,48.2400016784668,47.81871795654297,2047800,0.0,0.0
2025-05-16 00:00:00-04:00,48.40999984741211,49.18000030517578,47.54999923706055,49.150001525878906,48.720767974853516,1616000,0.0,0.0
2025-05-19 00:00:00-04:00,48.310001373291016,49.31999969482422,47.939998626708984,49.279998779296875,48.92927551269531,2082000,0.08,0.0
2025-05-20 00:00:00-04:00,49.220001220703125,49.91999816894531,48.63999938964844,49.529998779296875,49.177494049072266,1852700,0.0,0.0
2025-05-21 00:00:00-04:00,48.72999954223633,48.869998931884766,46.27000045776367,46.65999984741211,46.32792282104492,2342000,0.0,0.0
2025-05-22 00:00:00-04:00,46.40999984741211,47.939998626708984,46.04999923706055,47.31999969482422,46.98322296142578,2050500,0.0,0.0
2025-05-23 00:00:00-04:00,46.2400016784668,46.970001220703125,46.209999084472656,46.779998779296875,46.44706726074219,1471200,0.0,0.0
2025-05-27 00:00:00-04:00,47.68000030517578,48.709999084472656,47.34000015258789,48.689998626708984,48.34347152709961,1854400,0.0,0.0
2025-05-28 00:00:00-04:00,48.66999816894531,48.84000015258789,47.25,47.93000030517578,47.58888244628906,2687500,0.0,0.0
2025-05-29 00:00:00-04:00,48.59000015258789,48.880001068115234,47.93000030517578,48.33000183105469,47.98603439331055,1572000,0.0,0.0
2025-05-30 00:00:00-04:00,48.13999938964844,49.029998779296875,47.22999954223633,48.400001525878906,48.055538177490234,11773100,0.0,0.0
2025-06-02 00:00:00-04:00,47.880001068115234,48.790000915527344,47.25,48.61000061035156,48.26404571533203,2430900,0.0,0.0
2025-06-03 00:00:00-04:00,48.279998779296875,49.529998779296875,47.540000915527344,48.779998779296875,48.43283462524414,1835400,0.0,0.0
2025-06-04 00:00:00-04:00,48.83000183105469,50.15999984741211,48.58000183105469,49.849998474121094,49.49522018432617,1827900,0.0,0.0
2025-06-05 00:00:00-04:00,49.79999923706055,50.04999923706055,47.880001068115234,48.310001373291016,47.96617889404297,2205800,0.0,0.0
2025-06-06 00:00:00-04:00,48.779998779296875,49.529998779296875,48.61000061035156,48.689998626708984,48.34347152709961,1191700,0.0,0.0
2025-06-09 00:00:00-04:00,49.56999969482422,50.560001373291016,48.95000076293945,49.880001068115234,49.52500534057617,2105100,0.0,0.0
2025-06-10 00:00:00-04:00,50.52000045776367,51.68000030517578,49.95000076293945,51.400001525878906,51.03418731689453,3973200,0.0,0.0
2025-06-11 00:00:00-04:00,51.61000061035156,52.81999969482422,51.150001525878906,51.540000915527344,51.17319107055664,2732300,0.0,0.0
2025-06-12 00:00:00-04:00,51.099998474121094,52.20000076293945,50.4900016784668,51.529998779296875,51.16325759887695,1811600,0.0,0.0
2025-06-13 00:00:00-04:00,50.4900016784668,51.349998474121094,50.29999923706055,50.52000045776367,50.16044998168945,1915500,0.0,0.0
2025-06-16 00:00:00-04:00,50.619998931884766,51.65999984741211,49.720001220703125,51.630001068115234,51.262550354003906,1635500,0.0,0.0
2025-06-17 00:00:00-04:00,50.900001525878906,51.2400016784668,49.099998474121094,49.5,49.147708892822266,2335100,0.0,0.0
2025-06-18 00:00:00-04:00,49.58000183105469,50.41999816894531,49.04999923706055,50.130001068115234,49.773223876953125,2164700,0.0,0.0
2025-06-20 00:00:00-04:00,50.33000183105469,50.540000915527344,49.720001220703125,49.88999938964844,49.534934997558594,2577400,0.0,0.0
2025-06-23 00:00:00-04:00,49.810001373291016,49.970001220703125,48.40999984741211,49.29999923706055,48.949134826660156,1375000,0.0,0.0
2025-06-24 00:00:00-04:00,50.099998474121094,50.25,49.43000030517578,50.0,49.64414978027344,1580900,0.0,0.0
2025-06-25 00:00:00-04:00,49.83000183105469,53.279998779296875,49.27000045776367,51.88999938964844,51.52069854736328,3881700,0.0,0.0
2025-06-26 00:00:00-04:00,51.47999954223633,53.40999984741211,50.61000061035156,52.79999923706055,52.424224853515625,2348800,0.0,0.0
2025-06-27 00:00:00-04:00,53.0,53.0,51.099998474121094,51.84000015258789,51.47105407714844,2486400,0.0,0.0
2025-06-30 00:00:00-04:00,52.0099983215332,52.130001068115234,50.790000915527344,51.45000076293945,51.083831787109375,1917500,0.0,0.0
2025-07-01 00:00:00-04:00,51.119998931884766,53.95000076293945,49.88999938964844,52.08000183105469,51.709346771240234,2532600,0.0,0.0
2025-07-02 00:00:00-04:00,52.15999984741211,53.22999954223633,51.560001373291016,53.18000030517578,52.801517486572266,1805400,0.0,0.0
2025-07-03 00:00:00-04:00,53.310001373291016,53.619998931884766,52.70000076293945,53.13999938964844,52.76179885864258,843100,0.0,0.0
2025-07-07 00:00:00-04:00,52.79999923706055,52.79999923706055,50.970001220703125,51.540000915527344,51.17319107055664,2101700,0.0,0.0
2025-07-08 00:00:00-04:00,51.68000030517578,53.43000030517578,51.2599983215332,52.68000030517578,52.30508041381836,1664200,0.0,0.0
2025-07-09 00:00:00-04:00,52.90999984741211,53.61000061035156,51.83000183105469,52.59000015258789,52.21571731567383,1513000,0.0,0.0
2025-07-10 00:00:00-04:00,52.66999816894531,55.529998779296875,52.34000015258789,54.40999984741211,54.02276611328125,1985700,0.0,0.0
2025-07-11 00:00:00-04:00,53.68000030517578,54.459999084472656,53.43000030517578,54.13999938964844,53.75468826293945,1420800,0.0,0.0
2025-07-14 00:00:00-04:00,53.369998931884766,53.68000030517578,52.290000915527344,52.619998931884766,52.24550247192383,1592300,0.0,0.0
2025-07-15 00:00:00-04:00,52.9900016784668,53.36000061035156,51.27000045776367,51.41999816894531,51.05404281616211,1526300,0.0,0.0
2025-07-16 00:00:00-04:00,51.97999954223633,52.04999923706055,50.720001220703125,51.790000915527344,51.42141342163086,1073500,0.0,0.0
2025-07-17 00:00:00-04:00,51.91999816894531,53.33000183105469,51.630001068115234,53.290000915527344,52.910736083984375,1275300,0.0,0.0
2025-07-18 00:00:00-04:00,53.709999084472656,53.88999938964844,51.7400016784668,52.02000045776367,51.649776458740234,1805700,0.0,0.0
2025-07-21 00:00:00-04:00,51.939998626708984,51.970001220703125,49.709999084472656,50.27000045776367,49.9122314453125,2599000,0.0,0.0
2025-07-22 00:00:00-04:00,50.93000030517578,53.560001373291016,50.68000030517578,53.119998931884766,52.741943359375,1649900,0.0,0.0
2025-07-23 00:00:00-04:00,55.65999984741211,55.9900016784668,54.09000015258789,55.310001373291016,54.916358947753906,2631300,0.0,0.0
2025-07-24 00:00:00-04:00,55.310001373291016,58.65999984741211,54.810001373291016,58.470001220703125,58.05387496948242,4382500,0.0,0.0
2025-07-25 00:00:00-04:00,58.86000061035156,59.5,57.7599983215332,58.779998779296875,58.361663818359375,2697000,0.0,0.0
2025-07-28 00:00:00-04:00,58.81999969482422,60.060001373291016,58.36000061035156,58.54999923706055,58.13330078125,2952200,0.0,0.0
2025-07-29 00:00:00-04:00,58.45000076293945,58.939998626708984,57.439998626708984,57.869998931884766,57.45814514160156,2100400,0.0,0.0
2025-07-30 00:00:00-04:00,58.20000076293945,58.5,57.099998474121094,57.709999084472656,57.299278259277344,1981200,0.0,0.0
2025-07-31 00:00:00-04:00,56.72999954223633,57.7400016784668,54.61000061035156,54.72999954223633,54.340484619140625,2876900,0.0,0.0
2025-08-01 00:00:00-04:00,53.810001373291016,55.08000183105469,52.9900016784668,54.88999938964844,54.499351501464844,1771200,0.0,0.0
2025-08-04 00:00:00-04:00,54.41999816894531,55.279998779296875,53.709999084472656,54.880001068115234,54.48942184448242,1847300,0.0,0.0
2025-08-05 00:00:00-04:00,55.0,55.22999954223633,53.959999084472656,54.63999938964844,54.251129150390625,2616800,0.0,0.0
2025-08-06 00:00:00-04:00,53.15999984741211,54.560001373291016,47.65999984741211,49.869998931884766,49.515079498291016,6682400,0.0,0.0
2025-08-07 00:00:00-04:00,50.5099983215332,50.849998474121094,49.150001525878906,50.150001525878906,49.793087005615234,3135300,0.0,0.0
2025-08-08 00:00:00-04:00,50.380001068115234,50.58000183105469,49.560001373291016,50.41999816894531,50.0611572265625,1898100,0.0,0.0
2025-08-11 00:00:00-04:00,50.209999084472656,51.36000061035156,49.68000030517578,50.150001525878906,49.793087005615234,1965100,0.0,0.0
2025-08-12 00:00:00-04:00,50.150001525878906,52.900001525878906,50.040000915527344,52.83000183105469,52.45400619506836,2057300,0.0,0.0
2025-08-13 00:00:00-04:00,53.18000030517578,54.83000183105469,52.91999816894531,54.709999084472656,54.32062530517578,1667000,0.0,0.0
2025-08-14 00:00:00-04:00,53.86000061035156,54.18000030517578,53.220001220703125,53.7400016784668,53.3575325012207,1597100,0.0,0.0
2025-08-15 00:00:00-04:00,54.33000183105469,54.380001068115234,53.38999938964844,53.599998474121094,53.218528747558594,1305900,0.0,0.0
2025-08-18 00:00:00-04:00,53.439998626708984,54.13999938964844,53.06999969482422,53.290000915527344,52.98982620239258,1325600,0.08,0.0
2025-08-19 00:00:00-04:00,53.33000183105469,54.91999816894531,53.33000183105469,54.869998931884766,54.56092834472656,1617600,0.0,0.0
2025-08-20 00:00:00-04:00,54.68000030517578,54.95000076293945,53.9900016784668,54.33000183105469,54.02397155761719,1661400,0.0,0.0
2025-08-21 00:00:00-04:00,54.65999984741211,54.939998626708984,53.88999938964844,54.0,53.69582748413086,1872900,0.0,0.0
2025-08-22 00:00:00-04:00,54.88999938964844,57.43000030517578,54.310001373291016,57.09000015258789,56.76842498779297,1442400,0.0,0.0
2025-08-25 00:00:00-04:00,56.86000061035156,56.939998626708984,55.77000045776367,56.709999084472656,56.39056396484375,2317300,0.0,0.0
2025-08-26 00:00:00-04:00,56.63999938964844,57.599998474121094,56.11000061035156,56.790000915527344,56.47010803222656,1870500,0.0,0.0
2025-08-27 00:00:00-04:00,56.880001068115234,57.369998931884766,56.02000045776367,56.220001220703125,55.903324127197266,1813900,0.0,0.0
2025-08-28 00:00:00-04:00,56.22999954223633,56.599998474121094,52.93000030517578,54.33000183105469,54.02397155761719,4028800,0.0,0.0
2025-08-29 00:00:00-04:00,54.150001525878906,55.25,54.09000015258789,54.630001068115234,54.32228088378906,1720800,0.0,0.0
2025-09-02 00:00:00-04:00,54.16999816894531,54.380001068115234,52.310001373291016,53.41999816894531,53.11909103393555,1738900,0.0,0.0
2025-09-03 00:00:00-04:00,53.599998474121094,54.040000915527344,52.810001373291016,53.34000015258789,53.039546966552734,2340600,0.0,0.0
2025-09-04 00:00:00-04:00,53.189998626708984,53.189998626708984,51.619998931884766,52.91999816894531,52.62191390991211,2402200,0.0,0.0
2025-09-05 00:00:00-04:00,53.040000915527344,54.47999954223633,52.77000045776367,54.40999984741211,54.103515625,1745300,0.0,0.0
2025-09-08 00:00:00-04:00,54.04999923706055,54.33000183105469,53.290000915527344,54.11000061035156,53.805206298828125,2427800,0.0,0.0
2025-09-09 00:00:00-04:00,54.189998626708984,54.540000915527344,53.4900016784668,54.20000076293945,53.89470291137695,2229700,0.0,0.0
2025-09-10 00:00:00-04:00,53.900001525878906,54.619998931884766,50.869998931884766,50.959999084472656,50.672950744628906,3130200,0.0,0.0
2025-09-11 00:00:00-04:00,51.02000045776367,53.400001525878906,50.97999954223633,53.209999084472656,52.9102783203125,1846500,0.0,0.0
2025-09-12 00:00:00-04:00,52.959999084472656,52.959999084472656,50.7599983215332,51.2599983215332,50.97126007080078,1982100,0.0,0.0
2025-09-15 00:00:00-04:00,51.52000045776367,51.869998931884766,51.02000045776367,51.619998931884766,51.32923126220703,2006200,0.0,0.0
2025-09-16 00:00:00-04:00,51.52000045776367,52.20000076293945,50.959999084472656,51.779998779296875,51.48833084106445,3987600,0.0,0.0
2025-09-17 00:00:00-04:00,51.84000015258789,53.75,51.099998474121094,51.52000045776367,51.229801177978516,1819900,0.0,0.0
2025-09-18 00:00:00-04:00,52.029998779296875,53.2599983215332,51.79999923706055,52.9900016784668,52.6915168762207,1647100,0.0,0.0
2025-09-19 00:00:00-04:00,53.2400016784668,53.43000030517578,51.959999084472656,53.150001525878906,52.85062026977539,4477800,0.0,0.0
2025-09-22 00:00:00-04:00,53.0099983215332,54.0,52.5,53.040000915527344,52.741233825683594,2437800,0.0,0.0
2025-09-23 00:00:00-04:00,53.060001373291016,54.56999969482422,52.7400016784668,52.91999816894531,52.62191390991211,2392000,0.0,0.0
2025-09-24 00:00:00-04:00,52.91999816894531,53.08000183105469,50.880001068115234,51.220001220703125,50.93148422241211,2320500,0.0,0.0
2025-09-25 00:00:00-04:00,50.779998779296875,51.380001068115234,50.130001068115234,50.47999954223633,50.195655822753906,2461400,0.0,0.0
2025-09-26 00:00:00-04:00,50.560001373291016,52.08000183105469,50.52000045776367,51.849998474121094,51.55792999267578,1695700,0.0,0.0
2025-09-29 00:00:00-04:00,52.11000061035156,52.459999084472656,51.31999969482422,52.22999954223633,51.9358024597168,2974600,0.0,0.0
2025-09-30 00:00:00-04:00,52.22999954223633,55.72999954223633,51.75,55.630001068115234,55.316646575927734,3640600,0.0,0.0
2025-10-01 00:00:00-04:00,55.56999969482422,60.16999816894531,54.400001525878906,59.91999816894531,59.58247756958008,3836400,0.0,0.0
2025-10-02 00:00:00-04:00,60.130001068115234,62.81999969482422,59.560001373291016,62.09000015258789,61.74025344848633,7247100,0.0,0.0
2025-10-03 00:00:00-04:00,62.41999816894531,63.869998931884766,61.869998931884766,62.95000076293945,62.59541702270508,3493000,0.0,0.0
2025-10-06 00:00:00-04:00,62.95000076293945,63.099998474121094,61.5,61.91999816894531,61.57121658325195,2820100,0.0,0.0
2025-10-07 00:00:00-04:00,62.099998474121094,63.279998779296875,58.9900016784668,59.189998626708984,58.856590270996094,2549000,0.0,0.0
2025-10-08 00:00:00-04:00,59.16999816894531,61.060001373291016,58.86000061035156,60.560001373291016,60.218875885009766,2095100,0.0,0.0
2025-10-09 00:00:00-04:00,60.560001373291016,60.970001220703125,59.619998931884766,59.900001525878906,59.56259536743164,1630800,0.0,0.0
2025-10-10 00:00:00-04:00,59.95000076293945,60.06999969482422,57.849998474121094,58.65999984741211,58.3295783996582,1600100,0.0,0.0
2025-10-13 00:00:00-04:00,59.349998474121094,59.880001068115234,58.22999954223633,59.650001525878906,59.314002990722656,1565400,0.0,0.0
2025-10-14 00:00:00-04:00,58.72999954223633,60.08000183105469,58.150001525878906,59.27000045776367,58.93614196777344,1691200,0.0,0.0
2025-10-15 00:00:00-04:00,59.630001068115234,60.58000183105469,58.779998779296875,59.58000183105469,59.24440002441406,1351500,0.0,0.0
2025-10-16 00:00:00-04:00,59.619998931884766,62.369998931884766,59.61000061035156,61.599998474121094,61.253013610839844,1797900,0.0,0.0
2025-10-17 00:00:00-04:00,61.33000183105469,62.43000030517578,61.16999816894531,61.86000061035156,61.51155471801758,1991700,0.0,0.0
2025-10-20 00:00:00-04:00,62.5,63.540000915527344,62.060001373291016,62.540000915527344,62.18772506713867,1490400,0.0,0.0
2025-10-21 00:00:00-04:00,63.380001068115234,64.94000244140625,62.63999938964844,63.459999084472656,63.1025390625,1942800,0.0,0.0
2025-10-22 00:00:00-04:00,63.36000061035156,64.80000305175781,62.900001525878906,63.790000915527344,63.43068313598633,1691100,0.0,0.0
2025-10-23 00:00:00-04:00,63.79999923706055,66.4000015258789,63.290000915527344,66.05999755859375,65.6878890991211,2368500,0.0,0.0
2025-10-24 00:00:00-04:00,66.30000305175781,66.95999908447266,65.80999755859375,65.91000366210938,65.53874206542969,1806800,0.0,0.0
2025-10-27 00:00:00-04:00,65.79000091552734,65.86000061035156,64.16000366210938,64.25,63.888092041015625,1690500,0.0,0.0
2025-10-28 00:00:00-04:00,64.6500015258789,65.16000366210938,63.599998474121094,63.939998626708984,63.579833984375,1143000,0.0,0.0
2025-10-29 00:00:00-04:00,63.5,64.0999984741211,61.369998931884766,62.02000045776367,61.670650482177734,1833200,0.0,0.0
2025-10-30 00:00:00-04:00,61.849998474121094,62.22999954223633,60.810001373291016,60.959999084472656,60.61662292480469,1424600,0.0,0.0
2025-10-31 00:00:00-04:00,60.810001373291016,62.959999084472656,60.47999954223633,62.56999969482422,62.217552185058594,2108400,0.0,0.0
2025-11-03 00:00:00-05:00,61.90999984741211,62.380001068115234,60.779998779296875,61.2599983215332,60.91493225097656,1879000,0.0,0.0
2025-11-04 00:00:00-05:00,61.220001220703125,62.66999816894531,60.77000045776367,61.099998474121094,60.755828857421875,3015900,0.0,0.0
2025-11-05 00:00:00-05:00,54.400001525878906,61.119998931884766,54.20000076293945,59.939998626708984,59.60236358642578,4297300,0.0,0.0
2025-11-06 00:00:00-05:00,60.43000030517578,60.790000915527344,56.93000030517578,58.18000030517578,57.8522834777832,2370000,0.0,0.0
2025-11-07 00:00:00-05:00,57.7599983215332,58.040000915527344,56.529998779296875,57.40999984741211,57.08661651611328,1756000,0.0,0.0
2025-11-10 00:00:00-05:00,57.77000045776367,58.40999984741211,56.970001220703125,57.459999084472656,57.13633728027344,1840900,0.0,0.0
2025-11-11 00:00:00-05:00,58.0,59.900001525878906,58.0,59.18000030517578,58.846649169921875,2228600,0.0,0.0
2025-11-12 00:00:00-05:00,59.119998931884766,61.650001525878906,58.79999923706055,61.400001525878906,61.05414581298828,2609600,0.0,0.0
2025-11-13 00:00:00-05:00,60.56999969482422,62.310001373291016,60.369998931884766,60.75,60.407806396484375,2515400,0.0,0.0
2025-11-14 00:00:00-05:00,59.43000030517578,60.59000015258789,58.66999816894531,59.380001068115234,59.04552459716797,1969100,0.0,0.0
2025-11-17 00:00:00-05:00,58.97999954223633,59.540000915527344,58.15999984741211,58.61000061035156,58.358482360839844,1672200,0.08,0.0
2025-11-18 00:00:00-05:00,57.90999984741211,58.88999938964844,57.22999954223633,58.150001525878906,57.900455474853516,1726800,0.0,0.0
2025-11-19 00:00:00-05:00,57.959999084472656,58.4900016784668,57.02000045776367,57.810001373291016,57.56191635131836,1256900,0.0,0.0
2025-11-20 00:00:00-05:00,59.099998474121094,59.470001220703125,58.13999938964844,58.72999954223633,58.477970123291016,1534600,0.0,0.0
2025-11-21 00:00:00-05:00,58.83000183105469,62.560001373291016,58.41999816894531,61.529998779296875,61.26594924926758,2001700,0.0,0.0
2025-11-24 00:00:00-05:00,61.290000915527344,64.12000274658203,61.15999984741211,63.4900016784668,63.21754455566406,2954400,0.0,0.0
2025-11-25 00:00:00-05:00,64.02999877929688,66.05999755859375,63.36000061035156,65.8499984741211,65.56741333007812,2047000,0.0,0.0
2025-11-26 00:00:00-05:00,65.44000244140625,65.73999786376953,64.08999633789062,64.62999725341797,64.35264587402344,1472200,0.0,0.0
2025-11-28 00:00:00-05:00,64.62999725341797,65.12000274658203,63.9900016784668,64.51000213623047,64.23316192626953,867000,0.0,0.0
2025-12-01 00:00:00-05:00,63.779998779296875,65.25,63.56999969482422,63.7599983215332,63.486385345458984,1657000,0.0,0.0
2025-12-02 00:00:00-05:00,63.849998474121094,64.0,62.84000015258789,62.95000076293945,62.67986297607422,1368500,0.0,0.0
2025-12-03 00:00:00-05:00,63.33000183105469,64.7300033569336,63.11000061035156,63.81999969482422,63.54612350463867,1783100,0.0,0.0
2025-12-04 00:00:00-05:00,63.779998779296875,63.790000915527344,61.27000045776367,63.540000915527344,63.26732635498047,1442700,0.0,0.0
2025-12-05 00:00:00-05:00,63.5,63.97999954223633,61.349998474121094,61.68000030517578,61.41530990600586,1765000,0.0,0.0
2025-12-08 00:00:00-05:00,61.68000030517578,61.689998626708984,59.95000076293945,60.290000915527344,60.03127670288086,2070600,0.0,0.0
2025-12-09 00:00:00-05:00,60.040000915527344,60.599998474121094,58.779998779296875,58.81999969482422,58.56758117675781,1835900,0.0,0.0
2025-12-10 00:00:00-05:00,58.81999969482422,61.20000076293945,58.75,60.83000183105469,60.5689582824707,2301100,0.0,0.0
2025-12-11 00:00:00-05:00,60.36000061035156,61.15999984741211,59.2400016784668,60.2599983215332,60.001399993896484,1479800,0.0,0.0
2025-12-12 00:00:00-05:00,60.56999969482422,60.599998474121094,58.2400016784668,58.5099983215332,58.2589111328125,2371200,0.0,0.0
2025-12-15 00:00:00-05:00,59.779998779296875,60.279998779296875,57.43000030517578,58.689998626708984,58.43813705444336,1723700,0.0,0.0
2025-12-16 00:00:00-05:00,58.7400016784668,58.900001525878906,56.59000015258789,57.439998626708984,57.193504333496094,2750500,0.0,0.0
2025-12-17 00:00:00-05:00,57.36000061035156,58.279998779296875,56.93000030517578,56.9900016784668,56.74543380737305,1697400,0.0,0.0
2025-12-18 00:00:00-05:00,57.4900016784668,58.43000030517578,56.84000015258789,57.099998474121094,56.85496139526367,1731400,0.0,0.0
2025-12-19 00:00:00-05:00,57.83000183105469,58.869998931884766,57.029998779296875,58.27000045776367,58.01993942260742,3128300,0.0,0.0
2025-12-22 00:00:00-05:00,58.279998779296875,59.38999938964844,58.02000045776367,58.959999084472656,58.70697784423828,1244100,0.0,0.0
2025-12-23 00:00:00-05:00,59.08000183105469,59.58000183105469,58.540000915527344,59.25,58.99573516845703,1373700,0.0,0.0
2025-12-24 00:00:00-05:00,58.970001220703125,59.470001220703125,58.65999984741211,59.189998626708984,58.93599319458008,422500,0.0,0.0
2025-12-26 00:00:00-05:00,59.13999938964844,59.34000015258789,58.77000045776367,59.220001220703125,58.96586990356445,584900,0.0,0.0
2025-12-29 00:00:00-05:00,59.18000030517578,59.63999938964844,58.84000015258789,59.2400016784668,58.985782623291016,789200,0.0,0.0
2025-12-30 00:00:00-05:00,58.90999984741211,59.31999969482422,58.540000915527344,59.119998931884766,58.866294860839844,978100,0.0,0.0
