Date,Open,High,Low,Close,Adj Close,Volume,Dividends,Stock Splits
2022-01-03 00:00:00-05:00,210.35000610351562,211.8699951171875,209.42999267578125,211.41000366210938,204.54510498046875,70500,0.0,0.0
2022-01-04 00:00:00-05:00,211.0,214.66000366210938,210.72999572753906,211.47000122070312,204.60316467285156,41100,0.0,0.0
2022-01-05 00:00:00-05:00,206.0,207.49000549316406,193.9499969482422,196.02000427246094,189.65487670898438,176900,0.0,0.0
2022-01-06 00:00:00-05:00,198.8800048828125,201.25,196.41000366210938,199.14999389648438,192.68321228027344,95400,0.0,0.0
2022-01-07 00:00:00-05:00,200.11000061035156,200.11000061035156,194.16000366210938,195.50999450683594,189.1614227294922,64100,0.0,0.0
2022-01-10 00:00:00-05:00,194.35000610351562,195.72000122070312,190.35000610351562,194.82000732421875,188.49383544921875,78400,0.0,0.0
2022-01-11 00:00:00-05:00,195.82000732421875,196.77000427246094,192.36000061035156,195.72999572753906,189.374267578125,50900,0.0,0.0
2022-01-12 00:00:00-05:00,196.77999877929688,196.77999877929688,192.97000122070312,192.97000122070312,186.70391845703125,62800,0.0,0.0
2022-01-13 00:00:00-05:00,192.99000549316406,196.63999938964844,192.99000549316406,194.77000427246094,188.4454345703125,26700,0.0,0.0
2022-01-14 00:00:00-05:00,193.19000244140625,195.4600067138672,193.02999877929688,194.8699951171875,188.5421600341797,52000,0.0,0.0
2022-01-18 00:00:00-05:00,193.0,195.32000732421875,190.38999938964844,193.05999755859375,186.7909393310547,82800,0.0,0.0
2022-01-19 00:00:00-05:00,193.9499969482422,194.64999389648438,191.1999969482422,192.5,186.24916076660156,45100,0.0,0.0
2022-01-20 00:00:00-05:00,191.8800048828125,195.92999267578125,187.82000732421875,188.02999877929688,181.92430114746094,44500,0.0,0.0
2022-01-21 00:00:00-05:00,188.66000366210938,195.0,185.72000122070312,188.5800018310547,182.45643615722656,66300,0.0,0.0
2022-01-24 00:00:00-05:00,187.5399932861328,193.67999267578125,187.0399932861328,192.5399932861328,186.28781127929688,51700,0.0,0.0
2022-01-25 00:00:00-05:00,190.4199981689453,192.63999938964844,185.11000061035156,192.14999389648438,185.9105224609375,61400,0.0,0.0
2022-01-26 00:00:00-05:00,192.77000427246094,195.8800048828125,186.47999572753906,188.42999267578125,182.31129455566406,62100,0.0,0.0
2022-01-27 00:00:00-05:00,188.6699981689453,189.38999938964844,182.02999877929688,184.64999389648438,178.65402221679688,49400,0.0,0.0
2022-01-28 00:00:00-05:00,183.8300018310547,188.74000549316406,181.42999267578125,188.72999572753906,182.6015625,48700,0.0,0.0
2022-01-31 00:00:00-05:00,186.5,190.8300018310547,186.5,190.08999633789062,183.91738891601562,59200,0.0,0.0
2022-02-01 00:00:00-05:00,188.80999755859375,191.39999389648438,187.27999877929688,190.52000427246094,184.33343505859375,48700,0.0,0.0
2022-02-02 00:00:00-05:00,189.66000366210938,190.17999267578125,186.7100067138672,187.17999267578125,181.10189819335938,55200,0.0,0.0
2022-02-03 00:00:00-05:00,186.6699981689453,186.97999572753906,183.61000061035156,183.92999267578125,177.95741271972656,40700,0.0,0.0
2022-02-04 00:00:00-05:00,183.02999877929688,183.8699951171875,179.5500030517578,180.8000030517578,174.9290771484375,57800,0.0,0.0
2022-02-07 00:00:00-05:00,180.36000061035156,180.67999267578125,178.27000427246094,178.9199981689453,173.11009216308594,62600,0.0,0.0
2022-02-08 00:00:00-05:00,177.72999572753906,178.89999389648438,176.64999389648438,177.97000122070312,172.1909637451172,144000,0.0,0.0
2022-02-09 00:00:00-05:00,178.5800018310547,184.2100067138672,178.1699981689453,183.6699981689453,177.70582580566406,62700,0.0,0.0
2022-02-10 00:00:00-05:00,180.1999969482422,183.85000610351562,178.6699981689453,179.0500030517578,173.2359161376953,69500,0.0,0.0
2022-02-11 00:00:00-05:00,180.47000122070312,181.0399932861328,176.27000427246094,178.7899932861328,172.98434448242188,65500,0.0,0.0
2022-02-14 00:00:00-05:00,179.35000610351562,181.8000030517578,178.02999877929688,179.60000610351562,173.76803588867188,86100,0.0,0.0
2022-02-15 00:00:00-05:00,180.00999450683594,184.02000427246094,180.00999450683594,183.11000061035156,177.16404724121094,46200,0.0,0.0
2022-02-16 00:00:00-05:00,183.14999389648438,183.36000061035156,180.3800048828125,182.69000244140625,176.75772094726562,28200,0.0,0.0
2022-02-17 00:00:00-05:00,180.99000549316406,183.5,178.4600067138672,180.41000366210938,174.5517578125,33100,0.0,0.0
2022-02-18 00:00:00-05:00,179.6300048828125,180.85000610351562,177.6999969482422,179.24000549316406,173.41969299316406,52100,0.0,0.0
2022-02-22 00:00:00-05:00,179.72000122070312,181.72000122070312,174.3800048828125,174.86000061035156,169.1819610595703,52900,0.0,0.0
2022-02-23 00:00:00-05:00,176.44000244140625,177.60000610351562,174.7100067138672,176.10000610351562,170.38168334960938,71800,0.0,0.0
2022-02-24 00:00:00-05:00,173.85000610351562,180.22999572753906,172.9199981689453,179.6300048828125,173.79705810546875,50000,0.0,0.0
2022-02-25 00:00:00-05:00,181.08999633789062,182.5,179.11000061035156,180.72999572753906,174.86131286621094,49900,0.0,0.0
2022-02-28 00:00:00-05:00,178.89999389648438,181.74000549316406,178.89999389648438,181.25,175.36444091796875,60700,0.0,0.0
2022-03-01 00:00:00-05:00,181.50999450683594,184.08999633789062,178.92999267578125,179.55999755859375,173.7293243408203,52900,0.0,0.0
2022-03-02 00:00:00-05:00,181.2100067138672,184.6999969482422,180.97000122070312,182.5,176.5738525390625,47300,0.0,0.0
2022-03-03 00:00:00-05:00,182.38999938964844,184.39999389648438,178.85000610351562,180.22000122070312,174.36788940429688,66700,0.0,0.0
2022-03-04 00:00:00-05:00,178.5800018310547,179.55999755859375,177.44000244140625,177.82000732421875,172.0458526611328,61300,0.0,0.0
2022-03-07 00:00:00-05:00,178.6300048828125,179.4199981689453,170.08999633789062,170.86000061035156,165.3118438720703,72300,0.0,0.0
2022-03-08 00:00:00-05:00,170.47000122070312,176.39999389648438,168.17999267578125,169.30999755859375,164.1002960205078,73700,0.3,0.0
2022-03-09 00:00:00-05:00,172.8699951171875,174.83999633789062,171.6999969482422,172.42999267578125,167.1243133544922,40900,0.0,0.0
2022-03-10 00:00:00-05:00,169.64999389648438,170.44000244140625,165.52000427246094,170.38999938964844,165.14706420898438,76200,0.0,0.0
2022-03-11 00:00:00-05:00,170.0399932861328,174.39999389648438,170.0,172.3300018310547,167.02737426757812,67900,0.0,0.0
2022-03-14 00:00:00-04:00,172.24000549316406,176.00999450683594,172.24000549316406,175.38999938964844,169.9932098388672,73600,0.0,0.0
2022-03-15 00:00:00-04:00,176.6699981689453,179.00999450683594,175.0500030517578,178.42999267578125,172.9396209716797,74800,0.0,0.0
2022-03-16 00:00:00-04:00,178.91000366210938,181.08999633789062,177.30999755859375,180.75,175.1883087158203,83100,0.0,0.0
2022-03-17 00:00:00-04:00,179.10000610351562,183.30999755859375,179.10000610351562,182.39999389648438,176.78753662109375,55100,0.0,0.0
2022-03-18 00:00:00-04:00,182.91000366210938,183.57000732421875,179.97999572753906,182.80999755859375,177.1848907470703,152200,0.0,0.0
2022-03-21 00:00:00-04:00,182.7100067138672,186.1699981689453,182.0,185.8000030517578,180.08290100097656,54500,0.0,0.0
2022-03-22 00:00:00-04:00,186.72999572753906,188.0800018310547,182.77000427246094,183.30999755859375,177.66949462890625,49600,0.0,0.0
2022-03-23 00:00:00-04:00,183.63999938964844,185.0,181.22999572753906,181.99000549316406,176.39013671875,56700,0.0,0.0
2022-03-24 00:00:00-04:00,181.6300048828125,183.4199981689453,178.58999633789062,180.75,175.1883087158203,72400,0.0,0.0
2022-03-25 00:00:00-04:00,180.66000366210938,183.4499969482422,178.58999633789062,182.47999572753906,176.8650665283203,69300,0.0,0.0
2022-03-28 00:00:00-04:00,181.6699981689453,186.85000610351562,181.6699981689453,186.4600067138672,180.7226104736328,61100,0.0,0.0
2022-03-29 00:00:00-04:00,187.27999877929688,192.38999938964844,187.27999877929688,190.39999389648438,184.54136657714844,82300,0.0,0.0
2022-03-30 00:00:00-04:00,185.91000366210938,187.02999877929688,172.5800018310547,182.13999938964844,176.53550720214844,148500,0.0,0.0
2022-03-31 00:00:00-04:00,181.80999755859375,186.77000427246094,181.57000732421875,184.27999877929688,178.60964965820312,118900,0.0,0.0
2022-04-01 00:00:00-04:00,180.1300048828125,182.61000061035156,177.42999267578125,180.2899932861328,174.74241638183594,143100,0.0,0.0
2022-04-04 00:00:00-04:00,180.52000427246094,183.5500030517578,175.25999450683594,175.72000122070312,170.31304931640625,107500,0.0,0.0
2022-04-05 00:00:00-04:00,175.35000610351562,178.99000549316406,172.69000244140625,174.80999755859375,169.43106079101562,73600,0.0,0.0
2022-04-06 00:00:00-04:00,173.1999969482422,177.5500030517578,172.67999267578125,173.66000366210938,168.31643676757812,100200,0.0,0.0
2022-04-07 00:00:00-04:00,174.39999389648438,175.64999389648438,171.6300048828125,174.67999267578125,169.3050537109375,77600,0.0,0.0
2022-04-08 00:00:00-04:00,174.49000549316406,177.9499969482422,172.75999450683594,172.82000732421875,167.50230407714844,78900,0.0,0.0
2022-04-11 00:00:00-04:00,172.9499969482422,174.44000244140625,170.9499969482422,171.16000366210938,165.89337158203125,75800,0.0,0.0
2022-04-12 00:00:00-04:00,172.39999389648438,175.25999450683594,168.61000061035156,168.80999755859375,163.61569213867188,76300,0.0,0.0
2022-04-13 00:00:00-04:00,169.49000549316406,172.75,168.39999389648438,171.92999267578125,166.63970947265625,82400,0.0,0.0
2022-04-14 00:00:00-04:00,172.33999633789062,174.10000610351562,170.83999633789062,171.4499969482422,166.17445373535156,58900,0.0,0.0
2022-04-18 00:00:00-04:00,170.07000732421875,172.4199981689453,169.10000610351562,170.66000366210938,165.4087677001953,63300,0.0,0.0
2022-04-19 00:00:00-04:00,171.05999755859375,174.86000061035156,170.49000549316406,173.5500030517578,168.20985412597656,70000,0.0,0.0
2022-04-20 00:00:00-04:00,174.25,177.1199951171875,174.25,176.32000732421875,170.89462280273438,55400,0.0,0.0
2022-04-21 00:00:00-04:00,179.0,179.4499969482422,176.0,176.14999389648438,170.72982788085938,38600,0.0,0.0
2022-04-22 00:00:00-04:00,175.86000061035156,175.86000061035156,172.44000244140625,172.6999969482422,167.38600158691406,29000,0.0,0.0
2022-04-25 00:00:00-04:00,172.82000732421875,176.72000122070312,171.19000244140625,176.22999572753906,170.807373046875,72600,0.0,0.0
2022-04-26 00:00:00-04:00,174.6300048828125,176.97999572753906,171.91000366210938,172.47000122070312,167.1630401611328,102300,0.0,0.0
2022-04-27 00:00:00-04:00,172.02999877929688,174.33999633789062,170.4600067138672,171.50999450683594,166.23257446289062,68800,0.0,0.0
2022-04-28 00:00:00-04:00,172.64999389648438,176.13999938964844,171.3699951171875,174.80999755859375,169.43106079101562,48500,0.0,0.0
2022-04-29 00:00:00-04:00,173.58999633789062,176.67999267578125,171.5399932861328,172.3000030517578,166.99830627441406,70700,0.0,0.0
2022-05-02 00:00:00-04:00,171.52000427246094,173.72999572753906,165.1300048828125,168.0800018310547,162.90817260742188,95200,0.0,0.0
2022-05-03 00:00:00-04:00,168.99000549316406,169.22999572753906,166.13999938964844,167.9199981689453,162.75306701660156,67600,0.0,0.0
2022-05-04 00:00:00-04:00,167.7100067138672,172.8300018310547,167.7100067138672,172.14999389648438,166.8529052734375,58800,0.0,0.0
2022-05-05 00:00:00-04:00,170.00999450683594,170.22000122070312,164.7899932861328,166.22999572753906,161.11508178710938,57300,0.0,0.0
2022-05-06 00:00:00-04:00,165.9600067138672,167.60000610351562,164.0,165.9499969482422,160.8436737060547,51100,0.0,0.0
2022-05-09 00:00:00-04:00,164.66000366210938,168.50999450683594,164.66000366210938,166.92999267578125,161.7935333251953,63200,0.0,0.0
2022-05-10 00:00:00-04:00,167.74000549316406,168.88999938964844,161.61000061035156,164.8699951171875,159.7969207763672,72900,0.0,0.0
2022-05-11 00:00:00-04:00,164.97999572753906,166.4199981689453,161.47999572753906,162.64999389648438,157.64523315429688,64300,0.0,0.0
2022-05-12 00:00:00-04:00,163.0399932861328,164.9499969482422,156.0399932861328,159.74000549316406,154.82479858398438,105200,0.0,0.0
2022-05-13 00:00:00-04:00,160.47999572753906,162.6699981689453,158.52000427246094,161.39999389648438,156.4337158203125,91600,0.0,0.0
2022-05-16 00:00:00-04:00,161.10000610351562,164.52999877929688,159.02999877929688,163.6699981689453,158.6338348388672,77600,0.0,0.0
2022-05-17 00:00:00-04:00,166.24000549316406,168.50999450683594,165.1199951171875,166.22999572753906,161.11508178710938,59600,0.0,0.0
2022-05-18 00:00:00-04:00,165.39999389648438,165.88999938964844,160.1699981689453,161.0800018310547,156.12356567382812,100700,0.0,0.0
2022-05-19 00:00:00-04:00,159.19000244140625,161.02000427246094,157.8300018310547,158.05999755859375,153.19647216796875,80400,0.0,0.0
2022-05-20 00:00:00-04:00,159.32000732421875,160.13999938964844,156.85000610351562,160.1300048828125,155.20278930664062,65800,0.0,0.0
2022-05-23 00:00:00-04:00,161.19000244140625,162.4600067138672,159.1199951171875,159.89999389648438,154.97984313964844,66800,0.0,0.0
2022-05-24 00:00:00-04:00,160.02999877929688,161.25999450683594,156.67999267578125,160.3800048828125,155.445068359375,46600,0.0,0.0
2022-05-25 00:00:00-04:00,159.02999877929688,161.99000549316406,159.02999877929688,159.60000610351562,154.68910217285156,47800,0.0,0.0
2022-05-26 00:00:00-04:00,161.25,163.2899932861328,160.67999267578125,161.80999755859375,156.83108520507812,47600,0.0,0.0
2022-05-27 00:00:00-04:00,162.75,165.35000610351562,162.75,165.00999450683594,159.9326171875,64800,0.0,0.0
2022-05-31 00:00:00-04:00,163.4499969482422,164.39999389648438,161.52999877929688,163.44000244140625,158.41094970703125,83700,0.0,0.0
2022-06-01 00:00:00-04:00,163.44000244140625,165.9199981689453,162.67999267578125,164.6699981689453,159.60305786132812,54600,0.0,0.0
2022-06-02 00:00:00-04:00,165.72000122070312,170.8000030517578,164.8800048828125,170.1699981689453,164.93385314941406,72400,0.0,0.0
2022-06-03 00:00:00-04:00,168.33999633789062,171.5800018310547,168.33999633789062,171.52999877929688,166.25198364257812,54600,0.0,0.0
2022-06-06 00:00:00-04:00,171.67999267578125,175.11000061035156,171.67999267578125,173.2100067138672,167.88031005859375,59400,0.0,0.0
2022-06-07 00:00:00-04:00,171.55999755859375,174.94000244140625,171.14999389648438,174.52000427246094,169.4434814453125,62700,0.3,0.0
2022-06-08 00:00:00-04:00,173.55999755859375,174.35000610351562,169.50999450683594,170.8300018310547,165.8607940673828,52200,0.0,0.0
2022-06-09 00:00:00-04:00,169.6199951171875,172.39999389648438,169.27999877929688,170.5399932861328,165.5792236328125,40700,0.0,0.0
2022-06-10 00:00:00-04:00,169.0500030517578,169.0500030517578,166.8800048828125,167.11000061035156,162.24899291992188,41000,0.0,0.0
2022-06-13 00:00:00-04:00,163.9499969482422,166.1199951171875,160.52000427246094,161.22999572753906,156.54006958007812,85200,0.0,0.0
2022-06-14 00:00:00-04:00,161.41000366210938,162.02999877929688,156.0800018310547,157.5800018310547,152.99623107910156,81900,0.0,0.0
2022-06-15 00:00:00-04:00,159.7100067138672,161.63999938964844,157.6199951171875,159.82000732421875,155.17108154296875,60700,0.0,0.0
2022-06-16 00:00:00-04:00,157.97999572753906,157.97999572753906,154.72000122070312,155.6999969482422,151.1708984375,81100,0.0,0.0
2022-06-17 00:00:00-04:00,158.44000244140625,158.5,155.4600067138672,155.99000549316406,151.45245361328125,101100,0.0,0.0
2022-06-21 00:00:00-04:00,157.97000122070312,158.27000427246094,155.86000061035156,157.52000427246094,152.9379425048828,67600,0.0,0.0
2022-06-22 00:00:00-04:00,155.75,159.57000732421875,155.75,156.89999389648438,152.33604431152344,78700,0.0,0.0
2022-06-23 00:00:00-04:00,156.5399932861328,158.6199951171875,156.22000122070312,158.14999389648438,153.54965209960938,76100,0.0,0.0
2022-06-24 00:00:00-04:00,159.74000549316406,164.8800048828125,159.72000122070312,163.94000244140625,159.17120361328125,120300,0.0,0.0
2022-06-27 00:00:00-04:00,165.30999755859375,166.77000427246094,163.7899932861328,165.11000061035156,160.3071746826172,78900,0.0,0.0
2022-06-28 00:00:00-04:00,166.22999572753906,166.61000061035156,160.97000122070312,161.41000366210938,156.7147979736328,79500,0.0,0.0
2022-06-29 00:00:00-04:00,162.0,164.82000732421875,158.52000427246094,163.49000549316406,158.7342987060547,70100,0.0,0.0
2022-06-30 00:00:00-04:00,160.82000732421875,172.3800048828125,160.82000732421875,172.17999267578125,167.17149353027344,172300,0.0,0.0
2022-07-01 00:00:00-04:00,170.47000122070312,176.5800018310547,170.47000122070312,172.5,167.4822235107422,119700,0.0,0.0
2022-07-05 00:00:00-04:00,170.35000610351562,174.66000366210938,167.75,174.1999969482422,169.13278198242188,127900,0.0,0.0
2022-07-06 00:00:00-04:00,173.32000732421875,175.0399932861328,171.14999389648438,173.11000061035156,168.07449340820312,97700,0.0,0.0
2022-07-07 00:00:00-04:00,175.25,180.91000366210938,172.8699951171875,179.6300048828125,174.4048309326172,125300,0.0,0.0
2022-07-08 00:00:00-04:00,178.30999755859375,182.49000549316406,177.42999267578125,178.52000427246094,173.32711791992188,108000,0.0,0.0
2022-07-11 00:00:00-04:00,177.58999633789062,179.25,176.60000610351562,177.55999755859375,172.39500427246094,59200,0.0,0.0
2022-07-12 00:00:00-04:00,179.02999877929688,180.11000061035156,177.22999572753906,179.47000122070312,174.24948120117188,154400,0.0,0.0
2022-07-13 00:00:00-04:00,176.77000427246094,180.5399932861328,175.97999572753906,178.24000549316406,173.0552520751953,60700,0.0,0.0
2022-07-14 00:00:00-04:00,179.10000610351562,181.5399932861328,172.39999389648438,174.8300018310547,169.7444610595703,108600,0.0,0.0
2022-07-15 00:00:00-04:00,177.19000244140625,178.9499969482422,176.10000610351562,176.6699981689453,171.53091430664062,92700,0.0,0.0
2022-07-18 00:00:00-04:00,177.11000061035156,179.35000610351562,174.97000122070312,175.86000061035156,170.74452209472656,77600,0.0,0.0
2022-07-19 00:00:00-04:00,177.07000732421875,184.32000732421875,177.07000732421875,183.9600067138672,178.60885620117188,113300,0.0,0.0
2022-07-20 00:00:00-04:00,183.41000366210938,187.3000030517578,182.22000122070312,186.5500030517578,181.12353515625,74300,0.0,0.0
2022-07-21 00:00:00-04:00,184.3699951171875,188.52999877929688,183.82000732421875,188.3699951171875,182.8905792236328,73600,0.0,0.0
2022-07-22 00:00:00-04:00,188.97999572753906,189.77999877929688,187.3300018310547,189.4499969482422,183.9391632080078,67200,0.0,0.0
2022-07-25 00:00:00-04:00,188.5500030517578,189.63999938964844,186.07000732421875,187.86000061035156,182.39544677734375,74400,0.0,0.0
2022-07-26 00:00:00-04:00,188.42999267578125,190.08999633789062,186.50999450683594,189.80999755859375,184.28866577148438,51000,0.0,0.0
2022-07-27 00:00:00-04:00,190.72999572753906,192.64999389648438,188.6199951171875,191.88999938964844,186.30821228027344,52100,0.0,0.0
2022-07-28 00:00:00-04:00,191.47999572753906,194.02000427246094,190.60000610351562,193.47999572753906,187.85194396972656,89000,0.0,0.0
2022-07-29 00:00:00-04:00,193.2899932861328,196.64999389648438,191.52000427246094,195.88999938964844,190.1918487548828,84400,0.0,0.0
2022-08-01 00:00:00-04:00,194.1999969482422,198.9600067138672,193.6999969482422,197.27000427246094,191.53167724609375,60200,0.0,0.0
2022-08-02 00:00:00-04:00,196.6999969482422,196.6999969482422,191.11000061035156,192.17999267578125,186.58975219726562,63400,0.0,0.0
2022-08-03 00:00:00-04:00,192.7899932861328,194.9499969482422,191.07000732421875,193.9499969482422,188.3082733154297,63500,0.0,0.0
2022-08-04 00:00:00-04:00,195.05999755859375,195.05999755859375,191.7100067138672,192.3800048828125,186.783935546875,74800,0.0,0.0
2022-08-05 00:00:00-04:00,191.77999877929688,192.8800048828125,190.69000244140625,192.41000366210938,186.8130645751953,45900,0.0,0.0
2022-08-08 00:00:00-04:00,192.8699951171875,194.83999633789062,191.49000549316406,192.7100067138672,187.1043701171875,54200,0.0,0.0
2022-08-09 00:00:00-04:00,193.5500030517578,194.9499969482422,190.94000244140625,192.05999755859375,186.47325134277344,62400,0.0,0.0
2022-08-10 00:00:00-04:00,194.8699951171875,195.80999755859375,192.9199981689453,193.36000061035156,187.73544311523438,59800,0.0,0.0
2022-08-11 00:00:00-04:00,195.1199951171875,195.9600067138672,192.8300018310547,193.64999389648438,188.01698303222656,39600,0.0,0.0
2022-08-12 00:00:00-04:00,195.05999755859375,195.6300048828125,193.89999389648438,195.30999755859375,189.62867736816406,69500,0.0,0.0
2022-08-15 00:00:00-04:00,195.50999450683594,198.8000030517578,194.5800018310547,197.91000366210938,192.15306091308594,35800,0.0,0.0
2022-08-16 00:00:00-04:00,197.9199981689453,199.22000122070312,197.3000030517578,198.69000244140625,192.910400390625,41100,0.0,0.0
2022-08-17 00:00:00-04:00,196.8800048828125,198.10000610351562,195.27000427246094,197.0800018310547,191.3472442626953,33700,0.0,0.0
2022-08-18 00:00:00-04:00,196.41000366210938,197.1300048828125,194.72999572753906,195.52000427246094,189.83261108398438,57600,0.0,0.0
2022-08-19 00:00:00-04:00,195.02999877929688,195.02999877929688,192.60000610351562,193.36000061035156,187.73544311523438,61300,0.0,0.0
2022-08-22 00:00:00-04:00,191.33999633789062,192.3000030517578,189.02999877929688,189.69000244140625,184.17218017578125,40700,0.0,0.0
2022-08-23 00:00:00-04:00,188.94000244140625,190.24000549316406,186.2100067138672,186.25,180.83226013183594,40200,0.0,0.0
2022-08-24 00:00:00-04:00,185.3000030517578,187.5500030517578,184.1699981689453,186.7100067138672,181.2788848876953,37300,0.0,0.0
2022-08-25 00:00:00-04:00,187.47000122070312,189.16000366210938,186.83999633789062,188.5800018310547,183.094482421875,52800,0.0,0.0
2022-08-26 00:00:00-04:00,188.0800018310547,188.6699981689453,182.5399932861328,183.10000610351562,177.77391052246094,42600,0.0,0.0
2022-08-29 00:00:00-04:00,181.33999633789062,183.0399932861328,180.6199951171875,182.66000366210938,177.34666442871094,37800,0.0,0.0
2022-08-30 00:00:00-04:00,183.99000549316406,183.99000549316406,180.2899932861328,181.41000366210938,176.13304138183594,44400,0.0,0.0
2022-08-31 00:00:00-04:00,180.83999633789062,181.69000244140625,179.75,180.25999450683594,175.0164794921875,49000,0.0,0.0
2022-09-01 00:00:00-04:00,179.88999938964844,179.88999938964844,176.02000427246094,177.07000732421875,171.91928100585938,45700,0.0,0.0
2022-09-02 00:00:00-04:00,178.91000366210938,179.3300018310547,173.42999267578125,175.05999755859375,169.9677276611328,38100,0.0,0.0
2022-09-06 00:00:00-04:00,174.44000244140625,175.10000610351562,171.83999633789062,175.10000610351562,170.29843139648438,49000,0.3,0.0
2022-09-07 00:00:00-04:00,175.1300048828125,178.6300048828125,175.1300048828125,178.33999633789062,173.44960021972656,41600,0.0,0.0
2022-09-08 00:00:00-04:00,176.67999267578125,178.66000366210938,175.14999389648438,178.0800018310547,173.1967010498047,36600,0.0,0.0
2022-09-09 00:00:00-04:00,178.5399932861328,181.0500030517578,176.35000610351562,180.91000366210938,175.94911193847656,39100,0.0,0.0
2022-09-12 00:00:00-04:00,181.32000732421875,183.27999877929688,180.13999938964844,182.0,177.0092315673828,35100,0.0,0.0
2022-09-13 00:00:00-04:00,178.9600067138672,178.9600067138672,174.64999389648438,175.27999877929688,170.47349548339844,51400,0.0,0.0
2022-09-14 00:00:00-04:00,175.91000366210938,177.64999389648438,172.41000366210938,174.1699981689453,169.39395141601562,52600,0.0,0.0
2022-09-15 00:00:00-04:00,172.92999267578125,175.3000030517578,170.24000549316406,170.94000244140625,166.2524871826172,51000,0.0,0.0
2022-09-16 00:00:00-04:00,170.10000610351562,170.97999572753906,167.52999877929688,170.69000244140625,166.0093536376953,137900,0.0,0.0
2022-09-19 00:00:00-04:00,169.5800018310547,173.97000122070312,169.5800018310547,173.7100067138672,168.94656372070312,41900,0.0,0.0
2022-09-20 00:00:00-04:00,171.8000030517578,174.55999755859375,170.8699951171875,174.5,169.71487426757812,56000,0.0,0.0
2022-09-21 00:00:00-04:00,176.0800018310547,178.0800018310547,173.77999877929688,173.89999389648438,169.13133239746094,39500,0.0,0.0
2022-09-22 00:00:00-04:00,172.5800018310547,172.5800018310547,169.00999450683594,170.7100067138672,166.02882385253906,47500,0.0,0.0
2022-09-23 00:00:00-04:00,169.7899932861328,171.05999755859375,167.67999267578125,171.00999450683594,166.32058715820312,50100,0.0,0.0
2022-09-26 00:00:00-04:00,169.44000244140625,173.22999572753906,166.91000366210938,167.30999755859375,162.72203063964844,68100,0.0,0.0
2022-09-27 00:00:00-04:00,168.07000732421875,170.5399932861328,164.86000061035156,165.97999572753906,161.4285125732422,47000,0.0,0.0
2022-09-28 00:00:00-04:00,167.9199981689453,169.22999572753906,166.02000427246094,167.75999450683594,163.1597137451172,54300,0.0,0.0
2022-09-29 00:00:00-04:00,166.0399932861328,167.89999389648438,164.75,167.72999572753906,163.1305389404297,54800,0.0,0.0
2022-09-30 00:00:00-04:00,166.9600067138672,170.52000427246094,166.47999572753906,168.22999572753906,163.6168212890625,90300,0.0,0.0
2022-10-03 00:00:00-04:00,168.7100067138672,171.9600067138672,168.13999938964844,169.8800048828125,165.22157287597656,53900,0.0,0.0
2022-10-04 00:00:00-04:00,171.6699981689453,176.38999938964844,171.6699981689453,173.1300048828125,168.38246154785156,70400,0.0,0.0
2022-10-05 00:00:00-04:00,170.9499969482422,172.75,169.67999267578125,171.14999389648438,166.4567413330078,51900,0.0,0.0
2022-10-06 00:00:00-04:00,170.91000366210938,171.1199951171875,169.0800018310547,170.47999572753906,165.80511474609375,62200,0.0,0.0
2022-10-07 00:00:00-04:00,169.74000549316406,169.74000549316406,165.10000610351562,167.05999755859375,162.4788818359375,64600,0.0,0.0
2022-10-10 00:00:00-04:00,168.5399932861328,169.3800048828125,167.13999938964844,167.47000122070312,162.8776397705078,52500,0.0,0.0
2022-10-11 00:00:00-04:00,167.85000610351562,167.85000610351562,162.67999267578125,164.8800048828125,160.3586883544922,83700,0.0,0.0
2022-10-12 00:00:00-04:00,164.57000732421875,165.69000244140625,163.6300048828125,163.9199981689453,159.42498779296875,56100,0.0,0.0
2022-10-13 00:00:00-04:00,162.16000366210938,168.60000610351562,161.5,167.60000610351562,163.0041046142578,76600,0.0,0.0
2022-10-14 00:00:00-04:00,167.6699981689453,168.86000061035156,164.5399932861328,165.2899932861328,160.75741577148438,55600,0.0,0.0
2022-10-17 00:00:00-04:00,166.9600067138672,171.11000061035156,166.9600067138672,169.05999755859375,164.42404174804688,77400,0.0,0.0
2022-10-18 00:00:00-04:00,171.17999267578125,172.19000244140625,170.00999450683594,171.9499969482422,167.23480224609375,45800,0.0,0.0
2022-10-19 00:00:00-04:00,180.0,180.0,167.6300048828125,171.41000366210938,166.7096405029297,72700,0.0,0.0
2022-10-20 00:00:00-04:00,169.38999938964844,169.38999938964844,162.74000549316406,166.0500030517578,161.4966278076172,87200,0.0,0.0
2022-10-21 00:00:00-04:00,166.6199951171875,168.38999938964844,164.27000427246094,166.1699981689453,161.61329650878906,71600,0.0,0.0
2022-10-24 00:00:00-04:00,166.41000366210938,170.5,165.66000366210938,169.42999267578125,164.7838897705078,59200,0.0,0.0
2022-10-25 00:00:00-04:00,170.30999755859375,173.9199981689453,170.02999877929688,172.27000427246094,167.5460205078125,50100,0.0,0.0
2022-10-26 00:00:00-04:00,173.97999572753906,177.17999267578125,172.47999572753906,173.47999572753906,168.7228240966797,48200,0.0,0.0
2022-10-27 00:00:00-04:00,175.27000427246094,178.75999450683594,173.6300048828125,175.94000244140625,171.11541748046875,57400,0.0,0.0
2022-10-28 00:00:00-04:00,176.5800018310547,183.9499969482422,175.17999267578125,183.13999938964844,178.1179656982422,67700,0.0,0.0
2022-10-31 00:00:00-04:00,181.08999633789062,184.25,180.8800048828125,184.00999450683594,178.96414184570312,73600,0.0,0.0
2022-11-01 00:00:00-04:00,185.0,187.0399932861328,182.8300018310547,186.77999877929688,181.6581573486328,63100,0.0,0.0
2022-11-02 00:00:00-04:00,185.00999450683594,187.39999389648438,179.80999755859375,180.6999969482422,175.74485778808594,64400,0.0,0.0
2022-11-03 00:00:00-04:00,179.1699981689453,181.72000122070312,178.22000122070312,178.22000122070312,173.33287048339844,57900,0.0,0.0
2022-11-04 00:00:00-04:00,179.10000610351562,181.85000610351562,176.22999572753906,179.55999755859375,174.6361541748047,34700,0.0,0.0
2022-11-07 00:00:00-05:00,179.92999267578125,182.1199951171875,178.16000366210938,181.80999755859375,176.82443237304688,72900,0.0,0.0
2022-11-08 00:00:00-05:00,183.24000549316406,185.10000610351562,182.72999572753906,184.77000427246094,179.7032928466797,60700,0.0,0.0
2022-11-09 00:00:00-05:00,183.42999267578125,185.61000061035156,180.85000610351562,182.67999267578125,177.6706085205078,69300,0.0,0.0
2022-11-10 00:00:00-05:00,188.6199951171875,193.67999267578125,187.0500030517578,193.64999389648438,188.3397216796875,101200,0.0,0.0
2022-11-11 00:00:00-05:00,191.7899932861328,194.77000427246094,191.0500030517578,193.6999969482422,188.3883819580078,63400,0.0,0.0
2022-11-14 00:00:00-05:00,192.61000061035156,197.4600067138672,192.24000549316406,195.41000366210938,190.05149841308594,80000,0.0,0.0
2022-11-15 00:00:00-05:00,196.3800048828125,197.97999572753906,189.11000061035156,189.8699951171875,184.66342163085938,105600,0.0,0.0
2022-11-16 00:00:00-05:00,190.63999938964844,190.63999938964844,184.55999755859375,184.8300018310547,179.76162719726562,79700,0.0,0.0
2022-11-17 00:00:00-05:00,181.6300048828125,186.3800048828125,179.0399932861328,186.0500030517578,180.94815063476562,66800,0.0,0.0
2022-11-18 00:00:00-05:00,190.1999969482422,191.80999755859375,188.63999938964844,191.5500030517578,186.29734802246094,70700,0.0,0.0
2022-11-21 00:00:00-05:00,189.9600067138672,194.5800018310547,189.9600067138672,193.75,188.43698120117188,56300,0.0,0.0
2022-11-22 00:00:00-05:00,195.44000244140625,195.44000244140625,190.77999877929688,191.7100067138672,186.4529266357422,66400,0.0,0.0
2022-11-23 00:00:00-05:00,190.92999267578125,193.3699951171875,190.92999267578125,191.8300018310547,186.56967163085938,52700,0.0,0.0
2022-11-25 00:00:00-05:00,191.25,194.8000030517578,191.19000244140625,192.05999755859375,186.79336547851562,33200,0.0,0.0
2022-11-28 00:00:00-05:00,191.32000732421875,193.55999755859375,189.75,190.52999877929688,185.3052978515625,60700,0.0,0.0
2022-11-29 00:00:00-05:00,188.8800048828125,191.69000244140625,188.8300018310547,191.0399932861328,185.80133056640625,70400,0.0,0.0
2022-11-30 00:00:00-05:00,190.27000427246094,193.75999450683594,186.99000549316406,193.75999450683594,188.4467315673828,103200,0.0,0.0
2022-12-01 00:00:00-05:00,194.30999755859375,194.6999969482422,191.50999450683594,194.11000061035156,188.7871551513672,52700,0.0,0.0
2022-12-02 00:00:00-05:00,192.16000366210938,195.9199981689453,190.17999267578125,194.64999389648438,189.31231689453125,58000,0.0,0.0
2022-12-05 00:00:00-05:00,190.97000122070312,192.24000549316406,188.32000732421875,191.9600067138672,186.6961212158203,80700,0.0,0.0
2022-12-06 00:00:00-05:00,191.9199981689453,192.0500030517578,187.02999877929688,187.52000427246094,182.67286682128906,70900,0.31,0.0
2022-12-07 00:00:00-05:00,186.8300018310547,190.6999969482422,186.35000610351562,186.3699951171875,181.55259704589844,56700,0.0,0.0
2022-12-08 00:00:00-05:00,186.22000122070312,189.8000030517578,185.0500030517578,189.4199981689453,184.5237274169922,64500,0.0,0.0
2022-12-09 00:00:00-05:00,188.9199981689453,189.4600067138672,187.41000366210938,189.24000549316406,184.348388671875,99900,0.0,0.0
2022-12-12 00:00:00-05:00,187.9600067138672,191.8800048828125,187.02999877929688,191.3699951171875,186.42337036132812,68900,0.0,0.0
2022-12-13 00:00:00-05:00,197.61000061035156,197.61000061035156,190.16000366210938,191.16000366210938,186.21878051757812,93800,0.0,0.0
2022-12-14 00:00:00-05:00,192.32000732421875,192.5399932861328,186.0,187.64999389648438,182.79946899414062,107100,0.0,0.0
2022-12-15 00:00:00-05:00,186.6300048828125,186.6300048828125,183.27000427246094,183.80999755859375,179.05873107910156,110100,0.0,0.0
2022-12-16 00:00:00-05:00,181.6300048828125,185.3300018310547,180.9199981689453,185.30999755859375,180.51995849609375,499800,0.0,0.0
2022-12-19 00:00:00-05:00,185.44000244140625,187.86000061035156,184.13999938964844,187.1999969482422,182.3611297607422,111900,0.0,0.0
2022-12-20 00:00:00-05:00,187.63999938964844,189.02999877929688,186.05999755859375,187.83999633789062,182.98455810546875,132300,0.0,0.0
2022-12-21 00:00:00-05:00,189.6999969482422,194.6999969482422,189.1999969482422,194.33999633789062,189.3165740966797,91300,0.0,0.0
2022-12-22 00:00:00-05:00,193.67999267578125,193.67999267578125,186.72000122070312,187.7899932861328,182.9358673095703,85900,0.0,0.0
2022-12-23 00:00:00-05:00,186.80999755859375,190.1300048828125,186.44000244140625,190.1300048828125,185.21539306640625,45100,0.0,0.0
2022-12-27 00:00:00-05:00,191.02000427246094,193.0,187.77999877929688,190.92999267578125,185.99468994140625,65800,0.0,0.0
2022-12-28 00:00:00-05:00,191.36000061035156,193.1199951171875,187.69000244140625,187.69000244140625,182.83848571777344,67300,0.0,0.0
2022-12-29 00:00:00-05:00,188.99000549316406,193.39999389648438,186.92999267578125,193.02000427246094,188.0306854248047,65200,0.0,0.0
2022-12-30 00:00:00-05:00,192.32000732421875,194.1199951171875,191.74000549316406,192.99000549316406,188.00148010253906,76700,0.0,0.0
2023-01-03 00:00:00-05:00,194.8300018310547,195.14999389648438,184.2899932861328,189.94000244140625,185.03030395507812,112800,0.0,0.0
2023-01-04 00:00:00-05:00,193.27999877929688,199.07000732421875,186.41000366210938,198.6199951171875,193.48593139648438,181400,0.0,0.0
2023-01-05 00:00:00-05:00,199.72000122070312,202.44000244140625,194.10000610351562,200.0,194.8302764892578,117500,0.0,0.0
2023-01-06 00:00:00-05:00,202.25,203.60000610351562,199.52000427246094,200.8000030517578,195.6095428466797,103300,0.0,0.0
2023-01-09 00:00:00-05:00,202.4199981689453,204.25,200.00999450683594,201.13999938964844,195.94082641601562,98200,0.0,0.0
2023-01-10 00:00:00-05:00,199.66000366210938,202.3000030517578,198.39999389648438,198.92999267578125,193.78793334960938,148300,0.0,0.0
2023-01-11 00:00:00-05:00,199.91000366210938,201.25,198.5399932861328,198.5399932861328,193.40802001953125,89200,0.0,0.0
2023-01-12 00:00:00-05:00,198.42999267578125,199.27000427246094,196.52000427246094,198.63999938964844,193.5054168701172,97600,0.0,0.0
2023-01-13 00:00:00-05:00,197.61000061035156,200.72000122070312,195.89999389648438,198.7899932861328,193.65151977539062,99600,0.0,0.0
2023-01-17 00:00:00-05:00,197.85000610351562,200.94000244140625,196.42999267578125,196.60000610351562,191.5181427001953,80900,0.0,0.0
2023-01-18 00:00:00-05:00,196.1999969482422,197.72000122070312,190.82000732421875,191.08999633789062,186.15057373046875,85700,0.0,0.0
2023-01-19 00:00:00-05:00,188.4600067138672,190.39999389648438,186.97999572753906,187.60000610351562,182.75079345703125,77000,0.0,0.0
2023-01-20 00:00:00-05:00,188.3800048828125,191.89999389648438,187.16000366210938,191.88999938964844,186.92990112304688,66700,0.0,0.0
2023-01-23 00:00:00-05:00,192.47999572753906,194.83999633789062,191.44000244140625,191.63999938964844,186.6863555908203,61400,0.0,0.0
2023-01-24 00:00:00-05:00,189.39999389648438,195.92999267578125,189.39999389648438,195.47000122070312,190.41734313964844,52600,0.0,0.0
2023-01-25 00:00:00-05:00,194.41000366210938,196.7100067138672,193.02999877929688,196.55999755859375,191.4792022705078,46600,0.0,0.0
2023-01-26 00:00:00-05:00,197.10000610351562,198.49000549316406,195.10000610351562,197.0500030517578,191.9564971923828,72300,0.0,0.0
2023-01-27 00:00:00-05:00,197.44000244140625,198.3300018310547,195.10000610351562,196.47000122070312,191.39149475097656,40800,0.0,0.0
2023-01-30 00:00:00-05:00,195.50999450683594,198.94000244140625,194.91000366210938,195.41000366210938,190.35890197753906,63900,0.0,0.0
2023-01-31 00:00:00-05:00,196.49000549316406,199.5800018310547,196.49000549316406,198.44000244140625,193.3105926513672,70400,0.0,0.0
2023-02-01 00:00:00-05:00,197.0399932861328,202.72000122070312,196.4499969482422,200.5500030517578,195.36605834960938,59700,0.0,0.0
2023-02-02 00:00:00-05:00,199.8800048828125,205.41000366210938,199.39999389648438,205.41000366210938,200.1004180908203,97500,0.0,0.0
2023-02-03 00:00:00-05:00,203.16000366210938,205.58999633789062,201.5500030517578,204.8800048828125,199.58412170410156,73600,0.0,0.0
2023-02-06 00:00:00-05:00,204.75,204.75,200.5399932861328,201.07000732421875,195.87261962890625,60500,0.0,0.0
2023-02-07 00:00:00-05:00,199.32000732421875,202.80999755859375,197.4600067138672,202.67999267578125,197.44097900390625,68200,0.0,0.0
2023-02-08 00:00:00-05:00,203.19000244140625,204.07000732421875,199.3699951171875,200.9600067138672,195.76544189453125,107500,0.0,0.0
2023-02-09 00:00:00-05:00,204.25,204.25,195.50999450683594,195.50999450683594,190.45631408691406,62600,0.0,0.0
2023-02-10 00:00:00-05:00,194.5500030517578,198.75999450683594,194.4499969482422,197.77999877929688,192.6676483154297,43000,0.0,0.0
2023-02-13 00:00:00-05:00,197.94000244140625,201.80999755859375,196.36000061035156,201.80999755859375,196.59347534179688,55300,0.0,0.0
2023-02-14 00:00:00-05:00,200.32000732421875,201.1699981689453,198.10000610351562,198.86000061035156,193.7197265625,61700,0.0,0.0
2023-02-15 00:00:00-05:00,197.25999450683594,200.67999267578125,196.5500030517578,200.67999267578125,195.49266052246094,75000,0.0,0.0
2023-02-16 00:00:00-05:00,198.1699981689453,202.5800018310547,196.99000549316406,200.07000732421875,194.8984832763672,56500,0.0,0.0
2023-02-17 00:00:00-05:00,201.35000610351562,202.8699951171875,199.27999877929688,201.00999450683594,195.8141326904297,87100,0.0,0.0
2023-02-21 00:00:00-05:00,199.10000610351562,200.38999938964844,197.10000610351562,197.8699951171875,192.7552947998047,86800,0.0,0.0
2023-02-22 00:00:00-05:00,199.6199951171875,201.9600067138672,197.22999572753906,200.2899932861328,195.11277770996094,72500,0.0,0.0
2023-02-23 00:00:00-05:00,201.22000122070312,202.3800048828125,197.3699951171875,197.5,192.3948974609375,76600,0.0,0.0
2023-02-24 00:00:00-05:00,195.3300018310547,196.86000061035156,193.66000366210938,196.47000122070312,191.39149475097656,59400,0.0,0.0
2023-02-27 00:00:00-05:00,198.91000366210938,199.8800048828125,195.52000427246094,196.41000366210938,191.33303833007812,53800,0.0,0.0
2023-02-28 00:00:00-05:00,196.47999572753906,198.99000549316406,195.8300018310547,196.1300048828125,191.060302734375,59900,0.0,0.0
2023-03-01 00:00:00-05:00,195.69000244140625,199.4499969482422,194.2899932861328,195.44000244140625,190.38812255859375,68300,0.0,0.0
2023-03-02 00:00:00-05:00,194.61000061035156,198.60000610351562,193.5399932861328,197.32000732421875,192.21954345703125,51000,0.0,0.0
2023-03-03 00:00:00-05:00,197.85000610351562,201.1999969482422,196.57000732421875,199.82000732421875,194.65493774414062,49500,0.0,0.0
2023-03-06 00:00:00-05:00,199.11000061035156,199.11000061035156,193.10000610351562,194.86000061035156,189.82308959960938,99900,0.0,0.0
2023-03-07 00:00:00-05:00,195.35000610351562,197.64999389648438,193.0,193.47000122070312,188.46902465820312,58100,0.0,0.0
2023-03-08 00:00:00-05:00,193.36000061035156,195.0500030517578,191.8699951171875,194.0,189.28863525390625,49200,0.31,0.0
2023-03-09 00:00:00-05:00,195.0,196.77000427246094,192.7899932861328,193.41000366210938,188.71299743652344,54100,0.0,0.0
2023-03-10 00:00:00-05:00,192.5,192.5,188.38999938964844,190.27999877929688,185.65896606445312,63600,0.0,0.0
2023-03-13 00:00:00-04:00,187.58999633789062,191.3000030517578,187.58999633789062,189.0,184.4100799560547,65400,0.0,0.0
2023-03-14 00:00:00-04:00,192.33999633789062,193.64999389648438,189.07000732421875,190.66000366210938,186.02976989746094,54800,0.0,0.0
2023-03-15 00:00:00-04:00,188.02999877929688,189.85000610351562,185.77000427246094,188.9499969482422,184.36129760742188,71900,0.0,0.0
2023-03-16 00:00:00-04:00,186.8800048828125,193.63999938964844,186.8800048828125,192.94000244140625,188.25442504882812,68500,0.0,0.0
2023-03-17 00:00:00-04:00,191.39999389648438,192.00999450683594,187.75,189.67999267578125,185.0735626220703,236900,0.0,0.0
2023-03-20 00:00:00-04:00,191.32000732421875,193.58999633789062,191.11000061035156,191.25999450683594,186.6151885986328,52000,0.0,0.0
2023-03-21 00:00:00-04:00,193.2899932861328,194.44000244140625,190.9199981689453,192.69000244140625,188.01046752929688,74600,0.0,0.0
2023-03-22 00:00:00-04:00,193.02000427246094,193.77999877929688,188.9499969482422,189.2899932861328,184.69302368164062,77800,0.0,0.0
2023-03-23 00:00:00-04:00,188.75,191.39999389648438,187.5399932861328,188.72999572753906,184.1466522216797,69000,0.0,0.0
2023-03-24 00:00:00-04:00,188.14999389648438,191.13999938964844,187.60000610351562,190.41000366210938,185.78585815429688,57700,0.0,0.0
2023-03-27 00:00:00-04:00,191.0800018310547,192.67999267578125,189.89999389648438,191.82000732421875,187.16159057617188,54400,0.0,0.0
2023-03-28 00:00:00-04:00,190.5800018310547,193.52999877929688,190.5800018310547,193.13999938964844,188.44955444335938,59100,0.0,0.0
2023-03-29 00:00:00-04:00,182.1300048828125,185.89999389648438,167.8699951171875,173.02000427246094,168.81814575195312,227800,0.0,0.0
2023-03-30 00:00:00-04:00,173.22000122070312,174.77000427246094,172.10000610351562,173.52999877929688,169.31576538085938,139400,0.0,0.0
2023-03-31 00:00:00-04:00,174.8300018310547,178.52999877929688,174.32000732421875,176.22999572753906,171.95021057128906,142400,0.0,0.0
2023-04-03 00:00:00-04:00,176.4199981689453,176.4199981689453,170.94000244140625,172.3300018310547,168.14491271972656,114800,0.0,0.0
2023-04-04 00:00:00-04:00,172.55999755859375,172.9199981689453,169.1199951171875,169.64999389648438,165.53001403808594,50800,0.0,0.0
2023-04-05 00:00:00-04:00,168.08999633789062,169.0,166.75,167.75999450683594,163.68588256835938,69500,0.0,0.0
2023-04-06 00:00:00-04:00,168.27999877929688,169.86000061035156,166.19000244140625,168.17999267578125,164.09567260742188,42700,0.0,0.0
2023-04-10 00:00:00-04:00,167.6199951171875,169.9600067138672,167.4199981689453,169.8300018310547,165.70562744140625,83400,0.0,0.0
2023-04-11 00:00:00-04:00,170.60000610351562,170.60000610351562,167.80999755859375,168.5,164.40792846679688,60200,0.0,0.0
2023-04-12 00:00:00-04:00,169.3300018310547,171.0500030517578,167.55999755859375,168.33999633789062,164.25181579589844,33500,0.0,0.0
2023-04-13 00:00:00-04:00,168.33999633789062,168.85000610351562,166.91000366210938,168.85000610351562,164.74942016601562,61300,0.0,0.0
2023-04-14 00:00:00-04:00,168.35000610351562,169.92999267578125,166.5800018310547,167.47999572753906,163.41268920898438,41800,0.0,0.0
2023-04-17 00:00:00-04:00,167.32000732421875,168.75,165.94000244140625,167.49000549316406,163.4224395751953,47100,0.0,0.0
2023-04-18 00:00:00-04:00,168.02000427246094,168.80999755859375,166.3699951171875,166.9600067138672,162.90533447265625,43300,0.0,0.0
2023-04-19 00:00:00-04:00,166.05999755859375,168.3300018310547,164.7899932861328,168.16000366210938,164.07614135742188,56800,0.0,0.0
2023-04-20 00:00:00-04:00,168.10000610351562,169.83999633789062,166.6699981689453,169.67999267578125,165.5592803955078,49900,0.0,0.0
2023-04-21 00:00:00-04:00,170.2899932861328,171.0500030517578,168.24000549316406,170.75999450683594,166.613037109375,53300,0.0,0.0
2023-04-24 00:00:00-04:00,170.47000122070312,171.32000732421875,168.1199951171875,168.36000061035156,164.2713623046875,40100,0.0,0.0
2023-04-25 00:00:00-04:00,167.1199951171875,167.1199951171875,163.27999877929688,163.83999633789062,159.86109924316406,44000,0.0,0.0
2023-04-26 00:00:00-04:00,162.24000549316406,162.63999938964844,160.52000427246094,161.77000427246094,157.8413543701172,56200,0.0,0.0
2023-04-27 00:00:00-04:00,161.89999389648438,163.97000122070312,160.88999938964844,163.8699951171875,159.89035034179688,54100,0.0,0.0
2023-04-28 00:00:00-04:00,163.8000030517578,165.24000549316406,162.80999755859375,163.67999267578125,159.70494079589844,51800,0.0,0.0
2023-05-01 00:00:00-04:00,163.14999389648438,165.6999969482422,163.14999389648438,164.63999938964844,160.6416473388672,45700,0.0,0.0
2023-05-02 00:00:00-04:00,164.02000427246094,164.02000427246094,158.39999389648438,161.30999755859375,157.3925323486328,64300,0.0,0.0
2023-05-03 00:00:00-04:00,161.74000549316406,164.86000061035156,161.39999389648438,161.83999633789062,157.90965270996094,52000,0.0,0.0
2023-05-04 00:00:00-04:00,160.2100067138672,162.67999267578125,159.02000427246094,161.17999267578125,157.26565551757812,35900,0.0,0.0
2023-05-05 00:00:00-04:00,162.47000122070312,164.6199951171875,161.0800018310547,162.89999389648438,158.9439239501953,48700,0.0,0.0
2023-05-08 00:00:00-04:00,163.5800018310547,163.60000610351562,160.14999389648438,160.2899932861328,156.3973388671875,33900,0.0,0.0
2023-05-09 00:00:00-04:00,160.4499969482422,162.74000549316406,159.67999267578125,161.27000427246094,157.353515625,53400,0.0,0.0
2023-05-10 00:00:00-04:00,163.16000366210938,163.16000366210938,160.7899932861328,161.77000427246094,157.8413543701172,48200,0.0,0.0
2023-05-11 00:00:00-04:00,160.72999572753906,163.3300018310547,160.72999572753906,163.3300018310547,159.3634796142578,64400,0.0,0.0
2023-05-12 00:00:00-04:00,163.66000366210938,164.6999969482422,161.99000549316406,163.27000427246094,159.30496215820312,25900,0.0,0.0
2023-05-15 00:00:00-04:00,163.85000610351562,164.8000030517578,162.55999755859375,164.3800048828125,160.38800048828125,29200,0.0,0.0
2023-05-16 00:00:00-04:00,161.80999755859375,164.3800048828125,161.74000549316406,163.67999267578125,159.70494079589844,28300,0.0,0.0
2023-05-17 00:00:00-04:00,162.8300018310547,166.5500030517578,162.0,166.02000427246094,161.98817443847656,45000,0.0,0.0
2023-05-18 00:00:00-04:00,165.6699981689453,167.6699981689453,164.9199981689453,167.19000244140625,163.12973022460938,36300,0.0,0.0
2023-05-19 00:00:00-04:00,168.05999755859375,168.05999755859375,165.60000610351562,168.00999450683594,163.9298095703125,41800,0.0,0.0
2023-05-22 00:00:00-04:00,167.60000610351562,170.22999572753906,167.5,170.0500030517578,165.92027282714844,107100,0.0,0.0
2023-05-23 00:00:00-04:00,169.27999877929688,171.36000061035156,169.27999877929688,170.52000427246094,166.3788604736328,76500,0.0,0.0
2023-05-24 00:00:00-04:00,171.08999633789062,171.19000244140625,168.6999969482422,170.3699951171875,166.2324981689453,68700,0.0,0.0
2023-05-25 00:00:00-04:00,169.5500030517578,171.02000427246094,168.2899932861328,170.0,165.87149047851562,41000,0.0,0.0
2023-05-26 00:00:00-04:00,170.5399932861328,171.86000061035156,169.63999938964844,170.77000427246094,166.622802734375,28900,0.0,0.0
2023-05-30 00:00:00-04:00,170.25999450683594,170.97000122070312,169.8800048828125,170.1199951171875,165.9886016845703,29200,0.0,0.0
2023-05-31 00:00:00-04:00,170.32000732421875,172.2100067138672,169.08999633789062,171.11000061035156,166.9545440673828,47700,0.0,0.0
2023-06-01 00:00:00-04:00,170.19000244140625,170.19000244140625,167.9499969482422,168.83999633789062,164.7396240234375,44200,0.0,0.0
2023-06-02 00:00:00-04:00,170.74000549316406,177.24000549316406,169.9499969482422,176.38999938964844,172.10630798339844,54600,0.0,0.0
2023-06-05 00:00:00-04:00,173.49000549316406,173.8000030517578,169.6999969482422,170.80999755859375,166.66183471679688,66100,0.0,0.0
2023-06-06 00:00:00-04:00,171.24000549316406,178.6300048828125,171.0399932861328,177.05999755859375,172.76002502441406,68500,0.0,0.0
2023-06-07 00:00:00-04:00,178.41000366210938,182.47000122070312,178.41000366210938,180.72000122070312,176.64039611816406,81300,0.31,0.0
2023-06-08 00:00:00-04:00,179.77999877929688,182.60000610351562,178.2100067138672,180.7100067138672,176.63067626953125,53500,0.0,0.0
2023-06-09 00:00:00-04:00,180.27000427246094,180.64999389648438,179.08999633789062,180.32000732421875,176.24948120117188,37700,0.0,0.0
2023-06-12 00:00:00-04:00,180.8800048828125,183.0800018310547,180.8000030517578,181.22000122070312,177.12916564941406,49900,0.0,0.0
2023-06-13 00:00:00-04:00,180.7100067138672,182.8000030517578,179.58999633789062,179.91000366210938,175.84872436523438,63600,0.0,0.0
2023-06-14 00:00:00-04:00,180.52000427246094,180.52000427246094,175.63999938964844,176.3000030517578,172.32022094726562,56000,0.0,0.0
2023-06-15 00:00:00-04:00,176.55999755859375,177.02000427246094,175.0,176.39999389648438,172.41795349121094,115200,0.0,0.0
2023-06-16 00:00:00-04:00,177.22000122070312,178.25,173.0800018310547,173.67999267578125,169.7593231201172,234900,0.0,0.0
2023-06-20 00:00:00-04:00,174.24000549316406,175.67999267578125,173.0,173.0,169.0946807861328,68300,0.0,0.0
2023-06-21 00:00:00-04:00,172.39999389648438,172.9199981689453,169.86000061035156,169.8699951171875,166.03538513183594,63300,0.0,0.0
2023-06-22 00:00:00-04:00,170.0500030517578,171.10000610351562,168.32000732421875,170.1699981689453,166.32859802246094,62600,0.0,0.0
2023-06-23 00:00:00-04:00,168.25,169.19000244140625,163.64999389648438,165.72999572753906,161.9888153076172,152000,0.0,0.0
2023-06-26 00:00:00-04:00,165.77000427246094,168.1300048828125,163.5399932861328,166.2100067138672,162.45797729492188,66400,0.0,0.0
2023-06-27 00:00:00-04:00,166.99000549316406,168.3300018310547,166.6699981689453,167.05999755859375,163.28878784179688,73500,0.0,0.0
2023-06-28 00:00:00-04:00,164.92999267578125,166.67999267578125,152.83999633789062,155.3800048828125,151.87246704101562,160700,0.0,0.0
2023-06-29 00:00:00-04:00,155.0,158.91000366210938,155.0,156.47999572753906,152.94760131835938,123600,0.0,0.0
2023-06-30 00:00:00-04:00,158.22999572753906,158.24000549316406,154.91000366210938,155.00999450683594,151.5108184814453,109900,0.0,0.0
2023-07-03 00:00:00-04:00,153.8800048828125,157.07000732421875,153.8800048828125,155.2899932861328,151.78445434570312,33600,0.0,0.0
2023-07-05 00:00:00-04:00,154.66000366210938,155.6199951171875,152.3800048828125,152.5800018310547,149.13565063476562,115800,0.0,0.0
2023-07-06 00:00:00-04:00,151.72999572753906,153.3699951171875,150.5,151.22999572753906,147.8161163330078,89500,0.0,0.0
2023-07-07 00:00:00-04:00,150.99000549316406,152.9600067138672,150.91000366210938,151.61000061035156,148.1875762939453,83500,0.0,0.0
2023-07-10 00:00:00-04:00,151.6999969482422,154.08999633789062,150.89999389648438,151.6999969482422,148.27554321289062,108300,0.0,0.0
2023-07-11 00:00:00-04:00,152.5,154.00999450683594,151.47000122070312,153.67999267578125,150.21080017089844,74200,0.0,0.0
2023-07-12 00:00:00-04:00,155.5500030517578,155.75,154.36000061035156,155.49000549316406,151.97996520996094,98700,0.0,0.0
2023-07-13 00:00:00-04:00,156.14999389648438,156.27000427246094,153.60000610351562,155.92999267578125,152.41001892089844,100200,0.0,0.0
2023-07-14 00:00:00-04:00,155.25,158.1699981689453,153.6999969482422,156.55999755859375,153.02581787109375,44500,0.0,0.0
2023-07-17 00:00:00-04:00,157.00999450683594,158.00999450683594,154.0800018310547,154.25999450683594,150.77774047851562,113300,0.0,0.0
2023-07-18 00:00:00-04:00,154.77999877929688,155.50999450683594,151.5500030517578,153.00999450683594,149.55593872070312,93000,0.0,0.0
2023-07-19 00:00:00-04:00,152.27000427246094,153.7100067138672,151.60000610351562,153.44000244140625,149.9762725830078,71900,0.0,0.0
2023-07-20 00:00:00-04:00,154.1699981689453,156.8699951171875,153.02999877929688,156.05999755859375,152.537109375,47100,0.0,0.0
2023-07-21 00:00:00-04:00,157.02000427246094,157.0399932861328,154.32000732421875,154.63999938964844,151.149169921875,52200,0.0,0.0
2023-07-24 00:00:00-04:00,154.19000244140625,155.27999877929688,152.83999633789062,153.66000366210938,150.19129943847656,107500,0.0,0.0
2023-07-25 00:00:00-04:00,152.92999267578125,154.60000610351562,152.4600067138672,154.0,150.5236053466797,64800,0.0,0.0
2023-07-26 00:00:00-04:00,153.27999877929688,157.47000122070312,153.27999877929688,156.47000122070312,152.93783569335938,70600,0.0,0.0
2023-07-27 00:00:00-04:00,156.8800048828125,157.0,153.75999450683594,155.22999572753906,151.7258758544922,62200,0.0,0.0
2023-07-28 00:00:00-04:00,156.6300048828125,156.85000610351562,155.05999755859375,156.85000610351562,153.3092803955078,60400,0.0,0.0
2023-07-31 00:00:00-04:00,157.22000122070312,162.61000061035156,157.22000122070312,162.3000030517578,158.63626098632812,111100,0.0,0.0
2023-08-01 00:00:00-04:00,162.08999633789062,163.97000122070312,159.22999572753906,163.35000610351562,159.66253662109375,80300,0.0,0.0
2023-08-02 00:00:00-04:00,161.85000610351562,166.8000030517578,161.85000610351562,166.14999389648438,162.39932250976562,98400,0.0,0.0
2023-08-03 00:00:00-04:00,165.4499969482422,165.97999572753906,162.3699951171875,165.9199981689453,162.1745147705078,54600,0.0,0.0
2023-08-04 00:00:00-04:00,165.7100067138672,167.41000366210938,164.5,165.30999755859375,161.57827758789062,54400,0.0,0.0
2023-08-07 00:00:00-04:00,165.41000366210938,167.6300048828125,164.94000244140625,167.60000610351562,163.8166046142578,53000,0.0,0.0
2023-08-08 00:00:00-04:00,165.77000427246094,166.30999755859375,163.82000732421875,166.08999633789062,162.3406982421875,41900,0.0,0.0
2023-08-09 00:00:00-04:00,165.8800048828125,168.52999877929688,164.61000061035156,167.89999389648438,164.1098175048828,47300,0.0,0.0
2023-08-10 00:00:00-04:00,167.83999633789062,169.77999877929688,165.60000610351562,166.86000061035156,163.0933074951172,57900,0.0,0.0
2023-08-11 00:00:00-04:00,166.14999389648438,169.74000549316406,166.14999389648438,169.67999267578125,165.84962463378906,55900,0.0,0.0
2023-08-14 00:00:00-04:00,169.08999633789062,171.89999389648438,167.64999389648438,171.83999633789062,167.9608917236328,73500,0.0,0.0
2023-08-15 00:00:00-04:00,170.61000061035156,170.97000122070312,168.8000030517578,170.66000366210938,166.80752563476562,47000,0.0,0.0
2023-08-16 00:00:00-04:00,170.25999450683594,170.52999877929688,168.36000061035156,170.1300048828125,166.28952026367188,65200,0.0,0.0
2023-08-17 00:00:00-04:00,169.8800048828125,172.11000061035156,169.02000427246094,172.02000427246094,168.13681030273438,79500,0.0,0.0
2023-08-18 00:00:00-04:00,171.3000030517578,173.86000061035156,171.02999877929688,172.86000061035156,168.95787048339844,85400,0.0,0.0
2023-08-21 00:00:00-04:00,172.55999755859375,173.1699981689453,168.77999877929688,169.9199981689453,166.08421325683594,149700,0.0,0.0
2023-08-22 00:00:00-04:00,169.3800048828125,169.5800018310547,168.52000427246094,169.10000610351562,165.28271484375,98900,0.0,0.0
2023-08-23 00:00:00-04:00,169.0,172.88999938964844,168.02999877929688,172.7899932861328,168.88941955566406,65600,0.0,0.0
2023-08-24 00:00:00-04:00,172.24000549316406,174.8800048828125,172.24000549316406,173.55999755859375,169.6420440673828,129600,0.0,0.0
2023-08-25 00:00:00-04:00,173.58999633789062,174.4199981689453,172.36000061035156,173.91000366210938,169.98416137695312,86800,0.0,0.0
2023-08-28 00:00:00-04:00,174.02000427246094,177.42999267578125,173.50999450683594,174.8699951171875,170.92247009277344,81400,0.0,0.0
2023-08-29 00:00:00-04:00,174.64999389648438,176.88999938964844,173.86000061035156,175.08999633789062,171.13751220703125,99600,0.0,0.0
2023-08-30 00:00:00-04:00,174.64999389648438,176.10000610351562,173.3800048828125,175.1999969482422,171.24505615234375,58800,0.0,0.0
2023-08-31 00:00:00-04:00,174.61000061035156,176.8800048828125,174.61000061035156,176.1300048828125,172.154052734375,59200,0.0,0.0
2023-09-01 00:00:00-04:00,176.69000244140625,179.66000366210938,176.69000244140625,179.49000549316406,175.4381866455078,46600,0.0,0.0
2023-09-05 00:00:00-04:00,177.8699951171875,177.8699951171875,174.22000122070312,175.49000549316406,171.52850341796875,74000,0.0,0.0
2023-09-06 00:00:00-04:00,175.66000366210938,176.00999450683594,174.6199951171875,175.41000366210938,171.75372314453125,30400,0.31,0.0
2023-09-07 00:00:00-04:00,176.05999755859375,176.05999755859375,171.6999969482422,173.88999938964844,170.26536560058594,53100,0.0,0.0
2023-09-08 00:00:00-04:00,172.77999877929688,173.97000122070312,172.61000061035156,172.6300048828125,169.03163146972656,69400,0.0,0.0
2023-09-11 00:00:00-04:00,172.82000732421875,172.82000732421875,168.83999633789062,170.8800048828125,167.318115234375,62100,0.0,0.0
2023-09-12 00:00:00-04:00,170.5,172.9199981689453,166.6699981689453,172.85000610351562,169.2470703125,82300,0.0,0.0
2023-09-13 00:00:00-04:00,172.52000427246094,173.82000732421875,171.36000061035156,173.38999938964844,169.77581787109375,63600,0.0,0.0
2023-09-14 00:00:00-04:00,175.02000427246094,177.8699951171875,174.82000732421875,175.0,171.3522491455078,60100,0.0,0.0
2023-09-15 00:00:00-04:00,174.64999389648438,175.0,170.63999938964844,172.3699951171875,168.7770538330078,234400,0.0,0.0
2023-09-18 00:00:00-04:00,172.50999450683594,173.6199951171875,171.17999267578125,172.0,168.41477966308594,35600,0.0,0.0
2023-09-19 00:00:00-04:00,172.13999938964844,172.77000427246094,171.4499969482422,171.64999389648438,168.0720672607422,46700,0.0,0.0
2023-09-20 00:00:00-04:00,172.39999389648438,173.27000427246094,169.58999633789062,169.77000427246094,166.2312469482422,28000,0.0,0.0
2023-09-21 00:00:00-04:00,169.0,169.25999450683594,166.22999572753906,166.52999877929688,163.05880737304688,58600,0.0,0.0
2023-09-22 00:00:00-04:00,167.22000122070312,167.55999755859375,164.94000244140625,164.94000244140625,161.50193786621094,37300,0.0,0.0
2023-09-25 00:00:00-04:00,164.75,165.5800018310547,163.55999755859375,164.58999633789062,161.15924072265625,68700,0.0,0.0
2023-09-26 00:00:00-04:00,163.55999755859375,164.25999450683594,160.86000061035156,161.0399932861328,157.68321228027344,76900,0.0,0.0
2023-09-27 00:00:00-04:00,162.35000610351562,163.61000061035156,161.88999938964844,162.91000366210938,159.51425170898438,84400,0.0,0.0
2023-09-28 00:00:00-04:00,163.32000732421875,167.5,163.32000732421875,165.00999450683594,161.57046508789062,73000,0.0,0.0
2023-09-29 00:00:00-04:00,166.52000427246094,166.52000427246094,162.22999572753906,163.00999450683594,159.61215209960938,99200,0.0,0.0
2023-10-02 00:00:00-04:00,162.75,163.55999755859375,160.63999938964844,163.55999755859375,160.15069580078125,83900,0.0,0.0
2023-10-03 00:00:00-04:00,163.38999938964844,163.38999938964844,159.97999572753906,159.99000549316406,156.6551055908203,54800,0.0,0.0
2023-10-04 00:00:00-04:00,160.47000122070312,163.0399932861328,157.2899932861328,158.30999755859375,155.01014709472656,53300,0.0,0.0
2023-10-05 00:00:00-04:00,158.5800018310547,159.3800048828125,156.72999572753906,159.08999633789062,155.77386474609375,56500,0.0,0.0
2023-10-06 00:00:00-04:00,157.6199951171875,161.24000549316406,157.6199951171875,157.6999969482422,154.41285705566406,52600,0.0,0.0
2023-10-09 00:00:00-04:00,156.82000732421875,160.08999633789062,156.82000732421875,158.94000244140625,155.62701416015625,48700,0.0,0.0
2023-10-10 00:00:00-04:00,158.89999389648438,163.24000549316406,154.5,162.64999389648438,159.25967407226562,62900,0.0,0.0
2023-10-11 00:00:00-04:00,162.47999572753906,163.99000549316406,161.4499969482422,163.7899932861328,160.3759002685547,50800,0.0,0.0
2023-10-12 00:00:00-04:00,164.3800048828125,164.3800048828125,161.39999389648438,163.77000427246094,160.3563232421875,69500,0.0,0.0
2023-10-13 00:00:00-04:00,162.64999389648438,163.3699951171875,159.75999450683594,160.47000122070312,157.12510681152344,51300,0.0,0.0
2023-10-16 00:00:00-04:00,162.1199951171875,163.9600067138672,161.2100067138672,162.35000610351562,158.96588134765625,67500,0.0,0.0
2023-10-17 00:00:00-04:00,161.30999755859375,165.16000366210938,161.30999755859375,163.67999267578125,160.26817321777344,76000,0.0,0.0
2023-10-18 00:00:00-04:00,155.49000549316406,168.8300018310547,155.49000549316406,166.91000366210938,163.43087768554688,111200,0.0,0.0
2023-10-19 00:00:00-04:00,167.97999572753906,168.63999938964844,162.1999969482422,162.39999389648438,159.014892578125,100600,0.0,0.0
2023-10-20 00:00:00-04:00,163.39999389648438,166.08999633789062,162.13999938964844,163.35000610351562,159.94508361816406,87400,0.0,0.0
2023-10-23 00:00:00-04:00,162.97000122070312,165.30999755859375,162.3699951171875,163.07000732421875,159.6709442138672,60100,0.0,0.0
2023-10-24 00:00:00-04:00,164.4499969482422,164.5,161.02999877929688,163.99000549316406,160.57174682617188,63800,0.0,0.0
2023-10-25 00:00:00-04:00,162.77000427246094,164.55999755859375,162.1300048828125,162.74000549316406,159.34783935546875,46900,0.0,0.0
2023-10-26 00:00:00-04:00,162.41000366210938,164.38999938964844,160.27000427246094,160.8699951171875,157.51678466796875,66600,0.0,0.0
2023-10-27 00:00:00-04:00,159.47000122070312,160.92999267578125,156.75999450683594,160.33999633789062,156.99783325195312,62200,0.0,0.0
2023-10-30 00:00:00-04:00,162.2899932861328,163.47000122070312,159.85000610351562,163.02999877929688,159.63174438476562,39300,0.0,0.0
2023-10-31 00:00:00-04:00,162.1699981689453,165.02999877929688,161.89999389648438,164.42999267578125,161.00257873535156,51900,0.0,0.0
2023-11-01 00:00:00-04:00,163.58999633789062,164.5,161.11000061035156,163.4499969482422,160.04298400878906,39500,0.0,0.0
2023-11-02 00:00:00-04:00,164.6999969482422,167.5800018310547,164.13999938964844,167.44000244140625,163.94985961914062,49900,0.0,0.0
2023-11-03 00:00:00-04:00,168.8699951171875,172.97999572753906,168.8699951171875,169.35000610351562,165.8199920654297,57800,0.0,0.0
2023-11-06 00:00:00-05:00,168.85000610351562,169.66000366210938,166.5399932861328,169.1300048828125,165.60459899902344,71900,0.0,0.0
2023-11-07 00:00:00-05:00,168.39999389648438,170.92999267578125,168.39999389648438,170.11000061035156,166.56414794921875,36800,0.0,0.0
2023-11-08 00:00:00-05:00,169.44000244140625,169.66000366210938,167.05999755859375,169.58999633789062,166.0550079345703,39300,0.0,0.0
2023-11-09 00:00:00-05:00,169.42999267578125,169.5500030517578,165.0800018310547,165.82000732421875,162.3636016845703,64700,0.0,0.0
2023-11-10 00:00:00-05:00,165.88999938964844,167.3699951171875,164.6999969482422,165.77999877929688,162.32443237304688,53000,0.0,0.0
2023-11-13 00:00:00-05:00,163.8300018310547,167.36000061035156,163.8300018310547,166.27999877929688,162.81399536132812,38400,0.0,0.0
2023-11-14 00:00:00-05:00,170.63999938964844,174.85000610351562,168.36000061035156,174.75,171.10743713378906,67100,0.0,0.0
2023-11-15 00:00:00-05:00,175.10000610351562,178.0,172.97999572753906,174.6199951171875,170.98016357421875,55400,0.0,0.0
2023-11-16 00:00:00-05:00,174.4199981689453,175.41000366210938,171.5500030517578,171.97000122070312,168.3853759765625,50900,0.0,0.0
2023-11-17 00:00:00-05:00,173.22999572753906,173.57000732421875,170.50999450683594,170.8300018310547,167.2691650390625,51200,0.0,0.0
2023-11-20 00:00:00-05:00,171.97000122070312,172.32000732421875,170.17999267578125,170.57000732421875,167.01458740234375,41400,0.0,0.0
2023-11-21 00:00:00-05:00,169.35000610351562,170.1300048828125,167.9499969482422,168.75999450683594,165.2423095703125,56300,0.0,0.0
2023-11-22 00:00:00-05:00,169.83999633789062,171.5500030517578,169.61000061035156,171.33999633789062,167.76852416992188,50400,0.0,0.0
2023-11-24 00:00:00-05:00,171.66000366210938,172.39999389648438,171.35000610351562,171.57000732421875,167.99375915527344,13600,0.0,0.0
2023-11-27 00:00:00-05:00,171.3699951171875,173.99000549316406,169.7100067138672,173.22000122070312,169.60931396484375,46500,0.0,0.0
2023-11-28 00:00:00-05:00,173.72000122070312,174.82000732421875,172.11000061035156,172.42999267578125,168.8358154296875,59900,0.0,0.0
2023-11-29 00:00:00-05:00,173.13999938964844,174.60000610351562,169.9499969482422,170.25999450683594,166.71102905273438,93200,0.0,0.0
2023-11-30 00:00:00-05:00,170.25999450683594,172.72000122070312,168.77999877929688,172.60000610351562,169.0022735595703,65500,0.0,0.0
2023-12-01 00:00:00-05:00,172.97000122070312,174.0,170.39999389648438,171.57000732421875,167.99375915527344,91600,0.0,0.0
2023-12-04 00:00:00-05:00,171.24000549316406,177.32000732421875,169.9499969482422,177.1300048828125,173.43788146972656,106300,0.0,0.0
2023-12-05 00:00:00-05:00,176.66000366210938,179.10000610351562,174.85000610351562,178.24000549316406,174.5247039794922,61100,0.0,0.0
2023-12-06 00:00:00-05:00,178.36000061035156,179.64999389648438,176.25999450683594,176.27999877929688,172.92572021484375,67200,0.33,0.0
2023-12-07 00:00:00-05:00,177.16000366210938,178.55999755859375,175.5,178.55999755859375,175.16236877441406,53200,0.0,0.0
2023-12-08 00:00:00-05:00,178.8699951171875,180.75999450683594,176.89999389648438,178.4600067138672,175.06427001953125,87900,0.0,0.0
2023-12-11 00:00:00-05:00,177.97999572753906,179.4199981689453,176.10000610351562,179.02999877929688,175.62338256835938,86300,0.0,0.0
2023-12-12 00:00:00-05:00,179.4199981689453,181.97999572753906,178.0,181.49000549316406,178.0365753173828,41000,0.0,0.0
2023-12-13 00:00:00-05:00,181.55999755859375,184.6999969482422,179.94000244140625,184.1999969482422,180.69503784179688,87000,0.0,0.0
2023-12-14 00:00:00-05:00,186.50999450683594,187.22000122070312,182.32000732421875,184.08999633789062,180.58712768554688,84600,0.0,0.0
2023-12-15 00:00:00-05:00,184.2100067138672,185.82000732421875,181.77000427246094,182.22000122070312,178.75267028808594,209700,0.0,0.0
2023-12-18 00:00:00-05:00,182.0399932861328,184.4600067138672,180.16000366210938,180.32000732421875,176.8888702392578,74600,0.0,0.0
2023-12-19 00:00:00-05:00,181.92999267578125,183.27999877929688,179.22000122070312,182.5800018310547,179.1058349609375,77200,0.0,0.0
2023-12-20 00:00:00-05:00,181.33999633789062,184.47999572753906,178.27000427246094,178.69000244140625,175.28985595703125,112100,0.0,0.0
2023-12-21 00:00:00-05:00,179.58999633789062,182.33999633789062,178.61000061035156,181.85000610351562,178.38975524902344,66500,0.0,0.0
2023-12-22 00:00:00-05:00,181.5399932861328,183.52999877929688,180.3300018310547,182.13999938964844,178.6741943359375,49500,0.0,0.0
2023-12-26 00:00:00-05:00,183.61000061035156,184.8800048828125,182.13999938964844,183.75999450683594,180.2633819580078,43900,0.0,0.0
2023-12-27 00:00:00-05:00,183.52000427246094,185.47999572753906,183.02999877929688,184.02000427246094,180.51844787597656,57500,0.0,0.0
2023-12-28 00:00:00-05:00,184.41000366210938,186.14999389648438,184.41000366210938,185.4199981689453,181.89178466796875,67100,0.0,0.0
2023-12-29 00:00:00-05:00,186.10000610351562,186.22999572753906,181.57000732421875,182.91000366210938,179.42953491210938,57200,0.0,0.0
2024-01-02 00:00:00-05:00,181.32000732421875,183.7899932861328,180.02000427246094,180.41000366210938,176.97715759277344,123900,0.0,0.0
2024-01-03 00:00:00-05:00,178.5399932861328,178.5399932861328,162.0800018310547,167.8800048828125,164.68557739257812,164000,0.0,0.0
2024-01-04 00:00:00-05:00,165.47000122070312,170.80999755859375,162.30999755859375,163.36000061035156,160.25155639648438,134300,0.0,0.0
2024-01-05 00:00:00-05:00,162.39999389648438,164.7899932861328,159.47000122070312,161.55999755859375,158.48583984375,290700,0.0,0.0
2024-01-08 00:00:00-05:00,162.8800048828125,166.4199981689453,161.60000610351562,165.6199951171875,162.46856689453125,124300,0.0,0.0
2024-01-09 00:00:00-05:00,162.72999572753906,167.00999450683594,162.72999572753906,165.13999938964844,161.99771118164062,98700,0.0,0.0
2024-01-10 00:00:00-05:00,165.1699981689453,171.14999389648438,163.8800048828125,171.1199951171875,167.86390686035156,146000,0.0,0.0
2024-01-11 00:00:00-05:00,171.3000030517578,172.1300048828125,168.4600067138672,169.9499969482422,166.7161407470703,129200,0.0,0.0
2024-01-12 00:00:00-05:00,171.88999938964844,172.61000061035156,167.8699951171875,169.02999877929688,165.8136749267578,62800,0.0,0.0
2024-01-16 00:00:00-05:00,167.25,170.2899932861328,165.8800048828125,167.44000244140625,164.25396728515625,74700,0.0,0.0
2024-01-17 00:00:00-05:00,165.88999938964844,169.47000122070312,165.0,165.27999877929688,162.13502502441406,75500,0.0,0.0
2024-01-18 00:00:00-05:00,166.47000122070312,166.75999450683594,165.0,165.6999969482422,162.54702758789062,48200,0.0,0.0
2024-01-19 00:00:00-05:00,166.52999877929688,166.52999877929688,163.85000610351562,165.94000244140625,162.782470703125,54900,0.0,0.0
2024-01-22 00:00:00-05:00,167.58999633789062,170.32000732421875,167.58999633789062,169.17999267578125,165.96080017089844,68400,0.0,0.0
2024-01-23 00:00:00-05:00,171.13999938964844,171.13999938964844,168.3000030517578,169.35000610351562,166.1275634765625,60500,0.0,0.0
2024-01-24 00:00:00-05:00,171.13999938964844,171.13999938964844,167.4600067138672,167.72999572753906,164.5384063720703,38900,0.0,0.0
2024-01-25 00:00:00-05:00,169.74000549316406,170.6300048828125,168.1999969482422,170.44000244140625,167.1968536376953,47900,0.0,0.0
2024-01-26 00:00:00-05:00,171.6999969482422,173.4199981689453,171.6699981689453,171.9600067138672,168.6879425048828,52900,0.0,0.0
2024-01-29 00:00:00-05:00,171.66000366210938,174.38999938964844,171.64999389648438,173.60000610351562,170.2967529296875,72600,0.0,0.0
2024-01-30 00:00:00-05:00,172.1199951171875,174.3800048828125,171.92999267578125,174.0800018310547,170.76760864257812,43000,0.0,0.0
2024-01-31 00:00:00-05:00,174.58999633789062,175.0,168.44000244140625,169.4199981689453,166.19625854492188,71400,0.0,0.0
2024-02-01 00:00:00-05:00,170.0,174.07000732421875,169.67999267578125,173.75999450683594,170.4536590576172,52200,0.0,0.0
2024-02-02 00:00:00-05:00,171.50999450683594,175.88999938964844,170.7100067138672,174.1699981689453,170.85589599609375,70900,0.0,0.0
2024-02-05 00:00:00-05:00,172.1300048828125,172.7899932861328,170.0800018310547,170.1999969482422,166.96142578125,66300,0.0,0.0
2024-02-06 00:00:00-05:00,170.74000549316406,172.77000427246094,169.80999755859375,170.88999938964844,167.63827514648438,51900,0.0,0.0
2024-02-07 00:00:00-05:00,170.8000030517578,171.0,166.8000030517578,167.69000244140625,164.4991912841797,74100,0.0,0.0
2024-02-08 00:00:00-05:00,168.6199951171875,172.7899932861328,167.74000549316406,171.25,167.99143981933594,78900,0.0,0.0
2024-02-09 00:00:00-05:00,170.83999633789062,172.32000732421875,170.4199981689453,171.16000366210938,167.9031524658203,63900,0.0,0.0
2024-02-12 00:00:00-05:00,172.75,178.3300018310547,172.3300018310547,177.61000061035156,174.23043823242188,78600,0.0,0.0
2024-02-13 00:00:00-05:00,173.5800018310547,177.55999755859375,168.44000244140625,170.0500030517578,166.81430053710938,100100,0.0,0.0
2024-02-14 00:00:00-05:00,172.3000030517578,172.6699981689453,168.91000366210938,171.47999572753906,168.21707153320312,117100,0.0,0.0
2024-02-15 00:00:00-05:00,171.99000549316406,174.88999938964844,170.97999572753906,173.5500030517578,170.24765014648438,84700,0.0,0.0
2024-02-16 00:00:00-05:00,172.41000366210938,173.2899932861328,169.41000366210938,169.47999572753906,166.25511169433594,97600,0.0,0.0
2024-02-20 00:00:00-05:00,167.14999389648438,170.52999877929688,167.14999389648438,168.22999572753906,165.02890014648438,54200,0.0,0.0
2024-02-21 00:00:00-05:00,168.55999755859375,168.55999755859375,166.0,167.77000427246094,164.5776824951172,52400,0.0,0.0
2024-02-22 00:00:00-05:00,167.0399932861328,168.36000061035156,164.92999267578125,167.3800048828125,164.195068359375,131500,0.0,0.0
2024-02-23 00:00:00-05:00,168.47999572753906,170.38999938964844,165.8800048828125,166.97000122070312,163.79286193847656,147600,0.0,0.0
2024-02-26 00:00:00-05:00,166.02999877929688,169.13999938964844,166.02999877929688,168.47999572753906,165.27413940429688,71800,0.0,0.0
2024-02-27 00:00:00-05:00,168.86000061035156,170.63999938964844,167.4600067138672,168.16000366210938,164.96022033691406,59300,0.0,0.0
2024-02-28 00:00:00-05:00,166.69000244140625,168.80999755859375,166.69000244140625,167.75,164.55801391601562,46600,0.0,0.0
2024-02-29 00:00:00-05:00,169.69000244140625,170.25,166.9600067138672,168.72000122070312,165.5095672607422,82400,0.0,0.0
2024-03-01 00:00:00-05:00,168.30999755859375,170.8699951171875,167.5500030517578,170.0500030517578,166.81430053710938,67700,0.0,0.0
2024-03-04 00:00:00-05:00,169.99000549316406,170.47999572753906,168.8800048828125,169.4199981689453,166.19625854492188,40000,0.0,0.0
2024-03-05 00:00:00-05:00,168.41000366210938,169.49000549316406,165.42999267578125,166.38999938964844,163.2239227294922,52600,0.0,0.0
2024-03-06 00:00:00-05:00,167.6999969482422,170.44000244140625,166.75,170.0800018310547,166.8437042236328,38800,0.0,0.0
2024-03-07 00:00:00-05:00,170.35000610351562,170.35000610351562,167.3699951171875,168.60000610351562,165.71337890625,89800,0.33,0.0
2024-03-08 00:00:00-05:00,170.19000244140625,171.64999389648438,167.72000122070312,169.41000366210938,166.50953674316406,46800,0.0,0.0
2024-03-11 00:00:00-04:00,168.49000549316406,172.67999267578125,168.2899932861328,171.92999267578125,168.98634338378906,39200,0.0,0.0
2024-03-12 00:00:00-04:00,171.10000610351562,173.52999877929688,170.30999755859375,173.08999633789062,170.12652587890625,172900,0.0,0.0
2024-03-13 00:00:00-04:00,172.8000030517578,175.89999389648438,172.7899932861328,172.9499969482422,169.98890686035156,70700,0.0,0.0
2024-03-14 00:00:00-04:00,171.8000030517578,172.85000610351562,166.14999389648438,167.89999389648438,165.025390625,75400,0.0,0.0
2024-03-15 00:00:00-04:00,167.25999450683594,170.22999572753906,167.25999450683594,170.0500030517578,167.13856506347656,137700,0.0,0.0
2024-03-18 00:00:00-04:00,169.50999450683594,171.30999755859375,167.86000061035156,168.11000061035156,165.23179626464844,42700,0.0,0.0
2024-03-19 00:00:00-04:00,167.94000244140625,169.97000122070312,167.1999969482422,169.3300018310547,166.430908203125,44700,0.0,0.0
2024-03-20 00:00:00-04:00,168.35000610351562,175.41000366210938,168.0,173.8000030517578,170.82435607910156,47800,0.0,0.0
2024-03-21 00:00:00-04:00,174.44000244140625,174.8699951171875,171.0399932861328,171.7899932861328,168.84873962402344,77700,0.0,0.0
2024-03-22 00:00:00-04:00,171.7899932861328,171.97000122070312,169.67999267578125,170.0399932861328,167.1287384033203,54500,0.0,0.0
2024-03-25 00:00:00-04:00,169.69000244140625,171.0800018310547,168.63999938964844,168.69000244140625,165.80184936523438,81400,0.0,0.0
2024-03-26 00:00:00-04:00,169.9499969482422,170.3000030517578,166.50999450683594,167.14999389648438,164.28822326660156,115500,0.0,0.0
2024-03-27 00:00:00-04:00,160.0,174.14999389648438,160.0,172.07000732421875,169.12400817871094,242900,0.0,0.0
2024-03-28 00:00:00-04:00,172.5399932861328,177.1199951171875,172.16000366210938,173.42999267578125,170.46066284179688,157400,0.0,0.0
2024-04-01 00:00:00-04:00,174.57000732421875,174.57000732421875,168.5,169.4600067138672,166.5586700439453,86100,0.0,0.0
2024-04-02 00:00:00-04:00,168.25999450683594,168.6699981689453,165.42999267578125,165.8000030517578,162.96133422851562,163300,0.0,0.0
2024-04-03 00:00:00-04:00,165.52000427246094,167.1999969482422,165.52000427246094,166.07000732421875,163.22669982910156,135800,0.0,0.0
2024-04-04 00:00:00-04:00,167.19000244140625,167.19000244140625,163.52000427246094,164.02999877929688,161.22164916992188,92400,0.0,0.0
2024-04-05 00:00:00-04:00,164.00999450683594,164.6999969482422,163.27999877929688,164.0,161.192138671875,114300,0.0,0.0
2024-04-08 00:00:00-04:00,164.83999633789062,165.63999938964844,164.10000610351562,164.5,161.68356323242188,82500,0.0,0.0
2024-04-09 00:00:00-04:00,164.63999938964844,166.5,164.38999938964844,165.72000122070312,162.88270568847656,102200,0.0,0.0
2024-04-10 00:00:00-04:00,162.00999450683594,163.02000427246094,159.3800048828125,161.25999450683594,158.49905395507812,81900,0.0,0.0
2024-04-11 00:00:00-04:00,162.4499969482422,162.9199981689453,161.55999755859375,162.05999755859375,159.2853546142578,56400,0.0,0.0
2024-04-12 00:00:00-04:00,160.52999877929688,162.22000122070312,160.47999572753906,161.3800048828125,158.61700439453125,64300,0.0,0.0
2024-04-15 00:00:00-04:00,161.22999572753906,162.11000061035156,159.35000610351562,160.0,157.26063537597656,72600,0.0,0.0
2024-04-16 00:00:00-04:00,159.5,159.67999267578125,157.2899932861328,157.2899932861328,154.59701538085938,50400,0.0,0.0
2024-04-17 00:00:00-04:00,158.77999877929688,158.77999877929688,156.0500030517578,156.16000366210938,153.48635864257812,79100,0.0,0.0
2024-04-18 00:00:00-04:00,156.22999572753906,157.1199951171875,154.5,155.91000366210938,153.2406768798828,128400,0.0,0.0
2024-04-19 00:00:00-04:00,155.67999267578125,159.16000366210938,155.25999450683594,158.50999450683594,155.79615783691406,127200,0.0,0.0
2024-04-22 00:00:00-04:00,158.97000122070312,161.9499969482422,158.25999450683594,160.27999877929688,157.5358428955078,106900,0.0,0.0
2024-04-23 00:00:00-04:00,159.9600067138672,165.44000244140625,159.8800048828125,165.42999267578125,162.59767150878906,77200,0.0,0.0
2024-04-24 00:00:00-04:00,164.1699981689453,166.6300048828125,162.99000549316406,165.3000030517578,162.46987915039062,92300,0.0,0.0
2024-04-25 00:00:00-04:00,164.2899932861328,164.2899932861328,161.6199951171875,163.82000732421875,161.01524353027344,81000,0.0,0.0
2024-04-26 00:00:00-04:00,163.97999572753906,165.52000427246094,163.47999572753906,164.24000549316406,161.42803955078125,55500,0.0,0.0
2024-04-29 00:00:00-04:00,163.77000427246094,164.27999877929688,162.07000732421875,162.94000244140625,160.15029907226562,43500,0.0,0.0
2024-04-30 00:00:00-04:00,161.5800018310547,162.36000061035156,160.0,160.1300048828125,157.38839721679688,56600,0.0,0.0
2024-05-01 00:00:00-04:00,160.64999389648438,163.4199981689453,160.38999938964844,161.47000122070312,158.70545959472656,48500,0.0,0.0
2024-05-02 00:00:00-04:00,162.52000427246094,162.52000427246094,155.8800048828125,157.0800018310547,154.39060974121094,121400,0.0,0.0
2024-05-03 00:00:00-04:00,159.47999572753906,160.55999755859375,157.47000122070312,159.60000610351562,156.86746215820312,58800,0.0,0.0
2024-05-06 00:00:00-04:00,159.92999267578125,162.75999450683594,159.92999267578125,161.3800048828125,158.61700439453125,56500,0.0,0.0
2024-05-07 00:00:00-04:00,161.38999938964844,165.08999633789062,161.38999938964844,163.0399932861328,160.24856567382812,50300,0.0,0.0
2024-05-08 00:00:00-04:00,161.97999572753906,165.16000366210938,161.3300018310547,164.27000427246094,161.45753479003906,47600,0.0,0.0
2024-05-09 00:00:00-04:00,163.75,167.13999938964844,163.75,166.83999633789062,163.98353576660156,58500,0.0,0.0
2024-05-10 00:00:00-04:00,166.25999450683594,167.00999450683594,164.6300048828125,166.1999969482422,163.35447692871094,39200,0.0,0.0
2024-05-13 00:00:00-04:00,166.57000732421875,168.07000732421875,165.5500030517578,165.5500030517578,162.71560668945312,45200,0.0,0.0
2024-05-14 00:00:00-04:00,167.52999877929688,167.52999877929688,164.36000061035156,166.14999389648438,163.3052978515625,56400,0.0,0.0
2024-05-15 00:00:00-04:00,166.55999755859375,166.55999755859375,165.02000427246094,165.6199951171875,162.78440856933594,45000,0.0,0.0
2024-05-16 00:00:00-04:00,165.08999633789062,168.6999969482422,164.39999389648438,166.7100067138672,163.8557586669922,57100,0.0,0.0
2024-05-17 00:00:00-04:00,167.39999389648438,167.39999389648438,165.60000610351562,167.0399932861328,164.1800994873047,46500,0.0,0.0
2024-05-20 00:00:00-04:00,167.3300018310547,168.1999969482422,164.13999938964844,164.13999938964844,161.32974243164062,45300,0.0,0.0
2024-05-21 00:00:00-04:00,163.9600067138672,164.7899932861328,163.6199951171875,164.25,161.43789672851562,26200,0.0,0.0
2024-05-22 00:00:00-04:00,163.94000244140625,166.7100067138672,163.3300018310547,166.1999969482422,163.35447692871094,71500,0.0,0.0
2024-05-23 00:00:00-04:00,166.13999938964844,166.1999969482422,161.92999267578125,163.00999450683594,160.2190704345703,69400,0.0,0.0
2024-05-24 00:00:00-04:00,164.3699951171875,165.0500030517578,161.42999267578125,162.50999450683594,159.7276611328125,51000,0.0,0.0
2024-05-28 00:00:00-04:00,163.6199951171875,163.6199951171875,161.02999877929688,162.2899932861328,159.5113983154297,53900,0.0,0.0
2024-05-29 00:00:00-04:00,160.1300048828125,161.0399932861328,157.97999572753906,158.6699981689453,155.95339965820312,81000,0.0,0.0
2024-05-30 00:00:00-04:00,159.74000549316406,160.07000732421875,158.13999938964844,158.42999267578125,155.71751403808594,65300,0.0,0.0
2024-05-31 00:00:00-04:00,158.42999267578125,159.61000061035156,157.83999633789062,158.60000610351562,155.8845977783203,203200,0.0,0.0
2024-06-03 00:00:00-04:00,160.08999633789062,160.08999633789062,157.82000732421875,158.75999450683594,156.04185485839844,106900,0.0,0.0
2024-06-04 00:00:00-04:00,158.75,159.5399932861328,158.25,158.5500030517578,155.83544921875,96000,0.0,0.0
2024-06-05 00:00:00-04:00,159.6699981689453,159.6699981689453,157.55999755859375,158.22999572753906,155.5209197998047,118600,0.0,0.0
2024-06-06 00:00:00-04:00,157.88999938964844,159.1300048828125,156.0500030517578,156.41000366210938,153.73208618164062,92100,0.0,0.0
2024-06-07 00:00:00-04:00,154.7100067138672,155.3699951171875,153.2899932861328,153.64999389648438,151.33860778808594,94800,0.33,0.0
2024-06-10 00:00:00-04:00,152.91000366210938,152.91000366210938,150.39999389648438,151.1199951171875,148.8466796875,85300,0.0,0.0
2024-06-11 00:00:00-04:00,150.7899932861328,153.67999267578125,149.5800018310547,153.64999389648438,151.33860778808594,160800,0.0,0.0
2024-06-12 00:00:00-04:00,157.2899932861328,157.2899932861328,154.16000366210938,155.4499969482422,153.11158752441406,86400,0.0,0.0
2024-06-13 00:00:00-04:00,154.8300018310547,156.30999755859375,152.3699951171875,153.22999572753906,150.92498779296875,82500,0.0,0.0
2024-06-14 00:00:00-04:00,151.32000732421875,153.02000427246094,149.88999938964844,152.5,150.20594787597656,77800,0.0,0.0
2024-06-17 00:00:00-04:00,152.9499969482422,155.86000061035156,152.0500030517578,155.86000061035156,153.51539611816406,99500,0.0,0.0
2024-06-18 00:00:00-04:00,156.41000366210938,157.30999755859375,151.07000732421875,152.74000549316406,150.4423370361328,188300,0.0,0.0
2024-06-20 00:00:00-04:00,151.69000244140625,153.88999938964844,150.8300018310547,153.08999633789062,150.7870635986328,73600,0.0,0.0
2024-06-21 00:00:00-04:00,154.02999877929688,154.2899932861328,152.5,153.41000366210938,151.10227966308594,239400,0.0,0.0
2024-06-24 00:00:00-04:00,153.30999755859375,156.8699951171875,152.64999389648438,156.80999755859375,154.45111083984375,110500,0.0,0.0
2024-06-25 00:00:00-04:00,155.47999572753906,155.47999572753906,153.1699981689453,154.47000122070312,152.1463165283203,90700,0.0,0.0
2024-06-26 00:00:00-04:00,165.36000061035156,176.5,165.0500030517578,176.0399932861328,173.39183044433594,235800,0.0,0.0
2024-06-27 00:00:00-04:00,176.9499969482422,177.3699951171875,169.75999450683594,171.4199981689453,168.84132385253906,156800,0.0,0.0
2024-06-28 00:00:00-04:00,173.1999969482422,176.11000061035156,171.24000549316406,171.52999877929688,168.94967651367188,202500,0.0,0.0
2024-07-01 00:00:00-04:00,171.49000549316406,172.61000061035156,168.8699951171875,171.6699981689453,169.08755493164062,154500,0.0,0.0
2024-07-02 00:00:00-04:00,172.13999938964844,172.27000427246094,170.0,171.08999633789062,168.51629638671875,97000,0.0,0.0
2024-07-03 00:00:00-04:00,171.3300018310547,171.3300018310547,168.22999572753906,168.8300018310547,166.29026794433594,41800,0.0,0.0
2024-07-05 00:00:00-04:00,167.8000030517578,168.88999938964844,166.69000244140625,167.5800018310547,165.05911254882812,51600,0.0,0.0
2024-07-08 00:00:00-04:00,168.4600067138672,170.1699981689453,167.67999267578125,169.14999389648438,166.60548400878906,120700,0.0,0.0
2024-07-09 00:00:00-04:00,168.55999755859375,168.6999969482422,164.32000732421875,164.33999633789062,161.8678436279297,71900,0.0,0.0
2024-07-10 00:00:00-04:00,165.75,166.1999969482422,163.02000427246094,166.1999969482422,163.69984436035156,40800,0.0,0.0
2024-07-11 00:00:00-04:00,169.0,172.25,168.94000244140625,170.6199951171875,168.05335998535156,85700,0.0,0.0
2024-07-12 00:00:00-04:00,172.61000061035156,173.2100067138672,170.02999877929688,171.0800018310547,168.5064697265625,96000,0.0,0.0
2024-07-15 00:00:00-04:00,172.6999969482422,176.11000061035156,172.6999969482422,174.11000061035156,171.49087524414062,89100,0.0,0.0
2024-07-16 00:00:00-04:00,176.08999633789062,183.16000366210938,176.08999633789062,182.52999877929688,179.7842254638672,121000,0.0,0.0
2024-07-17 00:00:00-04:00,180.6699981689453,186.5,180.6699981689453,184.8800048828125,182.09884643554688,139600,0.0,0.0
2024-07-18 00:00:00-04:00,183.1300048828125,186.85000610351562,180.74000549316406,181.19000244140625,178.46435546875,89100,0.0,0.0
2024-07-19 00:00:00-04:00,181.1699981689453,186.60000610351562,180.05999755859375,185.3000030517578,182.51254272460938,215400,0.0,0.0
2024-07-22 00:00:00-04:00,184.9499969482422,187.94000244140625,182.36000061035156,187.38999938964844,184.5710906982422,93500,0.0,0.0
2024-07-23 00:00:00-04:00,186.25,191.13999938964844,185.42999267578125,189.13999938964844,186.29478454589844,105300,0.0,0.0
2024-07-24 00:00:00-04:00,188.38999938964844,190.60000610351562,185.82000732421875,185.8300018310547,183.0345458984375,90500,0.0,0.0
2024-07-25 00:00:00-04:00,186.89999389648438,196.5,186.89999389648438,192.27999877929688,189.3875274658203,173400,0.0,0.0
2024-07-26 00:00:00-04:00,194.0800018310547,194.4600067138672,189.88999938964844,191.25,188.37303161621094,95800,0.0,0.0
2024-07-29 00:00:00-04:00,191.83999633789062,192.8000030517578,190.5,192.47000122070312,189.57467651367188,76600,0.0,0.0
2024-07-30 00:00:00-04:00,192.74000549316406,196.5500030517578,192.5500030517578,194.32000732421875,191.3968505859375,147400,0.0,0.0
2024-07-31 00:00:00-04:00,194.94000244140625,197.8800048828125,193.16000366210938,194.5399932861328,191.61354064941406,103700,0.0,0.0
2024-08-01 00:00:00-04:00,194.19000244140625,194.19000244140625,188.77999877929688,191.72999572753906,188.8457794189453,96300,0.0,0.0
2024-08-02 00:00:00-04:00,185.97999572753906,189.1300048828125,185.6199951171875,189.1199951171875,186.27508544921875,85900,0.0,0.0
2024-08-05 00:00:00-04:00,182.17999267578125,185.24000549316406,182.17999267578125,183.32000732421875,180.5623016357422,69000,0.0,0.0
2024-08-06 00:00:00-04:00,182.72000122070312,185.67999267578125,182.4499969482422,183.22999572753906,180.47366333007812,59300,0.0,0.0
2024-08-07 00:00:00-04:00,184.7100067138672,186.52999877929688,181.32000732421875,181.32000732421875,178.59242248535156,64100,0.0,0.0
2024-08-08 00:00:00-04:00,183.35000610351562,184.6199951171875,182.69000244140625,184.42999267578125,181.65560913085938,34400,0.0,0.0
2024-08-09 00:00:00-04:00,184.11000061035156,185.50999450683594,182.22000122070312,184.02999877929688,181.26162719726562,34400,0.0,0.0
2024-08-12 00:00:00-04:00,183.52999877929688,184.1300048828125,181.41000366210938,181.8000030517578,179.065185546875,45600,0.0,0.0
2024-08-13 00:00:00-04:00,183.38999938964844,185.0500030517578,181.8800048828125,183.6999969482422,180.9365997314453,55900,0.0,0.0
2024-08-14 00:00:00-04:00,183.64999389648438,184.05999755859375,180.9199981689453,181.5500030517578,178.8189697265625,33200,0.0,0.0
2024-08-15 00:00:00-04:00,184.86000061035156,186.66000366210938,184.1999969482422,184.4499969482422,181.6753387451172,41100,0.0,0.0
2024-08-16 00:00:00-04:00,183.75,185.9499969482422,183.75,184.5500030517578,181.7738037109375,34100,0.0,0.0
2024-08-19 00:00:00-04:00,184.3000030517578,186.8300018310547,184.3000030517578,186.4499969482422,183.64523315429688,31600,0.0,0.0
2024-08-20 00:00:00-04:00,185.66000366210938,186.32000732421875,183.1699981689453,183.3800048828125,180.6214141845703,48600,0.0,0.0
2024-08-21 00:00:00-04:00,184.91000366210938,185.92999267578125,184.00999450683594,185.1699981689453,182.38449096679688,21600,0.0,0.0
2024-08-22 00:00:00-04:00,185.6999969482422,185.6999969482422,183.3000030517578,184.6300048828125,181.8526153564453,26700,0.0,0.0
2024-08-23 00:00:00-04:00,185.1999969482422,188.8300018310547,184.2100067138672,187.33999633789062,184.52183532714844,57600,0.0,0.0
2024-08-26 00:00:00-04:00,189.39999389648438,190.77000427246094,187.50999450683594,187.85000610351562,185.02418518066406,51600,0.0,0.0
2024-08-27 00:00:00-04:00,187.60000610351562,188.58999633789062,187.07000732421875,188.27999877929688,185.44769287109375,34100,0.0,0.0
2024-08-28 00:00:00-04:00,187.74000549316406,189.1999969482422,186.92999267578125,188.0,185.1719207763672,139100,0.0,0.0
2024-08-29 00:00:00-04:00,189.5800018310547,191.3000030517578,188.64999389648438,189.27000427246094,186.42282104492188,45200,0.0,0.0
2024-08-30 00:00:00-04:00,187.42999267578125,190.52000427246094,187.42999267578125,189.69000244140625,186.83648681640625,39800,0.0,0.0
2024-09-03 00:00:00-04:00,187.91000366210938,190.07000732421875,184.80999755859375,186.05999755859375,183.26112365722656,51500,0.0,0.0
2024-09-04 00:00:00-04:00,186.08999633789062,187.1300048828125,185.02000427246094,185.83999633789062,183.04440307617188,62100,0.0,0.0
2024-09-05 00:00:00-04:00,187.07000732421875,187.07000732421875,184.3000030517578,186.6300048828125,183.82254028320312,84400,0.0,0.0
2024-09-06 00:00:00-04:00,185.50999450683594,185.50999450683594,181.66000366210938,182.16000366210938,179.73757934570312,35700,0.33,0.0
2024-09-09 00:00:00-04:00,180.99000549316406,181.6699981689453,176.77999877929688,179.16000366210938,176.77748107910156,80500,0.0,0.0
2024-09-10 00:00:00-04:00,180.0,183.24000549316406,179.39999389648438,182.83999633789062,180.40855407714844,63500,0.0,0.0
2024-09-11 00:00:00-04:00,181.32000732421875,183.64999389648438,178.3800048828125,183.0,180.56642150878906,70000,0.0,0.0
2024-09-12 00:00:00-04:00,184.52000427246094,187.11000061035156,183.44000244140625,186.49000549316406,184.010009765625,63400,0.0,0.0
2024-09-13 00:00:00-04:00,188.27000427246094,191.9499969482422,188.27000427246094,189.0500030517578,186.5359649658203,55500,0.0,0.0
2024-09-16 00:00:00-04:00,190.1300048828125,190.1300048828125,187.63999938964844,188.25,185.74661254882812,37700,0.0,0.0
2024-09-17 00:00:00-04:00,189.9499969482422,190.25999450683594,187.9199981689453,188.49000549316406,185.9833984375,45600,0.0,0.0
2024-09-18 00:00:00-04:00,188.33999633789062,193.2100067138672,186.88999938964844,188.49000549316406,185.9833984375,50800,0.0,0.0
2024-09-19 00:00:00-04:00,191.50999450683594,191.50999450683594,188.39999389648438,189.75,187.22665405273438,53700,0.0,0.0
2024-09-20 00:00:00-04:00,190.8000030517578,191.3000030517578,187.19000244140625,188.1999969482422,185.69723510742188,261200,0.0,0.0
2024-09-23 00:00:00-04:00,189.92999267578125,190.10000610351562,187.9499969482422,188.91000366210938,186.3978271484375,70000,0.0,0.0
2024-09-24 00:00:00-04:00,189.7899932861328,190.02000427246094,188.66000366210938,189.67999267578125,187.15757751464844,56900,0.0,0.0
2024-09-25 00:00:00-04:00,189.0500030517578,190.74000549316406,188.41000366210938,190.11000061035156,187.5818634033203,70100,0.0,0.0
2024-09-26 00:00:00-04:00,190.82000732421875,193.0399932861328,189.02000427246094,191.69000244140625,189.14085388183594,72300,0.0,0.0
2024-09-27 00:00:00-04:00,192.57000732421875,193.58999633789062,191.0500030517578,192.38999938964844,189.83154296875,107800,0.0,0.0
2024-09-30 00:00:00-04:00,192.1300048828125,199.6699981689453,192.1300048828125,198.64999389648438,196.00830078125,137900,0.0,0.0
2024-10-01 00:00:00-04:00,197.5399932861328,197.55999755859375,188.4499969482422,193.55999755859375,190.98597717285156,250900,0.0,0.0
2024-10-02 00:00:00-04:00,192.6699981689453,200.07000732421875,192.6699981689453,199.8300018310547,197.17262268066406,133100,0.0,0.0
2024-10-03 00:00:00-04:00,199.82000732421875,200.0,196.0,197.00999450683594,194.3900909423828,104600,0.0,0.0
2024-10-04 00:00:00-04:00,194.0,197.0,191.19000244140625,196.74000549316406,194.12371826171875,293500,0.0,0.0
2024-10-07 00:00:00-04:00,195.1999969482422,195.1999969482422,189.0,189.61000061035156,187.0885009765625,133500,0.0,0.0
2024-10-08 00:00:00-04:00,190.97999572753906,190.97999572753906,187.30999755859375,187.42999267578125,184.93748474121094,109800,0.0,0.0
2024-10-09 00:00:00-04:00,186.8699951171875,188.3699951171875,186.00999450683594,187.6300048828125,185.13485717773438,78000,0.0,0.0
2024-10-10 00:00:00-04:00,186.08999633789062,186.89999389648438,184.47999572753906,184.5399932861328,182.0859375,64000,0.0,0.0
2024-10-11 00:00:00-04:00,184.55999755859375,188.8300018310547,184.55999755859375,188.61000061035156,186.101806640625,46400,0.0,0.0
2024-10-14 00:00:00-04:00,188.69000244140625,190.5500030517578,188.5399932861328,189.0800018310547,186.56558227539062,28400,0.0,0.0
2024-10-15 00:00:00-04:00,189.72999572753906,192.89999389648438,189.72999572753906,190.6199951171875,188.0850830078125,52600,0.0,0.0
2024-10-16 00:00:00-04:00,191.3800048828125,194.5800018310547,190.41000366210938,193.8699951171875,191.2918701171875,64100,0.0,0.0
2024-10-17 00:00:00-04:00,193.69000244140625,194.0399932861328,191.92999267578125,193.88999938964844,191.3115997314453,33600,0.0,0.0
2024-10-18 00:00:00-04:00,194.19000244140625,194.97999572753906,193.11000061035156,193.5500030517578,190.9761199951172,35600,0.0,0.0
2024-10-21 00:00:00-04:00,192.75999450683594,193.47999572753906,190.41000366210938,190.57000732421875,188.0357666015625,51200,0.0,0.0
2024-10-22 00:00:00-04:00,189.64999389648438,191.25,188.6999969482422,189.92999267578125,187.40426635742188,35900,0.0,0.0
2024-10-23 00:00:00-04:00,186.22000122070312,187.11000061035156,174.86000061035156,184.0,181.5531005859375,94700,0.0,0.0
2024-10-24 00:00:00-04:00,183.82000732421875,189.82000732421875,183.82000732421875,189.11000061035156,186.5951690673828,119300,0.0,0.0
2024-10-25 00:00:00-04:00,189.0,191.05999755859375,186.7899932861328,187.00999450683594,184.5230712890625,107800,0.0,0.0
2024-10-28 00:00:00-04:00,188.22999572753906,188.69000244140625,185.39999389648438,185.9199981689453,183.4475860595703,82900,0.0,0.0
2024-10-29 00:00:00-04:00,184.25999450683594,186.9199981689453,184.07000732421875,185.27000427246094,182.8062286376953,59200,0.0,0.0
2024-10-30 00:00:00-04:00,185.0,186.77000427246094,184.30999755859375,184.30999755859375,181.85897827148438,47500,0.0,0.0
2024-10-31 00:00:00-04:00,183.25,184.07000732421875,179.8000030517578,179.80999755859375,177.41883850097656,54500,0.0,0.0
2024-11-01 00:00:00-04:00,179.7899932861328,181.8300018310547,178.97999572753906,179.8800048828125,177.4879150390625,53500,0.0,0.0
2024-11-04 00:00:00-05:00,179.75,181.2100067138672,179.52999877929688,179.52999877929688,177.14254760742188,73600,0.0,0.0
2024-11-05 00:00:00-05:00,175.82000732421875,182.22999572753906,175.82000732421875,181.75999450683594,179.34291076660156,70200,0.0,0.0
2024-11-06 00:00:00-05:00,191.10000610351562,199.77999877929688,190.3699951171875,198.5500030517578,195.9096221923828,116700,0.0,0.0
2024-11-07 00:00:00-05:00,198.83999633789062,199.5399932861328,195.0,195.74000549316406,193.1370086669922,54400,0.0,0.0
2024-11-08 00:00:00-05:00,195.0,201.50999450683594,195.0,200.72999572753906,198.06063842773438,127200,0.0,0.0
2024-11-11 00:00:00-05:00,202.58999633789062,205.3800048828125,201.7899932861328,203.72999572753906,201.02073669433594,47900,0.0,0.0
2024-11-12 00:00:00-05:00,203.7899932861328,204.10000610351562,199.75,200.22999572753906,197.56727600097656,50400,0.0,0.0
2024-11-13 00:00:00-05:00,202.14999389648438,204.7100067138672,198.38999938964844,198.97000122070312,196.3240509033203,38000,0.0,0.0
2024-11-14 00:00:00-05:00,200.25999450683594,200.25999450683594,192.75,196.97000122070312,194.35064697265625,74700,0.0,0.0
2024-11-15 00:00:00-05:00,198.75999450683594,199.07000732421875,196.00999450683594,196.02000427246094,193.4132537841797,54300,0.0,0.0
2024-11-18 00:00:00-05:00,196.69000244140625,197.22000122070312,194.14999389648438,195.44000244140625,192.8409881591797,54300,0.0,0.0
2024-11-19 00:00:00-05:00,193.49000549316406,195.27000427246094,192.07000732421875,192.8300018310547,190.26568603515625,66700,0.0,0.0
2024-11-20 00:00:00-05:00,191.5500030517578,192.8800048828125,189.3300018310547,191.6300048828125,189.08164978027344,81900,0.0,0.0
2024-11-21 00:00:00-05:00,193.47000122070312,197.0,192.00999450683594,196.07000732421875,193.46263122558594,75500,0.0,0.0
2024-11-22 00:00:00-05:00,197.7100067138672,200.63999938964844,197.7100067138672,200.22999572753906,197.56727600097656,55800,0.0,0.0
2024-11-25 00:00:00-05:00,202.75,208.1999969482422,202.14999389648438,204.5800018310547,201.8594512939453,89400,0.0,0.0
2024-11-26 00:00:00-05:00,203.14999389648438,207.27000427246094,203.14999389648438,206.22000122070312,203.47763061523438,79300,0.0,0.0
2024-11-27 00:00:00-05:00,207.91000366210938,207.91000366210938,202.83999633789062,202.83999633789062,200.14256286621094,49100,0.0,0.0
2024-11-29 00:00:00-05:00,203.02000427246094,203.52000427246094,200.6699981689453,200.8699951171875,198.19876098632812,122400,0.0,0.0
2024-12-02 00:00:00-05:00,201.0,202.69000244140625,198.88999938964844,201.1699981689453,198.49476623535156,101800,0.0,0.0
2024-12-03 00:00:00-05:00,200.66000366210938,203.3800048828125,199.5399932861328,199.58999633789062,196.93580627441406,59500,0.0,0.0
2024-12-04 00:00:00-05:00,200.55999755859375,201.86000061035156,198.4600067138672,200.32000732421875,197.6560516357422,51900,0.0,0.0
2024-12-05 00:00:00-05:00,199.27000427246094,199.27000427246094,196.02999877929688,196.3800048828125,193.76849365234375,46700,0.0,0.0
2024-12-06 00:00:00-05:00,196.17999267578125,197.6199951171875,194.80999755859375,196.49000549316406,194.22320556640625,36200,0.35,0.0
2024-12-09 00:00:00-05:00,196.88999938964844,197.74000549316406,194.57000732421875,194.6999969482422,192.45384216308594,104800,0.0,0.0
2024-12-10 00:00:00-05:00,194.25,195.74000549316406,193.5,194.47999572753906,192.2363739013672,86400,0.0,0.0
2024-12-11 00:00:00-05:00,195.72999572753906,198.6300048828125,193.6999969482422,196.1300048828125,193.86732482910156,58700,0.0,0.0
2024-12-12 00:00:00-05:00,194.52999877929688,194.63999938964844,192.3300018310547,192.7100067138672,190.48678588867188,45500,0.0,0.0
2024-12-13 00:00:00-05:00,191.8699951171875,192.52999877929688,189.58999633789062,190.0500030517578,187.85745239257812,70600,0.0,0.0
2024-12-16 00:00:00-05:00,190.4199981689453,192.39999389648438,189.38999938964844,190.38999938964844,188.1935577392578,67400,0.0,0.0
2024-12-17 00:00:00-05:00,188.69000244140625,191.0399932861328,185.52999877929688,186.2899932861328,184.14085388183594,85900,0.0,0.0
2024-12-18 00:00:00-05:00,188.02999877929688,189.02999877929688,178.5,179.27999877929688,177.21173095703125,109600,0.0,0.0
2024-12-19 00:00:00-05:00,181.47000122070312,181.47000122070312,177.24000549316406,177.27000427246094,175.22491455078125,66000,0.0,0.0
2024-12-20 00:00:00-05:00,176.08999633789062,179.75,174.1300048828125,179.1300048828125,177.0634765625,238000,0.0,0.0
2024-12-23 00:00:00-05:00,177.1999969482422,178.6300048828125,175.1300048828125,176.3300018310547,174.2957305908203,52700,0.0,0.0
2024-12-24 00:00:00-05:00,175.9600067138672,177.3699951171875,175.5500030517578,177.3000030517578,175.2545623779297,29400,0.0,0.0
2024-12-26 00:00:00-05:00,175.36000061035156,176.61000061035156,174.8000030517578,176.61000061035156,174.57254028320312,60400,0.0,0.0
2024-12-27 00:00:00-05:00,175.69000244140625,177.02000427246094,170.94000244140625,172.7899932861328,170.79656982421875,123000,0.0,0.0
2024-12-30 00:00:00-05:00,173.14999389648438,173.14999389648438,169.13999938964844,171.0,169.02723693847656,63300,0.0,0.0
2024-12-31 00:00:00-05:00,171.97000122070312,173.94000244140625,170.8000030517578,171.08999633789062,169.1162109375,38300,0.0,0.0
2025-01-02 00:00:00-05:00,173.3000030517578,174.94000244140625,169.14999389648438,170.32000732421875,168.3551025390625,60100,0.0,0.0
2025-01-03 00:00:00-05:00,170.2899932861328,171.77000427246094,169.1699981689453,171.27999877929688,169.30398559570312,55000,0.0,0.0
2025-01-06 00:00:00-05:00,171.22000122070312,173.1699981689453,169.00999450683594,169.3300018310547,167.37652587890625,71200,0.0,0.0
2025-01-07 00:00:00-05:00,236.77999877929688,243.6999969482422,195.5,204.69000244140625,202.32858276367188,1181600,0.0,0.0
2025-01-08 00:00:00-05:00,197.97999572753906,217.97000122070312,197.55999755859375,214.47999572753906,212.00564575195312,601400,0.0,0.0
2025-01-10 00:00:00-05:00,212.0500030517578,222.75999450683594,208.52999877929688,220.6999969482422,218.1538848876953,393200,0.0,0.0
2025-01-13 00:00:00-05:00,221.0,226.94000244140625,219.27000427246094,226.52999877929688,223.9166259765625,197100,0.0,0.0
2025-01-14 00:00:00-05:00,225.49000549316406,226.0,222.0800018310547,225.0,222.40428161621094,144700,0.0,0.0
2025-01-15 00:00:00-05:00,227.0,231.16000366210938,225.36000061035156,230.5,227.84080505371094,222700,0.0,0.0
2025-01-16 00:00:00-05:00,230.5,232.13999938964844,228.60000610351562,228.89999389648438,226.25927734375,131100,0.0,0.0
2025-01-17 00:00:00-05:00,231.38999938964844,231.38999938964844,222.27000427246094,222.4600067138672,219.89358520507812,131600,0.0,0.0
2025-01-21 00:00:00-05:00,221.49000549316406,227.5399932861328,220.97000122070312,226.75,224.1340789794922,134400,0.0,0.0
2025-01-22 00:00:00-05:00,225.5800018310547,229.27999877929688,224.32000732421875,229.22000122070312,226.57559204101562,170500,0.0,0.0
2025-01-23 00:00:00-05:00,229.0399932861328,231.72999572753906,221.61000061035156,222.2100067138672,219.64645385742188,191800,0.0,0.0
2025-01-24 00:00:00-05:00,221.39999389648438,222.17999267578125,218.64999389648438,220.27999877929688,217.7387237548828,70400,0.0,0.0
2025-01-27 00:00:00-05:00,220.05999755859375,228.22000122070312,219.77999877929688,227.24000549316406,224.61842346191406,147500,0.0,0.0
2025-01-28 00:00:00-05:00,225.89999389648438,228.92999267578125,224.10000610351562,224.10000610351562,221.51466369628906,56700,0.0,0.0
2025-01-29 00:00:00-05:00,223.1999969482422,224.02999877929688,216.52000427246094,216.9499969482422,214.4471435546875,90400,0.0,0.0
2025-01-30 00:00:00-05:00,219.0500030517578,221.42999267578125,215.3300018310547,215.75,213.260986328125,64500,0.0,0.0
2025-01-31 00:00:00-05:00,214.77999877929688,219.8699951171875,213.86000061035156,214.32000732421875,211.8474884033203,86300,0.0,0.0
2025-02-03 00:00:00-05:00,213.13999938964844,219.0,211.33999633789062,215.30999755859375,212.8260498046875,66700,0.0,0.0
2025-02-04 00:00:00-05:00,213.8699951171875,223.6999969482422,213.8699951171875,222.33999633789062,219.77493286132812,79200,0.0,0.0
2025-02-05 00:00:00-05:00,222.86000061035156,227.32000732421875,220.16000366210938,222.11000061035156,219.547607421875,81500,0.0,0.0
2025-02-06 00:00:00-05:00,221.97999572753906,223.7899932861328,219.58999633789062,223.44000244140625,220.8622589111328,53700,0.0,0.0
2025-02-07 00:00:00-05:00,223.47000122070312,223.5800018310547,216.3800048828125,219.38999938964844,216.85897827148438,92800,0.0,0.0
2025-02-10 00:00:00-05:00,219.80999755859375,222.32000732421875,218.08999633789062,220.0,217.46192932128906,60800,0.0,0.0
2025-02-11 00:00:00-05:00,219.1699981689453,222.14999389648438,219.1699981689453,220.77999877929688,218.23294067382812,48200,0.0,0.0
2025-02-12 00:00:00-05:00,215.99000549316406,220.24000549316406,211.8800048828125,216.5,214.00233459472656,80000,0.0,0.0
2025-02-13 00:00:00-05:00,216.49000549316406,217.19000244140625,215.0,216.2100067138672,213.7156982421875,89000,0.0,0.0
2025-02-14 00:00:00-05:00,213.10000610351562,216.85000610351562,213.0,213.02000427246094,210.56246948242188,72100,0.0,0.0
2025-02-18 00:00:00-05:00,210.9499969482422,213.97999572753906,209.4199981689453,211.00999450683594,208.57566833496094,129100,0.0,0.0
2025-02-19 00:00:00-05:00,210.0500030517578,215.6999969482422,210.0500030517578,215.02000427246094,212.53941345214844,103900,0.0,0.0
2025-02-20 00:00:00-05:00,213.0800018310547,214.77999877929688,211.0,213.72000122070312,211.25440979003906,30800,0.0,0.0
2025-02-21 00:00:00-05:00,215.6999969482422,215.6999969482422,209.55999755859375,210.2899932861328,207.8639678955078,69100,0.0,0.0
2025-02-24 00:00:00-05:00,211.33999633789062,212.61000061035156,209.55999755859375,210.27000427246094,207.84420776367188,75300,0.0,0.0
2025-02-25 00:00:00-05:00,210.72000122070312,215.5399932861328,210.72000122070312,213.4199981689453,210.95785522460938,73000,0.0,0.0
2025-02-26 00:00:00-05:00,211.89999389648438,213.07000732421875,208.02999877929688,210.02999877929688,207.6069793701172,88500,0.0,0.0
2025-02-27 00:00:00-05:00,209.22000122070312,211.36000061035156,209.00999450683594,209.88999938964844,207.4685821533203,46100,0.0,0.0
2025-02-28 00:00:00-05:00,210.44000244140625,215.2899932861328,210.0,214.9199981689453,212.44056701660156,142400,0.0,0.0
2025-03-03 00:00:00-05:00,214.33999633789062,214.60000610351562,210.97999572753906,212.89999389648438,210.44384765625,61800,0.0,0.0
2025-03-04 00:00:00-05:00,211.5,211.5,206.10000610351562,207.00999450683594,204.62181091308594,114300,0.0,0.0
2025-03-05 00:00:00-05:00,206.10000610351562,212.07000732421875,206.10000610351562,210.5800018310547,208.150634765625,85400,0.0,0.0
2025-03-06 00:00:00-05:00,209.02000427246094,210.8800048828125,205.8800048828125,209.2899932861328,206.87550354003906,53700,0.0,0.0
2025-03-07 00:00:00-05:00,209.22999572753906,210.4199981689453,205.6699981689453,209.52999877929688,207.4596710205078,86100,0.35,0.0
2025-03-10 00:00:00-04:00,207.69000244140625,209.5800018310547,203.88999938964844,205.07000732421875,203.04376220703125,109200,0.0,0.0
2025-03-11 00:00:00-04:00,205.91000366210938,207.1300048828125,204.0,204.4600067138672,202.4397735595703,54600,0.0,0.0
2025-03-12 00:00:00-04:00,204.9199981689453,206.00999450683594,200.5800018310547,203.33999633789062,201.33082580566406,67300,0.0,0.0
2025-03-13 00:00:00-04:00,204.64999389648438,204.64999389648438,201.74000549316406,202.55999755859375,200.5585479736328,44200,0.0,0.0
2025-03-14 00:00:00-04:00,203.4499969482422,204.6300048828125,202.5800018310547,204.50999450683594,202.48927307128906,71300,0.0,0.0
2025-03-17 00:00:00-04:00,203.0,210.02999877929688,201.94000244140625,205.4600067138672,203.42990112304688,105300,0.0,0.0
2025-03-18 00:00:00-04:00,203.72000122070312,206.2100067138672,203.66000366210938,206.11000061035156,204.073486328125,66800,0.0,0.0
2025-03-19 00:00:00-04:00,206.91000366210938,207.8000030517578,203.44000244140625,204.97000122070312,202.9447479248047,90400,0.0,0.0
2025-03-20 00:00:00-04:00,202.50999450683594,203.75999450683594,199.6999969482422,200.1300048828125,198.15257263183594,69800,0.0,0.0
2025-03-21 00:00:00-04:00,198.00999450683594,198.07000732421875,194.94000244140625,197.22000122070312,195.27130126953125,291900,0.0,0.0
2025-03-24 00:00:00-04:00,199.66000366210938,199.66000366210938,196.0500030517578,197.57000732421875,195.61785888671875,150700,0.0,0.0
2025-03-25 00:00:00-04:00,171.5,176.36000061035156,162.0,169.41000366210938,167.736083984375,476300,0.0,0.0
2025-03-26 00:00:00-04:00,171.72000122070312,174.75,169.3800048828125,170.8699951171875,169.18167114257812,423400,0.0,0.0
2025-03-27 00:00:00-04:00,171.94000244140625,180.60000610351562,169.80999755859375,178.00999450683594,176.25111389160156,216600,0.0,0.0
2025-03-28 00:00:00-04:00,177.17999267578125,177.74000549316406,172.94000244140625,173.89999389648438,172.1817169189453,160100,0.0,0.0
2025-03-31 00:00:00-04:00,171.57000732421875,176.82000732421875,170.80999755859375,174.0,172.28073120117188,174800,0.0,0.0
2025-04-01 00:00:00-04:00,172.86000061035156,175.8000030517578,172.6999969482422,175.36000061035156,173.62733459472656,198000,0.0,0.0
2025-04-02 00:00:00-04:00,171.0,183.27999877929688,168.3800048828125,177.16000366210938,175.40951538085938,234200,0.0,0.0
2025-04-03 00:00:00-04:00,171.8300018310547,173.39999389648438,164.82000732421875,172.1699981689453,170.4688262939453,339800,0.0,0.0
2025-04-04 00:00:00-04:00,163.89999389648438,165.52000427246094,158.47999572753906,163.41000366210938,161.79537963867188,243500,0.0,0.0
2025-04-07 00:00:00-04:00,161.97000122070312,166.30999755859375,156.33999633789062,164.38999938964844,162.76568603515625,244000,0.0,0.0
2025-04-08 00:00:00-04:00,167.63999938964844,167.97000122070312,158.1999969482422,161.86000061035156,160.2606964111328,117000,0.0,0.0
2025-04-09 00:00:00-04:00,160.97999572753906,176.92999267578125,160.97999572753906,173.11000061035156,171.3995361328125,195700,0.0,0.0
2025-04-10 00:00:00-04:00,170.00999450683594,172.5800018310547,167.11000061035156,169.99000549316406,168.3103790283203,238700,0.0,0.0
2025-04-11 00:00:00-04:00,169.58999633789062,175.19000244140625,167.8800048828125,174.14999389648438,172.42922973632812,212200,0.0,0.0
2025-04-14 00:00:00-04:00,175.30999755859375,177.60000610351562,170.35000610351562,175.07000732421875,173.34017944335938,137000,0.0,0.0
2025-04-15 00:00:00-04:00,172.97000122070312,177.9600067138672,172.97000122070312,174.61000061035156,172.88473510742188,110300,0.0,0.0
2025-04-16 00:00:00-04:00,173.00999450683594,175.22999572753906,172.36000061035156,173.41000366210938,171.69659423828125,96600,0.0,0.0
2025-04-17 00:00:00-04:00,173.22999572753906,174.6999969482422,171.72000122070312,171.8800048828125,170.1816864013672,89400,0.0,0.0
2025-04-21 00:00:00-04:00,170.3300018310547,171.47000122070312,169.0500030517578,170.66000366210938,168.9737548828125,96800,0.0,0.0
2025-04-22 00:00:00-04:00,171.07000732421875,174.3300018310547,171.05999755859375,173.0399932861328,171.33021545410156,123400,0.0,0.0
2025-04-23 00:00:00-04:00,175.3699951171875,177.33999633789062,171.8800048828125,172.24000549316406,170.5381317138672,89000,0.0,0.0
2025-04-24 00:00:00-04:00,172.94000244140625,177.6999969482422,171.77999877929688,176.4499969482422,174.70652770996094,158200,0.0,0.0
2025-04-25 00:00:00-04:00,176.3699951171875,177.72999572753906,174.6999969482422,177.38999938964844,175.6372528076172,68200,0.0,0.0
2025-04-28 00:00:00-04:00,177.38999938964844,179.24000549316406,175.3300018310547,178.38999938964844,176.62738037109375,219000,0.0,0.0
2025-04-29 00:00:00-04:00,177.9600067138672,180.80999755859375,177.1300048828125,179.89999389648438,178.12245178222656,108200,0.0,0.0
2025-04-30 00:00:00-04:00,179.42999267578125,179.61000061035156,174.6199951171875,178.47000122070312,176.7065887451172,91100,0.0,0.0
2025-05-01 00:00:00-04:00,178.7899932861328,180.91000366210938,176.82000732421875,179.82000732421875,178.04324340820312,73000,0.0,0.0
2025-05-02 00:00:00-04:00,180.99000549316406,180.99000549316406,178.8300018310547,179.9499969482422,178.1719512939453,61100,0.0,0.0
2025-05-05 00:00:00-04:00,180.67999267578125,181.74000549316406,178.88999938964844,180.64999389648438,178.8650360107422,64300,0.0,0.0
2025-05-06 00:00:00-04:00,178.13999938964844,182.88999938964844,177.77999877929688,181.50999450683594,179.71652221679688,112000,0.0,0.0
2025-05-07 00:00:00-04:00,181.52000427246094,182.0,179.13999938964844,180.77999877929688,178.99375915527344,137200,0.0,0.0
2025-05-08 00:00:00-04:00,182.9600067138672,186.2100067138672,182.60000610351562,183.52999877929688,181.71658325195312,58000,0.0,0.0
2025-05-09 00:00:00-04:00,184.08999633789062,184.47999572753906,182.60000610351562,184.0500030517578,182.23146057128906,69600,0.0,0.0
2025-05-12 00:00:00-04:00,189.7100067138672,191.0500030517578,183.16000366210938,185.39999389648438,183.56808471679688,97500,0.0,0.0
2025-05-13 00:00:00-04:00,187.3800048828125,187.5399932861328,183.58999633789062,186.0500030517578,184.21168518066406,148100,0.0,0.0
2025-05-14 00:00:00-04:00,185.47999572753906,185.47999572753906,180.63999938964844,181.91000366210938,180.11260986328125,62200,0.0,0.0
2025-05-15 00:00:00-04:00,183.0,187.74000549316406,182.3800048828125,187.08999633789062,185.24139404296875,63000,0.0,0.0
2025-05-16 00:00:00-04:00,187.19000244140625,187.94000244140625,184.97999572753906,187.32000732421875,185.46913146972656,57900,0.0,0.0
2025-05-19 00:00:00-04:00,186.1699981689453,189.0800018310547,186.1699981689453,188.92999267578125,187.06321716308594,52000,0.0,0.0
2025-05-20 00:00:00-04:00,188.77000427246094,190.05999755859375,186.3699951171875,187.83999633789062,185.98397827148438,54900,0.0,0.0
2025-05-21 00:00:00-04:00,185.41000366210938,186.9499969482422,183.82000732421875,184.80999755859375,182.98391723632812,57100,0.0,0.0
2025-05-22 00:00:00-04:00,183.27999877929688,185.27000427246094,182.2899932861328,184.66000366210938,182.8354034423828,51800,0.0,0.0
2025-05-23 00:00:00-04:00,181.5,184.3699951171875,181.1300048828125,183.4499969482422,181.63735961914062,52600,0.0,0.0
2025-05-27 00:00:00-04:00,185.02999877929688,189.5500030517578,185.02999877929688,188.9499969482422,187.08302307128906,67500,0.0,0.0
2025-05-28 00:00:00-04:00,188.50999450683594,190.0,186.16000366210938,188.92999267578125,187.06321716308594,182700,0.0,0.0
2025-05-29 00:00:00-04:00,188.9499969482422,190.17999267578125,187.3699951171875,188.50999450683594,186.64736938476562,42400,0.0,0.0
2025-05-30 00:00:00-04:00,188.39999389648438,190.58999633789062,187.0500030517578,188.55999755859375,186.69688415527344,130600,0.0,0.0
2025-06-02 00:00:00-04:00,188.3699951171875,188.83999633789062,185.5500030517578,188.83999633789062,186.97410583496094,105700,0.0,0.0
2025-06-03 00:00:00-04:00,188.30999755859375,189.3000030517578,187.39999389648438,187.39999389648438,185.54832458496094,129500,0.0,0.0
2025-06-04 00:00:00-04:00,187.33999633789062,188.9600067138672,186.6199951171875,188.02000427246094,186.1622314453125,72100,0.0,0.0
2025-06-05 00:00:00-04:00,188.17999267578125,189.24000549316406,187.39999389648438,188.88999938964844,187.02362060546875,138900,0.0,0.0
2025-06-06 00:00:00-04:00,190.8800048828125,191.36000061035156,186.92999267578125,188.10000610351562,186.587158203125,174500,0.35,0.0
2025-06-09 00:00:00-04:00,188.10000610351562,190.75999450683594,186.5,189.63999938964844,188.11476135253906,131800,0.0,0.0
2025-06-10 00:00:00-04:00,190.61000061035156,192.10000610351562,188.67999267578125,189.3699951171875,187.84695434570312,78800,0.0,0.0
2025-06-11 00:00:00-04:00,189.9499969482422,190.6999969482422,187.30999755859375,188.10000610351562,186.587158203125,132600,0.0,0.0
2025-06-12 00:00:00-04:00,187.22000122070312,187.5500030517578,185.3800048828125,187.5399932861328,186.03164672851562,84200,0.0,0.0
2025-06-13 00:00:00-04:00,186.85000610351562,188.72999572753906,184.08999633789062,184.4499969482422,182.9665069580078,103100,0.0,0.0
2025-06-16 00:00:00-04:00,186.3800048828125,186.8300018310547,184.35000610351562,185.27000427246094,183.77993774414062,127800,0.0,0.0
2025-06-17 00:00:00-04:00,184.2899932861328,186.77999877929688,184.2899932861328,185.27999877929688,183.7898406982422,121500,0.0,0.0
2025-06-18 00:00:00-04:00,184.3699951171875,185.9600067138672,182.8000030517578,183.25999450683594,181.78607177734375,113500,0.0,0.0
2025-06-20 00:00:00-04:00,183.8300018310547,185.2899932861328,182.6699981689453,183.5800018310547,182.103515625,285100,0.0,0.0
2025-06-23 00:00:00-04:00,183.2100067138672,185.99000549316406,183.08999633789062,185.88999938964844,184.39492797851562,96700,0.0,0.0
2025-06-24 00:00:00-04:00,186.91000366210938,188.22999572753906,185.5500030517578,188.22999572753906,186.7161102294922,114700,0.0,0.0
2025-06-25 00:00:00-04:00,187.9600067138672,187.9600067138672,184.49000549316406,184.61000061035156,183.12522888183594,100000,0.0,0.0
2025-06-26 00:00:00-04:00,184.47999572753906,188.4199981689453,183.27999877929688,185.9600067138672,184.46438598632812,120400,0.0,0.0
2025-06-27 00:00:00-04:00,186.1199951171875,187.6699981689453,183.67999267578125,186.32000732421875,184.82147216796875,181000,0.0,0.0
2025-06-30 00:00:00-04:00,187.8000030517578,189.07000732421875,186.2899932861328,188.22000122070312,186.7061767578125,237700,0.0,0.0
2025-07-01 00:00:00-04:00,187.63999938964844,192.75,186.77999877929688,190.41000366210938,188.8785858154297,229200,0.0,0.0
2025-07-02 00:00:00-04:00,187.25,191.80999755859375,170.0,171.07000732421875,169.69415283203125,304200,0.0,0.0
2025-07-03 00:00:00-04:00,173.0,176.05999755859375,171.19000244140625,175.00999450683594,173.60243225097656,112400,0.0,0.0
2025-07-07 00:00:00-04:00,174.6999969482422,175.52000427246094,169.6699981689453,169.67999267578125,168.31529235839844,182500,0.0,0.0
2025-07-08 00:00:00-04:00,169.97999572753906,173.60000610351562,169.17999267578125,170.6300048828125,169.2576904296875,231300,0.0,0.0
2025-07-09 00:00:00-04:00,170.32000732421875,173.10000610351562,170.32000732421875,171.89999389648438,170.5174560546875,171800,0.0,0.0
2025-07-10 00:00:00-04:00,171.41000366210938,176.30999755859375,170.89999389648438,174.25999450683594,172.8584747314453,176200,0.0,0.0
2025-07-11 00:00:00-04:00,174.25,175.38999938964844,173.0,174.2899932861328,172.8882293701172,109000,0.0,0.0
2025-07-14 00:00:00-04:00,173.05999755859375,178.63999938964844,173.05999755859375,178.08999633789062,176.65765380859375,132200,0.0,0.0
2025-07-15 00:00:00-04:00,177.85000610351562,178.6199951171875,173.5500030517578,173.75999450683594,172.36248779296875,117300,0.0,0.0
2025-07-16 00:00:00-04:00,175.35000610351562,177.8699951171875,172.1999969482422,177.6199951171875,176.1914520263672,156100,0.0,0.0
2025-07-17 00:00:00-04:00,176.8800048828125,179.0,176.61000061035156,177.8300018310547,176.39974975585938,129200,0.0,0.0
2025-07-18 00:00:00-04:00,178.07000732421875,179.8800048828125,173.82000732421875,175.4199981689453,174.00912475585938,108500,0.0,0.0
2025-07-21 00:00:00-04:00,175.52000427246094,178.22999572753906,174.32000732421875,174.32000732421875,172.91799926757812,69400,0.0,0.0
2025-07-22 00:00:00-04:00,174.32000732421875,176.9600067138672,173.42999267578125,173.61000061035156,172.2136993408203,92200,0.0,0.0
2025-07-23 00:00:00-04:00,173.9199981689453,176.58999633789062,173.49000549316406,176.02000427246094,174.6043243408203,100200,0.0,0.0
2025-07-24 00:00:00-04:00,175.13999938964844,176.22999572753906,174.0800018310547,174.49000549316406,173.0866241455078,85100,0.0,0.0
2025-07-25 00:00:00-04:00,175.24000549316406,175.24000549316406,173.24000549316406,173.39999389648438,172.00538635253906,116600,0.0,0.0
2025-07-28 00:00:00-04:00,173.41000366210938,178.92999267578125,173.41000366210938,174.0,172.60055541992188,176600,0.0,0.0
2025-07-29 00:00:00-04:00,175.41000366210938,175.88999938964844,171.5500030517578,172.35000610351562,170.96383666992188,132400,0.0,0.0
2025-07-30 00:00:00-04:00,172.89999389648438,173.5,169.5500030517578,170.3699951171875,168.99974060058594,92700,0.0,0.0
2025-07-31 00:00:00-04:00,168.86000061035156,173.75,168.86000061035156,171.02999877929688,169.65444946289062,168200,0.0,0.0
2025-08-01 00:00:00-04:00,170.3800048828125,170.8699951171875,165.74000549316406,169.97999572753906,168.61289978027344,142700,0.0,0.0
2025-08-04 00:00:00-04:00,169.94000244140625,173.63999938964844,169.3000030517578,172.9199981689453,171.52923583984375,84400,0.0,0.0
2025-08-05 00:00:00-04:00,172.50999450683594,174.13999938964844,170.57000732421875,171.8699951171875,170.4876708984375,104800,0.0,0.0
2025-08-06 00:00:00-04:00,171.82000732421875,172.72000122070312,170.99000549316406,172.42999267578125,171.04318237304688,68300,0.0,0.0
2025-08-07 00:00:00-04:00,173.9499969482422,175.0,171.97999572753906,172.61000061035156,171.22174072265625,60000,0.0,0.0
2025-08-08 00:00:00-04:00,172.9199981689453,173.97999572753906,171.72000122070312,172.13999938964844,170.75552368164062,64500,0.0,0.0
2025-08-11 00:00:00-04:00,173.3800048828125,174.8300018310547,171.14999389648438,174.42999267578125,173.027099609375,148000,0.0,0.0
2025-08-12 00:00:00-04:00,175.9499969482422,176.72000122070312,174.0,175.3300018310547,173.91986083984375,76500,0.0,0.0
2025-08-13 00:00:00-04:00,175.41000366210938,178.47999572753906,175.41000366210938,177.94000244140625,176.50888061523438,69100,0.0,0.0
2025-08-14 00:00:00-04:00,175.97000122070312,176.82000732421875,172.05999755859375,174.72000122070312,173.3147735595703,72500,0.0,0.0
2025-08-15 00:00:00-04:00,175.07000732421875,175.27999877929688,172.66000366210938,173.6300048828125,172.23355102539062,65000,0.0,0.0
2025-08-18 00:00:00-04:00,173.6999969482422,175.58999633789062,173.6999969482422,174.67999267578125,173.2751007080078,51000,0.0,0.0
2025-08-19 00:00:00-04:00,175.5800018310547,176.91000366210938,174.6300048828125,174.8699951171875,173.4635467529297,68500,0.0,0.0
2025-08-20 00:00:00-04:00,175.27999877929688,177.4600067138672,173.88999938964844,173.88999938964844,172.49143981933594,63000,0.0,0.0
2025-08-21 00:00:00-04:00,172.97000122070312,175.22999572753906,172.97000122070312,174.66000366210938,173.25523376464844,56300,0.0,0.0
2025-08-22 00:00:00-04:00,175.9499969482422,181.3699951171875,174.6999969482422,179.11000061035156,177.66944885253906,87800,0.0,0.0
2025-08-25 00:00:00-04:00,179.0,179.94000244140625,175.63999938964844,176.1999969482422,174.78286743164062,75800,0.0,0.0
2025-08-26 00:00:00-04:00,176.63999938964844,177.4199981689453,175.6300048828125,175.75,174.33648681640625,109100,0.0,0.0
2025-08-27 00:00:00-04:00,175.0,178.3000030517578,175.0,177.27000427246094,175.84425354003906,65400,0.0,0.0
2025-08-28 00:00:00-04:00,177.3000030517578,177.8000030517578,174.57000732421875,177.1300048828125,175.7053985595703,114500,0.0,0.0
2025-08-29 00:00:00-04:00,176.3800048828125,179.1999969482422,175.3300018310547,177.82000732421875,176.3898468017578,104300,0.0,0.0
2025-09-02 00:00:00-04:00,177.55999755859375,177.55999755859375,173.1300048828125,175.8699951171875,174.45550537109375,57900,0.0,0.0
2025-09-03 00:00:00-04:00,176.2899932861328,176.6999969482422,175.0,175.27999877929688,173.87025451660156,97500,0.0,0.0
2025-09-04 00:00:00-04:00,175.82000732421875,179.44000244140625,175.3800048828125,178.9600067138672,177.52066040039062,63900,0.0,0.0
2025-09-05 00:00:00-04:00,178.49000549316406,180.75,177.17999267578125,177.77000427246094,176.685791015625,91600,0.35,0.0
2025-09-08 00:00:00-04:00,177.69000244140625,177.69000244140625,173.3000030517578,174.55999755859375,173.495361328125,124500,0.0,0.0
2025-09-09 00:00:00-04:00,173.83999633789062,174.05999755859375,170.66000366210938,173.1300048828125,172.07408142089844,64500,0.0,0.0
2025-09-10 00:00:00-04:00,172.47000122070312,172.47000122070312,170.24000549316406,171.07000732421875,170.02667236328125,107300,0.0,0.0
2025-09-11 00:00:00-04:00,171.3300018310547,176.72000122070312,171.3300018310547,176.22000122070312,175.14524841308594,104300,0.0,0.0
2025-09-12 00:00:00-04:00,175.0,175.0,171.47999572753906,171.57000732421875,170.5236053466797,80900,0.0,0.0
2025-09-15 00:00:00-04:00,172.27000427246094,173.13999938964844,170.39999389648438,171.60000610351562,170.5534210205078,161600,0.0,0.0
2025-09-16 00:00:00-04:00,170.32000732421875,172.67999267578125,170.32000732421875,171.0500030517578,170.00677490234375,83900,0.0,0.0
2025-09-17 00:00:00-04:00,171.66000366210938,173.74000549316406,169.24000549316406,169.32000732421875,168.28733825683594,118000,0.0,0.0
2025-09-18 00:00:00-04:00,170.10000610351562,171.72999572753906,168.75,170.6999969482422,169.65890502929688,126900,0.0,0.0
2025-09-19 00:00:00-04:00,171.22999572753906,173.22999572753906,167.4199981689453,168.4499969482422,167.42263793945312,413200,0.0,0.0
2025-09-22 00:00:00-04:00,168.24000549316406,172.52000427246094,167.72000122070312,171.47999572753906,170.43414306640625,123600,0.0,0.0
2025-09-23 00:00:00-04:00,171.5399932861328,173.08999633789062,166.88999938964844,167.08999633789062,166.0709228515625,135900,0.0,0.0
2025-09-24 00:00:00-04:00,166.25999450683594,168.36000061035156,166.25999450683594,166.8000030517578,165.78269958496094,128000,0.0,0.0
2025-09-25 00:00:00-04:00,167.3000030517578,167.4499969482422,164.30999755859375,165.27000427246094,164.2620391845703,100000,0.0,0.0
2025-09-26 00:00:00-04:00,165.42999267578125,168.8699951171875,164.22999572753906,168.75999450683594,167.73074340820312,78800,0.0,0.0
2025-09-29 00:00:00-04:00,167.85000610351562,168.88999938964844,165.77999877929688,166.6999969482422,165.68331909179688,107200,0.0,0.0
2025-09-30 00:00:00-04:00,166.6999969482422,167.6199951171875,164.83999633789062,167.19000244140625,166.17031860351562,101000,0.0,0.0
2025-10-01 00:00:00-04:00,166.1199951171875,167.0,164.50999450683594,166.30999755859375,165.29566955566406,76800,0.0,0.0
2025-10-02 00:00:00-04:00,166.02999877929688,167.6699981689453,164.9600067138672,167.25,166.22994995117188,87600,0.0,0.0
2025-10-03 00:00:00-04:00,167.5,171.0,166.19000244140625,168.91000366210938,167.8798370361328,105100,0.0,0.0
2025-10-06 00:00:00-04:00,169.25999450683594,170.91000366210938,164.25999450683594,164.97000122070312,163.9638671875,120300,0.0,0.0
2025-10-07 00:00:00-04:00,164.72999572753906,166.07000732421875,163.8699951171875,164.67999267578125,163.6756134033203,92200,0.0,0.0
2025-10-08 00:00:00-04:00,165.25,166.6300048828125,164.16000366210938,164.52999877929688,163.5265350341797,72500,0.0,0.0
2025-10-09 00:00:00-04:00,164.89999389648438,164.89999389648438,161.17999267578125,161.27999877929688,160.29637145996094,81000,0.0,0.0
2025-10-10 00:00:00-04:00,161.30999755859375,162.63999938964844,157.0,157.4499969482422,156.48973083496094,87700,0.0,0.0
2025-10-13 00:00:00-04:00,158.3800048828125,159.33999633789062,156.5399932861328,158.52000427246094,157.55322265625,92100,0.0,0.0
2025-10-14 00:00:00-04:00,157.86000061035156,163.5399932861328,156.2100067138672,163.2100067138672,162.21458435058594,227400,0.0,0.0
2025-10-15 00:00:00-04:00,163.1999969482422,165.5500030517578,160.0399932861328,161.67999267578125,160.69390869140625,129400,0.0,0.0
2025-10-16 00:00:00-04:00,161.66000366210938,166.1300048828125,159.5,165.24000549316406,164.2322235107422,228700,0.0,0.0
2025-10-17 00:00:00-04:00,165.1699981689453,169.80999755859375,164.7899932861328,168.2899932861328,167.26361083984375,183200,0.0,0.0
2025-10-20 00:00:00-04:00,168.5800018310547,171.47999572753906,166.9199981689453,171.3300018310547,170.2850799560547,117700,0.0,0.0
2025-10-21 00:00:00-04:00,171.72999572753906,175.0,170.22999572753906,173.3699951171875,172.31260681152344,173400,0.0,0.0
2025-10-22 00:00:00-04:00,155.0,169.9499969482422,154.0,164.97999572753906,163.97378540039062,380300,0.0,0.0
2025-10-23 00:00:00-04:00,164.14999389648438,164.14999389648438,154.24000549316406,155.89999389648438,154.9491729736328,308200,0.0,0.0
2025-10-24 00:00:00-04:00,157.69000244140625,161.4499969482422,155.36000061035156,161.4499969482422,160.46531677246094,219500,0.0,0.0
2025-10-27 00:00:00-04:00,161.58999633789062,161.77999877929688,155.22999572753906,157.75999450683594,156.79783630371094,219000,0.0,0.0
2025-10-28 00:00:00-04:00,157.22000122070312,160.30999755859375,157.0399932861328,159.52000427246094,158.547119140625,139600,0.0,0.0
2025-10-29 00:00:00-04:00,158.85000610351562,159.6199951171875,155.0,155.55999755859375,154.6112518310547,156000,0.0,0.0
2025-10-30 00:00:00-04:00,155.30999755859375,157.47999572753906,154.00999450683594,156.4199981689453,155.46600341796875,139900,0.0,0.0
2025-10-31 00:00:00-04:00,155.0800018310547,156.27000427246094,152.0,154.35000610351562,153.40863037109375,145900,0.0,0.0
2025-11-03 00:00:00-05:00,155.11000061035156,156.91000366210938,152.25999450683594,155.75999450683594,154.8100128173828,149000,0.0,0.0
2025-11-04 00:00:00-05:00,155.1300048828125,155.83999633789062,150.32000732421875,151.86000061035156,150.93382263183594,121000,0.0,0.0
2025-11-05 00:00:00-05:00,151.89999389648438,153.27000427246094,150.60000610351562,151.80999755859375,150.88412475585938,84500,0.0,0.0
2025-11-06 00:00:00-05:00,149.97000122070312,152.9199981689453,147.66000366210938,150.02000427246094,149.10504150390625,114100,0.0,0.0
2025-11-07 00:00:00-05:00,150.42999267578125,151.8699951171875,149.77999877929688,151.33999633789062,150.41696166992188,106900,0.0,0.0
2025-11-10 00:00:00-05:00,152.00999450683594,153.67999267578125,150.4199981689453,152.91000366210938,151.9774169921875,142700,0.0,0.0
2025-11-11 00:00:00-05:00,152.83999633789062,154.13999938964844,151.50999450683594,153.0500030517578,152.11656188964844,75800,0.0,0.0
2025-11-12 00:00:00-05:00,153.66000366210938,159.1699981689453,153.66000366210938,155.3699951171875,154.42239379882812,153100,0.0,0.0
2025-11-13 00:00:00-05:00,154.8300018310547,160.47999572753906,151.50999450683594,159.2100067138672,158.23899841308594,169500,0.0,0.0
2025-11-14 00:00:00-05:00,158.4600067138672,163.86000061035156,154.02000427246094,161.1999969482422,160.21685791015625,324600,0.0,0.0
2025-11-17 00:00:00-05:00,159.5800018310547,160.69000244140625,157.72999572753906,158.0500030517578,157.0860595703125,274600,0.0,0.0
2025-11-18 00:00:00-05:00,158.7100067138672,161.10000610351562,154.0,158.7100067138672,157.74203491210938,152300,0.0,0.0
2025-11-19 00:00:00-05:00,158.61000061035156,161.08999633789062,157.63999938964844,159.85000610351562,158.87509155273438,232700,0.0,0.0
2025-11-20 00:00:00-05:00,159.49000549316406,161.6300048828125,158.25,159.86000061035156,158.88504028320312,156700,0.0,0.0
2025-11-21 00:00:00-05:00,160.6999969482422,164.5,159.82000732421875,163.0500030517578,162.05557250976562,127700,0.0,0.0
2025-11-24 00:00:00-05:00,163.0800018310547,163.52999877929688,160.13999938964844,162.2899932861328,161.30020141601562,97700,0.0,0.0
2025-11-25 00:00:00-05:00,163.52000427246094,171.1699981689453,163.52000427246094,167.02000427246094,166.00137329101562,125100,0.0,0.0
2025-11-26 00:00:00-05:00,166.14999389648438,174.75,164.42999267578125,171.85000610351562,170.80191040039062,332600,0.0,0.0
2025-11-28 00:00:00-05:00,171.5800018310547,173.1199951171875,171.5800018310547,172.5500030517578,171.49761962890625,157900,0.0,0.0
2025-12-01 00:00:00-05:00,170.99000549316406,179.27999877929688,170.99000549316406,177.14999389648438,176.06956481933594,215900,0.0,0.0
2025-12-02 00:00:00-05:00,176.60000610351562,177.72000122070312,174.27000427246094,177.19000244140625,176.10934448242188,326600,0.0,0.0
2025-12-03 00:00:00-05:00,176.5399932861328,179.1199951171875,175.6699981689453,177.3800048828125,176.2981719970703,160900,0.0,0.0
2025-12-04 00:00:00-05:00,178.00999450683594,180.75,173.8699951171875,177.85000610351562,176.7653045654297,195900,0.0,0.0
2025-12-05 00:00:00-05:00,178.0399932861328,182.30999755859375,176.7100067138672,181.22000122070312,180.4851531982422,146300,0.365,0.0
2025-12-08 00:00:00-05:00,181.3000030517578,184.80999755859375,178.86000061035156,180.00999450683594,179.28005981445312,416300,0.0,0.0
2025-12-09 00:00:00-05:00,180.4199981689453,181.89999389648438,178.42999267578125,179.8699951171875,179.140625,202100,0.0,0.0
2025-12-10 00:00:00-05:00,180.55999755859375,183.25999450683594,179.35000610351562,181.1300048828125,180.39552307128906,245100,0.0,0.0
2025-12-11 00:00:00-05:00,182.60000610351562,186.0399932861328,179.6300048828125,179.77000427246094,179.04104614257812,166500,0.0,0.0
2025-12-12 00:00:00-05:00,180.32000732421875,182.9199981689453,178.33999633789062,179.35000610351562,178.6227569580078,144700,0.0,0.0
2025-12-15 00:00:00-05:00,183.92999267578125,183.92999267578125,176.85000610351562,177.6199951171875,176.89976501464844,221400,0.0,0.0
2025-12-16 00:00:00-05:00,175.9499969482422,177.66000366210938,173.3300018310547,174.1999969482422,173.49362182617188,245800,0.0,0.0
2025-12-17 00:00:00-05:00,174.14999389648438,178.77999877929688,171.86000061035156,176.80999755859375,176.09304809570312,290300,0.0,0.0
2025-12-18 00:00:00-05:00,177.52999877929688,178.63999938964844,173.3800048828125,174.0399932861328,173.3342742919922,183900,0.0,0.0
2025-12-19 00:00:00-05:00,172.50999450683594,172.50999450683594,166.4199981689453,170.16000366210938,169.47000122070312,526400,0.0,0.0
2025-12-22 00:00:00-05:00,213.22000122070312,218.52000427246094,191.89999389648438,197.63999938964844,196.83859252929688,1406700,0.0,0.0
2025-12-23 00:00:00-05:00,200.22999572753906,201.8000030517578,197.1699981689453,199.0,198.1930694580078,379200,0.0,0.0
2025-12-24 00:00:00-05:00,199.1999969482422,200.75,197.36000061035156,199.57000732421875,198.76075744628906,136000,0.0,0.0
2025-12-26 00:00:00-05:00,201.25999450683594,201.25999450683594,197.5,197.5800018310547,196.77882385253906,151200,0.0,0.0
2025-12-29 00:00:00-05:00,197.5800018310547,199.47999572753906,195.0,196.5500030517578,195.7530059814453,175500,0.0,0.0
2025-12-30 00:00:00-05:00,196.0,197.2899932861328,195.07000732421875,195.07000732421875,194.2790069580078,126600,0.0,0.0
