Date,Open,High,Low,Close,Adj Close,Volume,Dividends,Stock Splits
2021-01-04 00:00:00-05:00,102.62000274658203,103.01000213623047,101.06999969482422,101.19000244140625,97.21884155273438,1121100,0.0,0.0
2021-01-05 00:00:00-05:00,101.0,102.08000183105469,100.66999816894531,101.70999908447266,97.71846008300781,1071200,0.0,0.0
2021-01-06 00:00:00-05:00,101.5,103.43000030517578,101.26000213623047,103.16999816894531,99.12117004394531,1122500,0.0,0.0
2021-01-07 00:00:00-05:00,102.44000244140625,104.0999984741211,102.44000244140625,104.0,99.91857147216797,840300,0.0,0.0
2021-01-08 00:00:00-05:00,104.06999969482422,105.4000015258789,104.05999755859375,105.33999633789062,101.20600128173828,880300,0.0,0.0
2021-01-11 00:00:00-05:00,104.77999877929688,105.0199966430664,103.54000091552734,103.79000091552734,99.71684265136719,670100,0.0,0.0
2021-01-12 00:00:00-05:00,103.61000061035156,104.06999969482422,102.83000183105469,102.98999786376953,98.94820404052734,866400,0.0,0.0
2021-01-13 00:00:00-05:00,103.08999633789062,103.18000030517578,101.95999908447266,102.7699966430664,98.7368392944336,1044000,0.0,0.0
2021-01-14 00:00:00-05:00,102.88999938964844,102.95999908447266,101.33000183105469,101.69999694824219,97.70884704589844,845900,0.0,0.0
2021-01-15 00:00:00-05:00,101.33999633789062,102.12000274658203,101.19999694824219,101.87000274658203,97.87217712402344,1047200,0.0,0.0
2021-01-19 00:00:00-05:00,101.94000244140625,103.5199966430664,101.6500015258789,102.5,98.47747039794922,1046200,0.0,0.0
2021-01-20 00:00:00-05:00,103.0,103.52999877929688,102.66000366210938,102.91000366210938,98.87136840820312,684900,0.0,0.0
2021-01-21 00:00:00-05:00,102.70999908447266,103.4800033569336,102.69999694824219,102.91999816894531,98.88096618652344,681900,0.0,0.0
2021-01-22 00:00:00-05:00,102.80000305175781,103.80999755859375,102.5999984741211,102.95999908447266,98.91940307617188,623300,0.0,0.0
2021-01-25 00:00:00-05:00,102.75,103.08000183105469,101.19999694824219,101.97000122070312,97.96825408935547,1093400,0.0,0.0
2021-01-26 00:00:00-05:00,102.37999725341797,102.4000015258789,101.1500015258789,101.5999984741211,97.61275482177734,1132100,0.0,0.0
2021-01-27 00:00:00-05:00,101.0199966430664,101.1500015258789,98.68000030517578,99.31999969482422,95.42224884033203,2484000,0.0,0.0
2021-01-28 00:00:00-05:00,99.45999908447266,100.5,99.16000366210938,99.52999877929688,95.6240005493164,1653400,0.0,0.0
2021-01-29 00:00:00-05:00,98.98999786376953,99.0999984741211,97.69000244140625,98.51000213623047,94.64402770996094,2183200,0.0,0.0
2021-02-01 00:00:00-05:00,98.66000366210938,99.36000061035156,97.97000122070312,98.4000015258789,94.53836822509766,1146600,0.0,0.0
2021-02-02 00:00:00-05:00,99.0,100.0999984741211,98.91000366210938,99.9000015258789,95.9794921875,1068100,0.0,0.0
2021-02-03 00:00:00-05:00,99.94000244140625,100.31999969482422,98.98999786376953,99.13999938964844,95.24930572509766,658300,0.0,0.0
2021-02-04 00:00:00-05:00,99.1500015258789,99.52999877929688,98.56999969482422,98.8499984741211,94.9706802368164,1351700,0.0,0.0
2021-02-05 00:00:00-05:00,99.05999755859375,99.9000015258789,98.80000305175781,98.94000244140625,95.05716705322266,1120900,0.0,0.0
2021-02-08 00:00:00-05:00,99.18000030517578,99.72000122070312,98.41999816894531,98.94999694824219,95.06676483154297,1054600,0.0,0.0
2021-02-09 00:00:00-05:00,98.94999694824219,99.30000305175781,98.12000274658203,98.72000122070312,94.8458023071289,787300,0.0,0.0
2021-02-10 00:00:00-05:00,99.0,99.30999755859375,98.12999725341797,98.47000122070312,94.60560607910156,938500,0.0,0.0
2021-02-11 00:00:00-05:00,98.93000030517578,98.9800033569336,98.12000274658203,98.33000183105469,94.47109985351562,1829000,0.0,0.0
2021-02-12 00:00:00-05:00,98.06999969482422,99.38999938964844,98.01000213623047,99.36000061035156,95.4606704711914,659100,0.0,0.0
2021-02-16 00:00:00-05:00,99.18000030517578,99.73999786376953,98.3499984741211,98.36000061035156,94.49991607666016,1300600,0.0,0.0
2021-02-17 00:00:00-05:00,97.87000274658203,98.72000122070312,97.1500015258789,98.23999786376953,94.38463592529297,969200,0.0,0.0
2021-02-18 00:00:00-05:00,98.48999786376953,99.73999786376953,97.04000091552734,99.61000061035156,95.70088958740234,1695000,0.0,0.0
2021-02-19 00:00:00-05:00,99.9800033569336,100.12999725341797,99.22000122070312,99.80000305175781,95.8834228515625,1040300,0.0,0.0
2021-02-22 00:00:00-05:00,99.44999694824219,99.62999725341797,97.93000030517578,98.70999908447266,94.836181640625,1389200,0.0,0.0
2021-02-23 00:00:00-05:00,98.81999969482422,99.01000213623047,97.19000244140625,97.54000091552734,93.71212005615234,1466100,0.0,0.0
2021-02-24 00:00:00-05:00,97.33000183105469,99.18000030517578,97.0199966430664,98.62999725341797,94.75934600830078,790200,0.0,0.0
2021-02-25 00:00:00-05:00,98.41999816894531,99.91000366210938,98.25,99.01000213623047,95.12444305419922,978800,0.0,0.0
2021-02-26 00:00:00-05:00,98.94000244140625,99.33999633789062,97.58000183105469,97.69000244140625,93.85621643066406,1671000,0.0,0.0
2021-03-01 00:00:00-05:00,98.44999694824219,99.91000366210938,98.06999969482422,99.33000183105469,95.43184661865234,622800,0.0,0.0
2021-03-02 00:00:00-05:00,98.87999725341797,99.9000015258789,98.87999725341797,99.5199966430664,95.81211853027344,1210800,0.205,0.0
2021-03-03 00:00:00-05:00,99.58999633789062,99.86000061035156,98.86000061035156,99.33999633789062,95.63883972167969,906800,0.0,0.0
2021-03-04 00:00:00-05:00,99.36000061035156,100.79000091552734,99.0,99.58000183105469,95.86991882324219,1744900,0.0,0.0
2021-03-05 00:00:00-05:00,99.98999786376953,101.87000274658203,99.27999877929688,101.75,97.95904541015625,2249000,0.0,0.0
2021-03-08 00:00:00-05:00,101.31999969482422,103.20999908447266,101.31999969482422,102.20999908447266,98.40192413330078,1282300,0.0,0.0
2021-03-09 00:00:00-05:00,102.86000061035156,103.93000030517578,102.33000183105469,102.48999786376953,98.6714859008789,985700,0.0,0.0
2021-03-10 00:00:00-05:00,102.97000122070312,104.08000183105469,102.11000061035156,102.9000015258789,99.06621551513672,582900,0.0,0.0
2021-03-11 00:00:00-05:00,102.93000030517578,103.08999633789062,102.19999694824219,102.19999694824219,98.39228057861328,592800,0.0,0.0
2021-03-12 00:00:00-05:00,102.16000366210938,103.37999725341797,102.16000366210938,103.0,99.16246795654297,1193600,0.0,0.0
2021-03-15 00:00:00-04:00,103.13999938964844,103.4800033569336,102.29000091552734,103.47000122070312,99.61497497558594,749200,0.0,0.0
2021-03-16 00:00:00-04:00,102.91999816894531,104.30000305175781,102.79000091552734,103.98999786376953,100.1156005859375,757400,0.0,0.0
2021-03-17 00:00:00-04:00,103.87000274658203,103.87000274658203,101.88999938964844,101.93000030517578,98.13236236572266,804700,0.0,0.0
2021-03-18 00:00:00-04:00,102.01000213623047,103.8499984741211,101.48999786376953,103.73999786376953,99.87489318847656,1044000,0.0,0.0
2021-03-19 00:00:00-04:00,104.11000061035156,104.3499984741211,102.86000061035156,102.87000274658203,99.0373306274414,1230600,0.0,0.0
2021-03-22 00:00:00-04:00,103.4000015258789,103.69999694824219,102.37000274658203,103.52999877929688,99.6727523803711,1143900,0.0,0.0
2021-03-23 00:00:00-04:00,103.62999725341797,105.0999984741211,103.2300033569336,104.62999725341797,100.73174285888672,1398300,0.0,0.0
2021-03-24 00:00:00-04:00,104.47000122070312,106.27999877929688,103.7699966430664,105.75,101.81002807617188,1106300,0.0,0.0
2021-03-25 00:00:00-04:00,105.73999786376953,106.1500015258789,105.12999725341797,105.4000015258789,101.47307586669922,1410200,0.0,0.0
2021-03-26 00:00:00-04:00,105.37999725341797,107.11000061035156,105.16000366210938,106.5,102.5320816040039,1519900,0.0,0.0
2021-03-29 00:00:00-04:00,106.51000213623047,108.36000061035156,106.41999816894531,108.12000274658203,104.09173583984375,1261200,0.0,0.0
2021-03-30 00:00:00-04:00,107.86000061035156,108.08000183105469,107.22000122070312,107.73999786376953,103.72589111328125,853100,0.0,0.0
2021-03-31 00:00:00-04:00,107.6500015258789,108.22000122070312,107.3499984741211,107.9800033569336,103.9569320678711,1066500,0.0,0.0
2021-04-01 00:00:00-04:00,108.29000091552734,109.69000244140625,107.9000015258789,109.37999725341797,105.30479431152344,923800,0.0,0.0
2021-04-05 00:00:00-04:00,109.63999938964844,110.58999633789062,109.61000061035156,110.27999877929688,106.17125701904297,698300,0.0,0.0
2021-04-06 00:00:00-04:00,110.11000061035156,111.12000274658203,109.81999969482422,110.91999816894531,106.78740692138672,785000,0.0,0.0
2021-04-07 00:00:00-04:00,111.97000122070312,112.41999816894531,111.19000244140625,112.41999816894531,108.23150634765625,1268300,0.0,0.0
2021-04-08 00:00:00-04:00,112.30999755859375,113.7300033569336,112.30999755859375,113.62000274658203,109.38679504394531,1057700,0.0,0.0
2021-04-09 00:00:00-04:00,114.16999816894531,114.70999908447266,113.8499984741211,114.48999786376953,110.2243881225586,1264100,0.0,0.0
2021-04-12 00:00:00-04:00,114.52999877929688,115.12999725341797,114.20999908447266,114.54000091552734,110.27253723144531,828900,0.0,0.0
2021-04-13 00:00:00-04:00,114.72000122070312,115.41999816894531,113.66000366210938,114.80000305175781,110.5228500366211,946400,0.0,0.0
2021-04-14 00:00:00-04:00,114.81999969482422,115.36000061035156,114.05000305175781,114.08000183105469,109.82965850830078,797300,0.0,0.0
2021-04-15 00:00:00-04:00,114.19999694824219,115.86000061035156,114.19999694824219,115.72000122070312,111.40856170654297,718300,0.0,0.0
2021-04-16 00:00:00-04:00,115.70999908447266,116.98999786376953,115.47000122070312,116.77999877929688,112.42908477783203,885100,0.0,0.0
2021-04-19 00:00:00-04:00,116.58000183105469,117.12999725341797,116.12000274658203,116.4000015258789,112.0632553100586,780200,0.0,0.0
2021-04-20 00:00:00-04:00,116.0999984741211,117.41000366210938,115.91000366210938,116.6500015258789,112.30391693115234,1008800,0.0,0.0
2021-04-21 00:00:00-04:00,116.69000244140625,117.94000244140625,116.4800033569336,116.98999786376953,112.63125610351562,1247800,0.0,0.0
2021-04-22 00:00:00-04:00,117.0,117.80000305175781,116.20999908447266,117.02999877929688,112.66976928710938,687600,0.0,0.0
2021-04-23 00:00:00-04:00,117.23999786376953,118.01000213623047,117.0999984741211,117.95999908447266,113.56511688232422,781900,0.0,0.0
2021-04-26 00:00:00-04:00,118.79000091552734,118.79000091552734,116.0999984741211,116.13999938964844,111.81292724609375,925800,0.0,0.0
2021-04-27 00:00:00-04:00,116.05999755859375,117.31999969482422,115.83000183105469,117.0199966430664,112.6601333618164,698800,0.0,0.0
2021-04-28 00:00:00-04:00,117.25,117.75,116.72000122070312,117.2300033569336,112.8623046875,595300,0.0,0.0
2021-04-29 00:00:00-04:00,117.47000122070312,118.69999694824219,117.27999877929688,118.54000091552734,114.12349700927734,826500,0.0,0.0
2021-04-30 00:00:00-04:00,119.0999984741211,119.94000244140625,118.2699966430664,119.11000061035156,114.67225646972656,1049200,0.0,0.0
2021-05-03 00:00:00-04:00,120.0,120.69000244140625,119.7699966430664,120.30000305175781,115.81793975830078,844200,0.0,0.0
2021-05-04 00:00:00-04:00,119.83000183105469,121.80999755859375,119.83000183105469,121.75,117.21389770507812,1325600,0.0,0.0
2021-05-05 00:00:00-04:00,121.9800033569336,123.43000030517578,121.63999938964844,123.30999755859375,118.71577453613281,1218400,0.0,0.0
2021-05-06 00:00:00-04:00,123.5999984741211,123.68000030517578,122.91999816894531,123.27999877929688,118.68692016601562,829600,0.0,0.0
2021-05-07 00:00:00-04:00,123.9800033569336,124.04000091552734,122.52999877929688,123.33999633789062,118.74467468261719,552500,0.0,0.0
2021-05-10 00:00:00-04:00,123.75,124.94999694824219,123.48999786376953,123.62000274658203,119.01424407958984,677700,0.0,0.0
2021-05-11 00:00:00-04:00,122.20999908447266,123.12999725341797,120.80999755859375,121.0,116.68535614013672,1730000,0.205,0.0
2021-05-12 00:00:00-04:00,120.38999938964844,121.4000015258789,118.9000015258789,119.0,114.75666809082031,1458700,0.0,0.0
2021-05-13 00:00:00-04:00,119.52999877929688,121.12999725341797,119.16000366210938,120.23999786376953,115.95246124267578,1497600,0.0,0.0
2021-05-14 00:00:00-04:00,120.91999816894531,122.37000274658203,120.43000030517578,121.26000213623047,116.93608856201172,1591300,0.0,0.0
2021-05-17 00:00:00-04:00,121.58000183105469,122.23999786376953,120.72000122070312,121.9800033569336,117.63040924072266,1265600,0.0,0.0
2021-05-18 00:00:00-04:00,122.0,122.08999633789062,120.97000122070312,121.26000213623047,116.93608856201172,963200,0.0,0.0
2021-05-19 00:00:00-04:00,120.81999969482422,120.81999969482422,119.16999816894531,119.41999816894531,115.16168975830078,550800,0.0,0.0
2021-05-20 00:00:00-04:00,119.68000030517578,122.41999816894531,119.63999938964844,121.79000091552734,117.44718170166016,695300,0.0,0.0
2021-05-21 00:00:00-04:00,122.02999877929688,122.54000091552734,121.02999877929688,121.2699966430664,116.9457015991211,604700,0.0,0.0
2021-05-24 00:00:00-04:00,121.5,122.05000305175781,120.83999633789062,120.86000061035156,116.55033874511719,701100,0.0,0.0
2021-05-25 00:00:00-04:00,121.7699966430664,121.95999908447266,120.41999816894531,120.76000213623047,116.45391082763672,654500,0.0,0.0
2021-05-26 00:00:00-04:00,119.95999908447266,121.06999969482422,119.95999908447266,120.5199966430664,116.22246551513672,609200,0.0,0.0
2021-05-27 00:00:00-04:00,120.80999755859375,121.30999755859375,120.33999633789062,121.27999877929688,116.95535278320312,1468300,0.0,0.0
2021-05-28 00:00:00-04:00,121.62999725341797,122.04000091552734,121.0999984741211,121.44000244140625,117.10966491699219,588600,0.0,0.0
2021-06-01 00:00:00-04:00,121.9800033569336,122.52999877929688,120.63999938964844,120.68000030517578,116.37675476074219,567500,0.0,0.0
2021-06-02 00:00:00-04:00,120.80999755859375,121.30999755859375,120.47000122070312,121.27999877929688,116.95535278320312,442300,0.0,0.0
2021-06-03 00:00:00-04:00,120.93000030517578,121.12000274658203,120.29000091552734,120.63999938964844,116.33817291259766,401200,0.0,0.0
2021-06-04 00:00:00-04:00,120.9000015258789,121.37999725341797,120.5199966430664,121.33999633789062,117.01322174072266,452100,0.0,0.0
2021-06-07 00:00:00-04:00,121.30000305175781,121.37999725341797,120.19000244140625,120.75,116.44428253173828,356500,0.0,0.0
2021-06-08 00:00:00-04:00,121.1500015258789,121.5199966430664,120.52999877929688,120.58999633789062,116.28997039794922,546500,0.0,0.0
2021-06-09 00:00:00-04:00,120.62999725341797,120.83000183105469,120.2300033569336,120.29000091552734,116.00067901611328,523700,0.0,0.0
2021-06-10 00:00:00-04:00,120.58999633789062,121.19000244140625,120.37000274658203,120.7300033569336,116.42498016357422,639800,0.0,0.0
2021-06-11 00:00:00-04:00,120.91999816894531,121.25,120.56999969482422,120.98999786376953,116.67570495605469,379400,0.0,0.0
2021-06-14 00:00:00-04:00,120.93000030517578,121.68000030517578,120.72000122070312,121.66000366210938,117.32182312011719,428700,0.0,0.0
2021-06-15 00:00:00-04:00,121.70999908447266,122.18000030517578,121.37999725341797,121.76000213623047,117.41825866699219,365200,0.0,0.0
2021-06-16 00:00:00-04:00,122.01000213623047,122.2699966430664,120.5,120.62000274658203,116.31890106201172,650300,0.0,0.0
2021-06-17 00:00:00-04:00,120.63999938964844,120.69000244140625,119.66000366210938,120.11000061035156,115.82710266113281,515200,0.0,0.0
2021-06-18 00:00:00-04:00,119.02999877929688,119.33000183105469,118.19000244140625,118.19000244140625,113.9755630493164,803400,0.0,0.0
2021-06-21 00:00:00-04:00,118.0199966430664,119.98999786376953,118.0199966430664,119.91000366210938,115.63421630859375,564100,0.0,0.0
2021-06-22 00:00:00-04:00,120.12000274658203,120.7300033569336,119.79000091552734,120.4000015258789,116.10672760009766,667600,0.0,0.0
2021-06-23 00:00:00-04:00,120.12000274658203,120.80999755859375,119.54000091552734,119.80000305175781,115.52812957763672,443400,0.0,0.0
2021-06-24 00:00:00-04:00,120.20999908447266,120.58000183105469,119.81999969482422,120.11000061035156,115.82710266113281,535300,0.0,0.0
2021-06-25 00:00:00-04:00,120.13999938964844,120.4800033569336,119.91000366210938,120.13999938964844,115.85602569580078,499300,0.0,0.0
2021-06-28 00:00:00-04:00,120.19999694824219,120.19999694824219,119.37000274658203,119.88999938964844,115.61494445800781,553900,0.0,0.0
2021-06-29 00:00:00-04:00,119.80999755859375,120.62000274658203,119.5,120.18000030517578,115.89459991455078,710800,0.0,0.0
2021-06-30 00:00:00-04:00,120.19999694824219,120.51000213623047,119.20999908447266,119.43000030517578,115.17134857177734,821700,0.0,0.0
2021-07-01 00:00:00-04:00,119.25,120.52999877929688,119.01000213623047,119.56999969482422,115.30633544921875,1051900,0.0,0.0
2021-07-02 00:00:00-04:00,119.76000213623047,120.18000030517578,119.12000274658203,119.66000366210938,115.39315795898438,906800,0.0,0.0
2021-07-06 00:00:00-04:00,119.6500015258789,120.61000061035156,118.0,120.55000305175781,116.25140380859375,774100,0.0,0.0
2021-07-07 00:00:00-04:00,121.05999755859375,123.76000213623047,120.66999816894531,122.69999694824219,118.32472229003906,855000,0.0,0.0
2021-07-08 00:00:00-04:00,121.55000305175781,121.9800033569336,120.73999786376953,120.87000274658203,116.55998992919922,416000,0.0,0.0
2021-07-09 00:00:00-04:00,121.55999755859375,122.2300033569336,121.06999969482422,122.13999938964844,117.78471374511719,445200,0.0,0.0
2021-07-12 00:00:00-04:00,122.13999938964844,122.1500015258789,121.45999908447266,121.73999786376953,117.3989486694336,375100,0.0,0.0
2021-07-13 00:00:00-04:00,122.06999969482422,122.38999938964844,121.43000030517578,121.47000122070312,117.13858032226562,566100,0.0,0.0
2021-07-14 00:00:00-04:00,121.80999755859375,122.23999786376953,121.0999984741211,122.05999755859375,117.70755004882812,409000,0.0,0.0
2021-07-15 00:00:00-04:00,121.68000030517578,122.54000091552734,121.52999877929688,122.0999984741211,117.74612426757812,515600,0.0,0.0
2021-07-16 00:00:00-04:00,122.47000122070312,123.48999786376953,122.05000305175781,123.08000183105469,118.6911849975586,443500,0.0,0.0
2021-07-19 00:00:00-04:00,122.5,122.56999969482422,119.93000030517578,121.27999877929688,116.95535278320312,989200,0.0,0.0
2021-07-20 00:00:00-04:00,121.37999725341797,123.87000274658203,121.37999725341797,123.62000274658203,119.21192932128906,884100,0.0,0.0
2021-07-21 00:00:00-04:00,124.45999908447266,124.62999725341797,123.93000030517578,124.18000030517578,119.75196075439453,710700,0.0,0.0
2021-07-22 00:00:00-04:00,124.0,124.69999694824219,123.9000015258789,124.12000274658203,119.69410705566406,318600,0.0,0.0
2021-07-23 00:00:00-04:00,124.26000213623047,125.37999725341797,124.13999938964844,124.76000213623047,120.31127166748047,298600,0.0,0.0
2021-07-26 00:00:00-04:00,124.30000305175781,124.7300033569336,123.56999969482422,124.31999969482422,119.88697814941406,392900,0.0,0.0
2021-07-27 00:00:00-04:00,124.5,125.30999755859375,124.0,124.8499984741211,120.39805603027344,767200,0.0,0.0
2021-07-28 00:00:00-04:00,124.58999633789062,125.01000213623047,124.01000213623047,124.43000030517578,119.9930419921875,740600,0.0,0.0
2021-07-29 00:00:00-04:00,125.0,125.61000061035156,124.87000274658203,124.97000122070312,120.5137939453125,711600,0.0,0.0
2021-07-30 00:00:00-04:00,125.3499984741211,126.93000030517578,125.02999877929688,126.69000244140625,122.1724624633789,710000,0.0,0.0
2021-08-02 00:00:00-04:00,126.70999908447266,127.27999877929688,125.87999725341797,126.30000305175781,121.79637908935547,507900,0.0,0.0
2021-08-03 00:00:00-04:00,126.44999694824219,127.66999816894531,126.38999938964844,127.52999877929688,122.98249816894531,524400,0.0,0.0
2021-08-04 00:00:00-04:00,127.63999938964844,128.5,126.9800033569336,127.2699966430664,122.73176574707031,546200,0.0,0.0
2021-08-05 00:00:00-04:00,126.0,127.7699966430664,125.41999816894531,126.0199966430664,121.5263442993164,987900,0.0,0.0
2021-08-06 00:00:00-04:00,125.83999633789062,126.7300033569336,125.48999786376953,125.69000244140625,121.2081298828125,527000,0.0,0.0
2021-08-09 00:00:00-04:00,126.1500015258789,126.1500015258789,124.94000244140625,125.20999908447266,120.74523162841797,651600,0.0,0.0
2021-08-10 00:00:00-04:00,124.30000305175781,125.83999633789062,124.30000305175781,124.98999786376953,120.53306579589844,494800,0.0,0.0
2021-08-11 00:00:00-04:00,125.43000030517578,126.31999969482422,125.13999938964844,126.2699966430664,121.76741790771484,621900,0.0,0.0
2021-08-12 00:00:00-04:00,126.0999984741211,127.5199966430664,126.05999755859375,126.58999633789062,122.07601928710938,597800,0.0,0.0
2021-08-13 00:00:00-04:00,126.76000213623047,127.4800033569336,126.55999755859375,126.88999938964844,122.36531066894531,509200,0.0,0.0
2021-08-16 00:00:00-04:00,126.70999908447266,127.25,125.98999786376953,127.11000061035156,122.57746887207031,488000,0.0,0.0
2021-08-17 00:00:00-04:00,126.94999694824219,127.41999816894531,126.36000061035156,126.94000244140625,122.61128997802734,881200,0.205,0.0
2021-08-18 00:00:00-04:00,127.02999877929688,127.45999908447266,125.4800033569336,125.56999969482422,121.28801727294922,571400,0.0,0.0
2021-08-19 00:00:00-04:00,123.86000061035156,126.93000030517578,123.86000061035156,126.56999969482422,122.25391387939453,485600,0.0,0.0
2021-08-20 00:00:00-04:00,126.6500015258789,128.3699951171875,126.22000122070312,127.87999725341797,123.51924133300781,641300,0.0,0.0
2021-08-23 00:00:00-04:00,128.0399932861328,128.1199951171875,127.04000091552734,127.16000366210938,122.82376861572266,465600,0.0,0.0
2021-08-24 00:00:00-04:00,126.80000305175781,127.20999908447266,126.36000061035156,126.77999877929688,122.45675659179688,398200,0.0,0.0
2021-08-25 00:00:00-04:00,126.8499984741211,127.0999984741211,126.12999725341797,126.80000305175781,122.47605895996094,503700,0.0,0.0
2021-08-26 00:00:00-04:00,127.05000305175781,127.87000274658203,126.63999938964844,127.2300033569336,122.89140319824219,417200,0.0,0.0
2021-08-27 00:00:00-04:00,127.5,128.57000732421875,127.08999633789062,128.0800018310547,123.71241760253906,377600,0.0,0.0
2021-08-30 00:00:00-04:00,128.10000610351562,129.10000610351562,127.81999969482422,128.86000061035156,124.46581268310547,337700,0.0,0.0
2021-08-31 00:00:00-04:00,128.82000732421875,129.80999755859375,128.6999969482422,129.2100067138672,124.80386352539062,577200,0.0,0.0
2021-09-01 00:00:00-04:00,130.17999267578125,130.33999633789062,128.63999938964844,129.97000122070312,125.5379409790039,574500,0.0,0.0
2021-09-02 00:00:00-04:00,130.6999969482422,131.27999877929688,130.17999267578125,130.82000732421875,126.3589859008789,542700,0.0,0.0
2021-09-03 00:00:00-04:00,130.66000366210938,131.92999267578125,130.2899932861328,131.27999877929688,126.80329132080078,707700,0.0,0.0
2021-09-07 00:00:00-04:00,130.9499969482422,131.2899932861328,129.02999877929688,129.27000427246094,124.86185455322266,620900,0.0,0.0
2021-09-08 00:00:00-04:00,129.00999450683594,131.10000610351562,128.6699981689453,130.97000122070312,126.50386810302734,334900,0.0,0.0
2021-09-09 00:00:00-04:00,131.39999389648438,131.8800048828125,131.0800018310547,131.24000549316406,126.76468658447266,503100,0.0,0.0
2021-09-10 00:00:00-04:00,131.5800018310547,132.3699951171875,130.9600067138672,132.00999450683594,127.50837707519531,590000,0.0,0.0
2021-09-13 00:00:00-04:00,132.3699951171875,133.47999572753906,130.5500030517578,131.14999389648438,126.67772674560547,363200,0.0,0.0
2021-09-14 00:00:00-04:00,131.35000610351562,131.4600067138672,130.08999633789062,130.22000122070312,125.77942657470703,391800,0.0,0.0
2021-09-15 00:00:00-04:00,130.05999755859375,130.94000244140625,129.77999877929688,130.3800048828125,125.93396759033203,667200,0.0,0.0
2021-09-16 00:00:00-04:00,130.72999572753906,130.72999572753906,128.60000610351562,128.6199951171875,124.23400115966797,514700,0.0,0.0
2021-09-17 00:00:00-04:00,127.81999969482422,128.16000366210938,127.1500015258789,127.70999908447266,123.35502624511719,789300,0.0,0.0
2021-09-20 00:00:00-04:00,126.19000244140625,127.87999725341797,125.9800033569336,127.80000305175781,123.44197082519531,959000,0.0,0.0
2021-09-21 00:00:00-04:00,128.47999572753906,129.30999755859375,128.08999633789062,129.05999755859375,124.65898895263672,662700,0.0,0.0
2021-09-22 00:00:00-04:00,129.5399932861328,131.25999450683594,129.1300048828125,130.9600067138672,126.49419403076172,860400,0.0,0.0
2021-09-23 00:00:00-04:00,131.19000244140625,132.57000732421875,130.85000610351562,131.66000366210938,127.17031860351562,840700,0.0,0.0
2021-09-24 00:00:00-04:00,131.44000244140625,132.61000061035156,131.44000244140625,132.30999755859375,127.79816436767578,594400,0.0,0.0
2021-09-27 00:00:00-04:00,132.1199951171875,132.5500030517578,128.00999450683594,129.02000427246094,124.62037658691406,868100,0.0,0.0
2021-09-28 00:00:00-04:00,128.52000427246094,128.52000427246094,126.79000091552734,126.86000061035156,122.5340347290039,1193600,0.0,0.0
2021-09-29 00:00:00-04:00,127.25,127.52999877929688,126.47000122070312,126.5199966430664,122.20561218261719,530600,0.0,0.0
2021-09-30 00:00:00-04:00,127.05000305175781,127.69999694824219,125.91999816894531,125.93000030517578,121.63572692871094,618900,0.0,0.0
2021-10-01 00:00:00-04:00,126.41999816894531,126.41999816894531,124.22000122070312,126.08999633789062,121.79026794433594,528500,0.0,0.0
2021-10-04 00:00:00-04:00,125.91000366210938,126.62999725341797,123.55999755859375,124.30000305175781,120.06133270263672,747300,0.0,0.0
2021-10-05 00:00:00-04:00,124.62999725341797,125.30999755859375,123.93000030517578,124.80999755859375,120.55391693115234,736700,0.0,0.0
2021-10-06 00:00:00-04:00,124.11000061035156,125.80000305175781,123.9000015258789,125.73999786376953,121.45219421386719,549800,0.0,0.0
2021-10-07 00:00:00-04:00,126.52999877929688,128.22999572753906,126.52999877929688,127.93000030517578,123.56752014160156,940600,0.0,0.0
2021-10-08 00:00:00-04:00,127.95999908447266,128.8300018310547,127.37000274658203,128.3699951171875,123.99250793457031,395100,0.0,0.0
2021-10-11 00:00:00-04:00,128.27999877929688,129.2100067138672,127.97000122070312,127.97000122070312,123.60616302490234,334900,0.0,0.0
2021-10-12 00:00:00-04:00,128.6999969482422,129.1300048828125,127.70999908447266,127.79000091552734,123.43228149414062,618300,0.0,0.0
2021-10-13 00:00:00-04:00,128.67999267578125,129.72999572753906,127.83999633789062,128.52000427246094,124.13742065429688,607800,0.0,0.0
2021-10-14 00:00:00-04:00,129.49000549316406,131.11000061035156,129.49000549316406,130.9600067138672,126.49419403076172,496700,0.0,0.0
2021-10-15 00:00:00-04:00,132.10000610351562,132.22000122070312,129.60000610351562,129.6999969482422,125.27713012695312,553700,0.0,0.0
2021-10-18 00:00:00-04:00,129.27000427246094,130.17999267578125,128.6199951171875,130.07000732421875,125.63455200195312,432900,0.0,0.0
2021-10-19 00:00:00-04:00,130.42999267578125,130.9199981689453,129.69000244140625,130.2899932861328,125.84703826904297,787600,0.0,0.0
2021-10-20 00:00:00-04:00,130.47000122070312,131.5,130.3699951171875,131.0,126.53285217285156,700500,0.0,0.0
2021-10-21 00:00:00-04:00,131.24000549316406,132.97999572753906,131.17999267578125,132.9499969482422,128.41635131835938,806000,0.0,0.0
2021-10-22 00:00:00-04:00,133.35000610351562,134.3800048828125,132.88999938964844,134.2100067138672,129.6333770751953,649000,0.0,0.0
2021-10-25 00:00:00-04:00,133.88999938964844,134.3300018310547,131.8699951171875,131.99000549316406,127.48909759521484,612800,0.0,0.0
2021-10-26 00:00:00-04:00,131.89999389648438,132.63999938964844,130.61000061035156,132.07000732421875,127.56635284423828,898400,0.0,0.0
2021-10-27 00:00:00-04:00,132.07000732421875,132.5800018310547,130.97999572753906,131.00999450683594,126.5425033569336,1120700,0.0,0.0
2021-10-28 00:00:00-04:00,131.83999633789062,135.69000244140625,129.7899932861328,132.75,128.22314453125,1218100,0.0,0.0
2021-10-29 00:00:00-04:00,132.57000732421875,136.63999938964844,132.05999755859375,136.00999450683594,131.3719940185547,1740400,0.0,0.0
2021-11-01 00:00:00-04:00,136.02999877929688,136.67999267578125,134.91000366210938,135.97000122070312,131.33334350585938,924000,0.0,0.0
2021-11-02 00:00:00-04:00,136.4600067138672,137.82000732421875,135.75999450683594,137.6999969482422,133.00437927246094,769300,0.0,0.0
2021-11-03 00:00:00-04:00,137.75999450683594,138.22999572753906,134.4499969482422,134.6199951171875,130.02938842773438,923500,0.0,0.0
2021-11-04 00:00:00-04:00,134.64999389648438,136.2100067138672,134.3300018310547,136.17999267578125,131.53619384765625,535400,0.0,0.0
2021-11-05 00:00:00-04:00,136.27999877929688,136.75,134.16000366210938,134.4199981689453,129.83621215820312,470800,0.0,0.0
2021-11-08 00:00:00-05:00,134.44000244140625,135.9199981689453,134.0500030517578,134.7100067138672,130.33934020996094,587300,0.23,0.0
2021-11-09 00:00:00-05:00,134.5,134.9499969482422,133.92999267578125,133.94000244140625,129.59437561035156,684900,0.0,0.0
2021-11-10 00:00:00-05:00,133.77000427246094,135.57000732421875,133.77000427246094,135.42999267578125,131.03594970703125,758200,0.0,0.0
2021-11-11 00:00:00-05:00,135.5,135.52999877929688,134.39999389648438,135.49000549316406,131.09405517578125,577300,0.0,0.0
2021-11-12 00:00:00-05:00,135.52000427246094,136.25,135.1300048828125,135.75,131.34561157226562,552100,0.0,0.0
2021-11-15 00:00:00-05:00,135.75999450683594,136.1300048828125,135.17999267578125,135.8800048828125,131.4713897705078,895500,0.0,0.0
2021-11-16 00:00:00-05:00,136.27000427246094,137.02999877929688,135.6300048828125,136.38999938964844,131.96482849121094,909900,0.0,0.0
2021-11-17 00:00:00-05:00,136.6699981689453,138.07000732421875,136.24000549316406,138.00999450683594,133.53228759765625,759100,0.0,0.0
2021-11-18 00:00:00-05:00,138.2100067138672,138.82000732421875,137.30999755859375,138.2899932861328,133.80320739746094,506600,0.0,0.0
2021-11-19 00:00:00-05:00,138.6199951171875,138.6199951171875,136.88999938964844,137.52999877929688,133.06785583496094,493600,0.0,0.0
2021-11-22 00:00:00-05:00,137.85000610351562,138.22000122070312,136.80999755859375,136.80999755859375,132.37118530273438,463600,0.0,0.0
2021-11-23 00:00:00-05:00,136.30999755859375,137.41000366210938,136.3000030517578,137.0,132.55503845214844,446400,0.0,0.0
2021-11-24 00:00:00-05:00,136.49000549316406,137.3300018310547,135.6199951171875,137.27999877929688,132.82595825195312,357500,0.0,0.0
2021-11-26 00:00:00-05:00,135.38999938964844,136.97999572753906,133.91000366210938,134.2100067138672,129.8555908203125,334900,0.0,0.0
2021-11-29 00:00:00-05:00,134.86000061035156,137.94000244140625,134.07000732421875,137.19000244140625,132.73887634277344,662500,0.0,0.0
2021-11-30 00:00:00-05:00,136.64999389648438,137.47000122070312,132.6999969482422,133.05999755859375,128.742919921875,1572700,0.0,0.0
2021-12-01 00:00:00-05:00,134.38999938964844,136.47000122070312,132.32000732421875,132.3300018310547,128.03659057617188,566900,0.0,0.0
2021-12-02 00:00:00-05:00,132.41000366210938,136.27999877929688,132.41000366210938,135.52000427246094,131.12307739257812,648100,0.0,0.0
2021-12-03 00:00:00-05:00,135.75999450683594,136.4199981689453,133.1699981689453,133.83999633789062,129.49755859375,717800,0.0,0.0
2021-12-06 00:00:00-05:00,135.11000061035156,135.1999969482422,134.0399932861328,135.08999633789062,130.70701599121094,815800,0.0,0.0
2021-12-07 00:00:00-05:00,136.4600067138672,136.8000030517578,135.17999267578125,135.32000732421875,130.9295654296875,588700,0.0,0.0
2021-12-08 00:00:00-05:00,135.41000366210938,135.41000366210938,133.44000244140625,133.9199981689453,129.574951171875,880600,0.0,0.0
2021-12-09 00:00:00-05:00,133.92999267578125,135.02999877929688,132.6300048828125,132.6300048828125,128.3268280029297,646400,0.0,0.0
2021-12-10 00:00:00-05:00,133.2100067138672,133.6199951171875,132.07000732421875,132.67999267578125,128.37518310546875,898300,0.0,0.0
2021-12-13 00:00:00-05:00,132.86000061035156,133.5500030517578,131.5800018310547,131.82000732421875,127.5431137084961,1058200,0.0,0.0
2021-12-14 00:00:00-05:00,131.61000061035156,132.25,130.64999389648438,131.1300048828125,126.87549591064453,867300,0.0,0.0
2021-12-15 00:00:00-05:00,131.07000732421875,132.36000061035156,131.0,131.82000732421875,127.5431137084961,1074200,0.0,0.0
2021-12-16 00:00:00-05:00,132.75,134.24000549316406,131.94000244140625,132.27000427246094,127.97850799560547,2231200,0.0,0.0
2021-12-17 00:00:00-05:00,130.8000030517578,132.52999877929688,129.83999633789062,130.25,126.02404022216797,1462700,0.0,0.0
2021-12-20 00:00:00-05:00,129.30999755859375,130.0800018310547,126.58999633789062,128.5,124.33082580566406,1226800,0.0,0.0
2021-12-21 00:00:00-05:00,129.27000427246094,129.50999450683594,128.0,129.1199951171875,124.93070983886719,1654800,0.0,0.0
2021-12-22 00:00:00-05:00,129.0399932861328,130.52999877929688,129.02000427246094,130.52000427246094,126.28532409667969,929200,0.0,0.0
2021-12-23 00:00:00-05:00,131.14999389648438,132.72999572753906,130.89999389648438,132.19000244140625,127.90111541748047,643300,0.0,0.0
2021-12-27 00:00:00-05:00,132.52000427246094,135.4499969482422,132.25,134.99000549316406,130.61026000976562,614500,0.0,0.0
2021-12-28 00:00:00-05:00,135.11000061035156,135.83999633789062,134.67999267578125,134.8699951171875,130.49417114257812,394100,0.0,0.0
2021-12-29 00:00:00-05:00,134.6999969482422,136.33999633789062,134.3000030517578,136.14999389648438,131.73263549804688,433900,0.0,0.0
2021-12-30 00:00:00-05:00,136.6999969482422,136.92999267578125,135.55999755859375,135.58999633789062,131.19081115722656,405000,0.0,0.0
2021-12-31 00:00:00-05:00,135.6300048828125,137.0800018310547,135.58999633789062,136.27000427246094,131.8487548828125,563600,0.0,0.0
2022-01-03 00:00:00-05:00,136.1300048828125,136.35000610351562,132.13999938964844,134.05999755859375,129.71041870117188,723100,0.0,0.0
2022-01-04 00:00:00-05:00,135.25999450683594,135.4199981689453,133.8800048828125,133.97000122070312,129.62338256835938,1111300,0.0,0.0
2022-01-05 00:00:00-05:00,133.41000366210938,133.8000030517578,130.14999389648438,130.1699981689453,125.94664001464844,1191400,0.0,0.0
2022-01-06 00:00:00-05:00,129.44000244140625,132.07000732421875,129.39999389648438,131.1699981689453,126.91419219970703,802200,0.0,0.0
2022-01-07 00:00:00-05:00,131.05999755859375,131.63999938964844,129.7100067138672,130.24000549316406,126.01437377929688,908300,0.0,0.0
2022-01-10 00:00:00-05:00,129.5800018310547,129.7100067138672,126.80999755859375,127.91000366210938,123.7599868774414,1324400,0.0,0.0
2022-01-11 00:00:00-05:00,128.33999633789062,129.1999969482422,126.6500015258789,128.86000061035156,124.67914581298828,1236600,0.0,0.0
2022-01-12 00:00:00-05:00,129.4499969482422,130.00999450683594,127.52999877929688,129.0399932861328,124.85330963134766,1721600,0.0,0.0
2022-01-13 00:00:00-05:00,129.47000122070312,129.5,127.45999908447266,127.6500015258789,123.50840759277344,988400,0.0,0.0
2022-01-14 00:00:00-05:00,126.12999725341797,126.5999984741211,124.83999633789062,125.62000274658203,121.54425811767578,1531700,0.0,0.0
2022-01-18 00:00:00-05:00,124.83000183105469,124.83000183105469,123.08999633789062,124.30999755859375,120.27677154541016,1012300,0.0,0.0
2022-01-19 00:00:00-05:00,124.72000122070312,125.7699966430664,123.55999755859375,124.52999877929688,120.48963928222656,913200,0.0,0.0
2022-01-20 00:00:00-05:00,125.43000030517578,126.43000030517578,122.97000122070312,123.05999755859375,119.06732940673828,697400,0.0,0.0
2022-01-21 00:00:00-05:00,122.94000244140625,125.08999633789062,122.01000213623047,122.69999694824219,118.7190170288086,1517300,0.0,0.0
2022-01-24 00:00:00-05:00,121.52999877929688,123.70999908447266,119.44000244140625,123.30000305175781,119.29955291748047,1683700,0.0,0.0
2022-01-25 00:00:00-05:00,122.58999633789062,123.33000183105469,120.47000122070312,121.87999725341797,117.92561340332031,1553900,0.0,0.0
2022-01-26 00:00:00-05:00,122.73999786376953,124.63999938964844,121.93000030517578,122.58999633789062,118.6125717163086,1473200,0.0,0.0
2022-01-27 00:00:00-05:00,122.91000366210938,124.11000061035156,121.26000213623047,121.48999786376953,117.54828643798828,1387400,0.0,0.0
2022-01-28 00:00:00-05:00,121.37000274658203,123.5999984741211,120.94000244140625,123.54000091552734,119.53176879882812,1528800,0.0,0.0
2022-01-31 00:00:00-05:00,123.29000091552734,124.87999725341797,122.91999816894531,124.69999694824219,120.65411376953125,1208500,0.0,0.0
2022-02-01 00:00:00-05:00,124.4800033569336,125.6500015258789,123.12000274658203,124.81999969482422,120.77023315429688,1001000,0.0,0.0
2022-02-02 00:00:00-05:00,124.38999938964844,126.45999908447266,123.9800033569336,126.01000213623047,121.921630859375,1613800,0.0,0.0
2022-02-03 00:00:00-05:00,125.41999816894531,125.63999938964844,123.48999786376953,123.7300033569336,119.715576171875,1384000,0.0,0.0
2022-02-04 00:00:00-05:00,123.30000305175781,123.98999786376953,122.47000122070312,123.0199966430664,119.02863311767578,736800,0.0,0.0
2022-02-07 00:00:00-05:00,122.6500015258789,123.7300033569336,122.04000091552734,122.16999816894531,118.2061996459961,1004300,0.0,0.0
2022-02-08 00:00:00-05:00,121.9800033569336,122.68000030517578,121.76000213623047,121.9000015258789,117.94495391845703,1491200,0.0,0.0
2022-02-09 00:00:00-05:00,122.94000244140625,124.83999633789062,122.94000244140625,124.0,119.976806640625,956800,0.0,0.0
2022-02-10 00:00:00-05:00,122.29000091552734,124.36000061035156,121.93000030517578,122.27999877929688,118.31263732910156,932100,0.0,0.0
2022-02-11 00:00:00-05:00,122.55000305175781,122.9000015258789,119.83999633789062,120.63999938964844,116.72584533691406,1409500,0.0,0.0
2022-02-14 00:00:00-05:00,120.22000122070312,120.62000274658203,118.5199966430664,119.41000366210938,115.53575897216797,2639100,0.0,0.0
2022-02-15 00:00:00-05:00,120.44999694824219,120.79000091552734,119.08999633789062,119.5999984741211,115.7195816040039,1562000,0.0,0.0
2022-02-16 00:00:00-05:00,119.19000244140625,120.16999816894531,118.25,119.5199966430664,115.64217376708984,1280100,0.0,0.0
2022-02-17 00:00:00-05:00,119.25,122.97000122070312,118.75,120.45999908447266,116.55167388916016,1811800,0.0,0.0
2022-02-18 00:00:00-05:00,120.5,122.2699966430664,120.27999877929688,121.0,117.07417297363281,2550100,0.0,0.0
2022-02-22 00:00:00-05:00,120.6500015258789,121.55000305175781,120.13999938964844,120.61000061035156,116.69682312011719,1777100,0.0,0.0
2022-02-23 00:00:00-05:00,121.1500015258789,121.5,118.3499984741211,118.66999816894531,114.81976318359375,1446600,0.0,0.0
2022-02-24 00:00:00-05:00,116.7300033569336,121.88999938964844,115.75,121.54000091552734,117.59664154052734,1797800,0.0,0.0
2022-02-25 00:00:00-05:00,121.41000366210938,124.13999938964844,121.22000122070312,124.01000213623047,119.98650360107422,1471700,0.0,0.0
2022-02-28 00:00:00-05:00,123.2699966430664,124.30999755859375,122.66000366210938,123.48999786376953,119.48338317871094,1107000,0.0,0.0
2022-03-01 00:00:00-05:00,123.68000030517578,125.94999694824219,123.4800033569336,125.80999755859375,121.95523834228516,1396200,0.23,0.0
2022-03-02 00:00:00-05:00,126.08000183105469,129.0399932861328,125.4800033569336,128.63999938964844,124.69855499267578,1096000,0.0,0.0
2022-03-03 00:00:00-05:00,129.39999389648438,131.30999755859375,128.97000122070312,130.7899932861328,126.78266906738281,892700,0.0,0.0
2022-03-04 00:00:00-05:00,130.02000427246094,135.1199951171875,129.8800048828125,134.8300018310547,130.6988983154297,1601400,0.0,0.0
2022-03-07 00:00:00-05:00,134.75,136.08999633789062,133.16000366210938,133.75,129.65199279785156,2048100,0.0,0.0
2022-03-08 00:00:00-05:00,132.32000732421875,133.74000549316406,129.1199951171875,129.16000366210938,125.20262145996094,2066200,0.0,0.0
2022-03-09 00:00:00-05:00,129.94000244140625,132.88999938964844,129.6699981689453,132.1300048828125,128.0815887451172,1104500,0.0,0.0
2022-03-10 00:00:00-05:00,131.1199951171875,133.72999572753906,131.1199951171875,133.67999267578125,129.58409118652344,1104800,0.0,0.0
2022-03-11 00:00:00-05:00,134.49000549316406,135.2100067138672,134.02999877929688,134.22000122070312,130.10757446289062,1105800,0.0,0.0
2022-03-14 00:00:00-04:00,134.88999938964844,135.27000427246094,133.8300018310547,134.63999938964844,130.51470947265625,1633000,0.0,0.0
2022-03-15 00:00:00-04:00,135.61000061035156,136.85000610351562,134.8300018310547,135.92999267578125,131.7651824951172,2005200,0.0,0.0
2022-03-16 00:00:00-04:00,136.44000244140625,137.82000732421875,133.9600067138672,135.6300048828125,131.47438049316406,1522800,0.0,0.0
2022-03-17 00:00:00-04:00,135.94000244140625,137.82000732421875,135.07000732421875,137.75,133.52943420410156,1268000,0.0,0.0
2022-03-18 00:00:00-04:00,136.8699951171875,138.38999938964844,135.7100067138672,138.10000610351562,133.86871337890625,1257900,0.0,0.0
2022-03-21 00:00:00-04:00,137.75999450683594,138.35000610351562,136.49000549316406,137.1699981689453,132.9672088623047,769900,0.0,0.0
2022-03-22 00:00:00-04:00,137.47000122070312,137.5,134.97999572753906,135.25999450683594,131.11569213867188,840300,0.0,0.0
2022-03-23 00:00:00-04:00,134.97000122070312,136.02999877929688,134.14999389648438,134.41000366210938,130.291748046875,890500,0.0,0.0
2022-03-24 00:00:00-04:00,134.88999938964844,134.9499969482422,133.00999450683594,133.75,129.65199279785156,1291000,0.0,0.0
2022-03-25 00:00:00-04:00,134.24000549316406,135.0500030517578,133.8699951171875,134.8800048828125,130.74737548828125,606500,0.0,0.0
2022-03-28 00:00:00-04:00,134.8300018310547,137.67999267578125,134.5399932861328,137.36000061035156,133.15138244628906,714700,0.0,0.0
2022-03-29 00:00:00-04:00,138.11000061035156,138.94000244140625,136.91000366210938,138.3300018310547,134.09165954589844,897100,0.0,0.0
2022-03-30 00:00:00-04:00,138.27000427246094,139.7899932861328,137.97999572753906,139.69000244140625,135.40997314453125,638600,0.0,0.0
2022-03-31 00:00:00-04:00,139.75999450683594,141.22000122070312,139.6999969482422,139.6999969482422,135.41964721679688,1181900,0.0,0.0
2022-04-01 00:00:00-04:00,139.57000732421875,140.4600067138672,138.5399932861328,139.72999572753906,135.44876098632812,989900,0.0,0.0
2022-04-04 00:00:00-04:00,139.39999389648438,140.85000610351562,138.91000366210938,140.4600067138672,136.15640258789062,983200,0.0,0.0
2022-04-05 00:00:00-04:00,140.58999633789062,142.75999450683594,140.25,140.5800018310547,136.27268981933594,714500,0.0,0.0
2022-04-06 00:00:00-04:00,140.0,142.19000244140625,139.77000427246094,141.75,137.4068603515625,1377600,0.0,0.0
2022-04-07 00:00:00-04:00,140.74000549316406,144.66000366210938,140.22999572753906,144.3000030517578,139.8787841796875,1660200,0.0,0.0
2022-04-08 00:00:00-04:00,144.52999877929688,145.6199951171875,143.7899932861328,144.88999938964844,140.45065307617188,1154700,0.0,0.0
2022-04-11 00:00:00-04:00,144.49000549316406,144.89999389648438,143.22000122070312,143.69000244140625,139.2874298095703,712700,0.0,0.0
2022-04-12 00:00:00-04:00,143.6699981689453,144.11000061035156,141.36000061035156,141.58999633789062,137.25173950195312,868000,0.0,0.0
2022-04-13 00:00:00-04:00,142.17999267578125,142.4499969482422,139.67999267578125,139.8000030517578,135.51661682128906,937000,0.0,0.0
2022-04-14 00:00:00-04:00,139.7899932861328,141.08999633789062,139.02999877929688,139.0800018310547,134.81869506835938,692400,0.0,0.0
2022-04-18 00:00:00-04:00,138.8800048828125,139.7899932861328,137.91000366210938,138.36000061035156,134.12074279785156,661600,0.0,0.0
2022-04-19 00:00:00-04:00,138.57000732421875,139.47999572753906,137.49000549316406,138.3699951171875,134.1304168701172,1122700,0.0,0.0
2022-04-20 00:00:00-04:00,139.30999755859375,140.58999633789062,138.5500030517578,139.97000122070312,135.681396484375,1240100,0.0,0.0
2022-04-21 00:00:00-04:00,141.10000610351562,142.10000610351562,138.9499969482422,139.3699951171875,135.09979248046875,885500,0.0,0.0
2022-04-22 00:00:00-04:00,139.5800018310547,139.9199981689453,136.91000366210938,137.02000427246094,132.82179260253906,738900,0.0,0.0
2022-04-25 00:00:00-04:00,137.05999755859375,137.49000549316406,134.8300018310547,136.25,132.0753631591797,854000,0.0,0.0
2022-04-26 00:00:00-04:00,137.27999877929688,140.61000061035156,136.27000427246094,137.5,133.2870635986328,1322300,0.0,0.0
2022-04-27 00:00:00-04:00,137.86000061035156,140.8300018310547,137.6199951171875,139.9499969482422,135.6619873046875,980700,0.0,0.0
2022-04-28 00:00:00-04:00,140.30999755859375,142.11000061035156,139.5500030517578,141.41000366210938,137.07725524902344,798300,0.0,0.0
2022-04-29 00:00:00-04:00,141.14999389648438,141.30999755859375,137.69000244140625,137.97000122070312,133.74264526367188,1020000,0.0,0.0
2022-05-02 00:00:00-04:00,137.16000366210938,138.2100067138672,133.3800048828125,134.5399932861328,130.417724609375,1235600,0.0,0.0
2022-05-03 00:00:00-04:00,134.5500030517578,135.5500030517578,133.4499969482422,133.9499969482422,129.84585571289062,1583100,0.0,0.0
2022-05-04 00:00:00-04:00,132.75999450683594,132.8000030517578,128.27000427246094,131.11000061035156,127.09282684326172,2420000,0.0,0.0
2022-05-05 00:00:00-04:00,129.9600067138672,130.61000061035156,125.94000244140625,127.4000015258789,123.49653625488281,1594700,0.0,0.0
2022-05-06 00:00:00-04:00,125.0199966430664,127.77999877929688,125.0199966430664,126.75,122.86644744873047,1300400,0.0,0.0
2022-05-09 00:00:00-04:00,126.22000122070312,126.6500015258789,122.58999633789062,122.91999816894531,119.15380096435547,1239000,0.0,0.0
2022-05-10 00:00:00-04:00,124.06999969482422,125.30000305175781,121.37000274658203,123.36000061035156,119.580322265625,1466300,0.0,0.0
2022-05-11 00:00:00-04:00,123.3499984741211,125.48999786376953,122.48999786376953,122.66999816894531,118.91145324707031,997600,0.0,0.0
2022-05-12 00:00:00-04:00,122.41999816894531,124.20999908447266,121.30999755859375,122.79000091552734,119.02777099609375,1025700,0.0,0.0
2022-05-13 00:00:00-04:00,124.04000091552734,126.22000122070312,123.20999908447266,125.93000030517578,122.07157135009766,1429900,0.0,0.0
2022-05-16 00:00:00-04:00,125.97000122070312,128.02999877929688,125.75,126.86000061035156,122.97308349609375,2140200,0.0,0.0
2022-05-17 00:00:00-04:00,127.0199966430664,127.83999633789062,125.83000183105469,127.37000274658203,123.69171905517578,912000,0.23,0.0
2022-05-18 00:00:00-04:00,126.62000274658203,127.5199966430664,122.80999755859375,123.3499984741211,119.78778839111328,1187000,0.0,0.0
2022-05-19 00:00:00-04:00,123.01000213623047,124.18000030517578,121.66999816894531,122.33999633789062,118.80696105957031,1467700,0.0,0.0
2022-05-20 00:00:00-04:00,123.01000213623047,124.6500015258789,122.08999633789062,124.58000183105469,120.9822769165039,706100,0.0,0.0
2022-05-23 00:00:00-04:00,124.98999786376953,126.38999938964844,124.16999816894531,125.86000061035156,122.22530364990234,877300,0.0,0.0
2022-05-24 00:00:00-04:00,126.04000091552734,127.04000091552734,125.41999816894531,126.55000305175781,122.8953857421875,934800,0.0,0.0
2022-05-25 00:00:00-04:00,126.2300033569336,126.4800033569336,124.43000030517578,125.16999816894531,121.55522918701172,1479000,0.0,0.0
2022-05-26 00:00:00-04:00,126.06999969482422,127.0199966430664,125.31999969482422,126.3499984741211,122.70116424560547,554800,0.0,0.0
2022-05-27 00:00:00-04:00,126.72000122070312,128.57000732421875,126.72000122070312,128.49000549316406,124.77936553955078,701500,0.0,0.0
2022-05-31 00:00:00-04:00,128.42999267578125,129.1199951171875,127.23999786376953,127.54000091552734,123.8568115234375,1764100,0.0,0.0
2022-06-01 00:00:00-04:00,127.95999908447266,128.41000366210938,127.08000183105469,127.41000366210938,123.7305679321289,785000,0.0,0.0
2022-06-02 00:00:00-04:00,127.4800033569336,130.4499969482422,126.79000091552734,130.24000549316406,126.47883605957031,738300,0.0,0.0
2022-06-03 00:00:00-04:00,130.0,130.1999969482422,128.72999572753906,129.16000366210938,125.43001556396484,547500,0.0,0.0
2022-06-06 00:00:00-04:00,129.52000427246094,130.55999755859375,128.74000549316406,129.02999877929688,125.30375671386719,685000,0.0,0.0
2022-06-07 00:00:00-04:00,128.9600067138672,130.97000122070312,128.58999633789062,130.92999267578125,127.14888763427734,523200,0.0,0.0
2022-06-08 00:00:00-04:00,130.0,130.2100067138672,128.25999450683594,128.72999572753906,125.01241302490234,824000,0.0,0.0
2022-06-09 00:00:00-04:00,128.5,128.83999633789062,124.36000061035156,124.55999755859375,120.9628677368164,688900,0.0,0.0
2022-06-10 00:00:00-04:00,123.27999877929688,124.75,121.4800033569336,123.55000305175781,119.98200988769531,890000,0.0,0.0
2022-06-13 00:00:00-04:00,121.45999908447266,122.19000244140625,119.22000122070312,119.45999908447266,116.01012420654297,760200,0.0,0.0
2022-06-14 00:00:00-04:00,119.51000213623047,119.70999908447266,116.91999816894531,117.36000061035156,113.97077178955078,963200,0.0,0.0
2022-06-15 00:00:00-04:00,118.16000366210938,119.66999816894531,116.06999969482422,118.19000244140625,114.77681732177734,881100,0.0,0.0
2022-06-16 00:00:00-04:00,116.1500015258789,116.6500015258789,114.58999633789062,115.0,111.678955078125,895100,0.0,0.0
2022-06-17 00:00:00-04:00,115.37999725341797,115.75,113.5,114.80000305175781,111.48471069335938,997100,0.0,0.0
2022-06-21 00:00:00-04:00,116.5999984741211,117.63999938964844,115.41000366210938,117.25,113.86396789550781,828900,0.0,0.0
2022-06-22 00:00:00-04:00,115.94999694824219,119.05999755859375,115.5999984741211,118.41000366210938,114.99046325683594,730100,0.0,0.0
2022-06-23 00:00:00-04:00,118.6500015258789,120.87999725341797,117.83000183105469,120.51000213623047,117.02981567382812,997900,0.0,0.0
2022-06-24 00:00:00-04:00,121.4800033569336,122.73999786376953,121.19999694824219,122.7300033569336,119.18571472167969,793100,0.0,0.0
2022-06-27 00:00:00-04:00,122.19000244140625,123.87000274658203,121.86000061035156,123.11000061035156,119.55472564697266,647300,0.0,0.0
2022-06-28 00:00:00-04:00,123.44000244140625,124.44999694824219,121.43000030517578,121.62000274658203,118.10774993896484,625700,0.0,0.0
2022-06-29 00:00:00-04:00,122.16000366210938,124.7699966430664,121.37000274658203,124.62000274658203,121.02112579345703,1007700,0.0,0.0
2022-06-30 00:00:00-04:00,123.87000274658203,125.04000091552734,123.12999725341797,123.95999908447266,120.38018798828125,1642100,0.0,0.0
2022-07-01 00:00:00-04:00,123.7300033569336,125.58999633789062,123.69999694824219,125.31999969482422,121.7009048461914,550400,0.0,0.0
2022-07-05 00:00:00-04:00,124.1500015258789,124.98999786376953,122.75,124.62000274658203,121.02112579345703,1240000,0.0,0.0
2022-07-06 00:00:00-04:00,124.94000244140625,127.11000061035156,124.91999816894531,126.25,122.60404968261719,1012000,0.0,0.0
2022-07-07 00:00:00-04:00,126.04000091552734,126.54000091552734,125.47000122070312,126.05999755859375,122.41954040527344,932900,0.0,0.0
2022-07-08 00:00:00-04:00,125.93000030517578,126.16999816894531,124.91999816894531,125.51000213623047,121.88541412353516,480900,0.0,0.0
2022-07-11 00:00:00-04:00,125.55000305175781,126.33000183105469,124.66000366210938,125.12000274658203,121.50668334960938,479300,0.0,0.0
2022-07-12 00:00:00-04:00,124.72000122070312,125.23999786376953,122.11000061035156,122.43000030517578,118.89437103271484,1120000,0.0,0.0
2022-07-13 00:00:00-04:00,121.33999633789062,123.88999938964844,121.19999694824219,123.12999725341797,119.57415008544922,655200,0.0,0.0
2022-07-14 00:00:00-04:00,122.38999938964844,124.77999877929688,121.9800033569336,124.22000122070312,120.6326675415039,768400,0.0,0.0
2022-07-15 00:00:00-04:00,125.2699966430664,125.83000183105469,123.9000015258789,124.44000244140625,120.84634399414062,806900,0.0,0.0
2022-07-18 00:00:00-04:00,124.66000366210938,124.75,122.48999786376953,122.80000305175781,119.2536849975586,537800,0.0,0.0
2022-07-19 00:00:00-04:00,124.13999938964844,125.43000030517578,123.36000061035156,125.30000305175781,121.68148040771484,590100,0.0,0.0
2022-07-20 00:00:00-04:00,125.33000183105469,126.08999633789062,124.66999816894531,125.20999908447266,121.59407806396484,531400,0.0,0.0
2022-07-21 00:00:00-04:00,125.41000366210938,127.9000015258789,125.0999984741211,127.58999633789062,123.90536499023438,673300,0.0,0.0
2022-07-22 00:00:00-04:00,127.36000061035156,128.36000061035156,125.69000244140625,126.26000213623047,122.61376953125,604500,0.0,0.0
2022-07-25 00:00:00-04:00,126.16999816894531,127.41000366210938,126.16999816894531,127.37999725341797,123.70140838623047,670400,0.0,0.0
2022-07-26 00:00:00-04:00,126.8499984741211,127.26000213623047,125.5999984741211,126.3499984741211,122.70116424560547,970700,0.0,0.0
2022-07-27 00:00:00-04:00,126.91999816894531,128.7899932861328,126.58999633789062,128.19000244140625,124.48802947998047,993900,0.0,0.0
2022-07-28 00:00:00-04:00,128.24000549316406,131.25999450683594,127.73999786376953,130.9499969482422,127.16832733154297,563200,0.0,0.0
2022-07-29 00:00:00-04:00,131.6300048828125,133.52000427246094,131.1699981689453,133.3699951171875,129.51841735839844,1086900,0.0,0.0
2022-08-01 00:00:00-04:00,132.75,133.0,131.75999450683594,132.14999389648438,128.33367919921875,837000,0.0,0.0
2022-08-02 00:00:00-04:00,131.66000366210938,132.83999633789062,131.11000061035156,131.14999389648438,127.36253356933594,774900,0.0,0.0
2022-08-03 00:00:00-04:00,134.35000610351562,136.66000366210938,132.25,135.72999572753906,131.81027221679688,1186900,0.0,0.0
2022-08-04 00:00:00-04:00,135.80999755859375,140.8699951171875,135.80999755859375,139.2899932861328,135.26747131347656,1742600,0.0,0.0
2022-08-05 00:00:00-04:00,138.27999877929688,138.66000366210938,136.80999755859375,138.3300018310547,134.33518981933594,789600,0.0,0.0
2022-08-08 00:00:00-04:00,139.19000244140625,140.47000122070312,138.6699981689453,139.49000549316406,135.46170043945312,795000,0.0,0.0
2022-08-09 00:00:00-04:00,139.8300018310547,141.02000427246094,139.10000610351562,139.72999572753906,135.6947784423828,823800,0.0,0.0
2022-08-10 00:00:00-04:00,141.02000427246094,141.22999572753906,139.2100067138672,140.0,135.95697021484375,834500,0.0,0.0
2022-08-11 00:00:00-04:00,140.17999267578125,140.5800018310547,138.80999755859375,138.97000122070312,134.95669555664062,515300,0.0,0.0
2022-08-12 00:00:00-04:00,139.0,141.6699981689453,138.64999389648438,141.55999755859375,137.471923828125,464400,0.0,0.0
2022-08-15 00:00:00-04:00,141.14999389648438,142.14999389648438,140.80999755859375,141.6999969482422,137.6078643798828,378300,0.0,0.0
2022-08-16 00:00:00-04:00,141.3800048828125,144.0800018310547,140.77999877929688,143.7100067138672,139.55982971191406,883100,0.0,0.0
2022-08-17 00:00:00-04:00,143.2899932861328,144.4600067138672,142.92999267578125,143.9199981689453,139.98780822753906,648400,0.23,0.0
2022-08-18 00:00:00-04:00,144.13999938964844,144.2899932861328,142.1199951171875,142.38999938964844,138.49960327148438,486700,0.0,0.0
2022-08-19 00:00:00-04:00,142.5500030517578,142.7899932861328,141.55999755859375,141.8699951171875,137.99380493164062,562900,0.0,0.0
2022-08-22 00:00:00-04:00,140.75,142.14999389648438,140.75,141.55999755859375,137.69229125976562,546500,0.0,0.0
2022-08-23 00:00:00-04:00,140.97000122070312,141.44000244140625,140.24000549316406,140.92999267578125,137.07952880859375,339100,0.0,0.0
2022-08-24 00:00:00-04:00,140.97999572753906,141.99000549316406,140.75999450683594,141.41000366210938,137.54635620117188,424600,0.0,0.0
2022-08-25 00:00:00-04:00,142.0399932861328,142.57000732421875,140.8699951171875,142.38999938964844,138.49960327148438,501000,0.0,0.0
2022-08-26 00:00:00-04:00,142.8000030517578,142.8000030517578,139.52000427246094,139.63999938964844,135.82476806640625,539600,0.0,0.0
2022-08-29 00:00:00-04:00,138.75,141.35000610351562,138.60000610351562,140.7899932861328,136.94332885742188,682200,0.0,0.0
2022-08-30 00:00:00-04:00,140.99000549316406,141.19000244140625,138.9199981689453,139.4600067138672,135.64967346191406,842500,0.0,0.0
2022-08-31 00:00:00-04:00,139.97000122070312,140.44000244140625,139.13999938964844,139.17999267578125,135.37728881835938,1164400,0.0,0.0
2022-09-01 00:00:00-04:00,137.33999633789062,139.50999450683594,137.32000732421875,139.4199981689453,135.61073303222656,1474800,0.0,0.0
2022-09-02 00:00:00-04:00,140.5,142.0800018310547,139.88999938964844,140.5500030517578,136.70989990234375,1457700,0.0,0.0
2022-09-06 00:00:00-04:00,140.6300048828125,142.38999938964844,140.6300048828125,141.3000030517578,137.43939208984375,1125200,0.0,0.0
2022-09-07 00:00:00-04:00,141.25999450683594,144.92999267578125,140.99000549316406,144.4600067138672,140.51304626464844,898300,0.0,0.0
2022-09-08 00:00:00-04:00,144.66000366210938,146.02000427246094,144.1300048828125,145.57000732421875,141.59275817871094,1069800,0.0,0.0
2022-09-09 00:00:00-04:00,145.91000366210938,147.17999267578125,145.57000732421875,146.39999389648438,142.4000701904297,1079700,0.0,0.0
2022-09-12 00:00:00-04:00,146.99000549316406,148.1999969482422,146.3000030517578,148.0,143.95632934570312,1118500,0.0,0.0
2022-09-13 00:00:00-04:00,146.4600067138672,147.52999877929688,145.8699951171875,146.22000122070312,142.2249755859375,1809600,0.0,0.0
2022-09-14 00:00:00-04:00,146.0,147.6999969482422,145.88999938964844,146.67999267578125,142.67239379882812,1338100,0.0,0.0
2022-09-15 00:00:00-04:00,146.33999633789062,147.07000732421875,145.30999755859375,145.8300018310547,141.8456268310547,1002100,0.0,0.0
2022-09-16 00:00:00-04:00,144.19000244140625,145.25999450683594,144.19000244140625,144.80999755859375,140.85348510742188,1340000,0.0,0.0
2022-09-19 00:00:00-04:00,144.13999938964844,145.7899932861328,143.97999572753906,145.67999267578125,141.69967651367188,649200,0.0,0.0
2022-09-20 00:00:00-04:00,145.82000732421875,145.9499969482422,142.8800048828125,144.00999450683594,140.07533264160156,1148600,0.0,0.0
2022-09-21 00:00:00-04:00,144.61000061035156,145.50999450683594,142.67999267578125,142.75999450683594,138.8594970703125,1030400,0.0,0.0
2022-09-22 00:00:00-04:00,142.47999572753906,142.47999572753906,140.1199951171875,141.05999755859375,137.2059326171875,901200,0.0,0.0
2022-09-23 00:00:00-04:00,140.2899932861328,140.5,138.69000244140625,139.72000122070312,135.9025421142578,847700,0.0,0.0
2022-09-26 00:00:00-04:00,139.57000732421875,140.52000427246094,138.47000122070312,139.42999267578125,135.6204833984375,783200,0.0,0.0
2022-09-27 00:00:00-04:00,140.5800018310547,140.5800018310547,137.05999755859375,137.67999267578125,133.91830444335938,1100000,0.0,0.0
2022-09-28 00:00:00-04:00,138.44000244140625,139.7100067138672,136.9499969482422,139.05999755859375,135.26060485839844,1963600,0.0,0.0
2022-09-29 00:00:00-04:00,138.44000244140625,138.75999450683594,136.1300048828125,137.02999877929688,133.28607177734375,805300,0.0,0.0
2022-09-30 00:00:00-04:00,137.47000122070312,137.5399932861328,134.83999633789062,135.1300048828125,131.43798828125,1255000,0.0,0.0
2022-10-03 00:00:00-04:00,136.22999572753906,138.97999572753906,135.94000244140625,138.02000427246094,134.2490234375,1191700,0.0,0.0
2022-10-04 00:00:00-04:00,138.75,143.3699951171875,138.75,142.6699981689453,138.77194213867188,1286800,0.0,0.0
2022-10-05 00:00:00-04:00,141.7100067138672,142.7899932861328,141.3300018310547,141.80999755859375,137.93545532226562,1258500,0.0,0.0
2022-10-06 00:00:00-04:00,140.9600067138672,141.19000244140625,130.77999877929688,134.72000122070312,131.03915405273438,5887300,0.0,0.0
2022-10-07 00:00:00-04:00,133.49000549316406,134.50999450683594,129.69000244140625,129.97000122070312,126.4189224243164,1853700,0.0,0.0
2022-10-10 00:00:00-04:00,130.2100067138672,130.6300048828125,128.1199951171875,129.1699981689453,125.64081573486328,843200,0.0,0.0
2022-10-11 00:00:00-04:00,128.74000549316406,130.88999938964844,128.13999938964844,129.47000122070312,125.9326171875,1091400,0.0,0.0
2022-10-12 00:00:00-04:00,129.6300048828125,129.6300048828125,127.36000061035156,127.37000274658203,123.88999938964844,717700,0.0,0.0
2022-10-13 00:00:00-04:00,124.79000091552734,129.60000610351562,124.27999877929688,128.7899932861328,125.27118682861328,1067000,0.0,0.0
2022-10-14 00:00:00-04:00,129.69000244140625,130.42999267578125,124.2300033569336,124.54000091552734,121.13729858398438,933400,0.0,0.0
2022-10-17 00:00:00-04:00,125.98999786376953,129.17999267578125,125.69000244140625,128.1300048828125,124.62922668457031,1291300,0.0,0.0
2022-10-18 00:00:00-04:00,130.1699981689453,130.91000366210938,129.0500030517578,130.47999572753906,126.91503143310547,1562300,0.0,0.0
2022-10-19 00:00:00-04:00,129.67999267578125,132.17999267578125,129.41000366210938,132.1300048828125,128.51992797851562,834900,0.0,0.0
2022-10-20 00:00:00-04:00,132.44000244140625,132.44000244140625,129.36000061035156,129.67999267578125,126.13685607910156,873200,0.0,0.0
2022-10-21 00:00:00-04:00,129.5800018310547,131.0399932861328,128.72000122070312,130.63999938964844,127.07064056396484,747100,0.0,0.0
2022-10-24 00:00:00-04:00,131.86000061035156,132.4199981689453,130.0500030517578,131.91000366210938,128.30593872070312,1168900,0.0,0.0
2022-10-25 00:00:00-04:00,132.57000732421875,133.0500030517578,131.3300018310547,132.5800018310547,128.9576416015625,865000,0.0,0.0
2022-10-26 00:00:00-04:00,132.75,134.60000610351562,131.50999450683594,132.1699981689453,128.55886840820312,891500,0.0,0.0
2022-10-27 00:00:00-04:00,132.58999633789062,134.97000122070312,132.58999633789062,133.52999877929688,129.88168334960938,1384600,0.0,0.0
2022-10-28 00:00:00-04:00,133.38999938964844,133.8300018310547,131.8000030517578,132.8300018310547,129.2008056640625,1279000,0.0,0.0
2022-10-31 00:00:00-04:00,132.1999969482422,134.08999633789062,131.77999877929688,131.91000366210938,128.30593872070312,1227400,0.0,0.0
2022-11-01 00:00:00-04:00,132.9499969482422,133.82000732421875,130.5800018310547,130.89999389648438,127.32356262207031,891800,0.0,0.0
2022-11-02 00:00:00-04:00,130.58999633789062,133.33999633789062,129.5399932861328,129.9600067138672,126.40922546386719,1384200,0.0,0.0
2022-11-03 00:00:00-04:00,132.14999389648438,138.77999877929688,131.72000122070312,138.5,134.71588134765625,2446900,0.0,0.0
2022-11-04 00:00:00-04:00,140.5800018310547,140.75999450683594,136.11000061035156,136.4499969482422,132.72189331054688,1891800,0.0,0.0
2022-11-07 00:00:00-05:00,136.92999267578125,140.25999450683594,136.52000427246094,139.38999938964844,135.58157348632812,1642500,0.0,0.0
2022-11-08 00:00:00-05:00,138.64999389648438,139.55999755859375,137.25,139.35000610351562,135.5426483154297,1508800,0.0,0.0
2022-11-09 00:00:00-05:00,138.99000549316406,139.99000549316406,137.49000549316406,137.6699981689453,133.9085693359375,1163400,0.0,0.0
2022-11-10 00:00:00-05:00,140.88999938964844,141.32000732421875,136.8800048828125,139.61000061035156,135.79556274414062,1516300,0.0,0.0
2022-11-11 00:00:00-05:00,139.8000030517578,140.4600067138672,134.19000244140625,136.25,132.52731323242188,1460000,0.0,0.0
2022-11-14 00:00:00-05:00,136.4499969482422,137.3000030517578,134.9600067138672,135.13999938964844,131.44769287109375,944300,0.0,0.0
2022-11-15 00:00:00-05:00,136.25999450683594,137.07000732421875,134.24000549316406,136.11000061035156,132.64149475097656,924200,0.255,0.0
2022-11-16 00:00:00-05:00,136.2100067138672,139.10000610351562,136.2100067138672,138.38999938964844,134.86338806152344,708100,0.0,0.0
2022-11-17 00:00:00-05:00,138.07000732421875,139.50999450683594,137.60000610351562,138.77000427246094,135.2337188720703,884900,0.0,0.0
2022-11-18 00:00:00-05:00,139.5,140.55999755859375,139.27000427246094,140.1999969482422,136.6272430419922,827200,0.0,0.0
2022-11-21 00:00:00-05:00,140.7100067138672,141.91000366210938,140.1699981689453,140.6199951171875,137.03652954101562,740700,0.0,0.0
2022-11-22 00:00:00-05:00,141.00999450683594,142.50999450683594,140.72000122070312,141.80999755859375,138.1962127685547,909200,0.0,0.0
2022-11-23 00:00:00-05:00,141.7100067138672,142.67999267578125,141.50999450683594,141.97999572753906,138.36187744140625,786600,0.0,0.0
2022-11-25 00:00:00-05:00,142.0,143.19000244140625,141.82000732421875,142.1699981689453,138.5470428466797,470300,0.0,0.0
2022-11-28 00:00:00-05:00,141.5500030517578,144.07000732421875,141.5500030517578,142.14999389648438,138.5275421142578,811500,0.0,0.0
2022-11-29 00:00:00-05:00,141.9600067138672,142.4199981689453,140.08999633789062,140.82000732421875,137.23146057128906,699200,0.0,0.0
2022-11-30 00:00:00-05:00,141.07000732421875,144.66000366210938,140.8000030517578,144.5,140.8176727294922,1551700,0.0,0.0
2022-12-01 00:00:00-05:00,144.97999572753906,145.99000549316406,143.5800018310547,143.9499969482422,140.2816925048828,779800,0.0,0.0
2022-12-02 00:00:00-05:00,142.9499969482422,146.1199951171875,142.77000427246094,145.4499969482422,141.7434539794922,553300,0.0,0.0
2022-12-05 00:00:00-05:00,145.35000610351562,145.35000610351562,142.49000549316406,143.0500030517578,139.4046173095703,714400,0.0,0.0
2022-12-06 00:00:00-05:00,142.97999572753906,143.63999938964844,140.3000030517578,140.9199981689453,137.3289031982422,687100,0.0,0.0
2022-12-07 00:00:00-05:00,141.2100067138672,142.75999450683594,140.0399932861328,140.36000061035156,136.78318786621094,607300,0.0,0.0
2022-12-08 00:00:00-05:00,140.4499969482422,141.38999938964844,140.14999389648438,140.52999877929688,136.94883728027344,538300,0.0,0.0
2022-12-09 00:00:00-05:00,140.52999877929688,141.1300048828125,139.6199951171875,139.94000244140625,136.37388610839844,599300,0.0,0.0
2022-12-12 00:00:00-05:00,140.63999938964844,140.89999389648438,139.07000732421875,140.52000427246094,136.9390869140625,758600,0.0,0.0
2022-12-13 00:00:00-05:00,142.55999755859375,143.00999450683594,140.57000732421875,140.72999572753906,137.1437225341797,1137500,0.0,0.0
2022-12-14 00:00:00-05:00,141.3800048828125,142.33999633789062,139.91000366210938,140.47999572753906,136.90013122558594,900700,0.0,0.0
2022-12-15 00:00:00-05:00,139.30999755859375,139.49000549316406,135.7899932861328,137.3300018310547,133.8303985595703,1066400,0.0,0.0
2022-12-16 00:00:00-05:00,136.27000427246094,136.7100067138672,134.4199981689453,134.5,131.072509765625,1109000,0.0,0.0
2022-12-19 00:00:00-05:00,134.60000610351562,135.47999572753906,132.94000244140625,133.30999755859375,129.912841796875,1058100,0.0,0.0
2022-12-20 00:00:00-05:00,133.2100067138672,133.82000732421875,132.1699981689453,132.66000366210938,129.2794189453125,1013400,0.0,0.0
2022-12-21 00:00:00-05:00,133.6300048828125,135.02000427246094,132.60000610351562,133.9600067138672,130.54627990722656,594300,0.0,0.0
2022-12-22 00:00:00-05:00,133.35000610351562,133.86000061035156,131.44000244140625,132.14999389648438,128.78237915039062,659300,0.0,0.0
2022-12-23 00:00:00-05:00,132.0,133.47000122070312,131.05999755859375,133.3699951171875,129.97128295898438,472700,0.0,0.0
2022-12-27 00:00:00-05:00,133.74000549316406,134.6300048828125,133.02000427246094,133.8800048828125,130.46832275390625,344900,0.0,0.0
2022-12-28 00:00:00-05:00,134.30999755859375,134.58999633789062,132.44000244140625,132.4600067138672,129.08447265625,539500,0.0,0.0
2022-12-29 00:00:00-05:00,133.27999877929688,133.92999267578125,132.85000610351562,133.50999450683594,130.10772705078125,336800,0.0,0.0
2022-12-30 00:00:00-05:00,133.08999633789062,133.16000366210938,131.38999938964844,132.55999755859375,129.1819305419922,521900,0.0,0.0
2023-01-03 00:00:00-05:00,132.50999450683594,133.58999633789062,130.4600067138672,131.7100067138672,128.35362243652344,501000,0.0,0.0
2023-01-04 00:00:00-05:00,132.8699951171875,133.39999389648438,131.49000549316406,132.42999267578125,129.05523681640625,641600,0.0,0.0
2023-01-05 00:00:00-05:00,131.58999633789062,131.6699981689453,128.05999755859375,128.61000061035156,125.33260345458984,841000,0.0,0.0
2023-01-06 00:00:00-05:00,129.02999877929688,132.97000122070312,128.44000244140625,132.80999755859375,129.425537109375,1185300,0.0,0.0
2023-01-09 00:00:00-05:00,133.69000244140625,134.25,132.14999389648438,132.19000244140625,128.82138061523438,1050000,0.0,0.0
2023-01-10 00:00:00-05:00,131.8000030517578,131.97000122070312,128.99000549316406,131.1999969482422,127.85659790039062,836900,0.0,0.0
2023-01-11 00:00:00-05:00,132.11000061035156,133.1199951171875,130.44000244140625,132.25,128.87982177734375,1116100,0.0,0.0
2023-01-12 00:00:00-05:00,132.36000061035156,132.47000122070312,127.3499984741211,127.98999786376953,124.7283935546875,1522200,0.0,0.0
2023-01-13 00:00:00-05:00,128.02000427246094,130.74000549316406,127.05999755859375,130.58999633789062,127.26213073730469,1753900,0.0,0.0
2023-01-17 00:00:00-05:00,131.41000366210938,133.0500030517578,131.41000366210938,131.64999389648438,128.29515075683594,1252900,0.0,0.0
2023-01-18 00:00:00-05:00,131.7100067138672,132.52999877929688,128.2100067138672,128.2100067138672,124.94280242919922,984400,0.0,0.0
2023-01-19 00:00:00-05:00,128.19000244140625,129.02000427246094,127.33999633789062,127.3499984741211,124.10470581054688,848200,0.0,0.0
2023-01-20 00:00:00-05:00,127.05000305175781,129.0800018310547,125.83000183105469,128.6199951171875,125.34233093261719,1082600,0.0,0.0
2023-01-23 00:00:00-05:00,128.6199951171875,129.82000732421875,128.2100067138672,129.17999267578125,125.88806915283203,593200,0.0,0.0
2023-01-24 00:00:00-05:00,129.97999572753906,140.7899932861328,128.58999633789062,129.69000244140625,126.38507843017578,767700,0.0,0.0
2023-01-25 00:00:00-05:00,128.97000122070312,131.72000122070312,128.60000610351562,131.7100067138672,128.35362243652344,1018200,0.0,0.0
2023-01-26 00:00:00-05:00,132.39999389648438,132.39999389648438,129.88999938964844,130.74000549316406,127.40830993652344,1037100,0.0,0.0
2023-01-27 00:00:00-05:00,130.60000610351562,131.52999877929688,129.50999450683594,131.27999877929688,127.93457794189453,878800,0.0,0.0
2023-01-30 00:00:00-05:00,131.27999877929688,132.41000366210938,130.97000122070312,131.0,127.66167449951172,801500,0.0,0.0
2023-01-31 00:00:00-05:00,131.25,132.91000366210938,130.5399932861328,132.89999389648438,129.51327514648438,926400,0.0,0.0
2023-02-01 00:00:00-05:00,131.7899932861328,134.16000366210938,130.77999877929688,133.02000427246094,129.6302032470703,1262400,0.0,0.0
2023-02-02 00:00:00-05:00,133.4199981689453,133.47999572753906,131.47000122070312,131.97000122070312,128.60699462890625,1489400,0.0,0.0
2023-02-03 00:00:00-05:00,131.5500030517578,132.57000732421875,130.6199951171875,132.22999572753906,128.86033630371094,783700,0.0,0.0
2023-02-06 00:00:00-05:00,131.69000244140625,133.16000366210938,131.69000244140625,132.92999267578125,129.54248046875,689200,0.0,0.0
2023-02-07 00:00:00-05:00,132.47999572753906,133.47999572753906,131.0800018310547,133.3699951171875,129.97128295898438,789700,0.0,0.0
2023-02-08 00:00:00-05:00,133.0500030517578,133.7100067138672,132.5500030517578,133.47000122070312,130.0687713623047,597500,0.0,0.0
2023-02-09 00:00:00-05:00,134.1999969482422,134.4499969482422,132.67999267578125,133.67999267578125,130.27337646484375,871100,0.0,0.0
2023-02-10 00:00:00-05:00,134.10000610351562,135.8699951171875,133.6699981689453,135.32000732421875,131.8716278076172,1182800,0.0,0.0
2023-02-13 00:00:00-05:00,135.69000244140625,136.24000549316406,134.44000244140625,134.66000366210938,131.22840881347656,769900,0.0,0.0
2023-02-14 00:00:00-05:00,134.4199981689453,134.91000366210938,133.49000549316406,134.67999267578125,131.2479248046875,871300,0.0,0.0
2023-02-15 00:00:00-05:00,134.0500030517578,135.72999572753906,133.69000244140625,135.52999877929688,132.07626342773438,937500,0.0,0.0
2023-02-16 00:00:00-05:00,135.61000061035156,138.24000549316406,133.39999389648438,136.36000061035156,132.88510131835938,1603200,0.0,0.0
2023-02-17 00:00:00-05:00,136.66000366210938,138.77000427246094,135.4600067138672,136.11000061035156,132.64149475097656,1142500,0.0,0.0
2023-02-21 00:00:00-05:00,135.6199951171875,136.72999572753906,134.24000549316406,135.25999450683594,131.81314086914062,1067500,0.0,0.0
2023-02-22 00:00:00-05:00,135.85000610351562,137.8800048828125,135.44000244140625,135.9600067138672,132.49530029296875,1315100,0.0,0.0
2023-02-23 00:00:00-05:00,136.19000244140625,136.36000061035156,133.83999633789062,134.7899932861328,131.35511779785156,787500,0.0,0.0
2023-02-24 00:00:00-05:00,134.05999755859375,134.66000366210938,133.1300048828125,134.1300048828125,130.7119598388672,754000,0.0,0.0
2023-02-27 00:00:00-05:00,134.86000061035156,136.4499969482422,134.47000122070312,135.9499969482422,132.4855499267578,1411800,0.0,0.0
2023-02-28 00:00:00-05:00,134.88999938964844,136.0399932861328,133.35000610351562,133.9199981689453,130.75250244140625,1245100,0.255,0.0
2023-03-01 00:00:00-05:00,133.27000427246094,135.16000366210938,133.2100067138672,133.44000244140625,130.2838897705078,896200,0.0,0.0
2023-03-02 00:00:00-05:00,133.39999389648438,134.1699981689453,133.0500030517578,133.69000244140625,130.52798461914062,698100,0.0,0.0
2023-03-03 00:00:00-05:00,133.52999877929688,134.25,131.97999572753906,134.13999938964844,130.9673309326172,834500,0.0,0.0
2023-03-06 00:00:00-05:00,133.6199951171875,136.3300018310547,133.50999450683594,135.39999389648438,132.19754028320312,1024100,0.0,0.0
2023-03-07 00:00:00-05:00,135.47999572753906,135.7100067138672,133.05999755859375,133.25999450683594,130.10812377929688,666600,0.0,0.0
2023-03-08 00:00:00-05:00,133.35000610351562,133.6999969482422,132.58999633789062,133.2100067138672,130.059326171875,758600,0.0,0.0
2023-03-09 00:00:00-05:00,133.63999938964844,134.86000061035156,132.1999969482422,132.3800048828125,129.2489471435547,954700,0.0,0.0
2023-03-10 00:00:00-05:00,132.67999267578125,133.00999450683594,130.66000366210938,131.0399932861328,127.94064331054688,960700,0.0,0.0
2023-03-13 00:00:00-04:00,130.6999969482422,133.9199981689453,130.6999969482422,132.61000061035156,129.47352600097656,797800,0.0,0.0
2023-03-14 00:00:00-04:00,133.50999450683594,135.39999389648438,133.1199951171875,134.97999572753906,131.78744506835938,675700,0.0,0.0
2023-03-15 00:00:00-04:00,134.0,135.1199951171875,132.60000610351562,135.0399932861328,131.84603881835938,1073900,0.0,0.0
2023-03-16 00:00:00-04:00,134.91000366210938,136.6199951171875,134.30999755859375,136.0800018310547,132.86146545410156,738100,0.0,0.0
2023-03-17 00:00:00-04:00,135.94000244140625,135.97000122070312,134.17999267578125,134.36000061035156,131.18211364746094,1112400,0.0,0.0
2023-03-20 00:00:00-04:00,134.8300018310547,137.10000610351562,134.6699981689453,135.5,132.29513549804688,813100,0.0,0.0
2023-03-21 00:00:00-04:00,136.0,136.13999938964844,132.85000610351562,133.3300018310547,130.176513671875,1085200,0.0,0.0
2023-03-22 00:00:00-04:00,133.2899932861328,134.16000366210938,132.13999938964844,132.19000244140625,129.06344604492188,681100,0.0,0.0
2023-03-23 00:00:00-04:00,132.0800018310547,133.55999755859375,130.8699951171875,131.14999389648438,128.0480499267578,612500,0.0,0.0
2023-03-24 00:00:00-04:00,131.00999450683594,133.97000122070312,130.8000030517578,133.6199951171875,130.45960998535156,693000,0.0,0.0
2023-03-27 00:00:00-04:00,134.0,135.38999938964844,133.3800048828125,133.4499969482422,130.2936248779297,785800,0.0,0.0
2023-03-28 00:00:00-04:00,133.2100067138672,134.9199981689453,133.1699981689453,134.8300018310547,131.64100646972656,457500,0.0,0.0
2023-03-29 00:00:00-04:00,135.49000549316406,136.42999267578125,135.11000061035156,136.07000732421875,132.85169982910156,667800,0.0,0.0
2023-03-30 00:00:00-04:00,136.67999267578125,138.5399932861328,136.42999267578125,138.02000427246094,134.75559997558594,1031900,0.0,0.0
2023-03-31 00:00:00-04:00,138.77000427246094,139.77999877929688,138.32000732421875,139.07000732421875,135.78076171875,826100,0.0,0.0
2023-04-03 00:00:00-04:00,139.11000061035156,140.0399932861328,138.7100067138672,139.4600067138672,136.16152954101562,580500,0.0,0.0
2023-04-04 00:00:00-04:00,139.77999877929688,139.77999877929688,137.64999389648438,138.4199981689453,135.14610290527344,771300,0.0,0.0
2023-04-05 00:00:00-04:00,138.57000732421875,139.41000366210938,136.64999389648438,137.08999633789062,133.84754943847656,853400,0.0,0.0
2023-04-06 00:00:00-04:00,136.80999755859375,138.25999450683594,136.72000122070312,137.8300018310547,134.57005310058594,490000,0.0,0.0
2023-04-10 00:00:00-04:00,137.13999938964844,138.41000366210938,136.42999267578125,138.2899932861328,135.01919555664062,508900,0.0,0.0
2023-04-11 00:00:00-04:00,138.14999389648438,141.17999267578125,137.92999267578125,140.02999877929688,136.718017578125,930100,0.0,0.0
2023-04-12 00:00:00-04:00,140.69000244140625,143.19000244140625,140.11000061035156,142.4199981689453,139.051513671875,886000,0.0,0.0
2023-04-13 00:00:00-04:00,142.8699951171875,144.07000732421875,142.22999572753906,143.9499969482422,140.54531860351562,677500,0.0,0.0
2023-04-14 00:00:00-04:00,143.63999938964844,144.1300048828125,142.85000610351562,143.10000610351562,139.7154083251953,778400,0.0,0.0
2023-04-17 00:00:00-04:00,143.6999969482422,144.3300018310547,143.1300048828125,143.92999267578125,140.52577209472656,559300,0.0,0.0
2023-04-18 00:00:00-04:00,144.27000427246094,144.58999633789062,142.3000030517578,142.97000122070312,139.5885009765625,840600,0.0,0.0
2023-04-19 00:00:00-04:00,143.08999633789062,143.99000549316406,142.74000549316406,142.97000122070312,139.5885009765625,625100,0.0,0.0
2023-04-20 00:00:00-04:00,142.97000122070312,144.3800048828125,142.1699981689453,143.75999450683594,140.3598175048828,594700,0.0,0.0
2023-04-21 00:00:00-04:00,144.1300048828125,145.25,144.02000427246094,145.10000610351562,141.66810607910156,1241500,0.0,0.0
2023-04-24 00:00:00-04:00,144.25999450683594,144.80999755859375,141.9199981689453,142.1300048828125,138.76834106445312,1869200,0.0,0.0
2023-04-25 00:00:00-04:00,142.25999450683594,142.72000122070312,141.17999267578125,141.3000030517578,137.95797729492188,1269100,0.0,0.0
2023-04-26 00:00:00-04:00,140.6699981689453,140.94000244140625,139.77000427246094,140.22000122070312,136.9035186767578,1121200,0.0,0.0
2023-04-27 00:00:00-04:00,138.3000030517578,139.27000427246094,132.35000610351562,136.94000244140625,133.70111083984375,2859400,0.0,0.0
2023-04-28 00:00:00-04:00,136.91000366210938,139.52999877929688,135.8699951171875,139.14999389648438,135.85882568359375,1959000,0.0,0.0
2023-05-01 00:00:00-04:00,139.64999389648438,139.64999389648438,137.6999969482422,139.14999389648438,135.85882568359375,1326400,0.0,0.0
2023-05-02 00:00:00-04:00,139.08999633789062,139.41000366210938,137.13999938964844,139.05999755859375,135.77096557617188,1135800,0.0,0.0
2023-05-03 00:00:00-04:00,139.52999877929688,140.47999572753906,138.32000732421875,138.97999572753906,135.69285583496094,688200,0.0,0.0
2023-05-04 00:00:00-04:00,138.8300018310547,140.39999389648438,138.72000122070312,139.32000732421875,136.0248565673828,676500,0.0,0.0
2023-05-05 00:00:00-04:00,139.44000244140625,140.92999267578125,139.35000610351562,140.82000732421875,137.48936462402344,561300,0.0,0.0
2023-05-08 00:00:00-04:00,140.69000244140625,143.0500030517578,140.6699981689453,141.89999389648438,138.54380798339844,686900,0.0,0.0
2023-05-09 00:00:00-04:00,141.88999938964844,143.52999877929688,141.8300018310547,142.75999450683594,139.63438415527344,986900,0.255,0.0
2023-05-10 00:00:00-04:00,143.33999633789062,144.94000244140625,143.0500030517578,144.8699951171875,141.6981658935547,702900,0.0,0.0
2023-05-11 00:00:00-04:00,144.8699951171875,145.49000549316406,142.60000610351562,143.58999633789062,140.44618225097656,694800,0.0,0.0
2023-05-12 00:00:00-04:00,143.5800018310547,145.02999877929688,143.5399932861328,143.88999938964844,140.73968505859375,508700,0.0,0.0
2023-05-15 00:00:00-04:00,143.83999633789062,144.42999267578125,142.27999877929688,143.61000061035156,140.46575927734375,892700,0.0,0.0
2023-05-16 00:00:00-04:00,143.39999389648438,143.39999389648438,141.8800048828125,142.13999938964844,139.0279541015625,734000,0.0,0.0
2023-05-17 00:00:00-04:00,142.97999572753906,143.2899932861328,139.42999267578125,140.60000610351562,137.52166748046875,1082800,0.0,0.0
2023-05-18 00:00:00-04:00,139.7100067138672,140.10000610351562,138.5,139.44000244140625,136.38705444335938,868300,0.0,0.0
2023-05-19 00:00:00-04:00,140.02000427246094,140.86000061035156,139.57000732421875,140.3000030517578,137.22824096679688,647000,0.0,0.0
2023-05-22 00:00:00-04:00,140.2100067138672,140.57000732421875,138.80999755859375,139.2899932861328,136.24037170410156,391700,0.0,0.0
2023-05-23 00:00:00-04:00,138.66000366210938,139.00999450683594,137.00999450683594,137.5500030517578,134.53846740722656,561600,0.0,0.0
2023-05-24 00:00:00-04:00,137.5800018310547,138.47999572753906,137.1300048828125,137.1699981689453,134.1667938232422,520900,0.0,0.0
2023-05-25 00:00:00-04:00,136.91000366210938,138.02000427246094,136.10000610351562,137.60000610351562,134.58734130859375,557600,0.0,0.0
2023-05-26 00:00:00-04:00,138.02000427246094,140.00999450683594,137.88999938964844,138.4499969482422,135.41873168945312,717900,0.0,0.0
2023-05-30 00:00:00-04:00,138.6199951171875,138.6199951171875,136.07000732421875,136.9199981689453,133.92225646972656,599800,0.0,0.0
2023-05-31 00:00:00-04:00,136.97000122070312,137.97000122070312,136.47000122070312,136.64999389648438,133.65814208984375,1256000,0.0,0.0
2023-06-01 00:00:00-04:00,136.1999969482422,137.6300048828125,136.02000427246094,137.58999633789062,134.57752990722656,608900,0.0,0.0
2023-06-02 00:00:00-04:00,137.72999572753906,140.17999267578125,137.2100067138672,139.49000549316406,136.43594360351562,647200,0.0,0.0
2023-06-05 00:00:00-04:00,139.42999267578125,140.3800048828125,138.0500030517578,138.11000061035156,135.086181640625,524100,0.0,0.0
2023-06-06 00:00:00-04:00,138.11000061035156,139.2100067138672,136.25,136.66000366210938,133.6679229736328,815300,0.0,0.0
2023-06-07 00:00:00-04:00,136.66000366210938,137.22000122070312,134.9199981689453,135.0399932861328,132.08340454101562,989600,0.0,0.0
2023-06-08 00:00:00-04:00,135.24000549316406,136.52999877929688,134.11000061035156,136.0,133.0223846435547,794900,0.0,0.0
2023-06-09 00:00:00-04:00,135.75,136.36000061035156,134.52999877929688,135.8300018310547,132.85610961914062,693900,0.0,0.0
2023-06-12 00:00:00-04:00,136.05999755859375,136.41000366210938,134.77000427246094,135.72999572753906,132.75831604003906,685800,0.0,0.0
2023-06-13 00:00:00-04:00,136.0,136.30999755859375,134.72999572753906,135.3300018310547,132.36705017089844,982600,0.0,0.0
2023-06-14 00:00:00-04:00,135.3300018310547,137.50999450683594,134.8699951171875,136.8300018310547,133.83419799804688,943800,0.0,0.0
2023-06-15 00:00:00-04:00,135.89999389648438,138.25,135.7899932861328,137.42999267578125,134.42108154296875,956300,0.0,0.0
2023-06-16 00:00:00-04:00,137.8800048828125,139.16000366210938,137.3699951171875,137.5399932861328,134.52865600585938,934700,0.0,0.0
2023-06-20 00:00:00-04:00,136.67999267578125,137.7100067138672,135.88999938964844,136.6999969482422,133.70706176757812,769500,0.0,0.0
2023-06-21 00:00:00-04:00,137.02000427246094,137.33999633789062,135.77000427246094,136.75,133.75596618652344,735400,0.0,0.0
2023-06-22 00:00:00-04:00,136.9600067138672,137.16000366210938,135.7100067138672,137.07000732421875,134.0689697265625,490700,0.0,0.0
2023-06-23 00:00:00-04:00,136.6300048828125,137.88999938964844,135.92999267578125,136.10000610351562,133.12020874023438,909700,0.0,0.0
2023-06-26 00:00:00-04:00,136.1699981689453,138.5500030517578,135.60000610351562,137.7899932861328,134.77317810058594,640300,0.0,0.0
2023-06-27 00:00:00-04:00,138.22000122070312,139.69000244140625,137.72000122070312,138.7899932861328,135.7512969970703,977300,0.0,0.0
2023-06-28 00:00:00-04:00,138.83999633789062,139.17999267578125,138.00999450683594,138.8699951171875,135.8295440673828,742500,0.0,0.0
2023-06-29 00:00:00-04:00,139.1199951171875,140.47999572753906,138.39999389648438,140.27000427246094,137.1988983154297,855000,0.0,0.0
2023-06-30 00:00:00-04:00,140.58999633789062,143.14999389648438,140.10000610351562,142.92999267578125,139.80064392089844,1116700,0.0,0.0
2023-07-03 00:00:00-04:00,141.9600067138672,142.27000427246094,140.9499969482422,141.3699951171875,138.2747802734375,569000,0.0,0.0
2023-07-05 00:00:00-04:00,141.08999633789062,141.5800018310547,140.77999877929688,141.22000122070312,138.1281280517578,883100,0.0,0.0
2023-07-06 00:00:00-04:00,140.25999450683594,140.7899932861328,139.69000244140625,140.05999755859375,136.99349975585938,1344400,0.0,0.0
2023-07-07 00:00:00-04:00,139.25,140.07000732421875,138.77999877929688,138.8000030517578,135.7610626220703,912000,0.0,0.0
2023-07-10 00:00:00-04:00,138.75,140.22999572753906,138.41000366210938,138.69000244140625,135.65347290039062,747000,0.0,0.0
2023-07-11 00:00:00-04:00,138.6199951171875,138.7899932861328,137.05999755859375,138.6300048828125,135.5948028564453,1118100,0.0,0.0
2023-07-12 00:00:00-04:00,139.57000732421875,140.75,138.0,139.17999267578125,136.13275146484375,1209700,0.0,0.0
2023-07-13 00:00:00-04:00,139.3000030517578,141.4600067138672,138.61000061035156,141.1199951171875,138.03025817871094,1024200,0.0,0.0
2023-07-14 00:00:00-04:00,140.77000427246094,141.91000366210938,140.05999755859375,141.4199981689453,138.32371520996094,930300,0.0,0.0
2023-07-17 00:00:00-04:00,141.5399932861328,142.91000366210938,141.36000061035156,141.47999572753906,138.38241577148438,799800,0.0,0.0
2023-07-18 00:00:00-04:00,140.67999267578125,141.02999877929688,139.22000122070312,139.97000122070312,136.9054412841797,1067800,0.0,0.0
2023-07-19 00:00:00-04:00,139.80999755859375,141.0500030517578,139.32000732421875,140.85000610351562,137.7661895751953,566100,0.0,0.0
2023-07-20 00:00:00-04:00,140.74000549316406,143.82000732421875,140.42999267578125,143.75,140.6027069091797,548900,0.0,0.0
2023-07-21 00:00:00-04:00,145.0,145.86000061035156,144.52999877929688,144.63999938964844,141.4731903076172,1093400,0.0,0.0
2023-07-24 00:00:00-04:00,144.60000610351562,145.69000244140625,144.17999267578125,145.25,142.06983947753906,860800,0.0,0.0
2023-07-25 00:00:00-04:00,144.6199951171875,145.3699951171875,142.63999938964844,143.0500030517578,139.91802978515625,911800,0.0,0.0
2023-07-26 00:00:00-04:00,141.6999969482422,143.89999389648438,141.5,142.8699951171875,139.74195861816406,885100,0.0,0.0
2023-07-27 00:00:00-04:00,143.1999969482422,143.72999572753906,139.75,140.88999938964844,137.80532836914062,1366400,0.0,0.0
2023-07-28 00:00:00-04:00,141.49000549316406,142.63999938964844,140.6300048828125,141.44000244140625,138.34327697753906,803500,0.0,0.0
2023-07-31 00:00:00-04:00,141.4499969482422,141.74000549316406,140.55999755859375,141.1699981689453,138.07919311523438,789600,0.0,0.0
2023-08-01 00:00:00-04:00,141.3300018310547,144.02000427246094,140.8300018310547,142.8800048828125,139.7517547607422,909000,0.0,0.0
2023-08-02 00:00:00-04:00,142.52000427246094,143.58999633789062,140.85000610351562,141.5800018310547,138.48020935058594,1258400,0.0,0.0
2023-08-03 00:00:00-04:00,140.5500030517578,143.10000610351562,139.61000061035156,140.69000244140625,137.60971069335938,1388500,0.0,0.0
2023-08-04 00:00:00-04:00,141.75,143.67999267578125,138.6999969482422,141.9600067138672,138.85189819335938,1224300,0.0,0.0
2023-08-07 00:00:00-04:00,142.1199951171875,143.52000427246094,142.1199951171875,143.19000244140625,140.05496215820312,600600,0.0,0.0
2023-08-08 00:00:00-04:00,142.27000427246094,144.05999755859375,139.49000549316406,140.1699981689453,137.10110473632812,915300,0.0,0.0
2023-08-09 00:00:00-04:00,140.35000610351562,143.1699981689453,140.11000061035156,142.44000244140625,139.3213653564453,631600,0.0,0.0
2023-08-10 00:00:00-04:00,142.6699981689453,143.69000244140625,138.5500030517578,139.85000610351562,136.7880859375,2166100,0.0,0.0
2023-08-11 00:00:00-04:00,139.32000732421875,140.89999389648438,139.17999267578125,140.67999267578125,137.5998992919922,512200,0.0,0.0
2023-08-14 00:00:00-04:00,140.49000549316406,141.99000549316406,140.4199981689453,141.41000366210938,138.31393432617188,430800,0.0,0.0
2023-08-15 00:00:00-04:00,140.49000549316406,141.24000549316406,138.17999267578125,138.35000610351562,135.56539916992188,934900,0.255,0.0
2023-08-16 00:00:00-04:00,138.32000732421875,140.1999969482422,138.32000732421875,139.0399932861328,136.2415008544922,693100,0.0,0.0
2023-08-17 00:00:00-04:00,139.5399932861328,139.63999938964844,137.11000061035156,137.36000061035156,134.59532165527344,1043300,0.0,0.0
2023-08-18 00:00:00-04:00,137.27999877929688,138.57000732421875,137.10000610351562,138.0,135.222412109375,724300,0.0,0.0
2023-08-21 00:00:00-04:00,138.0,139.05999755859375,137.57000732421875,138.0,135.222412109375,840700,0.0,0.0
2023-08-22 00:00:00-04:00,137.94000244140625,138.27000427246094,136.66000366210938,137.14999389648438,134.38955688476562,864500,0.0,0.0
2023-08-23 00:00:00-04:00,137.22999572753906,138.5,136.7899932861328,137.83999633789062,135.0656280517578,498700,0.0,0.0
2023-08-24 00:00:00-04:00,137.27000427246094,138.2899932861328,136.32000732421875,136.41000366210938,133.6644744873047,1044900,0.0,0.0
2023-08-25 00:00:00-04:00,137.32000732421875,138.39999389648438,136.67999267578125,137.86000061035156,135.08526611328125,472600,0.0,0.0
2023-08-28 00:00:00-04:00,138.05999755859375,139.10000610351562,137.67999267578125,137.69000244140625,134.91868591308594,359800,0.0,0.0
2023-08-29 00:00:00-04:00,137.4199981689453,139.02999877929688,136.9199981689453,138.97000122070312,136.17291259765625,761800,0.0,0.0
2023-08-30 00:00:00-04:00,139.67999267578125,140.13999938964844,138.19000244140625,138.3699951171875,135.58499145507812,740700,0.0,0.0
2023-08-31 00:00:00-04:00,138.3699951171875,138.91000366210938,136.7100067138672,136.99000549316406,134.23277282714844,861600,0.0,0.0
2023-09-01 00:00:00-04:00,138.0800018310547,139.55999755859375,137.7899932861328,139.2899932861328,136.4864501953125,838900,0.0,0.0
2023-09-05 00:00:00-04:00,139.35000610351562,139.63999938964844,138.3300018310547,139.11000061035156,136.31011962890625,560000,0.0,0.0
2023-09-06 00:00:00-04:00,138.86000061035156,139.10000610351562,137.22999572753906,137.58999633789062,134.8206787109375,761300,0.0,0.0
2023-09-07 00:00:00-04:00,137.5,139.24000549316406,137.5,138.8699951171875,136.0749053955078,531600,0.0,0.0
2023-09-08 00:00:00-04:00,139.1699981689453,139.66000366210938,137.61000061035156,137.83999633789062,135.0656280517578,527200,0.0,0.0
2023-09-11 00:00:00-04:00,137.6999969482422,139.5,137.5399932861328,139.14999389648438,136.34925842285156,411800,0.0,0.0
2023-09-12 00:00:00-04:00,139.57000732421875,140.5,138.61000061035156,140.1699981689453,137.34877014160156,708200,0.0,0.0
2023-09-13 00:00:00-04:00,140.0,142.05999755859375,139.63999938964844,141.91000366210938,139.05377197265625,662500,0.0,0.0
2023-09-14 00:00:00-04:00,142.47000122070312,142.99000549316406,141.22999572753906,142.14999389648438,139.28890991210938,1133100,0.0,0.0
2023-09-15 00:00:00-04:00,142.30999755859375,143.02999877929688,141.64999389648438,141.7899932861328,138.9361572265625,734000,0.0,0.0
2023-09-18 00:00:00-04:00,142.0,142.6699981689453,140.7100067138672,141.47999572753906,138.63238525390625,471300,0.0,0.0
2023-09-19 00:00:00-04:00,141.55999755859375,142.17999267578125,140.5800018310547,141.2100067138672,138.36782836914062,458400,0.0,0.0
2023-09-20 00:00:00-04:00,141.52999877929688,142.9499969482422,141.5,141.72999572753906,138.8773651123047,495200,0.0,0.0
2023-09-21 00:00:00-04:00,141.13999938964844,141.80999755859375,138.50999450683594,138.5399932861328,135.75157165527344,720500,0.0,0.0
2023-09-22 00:00:00-04:00,138.5800018310547,139.02000427246094,137.35000610351562,137.57000732421875,134.8011016845703,508000,0.0,0.0
2023-09-25 00:00:00-04:00,137.17999267578125,138.94000244140625,137.1199951171875,138.16000366210938,135.3792266845703,591500,0.0,0.0
2023-09-26 00:00:00-04:00,137.67999267578125,138.5399932861328,136.2100067138672,136.27999877929688,133.5370330810547,895300,0.0,0.0
2023-09-27 00:00:00-04:00,136.60000610351562,136.97999572753906,134.22999572753906,135.8699951171875,133.1352996826172,891600,0.0,0.0
2023-09-28 00:00:00-04:00,136.27999877929688,137.4600067138672,135.92999267578125,136.44000244140625,133.69383239746094,820900,0.0,0.0
2023-09-29 00:00:00-04:00,137.02000427246094,137.0800018310547,134.10000610351562,134.3000030517578,131.59689331054688,1020900,0.0,0.0
2023-10-02 00:00:00-04:00,133.91000366210938,134.1199951171875,130.9600067138672,132.52000427246094,129.85269165039062,1212000,0.0,0.0
2023-10-03 00:00:00-04:00,131.3300018310547,133.1300048828125,130.86000061035156,133.1199951171875,130.44065856933594,1177800,0.0,0.0
2023-10-04 00:00:00-04:00,133.42999267578125,134.3000030517578,132.1999969482422,133.66000366210938,130.9698028564453,879500,0.0,0.0
2023-10-05 00:00:00-04:00,133.50999450683594,135.57000732421875,133.11000061035156,135.44000244140625,132.71397399902344,1020400,0.0,0.0
2023-10-06 00:00:00-04:00,134.85000610351562,136.9600067138672,133.7899932861328,135.9600067138672,133.2235107421875,759600,0.0,0.0
2023-10-09 00:00:00-04:00,135.74000549316406,138.08999633789062,135.67999267578125,137.5800018310547,134.81089782714844,503500,0.0,0.0
2023-10-10 00:00:00-04:00,137.77000427246094,139.13999938964844,137.0,137.9600067138672,135.18324279785156,808300,0.0,0.0
2023-10-11 00:00:00-04:00,138.02999877929688,138.91000366210938,136.99000549316406,138.02999877929688,135.25184631347656,489200,0.0,0.0
2023-10-12 00:00:00-04:00,138.7100067138672,139.5,136.24000549316406,137.08999633789062,134.33074951171875,579900,0.0,0.0
2023-10-13 00:00:00-04:00,137.52000427246094,138.67999267578125,137.1999969482422,138.41000366210938,135.6241912841797,767600,0.0,0.0
2023-10-16 00:00:00-04:00,138.25999450683594,139.7899932861328,137.49000549316406,138.67999267578125,135.88876342773438,678000,0.0,0.0
2023-10-17 00:00:00-04:00,138.3000030517578,140.27000427246094,138.22000122070312,139.1699981689453,136.368896484375,647000,0.0,0.0
2023-10-18 00:00:00-04:00,138.69000244140625,139.2100067138672,137.47999572753906,137.6999969482422,134.92848205566406,871800,0.0,0.0
2023-10-19 00:00:00-04:00,137.1199951171875,138.22999572753906,135.6300048828125,136.02999877929688,133.29208374023438,686200,0.0,0.0
2023-10-20 00:00:00-04:00,136.0,137.69000244140625,135.8300018310547,136.4499969482422,133.70362854003906,885300,0.0,0.0
2023-10-23 00:00:00-04:00,136.61000061035156,137.5399932861328,135.44000244140625,135.52000427246094,132.7923583984375,652000,0.0,0.0
2023-10-24 00:00:00-04:00,135.7100067138672,136.58999633789062,134.00999450683594,134.3800048828125,131.67529296875,966300,0.0,0.0
2023-10-25 00:00:00-04:00,133.0399932861328,138.2100067138672,133.0399932861328,137.41000366210938,134.64430236816406,1472800,0.0,0.0
2023-10-26 00:00:00-04:00,133.5,133.88999938964844,126.12000274658203,127.87999725341797,125.3061294555664,3751900,0.0,0.0
2023-10-27 00:00:00-04:00,128.5,129.11000061035156,127.06999969482422,128.0399932861328,125.462890625,2903600,0.0,0.0
2023-10-30 00:00:00-04:00,128.69000244140625,130.1300048828125,128.41000366210938,129.8699951171875,127.25606536865234,1927000,0.0,0.0
2023-10-31 00:00:00-04:00,130.47000122070312,130.58999633789062,129.02000427246094,129.5,126.89351654052734,1124800,0.0,0.0
2023-11-01 00:00:00-04:00,129.63999938964844,130.13999938964844,128.69000244140625,129.75,127.13848114013672,1063200,0.0,0.0
2023-11-02 00:00:00-04:00,129.85000610351562,133.17999267578125,129.85000610351562,132.77999877929688,130.1074981689453,874700,0.0,0.0
2023-11-03 00:00:00-04:00,133.08999633789062,133.7899932861328,132.19000244140625,133.22999572753906,130.54843139648438,1509300,0.0,0.0
2023-11-06 00:00:00-05:00,133.1999969482422,134.0,132.1999969482422,132.4199981689453,129.75477600097656,1952300,0.0,0.0
2023-11-07 00:00:00-05:00,131.72999572753906,131.9499969482422,130.92999267578125,131.6699981689453,129.29812622070312,2438300,0.285,0.0
2023-11-08 00:00:00-05:00,132.17999267578125,132.17999267578125,130.91000366210938,131.30999755859375,128.94459533691406,1011400,0.0,0.0
2023-11-09 00:00:00-05:00,131.38999938964844,131.9499969482422,130.2100067138672,130.5,128.14918518066406,1295700,0.0,0.0
2023-11-10 00:00:00-05:00,130.99000549316406,131.30999755859375,129.4199981689453,130.5399932861328,128.1884765625,1357000,0.0,0.0
2023-11-13 00:00:00-05:00,130.1300048828125,130.82000732421875,129.30999755859375,130.55999755859375,128.20811462402344,1168100,0.0,0.0
2023-11-14 00:00:00-05:00,131.2899932861328,135.85000610351562,131.2100067138672,134.99000549316406,132.558349609375,1468900,0.0,0.0
2023-11-15 00:00:00-05:00,135.0,135.89999389648438,133.94000244140625,134.02000427246094,131.6057891845703,1048200,0.0,0.0
2023-11-16 00:00:00-05:00,134.1699981689453,135.33999633789062,133.14999389648438,135.00999450683594,132.5779266357422,936600,0.0,0.0
2023-11-17 00:00:00-05:00,134.97000122070312,135.75999450683594,133.33999633789062,134.83999633789062,132.4110107421875,1806400,0.0,0.0
2023-11-20 00:00:00-05:00,134.5,135.07000732421875,134.16000366210938,134.33999633789062,131.92001342773438,785600,0.0,0.0
2023-11-21 00:00:00-05:00,131.77000427246094,132.47000122070312,130.3300018310547,131.61000061035156,129.23919677734375,1552700,0.0,0.0
2023-11-22 00:00:00-05:00,132.17999267578125,133.3000030517578,131.6699981689453,133.3000030517578,130.89874267578125,1470600,0.0,0.0
2023-11-24 00:00:00-05:00,133.33999633789062,133.58999633789062,132.60000610351562,133.30999755859375,130.9085693359375,644800,0.0,0.0
2023-11-27 00:00:00-05:00,134.17999267578125,134.4199981689453,133.0399932861328,133.6699981689453,131.26210021972656,1027200,0.0,0.0
2023-11-28 00:00:00-05:00,133.77999877929688,134.0,132.6699981689453,133.00999450683594,130.61398315429688,1057700,0.0,0.0
2023-11-29 00:00:00-05:00,133.19000244140625,133.69000244140625,132.14999389648438,132.63999938964844,130.25064086914062,614800,0.0,0.0
2023-11-30 00:00:00-05:00,133.11000061035156,135.50999450683594,132.64999389648438,135.49000549316406,133.04933166503906,1176100,0.0,0.0
2023-12-01 00:00:00-05:00,135.52000427246094,139.75999450683594,135.5,139.6300048828125,137.11474609375,1939200,0.0,0.0
2023-12-04 00:00:00-05:00,139.52999877929688,140.67999267578125,138.94000244140625,139.83999633789062,137.32093811035156,1157800,0.0,0.0
2023-12-05 00:00:00-05:00,140.16000366210938,140.5399932861328,138.99000549316406,140.1199951171875,137.59591674804688,1115000,0.0,0.0
2023-12-06 00:00:00-05:00,140.07000732421875,140.91000366210938,138.9600067138672,139.1999969482422,136.69247436523438,760900,0.0,0.0
2023-12-07 00:00:00-05:00,139.4499969482422,139.4499969482422,137.33999633789062,138.38999938964844,135.89706420898438,601700,0.0,0.0
2023-12-08 00:00:00-05:00,138.57000732421875,138.83999633789062,137.41000366210938,138.3300018310547,135.83816528320312,499700,0.0,0.0
2023-12-11 00:00:00-05:00,137.94000244140625,142.0399932861328,137.25,141.52000427246094,138.970703125,1248200,0.0,0.0
2023-12-12 00:00:00-05:00,142.0800018310547,145.6199951171875,141.5500030517578,145.5500030517578,142.92811584472656,1486500,0.0,0.0
2023-12-13 00:00:00-05:00,145.99000549316406,149.3699951171875,145.60000610351562,148.6699981689453,145.99188232421875,1745900,0.0,0.0
2023-12-14 00:00:00-05:00,149.25999450683594,149.8800048828125,146.80999755859375,147.27999877929688,144.62692260742188,2418400,0.0,0.0
2023-12-15 00:00:00-05:00,146.47999572753906,147.6999969482422,144.69000244140625,145.41000366210938,142.79058837890625,1454300,0.0,0.0
2023-12-18 00:00:00-05:00,146.08999633789062,148.1699981689453,145.72000122070312,147.4499969482422,144.79385375976562,1205500,0.0,0.0
2023-12-19 00:00:00-05:00,148.41000366210938,148.41000366210938,146.8300018310547,147.33999633789062,144.68585205078125,797900,0.0,0.0
2023-12-20 00:00:00-05:00,147.22999572753906,147.97000122070312,146.2100067138672,146.39999389648438,143.7627716064453,922900,0.0,0.0
2023-12-21 00:00:00-05:00,146.36000061035156,148.30999755859375,146.25999450683594,147.3000030517578,144.64657592773438,606900,0.0,0.0
2023-12-22 00:00:00-05:00,147.72000122070312,148.2100067138672,147.2899932861328,147.3300018310547,144.676025390625,732700,0.0,0.0
2023-12-26 00:00:00-05:00,147.36000061035156,148.69000244140625,146.85000610351562,148.14999389648438,145.48126220703125,655000,0.0,0.0
2023-12-27 00:00:00-05:00,147.52000427246094,148.3800048828125,147.52000427246094,147.97999572753906,145.31431579589844,763700,0.0,0.0
2023-12-28 00:00:00-05:00,148.44000244140625,148.97000122070312,147.72000122070312,148.82000732421875,146.1392059326172,482200,0.0,0.0
2023-12-29 00:00:00-05:00,148.72000122070312,149.47999572753906,148.5,149.27000427246094,146.5810546875,460000,0.0,0.0
2024-01-02 00:00:00-05:00,147.82000732421875,149.4600067138672,147.52999877929688,148.6300048828125,145.95260620117188,525400,0.0,0.0
2024-01-03 00:00:00-05:00,148.5399932861328,149.07000732421875,147.4499969482422,147.4600067138672,144.80368041992188,696300,0.0,0.0
2024-01-04 00:00:00-05:00,147.88999938964844,148.47000122070312,147.27000427246094,147.47999572753906,144.8233184814453,995000,0.0,0.0
2024-01-05 00:00:00-05:00,146.94000244140625,147.8800048828125,145.63999938964844,146.47999572753906,143.84133911132812,598500,0.0,0.0
2024-01-08 00:00:00-05:00,146.47000122070312,147.11000061035156,145.5399932861328,146.97000122070312,144.32249450683594,728000,0.0,0.0
2024-01-09 00:00:00-05:00,146.97000122070312,147.72000122070312,146.42999267578125,147.27999877929688,144.62692260742188,799600,0.0,0.0
2024-01-10 00:00:00-05:00,147.0,148.89999389648438,147.0,148.63999938964844,145.96241760253906,589700,0.0,0.0
2024-01-11 00:00:00-05:00,149.05999755859375,149.30999755859375,146.61000061035156,148.0500030517578,145.38302612304688,613200,0.0,0.0
2024-01-12 00:00:00-05:00,149.0,149.10000610351562,147.25,148.9199981689453,146.23736572265625,583700,0.0,0.0
2024-01-16 00:00:00-05:00,147.97999572753906,148.1199951171875,146.16000366210938,146.8300018310547,144.18504333496094,785500,0.0,0.0
2024-01-17 00:00:00-05:00,146.3000030517578,147.5800018310547,145.35000610351562,146.72000122070312,144.0770263671875,849600,0.0,0.0
2024-01-18 00:00:00-05:00,147.08999633789062,149.66000366210938,146.50999450683594,149.58999633789062,146.89532470703125,812500,0.0,0.0
2024-01-19 00:00:00-05:00,149.55999755859375,152.66000366210938,149.3699951171875,152.1999969482422,149.4582977294922,1083800,0.0,0.0
2024-01-22 00:00:00-05:00,152.64999389648438,153.72000122070312,151.3699951171875,152.60000610351562,149.85110473632812,843100,0.0,0.0
2024-01-23 00:00:00-05:00,152.60000610351562,153.4600067138672,152.11000061035156,153.35000610351562,150.58758544921875,2890100,0.0,0.0
2024-01-24 00:00:00-05:00,153.9600067138672,154.5800018310547,151.42999267578125,151.8000030517578,149.06549072265625,1391700,0.0,0.0
2024-01-25 00:00:00-05:00,151.8000030517578,153.52999877929688,151.32000732421875,153.42999267578125,150.6661376953125,983600,0.0,0.0
2024-01-26 00:00:00-05:00,153.77999877929688,154.6300048828125,152.86000061035156,154.41000366210938,151.62850952148438,985500,0.0,0.0
2024-01-29 00:00:00-05:00,154.55999755859375,155.9199981689453,154.32000732421875,155.89999389648438,153.09164428710938,782900,0.0,0.0
2024-01-30 00:00:00-05:00,155.2899932861328,156.6699981689453,154.67999267578125,156.64999389648438,153.82810974121094,805700,0.0,0.0
2024-01-31 00:00:00-05:00,157.42999267578125,158.24000549316406,154.6300048828125,155.25999450683594,152.4632110595703,1135400,0.0,0.0
2024-02-01 00:00:00-05:00,156.27000427246094,158.41000366210938,155.5399932861328,158.39999389648438,155.54661560058594,733100,0.0,0.0
2024-02-02 00:00:00-05:00,158.3300018310547,158.49000549316406,156.5399932861328,158.05999755859375,155.2127227783203,763000,0.0,0.0
2024-02-05 00:00:00-05:00,158.0,158.27999877929688,156.33999633789062,157.1699981689453,154.33876037597656,1357900,0.0,0.0
2024-02-06 00:00:00-05:00,158.41000366210938,158.41000366210938,156.3699951171875,156.94000244140625,154.1129150390625,637400,0.0,0.0
2024-02-07 00:00:00-05:00,157.19000244140625,157.67999267578125,156.63999938964844,156.9600067138672,154.13255310058594,712100,0.0,0.0
2024-02-08 00:00:00-05:00,156.8000030517578,156.9499969482422,155.94000244140625,155.97999572753906,153.1702117919922,841000,0.0,0.0
2024-02-09 00:00:00-05:00,156.58999633789062,157.10000610351562,155.57000732421875,156.7100067138672,153.88706970214844,744700,0.0,0.0
2024-02-12 00:00:00-05:00,156.0800018310547,156.3699951171875,153.91000366210938,154.3800048828125,151.5990447998047,1416100,0.0,0.0
2024-02-13 00:00:00-05:00,154.00999450683594,157.91000366210938,153.07000732421875,156.5500030517578,153.72994995117188,2113600,0.0,0.0
2024-02-14 00:00:00-05:00,161.9499969482422,164.3000030517578,158.16000366210938,164.1199951171875,161.16357421875,2644500,0.0,0.0
2024-02-15 00:00:00-05:00,163.25,165.4499969482422,162.69000244140625,165.4499969482422,162.4696044921875,1367600,0.0,0.0
2024-02-16 00:00:00-05:00,166.2100067138672,168.3300018310547,165.1199951171875,167.8699951171875,164.8460235595703,1001300,0.0,0.0
2024-02-20 00:00:00-05:00,166.6199951171875,169.08999633789062,166.50999450683594,167.2100067138672,164.19790649414062,1200600,0.0,0.0
2024-02-21 00:00:00-05:00,167.2100067138672,168.02000427246094,166.05999755859375,167.30999755859375,164.2960968017578,1030100,0.0,0.0
2024-02-22 00:00:00-05:00,167.22000122070312,170.94000244140625,167.22000122070312,170.49000549316406,167.41883850097656,1182800,0.0,0.0
2024-02-23 00:00:00-05:00,170.38999938964844,171.0,169.30999755859375,170.14999389648438,167.0849609375,828100,0.0,0.0
2024-02-26 00:00:00-05:00,170.99000549316406,171.49000549316406,169.88999938964844,169.9199981689453,166.8590850830078,628800,0.0,0.0
2024-02-27 00:00:00-05:00,169.47999572753906,169.47999572753906,167.14999389648438,168.3300018310547,165.57546997070312,1452400,0.285,0.0
2024-02-28 00:00:00-05:00,168.25,169.3699951171875,166.8800048828125,167.19000244140625,164.45411682128906,802500,0.0,0.0
2024-02-29 00:00:00-05:00,166.22999572753906,166.91000366210938,164.35000610351562,166.44000244140625,163.71636962890625,1439800,0.0,0.0
2024-03-01 00:00:00-05:00,165.6999969482422,166.88999938964844,164.8000030517578,165.39999389648438,162.69338989257812,769400,0.0,0.0
2024-03-04 00:00:00-05:00,165.35000610351562,166.58999633789062,164.97999572753906,166.0,163.28359985351562,1360100,0.0,0.0
2024-03-05 00:00:00-05:00,165.8300018310547,167.63999938964844,165.8300018310547,167.47999572753906,164.73934936523438,816000,0.0,0.0
2024-03-06 00:00:00-05:00,167.86000061035156,169.16000366210938,167.5,168.0399932861328,165.29019165039062,775200,0.0,0.0
2024-03-07 00:00:00-05:00,168.49000549316406,168.99000549316406,167.36000061035156,168.10000610351562,165.34921264648438,659400,0.0,0.0
2024-03-08 00:00:00-05:00,168.55999755859375,168.8699951171875,166.25999450683594,166.8000030517578,164.0704803466797,944900,0.0,0.0
2024-03-11 00:00:00-04:00,166.75,167.82000732421875,166.3300018310547,167.8000030517578,165.0541229248047,999300,0.0,0.0
2024-03-12 00:00:00-04:00,167.52000427246094,169.41000366210938,167.49000549316406,168.75999450683594,165.9984130859375,684300,0.0,0.0
2024-03-13 00:00:00-04:00,169.10000610351562,170.1199951171875,168.64999389648438,169.82000732421875,167.0410919189453,622500,0.0,0.0
2024-03-14 00:00:00-04:00,170.5,170.57000732421875,168.10000610351562,169.22999572753906,166.4607391357422,662800,0.0,0.0
2024-03-15 00:00:00-04:00,168.41000366210938,171.10000610351562,168.41000366210938,170.92999267578125,168.13290405273438,1104200,0.0,0.0
2024-03-18 00:00:00-04:00,171.55999755859375,172.41000366210938,171.00999450683594,171.74000549316406,168.92965698242188,562100,0.0,0.0
2024-03-19 00:00:00-04:00,171.50999450683594,172.19000244140625,170.08999633789062,172.1300048828125,169.31329345703125,741800,0.0,0.0
2024-03-20 00:00:00-04:00,172.0,172.30999755859375,170.22999572753906,170.3699951171875,167.5820770263672,691700,0.0,0.0
2024-03-21 00:00:00-04:00,170.3699951171875,172.24000549316406,170.00999450683594,171.50999450683594,168.70339965820312,626700,0.0,0.0
2024-03-22 00:00:00-04:00,171.9600067138672,172.0800018310547,170.2899932861328,170.8800048828125,168.08372497558594,586500,0.0,0.0
2024-03-25 00:00:00-04:00,171.08999633789062,171.92999267578125,170.27999877929688,170.3300018310547,167.54273986816406,529400,0.0,0.0
2024-03-26 00:00:00-04:00,170.02000427246094,171.02999877929688,169.7100067138672,170.02999877929688,167.24761962890625,653600,0.0,0.0
2024-03-27 00:00:00-04:00,170.88999938964844,172.3300018310547,170.4199981689453,171.69000244140625,168.88047790527344,531900,0.0,0.0
2024-03-28 00:00:00-04:00,172.4199981689453,173.02999877929688,171.3699951171875,172.00999450683594,169.1952362060547,473800,0.0,0.0
2024-04-01 00:00:00-04:00,171.67999267578125,171.67999267578125,169.02999877929688,170.3800048828125,167.5919189453125,447300,0.0,0.0
2024-04-02 00:00:00-04:00,169.91000366210938,170.67999267578125,169.0399932861328,169.44000244140625,166.66729736328125,662000,0.0,0.0
2024-04-03 00:00:00-04:00,169.4600067138672,170.0,168.22000122070312,168.27000427246094,165.5164337158203,559800,0.0,0.0
2024-04-04 00:00:00-04:00,169.22999572753906,170.3000030517578,166.99000549316406,167.3000030517578,164.56228637695312,836200,0.0,0.0
2024-04-05 00:00:00-04:00,167.69000244140625,168.8800048828125,166.89999389648438,168.00999450683594,165.2606964111328,474600,0.0,0.0
2024-04-08 00:00:00-04:00,168.3300018310547,168.75,167.10000610351562,168.25999450683594,165.50657653808594,577200,0.0,0.0
2024-04-09 00:00:00-04:00,168.72999572753906,168.88999938964844,166.52999877929688,168.36000061035156,165.60496520996094,608900,0.0,0.0
2024-04-10 00:00:00-04:00,167.11000061035156,168.60000610351562,165.91000366210938,168.41000366210938,165.65414428710938,809600,0.0,0.0
2024-04-11 00:00:00-04:00,167.5500030517578,168.61000061035156,166.17999267578125,167.5399932861328,164.79840087890625,479100,0.0,0.0
2024-04-12 00:00:00-04:00,167.17999267578125,167.92999267578125,165.92999267578125,167.1199951171875,164.38525390625,677400,0.0,0.0
2024-04-15 00:00:00-04:00,168.86000061035156,169.55999755859375,164.77000427246094,165.77000427246094,163.05734252929688,623700,0.0,0.0
2024-04-16 00:00:00-04:00,165.6999969482422,166.2899932861328,164.44000244140625,164.6699981689453,161.97535705566406,936900,0.0,0.0
2024-04-17 00:00:00-04:00,165.50999450683594,165.5800018310547,163.7100067138672,164.67999267578125,161.98519897460938,678800,0.0,0.0
2024-04-18 00:00:00-04:00,164.91000366210938,165.7100067138672,163.7100067138672,164.36000061035156,161.67042541503906,628400,0.0,0.0
2024-04-19 00:00:00-04:00,164.52999877929688,165.52999877929688,164.14999389648438,165.02000427246094,162.3196258544922,1187900,0.0,0.0
2024-04-22 00:00:00-04:00,166.0500030517578,167.49000549316406,165.6999969482422,166.27000427246094,163.5491943359375,1849700,0.0,0.0
2024-04-23 00:00:00-04:00,166.9199981689453,167.35000610351562,165.8800048828125,166.1699981689453,163.4508056640625,942000,0.0,0.0
2024-04-24 00:00:00-04:00,166.2899932861328,166.85000610351562,165.67999267578125,166.17999267578125,163.4606170654297,1289300,0.0,0.0
2024-04-25 00:00:00-04:00,163.11000061035156,166.8300018310547,160.85000610351562,165.17999267578125,162.4770050048828,1618300,0.0,0.0
2024-04-26 00:00:00-04:00,165.0500030517578,165.39999389648438,162.8300018310547,163.47999572753906,160.8048095703125,1086600,0.0,0.0
2024-04-29 00:00:00-04:00,163.6300048828125,165.92999267578125,163.5500030517578,164.64999389648438,161.95567321777344,933300,0.0,0.0
2024-04-30 00:00:00-04:00,164.8800048828125,165.0,162.0500030517578,162.08999633789062,159.4375762939453,1056500,0.0,0.0
2024-05-01 00:00:00-04:00,162.0500030517578,163.44000244140625,160.8300018310547,162.05999755859375,159.40805053710938,1225500,0.0,0.0
2024-05-02 00:00:00-04:00,162.5,163.72000122070312,161.85000610351562,163.36000061035156,160.6868133544922,798300,0.0,0.0
2024-05-03 00:00:00-04:00,163.8699951171875,165.24000549316406,163.8699951171875,164.17999267578125,161.49334716796875,722300,0.0,0.0
2024-05-06 00:00:00-04:00,164.80999755859375,166.75,164.1999969482422,166.61000061035156,163.8836212158203,1429300,0.0,0.0
2024-05-07 00:00:00-04:00,166.60000610351562,166.97000122070312,164.69000244140625,165.5,163.07070922851562,1788000,0.285,0.0
2024-05-08 00:00:00-04:00,165.5,165.94000244140625,164.7100067138672,165.39999389648438,162.97215270996094,425200,0.0,0.0
2024-05-09 00:00:00-04:00,165.35000610351562,166.35000610351562,165.3300018310547,166.13999938964844,163.7013397216797,410600,0.0,0.0
2024-05-10 00:00:00-04:00,166.89999389648438,167.75,166.0800018310547,167.3800048828125,164.9231414794922,678900,0.0,0.0
2024-05-13 00:00:00-04:00,167.22999572753906,167.6199951171875,164.83999633789062,166.08999633789062,163.65203857421875,697100,0.0,0.0
2024-05-14 00:00:00-04:00,165.83999633789062,167.22999572753906,164.99000549316406,165.66000366210938,163.22837829589844,910200,0.0,0.0
2024-05-15 00:00:00-04:00,165.63999938964844,166.72000122070312,165.33999633789062,165.75999450683594,163.326904296875,434100,0.0,0.0
2024-05-16 00:00:00-04:00,165.9499969482422,166.69000244140625,165.2100067138672,166.6699981689453,164.22354125976562,487000,0.0,0.0
2024-05-17 00:00:00-04:00,166.72000122070312,167.74000549316406,165.60000610351562,167.58999633789062,165.1300506591797,649000,0.0,0.0
2024-05-20 00:00:00-04:00,167.33999633789062,168.07000732421875,165.39999389648438,165.5800018310547,163.1495361328125,486100,0.0,0.0
2024-05-21 00:00:00-04:00,166.0,166.47999572753906,164.86000061035156,165.14999389648438,162.72586059570312,548000,0.0,0.0
2024-05-22 00:00:00-04:00,165.19000244140625,166.00999450683594,164.77000427246094,165.57000732421875,163.1397247314453,741200,0.0,0.0
2024-05-23 00:00:00-04:00,166.14999389648438,166.72999572753906,164.0399932861328,164.55999755859375,162.14450073242188,529900,0.0,0.0
2024-05-24 00:00:00-04:00,165.0,165.92999267578125,163.8699951171875,165.47000122070312,163.0411376953125,394600,0.0,0.0
2024-05-28 00:00:00-04:00,165.0,165.08999633789062,162.75999450683594,162.86000061035156,160.46946716308594,714500,0.0,0.0
2024-05-29 00:00:00-04:00,161.86000061035156,162.2100067138672,160.39999389648438,160.42999267578125,158.07510375976562,384800,0.0,0.0
2024-05-30 00:00:00-04:00,160.77000427246094,162.0500030517578,160.33999633789062,161.60000610351562,159.22796630859375,654200,0.0,0.0
2024-05-31 00:00:00-04:00,162.25999450683594,164.3300018310547,161.36000061035156,164.32000732421875,161.90805053710938,1256100,0.0,0.0
2024-06-03 00:00:00-04:00,164.32000732421875,165.60000610351562,161.1300048828125,163.1699981689453,160.77491760253906,1097300,0.0,0.0
2024-06-04 00:00:00-04:00,163.13999938964844,166.3800048828125,161.32000732421875,166.32000732421875,163.87867736816406,1428500,0.0,0.0
2024-06-05 00:00:00-04:00,166.89999389648438,169.17999267578125,165.8300018310547,168.6300048828125,166.15476989746094,1621600,0.0,0.0
2024-06-06 00:00:00-04:00,169.17999267578125,170.4600067138672,168.24000549316406,168.97999572753906,166.49961853027344,840800,0.0,0.0
2024-06-07 00:00:00-04:00,168.08999633789062,169.8699951171875,165.35000610351562,165.5399932861328,163.11012268066406,1413200,0.0,0.0
2024-06-10 00:00:00-04:00,165.42999267578125,168.05999755859375,165.42999267578125,167.7899932861328,165.32708740234375,863700,0.0,0.0
2024-06-11 00:00:00-04:00,167.30999755859375,167.92999267578125,166.41000366210938,166.75999450683594,164.31222534179688,690200,0.0,0.0
2024-06-12 00:00:00-04:00,168.0,168.6199951171875,166.82000732421875,166.9199981689453,164.46986389160156,874400,0.0,0.0
2024-06-13 00:00:00-04:00,166.9199981689453,167.41000366210938,165.1999969482422,167.0800018310547,164.62754821777344,491800,0.0,0.0
2024-06-14 00:00:00-04:00,167.1199951171875,169.05999755859375,166.44000244140625,168.61000061035156,166.13507080078125,569500,0.0,0.0
2024-06-17 00:00:00-04:00,168.60000610351562,173.3300018310547,167.50999450683594,172.8300018310547,170.29312133789062,1450600,0.0,0.0
2024-06-18 00:00:00-04:00,173.10000610351562,173.88999938964844,171.63999938964844,173.0500030517578,170.50987243652344,704000,0.0,0.0
2024-06-20 00:00:00-04:00,172.64999389648438,174.52999877929688,172.4600067138672,173.89999389648438,171.34739685058594,1014100,0.0,0.0
2024-06-21 00:00:00-04:00,174.16000366210938,175.42999267578125,173.2899932861328,174.61000061035156,172.0469970703125,1021800,0.0,0.0
2024-06-24 00:00:00-04:00,175.1999969482422,176.19000244140625,174.82000732421875,175.5800018310547,173.00274658203125,967100,0.0,0.0
2024-06-25 00:00:00-04:00,176.0,176.50999450683594,174.4600067138672,175.02000427246094,172.45098876953125,860600,0.0,0.0
2024-06-26 00:00:00-04:00,174.63999938964844,174.63999938964844,173.3000030517578,173.72000122070312,171.17005920410156,1036700,0.0,0.0
2024-06-27 00:00:00-04:00,174.0800018310547,175.82000732421875,173.6699981689453,175.77999877929688,173.19979858398438,858800,0.0,0.0
2024-06-28 00:00:00-04:00,176.0399932861328,177.25,175.30999755859375,175.36000061035156,172.78599548339844,996000,0.0,0.0
2024-07-01 00:00:00-04:00,175.94000244140625,177.1300048828125,172.80999755859375,173.9199981689453,171.3671112060547,1018200,0.0,0.0
2024-07-02 00:00:00-04:00,175.27000427246094,175.66000366210938,172.9499969482422,175.05999755859375,172.49038696289062,923100,0.0,0.0
2024-07-03 00:00:00-04:00,176.33999633789062,177.8699951171875,175.61000061035156,177.52000427246094,174.91427612304688,567000,0.0,0.0
2024-07-05 00:00:00-04:00,179.4499969482422,179.4499969482422,176.9499969482422,177.25,174.6482391357422,850400,0.0,0.0
2024-07-08 00:00:00-04:00,177.27000427246094,178.55999755859375,177.27000427246094,177.52000427246094,174.91427612304688,1030900,0.0,0.0
2024-07-09 00:00:00-04:00,177.52000427246094,178.7100067138672,177.52000427246094,178.1300048828125,175.5153350830078,848300,0.0,0.0
2024-07-10 00:00:00-04:00,178.64999389648438,180.6199951171875,178.24000549316406,180.00999450683594,177.36773681640625,961800,0.0,0.0
2024-07-11 00:00:00-04:00,180.05999755859375,181.27999877929688,178.44000244140625,178.97000122070312,176.34300231933594,951600,0.0,0.0
2024-07-12 00:00:00-04:00,179.7100067138672,181.38999938964844,179.6300048828125,180.52999877929688,177.8800811767578,997700,0.0,0.0
2024-07-15 00:00:00-04:00,180.6699981689453,181.7899932861328,179.97000122070312,179.99000549316406,177.34803771972656,862000,0.0,0.0
2024-07-16 00:00:00-04:00,180.50999450683594,182.4199981689453,180.0399932861328,182.33999633789062,179.6635284423828,853700,0.0,0.0
2024-07-17 00:00:00-04:00,181.75999450683594,182.99000549316406,181.2899932861328,182.35000610351562,179.67337036132812,917700,0.0,0.0
2024-07-18 00:00:00-04:00,182.32000732421875,182.8800048828125,180.97000122070312,181.2899932861328,178.62893676757812,796400,0.0,0.0
2024-07-19 00:00:00-04:00,181.8000030517578,182.0,179.88999938964844,180.35000610351562,177.70272827148438,669000,0.0,0.0
2024-07-22 00:00:00-04:00,180.99000549316406,181.75999450683594,180.35000610351562,181.5800018310547,178.9146728515625,981100,0.0,0.0
2024-07-23 00:00:00-04:00,182.41000366210938,182.41000366210938,180.64999389648438,180.69000244140625,178.0377655029297,880900,0.0,0.0
2024-07-24 00:00:00-04:00,179.67999267578125,181.19000244140625,179.00999450683594,179.7100067138672,177.07212829589844,1350100,0.0,0.0
2024-07-25 00:00:00-04:00,180.66000366210938,181.49000549316406,173.97999572753906,175.47999572753906,172.90420532226562,2173900,0.0,0.0
2024-07-26 00:00:00-04:00,176.6199951171875,177.08999633789062,174.89999389648438,175.66000366210938,173.08160400390625,1140100,0.0,0.0
2024-07-29 00:00:00-04:00,176.08999633789062,177.13999938964844,175.1999969482422,175.89999389648438,173.3180389404297,846600,0.0,0.0
2024-07-30 00:00:00-04:00,176.13999938964844,178.14999389648438,176.13999938964844,176.36000061035156,173.7712860107422,756800,0.0,0.0
2024-07-31 00:00:00-04:00,177.3300018310547,178.41000366210938,177.3300018310547,177.77000427246094,175.16062927246094,962600,0.0,0.0
2024-08-01 00:00:00-04:00,177.9199981689453,178.83999633789062,176.44000244140625,178.80999755859375,176.18533325195312,700700,0.0,0.0
2024-08-02 00:00:00-04:00,178.02999877929688,180.24000549316406,177.1300048828125,179.49000549316406,176.85536193847656,1058700,0.0,0.0
2024-08-05 00:00:00-04:00,175.77999877929688,178.94000244140625,173.6199951171875,176.41000366210938,173.82058715820312,1669100,0.0,0.0
2024-08-06 00:00:00-04:00,177.3000030517578,180.1199951171875,176.47999572753906,177.66000366210938,175.05224609375,905900,0.0,0.0
2024-08-07 00:00:00-04:00,178.88999938964844,180.58999633789062,178.13999938964844,179.2899932861328,176.94212341308594,967300,0.285,0.0
2024-08-08 00:00:00-04:00,180.02000427246094,181.52000427246094,179.58999633789062,179.9600067138672,177.60337829589844,996000,0.0,0.0
2024-08-09 00:00:00-04:00,180.22000122070312,180.8699951171875,178.66000366210938,180.3000030517578,177.93894958496094,846800,0.0,0.0
2024-08-12 00:00:00-04:00,180.58999633789062,181.0,179.25999450683594,179.99000549316406,177.63299560546875,664300,0.0,0.0
2024-08-13 00:00:00-04:00,180.0,180.50999450683594,179.17999267578125,180.3800048828125,178.0178680419922,556300,0.0,0.0
2024-08-14 00:00:00-04:00,180.3800048828125,181.97000122070312,180.13999938964844,181.55999755859375,179.18243408203125,481900,0.0,0.0
2024-08-15 00:00:00-04:00,182.10000610351562,183.24000549316406,181.52999877929688,183.02000427246094,180.62330627441406,460900,0.0,0.0
2024-08-16 00:00:00-04:00,183.1699981689453,183.64999389648438,181.63999938964844,181.8800048828125,179.49822998046875,558700,0.0,0.0
2024-08-19 00:00:00-04:00,182.25,183.4600067138672,181.85000610351562,182.6999969482422,180.30747985839844,441200,0.0,0.0
2024-08-20 00:00:00-04:00,182.67999267578125,182.97000122070312,182.00999450683594,182.5,180.110107421875,860600,0.0,0.0
2024-08-21 00:00:00-04:00,182.72999572753906,184.77000427246094,182.55999755859375,184.42999267578125,182.0148162841797,772100,0.0,0.0
2024-08-22 00:00:00-04:00,184.67999267578125,185.38999938964844,183.8000030517578,184.47999572753906,182.06419372558594,821000,0.0,0.0
2024-08-23 00:00:00-04:00,184.97000122070312,186.44000244140625,184.97000122070312,186.42999267578125,183.98861694335938,407800,0.0,0.0
2024-08-26 00:00:00-04:00,187.0,187.5,185.83999633789062,186.4600067138672,184.0182647705078,480300,0.0,0.0
2024-08-27 00:00:00-04:00,186.74000549316406,187.16000366210938,185.97999572753906,186.00999450683594,183.57411193847656,609700,0.0,0.0
2024-08-28 00:00:00-04:00,186.88999938964844,186.88999938964844,184.24000549316406,185.4199981689453,182.9918670654297,615500,0.0,0.0
2024-08-29 00:00:00-04:00,186.0399932861328,187.5399932861328,185.41000366210938,185.77000427246094,183.33729553222656,627300,0.0,0.0
2024-08-30 00:00:00-04:00,185.47999572753906,186.83999633789062,184.9199981689453,186.5,184.05770874023438,1054200,0.0,0.0
2024-09-03 00:00:00-04:00,186.22999572753906,186.4499969482422,184.38999938964844,185.14999389648438,182.7254180908203,611600,0.0,0.0
2024-09-04 00:00:00-04:00,185.49000549316406,186.22000122070312,184.1199951171875,184.77999877929688,182.36024475097656,627800,0.0,0.0
2024-09-05 00:00:00-04:00,184.77999877929688,185.0500030517578,183.0399932861328,184.88999938964844,182.46881103515625,453600,0.0,0.0
2024-09-06 00:00:00-04:00,184.97000122070312,185.63999938964844,182.14999389648438,182.6199951171875,180.22854614257812,1192800,0.0,0.0
2024-09-09 00:00:00-04:00,183.5,185.94000244140625,183.5,185.0,182.57737731933594,851500,0.0,0.0
2024-09-10 00:00:00-04:00,184.88999938964844,185.47000122070312,183.88999938964844,184.67999267578125,182.2615509033203,526100,0.0,0.0
2024-09-11 00:00:00-04:00,184.67999267578125,185.77999877929688,182.1999969482422,185.38999938964844,182.96226501464844,812600,0.0,0.0
2024-09-12 00:00:00-04:00,184.72000122070312,186.32000732421875,183.8699951171875,185.99000549316406,183.55441284179688,666900,0.0,0.0
2024-09-13 00:00:00-04:00,186.1300048828125,186.5500030517578,185.39999389648438,185.67999267578125,183.24844360351562,495100,0.0,0.0
2024-09-16 00:00:00-04:00,186.1999969482422,186.83999633789062,184.5399932861328,185.50999450683594,183.08070373535156,477700,0.0,0.0
2024-09-17 00:00:00-04:00,185.5,185.6199951171875,181.35000610351562,181.41000366210938,179.0343780517578,957100,0.0,0.0
2024-09-18 00:00:00-04:00,181.5,181.6699981689453,177.3699951171875,177.86000061035156,175.53086853027344,1797300,0.0,0.0
2024-09-19 00:00:00-04:00,179.6999969482422,180.3699951171875,178.08999633789062,179.22000122070312,176.87307739257812,893400,0.0,0.0
2024-09-20 00:00:00-04:00,179.0,179.6699981689453,177.6199951171875,179.14999389648438,176.80397033691406,1732700,0.0,0.0
2024-09-23 00:00:00-04:00,179.94000244140625,180.85000610351562,178.88999938964844,180.47000122070312,178.106689453125,711500,0.0,0.0
2024-09-24 00:00:00-04:00,180.5500030517578,180.5500030517578,178.3300018310547,179.3800048828125,177.03099060058594,2377400,0.0,0.0
2024-09-25 00:00:00-04:00,179.75999450683594,180.77000427246094,179.1199951171875,180.5,178.13632202148438,1565400,0.0,0.0
2024-09-26 00:00:00-04:00,181.27000427246094,182.0,178.5,178.52000427246094,176.1822509765625,977600,0.0,0.0
2024-09-27 00:00:00-04:00,178.63999938964844,179.08999633789062,177.22000122070312,177.33999633789062,175.0177001953125,1166900,0.0,0.0
2024-09-30 00:00:00-04:00,177.49000549316406,178.9499969482422,176.67999267578125,178.82000732421875,176.4783172607422,1247900,0.0,0.0
2024-10-01 00:00:00-04:00,177.94000244140625,178.8800048828125,177.17999267578125,177.7899932861328,175.46176147460938,1190200,0.0,0.0
2024-10-02 00:00:00-04:00,177.33999633789062,177.8000030517578,176.47999572753906,177.5500030517578,175.2249298095703,482000,0.0,0.0
2024-10-03 00:00:00-04:00,177.69000244140625,178.82000732421875,176.64999389648438,178.11000061035156,175.77761840820312,645500,0.0,0.0
2024-10-04 00:00:00-04:00,177.74000549316406,177.74000549316406,176.05999755859375,176.41000366210938,174.09988403320312,714900,0.0,0.0
2024-10-07 00:00:00-04:00,176.0399932861328,178.0500030517578,174.8000030517578,176.72000122070312,174.4058074951172,934300,0.0,0.0
2024-10-08 00:00:00-04:00,177.6300048828125,179.9499969482422,177.44000244140625,179.85000610351562,177.4948272705078,887000,0.0,0.0
2024-10-09 00:00:00-04:00,179.6999969482422,181.91000366210938,178.7100067138672,181.82000732421875,179.43902587890625,770600,0.0,0.0
2024-10-10 00:00:00-04:00,181.47999572753906,181.5800018310547,179.24000549316406,179.83999633789062,177.48495483398438,591300,0.0,0.0
2024-10-11 00:00:00-04:00,180.27000427246094,181.39999389648438,180.0800018310547,181.39999389648438,179.02450561523438,510600,0.0,0.0
2024-10-14 00:00:00-04:00,182.0,183.41000366210938,181.11000061035156,182.16000366210938,179.77456665039062,430300,0.0,0.0
2024-10-15 00:00:00-04:00,182.97999572753906,183.83999633789062,181.82000732421875,182.02999877929688,179.64627075195312,608500,0.0,0.0
2024-10-16 00:00:00-04:00,181.80999755859375,182.61000061035156,181.22999572753906,181.8699951171875,179.48834228515625,471600,0.0,0.0
2024-10-17 00:00:00-04:00,182.52000427246094,182.86000061035156,181.5800018310547,182.42999267578125,180.04100036621094,592900,0.0,0.0
2024-10-18 00:00:00-04:00,182.6300048828125,183.0800018310547,182.0,182.60000610351562,180.20883178710938,371000,0.0,0.0
2024-10-21 00:00:00-04:00,182.49000549316406,182.8000030517578,180.33999633789062,181.6999969482422,179.32058715820312,489800,0.0,0.0
2024-10-22 00:00:00-04:00,180.6300048828125,181.5399932861328,179.63999938964844,181.35000610351562,178.97518920898438,382700,0.0,0.0
2024-10-23 00:00:00-04:00,180.61000061035156,181.72000122070312,180.22999572753906,180.36000061035156,177.9981231689453,1117400,0.0,0.0
2024-10-24 00:00:00-04:00,179.5,180.61000061035156,175.0399932861328,178.55999755859375,176.2216796875,1220400,0.0,0.0
2024-10-25 00:00:00-04:00,177.5800018310547,178.6999969482422,175.67999267578125,175.8000030517578,173.4978485107422,779900,0.0,0.0
2024-10-28 00:00:00-04:00,175.8000030517578,177.30999755859375,175.8000030517578,176.91000366210938,174.5933074951172,719300,0.0,0.0
2024-10-29 00:00:00-04:00,177.38999938964844,181.9199981689453,176.72999572753906,180.42999267578125,178.0672149658203,986900,0.0,0.0
2024-10-30 00:00:00-04:00,179.0500030517578,180.16000366210938,177.6300048828125,177.72000122070312,175.3927001953125,852200,0.0,0.0
2024-10-31 00:00:00-04:00,177.6999969482422,178.52999877929688,176.24000549316406,176.75,174.43540954589844,1118900,0.0,0.0
2024-11-01 00:00:00-04:00,177.77999877929688,178.0800018310547,176.5500030517578,176.9600067138672,174.64266967773438,555000,0.0,0.0
2024-11-04 00:00:00-05:00,177.47000122070312,178.60000610351562,176.91000366210938,177.63999938964844,175.3137664794922,548500,0.0,0.0
2024-11-05 00:00:00-05:00,178.00999450683594,178.89999389648438,177.47999572753906,178.77999877929688,176.43882751464844,657200,0.0,0.0
2024-11-06 00:00:00-05:00,181.22999572753906,181.9600067138672,177.0800018310547,179.39999389648438,177.05068969726562,2244900,0.0,0.0
2024-11-07 00:00:00-05:00,180.08999633789062,182.19000244140625,178.9600067138672,181.89999389648438,179.83370971679688,1252900,0.315,0.0
2024-11-08 00:00:00-05:00,182.0,184.92999267578125,181.00999450683594,184.0399932861328,181.94940185546875,869800,0.0,0.0
2024-11-11 00:00:00-05:00,184.75999450683594,185.9199981689453,184.58999633789062,185.36000061035156,183.2544403076172,814000,0.0,0.0
2024-11-12 00:00:00-05:00,185.66000366210938,187.8300018310547,185.66000366210938,187.60000610351562,185.46897888183594,747700,0.0,0.0
2024-11-13 00:00:00-05:00,187.00999450683594,188.3000030517578,186.6699981689453,187.5,185.3701171875,691800,0.0,0.0
2024-11-14 00:00:00-05:00,187.27000427246094,188.1199951171875,182.82000732421875,183.72999572753906,181.6429443359375,812700,0.0,0.0
2024-11-15 00:00:00-05:00,182.9499969482422,184.2100067138672,182.47999572753906,183.5,181.41555786132812,1312100,0.0,0.0
2024-11-18 00:00:00-05:00,183.69000244140625,186.17999267578125,182.9499969482422,186.00999450683594,183.8970184326172,1005600,0.0,0.0
2024-11-19 00:00:00-05:00,185.25999450683594,188.05999755859375,184.52000427246094,187.5,185.3701171875,1088300,0.0,0.0
2024-11-20 00:00:00-05:00,188.3300018310547,188.52999877929688,185.35000610351562,186.52999877929688,184.41111755371094,861800,0.0,0.0
2024-11-21 00:00:00-05:00,186.4600067138672,189.47999572753906,185.30999755859375,189.00999450683594,186.8629608154297,753200,0.0,0.0
2024-11-22 00:00:00-05:00,190.0,190.77999877929688,189.55999755859375,189.8699951171875,187.71319580078125,1097400,0.0,0.0
2024-11-25 00:00:00-05:00,190.49000549316406,193.05999755859375,189.61000061035156,192.80999755859375,190.6197967529297,1256800,0.0,0.0
2024-11-26 00:00:00-05:00,192.1999969482422,194.25,191.52999877929688,193.25,191.0548095703125,950900,0.0,0.0
2024-11-27 00:00:00-05:00,193.47999572753906,194.8300018310547,193.02000427246094,193.17999267578125,190.985595703125,583600,0.0,0.0
2024-11-29 00:00:00-05:00,192.6199951171875,193.5,192.2100067138672,192.47000122070312,190.28366088867188,587500,0.0,0.0
2024-12-02 00:00:00-05:00,192.49000549316406,193.02000427246094,190.1300048828125,190.8300018310547,188.66226196289062,787800,0.0,0.0
2024-12-03 00:00:00-05:00,191.11000061035156,191.88999938964844,190.24000549316406,191.5399932861328,189.3642120361328,920200,0.0,0.0
2024-12-04 00:00:00-05:00,191.27999877929688,191.6699981689453,190.69000244140625,191.00999450683594,188.84024047851562,772000,0.0,0.0
2024-12-05 00:00:00-05:00,190.52999877929688,191.22000122070312,189.69000244140625,190.3000030517578,188.1383056640625,743200,0.0,0.0
2024-12-06 00:00:00-05:00,190.30999755859375,191.5500030517578,189.97999572753906,190.35000610351562,188.187744140625,671000,0.0,0.0
2024-12-09 00:00:00-05:00,190.7100067138672,191.19000244140625,185.89999389648438,186.27000427246094,184.1540985107422,1034400,0.0,0.0
2024-12-10 00:00:00-05:00,186.72999572753906,187.0,185.08999633789062,185.7899932861328,183.67953491210938,769100,0.0,0.0
2024-12-11 00:00:00-05:00,186.4499969482422,187.1999969482422,184.75,184.83999633789062,182.7403106689453,986500,0.0,0.0
2024-12-12 00:00:00-05:00,185.25,185.66000366210938,183.88999938964844,184.24000549316406,182.1471405029297,720800,0.0,0.0
2024-12-13 00:00:00-05:00,183.33999633789062,184.25,179.50999450683594,179.9499969482422,177.9058837890625,2051300,0.0,0.0
2024-12-16 00:00:00-05:00,180.10000610351562,181.14999389648438,177.94000244140625,178.0800018310547,176.05711364746094,1523800,0.0,0.0
2024-12-17 00:00:00-05:00,177.92999267578125,178.6699981689453,175.8800048828125,176.25999450683594,174.25778198242188,1447800,0.0,0.0
2024-12-18 00:00:00-05:00,176.6300048828125,178.07000732421875,174.6300048828125,174.66000366210938,172.6759796142578,1403700,0.0,0.0
2024-12-19 00:00:00-05:00,174.38999938964844,176.2899932861328,173.80999755859375,174.1300048828125,172.15200805664062,1143400,0.0,0.0
2024-12-20 00:00:00-05:00,174.1300048828125,175.17999267578125,173.22000122070312,174.27999877929688,172.30027770996094,1875700,0.0,0.0
2024-12-23 00:00:00-05:00,173.8800048828125,173.94000244140625,170.0,171.05999755859375,169.1168670654297,2997200,0.0,0.0
2024-12-24 00:00:00-05:00,171.2100067138672,172.9199981689453,170.27999877929688,172.6999969482422,170.7382354736328,453600,0.0,0.0
2024-12-26 00:00:00-05:00,171.99000549316406,172.63999938964844,171.74000549316406,171.82000732421875,169.86822509765625,469100,0.0,0.0
2024-12-27 00:00:00-05:00,171.6300048828125,172.77000427246094,170.6999969482422,171.27000427246094,169.32449340820312,445600,0.0,0.0
2024-12-30 00:00:00-05:00,170.1199951171875,171.99000549316406,169.6199951171875,171.1699981689453,169.2256317138672,782300,0.0,0.0
2024-12-31 00:00:00-05:00,170.9600067138672,171.5800018310547,170.3000030517578,171.5800018310547,169.6309356689453,1178800,0.0,0.0
2025-01-02 00:00:00-05:00,172.33999633789062,172.61000061035156,169.77999877929688,169.88999938964844,167.96014404296875,1204900,0.0,0.0
2025-01-03 00:00:00-05:00,170.00999450683594,171.25999450683594,169.36000061035156,170.92999267578125,168.98834228515625,912300,0.0,0.0
2025-01-06 00:00:00-05:00,170.9199981689453,172.8300018310547,170.32000732421875,171.89999389648438,169.94729614257812,842800,0.0,0.0
2025-01-07 00:00:00-05:00,172.22999572753906,174.0,171.6999969482422,172.47000122070312,170.51083374023438,788000,0.0,0.0
2025-01-08 00:00:00-05:00,172.9600067138672,176.17999267578125,172.30999755859375,175.97000122070312,173.97108459472656,1059200,0.0,0.0
2025-01-10 00:00:00-05:00,174.5500030517578,177.14999389648438,174.2899932861328,174.8000030517578,172.81439208984375,1141600,0.0,0.0
2025-01-13 00:00:00-05:00,174.0,176.77999877929688,173.60000610351562,176.69000244140625,174.68292236328125,783700,0.0,0.0
2025-01-14 00:00:00-05:00,176.16000366210938,177.00999450683594,174.57000732421875,175.25,173.25927734375,808900,0.0,0.0
2025-01-15 00:00:00-05:00,177.27999877929688,177.9499969482422,175.7899932861328,176.6999969482422,174.69281005859375,949500,0.0,0.0
2025-01-16 00:00:00-05:00,176.10000610351562,179.14999389648438,176.10000610351562,178.1300048828125,176.10655212402344,716200,0.0,0.0
2025-01-17 00:00:00-05:00,178.97000122070312,179.77000427246094,178.24000549316406,178.24000549316406,176.21530151367188,659400,0.0,0.0
2025-01-21 00:00:00-05:00,179.7899932861328,180.9600067138672,178.86000061035156,178.8800048828125,176.84803771972656,787100,0.0,0.0
2025-01-22 00:00:00-05:00,179.07000732421875,179.1300048828125,177.3300018310547,178.4499969482422,176.4228973388672,824400,0.0,0.0
2025-01-23 00:00:00-05:00,178.86000061035156,179.94000244140625,177.5,179.38999938964844,177.35223388671875,890900,0.0,0.0
2025-01-24 00:00:00-05:00,179.1699981689453,180.1199951171875,177.69000244140625,177.7100067138672,175.69131469726562,822000,0.0,0.0
2025-01-27 00:00:00-05:00,178.2899932861328,181.7899932861328,177.7100067138672,181.61000061035156,179.54702758789062,1347100,0.0,0.0
2025-01-28 00:00:00-05:00,181.97999572753906,184.11000061035156,180.9199981689453,182.97000122070312,180.89158630371094,1232300,0.0,0.0
2025-01-29 00:00:00-05:00,181.89999389648438,183.33999633789062,180.63999938964844,180.63999938964844,178.5880126953125,852600,0.0,0.0
2025-01-30 00:00:00-05:00,182.3699951171875,187.60000610351562,181.6999969482422,186.57000732421875,184.45068359375,982400,0.0,0.0
2025-01-31 00:00:00-05:00,186.57000732421875,187.17999267578125,183.77000427246094,183.77000427246094,181.68251037597656,1042300,0.0,0.0
2025-02-03 00:00:00-05:00,181.1999969482422,188.10000610351562,180.39999389648438,187.3300018310547,185.20204162597656,1209100,0.0,0.0
2025-02-04 00:00:00-05:00,187.3300018310547,188.42999267578125,187.05999755859375,187.58999633789062,185.45907592773438,894900,0.0,0.0
2025-02-05 00:00:00-05:00,188.9499969482422,189.49000549316406,187.32000732421875,188.57000732421875,186.42796325683594,869900,0.0,0.0
2025-02-06 00:00:00-05:00,188.49000549316406,189.25999450683594,187.07000732421875,189.25999450683594,187.110107421875,665400,0.0,0.0
2025-02-07 00:00:00-05:00,189.25999450683594,191.1999969482422,188.7100067138672,190.22999572753906,188.069091796875,1145200,0.0,0.0
2025-02-10 00:00:00-05:00,190.47999572753906,190.6699981689453,189.02000427246094,189.5800018310547,187.42648315429688,865100,0.0,0.0
2025-02-11 00:00:00-05:00,189.22000122070312,189.99000549316406,188.60000610351562,189.92999267578125,187.77249145507812,608400,0.0,0.0
2025-02-12 00:00:00-05:00,188.55999755859375,191.08999633789062,188.55999755859375,189.97999572753906,187.82192993164062,1217500,0.0,0.0
2025-02-13 00:00:00-05:00,184.39999389648438,189.05999755859375,181.13999938964844,188.85000610351562,186.7047882080078,2273800,0.0,0.0
2025-02-14 00:00:00-05:00,189.22999572753906,191.57000732421875,188.02999877929688,189.0399932861328,186.89260864257812,1261700,0.0,0.0
2025-02-18 00:00:00-05:00,187.7899932861328,188.8300018310547,187.1699981689453,187.64999389648438,185.51840209960938,978900,0.0,0.0
2025-02-19 00:00:00-05:00,187.33999633789062,188.4499969482422,186.30999755859375,187.82000732421875,185.68649291992188,1019800,0.0,0.0
2025-02-20 00:00:00-05:00,187.8699951171875,188.82000732421875,186.27999877929688,187.85000610351562,185.71615600585938,870900,0.0,0.0
2025-02-21 00:00:00-05:00,187.9499969482422,188.42999267578125,186.67999267578125,187.3800048828125,185.25148010253906,866400,0.0,0.0
2025-02-24 00:00:00-05:00,187.11000061035156,189.69000244140625,187.11000061035156,187.9499969482422,185.8150177001953,803300,0.0,0.0
2025-02-25 00:00:00-05:00,188.47999572753906,189.63999938964844,187.6699981689453,188.97999572753906,186.83331298828125,880500,0.0,0.0
2025-02-26 00:00:00-05:00,188.02000427246094,189.94000244140625,187.7899932861328,187.8699951171875,185.7359161376953,727100,0.0,0.0
2025-02-27 00:00:00-05:00,186.75999450683594,188.4600067138672,186.08999633789062,186.32000732421875,184.5128936767578,846400,0.315,0.0
2025-02-28 00:00:00-05:00,187.00999450683594,189.77999877929688,186.6199951171875,189.75999450683594,187.91954040527344,1488100,0.0,0.0
2025-03-03 00:00:00-05:00,190.77999877929688,193.47000122070312,190.3300018310547,191.97000122070312,190.10809326171875,1179600,0.0,0.0
2025-03-04 00:00:00-05:00,192.25999450683594,193.3000030517578,190.6699981689453,190.69000244140625,188.84051513671875,1872400,0.0,0.0
2025-03-05 00:00:00-05:00,190.11000061035156,191.19000244140625,188.2899932861328,189.88999938964844,188.04827880859375,1216600,0.0,0.0
2025-03-06 00:00:00-05:00,187.77999877929688,188.5500030517578,184.52000427246094,185.75999450683594,183.9583282470703,1090900,0.0,0.0
2025-03-07 00:00:00-05:00,184.8300018310547,188.47000122070312,184.25,188.35000610351562,186.523193359375,1366200,0.0,0.0
2025-03-10 00:00:00-04:00,187.32000732421875,189.55999755859375,185.55999755859375,186.24000549316406,184.43365478515625,1036500,0.0,0.0
2025-03-11 00:00:00-04:00,186.6199951171875,186.6199951171875,183.3800048828125,184.1999969482422,182.41343688964844,907300,0.0,0.0
2025-03-12 00:00:00-04:00,184.50999450683594,185.0,183.00999450683594,183.1699981689453,181.39344787597656,932100,0.0,0.0
2025-03-13 00:00:00-04:00,182.77000427246094,184.2899932861328,181.27999877929688,183.22000122070312,181.4429473876953,1010600,0.0,0.0
2025-03-14 00:00:00-04:00,183.55999755859375,185.5800018310547,182.97000122070312,185.2899932861328,183.49285888671875,779100,0.0,0.0
2025-03-17 00:00:00-04:00,184.75,188.16000366210938,184.6300048828125,187.89999389648438,186.0775604248047,733100,0.0,0.0
2025-03-18 00:00:00-04:00,187.4199981689453,188.02999877929688,186.25999450683594,187.5800018310547,185.7606658935547,816400,0.0,0.0
2025-03-19 00:00:00-04:00,187.3000030517578,191.4499969482422,187.02000427246094,190.6999969482422,188.85040283203125,961700,0.0,0.0
2025-03-20 00:00:00-04:00,190.16000366210938,190.55999755859375,188.64999389648438,189.86000061035156,188.0185546875,757900,0.0,0.0
2025-03-21 00:00:00-04:00,188.5500030517578,190.05999755859375,188.38999938964844,189.32000732421875,187.4838104248047,911000,0.0,0.0
2025-03-24 00:00:00-04:00,189.91000366210938,191.4600067138672,189.22000122070312,190.92999267578125,189.0781707763672,879000,0.0,0.0
2025-03-25 00:00:00-04:00,191.63999938964844,193.14999389648438,191.11000061035156,192.89999389648438,191.02906799316406,891800,0.0,0.0
2025-03-26 00:00:00-04:00,192.86000061035156,194.0800018310547,190.99000549316406,191.74000549316406,189.8803253173828,772300,0.0,0.0
2025-03-27 00:00:00-04:00,192.00999450683594,194.0800018310547,191.7100067138672,193.91000366210938,192.02928161621094,523200,0.0,0.0
2025-03-28 00:00:00-04:00,193.6699981689453,194.58999633789062,192.5399932861328,192.8300018310547,190.95973205566406,728800,0.0,0.0
2025-03-31 00:00:00-04:00,193.0,195.63999938964844,192.6199951171875,195.19000244140625,193.29685974121094,1330700,0.0,0.0
2025-04-01 00:00:00-04:00,193.8800048828125,197.74000549316406,193.86000061035156,196.50999450683594,194.6040496826172,1101800,0.0,0.0
2025-04-02 00:00:00-04:00,194.4600067138672,196.8300018310547,191.82000732421875,196.6199951171875,194.7129669189453,1470100,0.0,0.0
2025-04-03 00:00:00-04:00,196.47000122070312,201.66000366210938,196.3000030517578,199.9499969482422,198.0106964111328,2125300,0.0,0.0
2025-04-04 00:00:00-04:00,198.05999755859375,200.67999267578125,186.94000244140625,186.9499969482422,185.13677978515625,3261100,0.0,0.0
2025-04-07 00:00:00-04:00,182.6699981689453,189.94000244140625,181.1199951171875,184.75,182.95809936523438,2319400,0.0,0.0
2025-04-08 00:00:00-04:00,189.24000549316406,189.82000732421875,182.07000732421875,183.25999450683594,181.48255920410156,1789000,0.0,0.0
2025-04-09 00:00:00-04:00,183.8000030517578,193.47000122070312,182.80999755859375,192.89999389648438,191.02906799316406,2496200,0.0,0.0
2025-04-10 00:00:00-04:00,190.52999877929688,193.22000122070312,188.16000366210938,191.82000732421875,189.95953369140625,1657600,0.0,0.0
2025-04-11 00:00:00-04:00,191.02999877929688,195.6300048828125,188.92999267578125,194.6999969482422,192.8115997314453,1469600,0.0,0.0
2025-04-14 00:00:00-04:00,195.8300018310547,196.69000244140625,194.13999938964844,195.7899932861328,193.89102172851562,1103100,0.0,0.0
2025-04-15 00:00:00-04:00,194.97000122070312,196.9499969482422,194.97000122070312,195.99000549316406,194.089111328125,1166500,0.0,0.0
2025-04-16 00:00:00-04:00,197.02000427246094,198.80999755859375,195.86000061035156,196.57000732421875,194.6634979248047,1054800,0.0,0.0
2025-04-17 00:00:00-04:00,196.99000549316406,198.75999450683594,196.72999572753906,197.3699951171875,195.45571899414062,979300,0.0,0.0
2025-04-21 00:00:00-04:00,197.39999389648438,198.08999633789062,193.00999450683594,194.57000732421875,192.68287658691406,1017900,0.0,0.0
2025-04-22 00:00:00-04:00,196.5800018310547,197.89999389648438,195.25999450683594,197.89999389648438,195.98056030273438,1228000,0.0,0.0
2025-04-23 00:00:00-04:00,198.61000061035156,198.75,194.00999450683594,195.67999267578125,193.78208923339844,2362400,0.0,0.0
2025-04-24 00:00:00-04:00,199.63999938964844,199.77999877929688,190.92999267578125,196.72000122070312,194.81201171875,1522500,0.0,0.0
2025-04-25 00:00:00-04:00,196.74000549316406,197.7100067138672,191.74000549316406,194.47000122070312,192.58384704589844,1416500,0.0,0.0
2025-04-28 00:00:00-04:00,194.89999389648438,195.11000061035156,192.80999755859375,194.0800018310547,192.19761657714844,1426000,0.0,0.0
2025-04-29 00:00:00-04:00,193.39999389648438,195.75,192.63999938964844,195.52999877929688,193.63356018066406,1242100,0.0,0.0
2025-04-30 00:00:00-04:00,195.5,197.94000244140625,193.30999755859375,197.6300048828125,195.7132110595703,1152000,0.0,0.0
2025-05-01 00:00:00-04:00,196.6699981689453,197.0399932861328,193.91000366210938,196.17999267578125,194.27725219726562,743100,0.0,0.0
2025-05-02 00:00:00-04:00,197.60000610351562,198.8300018310547,196.6300048828125,197.8000030517578,195.8815460205078,664500,0.0,0.0
2025-05-05 00:00:00-04:00,197.9600067138672,198.75999450683594,196.4499969482422,197.9199981689453,196.00038146972656,539000,0.0,0.0
2025-05-06 00:00:00-04:00,197.36000061035156,198.83999633789062,196.8300018310547,198.3800048828125,196.45591735839844,731400,0.0,0.0
2025-05-07 00:00:00-04:00,198.14999389648438,198.66000366210938,196.4499969482422,198.38999938964844,196.7782745361328,891500,0.315,0.0
2025-05-08 00:00:00-04:00,198.35000610351562,199.0,195.24000549316406,195.55999755859375,193.9712677001953,1197900,0.0,0.0
2025-05-09 00:00:00-04:00,195.1999969482422,195.41000366210938,193.97000122070312,195.2899932861328,193.70346069335938,631300,0.0,0.0
2025-05-12 00:00:00-04:00,195.64999389648438,195.64999389648438,184.0,186.5800018310547,185.06422424316406,3108100,0.0,0.0
2025-05-13 00:00:00-04:00,186.30999755859375,187.50999450683594,184.6300048828125,185.77000427246094,184.26080322265625,1799100,0.0,0.0
2025-05-14 00:00:00-04:00,186.5399932861328,186.80999755859375,184.2899932861328,186.27999877929688,184.76666259765625,1190100,0.0,0.0
2025-05-15 00:00:00-04:00,187.4600067138672,190.97000122070312,186.8000030517578,190.97000122070312,189.41856384277344,1032900,0.0,0.0
2025-05-16 00:00:00-04:00,191.0800018310547,191.97999572753906,189.75999450683594,191.9199981689453,190.36085510253906,1287000,0.0,0.0
2025-05-19 00:00:00-04:00,190.97999572753906,193.64999389648438,190.8800048828125,193.3699951171875,191.79905700683594,1340500,0.0,0.0
2025-05-20 00:00:00-04:00,193.0800018310547,196.5800018310547,193.0800018310547,196.02999877929688,194.4374542236328,1465800,0.0,0.0
2025-05-21 00:00:00-04:00,195.39999389648438,196.57000732421875,194.24000549316406,195.92999267578125,194.33827209472656,1168500,0.0,0.0
2025-05-22 00:00:00-04:00,195.77999877929688,196.30999755859375,193.35000610351562,194.91000366210938,193.32655334472656,1097400,0.0,0.0
2025-05-23 00:00:00-04:00,195.63999938964844,197.0399932861328,194.52999877929688,196.83999633789062,195.24085998535156,859500,0.0,0.0
2025-05-27 00:00:00-04:00,198.0,198.0,195.3300018310547,196.4499969482422,194.85401916503906,768000,0.0,0.0
2025-05-28 00:00:00-04:00,196.61000061035156,197.0800018310547,194.8699951171875,195.47999572753906,193.89190673828125,573300,0.0,0.0
2025-05-29 00:00:00-04:00,195.47999572753906,196.0800018310547,193.6699981689453,194.38999938964844,192.81077575683594,704700,0.0,0.0
2025-05-30 00:00:00-04:00,195.3300018310547,197.35000610351562,194.36000061035156,197.08999633789062,195.4888458251953,1968000,0.0,0.0
2025-06-02 00:00:00-04:00,195.8800048828125,197.07000732421875,194.97999572753906,196.30999755859375,194.71517944335938,888000,0.0,0.0
2025-06-03 00:00:00-04:00,194.94000244140625,195.8300018310547,192.77999877929688,193.3000030517578,191.72962951660156,954600,0.0,0.0
2025-06-04 00:00:00-04:00,193.6199951171875,193.6199951171875,191.42999267578125,191.52999877929688,189.97401428222656,911600,0.0,0.0
2025-06-05 00:00:00-04:00,191.72999572753906,192.41000366210938,190.32000732421875,192.0800018310547,190.51953125,829300,0.0,0.0
2025-06-06 00:00:00-04:00,191.6199951171875,193.0800018310547,190.0800018310547,190.22000122070312,188.67466735839844,692600,0.0,0.0
2025-06-09 00:00:00-04:00,190.0800018310547,190.41000366210938,187.32000732421875,188.99000549316406,187.4546661376953,645900,0.0,0.0
2025-06-10 00:00:00-04:00,189.13999938964844,190.8800048828125,188.60000610351562,188.8300018310547,187.2959442138672,658700,0.0,0.0
2025-06-11 00:00:00-04:00,188.99000549316406,189.89999389648438,187.97000122070312,189.32000732421875,187.781982421875,595300,0.0,0.0
2025-06-12 00:00:00-04:00,190.02999877929688,191.64999389648438,189.6199951171875,191.4600067138672,189.9045867919922,712800,0.0,0.0
2025-06-13 00:00:00-04:00,191.63999938964844,192.72000122070312,190.4600067138672,190.6699981689453,189.12100219726562,494800,0.0,0.0
2025-06-16 00:00:00-04:00,190.57000732421875,191.3300018310547,186.94000244140625,187.0800018310547,185.56016540527344,935400,0.0,0.0
2025-06-17 00:00:00-04:00,186.3300018310547,188.4499969482422,185.52000427246094,187.72000122070312,186.19496154785156,1048000,0.0,0.0
2025-06-18 00:00:00-04:00,187.4199981689453,188.27000427246094,185.82000732421875,187.13999938964844,185.61965942382812,948300,0.0,0.0
2025-06-20 00:00:00-04:00,187.60000610351562,188.1199951171875,185.02999877929688,185.72000122070312,184.21121215820312,1292100,0.0,0.0
2025-06-23 00:00:00-04:00,186.02999877929688,187.67999267578125,185.3000030517578,187.6300048828125,186.10569763183594,756600,0.0,0.0
2025-06-24 00:00:00-04:00,187.50999450683594,188.88999938964844,185.88999938964844,188.16000366210938,186.6313934326172,701000,0.0,0.0
2025-06-25 00:00:00-04:00,187.9199981689453,187.9199981689453,185.0,185.67999267578125,184.1715087890625,1000500,0.0,0.0
2025-06-26 00:00:00-04:00,186.5800018310547,188.17999267578125,185.75,187.49000549316406,185.96682739257812,1208300,0.0,0.0
2025-06-27 00:00:00-04:00,186.22000122070312,188.5399932861328,185.32000732421875,185.89999389648438,184.38973999023438,870300,0.0,0.0
2025-06-30 00:00:00-04:00,186.49000549316406,187.02999877929688,185.38999938964844,186.72000122070312,185.2030792236328,1048100,0.0,0.0
2025-07-01 00:00:00-04:00,187.36000061035156,187.3800048828125,185.10000610351562,185.8699951171875,184.3599853515625,528500,0.0,0.0
2025-07-02 00:00:00-04:00,185.7100067138672,185.72999572753906,177.60000610351562,178.10000610351562,176.6531219482422,3255800,0.0,0.0
2025-07-03 00:00:00-04:00,179.5500030517578,181.27999877929688,177.86000061035156,180.72999572753906,179.26173400878906,1360700,0.0,0.0
2025-07-07 00:00:00-04:00,181.02000427246094,182.4499969482422,179.60000610351562,182.2100067138672,180.72972106933594,1632200,0.0,0.0
2025-07-08 00:00:00-04:00,180.89999389648438,182.36000061035156,179.83999633789062,181.19000244140625,179.718017578125,1365900,0.0,0.0
2025-07-09 00:00:00-04:00,180.27999877929688,182.25999450683594,179.7100067138672,182.07000732421875,180.59088134765625,1643100,0.0,0.0
2025-07-10 00:00:00-04:00,181.72000122070312,183.14999389648438,179.74000549316406,182.00999450683594,180.53134155273438,1336800,0.0,0.0
2025-07-11 00:00:00-04:00,181.8000030517578,183.75999450683594,181.3000030517578,183.3800048828125,181.89022827148438,1389800,0.0,0.0
2025-07-14 00:00:00-04:00,182.5800018310547,185.57000732421875,182.5800018310547,184.44000244140625,182.9416046142578,1333700,0.0,0.0
2025-07-15 00:00:00-04:00,184.08999633789062,185.0800018310547,182.77000427246094,183.6199951171875,182.1282501220703,1469100,0.0,0.0
2025-07-16 00:00:00-04:00,183.6199951171875,183.75,180.94000244140625,182.83999633789062,181.3546142578125,1350200,0.0,0.0
2025-07-17 00:00:00-04:00,182.25,183.0,180.52000427246094,182.22999572753906,180.7495574951172,1184500,0.0,0.0
2025-07-18 00:00:00-04:00,183.1199951171875,183.8699951171875,181.8300018310547,182.63999938964844,181.15623474121094,1095700,0.0,0.0
2025-07-21 00:00:00-04:00,182.47000122070312,182.75999450683594,181.1699981689453,182.00999450683594,180.53134155273438,1129200,0.0,0.0
2025-07-22 00:00:00-04:00,181.97000122070312,185.3699951171875,181.97000122070312,184.77999877929688,183.27883911132812,1723700,0.0,0.0
2025-07-23 00:00:00-04:00,184.58999633789062,185.5,183.32000732421875,184.42999267578125,182.93167114257812,1376500,0.0,0.0
2025-07-24 00:00:00-04:00,181.0500030517578,189.38999938964844,180.5500030517578,188.24000549316406,186.7107391357422,1758000,0.0,0.0
2025-07-25 00:00:00-04:00,188.5,189.75,186.9499969482422,186.9499969482422,185.43121337890625,1632200,0.0,0.0
2025-07-28 00:00:00-04:00,186.0,187.49000549316406,185.8300018310547,186.05999755859375,184.54844665527344,763300,0.0,0.0
2025-07-29 00:00:00-04:00,186.6999969482422,191.91000366210938,186.3800048828125,191.83999633789062,190.28150939941406,1812000,0.0,0.0
2025-07-30 00:00:00-04:00,190.33999633789062,191.72999572753906,189.00999450683594,189.19000244140625,187.6530303955078,1640200,0.0,0.0
2025-07-31 00:00:00-04:00,189.8699951171875,190.72999572753906,186.32000732421875,186.6699981689453,185.1534881591797,1665400,0.0,0.0
2025-08-01 00:00:00-04:00,188.19000244140625,188.19000244140625,185.47999572753906,186.57000732421875,185.0543212890625,1129600,0.0,0.0
2025-08-04 00:00:00-04:00,186.69000244140625,187.72000122070312,186.02999877929688,187.3699951171875,185.84780883789062,626400,0.0,0.0
2025-08-05 00:00:00-04:00,187.52000427246094,188.9499969482422,186.82000732421875,186.82000732421875,185.30227661132812,1011300,0.0,0.0
2025-08-06 00:00:00-04:00,186.35000610351562,188.16000366210938,185.4199981689453,187.86000061035156,186.64852905273438,772800,0.315,0.0
2025-08-07 00:00:00-04:00,189.02999877929688,189.02999877929688,186.9499969482422,188.07000732421875,186.857177734375,692100,0.0,0.0
2025-08-08 00:00:00-04:00,188.33999633789062,190.6300048828125,187.74000549316406,187.88999938964844,186.67832946777344,864400,0.0,0.0
2025-08-11 00:00:00-04:00,188.39999389648438,190.64999389648438,188.05999755859375,190.5800018310547,189.3509979248047,1090700,0.0,0.0
2025-08-12 00:00:00-04:00,190.89999389648438,191.0,186.92999267578125,187.39999389648438,186.1914825439453,1566400,0.0,0.0
2025-08-13 00:00:00-04:00,188.02000427246094,188.02000427246094,184.32000732421875,185.74000549316406,184.54220581054688,1352600,0.0,0.0
2025-08-14 00:00:00-04:00,185.72000122070312,186.08999633789062,184.5800018310547,184.72999572753906,183.53871154785156,868500,0.0,0.0
2025-08-15 00:00:00-04:00,183.91000366210938,185.3800048828125,183.4199981689453,184.77000427246094,183.57846069335938,904200,0.0,0.0
2025-08-18 00:00:00-04:00,185.0,185.6699981689453,184.1300048828125,184.82000732421875,183.62814331054688,940400,0.0,0.0
2025-08-19 00:00:00-04:00,185.35000610351562,186.42999267578125,184.5500030517578,186.1699981689453,184.96942138671875,646100,0.0,0.0
2025-08-20 00:00:00-04:00,187.1699981689453,188.75,185.7899932861328,185.8000030517578,184.60182189941406,1352200,0.0,0.0
2025-08-21 00:00:00-04:00,185.3800048828125,187.3000030517578,185.0800018310547,186.47999572753906,185.2774200439453,614400,0.0,0.0
2025-08-22 00:00:00-04:00,187.14999389648438,188.08999633789062,183.99000549316406,184.77999877929688,183.58839416503906,805800,0.0,0.0
2025-08-25 00:00:00-04:00,184.47999572753906,185.0,182.14999389648438,182.19000244140625,181.0150909423828,898000,0.0,0.0
2025-08-26 00:00:00-04:00,182.39999389648438,183.08999633789062,181.3300018310547,182.8800048828125,181.7006378173828,1739600,0.0,0.0
2025-08-27 00:00:00-04:00,181.92999267578125,183.35000610351562,181.92999267578125,183.22999572753906,182.0483856201172,791700,0.0,0.0
2025-08-28 00:00:00-04:00,184.10000610351562,184.10000610351562,181.83999633789062,183.24000549316406,182.05833435058594,636200,0.0,0.0
2025-08-29 00:00:00-04:00,183.60000610351562,185.3300018310547,182.85000610351562,184.80999755859375,183.61819458007812,690000,0.0,0.0
2025-09-02 00:00:00-04:00,184.1199951171875,185.1199951171875,181.24000549316406,182.85000610351562,181.67083740234375,1271600,0.0,0.0
2025-09-03 00:00:00-04:00,182.4600067138672,182.9199981689453,179.72999572753906,180.69000244140625,179.5247802734375,898300,0.0,0.0
2025-09-04 00:00:00-04:00,181.83999633789062,182.14999389648438,180.6300048828125,181.27000427246094,180.1010284423828,601600,0.0,0.0
2025-09-05 00:00:00-04:00,181.1199951171875,181.27999877929688,178.8800048828125,179.3000030517578,178.14373779296875,924700,0.0,0.0
2025-09-08 00:00:00-04:00,178.9199981689453,179.3000030517578,177.27000427246094,178.38999938964844,177.23959350585938,1392700,0.0,0.0
2025-09-09 00:00:00-04:00,177.82000732421875,178.6300048828125,177.0,177.61000061035156,176.46463012695312,1688000,0.0,0.0
2025-09-10 00:00:00-04:00,177.1999969482422,178.69000244140625,176.00999450683594,176.2100067138672,175.07366943359375,1293800,0.0,0.0
2025-09-11 00:00:00-04:00,176.9600067138672,178.7100067138672,176.41000366210938,178.13999938964844,176.99122619628906,1944700,0.0,0.0
2025-09-12 00:00:00-04:00,178.3300018310547,178.3800048828125,174.6300048828125,176.07000732421875,174.9345703125,1527300,0.0,0.0
2025-09-15 00:00:00-04:00,176.25999450683594,177.25,175.4199981689453,175.57000732421875,174.4377899169922,1085000,0.0,0.0
2025-09-16 00:00:00-04:00,175.5500030517578,175.97999572753906,173.1300048828125,173.5800018310547,172.4606170654297,989700,0.0,0.0
2025-09-17 00:00:00-04:00,173.8300018310547,175.2100067138672,173.17999267578125,173.35000610351562,172.23211669921875,1407600,0.0,0.0
2025-09-18 00:00:00-04:00,172.41000366210938,175.86000061035156,172.0,175.41000366210938,174.27882385253906,1115500,0.0,0.0
2025-09-19 00:00:00-04:00,176.0800018310547,177.00999450683594,173.1999969482422,173.97000122070312,172.8480987548828,1514500,0.0,0.0
2025-09-22 00:00:00-04:00,173.92999267578125,174.19000244140625,172.27000427246094,172.97000122070312,171.85455322265625,1386300,0.0,0.0
2025-09-23 00:00:00-04:00,172.97999572753906,173.13999938964844,170.6999969482422,172.02999877929688,170.92062377929688,2273000,0.0,0.0
2025-09-24 00:00:00-04:00,172.00999450683594,173.0500030517578,171.14999389648438,172.25,171.1392059326172,824100,0.0,0.0
2025-09-25 00:00:00-04:00,173.2899932861328,173.94000244140625,170.63999938964844,171.32000732421875,170.2152099609375,1169600,0.0,0.0
2025-09-26 00:00:00-04:00,172.41000366210938,173.05999755859375,171.66000366210938,172.41000366210938,171.29815673828125,699800,0.0,0.0
2025-09-29 00:00:00-04:00,172.08999633789062,174.35000610351562,171.82000732421875,174.3000030517578,173.1759796142578,1116900,0.0,0.0
2025-09-30 00:00:00-04:00,174.52999877929688,176.3300018310547,174.3699951171875,175.8000030517578,174.6663055419922,970500,0.0,0.0
2025-10-01 00:00:00-04:00,175.5500030517578,176.64999389648438,174.1999969482422,175.1199951171875,173.9906768798828,1005500,0.0,0.0
2025-10-02 00:00:00-04:00,174.39999389648438,174.39999389648438,172.85000610351562,173.02999877929688,171.91416931152344,1017400,0.0,0.0
2025-10-03 00:00:00-04:00,173.47000122070312,175.22999572753906,172.38999938964844,174.4199981689453,173.29519653320312,557200,0.0,0.0
2025-10-06 00:00:00-04:00,173.6999969482422,175.57000732421875,173.41000366210938,174.14999389648438,173.0269317626953,1105300,0.0,0.0
2025-10-07 00:00:00-04:00,174.02000427246094,174.42999267578125,172.74000549316406,173.4600067138672,172.34141540527344,738400,0.0,0.0
2025-10-08 00:00:00-04:00,173.7899932861328,174.52000427246094,172.67999267578125,173.69000244140625,172.56991577148438,868000,0.0,0.0
2025-10-09 00:00:00-04:00,174.08999633789062,174.08999633789062,169.8699951171875,170.1999969482422,169.10240173339844,946300,0.0,0.0
2025-10-10 00:00:00-04:00,171.9499969482422,173.86000061035156,170.89999389648438,172.85000610351562,171.73533630371094,1311400,0.0,0.0
2025-10-13 00:00:00-04:00,171.52999877929688,172.72000122070312,170.0,172.0,170.89080810546875,599400,0.0,0.0
2025-10-14 00:00:00-04:00,173.0,173.9499969482422,171.57000732421875,172.55999755859375,171.44720458984375,991900,0.0,0.0
2025-10-15 00:00:00-04:00,172.33999633789062,173.67999267578125,169.57000732421875,169.74000549316406,168.6453857421875,1584000,0.0,0.0
2025-10-16 00:00:00-04:00,169.47999572753906,171.10000610351562,169.39999389648438,170.83999633789062,169.73828125,1355700,0.0,0.0
2025-10-17 00:00:00-04:00,171.3300018310547,173.1999969482422,170.8699951171875,172.97000122070312,171.85455322265625,834900,0.0,0.0
2025-10-20 00:00:00-04:00,172.75,174.16000366210938,172.25999450683594,174.0,172.87791442871094,680600,0.0,0.0
2025-10-21 00:00:00-04:00,174.47000122070312,174.47000122070312,172.6199951171875,173.8000030517578,172.67921447753906,1279300,0.0,0.0
2025-10-22 00:00:00-04:00,176.02999877929688,179.74000549316406,173.0,178.47000122070312,177.319091796875,2485600,0.0,0.0
2025-10-23 00:00:00-04:00,177.92999267578125,179.50999450683594,176.8000030517578,176.80999755859375,175.66978454589844,1450700,0.0,0.0
2025-10-24 00:00:00-04:00,177.55999755859375,178.16000366210938,175.0500030517578,176.82000732421875,175.6797332763672,1230900,0.0,0.0
2025-10-27 00:00:00-04:00,176.22000122070312,177.0500030517578,173.41000366210938,174.77999877929688,173.6528778076172,1454600,0.0,0.0
2025-10-28 00:00:00-04:00,174.0,175.0,170.6199951171875,174.13999938964844,173.0170135498047,1115000,0.0,0.0
2025-10-29 00:00:00-04:00,173.1999969482422,173.3000030517578,167.83999633789062,168.42999267578125,167.3438262939453,1320300,0.0,0.0
2025-10-30 00:00:00-04:00,169.1199951171875,171.02999877929688,169.0500030517578,170.99000549316406,169.8873291015625,1465300,0.0,0.0
2025-10-31 00:00:00-04:00,169.5500030517578,170.25,167.47000122070312,167.67999267578125,166.59866333007812,1839500,0.0,0.0
2025-11-03 00:00:00-05:00,167.30999755859375,167.63999938964844,164.3699951171875,165.75999450683594,164.6910400390625,1241800,0.0,0.0
2025-11-04 00:00:00-05:00,166.32000732421875,168.72999572753906,165.27000427246094,168.72999572753906,167.6418914794922,3286900,0.0,0.0
2025-11-05 00:00:00-05:00,167.9600067138672,168.82000732421875,165.91000366210938,165.9600067138672,164.8897705078125,962500,0.0,0.0
2025-11-06 00:00:00-05:00,166.94000244140625,167.10000610351562,164.66000366210938,165.30999755859375,164.2439422607422,1071700,0.0,0.0
2025-11-07 00:00:00-05:00,166.39999389648438,166.5,164.8300018310547,166.17999267578125,165.10833740234375,766100,0.0,0.0
2025-11-10 00:00:00-05:00,165.02000427246094,166.32000732421875,163.27000427246094,165.94000244140625,164.86988830566406,1086200,0.0,0.0
2025-11-11 00:00:00-05:00,166.4600067138672,167.9499969482422,165.9499969482422,167.44000244140625,166.36019897460938,735300,0.0,0.0
2025-11-12 00:00:00-05:00,168.7100067138672,169.5,167.67999267578125,168.7899932861328,167.70150756835938,1028700,0.0,0.0
2025-11-13 00:00:00-05:00,168.0399932861328,169.89999389648438,167.3800048828125,167.38999938964844,166.31053161621094,1039600,0.0,0.0
2025-11-14 00:00:00-05:00,167.97999572753906,170.35000610351562,166.41000366210938,168.6300048828125,167.54254150390625,1584400,0.0,0.0
2025-11-17 00:00:00-05:00,169.08999633789062,169.6999969482422,167.82000732421875,169.30999755859375,168.2181396484375,972500,0.0,0.0
2025-11-18 00:00:00-05:00,169.99000549316406,172.6699981689453,169.27000427246094,172.16000366210938,171.04978942871094,1158700,0.0,0.0
2025-11-19 00:00:00-05:00,172.44000244140625,174.99000549316406,171.33999633789062,174.67999267578125,173.5535125732422,1163300,0.0,0.0
2025-11-20 00:00:00-05:00,174.19000244140625,175.86000061035156,173.0800018310547,173.52000427246094,172.40101623535156,1085000,0.0,0.0
2025-11-21 00:00:00-05:00,173.0,176.0,171.52000427246094,175.3000030517578,174.16954040527344,1077700,0.0,0.0
2025-11-24 00:00:00-05:00,175.3699951171875,175.3699951171875,172.7899932861328,173.14999389648438,172.03338623046875,1346800,0.0,0.0
2025-11-25 00:00:00-05:00,173.1300048828125,177.2899932861328,173.1300048828125,176.5,175.36178588867188,730400,0.0,0.0
2025-11-26 00:00:00-05:00,176.92999267578125,177.6699981689453,176.1699981689453,177.02999877929688,175.88836669921875,443200,0.0,0.0
2025-11-28 00:00:00-05:00,177.27000427246094,178.08999633789062,176.25,176.5500030517578,175.41146850585938,457100,0.0,0.0
2025-12-01 00:00:00-05:00,176.5,177.22999572753906,174.08999633789062,174.16000366210938,173.03688049316406,784100,0.0,0.0
2025-12-02 00:00:00-05:00,174.22999572753906,174.8300018310547,172.86000061035156,173.27999877929688,172.1625518798828,600300,0.0,0.0
2025-12-03 00:00:00-05:00,173.89999389648438,174.5800018310547,173.0399932861328,174.25999450683594,173.13623046875,761900,0.0,0.0
2025-12-04 00:00:00-05:00,174.13999938964844,174.67999267578125,173.02999877929688,173.25,172.13275146484375,842900,0.0,0.0
2025-12-05 00:00:00-05:00,173.0399932861328,174.8000030517578,172.55999755859375,173.11000061035156,171.99366760253906,744400,0.0,0.0
2025-12-08 00:00:00-05:00,172.85000610351562,173.16000366210938,170.36000061035156,170.39999389648438,169.30113220214844,779000,0.0,0.0
2025-12-09 00:00:00-05:00,170.97000122070312,171.72999572753906,168.0500030517578,168.32000732421875,167.2345428466797,956700,0.0,0.0
2025-12-10 00:00:00-05:00,167.88999938964844,169.41000366210938,167.27999877929688,168.00999450683594,166.92654418945312,1213600,0.0,0.0
2025-12-11 00:00:00-05:00,168.89999389648438,171.80999755859375,168.60000610351562,171.36000061035156,170.2549285888672,1059600,0.0,0.0
2025-12-12 00:00:00-05:00,172.32000732421875,173.16000366210938,171.0500030517578,172.6300048828125,171.51673889160156,1024400,0.0,0.0
2025-12-15 00:00:00-05:00,172.6699981689453,176.6999969482422,171.88999938964844,176.47000122070312,175.3319854736328,1911500,0.0,0.0
2025-12-16 00:00:00-05:00,176.39999389648438,177.4499969482422,175.82000732421875,176.02000427246094,174.8848876953125,1419300,0.0,0.0
2025-12-17 00:00:00-05:00,175.9199981689453,176.85000610351562,175.39999389648438,176.0,174.86500549316406,1291300,0.0,0.0
2025-12-18 00:00:00-05:00,175.02999877929688,176.58999633789062,174.33999633789062,175.6199951171875,174.48744201660156,1303000,0.0,0.0
2025-12-19 00:00:00-05:00,175.61000061035156,175.99000549316406,174.72999572753906,175.17999267578125,174.05029296875,1131900,0.0,0.0
2025-12-22 00:00:00-05:00,174.61000061035156,177.3300018310547,173.97000122070312,177.0,175.8585662841797,813100,0.0,0.0
2025-12-23 00:00:00-05:00,177.47000122070312,178.07000732421875,176.8699951171875,177.69000244140625,176.5441131591797,702000,0.0,0.0
2025-12-24 00:00:00-05:00,177.49000549316406,178.44000244140625,177.00999450683594,177.83999633789062,176.69313049316406,314800,0.0,0.0
2025-12-26 00:00:00-05:00,178.22999572753906,178.82000732421875,177.36000061035156,178.13999938964844,176.99122619628906,603400,0.0,0.0
2025-12-29 00:00:00-05:00,178.75999450683594,179.55999755859375,178.19000244140625,178.5399932861328,177.3886260986328,776600,0.0,0.0
2025-12-30 00:00:00-05:00,178.22999572753906,178.8300018310547,178.07000732421875,178.14999389648438,177.00112915039062,816200,0.0,0.0
