Date,Open,High,Low,Close,Adj Close,Volume,Dividends,Stock Splits
2021-01-04 00:00:00-05:00,283.42999267578125,289.6300048828125,280.0,285.57000732421875,281.4033508300781,483300,0.0,0.0
2021-01-05 00:00:00-05:00,284.6700134277344,291.3399963378906,283.9599914550781,291.0199890136719,286.7738342285156,479000,0.0,0.0
2021-01-06 00:00:00-05:00,286.6499938964844,294.79998779296875,285.0199890136719,294.1400146484375,289.84832763671875,595600,0.0,0.0
2021-01-07 00:00:00-05:00,297.5199890136719,305.07000732421875,294.739990234375,304.05999755859375,299.6235656738281,511000,0.0,0.0
2021-01-08 00:00:00-05:00,305.3900146484375,312.1199951171875,304.510009765625,307.5299987792969,303.0429992675781,437700,0.0,0.0
2021-01-11 00:00:00-05:00,307.1700134277344,307.5,301.489990234375,302.4100036621094,297.99755859375,351700,0.0,0.0
2021-01-12 00:00:00-05:00,301.1000061035156,303.79998779296875,297.5299987792969,298.489990234375,294.13482666015625,499200,0.0,0.0
2021-01-13 00:00:00-05:00,300.3699951171875,300.4200134277344,295.5799865722656,298.0,293.6519775390625,452700,0.0,0.0
2021-01-14 00:00:00-05:00,298.0199890136719,301.1300048828125,296.7099914550781,298.7200012207031,294.36151123046875,434200,0.0,0.0
2021-01-15 00:00:00-05:00,298.5400085449219,299.8800048828125,294.8299865722656,299.4100036621094,295.04144287109375,351700,0.0,0.0
2021-01-19 00:00:00-05:00,303.1199951171875,304.0,297.4200134277344,300.1199951171875,295.9090576171875,399200,0.17,0.0
2021-01-20 00:00:00-05:00,299.6499938964844,306.6400146484375,298.79998779296875,305.04998779296875,300.7699279785156,418200,0.0,0.0
2021-01-21 00:00:00-05:00,304.42999267578125,305.30999755859375,297.739990234375,299.67999267578125,295.47528076171875,486500,0.0,0.0
2021-01-22 00:00:00-05:00,299.1700134277344,300.9599914550781,296.5199890136719,300.0899963378906,295.8794860839844,516900,0.0,0.0
2021-01-25 00:00:00-05:00,302.44000244140625,309.0400085449219,298.2799987792969,300.260009765625,296.0470886230469,418000,0.0,0.0
2021-01-26 00:00:00-05:00,300.3299865722656,301.2799987792969,296.0,299.67999267578125,295.47528076171875,520400,0.0,0.0
2021-01-27 00:00:00-05:00,294.94000244140625,298.20001220703125,290.1499938964844,293.2300109863281,289.11572265625,798200,0.0,0.0
2021-01-28 00:00:00-05:00,294.6300048828125,302.0299987792969,292.8599853515625,298.9200134277344,294.7259216308594,648300,0.0,0.0
2021-01-29 00:00:00-05:00,297.69000244140625,306.739990234375,296.80999755859375,299.489990234375,295.2879638671875,1401200,0.0,0.0
2021-02-01 00:00:00-05:00,300.6000061035156,303.3999938964844,294.260009765625,297.0199890136719,292.8526306152344,793900,0.0,0.0
2021-02-02 00:00:00-05:00,300.0,303.29998779296875,294.6000061035156,294.6000061035156,290.4665222167969,420400,0.0,0.0
2021-02-03 00:00:00-05:00,294.6099853515625,296.7099914550781,287.6400146484375,292.0799865722656,287.98187255859375,666900,0.0,0.0
2021-02-04 00:00:00-05:00,292.8900146484375,295.6499938964844,289.3599853515625,290.25,286.17755126953125,592800,0.0,0.0
2021-02-05 00:00:00-05:00,291.5799865722656,293.989990234375,289.92999267578125,291.3500061035156,287.26214599609375,451200,0.0,0.0
2021-02-08 00:00:00-05:00,292.79998779296875,297.1499938964844,292.45001220703125,294.4599914550781,290.3285217285156,385200,0.0,0.0
2021-02-09 00:00:00-05:00,294.3500061035156,297.010009765625,288.6199951171875,289.8900146484375,285.8226318359375,520900,0.0,0.0
2021-02-10 00:00:00-05:00,290.04998779296875,294.5799865722656,288.260009765625,292.2900085449219,288.1889343261719,334700,0.0,0.0
2021-02-11 00:00:00-05:00,294.94000244140625,295.489990234375,288.42999267578125,291.0899963378906,287.0057678222656,440500,0.0,0.0
2021-02-12 00:00:00-05:00,290.5799865722656,294.2699890136719,289.1499938964844,294.010009765625,289.8847351074219,267900,0.0,0.0
2021-02-16 00:00:00-05:00,293.4100036621094,296.57000732421875,292.989990234375,295.6099853515625,291.4622497558594,417600,0.0,0.0
2021-02-17 00:00:00-05:00,294.1400146484375,296.489990234375,290.7799987792969,293.989990234375,289.8651428222656,415000,0.0,0.0
2021-02-18 00:00:00-05:00,301.989990234375,303.2699890136719,290.8299865722656,296.739990234375,292.57647705078125,639600,0.0,0.0
2021-02-19 00:00:00-05:00,297.67999267578125,298.25,279.3299865722656,281.54998779296875,277.5995788574219,1055900,0.0,0.0
2021-02-22 00:00:00-05:00,280.82000732421875,280.9599914550781,271.6600036621094,272.6499938964844,268.82452392578125,501300,0.0,0.0
2021-02-23 00:00:00-05:00,270.1099853515625,275.6400146484375,265.42999267578125,274.2900085449219,270.4415588378906,682400,0.0,0.0
2021-02-24 00:00:00-05:00,274.05999755859375,280.1300048828125,272.510009765625,278.9200134277344,275.00653076171875,406300,0.0,0.0
2021-02-25 00:00:00-05:00,278.9200134277344,281.44000244140625,275.6499938964844,277.67999267578125,273.78399658203125,361500,0.0,0.0
2021-02-26 00:00:00-05:00,278.92999267578125,283.9700012207031,276.8299865722656,280.6499938964844,276.7122802734375,668200,0.0,0.0
2021-03-01 00:00:00-05:00,281.69000244140625,285.9700012207031,281.69000244140625,282.989990234375,279.0194396972656,406800,0.0,0.0
2021-03-02 00:00:00-05:00,283.6600036621094,284.9800109863281,277.260009765625,278.1000061035156,274.19805908203125,323900,0.0,0.0
2021-03-03 00:00:00-05:00,276.989990234375,277.04998779296875,267.3800048828125,267.6199951171875,263.8650817871094,457000,0.0,0.0
2021-03-04 00:00:00-05:00,267.739990234375,268.0400085449219,255.2100067138672,257.2900085449219,253.68002319335938,566400,0.0,0.0
2021-03-05 00:00:00-05:00,259.489990234375,263.0,253.86000061035156,262.3999938964844,258.71826171875,568100,0.0,0.0
2021-03-08 00:00:00-05:00,262.3900146484375,267.510009765625,259.1400146484375,261.3500061035156,257.6830139160156,424400,0.0,0.0
2021-03-09 00:00:00-05:00,265.4599914550781,274.3699951171875,265.4200134277344,267.4200134277344,263.6678771972656,368600,0.0,0.0
2021-03-10 00:00:00-05:00,271.1400146484375,276.8299865722656,266.6600036621094,267.7300109863281,263.97357177734375,365100,0.0,0.0
2021-03-11 00:00:00-05:00,270.6400146484375,273.7900085449219,268.8699951171875,272.8900146484375,269.0611267089844,279000,0.0,0.0
2021-03-12 00:00:00-05:00,271.9800109863281,275.2799987792969,270.7699890136719,274.1199951171875,270.27386474609375,254000,0.0,0.0
2021-03-15 00:00:00-04:00,274.0,276.54998779296875,271.7200012207031,276.0199890136719,272.1470947265625,324300,0.0,0.0
2021-03-16 00:00:00-04:00,277.5199890136719,279.4599914550781,273.3299865722656,274.1700134277344,270.32318115234375,293900,0.0,0.0
2021-03-17 00:00:00-04:00,271.5299987792969,276.8900146484375,270.6300048828125,274.5899963378906,270.7372741699219,347000,0.0,0.0
2021-03-18 00:00:00-04:00,272.8399963378906,274.7699890136719,268.4200134277344,268.95001220703125,265.1764221191406,451500,0.0,0.0
2021-03-19 00:00:00-04:00,268.9100036621094,279.5799865722656,268.9100036621094,277.1499938964844,273.2613830566406,831400,0.0,0.0
2021-03-22 00:00:00-04:00,276.6300048828125,283.1300048828125,275.57000732421875,282.489990234375,278.5264892578125,358100,0.0,0.0
2021-03-23 00:00:00-04:00,283.07000732421875,286.0,281.7699890136719,283.25,279.2757263183594,364500,0.0,0.0
2021-03-24 00:00:00-04:00,282.95001220703125,283.8699951171875,275.5799865722656,278.0799865722656,274.1782531738281,374700,0.0,0.0
2021-03-25 00:00:00-04:00,278.6700134277344,278.6700134277344,269.5799865722656,275.45001220703125,271.585205078125,478100,0.0,0.0
2021-03-26 00:00:00-04:00,276.4599914550781,280.7200012207031,273.94000244140625,280.30999755859375,276.37701416015625,476400,0.0,0.0
2021-03-29 00:00:00-04:00,278.19000244140625,283.3500061035156,275.69000244140625,280.510009765625,276.5741882324219,365000,0.0,0.0
2021-03-30 00:00:00-04:00,278.239990234375,280.19000244140625,276.510009765625,278.3399963378906,274.4346923828125,372300,0.0,0.0
2021-03-31 00:00:00-04:00,279.0899963378906,284.2300109863281,276.07000732421875,281.7799987792969,277.82635498046875,704600,0.0,0.0
2021-04-01 00:00:00-04:00,283.9599914550781,285.0199890136719,278.8999938964844,284.7699890136719,280.7745056152344,394200,0.0,0.0
2021-04-05 00:00:00-04:00,286.739990234375,290.5299987792969,285.2900085449219,289.55999755859375,285.497314453125,376100,0.0,0.0
2021-04-06 00:00:00-04:00,291.7900085449219,295.29998779296875,289.6199951171875,291.2799987792969,287.19305419921875,332900,0.0,0.0
2021-04-07 00:00:00-04:00,289.9700012207031,291.760009765625,288.6499938964844,289.17999267578125,285.1225891113281,291700,0.0,0.0
2021-04-08 00:00:00-04:00,290.45001220703125,294.260009765625,289.239990234375,291.8800048828125,287.78472900390625,277900,0.0,0.0
2021-04-09 00:00:00-04:00,292.20001220703125,296.54998779296875,291.32000732421875,296.5199890136719,292.35955810546875,201700,0.0,0.0
2021-04-12 00:00:00-04:00,296.5199890136719,298.6499938964844,295.1600036621094,296.94000244140625,292.773681640625,334700,0.0,0.0
2021-04-13 00:00:00-04:00,298.54998779296875,306.8900146484375,298.42999267578125,306.45001220703125,302.1502380371094,323900,0.0,0.0
2021-04-14 00:00:00-04:00,305.8999938964844,307.4599914550781,298.94000244140625,300.05999755859375,295.8498840332031,421600,0.0,0.0
2021-04-15 00:00:00-04:00,301.32000732421875,311.54998779296875,301.1600036621094,310.95001220703125,306.5871887207031,364500,0.0,0.0
2021-04-16 00:00:00-04:00,311.8800048828125,314.8399963378906,308.75,313.8299865722656,309.4267272949219,363200,0.0,0.0
2021-04-19 00:00:00-04:00,311.7699890136719,317.19000244140625,311.7699890136719,316.7900085449219,312.34521484375,335900,0.0,0.0
2021-04-20 00:00:00-04:00,316.1099853515625,319.82000732421875,316.0400085449219,319.19000244140625,314.8805236816406,316900,0.17,0.0
2021-04-21 00:00:00-04:00,320.0,324.6600036621094,317.7200012207031,323.8299865722656,319.45782470703125,408800,0.0,0.0
2021-04-22 00:00:00-04:00,325.510009765625,326.510009765625,319.04998779296875,321.8399963378906,317.4946594238281,406100,0.0,0.0
2021-04-23 00:00:00-04:00,322.2799987792969,326.0,319.5,323.67999267578125,319.3098449707031,309700,0.0,0.0
2021-04-26 00:00:00-04:00,324.32000732421875,325.1400146484375,322.0199890136719,322.4100036621094,318.0570983886719,319900,0.0,0.0
2021-04-27 00:00:00-04:00,321.4200134277344,323.5299987792969,318.6300048828125,320.3500061035156,316.0247802734375,403600,0.0,0.0
2021-04-28 00:00:00-04:00,321.1700134277344,324.510009765625,319.2900085449219,322.2200012207031,317.8696594238281,316000,0.0,0.0
2021-04-29 00:00:00-04:00,325.0,333.5799865722656,322.95001220703125,324.54998779296875,320.1680908203125,514600,0.0,0.0
2021-04-30 00:00:00-04:00,324.8399963378906,330.8800048828125,323.5400085449219,328.5199890136719,324.0845031738281,917100,0.0,0.0
2021-05-03 00:00:00-04:00,328.07000732421875,334.8399963378906,327.4700012207031,329.8800048828125,325.4261474609375,663500,0.0,0.0
2021-05-04 00:00:00-04:00,328.8399963378906,329.3800048828125,324.19000244140625,329.20001220703125,324.75537109375,515400,0.0,0.0
2021-05-05 00:00:00-04:00,330.0299987792969,330.0299987792969,324.1000061035156,328.6000061035156,324.1634521484375,314900,0.0,0.0
2021-05-06 00:00:00-04:00,328.9700012207031,329.4200134277344,324.55999755859375,329.4200134277344,324.97235107421875,224700,0.0,0.0
2021-05-07 00:00:00-04:00,330.0400085449219,334.6400146484375,329.7099914550781,333.67999267578125,329.1748046875,278200,0.0,0.0
2021-05-10 00:00:00-04:00,333.95001220703125,336.54998779296875,330.3299865722656,333.7300109863281,329.22418212890625,430700,0.0,0.0
2021-05-11 00:00:00-04:00,330.07000732421875,339.6499938964844,329.20001220703125,335.2200012207031,330.694091796875,458400,0.0,0.0
2021-05-12 00:00:00-04:00,330.7799987792969,332.3500061035156,324.0,324.79998779296875,320.4147644042969,495300,0.0,0.0
2021-05-13 00:00:00-04:00,326.6700134277344,330.2799987792969,325.0199890136719,328.29998779296875,323.8674621582031,472400,0.0,0.0
2021-05-14 00:00:00-04:00,330.8299865722656,334.6099853515625,327.3299865722656,333.07000732421875,328.5730895996094,262000,0.0,0.0
2021-05-17 00:00:00-04:00,332.95001220703125,334.739990234375,326.1000061035156,326.70001220703125,322.2890930175781,288900,0.0,0.0
2021-05-18 00:00:00-04:00,326.3500061035156,329.7900085449219,325.5199890136719,326.8699951171875,322.456787109375,295800,0.0,0.0
2021-05-19 00:00:00-04:00,323.9800109863281,327.7099914550781,323.0799865722656,325.8699951171875,321.4703674316406,317000,0.0,0.0
2021-05-20 00:00:00-04:00,326.4700012207031,333.95001220703125,324.9200134277344,332.7900085449219,328.296875,305900,0.0,0.0
2021-05-21 00:00:00-04:00,334.010009765625,336.55999755859375,333.17999267578125,333.45001220703125,328.9479675292969,680100,0.0,0.0
2021-05-24 00:00:00-04:00,335.82000732421875,339.8900146484375,334.0,339.5199890136719,334.93597412109375,260700,0.0,0.0
2021-05-25 00:00:00-04:00,340.0,346.1700134277344,340.0,345.3599853515625,340.6971130371094,523400,0.0,0.0
2021-05-26 00:00:00-04:00,347.0899963378906,348.260009765625,343.6300048828125,344.3900146484375,339.740234375,387600,0.0,0.0
2021-05-27 00:00:00-04:00,343.239990234375,347.8500061035156,341.30999755859375,344.70001220703125,340.0461730957031,1128700,0.0,0.0
2021-05-28 00:00:00-04:00,346.04998779296875,349.260009765625,345.0199890136719,347.510009765625,342.818115234375,389700,0.0,0.0
2021-06-01 00:00:00-04:00,347.989990234375,349.2900085449219,339.5,340.1600036621094,335.56732177734375,297100,0.0,0.0
2021-06-02 00:00:00-04:00,339.4700012207031,340.92999267578125,333.25,333.7699890136719,329.26361083984375,395300,0.0,0.0
2021-06-03 00:00:00-04:00,331.4599914550781,334.7200012207031,329.5299987792969,332.7699890136719,328.2771301269531,267500,0.0,0.0
2021-06-04 00:00:00-04:00,335.8599853515625,337.3299865722656,332.8699951171875,333.42999267578125,328.9281921386719,233800,0.0,0.0
2021-06-07 00:00:00-04:00,333.0,335.8800048828125,332.54998779296875,333.32000732421875,328.8197021484375,490200,0.0,0.0
2021-06-08 00:00:00-04:00,335.8999938964844,336.2799987792969,328.2799987792969,330.29998779296875,325.8404846191406,387100,0.0,0.0
2021-06-09 00:00:00-04:00,331.7200012207031,336.239990234375,329.5,335.92999267578125,331.3945007324219,443300,0.0,0.0
2021-06-10 00:00:00-04:00,336.8500061035156,343.8699951171875,336.8500061035156,343.7799987792969,339.1384582519531,355700,0.0,0.0
2021-06-11 00:00:00-04:00,342.82000732421875,345.4200134277344,340.32000732421875,345.3299865722656,340.6675109863281,218800,0.0,0.0
2021-06-14 00:00:00-04:00,345.92999267578125,345.92999267578125,341.1600036621094,345.1400146484375,340.4801330566406,209800,0.0,0.0
2021-06-15 00:00:00-04:00,346.2699890136719,346.2699890136719,341.75,344.8399963378906,340.1841735839844,253000,0.0,0.0
2021-06-16 00:00:00-04:00,345.9700012207031,348.6199951171875,343.5199890136719,346.1099853515625,341.4370422363281,300700,0.0,0.0
2021-06-17 00:00:00-04:00,343.8500061035156,352.989990234375,343.55999755859375,352.0299987792969,347.2770690917969,332500,0.0,0.0
2021-06-18 00:00:00-04:00,350.1000061035156,354.05999755859375,350.1000061035156,352.2900085449219,347.5335388183594,572500,0.0,0.0
2021-06-21 00:00:00-04:00,354.20001220703125,358.3399963378906,349.9800109863281,357.5899963378906,352.76202392578125,286900,0.0,0.0
2021-06-22 00:00:00-04:00,357.20001220703125,361.0400085449219,356.5400085449219,360.0899963378906,355.2282409667969,244700,0.0,0.0
2021-06-23 00:00:00-04:00,359.6499938964844,361.44000244140625,358.67999267578125,358.70001220703125,353.8570861816406,274000,0.0,0.0
2021-06-24 00:00:00-04:00,360.55999755859375,361.7799987792969,358.8599853515625,359.5400085449219,354.6856994628906,235300,0.0,0.0
2021-06-25 00:00:00-04:00,358.92999267578125,361.239990234375,358.0199890136719,360.05999755859375,355.19866943359375,491700,0.0,0.0
2021-06-28 00:00:00-04:00,360.3800048828125,364.5299987792969,359.6199951171875,363.20001220703125,358.29632568359375,274900,0.0,0.0
2021-06-29 00:00:00-04:00,362.94000244140625,364.1300048828125,359.80999755859375,360.0,355.13958740234375,318900,0.0,0.0
2021-06-30 00:00:00-04:00,360.0,360.30999755859375,357.32000732421875,359.1000061035156,354.25164794921875,423400,0.0,0.0
2021-07-01 00:00:00-04:00,359.260009765625,363.1300048828125,359.1099853515625,363.010009765625,358.1087951660156,378700,0.0,0.0
2021-07-02 00:00:00-04:00,363.0799865722656,365.9800109863281,360.19000244140625,365.739990234375,360.8020324707031,291500,0.0,0.0
2021-07-06 00:00:00-04:00,365.6099853515625,369.2099914550781,365.6099853515625,368.989990234375,364.0081481933594,592200,0.0,0.0
2021-07-07 00:00:00-04:00,370.7900085449219,373.5400085449219,368.739990234375,372.6600036621094,367.62860107421875,352500,0.0,0.0
2021-07-08 00:00:00-04:00,369.75,375.3599853515625,366.80999755859375,373.1099853515625,368.072509765625,473800,0.0,0.0
2021-07-09 00:00:00-04:00,374.4700012207031,375.19000244140625,371.54998779296875,374.19000244140625,369.1379089355469,512300,0.0,0.0
2021-07-12 00:00:00-04:00,376.0799865722656,377.19000244140625,371.95001220703125,375.989990234375,370.9136047363281,297200,0.0,0.0
2021-07-13 00:00:00-04:00,375.989990234375,376.8900146484375,371.0899963378906,372.6499938964844,367.61871337890625,242000,0.0,0.0
2021-07-14 00:00:00-04:00,374.0,374.0,370.2200012207031,371.44000244140625,366.425048828125,192000,0.0,0.0
2021-07-15 00:00:00-04:00,371.1300048828125,374.19000244140625,368.0199890136719,371.9599914550781,366.9380187988281,265000,0.0,0.0
2021-07-16 00:00:00-04:00,373.8599853515625,375.8800048828125,370.6700134277344,373.6600036621094,368.6150207519531,248800,0.0,0.0
2021-07-19 00:00:00-04:00,371.8500061035156,374.989990234375,368.92999267578125,371.0,365.990966796875,432800,0.0,0.0
2021-07-20 00:00:00-04:00,371.9700012207031,376.75,371.5199890136719,372.69000244140625,367.82672119140625,519400,0.17,0.0
2021-07-21 00:00:00-04:00,372.0299987792969,374.1300048828125,362.510009765625,367.95001220703125,363.14849853515625,340100,0.0,0.0
2021-07-22 00:00:00-04:00,369.0199890136719,375.0,368.010009765625,373.9800109863281,369.099853515625,247000,0.0,0.0
2021-07-23 00:00:00-04:00,377.0,381.5199890136719,374.5400085449219,381.07000732421875,376.0973815917969,237900,0.0,0.0
2021-07-26 00:00:00-04:00,379.4599914550781,379.6099853515625,373.19000244140625,377.510009765625,372.5838317871094,278100,0.0,0.0
2021-07-27 00:00:00-04:00,377.7900085449219,379.42999267578125,374.79998779296875,378.3800048828125,373.4424743652344,221900,0.0,0.0
2021-07-28 00:00:00-04:00,378.0899963378906,385.29998779296875,377.70001220703125,384.010009765625,378.9990539550781,493800,0.0,0.0
2021-07-29 00:00:00-04:00,385.5,407.0,384.3800048828125,404.9200134277344,399.6361083984375,717400,0.0,0.0
2021-07-30 00:00:00-04:00,406.7200012207031,413.2200012207031,403.489990234375,411.7300109863281,406.3573303222656,679900,0.0,0.0
2021-08-02 00:00:00-04:00,412.3399963378906,416.739990234375,404.3999938964844,415.2300109863281,409.8116149902344,300400,0.0,0.0
2021-08-03 00:00:00-04:00,414.44000244140625,422.7200012207031,414.260009765625,422.19000244140625,416.68072509765625,331000,0.0,0.0
2021-08-04 00:00:00-04:00,421.7900085449219,430.0799865722656,419.9599914550781,428.1400146484375,422.55322265625,387700,0.0,0.0
2021-08-05 00:00:00-04:00,428.3699951171875,430.1700134277344,420.1099853515625,425.6600036621094,420.1054992675781,204400,0.0,0.0
2021-08-06 00:00:00-04:00,422.6300048828125,428.70001220703125,419.29998779296875,427.489990234375,421.9114990234375,285500,0.0,0.0
2021-08-09 00:00:00-04:00,428.7099914550781,430.1700134277344,425.30999755859375,429.010009765625,423.4117736816406,216500,0.0,0.0
2021-08-10 00:00:00-04:00,430.92999267578125,431.1600036621094,424.79998779296875,425.010009765625,419.4639587402344,273900,0.0,0.0
2021-08-11 00:00:00-04:00,426.2900085449219,426.2900085449219,419.4200134277344,422.80999755859375,417.2926940917969,257000,0.0,0.0
2021-08-12 00:00:00-04:00,421.29998779296875,430.2099914550781,420.4100036621094,429.7200012207031,424.1124572753906,185900,0.0,0.0
2021-08-13 00:00:00-04:00,430.54998779296875,434.57000732421875,428.0299987792969,434.2799987792969,428.6130065917969,187000,0.0,0.0
2021-08-16 00:00:00-04:00,435.0400085449219,442.04998779296875,433.7699890136719,441.6099853515625,435.84735107421875,284700,0.0,0.0
2021-08-17 00:00:00-04:00,439.67999267578125,443.6499938964844,436.7099914550781,441.8500061035156,436.0842590332031,273700,0.0,0.0
2021-08-18 00:00:00-04:00,441.3699951171875,445.75,440.3999938964844,442.2200012207031,436.449462890625,297400,0.0,0.0
2021-08-19 00:00:00-04:00,440.8399963378906,450.20001220703125,440.8399963378906,446.9599914550781,441.1275634765625,374300,0.0,0.0
2021-08-20 00:00:00-04:00,446.3900146484375,450.44000244140625,444.260009765625,449.510009765625,443.6443176269531,254900,0.0,0.0
2021-08-23 00:00:00-04:00,450.8999938964844,450.8999938964844,445.9599914550781,446.57000732421875,440.7426452636719,243200,0.0,0.0
2021-08-24 00:00:00-04:00,447.42999267578125,447.7900085449219,443.6300048828125,445.8800048828125,440.0616760253906,252100,0.0,0.0
2021-08-25 00:00:00-04:00,445.0,446.17999267578125,440.3699951171875,444.5199890136719,438.71942138671875,257200,0.0,0.0
2021-08-26 00:00:00-04:00,444.4800109863281,447.8599853515625,442.6700134277344,446.70001220703125,440.8710021972656,240300,0.0,0.0
2021-08-27 00:00:00-04:00,447.1099853515625,449.5199890136719,443.8599853515625,446.9599914550781,441.1275634765625,255000,0.0,0.0
2021-08-30 00:00:00-04:00,447.1700134277344,452.989990234375,447.1700134277344,451.69000244140625,445.79583740234375,349000,0.0,0.0
2021-08-31 00:00:00-04:00,453.0299987792969,456.6400146484375,447.7900085449219,451.6199951171875,445.7267150878906,513500,0.0,0.0
2021-09-01 00:00:00-04:00,449.6700134277344,454.6499938964844,442.260009765625,453.1199951171875,447.2071533203125,368400,0.0,0.0
2021-09-02 00:00:00-04:00,455.2200012207031,459.8500061035156,453.3599853515625,459.0,453.0104675292969,249400,0.0,0.0
2021-09-03 00:00:00-04:00,457.8399963378906,465.3999938964844,456.0,464.3800048828125,458.3203125,295100,0.0,0.0
2021-09-07 00:00:00-04:00,463.4599914550781,463.69000244140625,457.0,461.8599853515625,455.8330993652344,205700,0.0,0.0
2021-09-08 00:00:00-04:00,460.95001220703125,470.4200134277344,460.010009765625,468.4700012207031,462.35693359375,282700,0.0,0.0
2021-09-09 00:00:00-04:00,471.1199951171875,475.3500061035156,461.07000732421875,461.239990234375,455.22113037109375,363200,0.0,0.0
2021-09-10 00:00:00-04:00,464.69000244140625,467.04998779296875,459.0,459.0299987792969,453.0400390625,340800,0.0,0.0
2021-09-13 00:00:00-04:00,461.17999267578125,462.0799865722656,437.6199951171875,442.2099914550781,436.4394836425781,556000,0.0,0.0
2021-09-14 00:00:00-04:00,444.8999938964844,454.69000244140625,443.4800109863281,452.05999755859375,446.1610412597656,382600,0.0,0.0
2021-09-15 00:00:00-04:00,453.7300109863281,458.8399963378906,450.55999755859375,452.489990234375,446.58538818359375,263500,0.0,0.0
2021-09-16 00:00:00-04:00,452.75,458.0400085449219,448.42999267578125,454.4700012207031,448.53955078125,243900,0.0,0.0
2021-09-17 00:00:00-04:00,453.2099914550781,455.4599914550781,447.5400085449219,448.6199951171875,442.7658996582031,575900,0.0,0.0
2021-09-20 00:00:00-04:00,444.1199951171875,449.8999938964844,440.7699890136719,444.6499938964844,438.84771728515625,321700,0.0,0.0
2021-09-21 00:00:00-04:00,447.69000244140625,451.4800109863281,443.19000244140625,448.1199951171875,442.2723693847656,205600,0.0,0.0
2021-09-22 00:00:00-04:00,450.0,450.3399963378906,440.1199951171875,449.17999267578125,443.318603515625,254900,0.0,0.0
2021-09-23 00:00:00-04:00,452.4200134277344,459.6199951171875,448.4100036621094,455.2200012207031,449.2797546386719,206400,0.0,0.0
2021-09-24 00:00:00-04:00,454.67999267578125,458.5899963378906,451.67999267578125,457.1099853515625,451.14508056640625,252600,0.0,0.0
2021-09-27 00:00:00-04:00,453.7300109863281,454.54998779296875,440.67999267578125,441.5899963378906,435.82763671875,328100,0.0,0.0
2021-09-28 00:00:00-04:00,437.3599853515625,437.3599853515625,421.5199890136719,427.42999267578125,421.8523864746094,412900,0.0,0.0
2021-09-29 00:00:00-04:00,429.8399963378906,435.4599914550781,425.94000244140625,432.4100036621094,426.7674255371094,266200,0.0,0.0
2021-09-30 00:00:00-04:00,436.2300109863281,439.7699890136719,424.2799987792969,424.5400085449219,419.0001525878906,564300,0.0,0.0
2021-10-01 00:00:00-04:00,425.0,425.0,406.8399963378906,419.7300109863281,414.25286865234375,522400,0.0,0.0
2021-10-04 00:00:00-04:00,416.70001220703125,417.260009765625,406.1199951171875,409.82000732421875,404.4721984863281,593600,0.0,0.0
2021-10-05 00:00:00-04:00,412.9599914550781,420.1099853515625,412.0799865722656,413.4800109863281,408.08447265625,391000,0.0,0.0
2021-10-06 00:00:00-04:00,410.7099914550781,413.7799987792969,405.239990234375,413.2900085449219,407.8968811035156,338800,0.0,0.0
2021-10-07 00:00:00-04:00,416.7699890136719,422.7699890136719,415.1700134277344,417.7200012207031,412.2691345214844,368000,0.0,0.0
2021-10-08 00:00:00-04:00,419.17999267578125,419.95001220703125,406.79998779296875,407.1400146484375,401.8272399902344,209700,0.0,0.0
2021-10-11 00:00:00-04:00,404.5,412.8900146484375,402.19000244140625,403.57000732421875,398.3038024902344,279500,0.0,0.0
2021-10-12 00:00:00-04:00,405.760009765625,408.3599853515625,402.3900146484375,403.20001220703125,397.9386291503906,201800,0.0,0.0
2021-10-13 00:00:00-04:00,405.30999755859375,409.9800109863281,399.1600036621094,402.25,397.0009460449219,351500,0.0,0.0
2021-10-14 00:00:00-04:00,407.94000244140625,410.1700134277344,404.07000732421875,407.42999267578125,402.1134033203125,258700,0.0,0.0
2021-10-15 00:00:00-04:00,409.25,409.25,403.760009765625,404.80999755859375,399.52752685546875,234300,0.0,0.0
2021-10-18 00:00:00-04:00,402.95001220703125,408.8500061035156,402.44000244140625,408.7200012207031,403.3865966796875,217000,0.0,0.0
2021-10-19 00:00:00-04:00,410.1400146484375,422.9200134277344,410.1400146484375,417.57000732421875,412.12109375,379200,0.0,0.0
2021-10-20 00:00:00-04:00,420.4200134277344,423.1499938964844,413.1099853515625,414.6000061035156,409.1898498535156,261100,0.0,0.0
2021-10-21 00:00:00-04:00,416.7900085449219,422.3500061035156,412.9200134277344,422.2300109863281,416.72015380859375,307900,0.0,0.0
2021-10-22 00:00:00-04:00,421.19000244140625,424.79998779296875,419.1700134277344,421.19000244140625,415.69384765625,385600,0.0,0.0
2021-10-25 00:00:00-04:00,422.5199890136719,422.5199890136719,415.07000732421875,417.42999267578125,411.98291015625,432800,0.0,0.0
2021-10-26 00:00:00-04:00,421.82000732421875,424.95001220703125,416.19000244140625,420.29998779296875,414.8154296875,305500,0.0,0.0
2021-10-27 00:00:00-04:00,422.3399963378906,425.6700134277344,417.3800048828125,421.3399963378906,415.8418273925781,310100,0.0,0.0
2021-10-28 00:00:00-04:00,420.1499938964844,425.9200134277344,403.8399963378906,421.1300048828125,415.6346130371094,693600,0.0,0.0
2021-10-29 00:00:00-04:00,421.0,432.5199890136719,417.6499938964844,429.8800048828125,424.2705078125,554200,0.0,0.0
2021-11-01 00:00:00-04:00,430.94000244140625,430.94000244140625,419.2699890136719,426.739990234375,421.1714172363281,527700,0.0,0.0
2021-11-02 00:00:00-04:00,428.75,439.010009765625,422.54998779296875,438.0299987792969,432.3139953613281,462600,0.0,0.0
2021-11-03 00:00:00-04:00,438.6499938964844,441.1400146484375,429.5,438.2099914550781,432.4917297363281,466200,0.0,0.0
2021-11-04 00:00:00-04:00,435.3299865722656,436.07000732421875,426.0199890136719,433.07000732421875,427.4187927246094,397200,0.0,0.0
2021-11-05 00:00:00-04:00,428.739990234375,432.42999267578125,401.2699890136719,403.7799987792969,398.5109558105469,1092700,0.0,0.0
2021-11-08 00:00:00-05:00,405.67999267578125,413.6700134277344,399.6700134277344,413.2699890136719,407.8771667480469,502600,0.0,0.0
2021-11-09 00:00:00-05:00,413.9200134277344,418.9100036621094,408.7200012207031,414.1099853515625,408.8843078613281,273000,0.18,0.0
2021-11-10 00:00:00-05:00,411.1400146484375,413.0,406.0199890136719,409.4800109863281,404.312744140625,365100,0.0,0.0
2021-11-11 00:00:00-05:00,412.1499938964844,416.9700012207031,408.1199951171875,416.8800048828125,411.6193542480469,298900,0.0,0.0
2021-11-12 00:00:00-05:00,418.8699951171875,420.8599853515625,412.8800048828125,419.2099914550781,413.9199523925781,227900,0.0,0.0
2021-11-15 00:00:00-05:00,418.0,422.8399963378906,417.82000732421875,422.4599914550781,417.1289367675781,252800,0.0,0.0
2021-11-16 00:00:00-05:00,424.0,442.44000244140625,423.6600036621094,442.2300109863281,436.64947509765625,417200,0.0,0.0
2021-11-17 00:00:00-05:00,445.0,449.3299865722656,439.6199951171875,444.6600036621094,439.0487976074219,341700,0.0,0.0
2021-11-18 00:00:00-05:00,448.44000244140625,450.260009765625,444.44000244140625,449.3599853515625,443.6894836425781,305600,0.0,0.0
2021-11-19 00:00:00-05:00,452.0,455.80999755859375,446.010009765625,448.45001220703125,442.7909851074219,338300,0.0,0.0
2021-11-22 00:00:00-05:00,449.30999755859375,451.2099914550781,437.5299987792969,437.67999267578125,432.1568298339844,302700,0.0,0.0
2021-11-23 00:00:00-05:00,432.70001220703125,435.30999755859375,423.3699951171875,430.69000244140625,425.2550354003906,308000,0.0,0.0
2021-11-24 00:00:00-05:00,429.2099914550781,434.1199951171875,425.70001220703125,433.7200012207031,428.246826171875,280600,0.0,0.0
2021-11-26 00:00:00-05:00,436.260009765625,455.4100036621094,436.260009765625,438.8800048828125,433.34173583984375,279300,0.0,0.0
2021-11-29 00:00:00-05:00,439.9200134277344,454.9800109863281,436.3699951171875,447.3800048828125,441.73443603515625,455400,0.0,0.0
2021-11-30 00:00:00-05:00,448.5199890136719,457.989990234375,439.010009765625,442.6600036621094,437.0740661621094,1021300,0.0,0.0
2021-12-01 00:00:00-05:00,442.30999755859375,444.9700012207031,426.9200134277344,435.4100036621094,429.9154968261719,378200,0.0,0.0
2021-12-02 00:00:00-05:00,432.9100036621094,442.54998779296875,432.9100036621094,437.3900146484375,431.87060546875,545400,0.0,0.0
2021-12-03 00:00:00-05:00,440.0,446.3399963378906,427.3900146484375,434.1300048828125,428.6515808105469,404400,0.0,0.0
2021-12-06 00:00:00-05:00,433.510009765625,440.1099853515625,419.2099914550781,423.5799865722656,418.2347717285156,516700,0.0,0.0
2021-12-07 00:00:00-05:00,430.45001220703125,435.7200012207031,426.6099853515625,429.9700012207031,424.544189453125,368900,0.0,0.0
2021-12-08 00:00:00-05:00,432.260009765625,436.0400085449219,425.7099914550781,435.510009765625,430.01434326171875,327500,0.0,0.0
2021-12-09 00:00:00-05:00,436.3800048828125,438.4200134277344,429.0299987792969,429.19000244140625,423.7740173339844,298200,0.0,0.0
2021-12-10 00:00:00-05:00,429.05999755859375,434.9800109863281,427.6700134277344,431.57000732421875,426.1239929199219,232000,0.0,0.0
2021-12-13 00:00:00-05:00,433.04998779296875,442.3500061035156,429.9800109863281,440.9100036621094,435.3460998535156,295400,0.0,0.0
2021-12-14 00:00:00-05:00,437.07000732421875,437.57000732421875,423.80999755859375,428.69000244140625,423.2802734375,347000,0.0,0.0
2021-12-15 00:00:00-05:00,430.9100036621094,445.2300109863281,426.92999267578125,443.5199890136719,437.9231262207031,382300,0.0,0.0
2021-12-16 00:00:00-05:00,443.510009765625,452.5299987792969,441.1300048828125,444.82000732421875,439.206787109375,363200,0.0,0.0
2021-12-17 00:00:00-05:00,445.3599853515625,457.57000732421875,442.17999267578125,449.80999755859375,444.1338195800781,616200,0.0,0.0
2021-12-20 00:00:00-05:00,448.5899963378906,451.7799987792969,431.0,439.0299987792969,433.48980712890625,425900,0.0,0.0
2021-12-21 00:00:00-05:00,440.2900085449219,445.6700134277344,434.7900085449219,444.5199890136719,438.9105224609375,250300,0.0,0.0
2021-12-22 00:00:00-05:00,446.2099914550781,454.3999938964844,441.5,453.6099853515625,447.88580322265625,257000,0.0,0.0
2021-12-23 00:00:00-05:00,453.6099853515625,462.75,452.8999938964844,459.8399963378906,454.0372619628906,375400,0.0,0.0
2021-12-27 00:00:00-05:00,467.82000732421875,475.0,463.8500061035156,465.8900146484375,460.0108337402344,350000,0.0,0.0
2021-12-28 00:00:00-05:00,468.3399963378906,469.6499938964844,460.1099853515625,464.8699951171875,459.00372314453125,215100,0.0,0.0
2021-12-29 00:00:00-05:00,465.0,470.4800109863281,462.95001220703125,467.989990234375,462.0843505859375,219400,0.0,0.0
2021-12-30 00:00:00-05:00,469.67999267578125,474.9200134277344,468.260009765625,471.3399963378906,465.39215087890625,162700,0.0,0.0
2021-12-31 00:00:00-05:00,465.0,472.54998779296875,463.260009765625,469.010009765625,463.09149169921875,224800,0.0,0.0
2022-01-03 00:00:00-05:00,466.3500061035156,468.04998779296875,442.760009765625,445.9200134277344,440.2928771972656,397600,0.0,0.0
2022-01-04 00:00:00-05:00,442.3999938964844,445.32000732421875,421.1400146484375,429.0,423.58642578125,525800,0.0,0.0
2022-01-05 00:00:00-05:00,425.95001220703125,427.0299987792969,403.5,403.9700012207031,398.8722839355469,530100,0.0,0.0
2022-01-06 00:00:00-05:00,404.3399963378906,413.2099914550781,396.54998779296875,407.739990234375,402.59466552734375,519700,0.0,0.0
2022-01-07 00:00:00-05:00,404.2200012207031,404.8999938964844,389.7699890136719,390.4700012207031,385.5425720214844,513900,0.0,0.0
2022-01-10 00:00:00-05:00,388.0799865722656,392.8699951171875,379.6099853515625,392.57000732421875,387.6161193847656,557200,0.0,0.0
2022-01-11 00:00:00-05:00,391.9200134277344,400.44000244140625,387.04998779296875,399.489990234375,394.44879150390625,386700,0.0,0.0
2022-01-12 00:00:00-05:00,401.0,407.6600036621094,399.0400085449219,401.2699890136719,396.2063293457031,350500,0.0,0.0
2022-01-13 00:00:00-05:00,401.7099914550781,401.7099914550781,379.54998779296875,380.7799987792969,375.9748840332031,397300,0.0,0.0
2022-01-14 00:00:00-05:00,378.3500061035156,381.1199951171875,372.0899963378906,379.7799987792969,374.98748779296875,424300,0.0,0.0
2022-01-18 00:00:00-05:00,367.0400085449219,375.0,365.6099853515625,372.1600036621094,367.6379089355469,401300,0.18,0.0
2022-01-19 00:00:00-05:00,374.7099914550781,381.45001220703125,373.2300109863281,375.45001220703125,370.8879089355469,431700,0.0,0.0
2022-01-20 00:00:00-05:00,378.0400085449219,389.0199890136719,372.9200134277344,373.5899963378906,369.050537109375,743300,0.0,0.0
2022-01-21 00:00:00-05:00,379.69000244140625,384.8399963378906,366.3800048828125,367.79998779296875,363.3308410644531,654800,0.0,0.0
2022-01-24 00:00:00-05:00,364.20001220703125,385.1000061035156,360.3999938964844,383.5199890136719,378.8598327636719,880700,0.0,0.0
2022-01-25 00:00:00-05:00,376.510009765625,385.7799987792969,373.2099914550781,378.3599853515625,373.76263427734375,683700,0.0,0.0
2022-01-26 00:00:00-05:00,378.6199951171875,388.2900085449219,374.54998779296875,378.57000732421875,373.97003173828125,757200,0.0,0.0
2022-01-27 00:00:00-05:00,382.9800109863281,388.8599853515625,379.0,383.8599853515625,379.1957702636719,759600,0.0,0.0
2022-01-28 00:00:00-05:00,385.7300109863281,393.04998779296875,376.54998779296875,393.0299987792969,388.25439453125,561500,0.0,0.0
2022-01-31 00:00:00-05:00,394.94000244140625,401.1199951171875,387.8800048828125,393.2200012207031,388.4420471191406,670300,0.0,0.0
2022-02-01 00:00:00-05:00,396.32000732421875,397.7200012207031,387.2200012207031,397.239990234375,392.4131774902344,382500,0.0,0.0
2022-02-02 00:00:00-05:00,399.1000061035156,408.9800109863281,397.4200134277344,408.7300109863281,403.76361083984375,340600,0.0,0.0
2022-02-03 00:00:00-05:00,400.4800109863281,406.9599914550781,400.07000732421875,402.1499938964844,397.2635192871094,242900,0.0,0.0
2022-02-04 00:00:00-05:00,400.1499938964844,405.6700134277344,397.4200134277344,400.75,395.8805236816406,184200,0.0,0.0
2022-02-07 00:00:00-05:00,401.010009765625,404.2200012207031,396.17999267578125,400.7200012207031,395.8509521484375,248000,0.0,0.0
2022-02-08 00:00:00-05:00,394.9599914550781,402.67999267578125,393.1600036621094,400.69000244140625,395.8212585449219,287500,0.0,0.0
2022-02-09 00:00:00-05:00,406.8399963378906,408.9599914550781,404.8299865722656,408.7799987792969,403.8128967285156,373500,0.0,0.0
2022-02-10 00:00:00-05:00,400.0899963378906,408.1300048828125,396.3800048828125,399.54998779296875,394.69512939453125,327400,0.0,0.0
2022-02-11 00:00:00-05:00,399.5,404.25,390.989990234375,391.20001220703125,386.4465026855469,372600,0.0,0.0
2022-02-14 00:00:00-05:00,390.82000732421875,394.9100036621094,381.70001220703125,383.67999267578125,379.0179138183594,495300,0.0,0.0
2022-02-15 00:00:00-05:00,387.8500061035156,392.5799865722656,380.67999267578125,385.3699951171875,380.68743896484375,502000,0.0,0.0
2022-02-16 00:00:00-05:00,380.8399963378906,382.8699951171875,371.45001220703125,379.32000732421875,374.7109680175781,615000,0.0,0.0
2022-02-17 00:00:00-05:00,382.5299987792969,395.0,373.79998779296875,387.29998779296875,382.5939636230469,598100,0.0,0.0
2022-02-18 00:00:00-05:00,388.95001220703125,389.6199951171875,367.5899963378906,369.489990234375,365.0003356933594,502500,0.0,0.0
2022-02-22 00:00:00-05:00,369.25,373.9700012207031,361.45001220703125,369.1300048828125,364.64471435546875,564500,0.0,0.0
2022-02-23 00:00:00-05:00,370.0,370.8800048828125,357.19000244140625,357.489990234375,353.1462097167969,426300,0.0,0.0
2022-02-24 00:00:00-05:00,349.1499938964844,379.8500061035156,349.1499938964844,378.3800048828125,373.7823181152344,538100,0.0,0.0
2022-02-25 00:00:00-05:00,377.55999755859375,386.57000732421875,373.8299865722656,386.4700012207031,381.7739562988281,427200,0.0,0.0
2022-02-28 00:00:00-05:00,385.2699890136719,389.0799865722656,379.4200134277344,387.0799865722656,382.3765563964844,537900,0.0,0.0
2022-03-01 00:00:00-05:00,388.5299987792969,388.5299987792969,378.5299987792969,381.5799865722656,376.9434814453125,410000,0.0,0.0
2022-03-02 00:00:00-05:00,384.1300048828125,387.5199890136719,379.57000732421875,384.67999267578125,380.0057678222656,256300,0.0,0.0
2022-03-03 00:00:00-05:00,388.5199890136719,391.6000061035156,382.3699951171875,391.239990234375,386.4861145019531,287900,0.0,0.0
2022-03-04 00:00:00-05:00,391.1099853515625,392.260009765625,381.19000244140625,387.19000244140625,382.4852600097656,460300,0.0,0.0
2022-03-07 00:00:00-05:00,385.239990234375,385.239990234375,368.79998779296875,372.8800048828125,368.3491516113281,298100,0.0,0.0
2022-03-08 00:00:00-05:00,368.0199890136719,373.19000244140625,358.57000732421875,358.6499938964844,354.2920227050781,324500,0.0,0.0
2022-03-09 00:00:00-05:00,368.2200012207031,376.3399963378906,363.5,372.3999938964844,367.87506103515625,288500,0.0,0.0
2022-03-10 00:00:00-05:00,367.6499938964844,375.0400085449219,362.80999755859375,371.4700012207031,366.9562683105469,254400,0.0,0.0
2022-03-11 00:00:00-05:00,376.1300048828125,376.1300048828125,362.9800109863281,363.2099914550781,358.7967529296875,296800,0.0,0.0
2022-03-14 00:00:00-04:00,365.3500061035156,375.8699951171875,363.94000244140625,370.0199890136719,365.52386474609375,410300,0.0,0.0
2022-03-15 00:00:00-04:00,375.4100036621094,386.4700012207031,371.1499938964844,385.42999267578125,380.7466735839844,524300,0.0,0.0
2022-03-16 00:00:00-04:00,386.7200012207031,397.3800048828125,385.3299865722656,396.760009765625,391.9389953613281,368100,0.0,0.0
2022-03-17 00:00:00-04:00,395.0400085449219,405.2699890136719,394.6099853515625,405.239990234375,400.31597900390625,296900,0.0,0.0
2022-03-18 00:00:00-04:00,406.9800109863281,418.75,406.7300109863281,414.69000244140625,409.6511535644531,678000,0.0,0.0
2022-03-21 00:00:00-04:00,412.6199951171875,418.010009765625,410.3299865722656,412.6499938964844,407.63592529296875,286600,0.0,0.0
2022-03-22 00:00:00-04:00,411.0799865722656,418.0,409.67999267578125,413.4700012207031,408.4459533691406,318300,0.0,0.0
2022-03-23 00:00:00-04:00,408.07000732421875,410.1300048828125,400.9599914550781,403.1400146484375,398.2414855957031,242600,0.0,0.0
2022-03-24 00:00:00-04:00,404.7300109863281,408.8900146484375,398.54998779296875,408.45001220703125,403.4869384765625,191700,0.0,0.0
2022-03-25 00:00:00-04:00,410.0,410.0,400.2799987792969,405.239990234375,400.31597900390625,360800,0.0,0.0
2022-03-28 00:00:00-04:00,407.260009765625,409.25,402.0400085449219,406.6499938964844,401.7088317871094,230300,0.0,0.0
2022-03-29 00:00:00-04:00,414.5299987792969,419.8299865722656,412.20001220703125,414.1199951171875,409.0880432128906,278500,0.0,0.0
2022-03-30 00:00:00-04:00,413.8999938964844,418.1099853515625,409.20001220703125,418.010009765625,412.9308166503906,398800,0.0,0.0
2022-03-31 00:00:00-04:00,419.17999267578125,421.8800048828125,410.7099914550781,410.7099914550781,405.7195129394531,798400,0.0,0.0
2022-04-01 00:00:00-04:00,412.3299865722656,417.54998779296875,409.54998779296875,417.0299987792969,411.9627380371094,414600,0.0,0.0
2022-04-04 00:00:00-04:00,416.8500061035156,421.4800109863281,407.8999938964844,409.0299987792969,404.05987548828125,366900,0.0,0.0
2022-04-05 00:00:00-04:00,409.5400085449219,415.5899963378906,407.260009765625,408.6400146484375,403.6746826171875,297900,0.0,0.0
2022-04-06 00:00:00-04:00,405.17999267578125,410.8399963378906,398.6000061035156,409.45001220703125,404.47479248046875,296100,0.0,0.0
2022-04-07 00:00:00-04:00,408.0199890136719,424.0,408.0199890136719,420.45001220703125,415.3411560058594,340100,0.0,0.0
2022-04-08 00:00:00-04:00,417.8900146484375,420.69000244140625,412.9200134277344,413.5799865722656,408.5545959472656,233100,0.0,0.0
2022-04-11 00:00:00-04:00,411.9200134277344,411.9200134277344,397.8500061035156,398.5,393.65789794921875,311000,0.0,0.0
2022-04-12 00:00:00-04:00,398.69000244140625,402.5899963378906,383.6499938964844,384.54998779296875,379.8774108886719,288000,0.0,0.0
2022-04-13 00:00:00-04:00,384.1600036621094,387.4599914550781,382.1300048828125,387.0199890136719,382.3172912597656,509000,0.0,0.0
2022-04-14 00:00:00-04:00,389.239990234375,390.6199951171875,379.6300048828125,381.2200012207031,376.58782958984375,258000,0.0,0.0
2022-04-18 00:00:00-04:00,382.8299865722656,382.8299865722656,369.67999267578125,372.4200134277344,367.894775390625,308300,0.0,0.0
2022-04-19 00:00:00-04:00,370.2099914550781,374.82000732421875,366.32000732421875,371.0,366.669189453125,833900,0.18,0.0
2022-04-20 00:00:00-04:00,373.17999267578125,377.79998779296875,366.5299987792969,371.75,367.4104309082031,578900,0.0,0.0
2022-04-21 00:00:00-04:00,374.55999755859375,377.0400085449219,363.989990234375,365.1400146484375,360.8776550292969,349500,0.0,0.0
2022-04-22 00:00:00-04:00,363.010009765625,364.8900146484375,349.2300109863281,349.7699890136719,345.6869812011719,341400,0.0,0.0
2022-04-25 00:00:00-04:00,347.0400085449219,350.739990234375,339.1700134277344,348.95001220703125,344.8766784667969,489600,0.0,0.0
2022-04-26 00:00:00-04:00,346.989990234375,349.2099914550781,332.32000732421875,332.3900146484375,328.50994873046875,452100,0.0,0.0
2022-04-27 00:00:00-04:00,335.1499938964844,341.25,331.75,332.3599853515625,328.4802551269531,583300,0.0,0.0
2022-04-28 00:00:00-04:00,331.0799865722656,334.989990234375,308.3599853515625,325.3599853515625,321.5619812011719,880100,0.0,0.0
2022-04-29 00:00:00-04:00,323.07000732421875,329.0799865722656,314.7099914550781,315.05999755859375,311.3821716308594,660800,0.0,0.0
2022-05-02 00:00:00-04:00,313.8699951171875,318.29998779296875,306.5299987792969,312.25,308.60504150390625,584300,0.0,0.0
2022-05-03 00:00:00-04:00,312.9200134277344,314.8800048828125,305.82000732421875,306.45001220703125,302.87274169921875,503500,0.0,0.0
2022-05-04 00:00:00-04:00,304.3599853515625,320.6700134277344,300.17999267578125,318.44000244140625,314.72271728515625,758600,0.0,0.0
2022-05-05 00:00:00-04:00,318.5299987792969,319.010009765625,308.70001220703125,314.760009765625,311.08563232421875,592800,0.0,0.0
2022-05-06 00:00:00-04:00,310.7099914550781,313.5899963378906,303.07000732421875,306.3399963378906,302.7640075683594,593500,0.0,0.0
2022-05-09 00:00:00-04:00,302.29998779296875,304.0400085449219,295.6300048828125,296.82000732421875,293.3551940917969,439500,0.0,0.0
2022-05-10 00:00:00-04:00,300.1000061035156,302.79998779296875,289.30999755859375,296.260009765625,292.8016662597656,457700,0.0,0.0
2022-05-11 00:00:00-04:00,293.3399963378906,300.05999755859375,290.4200134277344,290.79998779296875,287.4053955078125,389000,0.0,0.0
2022-05-12 00:00:00-04:00,289.25,297.6000061035156,288.1199951171875,295.989990234375,292.53485107421875,446100,0.0,0.0
2022-05-13 00:00:00-04:00,299.9700012207031,306.95001220703125,299.0,304.9700012207031,301.40997314453125,310200,0.0,0.0
2022-05-16 00:00:00-04:00,303.0,307.5299987792969,301.79998779296875,303.3699951171875,299.8286437988281,326700,0.0,0.0
2022-05-17 00:00:00-04:00,308.32000732421875,311.1600036621094,301.5299987792969,304.9200134277344,301.36065673828125,376300,0.0,0.0
2022-05-18 00:00:00-04:00,301.30999755859375,303.94000244140625,293.20001220703125,294.010009765625,290.5779724121094,416100,0.0,0.0
2022-05-19 00:00:00-04:00,293.42999267578125,303.80999755859375,290.9700012207031,302.2099914550781,298.68218994140625,423900,0.0,0.0
2022-05-20 00:00:00-04:00,304.95001220703125,306.489990234375,294.29998779296875,300.67999267578125,297.1700744628906,374100,0.0,0.0
2022-05-23 00:00:00-04:00,303.5,303.54998779296875,297.510009765625,303.3399963378906,299.7990417480469,491000,0.0,0.0
2022-05-24 00:00:00-04:00,302.45001220703125,303.1199951171875,297.7099914550781,300.7200012207031,297.2095947265625,306600,0.0,0.0
2022-05-25 00:00:00-04:00,301.2099914550781,303.7900085449219,296.05999755859375,298.7900085449219,295.30218505859375,381500,0.0,0.0
2022-05-26 00:00:00-04:00,301.5,306.3999938964844,298.1400146484375,305.4599914550781,301.894287109375,329300,0.0,0.0
2022-05-27 00:00:00-04:00,308.54998779296875,321.3699951171875,308.5400085449219,321.2099914550781,317.4604187011719,546500,0.0,0.0
2022-05-31 00:00:00-04:00,318.75,319.3699951171875,309.9100036621094,310.3800048828125,306.7568664550781,1160300,0.0,0.0
2022-06-01 00:00:00-04:00,313.0400085449219,314.1199951171875,305.3699951171875,308.5799865722656,304.97784423828125,353500,0.0,0.0
2022-06-02 00:00:00-04:00,309.1300048828125,318.25,306.6099853515625,317.989990234375,314.2779541015625,306100,0.0,0.0
2022-06-03 00:00:00-04:00,313.8999938964844,313.8999938964844,308.5799865722656,309.8800048828125,306.2626953125,362200,0.0,0.0
2022-06-06 00:00:00-04:00,312.6700134277344,314.4700012207031,308.05999755859375,309.0299987792969,305.4226379394531,252400,0.0,0.0
2022-06-07 00:00:00-04:00,307.1300048828125,317.05999755859375,307.1300048828125,316.3599853515625,312.6670227050781,279300,0.0,0.0
2022-06-08 00:00:00-04:00,313.42999267578125,318.07000732421875,310.7699890136719,312.010009765625,308.3678894042969,410200,0.0,0.0
2022-06-09 00:00:00-04:00,309.4100036621094,311.6099853515625,304.3699951171875,304.5400085449219,300.98504638671875,325400,0.0,0.0
2022-06-10 00:00:00-04:00,302.9100036621094,303.04998779296875,293.1499938964844,293.510009765625,290.0838317871094,526200,0.0,0.0
2022-06-13 00:00:00-04:00,287.70001220703125,288.2300109863281,280.6400146484375,283.8699951171875,280.5562744140625,399700,0.0,0.0
2022-06-14 00:00:00-04:00,282.17999267578125,284.0199890136719,275.8900146484375,280.6099853515625,277.3343811035156,472200,0.0,0.0
2022-06-15 00:00:00-04:00,284.92999267578125,294.6199951171875,281.4800109863281,289.8900146484375,286.5060729980469,635900,0.0,0.0
2022-06-16 00:00:00-04:00,283.32000732421875,283.79998779296875,279.510009765625,282.69000244140625,279.3901062011719,371900,0.0,0.0
2022-06-17 00:00:00-04:00,286.5400085449219,291.760009765625,282.5400085449219,282.82000732421875,279.5186462402344,855900,0.0,0.0
2022-06-21 00:00:00-04:00,286.3299865722656,289.3599853515625,285.5,288.5299987792969,285.16192626953125,370500,0.0,0.0
2022-06-22 00:00:00-04:00,286.4100036621094,292.2799987792969,285.989990234375,288.8299865722656,285.4584045410156,620800,0.0,0.0
2022-06-23 00:00:00-04:00,290.9100036621094,299.7799987792969,290.6000061035156,298.8999938964844,295.4108581542969,235700,0.0,0.0
2022-06-24 00:00:00-04:00,301.3599853515625,302.1000061035156,297.5,301.17999267578125,297.664306640625,486400,0.0,0.0
2022-06-27 00:00:00-04:00,302.1000061035156,305.1300048828125,298.79998779296875,304.82000732421875,301.26177978515625,258100,0.0,0.0
2022-06-28 00:00:00-04:00,303.510009765625,304.8599853515625,296.30999755859375,296.4599914550781,292.9993591308594,366800,0.0,0.0
2022-06-29 00:00:00-04:00,295.4599914550781,300.489990234375,291.3999938964844,299.5199890136719,296.02362060546875,364800,0.0,0.0
2022-06-30 00:00:00-04:00,299.2200012207031,304.6400146484375,294.3599853515625,302.3699951171875,298.84039306640625,553800,0.0,0.0
2022-07-01 00:00:00-04:00,303.44000244140625,308.6199951171875,300.1000061035156,307.739990234375,304.14764404296875,319100,0.0,0.0
2022-07-05 00:00:00-04:00,302.3699951171875,306.80999755859375,298.1199951171875,306.05999755859375,302.4872741699219,431900,0.0,0.0
2022-07-06 00:00:00-04:00,307.75,317.3299865722656,304.69000244140625,315.54998779296875,311.8664855957031,540100,0.0,0.0
2022-07-07 00:00:00-04:00,313.57000732421875,321.0,313.57000732421875,320.260009765625,316.52154541015625,530400,0.0,0.0
2022-07-08 00:00:00-04:00,316.8599853515625,321.25,316.8500061035156,318.4800109863281,314.7623291015625,463400,0.0,0.0
2022-07-11 00:00:00-04:00,318.4800109863281,319.07000732421875,314.739990234375,315.94000244140625,312.2520446777344,360100,0.0,0.0
2022-07-12 00:00:00-04:00,315.7799987792969,318.4100036621094,294.4800109863281,296.7699890136719,293.30572509765625,661400,0.0,0.0
2022-07-13 00:00:00-04:00,292.2300109863281,304.1499938964844,290.8800048828125,300.0,296.4980163574219,437600,0.0,0.0
2022-07-14 00:00:00-04:00,297.1499938964844,299.3699951171875,291.2699890136719,294.3699951171875,290.9337463378906,470000,0.0,0.0
2022-07-15 00:00:00-04:00,299.3500061035156,301.8399963378906,293.42999267578125,300.44000244140625,296.9328918457031,302600,0.0,0.0
2022-07-18 00:00:00-04:00,299.75,302.2099914550781,290.510009765625,291.9800109863281,288.57171630859375,253600,0.0,0.0
2022-07-19 00:00:00-04:00,295.54998779296875,300.8500061035156,294.1700134277344,300.19000244140625,296.8688049316406,272800,0.18,0.0
2022-07-20 00:00:00-04:00,301.260009765625,305.7200012207031,299.0400085449219,303.4100036621094,300.05322265625,357600,0.0,0.0
2022-07-21 00:00:00-04:00,308.45001220703125,316.6000061035156,307.9800109863281,316.6000061035156,313.0972900390625,646100,0.0,0.0
2022-07-22 00:00:00-04:00,317.67999267578125,318.69000244140625,309.6000061035156,313.6400146484375,310.17010498046875,323900,0.0,0.0
2022-07-25 00:00:00-04:00,312.8999938964844,314.80999755859375,309.79998779296875,313.510009765625,310.0414733886719,341100,0.0,0.0
2022-07-26 00:00:00-04:00,311.79998779296875,314.5400085449219,305.3900146484375,313.3599853515625,309.8931579589844,353600,0.0,0.0
2022-07-27 00:00:00-04:00,312.92999267578125,322.8500061035156,310.2799987792969,320.5199890136719,316.97393798828125,444600,0.0,0.0
2022-07-28 00:00:00-04:00,316.3800048828125,340.82000732421875,316.07000732421875,339.9200134277344,336.1593017578125,816200,0.0,0.0
2022-07-29 00:00:00-04:00,338.8500061035156,345.1000061035156,338.1700134277344,343.55999755859375,339.759033203125,554500,0.0,0.0
2022-08-01 00:00:00-04:00,340.260009765625,345.739990234375,338.3900146484375,339.0400085449219,335.2890625,413200,0.0,0.0
2022-08-02 00:00:00-04:00,337.1000061035156,343.8599853515625,335.3800048828125,339.1000061035156,335.3483581542969,397600,0.0,0.0
2022-08-03 00:00:00-04:00,342.30999755859375,346.8399963378906,340.4200134277344,343.6499938964844,339.8480529785156,395900,0.0,0.0
2022-08-04 00:00:00-04:00,342.70001220703125,342.7300109863281,337.739990234375,340.4800109863281,336.71307373046875,282300,0.0,0.0
2022-08-05 00:00:00-04:00,336.7099914550781,341.8500061035156,335.4100036621094,341.70001220703125,337.9195861816406,214000,0.0,0.0
2022-08-08 00:00:00-04:00,343.4800109863281,347.239990234375,339.0899963378906,339.3599853515625,335.6054382324219,259700,0.0,0.0
2022-08-09 00:00:00-04:00,338.0,339.739990234375,329.2200012207031,329.489990234375,325.8446960449219,287000,0.0,0.0
2022-08-10 00:00:00-04:00,334.7099914550781,339.5,334.1499938964844,338.8399963378906,335.0911865234375,267700,0.0,0.0
2022-08-11 00:00:00-04:00,340.8699951171875,346.82000732421875,337.260009765625,337.75,334.0132751464844,215000,0.0,0.0
2022-08-12 00:00:00-04:00,338.6499938964844,341.8399963378906,338.45001220703125,340.9800109863281,337.2076110839844,199200,0.0,0.0
2022-08-15 00:00:00-04:00,340.70001220703125,344.989990234375,338.5299987792969,340.82000732421875,337.04931640625,232700,0.0,0.0
2022-08-16 00:00:00-04:00,338.19000244140625,338.19000244140625,331.44000244140625,333.92999267578125,330.23553466796875,357800,0.0,0.0
2022-08-17 00:00:00-04:00,331.739990234375,332.6300048828125,327.0299987792969,328.25,324.6183776855469,287800,0.0,0.0
2022-08-18 00:00:00-04:00,328.6300048828125,328.6300048828125,320.95001220703125,321.7900085449219,318.2298583984375,381900,0.0,0.0
2022-08-19 00:00:00-04:00,320.7300109863281,321.3900146484375,316.1300048828125,319.5199890136719,315.9849548339844,354700,0.0,0.0
2022-08-22 00:00:00-04:00,315.0,317.3800048828125,309.6600036621094,311.4700012207031,308.0240173339844,318000,0.0,0.0
2022-08-23 00:00:00-04:00,309.8500061035156,310.5400085449219,306.239990234375,309.7099914550781,306.2835693359375,237300,0.0,0.0
2022-08-24 00:00:00-04:00,312.0799865722656,312.0799865722656,306.45001220703125,310.5799865722656,307.14385986328125,434500,0.0,0.0
2022-08-25 00:00:00-04:00,314.69000244140625,315.07000732421875,309.4800109863281,314.67999267578125,311.198486328125,265500,0.0,0.0
2022-08-26 00:00:00-04:00,314.489990234375,314.9800109863281,302.9599914550781,303.7699890136719,300.4092102050781,250800,0.0,0.0
2022-08-29 00:00:00-04:00,301.44000244140625,304.3699951171875,298.510009765625,301.57000732421875,298.23358154296875,345400,0.0,0.0
2022-08-30 00:00:00-04:00,302.79998779296875,303.0199890136719,295.44000244140625,296.4200134277344,293.1405029296875,324000,0.0,0.0
2022-08-31 00:00:00-04:00,299.260009765625,300.04998779296875,294.7099914550781,296.69000244140625,293.4075622558594,508400,0.0,0.0
2022-09-01 00:00:00-04:00,295.8299865722656,296.57000732421875,291.57000732421875,296.1000061035156,292.82415771484375,244400,0.0,0.0
2022-09-02 00:00:00-04:00,299.4100036621094,302.0199890136719,289.9700012207031,291.3500061035156,288.1266784667969,314200,0.0,0.0
2022-09-06 00:00:00-04:00,291.1499938964844,295.010009765625,287.6700134277344,291.0,287.7805480957031,327400,0.0,0.0
2022-09-07 00:00:00-04:00,290.30999755859375,299.489990234375,288.95001220703125,298.79998779296875,295.4941711425781,253300,0.0,0.0
2022-09-08 00:00:00-04:00,296.6000061035156,308.2200012207031,295.4800109863281,308.1300048828125,304.7209777832031,311600,0.0,0.0
2022-09-09 00:00:00-04:00,309.010009765625,315.7699890136719,308.260009765625,313.510009765625,310.0414733886719,304700,0.0,0.0
2022-09-12 00:00:00-04:00,314.010009765625,316.80999755859375,312.510009765625,312.8699951171875,309.40850830078125,314800,0.0,0.0
2022-09-13 00:00:00-04:00,305.20001220703125,306.3900146484375,292.6600036621094,292.9599914550781,289.7188415527344,354600,0.0,0.0
2022-09-14 00:00:00-04:00,293.30999755859375,296.739990234375,288.67999267578125,290.82000732421875,287.6025390625,306000,0.0,0.0
2022-09-15 00:00:00-04:00,286.8999938964844,290.6499938964844,273.57000732421875,273.7300109863281,270.7015686035156,950700,0.0,0.0
2022-09-16 00:00:00-04:00,273.3999938964844,273.3999938964844,266.30999755859375,268.05999755859375,265.09429931640625,794600,0.0,0.0
2022-09-19 00:00:00-04:00,265.7799987792969,269.9700012207031,261.30999755859375,269.92999267578125,266.94366455078125,574500,0.0,0.0
2022-09-20 00:00:00-04:00,266.7900085449219,268.6400146484375,261.7699890136719,263.69000244140625,260.7726745605469,319600,0.0,0.0
2022-09-21 00:00:00-04:00,265.0,268.0799865722656,257.80999755859375,258.20001220703125,255.3434295654297,342100,0.0,0.0
2022-09-22 00:00:00-04:00,256.6400146484375,257.32000732421875,251.69000244140625,253.11000061035156,250.3097381591797,467500,0.0,0.0
2022-09-23 00:00:00-04:00,251.22000122070312,254.55999755859375,248.9499969482422,254.24000549316406,251.42721557617188,371600,0.0,0.0
2022-09-26 00:00:00-04:00,253.22000122070312,258.0400085449219,251.17999267578125,252.8300018310547,250.03277587890625,730500,0.0,0.0
2022-09-27 00:00:00-04:00,255.69000244140625,256.17999267578125,244.7100067138672,246.38999938964844,243.6640625,456500,0.0,0.0
2022-09-28 00:00:00-04:00,248.0399932861328,253.3800048828125,246.5800018310547,251.92999267578125,249.1427459716797,476800,0.0,0.0
2022-09-29 00:00:00-04:00,250.27000427246094,252.50999450683594,247.61000061035156,251.27000427246094,248.4900360107422,395600,0.0,0.0
2022-09-30 00:00:00-04:00,251.8800048828125,254.50999450683594,245.8000030517578,246.0800018310547,243.35748291015625,539700,0.0,0.0
2022-10-03 00:00:00-04:00,249.0500030517578,258.04998779296875,245.3699951171875,255.92999267578125,253.09849548339844,439100,0.0,0.0
2022-10-04 00:00:00-04:00,259.44000244140625,262.45001220703125,258.760009765625,261.1499938964844,258.2607421875,474600,0.0,0.0
2022-10-05 00:00:00-04:00,257.5899963378906,261.69000244140625,255.0399932861328,259.6700134277344,256.7971496582031,355100,0.0,0.0
2022-10-06 00:00:00-04:00,258.739990234375,259.9200134277344,255.4499969482422,256.260009765625,253.4248504638672,741500,0.0,0.0
2022-10-07 00:00:00-04:00,252.83999633789062,252.83999633789062,247.77000427246094,249.82000732421875,247.05612182617188,522900,0.0,0.0
2022-10-10 00:00:00-04:00,251.08999633789062,251.08999633789062,245.74000549316406,245.82000732421875,243.1003875732422,329500,0.0,0.0
2022-10-11 00:00:00-04:00,245.0,245.00999450683594,236.88999938964844,239.67999267578125,237.02825927734375,781300,0.0,0.0
2022-10-12 00:00:00-04:00,241.30999755859375,242.22000122070312,238.9199981689453,239.1199951171875,236.47450256347656,356000,0.0,0.0
2022-10-13 00:00:00-04:00,232.88999938964844,250.3800048828125,231.9199981689453,249.41000366210938,246.650634765625,1034800,0.0,0.0
2022-10-14 00:00:00-04:00,252.11000061035156,253.3300018310547,245.72000122070312,247.52999877929688,244.7914581298828,859900,0.0,0.0
2022-10-17 00:00:00-04:00,253.86000061035156,258.75,252.99000549316406,255.32000732421875,252.4952850341797,417400,0.0,0.0
2022-10-18 00:00:00-04:00,262.55999755859375,264.69000244140625,257.7699890136719,261.6099853515625,258.715576171875,678600,0.0,0.0
2022-10-19 00:00:00-04:00,257.29998779296875,258.5299987792969,242.9499969482422,243.63999938964844,240.9445037841797,1058300,0.0,0.0
2022-10-20 00:00:00-04:00,242.4600067138672,243.49000549316406,230.8300018310547,231.3000030517578,228.7410430908203,889700,0.0,0.0
2022-10-21 00:00:00-04:00,232.8800048828125,237.80999755859375,227.2100067138672,232.8800048828125,230.30349731445312,862100,0.0,0.0
2022-10-24 00:00:00-04:00,235.1300048828125,236.6199951171875,231.05999755859375,236.6199951171875,234.00213623046875,891800,0.0,0.0
2022-10-25 00:00:00-04:00,239.88999938964844,249.38999938964844,236.77999877929688,249.2100067138672,246.4528350830078,831000,0.0,0.0
2022-10-26 00:00:00-04:00,250.1199951171875,260.4700012207031,250.00999450683594,254.39999389648438,251.5854034423828,1002400,0.0,0.0
2022-10-27 00:00:00-04:00,207.5,230.63999938964844,206.19000244140625,221.22999572753906,218.78237915039062,2378300,0.0,0.0
2022-10-28 00:00:00-04:00,218.3000030517578,227.1999969482422,218.3000030517578,225.50999450683594,223.0150604248047,1293800,0.0,0.0
2022-10-31 00:00:00-04:00,223.74000549316406,231.38999938964844,222.08999633789062,230.10000610351562,227.5542755126953,1164200,0.0,0.0
2022-11-01 00:00:00-04:00,230.16000366210938,231.39999389648438,224.77000427246094,229.5,226.96090698242188,954000,0.0,0.0
2022-11-02 00:00:00-04:00,227.7899932861328,228.02000427246094,219.1300048828125,219.52999877929688,217.10121154785156,962600,0.0,0.0
2022-11-03 00:00:00-04:00,212.86000061035156,215.10000610351562,208.7899932861328,209.33999633789062,207.02394104003906,1069200,0.0,0.0
2022-11-04 00:00:00-04:00,211.9600067138672,215.7899932861328,206.99000549316406,215.58999633789062,213.20481872558594,774000,0.0,0.0
2022-11-07 00:00:00-05:00,217.36000061035156,226.14999389648438,215.1999969482422,225.94000244140625,223.44032287597656,758700,0.0,0.0
2022-11-08 00:00:00-05:00,226.52000427246094,232.0500030517578,222.9199981689453,224.55999755859375,222.26248168945312,690900,0.19,0.0
2022-11-09 00:00:00-05:00,222.89999389648438,226.1999969482422,220.83999633789062,221.50999450683594,219.24366760253906,499100,0.0,0.0
2022-11-10 00:00:00-05:00,234.64999389648438,243.0399932861328,232.05999755859375,242.74000549316406,240.25645446777344,610300,0.0,0.0
2022-11-11 00:00:00-05:00,243.58999633789062,253.52999877929688,242.75,250.92999267578125,248.36265563964844,962900,0.0,0.0
2022-11-14 00:00:00-05:00,248.88999938964844,249.9499969482422,242.30999755859375,242.30999755859375,239.8308563232422,890600,0.0,0.0
2022-11-15 00:00:00-05:00,249.10000610351562,252.5800018310547,245.91000366210938,247.69000244140625,245.15582275390625,565700,0.0,0.0
2022-11-16 00:00:00-05:00,248.27000427246094,249.1699981689453,238.5800018310547,240.10000610351562,237.64349365234375,547200,0.0,0.0
2022-11-17 00:00:00-05:00,237.30999755859375,237.30999755859375,221.8699951171875,221.92999267578125,219.6593780517578,1776600,0.0,0.0
2022-11-18 00:00:00-05:00,226.0,226.1699981689453,219.24000549316406,225.0,222.69798278808594,1766500,0.0,0.0
2022-11-21 00:00:00-05:00,224.66000366210938,226.22999572753906,222.0,225.25,222.9454345703125,1029800,0.0,0.0
2022-11-22 00:00:00-05:00,225.11000061035156,228.52999877929688,220.8000030517578,228.52999877929688,226.19186401367188,1281400,0.0,0.0
2022-11-23 00:00:00-05:00,228.97000122070312,232.22000122070312,227.35000610351562,228.05999755859375,225.7266845703125,545900,0.0,0.0
2022-11-25 00:00:00-05:00,227.8000030517578,228.11000061035156,223.47999572753906,226.64999389648438,224.33108520507812,362600,0.0,0.0
2022-11-28 00:00:00-05:00,224.86000061035156,226.27999877929688,222.1199951171875,224.17999267578125,221.88636779785156,555900,0.0,0.0
2022-11-29 00:00:00-05:00,223.16000366210938,225.69000244140625,221.82000732421875,223.5,221.21328735351562,315100,0.0,0.0
2022-11-30 00:00:00-05:00,224.11000061035156,234.9199981689453,222.47999572753906,234.66000366210938,232.2591552734375,1028700,0.0,0.0
2022-12-01 00:00:00-05:00,236.33999633789062,243.02999877929688,232.9600067138672,242.02000427246094,239.5438232421875,618200,0.0,0.0
2022-12-02 00:00:00-05:00,235.5800018310547,246.83999633789062,235.5800018310547,244.35000610351562,241.85000610351562,896800,0.0,0.0
2022-12-05 00:00:00-05:00,239.94000244140625,241.8000030517578,236.25999450683594,239.44000244140625,236.99021911621094,602100,0.0,0.0
2022-12-06 00:00:00-05:00,238.27000427246094,238.97000122070312,234.5,234.99000549316406,232.5857696533203,608900,0.0,0.0
2022-12-07 00:00:00-05:00,234.7100067138672,236.8800048828125,230.8000030517578,235.88999938964844,233.4765625,472100,0.0,0.0
2022-12-08 00:00:00-05:00,234.77999877929688,237.60000610351562,233.30999755859375,236.02999877929688,233.6151123046875,708500,0.0,0.0
2022-12-09 00:00:00-05:00,232.64999389648438,242.11000061035156,231.5,239.00999450683594,236.5646514892578,691300,0.0,0.0
2022-12-12 00:00:00-05:00,239.77999877929688,242.55999755859375,237.38999938964844,241.27999877929688,238.81141662597656,462400,0.0,0.0
2022-12-13 00:00:00-05:00,250.27000427246094,255.3000030517578,249.33999633789062,251.89999389648438,249.32273864746094,572800,0.0,0.0
2022-12-14 00:00:00-05:00,248.0,251.0,240.5,243.5800018310547,241.087890625,861200,0.0,0.0
2022-12-15 00:00:00-05:00,239.47999572753906,240.35000610351562,235.6999969482422,237.0800018310547,234.65438842773438,637300,0.0,0.0
2022-12-16 00:00:00-05:00,234.00999450683594,235.9199981689453,225.24000549316406,226.10000610351562,223.7867431640625,1590600,0.0,0.0
2022-12-19 00:00:00-05:00,226.11000061035156,229.89999389648438,224.14999389648438,228.22999572753906,225.89491271972656,568900,0.0,0.0
2022-12-20 00:00:00-05:00,227.02000427246094,229.66000366210938,224.3800048828125,227.7899932861328,225.45941162109375,520100,0.0,0.0
2022-12-21 00:00:00-05:00,230.41000366210938,236.66000366210938,229.99000549316406,234.67999267578125,232.27894592285156,376700,0.0,0.0
2022-12-22 00:00:00-05:00,231.7100067138672,235.80999755859375,229.13999938964844,235.25999450683594,232.85296630859375,348800,0.0,0.0
2022-12-23 00:00:00-05:00,235.0,235.75,232.16000366210938,235.1300048828125,232.72433471679688,337000,0.0,0.0
2022-12-27 00:00:00-05:00,234.8300018310547,237.63999938964844,231.55999755859375,236.72999572753906,234.3079376220703,340700,0.0,0.0
2022-12-28 00:00:00-05:00,237.82000732421875,239.55999755859375,230.66000366210938,231.24000549316406,228.87411499023438,299400,0.0,0.0
2022-12-29 00:00:00-05:00,233.9499969482422,242.3699951171875,233.9499969482422,238.97999572753906,236.53492736816406,381200,0.0,0.0
2022-12-30 00:00:00-05:00,234.99000549316406,236.27999877929688,231.25999450683594,235.35000610351562,232.94207763671875,247800,0.0,0.0
2023-01-03 00:00:00-05:00,238.30999755859375,240.88999938964844,231.77000427246094,234.41000366210938,232.01170349121094,432400,0.0,0.0
2023-01-04 00:00:00-05:00,238.5399932861328,243.19000244140625,236.82000732421875,241.13999938964844,238.67286682128906,661200,0.0,0.0
2023-01-05 00:00:00-05:00,237.4499969482422,239.3699951171875,233.27999877929688,233.6999969482422,231.30897521972656,516800,0.0,0.0
2023-01-06 00:00:00-05:00,235.3800048828125,236.86000061035156,225.66000366210938,232.5,230.1212158203125,755900,0.0,0.0
2023-01-09 00:00:00-05:00,236.1199951171875,242.24000549316406,235.41000366210938,240.72999572753906,238.26702880859375,644900,0.0,0.0
2023-01-10 00:00:00-05:00,241.32000732421875,249.8800048828125,241.07000732421875,245.92999267578125,243.41383361816406,542300,0.0,0.0
2023-01-11 00:00:00-05:00,250.49000549316406,253.75999450683594,248.9499969482422,251.35000610351562,248.77835083007812,558500,0.0,0.0
2023-01-12 00:00:00-05:00,250.6699981689453,250.6699981689453,241.99000549316406,248.08999633789062,245.55172729492188,423700,0.0,0.0
2023-01-13 00:00:00-05:00,246.1699981689453,252.27999877929688,245.6300048828125,250.6999969482422,248.135009765625,774900,0.0,0.0
2023-01-17 00:00:00-05:00,249.24000549316406,253.33999633789062,247.63999938964844,253.0399932861328,250.45106506347656,649400,0.0,0.0
2023-01-18 00:00:00-05:00,254.02000427246094,258.739990234375,252.86000061035156,254.50999450683594,251.9060516357422,915900,0.0,0.0
2023-01-19 00:00:00-05:00,253.24000549316406,257.0899963378906,248.5500030517578,254.77999877929688,252.17330932617188,476200,0.0,0.0
2023-01-20 00:00:00-05:00,256.30999755859375,259.6000061035156,254.25999450683594,259.54998779296875,256.89447021484375,515200,0.0,0.0
2023-01-23 00:00:00-05:00,258.4200134277344,265.510009765625,256.95001220703125,264.1099853515625,261.4078063964844,597700,0.0,0.0
2023-01-24 00:00:00-05:00,260.95001220703125,260.95001220703125,255.6999969482422,258.3299865722656,255.87100219726562,456500,0.19,0.0
2023-01-25 00:00:00-05:00,255.2899932861328,260.510009765625,253.42999267578125,260.4700012207031,257.9906921386719,465900,0.0,0.0
2023-01-26 00:00:00-05:00,263.7200012207031,270.6400146484375,262.3599853515625,270.0899963378906,267.5190734863281,666900,0.0,0.0
2023-01-27 00:00:00-05:00,269.6199951171875,272.2799987792969,267.1099853515625,268.6199951171875,266.0630798339844,423600,0.0,0.0
2023-01-30 00:00:00-05:00,264.55999755859375,267.5199890136719,261.0799865722656,261.82000732421875,259.3277893066406,435800,0.0,0.0
2023-01-31 00:00:00-05:00,262.5400085449219,265.6400146484375,258.95001220703125,265.6000061035156,263.0718078613281,748400,0.0,0.0
2023-02-01 00:00:00-05:00,266.989990234375,273.25,263.69000244140625,271.5899963378906,269.0047912597656,408700,0.0,0.0
2023-02-02 00:00:00-05:00,275.0,283.510009765625,275.0,281.8800048828125,279.1968688964844,942200,0.0,0.0
2023-02-03 00:00:00-05:00,275.95001220703125,276.489990234375,269.54998779296875,272.8800048828125,270.28253173828125,466300,0.0,0.0
2023-02-06 00:00:00-05:00,269.42999267578125,271.239990234375,267.05999755859375,268.1700134277344,265.617431640625,579700,0.0,0.0
2023-02-07 00:00:00-05:00,266.010009765625,273.7900085449219,265.1400146484375,272.3800048828125,269.78729248046875,377300,0.0,0.0
2023-02-08 00:00:00-05:00,270.260009765625,272.1000061035156,264.0199890136719,265.07000732421875,262.546875,519100,0.0,0.0
2023-02-09 00:00:00-05:00,266.75,269.4800109863281,265.69000244140625,267.42999267578125,264.8843688964844,770300,0.0,0.0
2023-02-10 00:00:00-05:00,264.5199890136719,272.6400146484375,264.5199890136719,271.1400146484375,268.55908203125,1025300,0.0,0.0
2023-02-13 00:00:00-05:00,272.79998779296875,274.8699951171875,269.94000244140625,273.30999755859375,270.7084655761719,800100,0.0,0.0
2023-02-14 00:00:00-05:00,273.2699890136719,276.6000061035156,271.3900146484375,276.0400085449219,273.41241455078125,598700,0.0,0.0
2023-02-15 00:00:00-05:00,274.2300109863281,279.17999267578125,272.7900085449219,279.17999267578125,276.5225830078125,668600,0.0,0.0
2023-02-16 00:00:00-05:00,312.5799865722656,329.07000732421875,311.989990234375,319.7699890136719,316.7261962890625,1566600,0.0,0.0
2023-02-17 00:00:00-05:00,317.17999267578125,319.2900085449219,307.4100036621094,313.7200012207031,310.7337646484375,1040400,0.0,0.0
2023-02-21 00:00:00-05:00,309.4100036621094,309.4100036621094,304.0400085449219,306.67999267578125,303.7608337402344,794500,0.0,0.0
2023-02-22 00:00:00-05:00,306.2900085449219,308.42999267578125,303.7900085449219,305.54998779296875,302.6415710449219,558900,0.0,0.0
2023-02-23 00:00:00-05:00,305.92999267578125,313.6099853515625,304.42999267578125,312.0299987792969,309.05987548828125,835500,0.0,0.0
2023-02-24 00:00:00-05:00,313.8399963378906,313.8399963378906,306.8599853515625,310.25,307.296875,625300,0.0,0.0
2023-02-27 00:00:00-05:00,313.0,316.0899963378906,311.8900146484375,312.9599914550781,309.98101806640625,468500,0.0,0.0
2023-02-28 00:00:00-05:00,311.989990234375,319.05999755859375,311.989990234375,317.0299987792969,314.0122985839844,1051200,0.0,0.0
2023-03-01 00:00:00-05:00,315.3999938964844,321.2300109863281,314.9599914550781,318.2799987792969,315.2504577636719,534700,0.0,0.0
2023-03-02 00:00:00-05:00,315.1199951171875,324.67999267578125,315.1199951171875,322.70001220703125,319.6282958984375,548700,0.0,0.0
2023-03-03 00:00:00-05:00,325.1499938964844,330.8900146484375,325.0,329.260009765625,326.1258544921875,476600,0.0,0.0
2023-03-06 00:00:00-05:00,329.010009765625,330.3699951171875,323.3399963378906,323.3999938964844,320.3216247558594,327200,0.0,0.0
2023-03-07 00:00:00-05:00,323.0,324.5299987792969,320.0799865722656,321.69000244140625,318.6278991699219,475000,0.0,0.0
2023-03-08 00:00:00-05:00,321.489990234375,323.5199890136719,318.2200012207031,319.7200012207031,316.6766662597656,296800,0.0,0.0
2023-03-09 00:00:00-05:00,321.5199890136719,324.739990234375,315.04998779296875,315.30999755859375,312.30865478515625,459500,0.0,0.0
2023-03-10 00:00:00-05:00,314.5,315.9599914550781,309.42999267578125,314.54998779296875,311.5558776855469,961100,0.0,0.0
2023-03-13 00:00:00-04:00,313.7200012207031,324.30999755859375,311.8299865722656,321.2200012207031,318.16241455078125,550900,0.0,0.0
2023-03-14 00:00:00-04:00,325.0,328.9599914550781,322.70001220703125,328.57000732421875,325.4424133300781,516900,0.0,0.0
2023-03-15 00:00:00-04:00,323.8299865722656,325.8299865722656,318.6300048828125,325.5899963378906,322.4908142089844,478600,0.0,0.0
2023-03-16 00:00:00-04:00,324.2900085449219,336.95001220703125,323.44000244140625,336.4100036621094,333.20782470703125,509100,0.0,0.0
2023-03-17 00:00:00-04:00,335.8500061035156,338.2300109863281,328.6700134277344,329.7200012207031,326.58148193359375,1123600,0.0,0.0
2023-03-20 00:00:00-04:00,330.0299987792969,333.9200134277344,328.54998779296875,331.9599914550781,328.8002014160156,425100,0.0,0.0
2023-03-21 00:00:00-04:00,333.3699951171875,337.1300048828125,333.260009765625,335.0299987792969,331.8409423828125,456400,0.0,0.0
2023-03-22 00:00:00-04:00,334.57000732421875,337.4800109863281,328.7300109863281,328.94000244140625,325.80889892578125,534000,0.0,0.0
2023-03-23 00:00:00-04:00,330.8800048828125,335.5299987792969,328.32000732421875,331.8500061035156,328.6911926269531,438200,0.0,0.0
2023-03-24 00:00:00-04:00,330.8399963378906,335.1700134277344,327.0,334.29998779296875,331.117919921875,272400,0.0,0.0
2023-03-27 00:00:00-04:00,336.239990234375,339.0,334.489990234375,335.8299865722656,332.63330078125,302700,0.0,0.0
2023-03-28 00:00:00-04:00,334.5199890136719,339.989990234375,334.5199890136719,339.80999755859375,336.5754699707031,297400,0.0,0.0
2023-03-29 00:00:00-04:00,342.69000244140625,345.0,337.5899963378906,337.9800109863281,334.7629089355469,566400,0.0,0.0
2023-03-30 00:00:00-04:00,341.5199890136719,344.1600036621094,337.8900146484375,340.8699951171875,337.6253662109375,383400,0.0,0.0
2023-03-31 00:00:00-04:00,343.8399963378906,348.6199951171875,342.94000244140625,346.4700012207031,343.1719970703125,431400,0.0,0.0
2023-04-03 00:00:00-04:00,342.8399963378906,347.9100036621094,340.95001220703125,347.0400085449219,343.736572265625,341200,0.0,0.0
2023-04-04 00:00:00-04:00,348.239990234375,351.3299865722656,347.44000244140625,348.1000061035156,344.7864990234375,338400,0.0,0.0
2023-04-05 00:00:00-04:00,348.0400085449219,349.7200012207031,345.6199951171875,346.760009765625,343.4592590332031,343800,0.0,0.0
2023-04-06 00:00:00-04:00,345.8699951171875,346.3699951171875,339.9100036621094,344.7200012207031,341.4386901855469,462100,0.0,0.0
2023-04-10 00:00:00-04:00,343.760009765625,350.0899963378906,342.4200134277344,349.7900085449219,346.4604187011719,302000,0.0,0.0
2023-04-11 00:00:00-04:00,355.05999755859375,360.9700012207031,354.2900085449219,354.80999755859375,351.4327392578125,351600,0.0,0.0
2023-04-12 00:00:00-04:00,359.4700012207031,362.760009765625,358.3399963378906,358.7699890136719,355.3550109863281,403600,0.0,0.0
2023-04-13 00:00:00-04:00,360.67999267578125,368.1000061035156,359.5199890136719,366.739990234375,363.24908447265625,477300,0.0,0.0
2023-04-14 00:00:00-04:00,364.1199951171875,369.5199890136719,361.8599853515625,363.92999267578125,360.4658203125,304700,0.0,0.0
2023-04-17 00:00:00-04:00,364.2099914550781,364.6700134277344,360.3900146484375,362.4700012207031,359.0198059082031,323900,0.0,0.0
2023-04-18 00:00:00-04:00,364.3500061035156,364.3500061035156,358.42999267578125,362.05999755859375,358.6136169433594,278100,0.0,0.0
2023-04-19 00:00:00-04:00,361.4700012207031,367.79998779296875,359.0199890136719,367.6400146484375,364.1405334472656,310600,0.0,0.0
2023-04-20 00:00:00-04:00,361.6499938964844,365.1099853515625,359.6099853515625,361.4100036621094,357.96978759765625,588400,0.0,0.0
2023-04-21 00:00:00-04:00,363.17999267578125,366.989990234375,362.8699951171875,365.8800048828125,362.3973388671875,244700,0.0,0.0
2023-04-24 00:00:00-04:00,368.2900085449219,372.05999755859375,366.42999267578125,371.9700012207031,368.4292907714844,271700,0.0,0.0
2023-04-25 00:00:00-04:00,368.57000732421875,368.6300048828125,356.2900085449219,357.0,353.7825012207031,503200,0.19,0.0
2023-04-26 00:00:00-04:00,356.05999755859375,360.510009765625,352.8900146484375,357.2300109863281,354.0104064941406,465100,0.0,0.0
2023-04-27 00:00:00-04:00,355.0,360.6000061035156,341.5,355.2200012207031,352.0186462402344,946900,0.0,0.0
2023-04-28 00:00:00-04:00,356.7900085449219,368.239990234375,356.3999938964844,361.239990234375,357.98431396484375,1032600,0.0,0.0
2023-05-01 00:00:00-04:00,361.67999267578125,368.05999755859375,360.8599853515625,366.1300048828125,362.8302917480469,380500,0.0,0.0
2023-05-02 00:00:00-04:00,365.9800109863281,370.6400146484375,364.4800109863281,369.6199951171875,366.28875732421875,421300,0.0,0.0
2023-05-03 00:00:00-04:00,373.5,376.7200012207031,368.1700134277344,368.42999267578125,365.10955810546875,425300,0.0,0.0
2023-05-04 00:00:00-04:00,368.5,371.04998779296875,365.07000732421875,369.1700134277344,365.8428649902344,258700,0.0,0.0
2023-05-05 00:00:00-04:00,371.6199951171875,371.9700012207031,363.0799865722656,368.4599914550781,365.1392822265625,269900,0.0,0.0
2023-05-08 00:00:00-04:00,365.19000244140625,368.3800048828125,363.7200012207031,367.0799865722656,363.7716369628906,344300,0.0,0.0
2023-05-09 00:00:00-04:00,363.6400146484375,365.8399963378906,360.8399963378906,361.7300109863281,358.46990966796875,353000,0.0,0.0
2023-05-10 00:00:00-04:00,365.6600036621094,366.6600036621094,361.0199890136719,362.7200012207031,359.45098876953125,308600,0.0,0.0
2023-05-11 00:00:00-04:00,362.0,363.8699951171875,357.4200134277344,360.1000061035156,356.8545837402344,510100,0.0,0.0
2023-05-12 00:00:00-04:00,360.2799987792969,361.32000732421875,356.2799987792969,360.0199890136719,356.7752990722656,410300,0.0,0.0
2023-05-15 00:00:00-04:00,359.9100036621094,361.55999755859375,354.760009765625,355.17999267578125,351.9789733886719,436900,0.0,0.0
2023-05-16 00:00:00-04:00,355.17999267578125,355.94000244140625,351.4700012207031,354.55999755859375,351.3645324707031,340900,0.0,0.0
2023-05-17 00:00:00-04:00,355.05999755859375,357.0799865722656,345.6499938964844,348.05999755859375,344.9230651855469,384500,0.0,0.0
2023-05-18 00:00:00-04:00,348.2300109863281,351.6400146484375,344.489990234375,350.739990234375,347.5789489746094,256000,0.0,0.0
2023-05-19 00:00:00-04:00,352.5899963378906,356.5400085449219,351.2799987792969,351.3900146484375,348.22314453125,254500,0.0,0.0
2023-05-22 00:00:00-04:00,350.42999267578125,354.5799865722656,349.6000061035156,350.9200134277344,347.7574157714844,407000,0.0,0.0
2023-05-23 00:00:00-04:00,349.44000244140625,352.0400085449219,341.6400146484375,342.80999755859375,339.72039794921875,440600,0.0,0.0
2023-05-24 00:00:00-04:00,338.70001220703125,342.2200012207031,334.67999267578125,340.6499938964844,337.57989501953125,508400,0.0,0.0
2023-05-25 00:00:00-04:00,341.70001220703125,341.760009765625,338.8500061035156,340.20001220703125,337.1338806152344,296800,0.0,0.0
2023-05-26 00:00:00-04:00,341.9700012207031,346.1400146484375,340.0299987792969,343.5,340.4042053222656,341000,0.0,0.0
2023-05-30 00:00:00-04:00,343.04998779296875,344.75,336.0899963378906,336.3500061035156,333.318603515625,474100,0.0,0.0
2023-05-31 00:00:00-04:00,335.8299865722656,336.7799987792969,330.1600036621094,334.6300048828125,331.6141357421875,1150100,0.0,0.0
2023-06-01 00:00:00-04:00,334.7200012207031,341.6300048828125,333.7099914550781,341.5299987792969,338.4519958496094,491300,0.0,0.0
2023-06-02 00:00:00-04:00,342.69000244140625,343.92999267578125,339.989990234375,343.7300109863281,340.63214111328125,385900,0.0,0.0
2023-06-05 00:00:00-04:00,343.42999267578125,348.8800048828125,343.25,343.3999938964844,340.30517578125,436400,0.0,0.0
2023-06-06 00:00:00-04:00,343.5,347.9800109863281,342.0799865722656,346.19000244140625,343.0699462890625,349900,0.0,0.0
2023-06-07 00:00:00-04:00,345.2300109863281,348.8699951171875,343.7200012207031,344.7200012207031,341.6131896972656,279100,0.0,0.0
2023-06-08 00:00:00-04:00,343.8399963378906,349.9100036621094,341.57000732421875,349.75,346.5978698730469,368600,0.0,0.0
2023-06-09 00:00:00-04:00,350.5199890136719,351.0,347.82000732421875,348.2799987792969,345.1411437988281,266400,0.0,0.0
2023-06-12 00:00:00-04:00,349.4700012207031,357.9700012207031,347.260009765625,357.3900146484375,354.1690368652344,329300,0.0,0.0
2023-06-13 00:00:00-04:00,356.8399963378906,359.8900146484375,355.2900085449219,357.82000732421875,354.59515380859375,311100,0.0,0.0
2023-06-14 00:00:00-04:00,358.6300048828125,361.2699890136719,353.0299987792969,354.69000244140625,351.4933776855469,278200,0.0,0.0
2023-06-15 00:00:00-04:00,352.95001220703125,361.29998779296875,351.92999267578125,359.79998779296875,356.5573425292969,422900,0.0,0.0
2023-06-16 00:00:00-04:00,366.8299865722656,374.45001220703125,361.6499938964844,362.0400085449219,358.7770690917969,1129700,0.0,0.0
2023-06-20 00:00:00-04:00,357.1700134277344,366.989990234375,356.6400146484375,366.1099853515625,362.81036376953125,429100,0.0,0.0
2023-06-21 00:00:00-04:00,364.0899963378906,370.489990234375,364.0199890136719,368.8999938964844,365.57525634765625,338800,0.0,0.0
2023-06-22 00:00:00-04:00,371.5199890136719,375.0,367.3299865722656,368.6700134277344,365.34735107421875,241600,0.0,0.0
2023-06-23 00:00:00-04:00,365.79998779296875,370.1199951171875,364.8800048828125,367.0,363.6924133300781,606600,0.0,0.0
2023-06-26 00:00:00-04:00,367.0899963378906,367.2699890136719,362.4100036621094,365.07000732421875,361.77984619140625,341300,0.0,0.0
2023-06-27 00:00:00-04:00,366.5299987792969,369.6400146484375,363.05999755859375,369.3399963378906,366.0113220214844,323500,0.0,0.0
2023-06-28 00:00:00-04:00,368.5,372.6499938964844,366.5799865722656,369.2099914550781,365.8824768066406,268700,0.0,0.0
2023-06-29 00:00:00-04:00,368.0,377.4200134277344,366.32000732421875,377.3599853515625,373.9590759277344,258100,0.0,0.0
2023-06-30 00:00:00-04:00,380.1099853515625,387.1300048828125,378.75,382.4700012207031,379.0229797363281,355200,0.0,0.0
2023-07-03 00:00:00-04:00,379.2300109863281,380.0299987792969,373.8900146484375,378.3299865722656,374.9202575683594,154800,0.0,0.0
2023-07-05 00:00:00-04:00,376.6600036621094,382.20001220703125,374.8800048828125,377.0299987792969,373.63201904296875,260800,0.0,0.0
2023-07-06 00:00:00-04:00,373.5299987792969,376.6400146484375,370.9700012207031,373.2300109863281,369.8663330078125,300900,0.0,0.0
2023-07-07 00:00:00-04:00,371.5,373.2300109863281,368.7900085449219,371.6000061035156,368.2510070800781,330600,0.0,0.0
2023-07-10 00:00:00-04:00,373.4599914550781,379.8500061035156,372.3500061035156,377.29998779296875,373.89959716796875,278500,0.0,0.0
2023-07-11 00:00:00-04:00,379.0199890136719,380.5,373.260009765625,375.3399963378906,371.9572448730469,219900,0.0,0.0
2023-07-12 00:00:00-04:00,379.0199890136719,384.1499938964844,375.5199890136719,383.5199890136719,380.0635070800781,272700,0.0,0.0
2023-07-13 00:00:00-04:00,385.95001220703125,389.3900146484375,382.3900146484375,383.6600036621094,380.2022399902344,224700,0.0,0.0
2023-07-14 00:00:00-04:00,383.3900146484375,387.5199890136719,382.9800109863281,385.1300048828125,381.6589660644531,194500,0.0,0.0
2023-07-17 00:00:00-04:00,385.19000244140625,385.75,380.3900146484375,383.6199951171875,380.1626281738281,148100,0.0,0.0
2023-07-18 00:00:00-04:00,383.739990234375,385.29998779296875,379.1000061035156,384.5899963378906,381.1239318847656,314000,0.0,0.0
2023-07-19 00:00:00-04:00,383.6199951171875,386.82000732421875,381.6400146484375,385.6199951171875,382.1446228027344,254100,0.0,0.0
2023-07-20 00:00:00-04:00,385.9200134277344,386.760009765625,378.4100036621094,378.75,375.3365173339844,237800,0.0,0.0
2023-07-21 00:00:00-04:00,379.94000244140625,385.5,376.94000244140625,377.32000732421875,373.9194030761719,845000,0.0,0.0
2023-07-24 00:00:00-04:00,375.3800048828125,378.7699890136719,374.0799865722656,376.05999755859375,372.6708068847656,332200,0.0,0.0
2023-07-25 00:00:00-04:00,373.510009765625,383.55999755859375,373.0,377.1300048828125,373.9200134277344,333400,0.19,0.0
2023-07-26 00:00:00-04:00,374.42999267578125,379.5899963378906,369.0400085449219,379.4200134277344,376.1905212402344,357000,0.0,0.0
2023-07-27 00:00:00-04:00,375.30999755859375,375.4200134277344,350.5899963378906,354.8999938964844,351.8791809082031,1021900,0.0,0.0
2023-07-28 00:00:00-04:00,358.8500061035156,367.0,355.8299865722656,365.4599914550781,362.3493347167969,499700,0.0,0.0
2023-07-31 00:00:00-04:00,365.8999938964844,368.30999755859375,363.0,368.0400085449219,364.907470703125,574300,0.0,0.0
2023-08-01 00:00:00-04:00,366.8699951171875,372.9800109863281,365.0199890136719,371.6600036621094,368.4965515136719,443400,0.0,0.0
2023-08-02 00:00:00-04:00,369.4599914550781,371.1000061035156,366.0,370.5799865722656,367.4257507324219,420300,0.0,0.0
2023-08-03 00:00:00-04:00,369.92999267578125,372.04998779296875,368.2699890136719,369.7200012207031,366.5730895996094,302400,0.0,0.0
2023-08-04 00:00:00-04:00,370.82000732421875,376.7300109863281,368.7099914550781,375.07000732421875,371.87762451171875,383100,0.0,0.0
2023-08-07 00:00:00-04:00,376.4700012207031,380.07000732421875,374.4700012207031,378.70001220703125,375.4766845703125,259600,0.0,0.0
2023-08-08 00:00:00-04:00,392.1000061035156,399.9599914550781,387.6000061035156,399.8699951171875,396.4664611816406,793200,0.0,0.0
2023-08-09 00:00:00-04:00,396.5400085449219,400.95001220703125,396.4700012207031,400.1499938964844,396.74407958984375,357400,0.0,0.0
2023-08-10 00:00:00-04:00,402.0,408.57000732421875,399.3699951171875,400.25,396.8432312011719,349000,0.0,0.0
2023-08-11 00:00:00-04:00,397.7900085449219,399.989990234375,394.0799865722656,394.739990234375,391.38006591796875,281900,0.0,0.0
2023-08-14 00:00:00-04:00,394.7799987792969,400.07000732421875,393.3599853515625,399.8900146484375,396.486328125,353100,0.0,0.0
2023-08-15 00:00:00-04:00,400.79998779296875,404.07000732421875,398.42999267578125,402.1300048828125,398.707275390625,263000,0.0,0.0
2023-08-16 00:00:00-04:00,401.3699951171875,402.9800109863281,397.4700012207031,397.489990234375,394.1066589355469,265200,0.0,0.0
2023-08-17 00:00:00-04:00,399.1199951171875,401.4599914550781,392.0199890136719,392.8699951171875,389.52606201171875,299300,0.0,0.0
2023-08-18 00:00:00-04:00,389.7099914550781,391.3699951171875,386.3800048828125,387.7699890136719,384.46942138671875,307300,0.0,0.0
2023-08-21 00:00:00-04:00,389.8999938964844,393.2900085449219,387.8299865722656,392.67999267578125,389.337646484375,369800,0.0,0.0
2023-08-22 00:00:00-04:00,393.3399963378906,396.3500061035156,390.0799865722656,393.17999267578125,389.83349609375,340800,0.0,0.0
2023-08-23 00:00:00-04:00,395.3299865722656,396.1000061035156,392.0199890136719,393.07000732421875,389.7243347167969,543200,0.0,0.0
2023-08-24 00:00:00-04:00,393.3800048828125,397.9800109863281,391.6199951171875,391.7200012207031,388.38580322265625,280500,0.0,0.0
2023-08-25 00:00:00-04:00,391.9100036621094,395.6600036621094,388.54998779296875,393.7300109863281,390.3786926269531,329700,0.0,0.0
2023-08-28 00:00:00-04:00,395.2099914550781,403.54998779296875,395.2099914550781,403.3699951171875,399.93670654296875,218600,0.0,0.0
2023-08-29 00:00:00-04:00,402.67999267578125,412.54998779296875,401.8900146484375,412.4100036621094,408.8997802734375,267900,0.0,0.0
2023-08-30 00:00:00-04:00,414.6499938964844,415.7300109863281,408.79998779296875,409.1199951171875,405.63775634765625,309600,0.0,0.0
2023-08-31 00:00:00-04:00,408.9700012207031,411.5299987792969,406.69000244140625,406.8999938964844,403.4366760253906,428300,0.0,0.0
2023-09-01 00:00:00-04:00,410.4100036621094,410.4100036621094,404.6600036621094,407.69000244140625,404.2198791503906,258000,0.0,0.0
2023-09-05 00:00:00-04:00,406.4200134277344,406.6600036621094,402.69000244140625,403.6700134277344,400.2341613769531,264000,0.0,0.0
2023-09-06 00:00:00-04:00,404.0199890136719,406.1400146484375,400.5199890136719,404.8500061035156,401.404052734375,394800,0.0,0.0
2023-09-07 00:00:00-04:00,405.2900085449219,406.04998779296875,401.9200134277344,403.8599853515625,400.4225158691406,230200,0.0,0.0
2023-09-08 00:00:00-04:00,403.32000732421875,403.32000732421875,391.989990234375,393.1600036621094,389.81353759765625,304300,0.0,0.0
2023-09-11 00:00:00-04:00,393.760009765625,400.1499938964844,392.3699951171875,397.1499938964844,393.7695617675781,210300,0.0,0.0
2023-09-12 00:00:00-04:00,394.6600036621094,396.3900146484375,390.69000244140625,393.82000732421875,390.46795654296875,239400,0.0,0.0
2023-09-13 00:00:00-04:00,390.42999267578125,395.5199890136719,389.5,395.2699890136719,391.9056091308594,280000,0.0,0.0
2023-09-14 00:00:00-04:00,398.0,398.92999267578125,391.94000244140625,397.8999938964844,394.5132141113281,219600,0.0,0.0
2023-09-15 00:00:00-04:00,398.1099853515625,400.6000061035156,393.239990234375,394.17999267578125,390.82489013671875,648100,0.0,0.0
2023-09-18 00:00:00-04:00,393.2699890136719,396.3299865722656,391.510009765625,394.6000061035156,391.2413024902344,229000,0.0,0.0
2023-09-19 00:00:00-04:00,395.239990234375,398.8599853515625,392.2799987792969,392.6099853515625,389.268310546875,291400,0.0,0.0
2023-09-20 00:00:00-04:00,394.7200012207031,394.7200012207031,383.489990234375,384.3399963378906,381.06866455078125,286000,0.0,0.0
2023-09-21 00:00:00-04:00,382.0299987792969,382.0299987792969,372.07000732421875,374.29998779296875,371.11407470703125,362000,0.0,0.0
2023-09-22 00:00:00-04:00,374.0,376.3999938964844,371.3699951171875,372.510009765625,369.33935546875,381400,0.0,0.0
2023-09-25 00:00:00-04:00,372.04998779296875,375.80999755859375,370.3699951171875,375.6000061035156,372.4030456542969,201300,0.0,0.0
2023-09-26 00:00:00-04:00,375.6000061035156,378.20001220703125,373.5,375.3999938964844,372.2047119140625,235500,0.0,0.0
2023-09-27 00:00:00-04:00,378.94000244140625,379.0799865722656,368.45001220703125,375.17999267578125,371.986572265625,295500,0.0,0.0
2023-09-28 00:00:00-04:00,376.54998779296875,380.2699890136719,375.5799865722656,379.0799865722656,375.8534240722656,194800,0.0,0.0
2023-09-29 00:00:00-04:00,380.3800048828125,380.3800048828125,374.8599853515625,375.2099914550781,372.01629638671875,228500,0.0,0.0
2023-10-02 00:00:00-04:00,373.3399963378906,373.3399963378906,365.6499938964844,370.5799865722656,367.4257507324219,345700,0.0,0.0
2023-10-03 00:00:00-04:00,370.20001220703125,374.6499938964844,367.3699951171875,368.8299865722656,365.6906433105469,262300,0.0,0.0
2023-10-04 00:00:00-04:00,370.5,374.2099914550781,366.9200134277344,373.7799987792969,370.5985107421875,301600,0.0,0.0
2023-10-05 00:00:00-04:00,372.7699890136719,374.8500061035156,365.80999755859375,372.7300109863281,369.5574951171875,360800,0.0,0.0
2023-10-06 00:00:00-04:00,370.25,378.75,368.9200134277344,377.55999755859375,374.3463439941406,310100,0.0,0.0
2023-10-09 00:00:00-04:00,374.1300048828125,383.1099853515625,374.0400085449219,382.9100036621094,379.6507873535156,189100,0.0,0.0
2023-10-10 00:00:00-04:00,382.6000061035156,390.1400146484375,380.2099914550781,387.2799987792969,383.9836730957031,210800,0.0,0.0
2023-10-11 00:00:00-04:00,387.42999267578125,392.6300048828125,383.2799987792969,392.2099914550781,388.8717346191406,349000,0.0,0.0
2023-10-12 00:00:00-04:00,392.5,394.42999267578125,382.6499938964844,384.9599914550781,381.68341064453125,289700,0.0,0.0
2023-10-13 00:00:00-04:00,386.239990234375,391.20001220703125,384.1700134277344,385.05999755859375,381.782470703125,201700,0.0,0.0
2023-10-16 00:00:00-04:00,387.6400146484375,390.57000732421875,383.3800048828125,385.80999755859375,382.526123046875,393000,0.0,0.0
2023-10-17 00:00:00-04:00,382.4100036621094,390.69000244140625,381.2699890136719,386.5799865722656,383.2895812988281,322200,0.0,0.0
2023-10-18 00:00:00-04:00,383.4100036621094,385.04998779296875,374.2099914550781,375.04998779296875,371.85772705078125,344500,0.0,0.0
2023-10-19 00:00:00-04:00,375.739990234375,376.8699951171875,368.239990234375,369.3299865722656,366.1863708496094,367400,0.0,0.0
2023-10-20 00:00:00-04:00,369.30999755859375,369.6600036621094,362.0899963378906,363.6600036621094,360.5646667480469,348400,0.0,0.0
2023-10-23 00:00:00-04:00,362.6700134277344,372.8699951171875,358.7200012207031,370.54998779296875,367.3960266113281,392600,0.0,0.0
2023-10-24 00:00:00-04:00,371.42999267578125,373.4100036621094,364.95001220703125,369.7200012207031,366.5730895996094,281800,0.0,0.0
2023-10-25 00:00:00-04:00,362.1400146484375,364.260009765625,353.0,358.0,354.952880859375,572100,0.0,0.0
2023-10-26 00:00:00-04:00,328.0,332.489990234375,316.57000732421875,327.32000732421875,324.5340270996094,1037700,0.0,0.0
2023-10-27 00:00:00-04:00,325.7300109863281,328.44000244140625,319.010009765625,320.9200134277344,318.1884765625,486700,0.0,0.0
2023-10-30 00:00:00-04:00,324.1000061035156,324.1000061035156,310.4200134277344,319.8599853515625,317.13751220703125,732100,0.0,0.0
2023-10-31 00:00:00-04:00,322.5199890136719,328.4800109863281,317.8599853515625,318.2900085449219,315.58087158203125,674400,0.0,0.0
2023-11-01 00:00:00-04:00,318.3599853515625,323.75,314.4200134277344,321.67999267578125,318.94195556640625,565500,0.0,0.0
2023-11-02 00:00:00-04:00,324.3599853515625,331.6499938964844,322.94000244140625,327.760009765625,324.9702453613281,500400,0.0,0.0
2023-11-03 00:00:00-04:00,332.19000244140625,340.2699890136719,332.19000244140625,335.0,332.14862060546875,334300,0.0,0.0
2023-11-06 00:00:00-05:00,338.6499938964844,338.6499938964844,332.04998779296875,333.0299987792969,330.1954040527344,289100,0.0,0.0
2023-11-07 00:00:00-05:00,333.8299865722656,333.8299865722656,329.30999755859375,330.3999938964844,327.78466796875,436000,0.2,0.0
2023-11-08 00:00:00-05:00,333.9599914550781,345.9200134277344,330.8599853515625,345.29998779296875,342.566650390625,534100,0.0,0.0
2023-11-09 00:00:00-05:00,344.6099853515625,344.6099853515625,336.0299987792969,336.0400085449219,333.3799743652344,813900,0.0,0.0
2023-11-10 00:00:00-05:00,336.7200012207031,343.3699951171875,335.1700134277344,341.6499938964844,338.9455261230469,413400,0.0,0.0
2023-11-13 00:00:00-05:00,337.82000732421875,341.8900146484375,334.2900085449219,338.1300048828125,335.4534606933594,492800,0.0,0.0
2023-11-14 00:00:00-05:00,347.1499938964844,350.8299865722656,342.80999755859375,347.4800109863281,344.72943115234375,281600,0.0,0.0
2023-11-15 00:00:00-05:00,346.6499938964844,352.79998779296875,345.0,345.9800109863281,343.2413330078125,406800,0.0,0.0
2023-11-16 00:00:00-05:00,348.0,354.3900146484375,343.44000244140625,344.2300109863281,341.5050964355469,357600,0.0,0.0
2023-11-17 00:00:00-05:00,345.4599914550781,346.2699890136719,341.260009765625,342.75,340.0368347167969,353900,0.0,0.0
2023-11-20 00:00:00-05:00,343.1199951171875,349.25,342.9200134277344,349.0299987792969,346.26715087890625,275400,0.0,0.0
2023-11-21 00:00:00-05:00,350.07000732421875,353.5899963378906,348.19000244140625,352.489990234375,349.6997375488281,566500,0.0,0.0
2023-11-22 00:00:00-05:00,356.5199890136719,358.489990234375,350.4599914550781,351.1700134277344,348.39019775390625,502000,0.0,0.0
2023-11-24 00:00:00-05:00,352.1499938964844,354.3500061035156,350.29998779296875,353.260009765625,350.46368408203125,114800,0.0,0.0
2023-11-27 00:00:00-05:00,352.1400146484375,355.260009765625,351.1499938964844,353.8999938964844,351.09857177734375,339900,0.0,0.0
2023-11-28 00:00:00-05:00,352.3500061035156,356.7900085449219,350.739990234375,352.4200134277344,349.63031005859375,468200,0.0,0.0
2023-11-29 00:00:00-05:00,355.42999267578125,355.9700012207031,348.54998779296875,348.9200134277344,346.157958984375,378300,0.0,0.0
2023-11-30 00:00:00-05:00,348.2300109863281,351.3500061035156,346.57000732421875,350.760009765625,347.98345947265625,640500,0.0,0.0
2023-12-01 00:00:00-05:00,350.30999755859375,355.1700134277344,348.9599914550781,351.7900085449219,349.0052795410156,271800,0.0,0.0
2023-12-04 00:00:00-05:00,349.260009765625,354.0199890136719,346.80999755859375,350.8800048828125,348.10247802734375,435700,0.0,0.0
2023-12-05 00:00:00-05:00,348.4200134277344,349.010009765625,340.3999938964844,343.4700012207031,340.75115966796875,366200,0.0,0.0
2023-12-06 00:00:00-05:00,345.010009765625,347.1000061035156,341.4200134277344,342.92999267578125,340.21539306640625,276100,0.0,0.0
2023-12-07 00:00:00-05:00,343.1199951171875,344.6000061035156,337.4700012207031,341.19000244140625,338.4892272949219,389500,0.0,0.0
2023-12-08 00:00:00-05:00,340.5899963378906,342.2699890136719,338.29998779296875,342.239990234375,339.5308837890625,470700,0.0,0.0
2023-12-11 00:00:00-05:00,343.04998779296875,346.42999267578125,340.30999755859375,344.1300048828125,341.4058837890625,628700,0.0,0.0
2023-12-12 00:00:00-05:00,344.6700134277344,350.0,341.3900146484375,347.7699890136719,345.0170593261719,339300,0.0,0.0
2023-12-13 00:00:00-05:00,347.989990234375,361.3500061035156,347.989990234375,359.67999267578125,356.8328552246094,425300,0.0,0.0
2023-12-14 00:00:00-05:00,361.739990234375,368.9599914550781,356.4100036621094,358.010009765625,355.17608642578125,712200,0.0,0.0
2023-12-15 00:00:00-05:00,359.6099853515625,363.95001220703125,356.2799987792969,358.20001220703125,355.3645324707031,1081800,0.0,0.0
2023-12-18 00:00:00-05:00,360.4599914550781,361.3800048828125,355.6199951171875,356.2099914550781,353.3902282714844,253800,0.0,0.0
2023-12-19 00:00:00-05:00,358.0,362.07000732421875,355.1300048828125,358.30999755859375,355.4736633300781,371600,0.0,0.0
2023-12-20 00:00:00-05:00,358.1499938964844,361.7200012207031,348.8999938964844,349.489990234375,346.7235107421875,445100,0.0,0.0
2023-12-21 00:00:00-05:00,352.0199890136719,356.3399963378906,350.67999267578125,353.760009765625,350.9597473144531,320300,0.0,0.0
2023-12-22 00:00:00-05:00,355.2900085449219,360.3699951171875,352.8999938964844,354.92999267578125,352.12042236328125,479600,0.0,0.0
2023-12-26 00:00:00-05:00,355.2300109863281,358.55999755859375,353.6499938964844,357.3399963378906,354.5113830566406,236300,0.0,0.0
2023-12-27 00:00:00-05:00,357.239990234375,359.3599853515625,353.8900146484375,355.8800048828125,353.06292724609375,223000,0.0,0.0
2023-12-28 00:00:00-05:00,357.2699890136719,358.80999755859375,353.69000244140625,354.92999267578125,352.12042236328125,197100,0.0,0.0
2023-12-29 00:00:00-05:00,355.5400085449219,356.5400085449219,350.8399963378906,352.1199951171875,349.33270263671875,254500,0.0,0.0
2024-01-02 00:00:00-05:00,349.6300048828125,356.20001220703125,346.2099914550781,348.69000244140625,345.9298095703125,730200,0.0,0.0
2024-01-03 00:00:00-05:00,345.95001220703125,347.29998779296875,337.0,338.2699890136719,335.59222412109375,509000,0.0,0.0
2024-01-04 00:00:00-05:00,336.6099853515625,342.54998779296875,336.6099853515625,340.32000732421875,337.6260986328125,503600,0.0,0.0
2024-01-05 00:00:00-05:00,338.79998779296875,341.5899963378906,337.3699951171875,339.4800109863281,336.792724609375,427900,0.0,0.0
2024-01-08 00:00:00-05:00,340.760009765625,352.2200012207031,340.760009765625,351.8500061035156,349.0648193359375,422300,0.0,0.0
2024-01-09 00:00:00-05:00,349.2699890136719,353.82000732421875,344.80999755859375,349.3399963378906,346.5746765136719,670800,0.0,0.0
2024-01-10 00:00:00-05:00,352.0899963378906,357.1700134277344,351.8699951171875,357.1600036621094,354.3327331542969,258700,0.0,0.0
2024-01-11 00:00:00-05:00,354.94000244140625,357.8399963378906,349.3800048828125,354.6300048828125,351.8228454589844,337600,0.0,0.0
2024-01-12 00:00:00-05:00,356.0400085449219,358.20001220703125,346.5,346.7699890136719,344.0249938964844,351400,0.0,0.0
2024-01-16 00:00:00-05:00,345.010009765625,348.05999755859375,342.57000732421875,346.5,343.7572021484375,381700,0.0,0.0
2024-01-17 00:00:00-05:00,343.54998779296875,345.55999755859375,339.3599853515625,339.510009765625,336.822509765625,228900,0.0,0.0
2024-01-18 00:00:00-05:00,339.8399963378906,344.19000244140625,338.1300048828125,342.8699951171875,340.1558532714844,314800,0.0,0.0
2024-01-19 00:00:00-05:00,343.45001220703125,343.45001220703125,339.7900085449219,342.739990234375,340.02691650390625,385800,0.0,0.0
2024-01-22 00:00:00-05:00,344.8399963378906,349.8900146484375,343.489990234375,347.1099853515625,344.3623046875,304800,0.0,0.0
2024-01-23 00:00:00-05:00,348.489990234375,352.0199890136719,347.0400085449219,351.6300048828125,348.8465270996094,323500,0.0,0.0
2024-01-24 00:00:00-05:00,353.9800109863281,355.6199951171875,348.6700134277344,348.7099914550781,345.94970703125,421600,0.0,0.0
2024-01-25 00:00:00-05:00,349.8299865722656,354.5400085449219,349.010009765625,354.2200012207031,351.41607666015625,382100,0.0,0.0
2024-01-26 00:00:00-05:00,358.9800109863281,364.4599914550781,358.0,361.3599853515625,358.4995422363281,503200,0.0,0.0
2024-01-29 00:00:00-05:00,360.4599914550781,371.54998779296875,360.2200012207031,370.5,367.56719970703125,557600,0.0,0.0
2024-01-30 00:00:00-05:00,370.5,380.3299865722656,370.5,376.0899963378906,373.314453125,605700,0.2,0.0
2024-01-31 00:00:00-05:00,375.260009765625,379.1099853515625,371.1300048828125,373.0299987792969,370.277099609375,688700,0.0,0.0
2024-02-01 00:00:00-05:00,373.4200134277344,381.6400146484375,368.4700012207031,381.5,378.6846008300781,484300,0.0,0.0
2024-02-02 00:00:00-05:00,379.30999755859375,385.1099853515625,377.2799987792969,381.0199890136719,378.2080383300781,620100,0.0,0.0
2024-02-05 00:00:00-05:00,381.3399963378906,398.5299987792969,378.4100036621094,397.6199951171875,394.68560791015625,920300,0.0,0.0
2024-02-06 00:00:00-05:00,400.0,406.1400146484375,396.3699951171875,398.2699890136719,395.330810546875,772100,0.0,0.0
2024-02-07 00:00:00-05:00,408.0799865722656,413.70001220703125,404.0,413.0,409.9521179199219,657600,0.0,0.0
2024-02-08 00:00:00-05:00,410.7799987792969,413.55999755859375,407.1400146484375,410.8999938964844,407.8675842285156,353100,0.0,0.0
2024-02-09 00:00:00-05:00,412.6700134277344,412.6700134277344,408.29998779296875,409.6400146484375,406.61688232421875,337300,0.0,0.0
2024-02-12 00:00:00-05:00,407.1700134277344,409.7200012207031,402.5199890136719,406.6300048828125,403.62908935546875,348200,0.0,0.0
2024-02-13 00:00:00-05:00,402.42999267578125,405.0,396.32000732421875,398.5899963378906,395.6484069824219,485700,0.0,0.0
2024-02-14 00:00:00-05:00,403.45001220703125,408.8800048828125,399.30999755859375,408.19000244140625,405.1776123046875,544600,0.0,0.0
2024-02-15 00:00:00-05:00,338.05999755859375,355.7300109863281,325.739990234375,350.70001220703125,348.11181640625,3178600,0.0,0.0
2024-02-16 00:00:00-05:00,350.82000732421875,369.1499938964844,350.30999755859375,362.04998779296875,359.3780822753906,1427800,0.0,0.0
2024-02-20 00:00:00-05:00,361.489990234375,370.19000244140625,349.82000732421875,350.17999267578125,347.5956726074219,948000,0.0,0.0
2024-02-21 00:00:00-05:00,348.3699951171875,357.7099914550781,348.3699951171875,356.20001220703125,353.57122802734375,523400,0.0,0.0
2024-02-22 00:00:00-05:00,357.0,360.0199890136719,352.0,359.8999938964844,357.2439270019531,537700,0.0,0.0
2024-02-23 00:00:00-05:00,361.57000732421875,367.9700012207031,360.7699890136719,367.44000244140625,364.7283020019531,488600,0.0,0.0
2024-02-26 00:00:00-05:00,367.7099914550781,371.04998779296875,362.75,363.2900085449219,360.60894775390625,429400,0.0,0.0
2024-02-27 00:00:00-05:00,362.3800048828125,363.8399963378906,358.0,358.2900085449219,355.6458740234375,415900,0.0,0.0
2024-02-28 00:00:00-05:00,357.6000061035156,359.95001220703125,352.6499938964844,357.30999755859375,354.6730651855469,423000,0.0,0.0
2024-02-29 00:00:00-05:00,357.30999755859375,360.3500061035156,355.5400085449219,358.3599853515625,355.71527099609375,521600,0.0,0.0
2024-03-01 00:00:00-05:00,356.3500061035156,361.5299987792969,353.54998779296875,358.7200012207031,356.0726623535156,327800,0.0,0.0
2024-03-04 00:00:00-05:00,359.9800109863281,361.3299865722656,354.17999267578125,358.7900085449219,356.14215087890625,478500,0.0,0.0
2024-03-05 00:00:00-05:00,357.8299865722656,361.30999755859375,350.6000061035156,351.95001220703125,349.3526306152344,518900,0.0,0.0
2024-03-06 00:00:00-05:00,353.45001220703125,357.69000244140625,351.3900146484375,354.30999755859375,351.6951599121094,424100,0.0,0.0
2024-03-07 00:00:00-05:00,355.6600036621094,365.6499938964844,336.2099914550781,362.1600036621094,359.4872741699219,939300,0.0,0.0
2024-03-08 00:00:00-05:00,360.79998779296875,363.7200012207031,356.45001220703125,358.95001220703125,356.3009948730469,320000,0.0,0.0
2024-03-11 00:00:00-04:00,356.82000732421875,361.1499938964844,354.4800109863281,357.5199890136719,354.88153076171875,369800,0.0,0.0
2024-03-12 00:00:00-04:00,358.04998779296875,380.75,355.0,377.989990234375,375.2004089355469,1034500,0.0,0.0
2024-03-13 00:00:00-04:00,379.2099914550781,387.8800048828125,377.0199890136719,385.75,382.90313720703125,697400,0.0,0.0
2024-03-14 00:00:00-04:00,387.7799987792969,399.95001220703125,386.3699951171875,399.3900146484375,396.4425354003906,802900,0.0,0.0
2024-03-15 00:00:00-04:00,391.80999755859375,396.70001220703125,386.8800048828125,387.6199951171875,384.7593688964844,756100,0.0,0.0
2024-03-18 00:00:00-04:00,388.9200134277344,396.3399963378906,388.3999938964844,395.7200012207031,392.799560546875,522800,0.0,0.0
2024-03-19 00:00:00-04:00,394.0,395.8800048828125,391.2099914550781,395.69000244140625,392.7698059082031,493100,0.0,0.0
2024-03-20 00:00:00-04:00,396.30999755859375,396.30999755859375,393.1499938964844,394.1000061035156,391.1915283203125,302500,0.0,0.0
2024-03-21 00:00:00-04:00,395.8900146484375,400.8800048828125,394.0,395.8900146484375,392.96832275390625,318300,0.0,0.0
2024-03-22 00:00:00-04:00,396.1300048828125,396.95001220703125,392.1300048828125,393.9200134277344,391.0129089355469,403800,0.0,0.0
2024-03-25 00:00:00-04:00,393.239990234375,394.3999938964844,385.05999755859375,388.3900146484375,385.523681640625,362600,0.0,0.0
2024-03-26 00:00:00-04:00,388.6400146484375,390.260009765625,386.05999755859375,388.2200012207031,385.35498046875,350100,0.0,0.0
2024-03-27 00:00:00-04:00,393.0899963378906,394.739990234375,390.5899963378906,394.1000061035156,391.1915283203125,253700,0.0,0.0
2024-03-28 00:00:00-04:00,395.30999755859375,397.7200012207031,393.45001220703125,395.7099914550781,392.7897033691406,236400,0.0,0.0
2024-04-01 00:00:00-04:00,394.6499938964844,396.2099914550781,390.0,395.94000244140625,393.01800537109375,359300,0.0,0.0
2024-04-02 00:00:00-04:00,392.57000732421875,392.57000732421875,381.2900085449219,387.8999938964844,385.0372619628906,422500,0.0,0.0
2024-04-03 00:00:00-04:00,387.6099853515625,391.8399963378906,385.80999755859375,387.1499938964844,384.2928466796875,304700,0.0,0.0
2024-04-04 00:00:00-04:00,390.7799987792969,395.3299865722656,385.8399963378906,386.1199951171875,383.2703857421875,386900,0.0,0.0
2024-04-05 00:00:00-04:00,387.69000244140625,394.7300109863281,387.69000244140625,394.0299987792969,391.1220703125,242300,0.0,0.0
2024-04-08 00:00:00-04:00,394.3299865722656,396.75,391.8900146484375,392.5799865722656,389.6827697753906,279400,0.0,0.0
2024-04-09 00:00:00-04:00,394.3299865722656,394.3299865722656,387.5799865722656,392.3800048828125,389.4842529296875,364900,0.0,0.0
2024-04-10 00:00:00-04:00,385.5799865722656,393.0799865722656,381.0,389.7699890136719,386.8934631347656,316900,0.0,0.0
2024-04-11 00:00:00-04:00,392.45001220703125,394.1099853515625,386.0,387.5799865722656,384.7196350097656,308200,0.0,0.0
2024-04-12 00:00:00-04:00,384.0,384.1600036621094,379.7300109863281,380.0,377.19561767578125,258200,0.0,0.0
2024-04-15 00:00:00-04:00,384.8900146484375,386.55999755859375,378.2200012207031,378.80999755859375,376.0143737792969,284500,0.0,0.0
2024-04-16 00:00:00-04:00,377.5299987792969,381.0799865722656,375.2300109863281,379.4800109863281,376.6794738769531,491800,0.0,0.0
2024-04-17 00:00:00-04:00,381.010009765625,381.1600036621094,376.70001220703125,377.3599853515625,374.5750732421875,355400,0.0,0.0
2024-04-18 00:00:00-04:00,377.489990234375,380.6700134277344,372.4100036621094,377.3299865722656,374.5452575683594,315100,0.0,0.0
2024-04-19 00:00:00-04:00,379.0899963378906,379.0899963378906,371.8800048828125,372.0400085449219,369.29437255859375,444700,0.0,0.0
2024-04-22 00:00:00-04:00,375.2699890136719,379.07000732421875,370.9200134277344,375.3500061035156,372.5799255371094,510700,0.0,0.0
2024-04-23 00:00:00-04:00,380.0,392.07000732421875,377.1499938964844,390.20001220703125,387.5268249511719,427100,0.2,0.0
2024-04-24 00:00:00-04:00,389.42999267578125,394.4200134277344,385.45001220703125,385.7300109863281,383.08746337890625,757300,0.0,0.0
2024-04-25 00:00:00-04:00,384.4800109863281,390.3299865722656,364.8900146484375,368.17999267578125,365.65765380859375,742400,0.0,0.0
2024-04-26 00:00:00-04:00,364.2200012207031,370.0,358.8900146484375,360.42999267578125,357.9608154296875,603100,0.0,0.0
2024-04-29 00:00:00-04:00,360.010009765625,362.1600036621094,353.6300048828125,354.4100036621094,351.9820556640625,511900,0.0,0.0
2024-04-30 00:00:00-04:00,353.739990234375,367.8500061035156,352.760009765625,357.4800109863281,355.0309753417969,697400,0.0,0.0
2024-05-01 00:00:00-04:00,356.3999938964844,368.4599914550781,355.6499938964844,363.42999267578125,360.9402160644531,579100,0.0,0.0
2024-05-02 00:00:00-04:00,365.6600036621094,368.70001220703125,360.19000244140625,368.4599914550781,365.93572998046875,445600,0.0,0.0
2024-05-03 00:00:00-04:00,372.5299987792969,372.7900085449219,361.5799865722656,365.0199890136719,362.519287109375,451100,0.0,0.0
2024-05-06 00:00:00-04:00,366.5899963378906,369.1700134277344,364.07000732421875,366.5400085449219,364.0289001464844,332500,0.0,0.0
2024-05-07 00:00:00-04:00,368.25,369.0199890136719,364.45001220703125,368.3500061035156,365.8265686035156,444900,0.0,0.0
2024-05-08 00:00:00-04:00,367.1400146484375,369.6400146484375,363.4800109863281,366.6600036621094,364.1480712890625,423600,0.0,0.0
2024-05-09 00:00:00-04:00,367.4200134277344,369.2200012207031,354.6199951171875,365.5899963378906,363.08544921875,795500,0.0,0.0
2024-05-10 00:00:00-04:00,365.3500061035156,372.5199890136719,364.0400085449219,364.19000244140625,361.6950378417969,488300,0.0,0.0
2024-05-13 00:00:00-04:00,364.3599853515625,367.7099914550781,357.45001220703125,358.1700134277344,355.71624755859375,511500,0.0,0.0
2024-05-14 00:00:00-04:00,359.6499938964844,362.5400085449219,346.7200012207031,354.4800109863281,352.05157470703125,852200,0.0,0.0
2024-05-15 00:00:00-04:00,356.80999755859375,358.2200012207031,345.7699890136719,351.5199890136719,349.1118469238281,776500,0.0,0.0
2024-05-16 00:00:00-04:00,354.4200134277344,357.8500061035156,348.9200134277344,354.1099853515625,351.6841125488281,696800,0.0,0.0
2024-05-17 00:00:00-04:00,354.9599914550781,356.1400146484375,349.0,355.6400146484375,353.20355224609375,434700,0.0,0.0
2024-05-20 00:00:00-04:00,355.6600036621094,355.6600036621094,341.6400146484375,342.760009765625,340.4118347167969,668100,0.0,0.0
2024-05-21 00:00:00-04:00,342.239990234375,343.20001220703125,336.0,337.010009765625,334.7012023925781,469700,0.0,0.0
2024-05-22 00:00:00-04:00,336.55999755859375,340.4200134277344,329.30999755859375,334.2900085449219,331.9998779296875,671300,0.0,0.0
2024-05-23 00:00:00-04:00,335.2900085449219,335.2900085449219,328.010009765625,328.5899963378906,326.3388977050781,460100,0.0,0.0
2024-05-24 00:00:00-04:00,327.45001220703125,332.1000061035156,326.0,331.6600036621094,329.38787841796875,385900,0.0,0.0
2024-05-28 00:00:00-04:00,331.9200134277344,333.45001220703125,326.1700134277344,327.4700012207031,325.2265930175781,531600,0.0,0.0
2024-05-29 00:00:00-04:00,324.8599853515625,326.1099853515625,322.0400085449219,322.8500061035156,320.6382141113281,465900,0.0,0.0
2024-05-30 00:00:00-04:00,320.989990234375,329.2699890136719,320.6499938964844,329.1199951171875,326.865234375,491400,0.0,0.0
2024-05-31 00:00:00-04:00,328.9599914550781,332.25,326.0299987792969,331.4100036621094,329.1395568847656,767700,0.0,0.0
2024-06-03 00:00:00-04:00,331.0400085449219,334.7200012207031,325.6700134277344,328.7300109863281,326.4779357910156,434800,0.0,0.0
2024-06-04 00:00:00-04:00,329.1700134277344,331.1099853515625,317.0,318.4200134277344,316.23858642578125,557400,0.0,0.0
2024-06-05 00:00:00-04:00,318.8800048828125,322.44000244140625,317.4800109863281,317.69000244140625,315.5135803222656,382200,0.0,0.0
2024-06-06 00:00:00-04:00,316.9100036621094,318.6000061035156,314.989990234375,315.20001220703125,313.0406799316406,340600,0.0,0.0
2024-06-07 00:00:00-04:00,313.30999755859375,317.5400085449219,312.04998779296875,314.67999267578125,312.524169921875,452000,0.0,0.0
2024-06-10 00:00:00-04:00,313.04998779296875,320.0,311.8399963378906,319.8599853515625,317.66864013671875,446500,0.0,0.0
2024-06-11 00:00:00-04:00,318.1400146484375,328.2200012207031,317.3399963378906,328.1700134277344,325.9218444824219,625900,0.0,0.0
2024-06-12 00:00:00-04:00,329.5299987792969,342.4200134277344,327.6300048828125,338.4200134277344,336.10162353515625,810100,0.0,0.0
2024-06-13 00:00:00-04:00,336.2799987792969,339.4200134277344,333.4100036621094,336.2900085449219,333.98614501953125,687800,0.0,0.0
2024-06-14 00:00:00-04:00,334.6600036621094,337.9100036621094,329.42999267578125,333.25,330.967041015625,374600,0.0,0.0
2024-06-17 00:00:00-04:00,332.7799987792969,339.3599853515625,330.3699951171875,336.0799865722656,333.777587890625,514700,0.0,0.0
2024-06-18 00:00:00-04:00,336.5199890136719,336.5400085449219,310.0,322.07000732421875,319.8635559082031,1095600,0.0,0.0
2024-06-20 00:00:00-04:00,321.32000732421875,331.17999267578125,319.4200134277344,328.6400146484375,326.3885803222656,1073700,0.0,0.0
2024-06-21 00:00:00-04:00,329.3699951171875,333.510009765625,323.8599853515625,332.760009765625,330.4803466796875,991200,0.0,0.0
2024-06-24 00:00:00-04:00,331.7699890136719,335.6600036621094,328.1300048828125,331.0,328.732421875,529500,0.0,0.0
2024-06-25 00:00:00-04:00,330.0,330.0,320.0,323.6000061035156,321.383056640625,516400,0.0,0.0
2024-06-26 00:00:00-04:00,322.510009765625,326.9700012207031,320.0199890136719,323.67999267578125,321.46258544921875,359400,0.0,0.0
2024-06-27 00:00:00-04:00,323.17999267578125,332.69000244140625,323.17999267578125,328.760009765625,326.5077209472656,517100,0.0,0.0
2024-06-28 00:00:00-04:00,330.0299987792969,334.2200012207031,326.0199890136719,329.3900146484375,327.1334228515625,1219800,0.0,0.0
2024-07-01 00:00:00-04:00,331.4599914550781,335.3399963378906,322.5299987792969,324.54998779296875,322.3265686035156,375200,0.0,0.0
2024-07-02 00:00:00-04:00,326.6099853515625,332.7900085449219,322.44000244140625,322.6000061035156,320.38995361328125,334500,0.0,0.0
2024-07-03 00:00:00-04:00,322.0899963378906,322.6600036621094,318.1300048828125,320.8999938964844,318.7015686035156,227200,0.0,0.0
2024-07-05 00:00:00-04:00,322.1600036621094,322.8299865722656,319.0799865722656,322.55999755859375,320.35028076171875,258800,0.0,0.0
2024-07-08 00:00:00-04:00,320.5299987792969,326.0799865722656,318.30999755859375,319.9800109863281,317.7879333496094,390900,0.0,0.0
2024-07-09 00:00:00-04:00,320.5899963378906,320.5899963378906,314.2099914550781,318.6300048828125,316.4471435546875,604800,0.0,0.0
2024-07-10 00:00:00-04:00,319.42999267578125,322.95001220703125,316.8599853515625,321.3500061035156,319.1485290527344,686200,0.0,0.0
2024-07-11 00:00:00-04:00,324.6600036621094,334.2300109863281,324.04998779296875,333.29998779296875,331.0166320800781,442700,0.0,0.0
2024-07-12 00:00:00-04:00,334.239990234375,334.239990234375,322.739990234375,322.9800109863281,320.7673645019531,631600,0.0,0.0
2024-07-15 00:00:00-04:00,323.1499938964844,328.260009765625,319.489990234375,320.1099853515625,317.9169921875,443700,0.0,0.0
2024-07-16 00:00:00-04:00,322.0,330.0199890136719,320.1600036621094,329.1099853515625,326.8553466796875,366700,0.0,0.0
2024-07-17 00:00:00-04:00,327.8699951171875,332.2300109863281,325.19000244140625,327.0400085449219,324.7995300292969,291500,0.0,0.0
2024-07-18 00:00:00-04:00,324.739990234375,330.6400146484375,316.25,316.3399963378906,314.1728515625,533800,0.0,0.0
2024-07-19 00:00:00-04:00,319.4800109863281,319.4800109863281,313.8999938964844,317.9200134277344,315.7420654296875,554600,0.0,0.0
2024-07-22 00:00:00-04:00,321.29998779296875,322.5,311.5899963378906,318.0199890136719,315.84130859375,984700,0.0,0.0
2024-07-23 00:00:00-04:00,322.0899963378906,323.0,312.2200012207031,316.17999267578125,314.0138854980469,770400,0.0,0.0
2024-07-24 00:00:00-04:00,317.7699890136719,325.010009765625,312.67999267578125,323.7699890136719,321.5519104003906,1040200,0.0,0.0
2024-07-25 00:00:00-04:00,282.3999938964844,295.19000244140625,265.0,277.1600036621094,275.2612609863281,3347400,0.0,0.0
2024-07-26 00:00:00-04:00,279.6300048828125,289.45001220703125,275.489990234375,284.760009765625,282.8092041015625,1190400,0.0,0.0
2024-07-29 00:00:00-04:00,286.4800109863281,293.1099853515625,283.5799865722656,288.1199951171875,286.14617919921875,775500,0.0,0.0
2024-07-30 00:00:00-04:00,287.69000244140625,299.8599853515625,286.7900085449219,299.510009765625,297.4581298828125,926300,0.0,0.0
2024-07-31 00:00:00-04:00,299.3999938964844,307.3999938964844,297.42999267578125,306.1700134277344,304.27569580078125,1193100,0.2,0.0
2024-08-01 00:00:00-04:00,304.1300048828125,309.04998779296875,297.4599914550781,302.30999755859375,300.4395446777344,794100,0.0,0.0
2024-08-02 00:00:00-04:00,299.30999755859375,301.2200012207031,291.9200134277344,300.2799987792969,298.4220886230469,457000,0.0,0.0
2024-08-05 00:00:00-04:00,296.5,303.7799987792969,293.4700012207031,301.6000061035156,299.7339782714844,981200,0.0,0.0
2024-08-06 00:00:00-04:00,304.1499938964844,310.4100036621094,301.80999755859375,304.4599914550781,302.5762939453125,711800,0.0,0.0
2024-08-07 00:00:00-04:00,304.20001220703125,304.3699951171875,293.3299865722656,293.7699890136719,291.9523620605469,557500,0.0,0.0
2024-08-08 00:00:00-04:00,297.8900146484375,299.3999938964844,291.1600036621094,293.0199890136719,291.2070617675781,731800,0.0,0.0
2024-08-09 00:00:00-04:00,292.42999267578125,294.3599853515625,283.17999267578125,287.8500061035156,286.06903076171875,886400,0.0,0.0
2024-08-12 00:00:00-04:00,287.8699951171875,290.8800048828125,285.32000732421875,290.55999755859375,288.7622375488281,409400,0.0,0.0
2024-08-13 00:00:00-04:00,291.1300048828125,295.94000244140625,291.1300048828125,295.4200134277344,293.5922546386719,436900,0.0,0.0
2024-08-14 00:00:00-04:00,295.0199890136719,295.42999267578125,290.25,292.2099914550781,290.402099609375,217400,0.0,0.0
2024-08-15 00:00:00-04:00,295.5,295.8800048828125,290.1300048828125,292.6000061035156,290.78961181640625,420900,0.0,0.0
2024-08-16 00:00:00-04:00,291.8800048828125,300.6300048828125,291.55999755859375,300.4100036621094,298.5513000488281,461500,0.0,0.0
2024-08-19 00:00:00-04:00,300.0,301.92999267578125,297.6099853515625,301.67999267578125,299.8134460449219,294800,0.0,0.0
2024-08-20 00:00:00-04:00,301.989990234375,302.95001220703125,298.75,299.1199951171875,297.2693176269531,315800,0.0,0.0
2024-08-21 00:00:00-04:00,301.05999755859375,304.80999755859375,300.3599853515625,304.30999755859375,302.4272155761719,195700,0.0,0.0
2024-08-22 00:00:00-04:00,306.8399963378906,306.8399963378906,297.32000732421875,300.5199890136719,298.6606140136719,343100,0.0,0.0
2024-08-23 00:00:00-04:00,302.4700012207031,305.1700134277344,300.489990234375,302.7799987792969,300.9066162109375,300300,0.0,0.0
2024-08-26 00:00:00-04:00,303.5199890136719,305.739990234375,300.8399963378906,303.489990234375,301.61224365234375,236200,0.0,0.0
2024-08-27 00:00:00-04:00,303.69000244140625,304.4599914550781,301.260009765625,302.6300048828125,300.75762939453125,267000,0.0,0.0
2024-08-28 00:00:00-04:00,302.2200012207031,302.2200012207031,295.2799987792969,297.6099853515625,295.76861572265625,337200,0.0,0.0
2024-08-29 00:00:00-04:00,299.8900146484375,315.9599914550781,299.8900146484375,314.7900085449219,312.8423767089844,582900,0.0,0.0
2024-08-30 00:00:00-04:00,316.2900085449219,319.760009765625,311.9700012207031,313.6300048828125,311.6895446777344,590500,0.0,0.0
2024-09-03 00:00:00-04:00,311.95001220703125,318.04998779296875,302.4100036621094,304.1499938964844,302.2681579589844,383300,0.0,0.0
2024-09-04 00:00:00-04:00,303.95001220703125,307.9100036621094,301.2699890136719,304.7200012207031,302.83465576171875,354100,0.0,0.0
2024-09-05 00:00:00-04:00,303.1499938964844,303.1499938964844,297.739990234375,300.29998779296875,298.44195556640625,288800,0.0,0.0
2024-09-06 00:00:00-04:00,298.510009765625,303.5299987792969,294.510009765625,297.239990234375,295.40093994140625,293100,0.0,0.0
2024-09-09 00:00:00-04:00,298.4100036621094,305.510009765625,293.260009765625,302.0299987792969,300.16131591796875,431500,0.0,0.0
2024-09-10 00:00:00-04:00,301.5400085449219,306.1099853515625,298.95001220703125,305.54998779296875,303.6595153808594,304800,0.0,0.0
2024-09-11 00:00:00-04:00,305.010009765625,305.489990234375,295.510009765625,302.3500061035156,300.47930908203125,283200,0.0,0.0
2024-09-12 00:00:00-04:00,301.5,302.1400146484375,296.1700134277344,297.4800109863281,295.63946533203125,364400,0.0,0.0
2024-09-13 00:00:00-04:00,298.1000061035156,301.739990234375,297.82000732421875,300.6700134277344,298.8097229003906,392800,0.0,0.0
2024-09-16 00:00:00-04:00,302.3699951171875,302.3800048828125,295.19000244140625,296.7799987792969,294.9437561035156,425400,0.0,0.0
2024-09-17 00:00:00-04:00,299.3999938964844,299.3999938964844,292.9200134277344,295.8599853515625,294.02947998046875,356500,0.0,0.0
2024-09-18 00:00:00-04:00,297.6099853515625,313.2900085449219,296.0,309.17999267578125,307.2670593261719,693100,0.0,0.0
2024-09-19 00:00:00-04:00,315.0899963378906,319.989990234375,310.7799987792969,311.20001220703125,309.2745666503906,371200,0.0,0.0
2024-09-20 00:00:00-04:00,309.8599853515625,311.8999938964844,306.2099914550781,308.1499938964844,306.24346923828125,732100,0.0,0.0
2024-09-23 00:00:00-04:00,307.57000732421875,309.9100036621094,305.2099914550781,306.7300109863281,304.83221435546875,354000,0.0,0.0
2024-09-24 00:00:00-04:00,308.5400085449219,309.8500061035156,304.8399963378906,309.7099914550781,307.7937316894531,326100,0.0,0.0
2024-09-25 00:00:00-04:00,310.2099914550781,310.9700012207031,302.3999938964844,303.3299865722656,301.4532165527344,412000,0.0,0.0
2024-09-26 00:00:00-04:00,307.0400085449219,308.2900085449219,304.4599914550781,307.1400146484375,305.23974609375,405600,0.0,0.0
2024-09-27 00:00:00-04:00,309.54998779296875,314.55999755859375,307.9200134277344,311.0,309.0758361816406,337400,0.0,0.0
2024-09-30 00:00:00-04:00,311.30999755859375,312.6499938964844,298.70001220703125,300.1600036621094,298.3028564453125,585100,0.0,0.0
2024-10-01 00:00:00-04:00,300.57000732421875,301.7699890136719,295.05999755859375,299.79998779296875,297.9450378417969,530600,0.0,0.0
2024-10-02 00:00:00-04:00,299.17999267578125,303.29998779296875,297.19000244140625,299.80999755859375,297.9550476074219,281800,0.0,0.0
2024-10-03 00:00:00-04:00,298.20001220703125,302.55999755859375,297.2699890136719,297.30999755859375,295.470458984375,321900,0.0,0.0
2024-10-04 00:00:00-04:00,300.07000732421875,301.17999267578125,295.6300048828125,296.5,294.6654968261719,187200,0.0,0.0
2024-10-07 00:00:00-04:00,295.489990234375,296.5199890136719,289.8500061035156,290.4200134277344,288.6231689453125,301800,0.0,0.0
2024-10-08 00:00:00-04:00,289.57000732421875,291.239990234375,286.42999267578125,286.4800109863281,284.7075500488281,474000,0.0,0.0
2024-10-09 00:00:00-04:00,287.3500061035156,287.3500061035156,281.0,286.5199890136719,284.7472839355469,1103200,0.0,0.0
2024-10-10 00:00:00-04:00,287.239990234375,291.0,286.2699890136719,290.07000732421875,288.2753601074219,490200,0.0,0.0
2024-10-11 00:00:00-04:00,288.2799987792969,296.7900085449219,285.92999267578125,294.9100036621094,293.0853576660156,1447600,0.0,0.0
2024-10-14 00:00:00-04:00,296.0,299.7699890136719,292.79998779296875,295.3500061035156,293.52264404296875,956800,0.0,0.0
2024-10-15 00:00:00-04:00,295.0,297.92999267578125,290.0,291.0400085449219,289.23931884765625,925300,0.0,0.0
2024-10-16 00:00:00-04:00,291.82000732421875,291.82000732421875,285.6300048828125,288.989990234375,287.2019958496094,784000,0.0,0.0
2024-10-17 00:00:00-04:00,292.7300109863281,292.8299865722656,286.1600036621094,288.6600036621094,286.8739929199219,939600,0.0,0.0
2024-10-18 00:00:00-04:00,291.989990234375,294.07000732421875,287.17999267578125,293.32000732421875,291.5052185058594,640100,0.0,0.0
2024-10-21 00:00:00-04:00,291.0899963378906,292.4599914550781,287.07000732421875,287.25,285.47271728515625,301500,0.0,0.0
2024-10-22 00:00:00-04:00,285.4599914550781,287.04998779296875,282.6000061035156,286.3999938964844,284.6280212402344,588900,0.0,0.0
2024-10-23 00:00:00-04:00,285.6499938964844,288.5,283.3599853515625,286.44000244140625,284.66778564453125,671100,0.0,0.0
2024-10-24 00:00:00-04:00,327.5,352.3299865722656,325.0,330.6499938964844,328.6042175292969,2183500,0.0,0.0
2024-10-25 00:00:00-04:00,328.0,330.6400146484375,305.69000244140625,307.9200134277344,306.01483154296875,1538000,0.0,0.0
2024-10-28 00:00:00-04:00,309.7200012207031,312.8800048828125,304.82000732421875,310.4100036621094,308.48944091796875,801500,0.0,0.0
2024-10-29 00:00:00-04:00,310.3999938964844,318.5400085449219,308.8800048828125,318.4100036621094,316.4399108886719,1043300,0.0,0.0
2024-10-30 00:00:00-04:00,315.8800048828125,318.67999267578125,311.4200134277344,313.0199890136719,311.0833435058594,672100,0.0,0.0
2024-10-31 00:00:00-04:00,312.94000244140625,319.54998779296875,307.8900146484375,307.92999267578125,306.0247497558594,966400,0.0,0.0
2024-11-01 00:00:00-04:00,308.9200134277344,316.7699890136719,308.9200134277344,316.5,314.541748046875,623700,0.0,0.0
2024-11-04 00:00:00-05:00,317.489990234375,321.32000732421875,313.4599914550781,314.7699890136719,312.8224182128906,496500,0.0,0.0
2024-11-05 00:00:00-05:00,313.5,331.82000732421875,313.5,323.4700012207031,321.4686584472656,633900,0.0,0.0
2024-11-06 00:00:00-05:00,330.4100036621094,331.8800048828125,320.44000244140625,329.3800048828125,327.34210205078125,740600,0.0,0.0
2024-11-07 00:00:00-05:00,331.3299865722656,331.54998779296875,322.42999267578125,323.4200134277344,321.4189758300781,458900,0.0,0.0
2024-11-08 00:00:00-05:00,322.29998779296875,326.9100036621094,320.82000732421875,324.1000061035156,322.0947570800781,600800,0.0,0.0
2024-11-11 00:00:00-05:00,327.29998779296875,335.5799865722656,325.8500061035156,327.57000732421875,325.5433044433594,632100,0.0,0.0
2024-11-12 00:00:00-05:00,325.3999938964844,329.760009765625,324.6099853515625,327.67999267578125,325.652587890625,414600,0.0,0.0
2024-11-13 00:00:00-05:00,328.94000244140625,347.5299987792969,327.07000732421875,344.0,342.0908203125,970400,0.21,0.0
2024-11-14 00:00:00-05:00,341.32000732421875,342.3299865722656,336.94000244140625,338.1199951171875,336.2434997558594,572300,0.0,0.0
2024-11-15 00:00:00-05:00,337.8900146484375,337.8900146484375,313.1499938964844,314.489990234375,312.74462890625,1087300,0.0,0.0
2024-11-18 00:00:00-05:00,312.9200134277344,314.04998779296875,305.3599853515625,307.2099914550781,305.5050354003906,592100,0.0,0.0
2024-11-19 00:00:00-05:00,304.4700012207031,311.5899963378906,300.3599853515625,304.1000061035156,302.41229248046875,745400,0.0,0.0
2024-11-20 00:00:00-05:00,302.1000061035156,312.5799865722656,299.3599853515625,311.6600036621094,309.93035888671875,437700,0.0,0.0
2024-11-21 00:00:00-05:00,313.1199951171875,321.1700134277344,308.4599914550781,320.8800048828125,319.0992126464844,431400,0.0,0.0
2024-11-22 00:00:00-05:00,319.5299987792969,325.0,316.010009765625,316.5899963378906,314.8329772949219,557200,0.0,0.0
2024-11-25 00:00:00-05:00,321.94000244140625,323.3299865722656,318.8699951171875,319.7900085449219,318.01519775390625,738900,0.0,0.0
2024-11-26 00:00:00-05:00,320.260009765625,320.5,315.1700134277344,319.3500061035156,317.57763671875,315700,0.0,0.0
2024-11-27 00:00:00-05:00,321.0,324.510009765625,318.739990234375,323.32000732421875,321.525634765625,391600,0.0,0.0
2024-11-29 00:00:00-05:00,323.6199951171875,326.5799865722656,322.7799987792969,325.67999267578125,323.87255859375,305800,0.0,0.0
2024-12-02 00:00:00-05:00,323.3599853515625,326.260009765625,321.2799987792969,322.6499938964844,320.8593444824219,400500,0.0,0.0
2024-12-03 00:00:00-05:00,320.6000061035156,324.2699890136719,316.20001220703125,321.8900146484375,320.10357666015625,334600,0.0,0.0
2024-12-04 00:00:00-05:00,320.04998779296875,323.2300109863281,316.5,321.0799865722656,319.2980041503906,350200,0.0,0.0
2024-12-05 00:00:00-05:00,319.25,321.4200134277344,313.9200134277344,318.20001220703125,316.43408203125,287000,0.0,0.0
2024-12-06 00:00:00-05:00,320.9200134277344,325.0,319.239990234375,322.489990234375,320.7002258300781,223900,0.0,0.0
2024-12-09 00:00:00-05:00,323.8800048828125,327.4700012207031,319.2300109863281,322.1600036621094,320.3720703125,315800,0.0,0.0
2024-12-10 00:00:00-05:00,323.79998779296875,323.79998779296875,317.4599914550781,319.2699890136719,317.49810791015625,395900,0.0,0.0
2024-12-11 00:00:00-05:00,321.17999267578125,324.55999755859375,317.4599914550781,318.2200012207031,316.45391845703125,399100,0.0,0.0
2024-12-12 00:00:00-05:00,320.8999938964844,333.2799987792969,320.8999938964844,331.6199951171875,329.779541015625,437900,0.0,0.0
2024-12-13 00:00:00-05:00,329.67999267578125,330.25,324.2300109863281,330.04998779296875,328.2182922363281,515900,0.0,0.0
2024-12-16 00:00:00-05:00,330.94000244140625,338.0,329.6600036621094,330.57000732421875,328.7353820800781,515000,0.0,0.0
2024-12-17 00:00:00-05:00,328.29998779296875,337.2099914550781,328.29998779296875,334.260009765625,332.4049072265625,596400,0.0,0.0
2024-12-18 00:00:00-05:00,333.0299987792969,336.7900085449219,325.0400085449219,325.32000732421875,323.5144958496094,544700,0.0,0.0
2024-12-19 00:00:00-05:00,325.1099853515625,329.70001220703125,319.739990234375,327.010009765625,325.1951904296875,529200,0.0,0.0
2024-12-20 00:00:00-05:00,327.05999755859375,335.5299987792969,326.3299865722656,331.3999938964844,329.560791015625,2444400,0.0,0.0
2024-12-23 00:00:00-05:00,330.0799865722656,330.67999267578125,325.3299865722656,329.57000732421875,327.7409362792969,374200,0.0,0.0
2024-12-24 00:00:00-05:00,330.239990234375,332.7699890136719,328.1199951171875,332.7699890136719,330.92315673828125,203600,0.0,0.0
2024-12-26 00:00:00-05:00,331.6099853515625,333.7200012207031,330.7699890136719,333.42999267578125,331.57952880859375,270800,0.0,0.0
2024-12-27 00:00:00-05:00,330.3299865722656,334.3299865722656,330.3299865722656,333.2200012207031,331.3706970214844,397800,0.0,0.0
2024-12-30 00:00:00-05:00,330.2200012207031,330.9700012207031,327.04998779296875,328.82000732421875,326.9951171875,485600,0.0,0.0
2024-12-31 00:00:00-05:00,331.0,331.6600036621094,326.2799987792969,327.55999755859375,325.7420654296875,301200,0.0,0.0
2025-01-02 00:00:00-05:00,329.70001220703125,332.5400085449219,326.7900085449219,328.3900146484375,326.5675048828125,443600,0.0,0.0
2025-01-03 00:00:00-05:00,328.739990234375,339.510009765625,327.1499938964844,335.55999755859375,333.6977233886719,389300,0.0,0.0
2025-01-06 00:00:00-05:00,334.4800109863281,340.1000061035156,330.1099853515625,332.7200012207031,330.8734436035156,550100,0.0,0.0
2025-01-07 00:00:00-05:00,334.44000244140625,339.69000244140625,330.739990234375,332.5299987792969,330.68450927734375,404400,0.0,0.0
2025-01-08 00:00:00-05:00,333.5299987792969,337.3399963378906,326.7699890136719,336.9100036621094,335.04022216796875,394700,0.0,0.0
2025-01-10 00:00:00-05:00,333.2200012207031,335.80999755859375,331.55999755859375,331.7300109863281,329.8890380859375,474600,0.0,0.0
2025-01-13 00:00:00-05:00,331.7300109863281,340.42999267578125,331.7300109863281,339.6000061035156,337.71527099609375,602800,0.0,0.0
2025-01-14 00:00:00-05:00,340.1099853515625,341.8399963378906,325.04998779296875,328.9599914550781,327.13433837890625,445200,0.0,0.0
2025-01-15 00:00:00-05:00,332.17999267578125,332.54998779296875,321.4599914550781,329.010009765625,327.1840515136719,447200,0.0,0.0
2025-01-16 00:00:00-05:00,328.3800048828125,338.2699890136719,324.6300048828125,337.20001220703125,335.3286437988281,384900,0.0,0.0
2025-01-17 00:00:00-05:00,340.0,340.9700012207031,335.1499938964844,336.3399963378906,334.4733581542969,610300,0.0,0.0
2025-01-21 00:00:00-05:00,340.54998779296875,345.2900085449219,336.75,344.69000244140625,342.7770690917969,388300,0.0,0.0
2025-01-22 00:00:00-05:00,341.9800109863281,347.8900146484375,340.95001220703125,347.8699951171875,345.9394226074219,422700,0.0,0.0
2025-01-23 00:00:00-05:00,347.8800048828125,347.8800048828125,334.4800109863281,343.989990234375,342.0809326171875,397600,0.0,0.0
2025-01-24 00:00:00-05:00,343.8999938964844,348.4800109863281,341.82000732421875,345.0,343.08526611328125,271400,0.0,0.0
2025-01-27 00:00:00-05:00,345.3500061035156,346.4599914550781,342.3999938964844,345.07000732421875,343.1549377441406,355700,0.0,0.0
2025-01-28 00:00:00-05:00,348.8999938964844,348.8999938964844,342.67999267578125,343.2900085449219,341.38482666015625,293700,0.0,0.0
2025-01-29 00:00:00-05:00,341.5400085449219,342.0,335.6199951171875,339.57000732421875,337.6854553222656,410900,0.0,0.0
2025-01-30 00:00:00-05:00,342.8800048828125,347.8500061035156,341.8900146484375,343.9100036621094,342.0013732910156,400300,0.0,0.0
2025-01-31 00:00:00-05:00,343.1099853515625,347.1400146484375,341.0899963378906,341.54998779296875,339.65447998046875,568800,0.0,0.0
2025-02-03 00:00:00-05:00,340.4800109863281,342.54998779296875,335.5799865722656,337.0299987792969,335.1595153808594,609300,0.0,0.0
2025-02-04 00:00:00-05:00,334.0,338.6000061035156,327.0799865722656,331.0400085449219,329.2027587890625,592500,0.0,0.0
2025-02-05 00:00:00-05:00,333.6600036621094,335.6400146484375,327.739990234375,335.1400146484375,333.2800598144531,415500,0.0,0.0
2025-02-06 00:00:00-05:00,335.20001220703125,335.20001220703125,327.20001220703125,330.4700012207031,328.6359558105469,404700,0.0,0.0
2025-02-07 00:00:00-05:00,331.4599914550781,332.4700012207031,320.7699890136719,321.54998779296875,319.9687805175781,341200,0.21,0.0
2025-02-10 00:00:00-05:00,321.989990234375,324.69000244140625,317.5899963378906,324.1300048828125,322.5361328125,583300,0.0,0.0
2025-02-11 00:00:00-05:00,321.42999267578125,325.20001220703125,320.29998779296875,322.3999938964844,320.8146057128906,375800,0.0,0.0
2025-02-12 00:00:00-05:00,318.6000061035156,324.3299865722656,315.760009765625,322.2799987792969,320.6951599121094,788000,0.0,0.0
2025-02-13 00:00:00-05:00,243.83999633789062,249.41000366210938,197.00999450683594,199.11000061035156,198.13087463378906,5219500,0.0,0.0
2025-02-14 00:00:00-05:00,202.6699981689453,223.44000244140625,201.86000061035156,214.72999572753906,213.67405700683594,5027300,0.0,0.0
2025-02-18 00:00:00-05:00,216.0,216.97999572753906,206.1199951171875,211.0,209.96241760253906,2075400,0.0,0.0
2025-02-19 00:00:00-05:00,211.0,212.0,201.4499969482422,202.49000549316406,201.49423217773438,2881000,0.0,0.0
2025-02-20 00:00:00-05:00,202.0,208.1999969482422,201.25,203.64999389648438,202.64854431152344,1801300,0.0,0.0
2025-02-21 00:00:00-05:00,204.8699951171875,212.97999572753906,204.3699951171875,210.91000366210938,209.8728485107422,1882000,0.0,0.0
2025-02-24 00:00:00-05:00,209.49000549316406,221.4600067138672,209.49000549316406,221.07000732421875,219.98287963867188,1749800,0.0,0.0
2025-02-25 00:00:00-05:00,219.2899932861328,223.7899932861328,218.8000030517578,220.14999389648438,219.06741333007812,1074400,0.0,0.0
2025-02-26 00:00:00-05:00,220.49000549316406,220.61000061035156,215.6699981689453,219.72999572753906,218.6494903564453,883100,0.0,0.0
2025-02-27 00:00:00-05:00,220.55999755859375,223.3000030517578,216.75,222.55999755859375,221.46554565429688,1052000,0.0,0.0
2025-02-28 00:00:00-05:00,223.67999267578125,233.1199951171875,223.3699951171875,232.33999633789062,231.1974639892578,1857900,0.0,0.0
2025-03-03 00:00:00-05:00,231.83999633789062,234.30999755859375,223.6699981689453,228.0500030517578,226.92857360839844,1144700,0.0,0.0
2025-03-04 00:00:00-05:00,226.6300048828125,229.02999877929688,221.80999755859375,225.55999755859375,224.45079040527344,820100,0.0,0.0
2025-03-05 00:00:00-05:00,225.55999755859375,232.86000061035156,225.55999755859375,230.5500030517578,229.41627502441406,729000,0.0,0.0
2025-03-06 00:00:00-05:00,229.25,236.1199951171875,228.63999938964844,232.75999450683594,231.61538696289062,967100,0.0,0.0
2025-03-07 00:00:00-05:00,231.75,236.7100067138672,229.05999755859375,231.47000122070312,230.3317413330078,892200,0.0,0.0
2025-03-10 00:00:00-04:00,229.02999877929688,231.0,222.25999450683594,226.0399932861328,224.92845153808594,1142300,0.0,0.0
2025-03-11 00:00:00-04:00,227.92999267578125,234.36000061035156,226.89999389648438,230.77000427246094,229.6351776123047,1264900,0.0,0.0
2025-03-12 00:00:00-04:00,230.36000061035156,230.74000549316406,221.94000244140625,224.22999572753906,223.12733459472656,949200,0.0,0.0
2025-03-13 00:00:00-04:00,224.02999877929688,227.07000732421875,220.52999877929688,223.72999572753906,222.6298065185547,1074100,0.0,0.0
2025-03-14 00:00:00-04:00,225.75,231.6699981689453,225.02000427246094,230.11000061035156,228.9784393310547,1027100,0.0,0.0
2025-03-17 00:00:00-04:00,231.1999969482422,234.39999389648438,229.8699951171875,231.4600067138672,230.32180786132812,935500,0.0,0.0
2025-03-18 00:00:00-04:00,231.80999755859375,234.52999877929688,228.88999938964844,234.47000122070312,233.31700134277344,575000,0.0,0.0
2025-03-19 00:00:00-04:00,234.47000122070312,235.75999450683594,228.83999633789062,230.38999938964844,229.25704956054688,818300,0.0,0.0
2025-03-20 00:00:00-04:00,229.0500030517578,230.7100067138672,225.75999450683594,227.50999450683594,226.3912353515625,830500,0.0,0.0
2025-03-21 00:00:00-04:00,228.0,230.66000366210938,225.44000244140625,228.67999267578125,227.5554656982422,2640900,0.0,0.0
2025-03-24 00:00:00-04:00,230.2899932861328,234.02000427246094,230.2899932861328,231.89999389648438,230.75962829589844,654600,0.0,0.0
2025-03-25 00:00:00-04:00,231.0500030517578,232.50999450683594,224.27999877929688,225.8000030517578,224.68963623046875,878000,0.0,0.0
2025-03-26 00:00:00-04:00,226.10000610351562,226.8300018310547,222.72999572753906,224.91000366210938,223.8040008544922,704500,0.0,0.0
2025-03-27 00:00:00-04:00,225.32000732421875,227.57000732421875,223.02000427246094,226.05999755859375,224.94834899902344,562100,0.0,0.0
2025-03-28 00:00:00-04:00,224.52000427246094,224.75,219.75999450683594,222.1999969482422,221.10733032226562,496800,0.0,0.0
2025-03-31 00:00:00-04:00,221.6699981689453,225.58999633789062,217.41000366210938,223.8800048828125,222.779052734375,680900,0.0,0.0
2025-04-01 00:00:00-04:00,224.5399932861328,224.5399932861328,218.58999633789062,220.16000366210938,219.07737731933594,527400,0.0,0.0
2025-04-02 00:00:00-04:00,218.1699981689453,224.02000427246094,216.6300048828125,221.5,220.41079711914062,979200,0.0,0.0
2025-04-03 00:00:00-04:00,218.97999572753906,221.3699951171875,215.7899932861328,219.97000122070312,218.88829040527344,857600,0.0,0.0
2025-04-04 00:00:00-04:00,218.52999877929688,218.52999877929688,202.86000061035156,203.2100067138672,202.21070861816406,988300,0.0,0.0
2025-04-07 00:00:00-04:00,200.92999267578125,210.88999938964844,195.0,201.47000122070312,200.47926330566406,1535000,0.0,0.0
2025-04-08 00:00:00-04:00,205.3699951171875,206.2100067138672,188.35000610351562,190.38999938964844,189.45375061035156,909300,0.0,0.0
2025-04-09 00:00:00-04:00,189.66000366210938,206.80999755859375,187.42999267578125,203.52999877929688,202.5291290283203,1291100,0.0,0.0
2025-04-10 00:00:00-04:00,202.50999450683594,206.88999938964844,195.0399932861328,203.75,202.748046875,1264500,0.0,0.0
2025-04-11 00:00:00-04:00,206.0800018310547,211.5,200.6999969482422,210.6999969482422,209.6638946533203,805000,0.0,0.0
2025-04-14 00:00:00-04:00,213.5800018310547,213.5800018310547,208.8699951171875,212.6699981689453,211.62420654296875,660100,0.0,0.0
2025-04-15 00:00:00-04:00,211.3699951171875,213.61000061035156,209.82000732421875,212.5,211.4550323486328,592400,0.0,0.0
2025-04-16 00:00:00-04:00,212.08999633789062,214.6199951171875,207.52000427246094,209.1300048828125,208.10162353515625,954800,0.0,0.0
2025-04-17 00:00:00-04:00,206.92999267578125,206.92999267578125,193.0500030517578,201.89999389648438,200.9071502685547,1684600,0.0,0.0
2025-04-21 00:00:00-04:00,205.0,206.30999755859375,200.35000610351562,205.8800048828125,204.86758422851562,898800,0.0,0.0
2025-04-22 00:00:00-04:00,208.05999755859375,216.97999572753906,207.25,215.1300048828125,214.07208251953125,1588800,0.0,0.0
2025-04-23 00:00:00-04:00,217.6300048828125,223.08999633789062,213.75999450683594,218.17999267578125,217.10708618164062,1610000,0.0,0.0
2025-04-24 00:00:00-04:00,218.11000061035156,219.27000427246094,199.88999938964844,210.58999633789062,209.55442810058594,2545600,0.0,0.0
2025-04-25 00:00:00-04:00,214.6999969482422,214.75999450683594,209.3800048828125,214.5500030517578,213.4949493408203,905900,0.0,0.0
2025-04-28 00:00:00-04:00,213.77000427246094,218.88999938964844,212.4499969482422,216.1199951171875,215.05722045898438,778800,0.0,0.0
2025-04-29 00:00:00-04:00,216.05999755859375,217.58999633789062,213.25999450683594,213.4600067138672,212.41030883789062,649200,0.0,0.0
2025-04-30 00:00:00-04:00,211.7899932861328,212.47999572753906,207.89999389648438,211.2899932861328,210.4580078125,1611400,0.21,0.0
2025-05-01 00:00:00-04:00,211.44000244140625,212.22999572753906,206.1300048828125,210.25999450683594,209.4320831298828,611000,0.0,0.0
2025-05-02 00:00:00-04:00,214.36000061035156,215.0500030517578,209.24000549316406,211.2899932861328,210.4580078125,661700,0.0,0.0
2025-05-05 00:00:00-04:00,210.80999755859375,213.33999633789062,209.80999755859375,210.97999572753906,210.14923095703125,439800,0.0,0.0
2025-05-06 00:00:00-04:00,210.24000549316406,210.85000610351562,204.7899932861328,205.36000061035156,204.5513458251953,672900,0.0,0.0
2025-05-07 00:00:00-04:00,207.67999267578125,214.14999389648438,207.05999755859375,213.14999389648438,212.31068420410156,938900,0.0,0.0
2025-05-08 00:00:00-04:00,214.89999389648438,221.4199981689453,213.82000732421875,214.74000549316406,213.8944549560547,672700,0.0,0.0
2025-05-09 00:00:00-04:00,215.33999633789062,215.66000366210938,212.8699951171875,213.05999755859375,212.22105407714844,563300,0.0,0.0
2025-05-12 00:00:00-04:00,218.25,220.94000244140625,214.6699981689453,219.4600067138672,218.59585571289062,666000,0.0,0.0
2025-05-13 00:00:00-04:00,218.72999572753906,219.86000061035156,215.60000610351562,215.8699951171875,215.01998901367188,430000,0.0,0.0
2025-05-14 00:00:00-04:00,216.49000549316406,216.49000549316406,206.38999938964844,206.69000244140625,205.87615966796875,660800,0.0,0.0
2025-05-15 00:00:00-04:00,206.86000061035156,212.25999450683594,202.7899932861328,210.67999267578125,209.8504180908203,674900,0.0,0.0
2025-05-16 00:00:00-04:00,211.5,216.67999267578125,208.67999267578125,216.63999938964844,215.78695678710938,620300,0.0,0.0
2025-05-19 00:00:00-04:00,215.0,217.80999755859375,213.5500030517578,217.22000122070312,216.3646697998047,535600,0.0,0.0
2025-05-20 00:00:00-04:00,217.22000122070312,217.36000061035156,213.4499969482422,215.42999267578125,214.58172607421875,445000,0.0,0.0
2025-05-21 00:00:00-04:00,214.6699981689453,217.9499969482422,208.63999938964844,208.9499969482422,208.12721252441406,408600,0.0,0.0
2025-05-22 00:00:00-04:00,207.35000610351562,209.25999450683594,206.25999450683594,208.49000549316406,207.66905212402344,447800,0.0,0.0
2025-05-23 00:00:00-04:00,206.64999389648438,207.0,203.74000549316406,205.58999633789062,204.78048706054688,606100,0.0,0.0
2025-05-27 00:00:00-04:00,209.63999938964844,211.1999969482422,207.86000061035156,211.02000427246094,210.18907165527344,559900,0.0,0.0
2025-05-28 00:00:00-04:00,211.61000061035156,213.41000366210938,210.3000030517578,211.38999938964844,210.5576171875,424200,0.0,0.0
2025-05-29 00:00:00-04:00,213.25999450683594,213.83999633789062,209.86000061035156,210.4600067138672,209.63128662109375,582600,0.0,0.0
2025-05-30 00:00:00-04:00,210.17999267578125,211.22999572753906,206.10000610351562,210.85000610351562,210.019775390625,879600,0.0,0.0
2025-06-02 00:00:00-04:00,207.91000366210938,210.66000366210938,206.47999572753906,209.38999938964844,208.5655059814453,440600,0.0,0.0
2025-06-03 00:00:00-04:00,209.38999938964844,212.35000610351562,206.19000244140625,210.63999938964844,209.8105926513672,451600,0.0,0.0
2025-06-04 00:00:00-04:00,211.4499969482422,213.74000549316406,210.74000549316406,211.42999267578125,210.59747314453125,548200,0.0,0.0
2025-06-05 00:00:00-04:00,211.5,221.0,209.32000732421875,218.5800018310547,217.71934509277344,773300,0.0,0.0
2025-06-06 00:00:00-04:00,218.3000030517578,225.2100067138672,218.3000030517578,224.69000244140625,223.80526733398438,976100,0.0,0.0
2025-06-09 00:00:00-04:00,225.63999938964844,225.77000427246094,222.3000030517578,223.77000427246094,222.88890075683594,849600,0.0,0.0
2025-06-10 00:00:00-04:00,226.72000122070312,230.27000427246094,224.0,227.6999969482422,226.80340576171875,757300,0.0,0.0
2025-06-11 00:00:00-04:00,227.55999755859375,229.8000030517578,221.02000427246094,224.00999450683594,223.1279296875,844600,0.0,0.0
2025-06-12 00:00:00-04:00,223.00999450683594,226.5500030517578,222.32000732421875,224.91000366210938,224.02439880371094,396900,0.0,0.0
2025-06-13 00:00:00-04:00,223.5,226.25,221.6999969482422,221.91000366210938,221.0362091064453,447500,0.0,0.0
2025-06-16 00:00:00-04:00,221.64999389648438,225.44000244140625,219.6199951171875,224.3000030517578,223.4167938232422,545400,0.0,0.0
2025-06-17 00:00:00-04:00,222.30999755859375,223.88999938964844,217.67999267578125,218.05999755859375,217.2013702392578,444400,0.0,0.0
2025-06-18 00:00:00-04:00,217.88999938964844,220.66000366210938,216.3000030517578,217.9499969482422,217.091796875,598300,0.0,0.0
2025-06-20 00:00:00-04:00,218.4199981689453,219.91000366210938,215.2899932861328,215.82000732421875,214.97019958496094,858000,0.0,0.0
2025-06-23 00:00:00-04:00,214.30999755859375,218.16000366210938,213.50999450683594,216.6999969482422,215.84671020507812,437600,0.0,0.0
2025-06-24 00:00:00-04:00,218.5399932861328,223.44000244140625,217.33999633789062,222.67999267578125,221.80316162109375,575900,0.0,0.0
2025-06-25 00:00:00-04:00,223.07000732421875,223.77000427246094,219.99000549316406,221.02000427246094,220.1497039794922,627200,0.0,0.0
2025-06-26 00:00:00-04:00,220.47999572753906,222.55999755859375,218.82000732421875,219.0,218.13766479492188,657800,0.0,0.0
2025-06-27 00:00:00-04:00,218.9499969482422,220.07000732421875,215.6699981689453,218.8699951171875,218.00816345214844,1929300,0.0,0.0
2025-06-30 00:00:00-04:00,219.6199951171875,221.74000549316406,216.3000030517578,218.8000030517578,217.93844604492188,666700,0.0,0.0
2025-07-01 00:00:00-04:00,218.8000030517578,226.8000030517578,216.3000030517578,222.4199981689453,221.54421997070312,669100,0.0,0.0
2025-07-02 00:00:00-04:00,223.0,224.14999389648438,218.77999877929688,221.22000122070312,220.3489227294922,501300,0.0,0.0
2025-07-03 00:00:00-04:00,222.14999389648438,224.41000366210938,220.33999633789062,222.25999450683594,221.3848114013672,370800,0.0,0.0
2025-07-07 00:00:00-04:00,222.47000122070312,225.4600067138672,219.99000549316406,221.47999572753906,220.60789489746094,400400,0.0,0.0
2025-07-08 00:00:00-04:00,222.0,222.61000061035156,219.60000610351562,220.47999572753906,219.61183166503906,645400,0.0,0.0
2025-07-09 00:00:00-04:00,220.16000366210938,226.63999938964844,220.16000366210938,226.17999267578125,225.2893829345703,634500,0.0,0.0
2025-07-10 00:00:00-04:00,226.13999938964844,233.83999633789062,225.9600067138672,229.22999572753906,228.32737731933594,669900,0.0,0.0
2025-07-11 00:00:00-04:00,228.5800018310547,228.5800018310547,225.4199981689453,227.17999267578125,226.2854461669922,465400,0.0,0.0
2025-07-14 00:00:00-04:00,225.57000732421875,226.60000610351562,221.50999450683594,224.49000549316406,223.60606384277344,341000,0.0,0.0
2025-07-15 00:00:00-04:00,225.92999267578125,226.5,220.4199981689453,221.0500030517578,220.1796112060547,517500,0.0,0.0
2025-07-16 00:00:00-04:00,222.3800048828125,224.72999572753906,219.4600067138672,224.3800048828125,223.49649047851562,365700,0.0,0.0
2025-07-17 00:00:00-04:00,224.5399932861328,226.02999877929688,221.39999389648438,221.58999633789062,220.7174530029297,532400,0.0,0.0
2025-07-18 00:00:00-04:00,222.69000244140625,222.69000244140625,206.8000030517578,210.88999938964844,210.05960083007812,1473800,0.0,0.0
2025-07-21 00:00:00-04:00,210.82000732421875,213.44000244140625,208.7100067138672,210.0800018310547,209.2528076171875,688500,0.0,0.0
2025-07-22 00:00:00-04:00,211.5,218.89999389648438,211.10000610351562,218.89999389648438,218.0380401611328,786000,0.0,0.0
2025-07-23 00:00:00-04:00,221.60000610351562,230.0,221.5,227.30999755859375,226.41494750976562,1126700,0.0,0.0
2025-07-24 00:00:00-04:00,281.8599853515625,291.0,270.5899963378906,279.1000061035156,278.00103759765625,2764800,0.0,0.0
2025-07-25 00:00:00-04:00,279.1000061035156,279.6300048828125,261.0,263.510009765625,262.472412109375,1493200,0.0,0.0
2025-07-28 00:00:00-04:00,261.0299987792969,262.3299865722656,256.6700134277344,257.760009765625,256.74505615234375,1333000,0.0,0.0
2025-07-29 00:00:00-04:00,256.2300109863281,258.1499938964844,251.47000122070312,252.94000244140625,251.9440155029297,953300,0.0,0.0
2025-07-30 00:00:00-04:00,253.07000732421875,254.0399932861328,248.10000610351562,249.2100067138672,248.43496704101562,648600,0.21,0.0
2025-07-31 00:00:00-04:00,246.47000122070312,247.39999389648438,237.66000366210938,239.25999450683594,238.5159149169922,985700,0.0,0.0
2025-08-01 00:00:00-04:00,239.25999450683594,241.02000427246094,234.92999267578125,239.25999450683594,238.5159149169922,644200,0.0,0.0
2025-08-04 00:00:00-04:00,238.5800018310547,239.50999450683594,236.89999389648438,238.38999938964844,237.64862060546875,505700,0.0,0.0
2025-08-05 00:00:00-04:00,239.1699981689453,241.13999938964844,237.05999755859375,238.86000061035156,238.11715698242188,788900,0.0,0.0
2025-08-06 00:00:00-04:00,237.08999633789062,239.4199981689453,233.6699981689453,237.27999877929688,236.5420684814453,534600,0.0,0.0
2025-08-07 00:00:00-04:00,245.00999450683594,250.3800048828125,238.86000061035156,240.5399932861328,239.7919158935547,791200,0.0,0.0
2025-08-08 00:00:00-04:00,238.17999267578125,241.9600067138672,237.92999267578125,240.97999572753906,240.23057556152344,445200,0.0,0.0
2025-08-11 00:00:00-04:00,241.13999938964844,244.36000061035156,239.82000732421875,240.3300018310547,239.58258056640625,390600,0.0,0.0
2025-08-12 00:00:00-04:00,238.49000549316406,241.94000244140625,237.17999267578125,239.89999389648438,239.15391540527344,364500,0.0,0.0
2025-08-13 00:00:00-04:00,240.7100067138672,246.6300048828125,239.25,246.22000122070312,245.4542694091797,445500,0.0,0.0
2025-08-14 00:00:00-04:00,246.9600067138672,247.22999572753906,244.0,246.1999969482422,245.434326171875,365800,0.0,0.0
2025-08-15 00:00:00-04:00,247.75999450683594,250.17999267578125,245.02999877929688,246.1999969482422,245.434326171875,781000,0.0,0.0
2025-08-18 00:00:00-04:00,246.19000244140625,246.19000244140625,243.05999755859375,243.08999633789062,242.333984375,564200,0.0,0.0
2025-08-19 00:00:00-04:00,244.3800048828125,250.2100067138672,243.55999755859375,246.99000549316406,246.2218780517578,648700,0.0,0.0
2025-08-20 00:00:00-04:00,247.00999450683594,249.5500030517578,245.1699981689453,246.3800048828125,245.61378479003906,604800,0.0,0.0
2025-08-21 00:00:00-04:00,245.02999877929688,245.02999877929688,241.5,242.6300048828125,241.8754425048828,351700,0.0,0.0
2025-08-22 00:00:00-04:00,244.77000427246094,248.41000366210938,242.72000122070312,247.85000610351562,247.07919311523438,503600,0.0,0.0
2025-08-25 00:00:00-04:00,248.60000610351562,249.6300048828125,245.52999877929688,247.2100067138672,246.4412078857422,435300,0.0,0.0
2025-08-26 00:00:00-04:00,246.74000549316406,247.0500030517578,243.3000030517578,244.5,243.73960876464844,492600,0.0,0.0
2025-08-27 00:00:00-04:00,244.02999877929688,246.9499969482422,244.02999877929688,245.97000122070312,245.20504760742188,292300,0.0,0.0
2025-08-28 00:00:00-04:00,245.1199951171875,248.66000366210938,242.60000610351562,245.4499969482422,244.68666076660156,784100,0.0,0.0
2025-08-29 00:00:00-04:00,246.02999877929688,248.2100067138672,244.07000732421875,246.9499969482422,246.18199157714844,463000,0.0,0.0
2025-09-02 00:00:00-04:00,246.7899932861328,248.19000244140625,241.63999938964844,243.74000549316406,242.9819793701172,405600,0.0,0.0
2025-09-03 00:00:00-04:00,242.85000610351562,248.97000122070312,242.72999572753906,248.9499969482422,248.17576599121094,660900,0.0,0.0
2025-09-04 00:00:00-04:00,247.8800048828125,249.77999877929688,243.6199951171875,247.5399932861328,246.77017211914062,621300,0.0,0.0
2025-09-05 00:00:00-04:00,247.11000061035156,251.64999389648438,247.11000061035156,250.72999572753906,249.95022583007812,408400,0.0,0.0
2025-09-08 00:00:00-04:00,249.55999755859375,254.27000427246094,248.8800048828125,253.14999389648438,252.3627166748047,445300,0.0,0.0
2025-09-09 00:00:00-04:00,252.72999572753906,253.77999877929688,250.2899932861328,252.0399932861328,251.2561492919922,445900,0.0,0.0
2025-09-10 00:00:00-04:00,250.6199951171875,255.9499969482422,249.94000244140625,255.22000122070312,254.42626953125,822000,0.0,0.0
2025-09-11 00:00:00-04:00,256.6000061035156,264.05999755859375,253.82000732421875,263.739990234375,262.9197692871094,1032900,0.0,0.0
2025-09-12 00:00:00-04:00,260.9200134277344,263.1499938964844,253.3800048828125,253.5,252.7116241455078,746200,0.0,0.0
2025-09-15 00:00:00-04:00,257.04998779296875,258.6199951171875,255.1699981689453,257.5299987792969,256.7290954589844,544000,0.0,0.0
2025-09-16 00:00:00-04:00,255.08999633789062,258.80999755859375,254.35000610351562,258.3500061035156,257.5465393066406,436200,0.0,0.0
2025-09-17 00:00:00-04:00,258.6499938964844,262.2300109863281,256.3500061035156,256.6400146484375,255.8418731689453,515000,0.0,0.0
2025-09-18 00:00:00-04:00,256.760009765625,258.2099914550781,250.44000244140625,254.97999572753906,254.18702697753906,633500,0.0,0.0
2025-09-19 00:00:00-04:00,254.7899932861328,256.2200012207031,251.6699981689453,254.85000610351562,254.0574188232422,1297600,0.0,0.0
2025-09-22 00:00:00-04:00,253.44000244140625,254.75,250.6199951171875,252.22000122070312,251.43560791015625,473300,0.0,0.0
2025-09-23 00:00:00-04:00,251.42999267578125,254.02999877929688,250.0,250.8000030517578,250.02001953125,449400,0.0,0.0
2025-09-24 00:00:00-04:00,249.75999450683594,261.3999938964844,249.75999450683594,259.94000244140625,259.1316223144531,1166300,0.0,0.0
2025-09-25 00:00:00-04:00,258.6400146484375,258.6400146484375,252.69000244140625,254.47999572753906,253.68858337402344,745000,0.0,0.0
2025-09-26 00:00:00-04:00,254.99000549316406,262.8999938964844,254.75999450683594,261.5199890136719,260.7066650390625,591900,0.0,0.0
2025-09-29 00:00:00-04:00,261.7799987792969,262.0799865722656,258.1700134277344,260.32000732421875,259.51043701171875,589100,0.0,0.0
2025-09-30 00:00:00-04:00,260.7200012207031,264.2900085449219,259.7099914550781,262.3299865722656,261.51416015625,587800,0.0,0.0
2025-10-01 00:00:00-04:00,264.2200012207031,273.1099853515625,261.32000732421875,271.4200134277344,270.5758972167969,888400,0.0,0.0
2025-10-02 00:00:00-04:00,269.5199890136719,274.4800109863281,268.1400146484375,273.1600036621094,272.3105163574219,562400,0.0,0.0
2025-10-03 00:00:00-04:00,273.6499938964844,277.0799865722656,270.7900085449219,272.55999755859375,271.7123718261719,532400,0.0,0.0
2025-10-06 00:00:00-04:00,271.44000244140625,271.489990234375,266.3299865722656,268.07000732421875,267.236328125,586400,0.0,0.0
2025-10-07 00:00:00-04:00,269.1400146484375,269.8299865722656,264.4599914550781,265.9700012207031,265.1428527832031,497600,0.0,0.0
2025-10-08 00:00:00-04:00,266.82000732421875,268.1400146484375,263.92999267578125,267.92999267578125,267.09674072265625,584900,0.0,0.0
2025-10-09 00:00:00-04:00,267.75,269.5,263.4200134277344,263.5799865722656,262.76025390625,487400,0.0,0.0
2025-10-10 00:00:00-04:00,264.9200134277344,264.9200134277344,257.5,261.7699890136719,260.9559020996094,595200,0.0,0.0
2025-10-13 00:00:00-04:00,262.4200134277344,265.6600036621094,262.1400146484375,262.4700012207031,261.65374755859375,454600,0.0,0.0
2025-10-14 00:00:00-04:00,261.6099853515625,263.2200012207031,260.5799865722656,261.1700134277344,260.3577880859375,520700,0.0,0.0
2025-10-15 00:00:00-04:00,261.3399963378906,266.3500061035156,260.5400085449219,262.95001220703125,262.1322326660156,605200,0.0,0.0
2025-10-16 00:00:00-04:00,264.8500061035156,269.4200134277344,260.1199951171875,267.19000244140625,266.35906982421875,771400,0.0,0.0
2025-10-17 00:00:00-04:00,264.67999267578125,270.6099853515625,264.67999267578125,270.6000061035156,269.7584533691406,685100,0.0,0.0
2025-10-20 00:00:00-04:00,271.29998779296875,275.1099853515625,270.9100036621094,274.8999938964844,274.0450744628906,485300,0.0,0.0
2025-10-21 00:00:00-04:00,277.5799865722656,282.0299987792969,274.42999267578125,279.3900146484375,278.5211486816406,795100,0.0,0.0
2025-10-22 00:00:00-04:00,277.3800048828125,283.5400085449219,276.0199890136719,277.0,276.1385498046875,1213700,0.0,0.0
2025-10-23 00:00:00-04:00,301.05999755859375,322.3399963378906,300.0,307.25,306.29449462890625,1898800,0.0,0.0
2025-10-24 00:00:00-04:00,307.94000244140625,310.69000244140625,297.20001220703125,297.4700012207031,296.5448913574219,819500,0.0,0.0
2025-10-27 00:00:00-04:00,299.989990234375,301.0,282.2900085449219,287.2200012207031,286.3267517089844,1067900,0.0,0.0
2025-10-28 00:00:00-04:00,285.0299987792969,287.2900085449219,281.0,283.489990234375,282.60833740234375,749100,0.0,0.0
2025-10-29 00:00:00-04:00,284.3500061035156,288.3599853515625,282.3599853515625,284.8599853515625,283.9740905761719,479900,0.0,0.0
2025-10-30 00:00:00-04:00,284.92999267578125,287.2699890136719,277.9200134277344,278.5400085449219,277.67376708984375,693100,0.0,0.0
2025-10-31 00:00:00-04:00,275.8299865722656,284.30999755859375,272.989990234375,282.07000732421875,281.1927795410156,586200,0.0,0.0
2025-11-03 00:00:00-05:00,279.8399963378906,280.5799865722656,273.989990234375,279.7799987792969,278.90985107421875,593000,0.0,0.0
2025-11-04 00:00:00-05:00,278.3800048828125,287.9800109863281,276.5899963378906,286.94000244140625,286.0476379394531,895000,0.0,0.0
2025-11-05 00:00:00-05:00,285.1400146484375,287.8599853515625,280.3299865722656,283.5400085449219,282.6582336425781,529400,0.0,0.0
2025-11-06 00:00:00-05:00,282.0400085449219,285.54998779296875,262.4800109863281,275.3399963378906,274.48370361328125,1038400,0.0,0.0
2025-11-07 00:00:00-05:00,276.9700012207031,280.79998779296875,268.1499938964844,271.0400085449219,270.19708251953125,856200,0.0,0.0
2025-11-10 00:00:00-05:00,271.2799987792969,276.6400146484375,270.25,275.4700012207031,274.6133117675781,574700,0.0,0.0
2025-11-11 00:00:00-05:00,277.30999755859375,280.1099853515625,276.3999938964844,277.4100036621094,276.5472717285156,718400,0.0,0.0
2025-11-12 00:00:00-05:00,276.8500061035156,279.75,271.17999267578125,273.8500061035156,273.21502685546875,595700,0.22,0.0
2025-11-13 00:00:00-05:00,269.55999755859375,274.6400146484375,266.2099914550781,266.6600036621094,266.04168701171875,581000,0.0,0.0
2025-11-14 00:00:00-05:00,264.80999755859375,265.5,258.92999267578125,261.3599853515625,260.7539367675781,738400,0.0,0.0
2025-11-17 00:00:00-05:00,261.2099914550781,266.260009765625,260.0899963378906,262.4100036621094,261.8015441894531,626900,0.0,0.0
2025-11-18 00:00:00-05:00,260.260009765625,262.510009765625,257.3299865722656,260.1400146484375,259.53680419921875,480100,0.0,0.0
2025-11-19 00:00:00-05:00,259.8699951171875,260.69000244140625,256.1499938964844,257.8999938964844,257.302001953125,333100,0.0,0.0
2025-11-20 00:00:00-05:00,259.5,260.45001220703125,253.32000732421875,257.7699890136719,257.1722717285156,1315100,0.0,0.0
2025-11-21 00:00:00-05:00,259.79998779296875,272.05999755859375,258.8500061035156,271.07000732421875,270.44146728515625,894000,0.0,0.0
2025-11-24 00:00:00-05:00,270.42999267578125,276.239990234375,267.25,273.989990234375,273.35467529296875,901700,0.0,0.0
2025-11-25 00:00:00-05:00,278.17999267578125,281.3299865722656,275.67999267578125,280.8399963378906,280.1888122558594,579400,0.0,0.0
2025-11-26 00:00:00-05:00,278.3900146484375,281.79998779296875,274.8800048828125,277.1400146484375,276.4974060058594,441100,0.0,0.0
2025-11-28 00:00:00-05:00,278.489990234375,278.54998779296875,273.94000244140625,277.25,276.60711669921875,293100,0.0,0.0
2025-12-01 00:00:00-05:00,275.4599914550781,279.4800109863281,273.9599914550781,274.1400146484375,273.50433349609375,546600,0.0,0.0
2025-12-02 00:00:00-05:00,270.6000061035156,275.05999755859375,269.0799865722656,273.0299987792969,272.39691162109375,546500,0.0,0.0
2025-12-03 00:00:00-05:00,275.760009765625,285.3999938964844,274.0299987792969,284.30999755859375,283.6507568359375,856300,0.0,0.0
2025-12-04 00:00:00-05:00,284.5,285.5400085449219,276.0400085449219,281.7699890136719,281.11663818359375,788400,0.0,0.0
2025-12-05 00:00:00-05:00,282.010009765625,283.5199890136719,278.2300109863281,280.2300109863281,279.5802307128906,645700,0.0,0.0
2025-12-08 00:00:00-05:00,279.3399963378906,281.1199951171875,268.2099914550781,269.0799865722656,268.4560546875,660500,0.0,0.0
2025-12-09 00:00:00-05:00,268.6400146484375,271.9700012207031,265.8299865722656,266.07000732421875,265.45306396484375,513000,0.0,0.0
2025-12-10 00:00:00-05:00,267.4700012207031,268.67999267578125,263.3800048828125,266.9599914550781,266.3409729003906,683900,0.0,0.0
2025-12-11 00:00:00-05:00,268.9599914550781,274.55999755859375,267.8999938964844,272.5400085449219,271.9080505371094,688200,0.0,0.0
2025-12-12 00:00:00-05:00,272.260009765625,272.9700012207031,265.3900146484375,267.55999755859375,266.9396057128906,839200,0.0,0.0
2025-12-15 00:00:00-05:00,267.9700012207031,272.79998779296875,265.9700012207031,271.8599853515625,271.2296142578125,692700,0.0,0.0
2025-12-16 00:00:00-05:00,271.239990234375,273.1300048828125,265.3500061035156,266.44000244140625,265.82220458984375,734700,0.0,0.0
2025-12-17 00:00:00-05:00,265.2300109863281,275.55999755859375,264.9200134277344,269.1300048828125,268.5059509277344,710900,0.0,0.0
2025-12-18 00:00:00-05:00,269.29998779296875,271.4100036621094,266.6600036621094,268.6600036621094,268.0370178222656,748800,0.0,0.0
2025-12-19 00:00:00-05:00,269.6700134277344,272.739990234375,268.45001220703125,272.5400085449219,271.9080505371094,2116900,0.0,0.0
2025-12-22 00:00:00-05:00,271.5299987792969,278.42999267578125,270.0199890136719,274.8900146484375,274.25262451171875,560700,0.0,0.0
2025-12-23 00:00:00-05:00,275.3399963378906,277.8299865722656,272.8800048828125,277.489990234375,276.8465576171875,688600,0.0,0.0
2025-12-24 00:00:00-05:00,279.010009765625,279.010009765625,275.67999267578125,276.6600036621094,276.01849365234375,203700,0.0,0.0
2025-12-26 00:00:00-05:00,276.19000244140625,277.5,272.8299865722656,274.29998779296875,273.6639709472656,344500,0.0,0.0
2025-12-29 00:00:00-05:00,274.70001220703125,276.3699951171875,272.5299987792969,275.6000061035156,274.9609375,305100,0.0,0.0
2025-12-30 00:00:00-05:00,274.5400085449219,277.75,273.8999938964844,276.8699951171875,276.2279968261719,356600,0.0,0.0
