Date,Open,High,Low,Close,Adj Close,Volume,Dividends,Stock Splits
2022-01-03 00:00:00-05:00,195.4199981689453,195.60000610351562,190.05999755859375,191.77999877929688,184.77198791503906,214600,0.0,0.0
2022-01-04 00:00:00-05:00,192.36000061035156,194.66000366210938,190.89999389648438,193.75,186.66995239257812,96100,0.0,0.0
2022-01-05 00:00:00-05:00,192.91000366210938,195.57000732421875,190.0,190.30999755859375,183.3556671142578,148800,0.0,0.0
2022-01-06 00:00:00-05:00,190.77000427246094,193.42999267578125,189.39999389648438,190.4499969482422,183.49053955078125,87300,0.0,0.0
2022-01-07 00:00:00-05:00,189.63999938964844,190.47999572753906,186.4199981689453,187.02999877929688,180.195556640625,113000,0.0,0.0
2022-01-10 00:00:00-05:00,185.47999572753906,185.94000244140625,182.0,185.8699951171875,179.07791137695312,142600,0.0,0.0
2022-01-11 00:00:00-05:00,186.3800048828125,188.94000244140625,182.02999877929688,188.0,181.13009643554688,128300,0.0,0.0
2022-01-12 00:00:00-05:00,189.61000061035156,191.17999267578125,186.7899932861328,187.8800048828125,181.01446533203125,156700,0.0,0.0
2022-01-13 00:00:00-05:00,189.25999450683594,190.8699951171875,187.1999969482422,187.6699981689453,180.8121795654297,135900,0.0,0.0
2022-01-14 00:00:00-05:00,186.1999969482422,188.1999969482422,183.72999572753906,187.6199951171875,180.76400756835938,130000,0.0,0.0
2022-01-18 00:00:00-05:00,185.13999938964844,188.3300018310547,183.22999572753906,187.6999969482422,180.84107971191406,152000,0.0,0.0
2022-01-19 00:00:00-05:00,188.11000061035156,190.00999450683594,185.42999267578125,186.07000732421875,179.27066040039062,140900,0.0,0.0
2022-01-20 00:00:00-05:00,186.91000366210938,190.0800018310547,181.72999572753906,182.2100067138672,175.5517120361328,119100,0.0,0.0
2022-01-21 00:00:00-05:00,182.25999450683594,186.0500030517578,180.58999633789062,182.24000549316406,175.58058166503906,145200,0.0,0.0
2022-01-24 00:00:00-05:00,179.0500030517578,182.77000427246094,176.4499969482422,181.64999389648438,175.01214599609375,194700,0.0,0.0
2022-01-25 00:00:00-05:00,178.08999633789062,178.08999633789062,171.17999267578125,173.0,166.67825317382812,165200,0.0,0.0
2022-01-26 00:00:00-05:00,175.7100067138672,178.85000610351562,168.3000030517578,170.0,163.787841796875,138400,0.0,0.0
2022-01-27 00:00:00-05:00,155.30999755859375,159.55999755859375,146.33999633789062,147.8800048828125,142.47616577148438,1013500,0.0,0.0
2022-01-28 00:00:00-05:00,148.6699981689453,153.52999877929688,146.82000732421875,153.22999572753906,147.63067626953125,701500,0.0,0.0
2022-01-31 00:00:00-05:00,152.1199951171875,156.32000732421875,149.4499969482422,153.2100067138672,147.61141967773438,5752500,0.0,0.0
2022-02-01 00:00:00-05:00,155.50999450683594,157.05999755859375,152.8699951171875,156.64999389648438,150.92567443847656,367400,0.0,0.0
2022-02-02 00:00:00-05:00,156.22999572753906,157.47000122070312,153.44000244140625,155.3699951171875,149.6924285888672,324200,0.0,0.0
2022-02-03 00:00:00-05:00,154.25999450683594,155.5,150.1300048828125,150.3000030517578,144.8077392578125,277400,0.0,0.0
2022-02-04 00:00:00-05:00,150.11000061035156,151.86000061035156,147.2899932861328,149.69000244140625,144.2200164794922,303900,0.0,0.0
2022-02-07 00:00:00-05:00,150.0,152.83999633789062,149.67999267578125,150.2100067138672,144.72103881835938,297100,0.0,0.0
2022-02-08 00:00:00-05:00,149.3800048828125,154.85000610351562,149.3800048828125,153.5800018310547,147.96786499023438,199700,0.0,0.0
2022-02-09 00:00:00-05:00,154.83999633789062,156.6300048828125,154.2899932861328,156.52000427246094,150.8004608154297,176200,0.0,0.0
2022-02-10 00:00:00-05:00,150.61000061035156,154.7100067138672,144.6999969482422,145.85000610351562,140.52032470703125,445100,0.0,0.0
2022-02-11 00:00:00-05:00,145.97999572753906,146.2899932861328,140.0,141.24000549316406,136.07882690429688,342100,0.0,0.0
2022-02-14 00:00:00-05:00,141.49000549316406,143.33999633789062,138.97000122070312,140.22999572753906,135.105712890625,321500,0.0,0.0
2022-02-15 00:00:00-05:00,143.61000061035156,146.77000427246094,141.92999267578125,146.52000427246094,141.16587829589844,270100,0.0,0.0
2022-02-16 00:00:00-05:00,145.9499969482422,147.72000122070312,143.74000549316406,147.0,141.6282958984375,281000,0.0,0.0
2022-02-17 00:00:00-05:00,146.6300048828125,149.1999969482422,145.27999877929688,148.3000030517578,142.8808135986328,606100,0.0,0.0
2022-02-18 00:00:00-05:00,147.17999267578125,149.33999633789062,145.27000427246094,146.55999755859375,141.20440673828125,344000,0.0,0.0
2022-02-22 00:00:00-05:00,145.1199951171875,149.08999633789062,144.2100067138672,146.3300018310547,140.98281860351562,201100,0.0,0.0
2022-02-23 00:00:00-05:00,147.7899932861328,148.1999969482422,142.08999633789062,142.4499969482422,137.24461364746094,201100,0.0,0.0
2022-02-24 00:00:00-05:00,139.52999877929688,145.5500030517578,139.1300048828125,145.3800048828125,140.0675048828125,170000,0.0,0.0
2022-02-25 00:00:00-05:00,144.88999938964844,148.1699981689453,143.67999267578125,148.02999877929688,142.62069702148438,144400,0.0,0.0
2022-02-28 00:00:00-05:00,145.02999877929688,147.42999267578125,142.6699981689453,143.9499969482422,138.93380737304688,306100,0.26,0.0
2022-03-01 00:00:00-05:00,143.99000549316406,145.72000122070312,140.9499969482422,142.9600067138672,137.97828674316406,261200,0.0,0.0
2022-03-02 00:00:00-05:00,144.6999969482422,148.08999633789062,144.6999969482422,146.77000427246094,141.65554809570312,198500,0.0,0.0
2022-03-03 00:00:00-05:00,148.1999969482422,148.1999969482422,143.88999938964844,145.02000427246094,139.96652221679688,164700,0.0,0.0
2022-03-04 00:00:00-05:00,142.92999267578125,143.99000549316406,141.44000244140625,143.5399932861328,138.53807067871094,181300,0.0,0.0
2022-03-07 00:00:00-05:00,144.02000427246094,144.88999938964844,138.77000427246094,138.9499969482422,134.1080322265625,213600,0.0,0.0
2022-03-08 00:00:00-05:00,138.97000122070312,143.02999877929688,137.19000244140625,140.3699951171875,135.47857666015625,155800,0.0,0.0
2022-03-09 00:00:00-05:00,144.44000244140625,145.64999389648438,143.05999755859375,144.6300048828125,139.5901336669922,291200,0.0,0.0
2022-03-10 00:00:00-05:00,142.24000549316406,142.74000549316406,140.22000122070312,142.33999633789062,137.37991333007812,131000,0.0,0.0
2022-03-11 00:00:00-05:00,143.4499969482422,144.07000732421875,141.1699981689453,141.22000122070312,136.29891967773438,145000,0.0,0.0
2022-03-14 00:00:00-04:00,143.0399932861328,143.69000244140625,140.0800018310547,141.5500030517578,136.617431640625,257100,0.0,0.0
2022-03-15 00:00:00-04:00,143.5399932861328,144.3699951171875,141.8300018310547,143.92999267578125,138.9145050048828,145500,0.0,0.0
2022-03-16 00:00:00-04:00,145.0,147.0800018310547,143.16000366210938,146.02999877929688,140.94129943847656,165800,0.0,0.0
2022-03-17 00:00:00-04:00,144.27000427246094,147.60000610351562,144.0,147.35000610351562,142.21536254882812,123500,0.0,0.0
2022-03-18 00:00:00-04:00,148.49000549316406,149.49000549316406,145.63999938964844,148.14999389648438,142.9874267578125,583900,0.0,0.0
2022-03-21 00:00:00-04:00,146.77999877929688,148.17999267578125,144.2899932861328,146.00999450683594,140.9219970703125,176600,0.0,0.0
2022-03-22 00:00:00-04:00,147.2899932861328,148.8699951171875,145.80999755859375,147.0,141.87750244140625,147700,0.0,0.0
2022-03-23 00:00:00-04:00,145.42999267578125,146.27999877929688,142.5399932861328,143.02999877929688,138.04583740234375,143700,0.0,0.0
2022-03-24 00:00:00-04:00,144.30999755859375,144.30999755859375,141.75999450683594,143.11000061035156,138.12306213378906,93700,0.0,0.0
2022-03-25 00:00:00-04:00,142.32000732421875,142.63999938964844,139.30999755859375,142.58999633789062,137.62118530273438,156900,0.0,0.0
2022-03-28 00:00:00-04:00,142.0500030517578,143.10000610351562,139.57000732421875,141.9199981689453,136.97454833984375,124600,0.0,0.0
2022-03-29 00:00:00-04:00,144.9600067138672,146.3800048828125,144.39999389648438,145.63999938964844,140.56494140625,134600,0.0,0.0
2022-03-30 00:00:00-04:00,145.8800048828125,146.0399932861328,142.1999969482422,143.38999938964844,138.39329528808594,135300,0.0,0.0
2022-03-31 00:00:00-04:00,142.0500030517578,143.5,139.47999572753906,139.58999633789062,134.72573852539062,139400,0.0,0.0
2022-04-01 00:00:00-04:00,141.10000610351562,142.52000427246094,138.55999755859375,140.16000366210938,135.27587890625,158900,0.0,0.0
2022-04-04 00:00:00-04:00,139.57000732421875,141.30999755859375,137.7899932861328,138.05999755859375,133.24905395507812,153700,0.0,0.0
2022-04-05 00:00:00-04:00,137.55999755859375,137.9199981689453,134.82000732421875,135.39999389648438,130.68173217773438,152200,0.0,0.0
2022-04-06 00:00:00-04:00,133.97000122070312,134.02000427246094,131.8000030517578,133.13999938964844,128.50051879882812,163100,0.0,0.0
2022-04-07 00:00:00-04:00,133.02000427246094,136.07000732421875,131.66000366210938,135.8699951171875,131.13536071777344,202400,0.0,0.0
2022-04-08 00:00:00-04:00,136.3800048828125,137.82000732421875,135.25999450683594,135.8300018310547,131.09674072265625,153900,0.0,0.0
2022-04-11 00:00:00-04:00,136.10000610351562,136.33999633789062,133.4600067138672,133.89999389648438,129.23402404785156,214600,0.0,0.0
2022-04-12 00:00:00-04:00,135.64999389648438,138.22999572753906,134.07000732421875,134.5399932861328,129.8517303466797,120700,0.0,0.0
2022-04-13 00:00:00-04:00,133.38999938964844,135.91000366210938,133.38999938964844,135.3000030517578,130.58523559570312,109100,0.0,0.0
2022-04-14 00:00:00-04:00,135.75,136.9600067138672,130.99000549316406,131.17999267578125,126.60877990722656,94900,0.0,0.0
2022-04-18 00:00:00-04:00,130.32000732421875,131.55999755859375,128.80999755859375,130.0800018310547,125.5471420288086,145100,0.0,0.0
2022-04-19 00:00:00-04:00,130.4600067138672,136.05999755859375,130.22999572753906,135.7899932861328,131.0581817626953,156500,0.0,0.0
2022-04-20 00:00:00-04:00,137.69000244140625,139.24000549316406,137.13999938964844,137.9600067138672,133.15252685546875,118300,0.0,0.0
2022-04-21 00:00:00-04:00,139.66000366210938,140.3800048828125,136.3699951171875,137.74000549316406,132.940185546875,124400,0.0,0.0
2022-04-22 00:00:00-04:00,137.19000244140625,137.19000244140625,134.25999450683594,134.7899932861328,130.0929718017578,134900,0.0,0.0
2022-04-25 00:00:00-04:00,134.0,134.30999755859375,130.8699951171875,134.22999572753906,129.55247497558594,119900,0.0,0.0
2022-04-26 00:00:00-04:00,132.69000244140625,133.0500030517578,128.91000366210938,129.72000122070312,125.1996841430664,122100,0.0,0.0
2022-04-27 00:00:00-04:00,129.5399932861328,132.2899932861328,128.7899932861328,129.58999633789062,125.07418060302734,104200,0.0,0.0
2022-04-28 00:00:00-04:00,131.55999755859375,132.14999389648438,128.6199951171875,131.69000244140625,127.10103607177734,94600,0.0,0.0
2022-04-29 00:00:00-04:00,130.63999938964844,131.63999938964844,126.72000122070312,127.45999908447266,123.01842498779297,134600,0.0,0.0
2022-05-02 00:00:00-04:00,127.94000244140625,130.6300048828125,125.33000183105469,128.77999877929688,124.29241180419922,165600,0.0,0.0
2022-05-03 00:00:00-04:00,129.33999633789062,129.5500030517578,127.5,129.25999450683594,124.75569915771484,168700,0.0,0.0
2022-05-04 00:00:00-04:00,124.19999694824219,138.63999938964844,124.19999694824219,138.22000122070312,133.40345764160156,268100,0.0,0.0
2022-05-05 00:00:00-04:00,135.6699981689453,137.32000732421875,130.7899932861328,132.3000030517578,127.68978881835938,190600,0.0,0.0
2022-05-06 00:00:00-04:00,132.1199951171875,133.94000244140625,128.9600067138672,133.11000061035156,128.47154235839844,236100,0.0,0.0
2022-05-09 00:00:00-04:00,130.4199981689453,134.6300048828125,130.4199981689453,132.60000610351562,127.9793472290039,145600,0.0,0.0
2022-05-10 00:00:00-04:00,134.0500030517578,135.10000610351562,129.2899932861328,130.1699981689453,125.6340103149414,135300,0.0,0.0
2022-05-11 00:00:00-04:00,131.00999450683594,132.9499969482422,128.8800048828125,129.1199951171875,124.62057495117188,153300,0.0,0.0
2022-05-12 00:00:00-04:00,128.25999450683594,130.72999572753906,126.33000183105469,129.83999633789062,125.31546783447266,162800,0.0,0.0
2022-05-13 00:00:00-04:00,131.52000427246094,132.64999389648438,130.0800018310547,131.27999877929688,126.70531463623047,129700,0.0,0.0
2022-05-16 00:00:00-04:00,129.8699951171875,130.33999633789062,127.04000091552734,129.85000610351562,125.32515716552734,103900,0.0,0.0
2022-05-17 00:00:00-04:00,131.6300048828125,133.0,129.94000244140625,131.30999755859375,126.7342758178711,123700,0.0,0.0
2022-05-18 00:00:00-04:00,129.6300048828125,129.97999572753906,124.31999969482422,125.11000061035156,120.75032043457031,188400,0.0,0.0
2022-05-19 00:00:00-04:00,124.0199966430664,127.62999725341797,123.66999816894531,125.9800033569336,121.59000396728516,167300,0.0,0.0
2022-05-20 00:00:00-04:00,127.04000091552734,127.1500015258789,122.47000122070312,125.80999755859375,121.42591094970703,251800,0.0,0.0
2022-05-23 00:00:00-04:00,128.36000061035156,128.36000061035156,125.5199966430664,125.9800033569336,121.59000396728516,88800,0.0,0.0
2022-05-24 00:00:00-04:00,125.63999938964844,126.76000213623047,123.01000213623047,126.12000274658203,121.72512817382812,114300,0.0,0.0
2022-05-25 00:00:00-04:00,125.5,126.68000030517578,124.30000305175781,125.77999877929688,121.39696502685547,104200,0.0,0.0
2022-05-26 00:00:00-04:00,127.23999786376953,129.1300048828125,125.4000015258789,127.83000183105469,123.37553405761719,81100,0.0,0.0
2022-05-27 00:00:00-04:00,129.16000366210938,131.47000122070312,128.80999755859375,131.4499969482422,126.8693618774414,96100,0.0,0.0
2022-05-31 00:00:00-04:00,131.5,132.22999572753906,129.5500030517578,130.8300018310547,126.55986022949219,213700,0.3,0.0
2022-06-01 00:00:00-04:00,130.94000244140625,132.64999389648438,128.97000122070312,132.17999267578125,127.86573791503906,154300,0.0,0.0
2022-06-02 00:00:00-04:00,133.11000061035156,136.82000732421875,133.10000610351562,136.6999969482422,132.2382049560547,158900,0.0,0.0
2022-06-03 00:00:00-04:00,136.19000244140625,137.25,133.16000366210938,133.91000366210938,129.53933715820312,121100,0.0,0.0
2022-06-06 00:00:00-04:00,134.6199951171875,135.19000244140625,133.6300048828125,134.47000122070312,130.0810089111328,117400,0.0,0.0
2022-06-07 00:00:00-04:00,133.3800048828125,134.6999969482422,132.61000061035156,134.39999389648438,130.0133056640625,73600,0.0,0.0
2022-06-08 00:00:00-04:00,133.7899932861328,133.8699951171875,131.8300018310547,132.75,128.41712951660156,106300,0.0,0.0
2022-06-09 00:00:00-04:00,131.85000610351562,134.9199981689453,131.85000610351562,132.67999267578125,128.3494110107422,161600,0.0,0.0
2022-06-10 00:00:00-04:00,130.6699981689453,130.6699981689453,127.45999908447266,128.6699981689453,124.4703369140625,170100,0.0,0.0
2022-06-13 00:00:00-04:00,125.44999694824219,126.58000183105469,123.79000091552734,124.7699966430664,120.69762420654297,153900,0.0,0.0
2022-06-14 00:00:00-04:00,124.37000274658203,126.0,121.7699966430664,123.7699966430664,119.73025512695312,124800,0.0,0.0
2022-06-15 00:00:00-04:00,125.4800033569336,125.4800033569336,122.37999725341797,123.66999816894531,119.63353729248047,106200,0.0,0.0
2022-06-16 00:00:00-04:00,120.94000244140625,120.94000244140625,116.30999755859375,116.91999816894531,113.10385131835938,165200,0.0,0.0
2022-06-17 00:00:00-04:00,118.87000274658203,120.29000091552734,116.9800033569336,117.02999877929688,113.21025848388672,325300,0.0,0.0
2022-06-21 00:00:00-04:00,119.62999725341797,121.79000091552734,117.33000183105469,120.58000183105469,116.64437866210938,202800,0.0,0.0
2022-06-22 00:00:00-04:00,118.63999938964844,120.13999938964844,117.08999633789062,118.62999725341797,114.7580337524414,275600,0.0,0.0
2022-06-23 00:00:00-04:00,118.44999694824219,119.83999633789062,117.06999969482422,117.68000030517578,113.83905029296875,294400,0.0,0.0
2022-06-24 00:00:00-04:00,119.20999908447266,124.19000244140625,118.66000366210938,124.05000305175781,120.00112915039062,664900,0.0,0.0
2022-06-27 00:00:00-04:00,125.19999694824219,125.72000122070312,122.87999725341797,124.47000122070312,120.40741729736328,105900,0.0,0.0
2022-06-28 00:00:00-04:00,125.5,125.5199966430664,122.18000030517578,122.45999908447266,118.4630355834961,128500,0.0,0.0
2022-06-29 00:00:00-04:00,122.02999877929688,124.05999755859375,120.29000091552734,122.5,118.50172424316406,129100,0.0,0.0
2022-06-30 00:00:00-04:00,120.8499984741211,124.13999938964844,119.93000030517578,122.83999633789062,118.83061981201172,108000,0.0,0.0
2022-07-01 00:00:00-04:00,122.30000305175781,124.94999694824219,121.66000366210938,124.33000183105469,120.27200317382812,103700,0.0,0.0
2022-07-05 00:00:00-04:00,122.41000366210938,124.05999755859375,120.19999694824219,123.93000030517578,119.88504791259766,111200,0.0,0.0
2022-07-06 00:00:00-04:00,124.36000061035156,127.05999755859375,123.18000030517578,125.97000122070312,121.85845184326172,124300,0.0,0.0
2022-07-07 00:00:00-04:00,126.75,128.83999633789062,126.5,128.38999938964844,124.199462890625,109100,0.0,0.0
2022-07-08 00:00:00-04:00,127.91999816894531,127.91999816894531,124.47000122070312,126.0199966430664,121.90682220458984,104300,0.0,0.0
2022-07-11 00:00:00-04:00,125.61000061035156,126.19999694824219,124.23999786376953,125.06999969482422,120.98783874511719,87700,0.0,0.0
2022-07-12 00:00:00-04:00,125.12999725341797,126.94000244140625,121.98999786376953,122.55999755859375,118.55976104736328,104900,0.0,0.0
2022-07-13 00:00:00-04:00,120.81999969482422,122.9000015258789,119.80999755859375,122.22000122070312,118.23086547851562,125100,0.0,0.0
2022-07-14 00:00:00-04:00,119.5199966430664,121.95999908447266,118.4800033569336,121.81999969482422,117.84391784667969,92900,0.0,0.0
2022-07-15 00:00:00-04:00,123.91999816894531,126.2300033569336,123.23999786376953,125.04000091552734,120.95881652832031,165000,0.0,0.0
2022-07-18 00:00:00-04:00,125.97000122070312,125.97000122070312,122.26000213623047,122.88999938964844,118.87899780273438,85000,0.0,0.0
2022-07-19 00:00:00-04:00,124.2699966430664,127.86000061035156,124.2699966430664,127.68000030517578,123.51264953613281,120400,0.0,0.0
2022-07-20 00:00:00-04:00,126.7300033569336,129.11000061035156,125.7699966430664,128.39999389648438,124.20912170410156,108000,0.0,0.0
2022-07-21 00:00:00-04:00,128.24000549316406,130.67999267578125,127.75,130.6300048828125,126.36636352539062,98100,0.0,0.0
2022-07-22 00:00:00-04:00,130.72999572753906,130.91000366210938,128.33999633789062,129.97000122070312,125.7279052734375,95800,0.0,0.0
2022-07-25 00:00:00-04:00,129.58999633789062,130.58999633789062,129.0399932861328,129.8000030517578,125.56343841552734,77600,0.0,0.0
2022-07-26 00:00:00-04:00,128.5399932861328,131.91000366210938,128.5399932861328,131.75,127.44982147216797,91200,0.0,0.0
2022-07-27 00:00:00-04:00,132.49000549316406,134.77999877929688,131.64999389648438,133.85000610351562,129.48126220703125,130700,0.0,0.0
2022-07-28 00:00:00-04:00,134.61000061035156,136.5500030517578,133.63999938964844,136.47000122070312,132.0157470703125,133100,0.0,0.0
2022-07-29 00:00:00-04:00,136.3000030517578,138.69000244140625,135.75999450683594,138.1300048828125,133.62156677246094,150100,0.0,0.0
2022-08-01 00:00:00-04:00,136.86000061035156,139.60000610351562,135.86000061035156,139.19000244140625,134.64697265625,145500,0.0,0.0
2022-08-02 00:00:00-04:00,138.52999877929688,139.4499969482422,136.50999450683594,137.0500030517578,132.57681274414062,91700,0.0,0.0
2022-08-03 00:00:00-04:00,137.72000122070312,138.97000122070312,136.1999969482422,138.08999633789062,133.5828399658203,111300,0.0,0.0
2022-08-04 00:00:00-04:00,139.49000549316406,147.6199951171875,137.7100067138672,146.97999572753906,142.1826934814453,235900,0.0,0.0
2022-08-05 00:00:00-04:00,144.64999389648438,145.57000732421875,138.2899932861328,142.08999633789062,137.45230102539062,236300,0.0,0.0
2022-08-08 00:00:00-04:00,143.08999633789062,146.05999755859375,142.0800018310547,145.02999877929688,140.2963409423828,169000,0.0,0.0
2022-08-09 00:00:00-04:00,145.11000061035156,145.11000061035156,142.4199981689453,143.99000549316406,139.2903289794922,198000,0.0,0.0
2022-08-10 00:00:00-04:00,145.7899932861328,148.5800018310547,143.50999450683594,148.4499969482422,143.604736328125,187500,0.0,0.0
2022-08-11 00:00:00-04:00,149.9499969482422,151.75,148.86000061035156,150.57000732421875,145.65553283691406,145900,0.0,0.0
2022-08-12 00:00:00-04:00,150.3300018310547,154.07000732421875,149.57000732421875,154.00999450683594,148.98326110839844,157800,0.0,0.0
2022-08-15 00:00:00-04:00,152.4199981689453,155.4199981689453,152.4199981689453,155.27000427246094,150.2021484375,115900,0.0,0.0
2022-08-16 00:00:00-04:00,154.38999938964844,156.3300018310547,153.97000122070312,155.2899932861328,150.22149658203125,114300,0.0,0.0
2022-08-17 00:00:00-04:00,153.7899932861328,155.17999267578125,152.7899932861328,154.19000244140625,149.15736389160156,81800,0.0,0.0
2022-08-18 00:00:00-04:00,155.19000244140625,156.36000061035156,153.36000061035156,156.2899932861328,151.18881225585938,110000,0.0,0.0
2022-08-19 00:00:00-04:00,155.9600067138672,155.9600067138672,153.14999389648438,154.69000244140625,149.64109802246094,96700,0.0,0.0
2022-08-22 00:00:00-04:00,152.5500030517578,152.5500030517578,149.27000427246094,150.0500030517578,145.1525421142578,110900,0.0,0.0
2022-08-23 00:00:00-04:00,149.0800018310547,150.82000732421875,146.44000244140625,148.25,143.41127014160156,75200,0.0,0.0
2022-08-24 00:00:00-04:00,148.25,148.69000244140625,146.99000549316406,147.77000427246094,142.9469451904297,111600,0.0,0.0
2022-08-25 00:00:00-04:00,147.88999938964844,149.39999389648438,146.6999969482422,149.35000610351562,144.4753875732422,97300,0.0,0.0
2022-08-26 00:00:00-04:00,149.3300018310547,150.1699981689453,142.33999633789062,142.41000366210938,137.76190185546875,70200,0.0,0.0
2022-08-29 00:00:00-04:00,142.19000244140625,143.24000549316406,140.82000732421875,142.41000366210938,137.76190185546875,81500,0.0,0.0
2022-08-30 00:00:00-04:00,143.72000122070312,144.16000366210938,140.02999877929688,141.77999877929688,137.1524658203125,78600,0.0,0.0
2022-08-31 00:00:00-04:00,142.88999938964844,143.24000549316406,138.39999389648438,138.52000427246094,134.28298950195312,85400,0.3,0.0
2022-09-01 00:00:00-04:00,138.3000030517578,138.66000366210938,136.6199951171875,138.44000244140625,134.20541381835938,92600,0.0,0.0
2022-09-02 00:00:00-04:00,138.72000122070312,139.35000610351562,134.36000061035156,134.8800048828125,130.75433349609375,120300,0.0,0.0
2022-09-06 00:00:00-04:00,135.0,136.02999877929688,133.8699951171875,135.57000732421875,131.42320251464844,103300,0.0,0.0
2022-09-07 00:00:00-04:00,134.9600067138672,138.07000732421875,134.9600067138672,137.80999755859375,133.5946807861328,118400,0.0,0.0
2022-09-08 00:00:00-04:00,136.22999572753906,138.47999572753906,135.19000244140625,138.47999572753906,134.24420166015625,87200,0.0,0.0
2022-09-09 00:00:00-04:00,138.64999389648438,140.42999267578125,138.64999389648438,138.89999389648438,134.6513671875,122400,0.0,0.0
2022-09-12 00:00:00-04:00,140.22000122070312,141.83999633789062,138.86000061035156,141.52999877929688,137.20091247558594,139100,0.0,0.0
2022-09-13 00:00:00-04:00,138.6300048828125,138.67999267578125,132.7899932861328,133.50999450683594,129.4262237548828,142200,0.0,0.0
2022-09-14 00:00:00-04:00,134.58999633789062,134.58999633789062,129.91000366210938,131.64999389648438,127.62311553955078,134900,0.0,0.0
2022-09-15 00:00:00-04:00,130.8699951171875,132.44000244140625,128.69000244140625,130.3699951171875,126.38224029541016,174900,0.0,0.0
2022-09-16 00:00:00-04:00,128.91000366210938,129.22000122070312,126.0999984741211,129.11000061035156,125.16079711914062,483000,0.0,0.0
2022-09-19 00:00:00-04:00,128.2100067138672,132.25999450683594,128.2100067138672,131.94000244140625,127.90424346923828,107400,0.0,0.0
2022-09-20 00:00:00-04:00,130.6300048828125,130.6300048828125,127.31999969482422,129.50999450683594,125.54859161376953,124900,0.0,0.0
2022-09-21 00:00:00-04:00,131.5399932861328,132.7100067138672,129.02999877929688,129.13999938964844,125.18987274169922,100900,0.0,0.0
2022-09-22 00:00:00-04:00,128.33999633789062,128.33999633789062,124.97000122070312,125.37999725341797,121.5448989868164,110700,0.0,0.0
2022-09-23 00:00:00-04:00,123.9800033569336,124.75,120.77999877929688,122.4800033569336,118.73361206054688,145500,0.0,0.0
2022-09-26 00:00:00-04:00,121.7699966430664,124.69999694824219,121.7699966430664,123.36000061035156,119.58668518066406,140200,0.0,0.0
2022-09-27 00:00:00-04:00,125.0999984741211,125.16999816894531,121.5999984741211,122.83999633789062,119.08258819580078,93300,0.0,0.0
2022-09-28 00:00:00-04:00,123.77999877929688,128.32000732421875,123.16000366210938,127.06999969482422,123.18321228027344,130800,0.0,0.0
2022-09-29 00:00:00-04:00,125.55000305175781,126.02999877929688,124.06999969482422,125.86000061035156,122.01022338867188,100900,0.0,0.0
2022-09-30 00:00:00-04:00,125.97000122070312,128.27999877929688,125.37999725341797,125.7300033569336,121.88420104980469,197900,0.0,0.0
2022-10-03 00:00:00-04:00,126.5999984741211,130.80999755859375,125.86000061035156,129.5,125.53886413574219,113800,0.0,0.0
2022-10-04 00:00:00-04:00,131.50999450683594,133.5,131.3300018310547,132.41000366210938,128.35986328125,103100,0.0,0.0
2022-10-05 00:00:00-04:00,130.30999755859375,132.25999450683594,129.6699981689453,130.77999877929688,126.77971649169922,73200,0.0,0.0
2022-10-06 00:00:00-04:00,129.4499969482422,131.17999267578125,129.25999450683594,129.33999633789062,125.38378143310547,71200,0.0,0.0
2022-10-07 00:00:00-04:00,128.33999633789062,128.41000366210938,125.0,126.29000091552734,122.42707061767578,85100,0.0,0.0
2022-10-10 00:00:00-04:00,127.16000366210938,127.70999908447266,124.83000183105469,126.56999969482422,122.6985092163086,65800,0.0,0.0
2022-10-11 00:00:00-04:00,125.11000061035156,127.11000061035156,124.30000305175781,125.70999908447266,121.86480712890625,104600,0.0,0.0
2022-10-12 00:00:00-04:00,125.91000366210938,127.5199966430664,124.62999725341797,125.37999725341797,121.5448989868164,68000,0.0,0.0
2022-10-13 00:00:00-04:00,122.3499984741211,127.23999786376953,121.25,126.47000122070312,122.60154724121094,106300,0.0,0.0
2022-10-14 00:00:00-04:00,127.0999984741211,127.0999984741211,122.80000305175781,123.11000061035156,119.34434509277344,79200,0.0,0.0
2022-10-17 00:00:00-04:00,125.7699966430664,129.9600067138672,125.7699966430664,129.42999267578125,125.47101593017578,118000,0.0,0.0
2022-10-18 00:00:00-04:00,132.42999267578125,134.2899932861328,130.72000122070312,132.33999633789062,128.2920684814453,81900,0.0,0.0
2022-10-19 00:00:00-04:00,130.85000610351562,131.1199951171875,127.97000122070312,130.27000427246094,126.28533935546875,75900,0.0,0.0
2022-10-20 00:00:00-04:00,129.69000244140625,130.2899932861328,125.88999938964844,126.08999633789062,122.2331771850586,108500,0.0,0.0
2022-10-21 00:00:00-04:00,127.30999755859375,130.30999755859375,124.54000091552734,130.22999572753906,126.24654388427734,131800,0.0,0.0
2022-10-24 00:00:00-04:00,130.7100067138672,133.8699951171875,130.7100067138672,132.97999572753906,128.91241455078125,100400,0.0,0.0
2022-10-25 00:00:00-04:00,132.5,137.2899932861328,132.5,137.1999969482422,133.00335693359375,118400,0.0,0.0
2022-10-26 00:00:00-04:00,138.17999267578125,141.24000549316406,137.19000244140625,137.3300018310547,133.12937927246094,141800,0.0,0.0
2022-10-27 00:00:00-04:00,138.05999755859375,141.2899932861328,137.75,138.9199981689453,134.6707305908203,109500,0.0,0.0
2022-10-28 00:00:00-04:00,139.69000244140625,143.6300048828125,139.35000610351562,142.6699981689453,138.3060302734375,114400,0.0,0.0
2022-10-31 00:00:00-04:00,142.0,146.66000366210938,141.17999267578125,146.36000061035156,141.8831787109375,241800,0.0,0.0
2022-11-01 00:00:00-04:00,147.24000549316406,147.47999572753906,145.3000030517578,146.47999572753906,141.99948120117188,178500,0.0,0.0
2022-11-02 00:00:00-04:00,145.66000366210938,147.22999572753906,140.5399932861328,140.82000732421875,136.51263427734375,184000,0.0,0.0
2022-11-03 00:00:00-04:00,142.4600067138672,144.67999267578125,138.55999755859375,140.8699951171875,136.56105041503906,172100,0.0,0.0
2022-11-04 00:00:00-04:00,143.61000061035156,144.3699951171875,138.6199951171875,141.99000549316406,137.6468505859375,112600,0.0,0.0
2022-11-07 00:00:00-05:00,142.33999633789062,145.72000122070312,142.33999633789062,145.07000732421875,140.6326446533203,102800,0.0,0.0
2022-11-08 00:00:00-05:00,146.1699981689453,147.39999389648438,143.50999450683594,145.3699951171875,140.9234161376953,71700,0.0,0.0
2022-11-09 00:00:00-05:00,143.64999389648438,145.52999877929688,141.80999755859375,142.94000244140625,138.56777954101562,80200,0.0,0.0
2022-11-10 00:00:00-05:00,149.02000427246094,152.5,148.3699951171875,152.0500030517578,147.399169921875,111200,0.0,0.0
2022-11-11 00:00:00-05:00,152.8699951171875,155.69000244140625,151.82000732421875,152.2100067138672,147.55422973632812,80800,0.0,0.0
2022-11-14 00:00:00-05:00,151.14999389648438,154.0,149.83999633789062,152.3699951171875,147.7093505859375,109000,0.0,0.0
2022-11-15 00:00:00-05:00,155.2100067138672,158.44000244140625,153.97999572753906,156.69000244140625,151.89723205566406,126200,0.0,0.0
2022-11-16 00:00:00-05:00,156.0,156.8000030517578,153.8699951171875,155.9199981689453,151.15077209472656,123200,0.0,0.0
2022-11-17 00:00:00-05:00,154.57000732421875,154.75,150.92999267578125,154.66000366210938,149.92930603027344,110800,0.0,0.0
2022-11-18 00:00:00-05:00,157.08999633789062,157.49000549316406,154.3000030517578,156.7100067138672,151.91656494140625,116800,0.0,0.0
2022-11-21 00:00:00-05:00,156.36000061035156,158.0500030517578,155.14999389648438,156.57000732421875,151.78086853027344,115700,0.0,0.0
2022-11-22 00:00:00-05:00,157.97000122070312,159.02000427246094,156.38999938964844,158.8300018310547,153.97174072265625,91800,0.0,0.0
2022-11-23 00:00:00-05:00,158.16000366210938,159.17999267578125,155.92999267578125,156.05999755859375,151.28643798828125,95000,0.0,0.0
2022-11-25 00:00:00-05:00,156.66000366210938,158.2100067138672,156.02999877929688,156.05999755859375,151.28643798828125,48400,0.0,0.0
2022-11-28 00:00:00-05:00,155.0,157.99000549316406,151.39999389648438,152.0800018310547,147.42825317382812,78800,0.0,0.0
2022-11-29 00:00:00-05:00,151.35000610351562,153.8000030517578,151.35000610351562,153.6999969482422,148.99868774414062,121300,0.0,0.0
2022-11-30 00:00:00-05:00,154.32000732421875,158.5800018310547,151.77999877929688,158.4499969482422,153.9037628173828,185200,0.3,0.0
2022-12-01 00:00:00-05:00,159.0500030517578,160.58999633789062,157.14999389648438,158.9199981689453,154.36029052734375,188800,0.0,0.0
2022-12-02 00:00:00-05:00,157.4499969482422,160.7899932861328,156.63999938964844,159.9199981689453,155.33157348632812,83700,0.0,0.0
2022-12-05 00:00:00-05:00,158.30999755859375,158.30999755859375,152.05999755859375,153.42999267578125,149.02781677246094,108100,0.0,0.0
2022-12-06 00:00:00-05:00,153.22000122070312,154.00999450683594,149.13999938964844,150.52999877929688,146.21104431152344,100900,0.0,0.0
2022-12-07 00:00:00-05:00,149.88999938964844,153.58999633789062,149.80999755859375,150.77000427246094,146.4441375732422,87600,0.0,0.0
2022-12-08 00:00:00-05:00,150.77000427246094,153.63999938964844,150.77000427246094,152.57000732421875,148.19247436523438,69200,0.0,0.0
2022-12-09 00:00:00-05:00,152.0,154.0500030517578,151.3300018310547,151.55999755859375,147.21144104003906,78600,0.0,0.0
2022-12-12 00:00:00-05:00,151.63999938964844,154.0,150.77000427246094,153.97999572753906,149.56201171875,89200,0.0,0.0
2022-12-13 00:00:00-05:00,158.66000366210938,159.2100067138672,153.6199951171875,154.66000366210938,150.22251892089844,152300,0.0,0.0
2022-12-14 00:00:00-05:00,154.9499969482422,156.38999938964844,149.86000061035156,151.77000427246094,147.41543579101562,147200,0.0,0.0
2022-12-15 00:00:00-05:00,149.55999755859375,149.55999755859375,144.4600067138672,144.63999938964844,140.489990234375,142500,0.0,0.0
2022-12-16 00:00:00-05:00,142.52000427246094,144.22999572753906,141.6999969482422,144.08999633789062,139.95579528808594,483900,0.0,0.0
2022-12-19 00:00:00-05:00,144.0500030517578,145.7100067138672,142.5399932861328,143.00999450683594,138.90676879882812,124200,0.0,0.0
2022-12-20 00:00:00-05:00,142.97999572753906,146.38999938964844,142.44000244140625,144.86000061035156,140.70367431640625,160500,0.0,0.0
2022-12-21 00:00:00-05:00,145.24000549316406,148.10000610351562,145.24000549316406,147.35000610351562,143.12225341796875,106700,0.0,0.0
2022-12-22 00:00:00-05:00,145.8000030517578,146.1999969482422,143.24000549316406,145.57000732421875,141.39332580566406,79700,0.0,0.0
2022-12-23 00:00:00-05:00,145.75999450683594,147.50999450683594,145.32000732421875,146.86000061035156,142.64633178710938,55000,0.0,0.0
2022-12-27 00:00:00-05:00,146.25,148.5500030517578,145.17999267578125,147.33999633789062,143.11251831054688,44300,0.0,0.0
2022-12-28 00:00:00-05:00,147.5500030517578,148.16000366210938,144.41000366210938,144.72000122070312,140.56771850585938,48200,0.0,0.0
2022-12-29 00:00:00-05:00,145.91000366210938,150.17999267578125,145.77999877929688,149.0800018310547,144.80262756347656,105700,0.0,0.0
2022-12-30 00:00:00-05:00,147.88999938964844,148.60000610351562,145.16000366210938,146.22999572753906,142.0343780517578,71300,0.0,0.0
2023-01-03 00:00:00-05:00,147.6199951171875,147.88999938964844,143.61000061035156,145.6199951171875,141.44187927246094,226800,0.0,0.0
2023-01-04 00:00:00-05:00,146.55999755859375,147.7100067138672,144.49000549316406,144.91000366210938,140.7522430419922,92900,0.0,0.0
2023-01-05 00:00:00-05:00,143.94000244140625,145.57000732421875,142.10000610351562,143.13999938964844,139.03302001953125,121000,0.0,0.0
2023-01-06 00:00:00-05:00,144.82000732421875,149.25,144.82000732421875,148.61000061035156,144.34609985351562,87500,0.0,0.0
2023-01-09 00:00:00-05:00,149.05999755859375,151.86000061035156,149.05999755859375,149.77999877929688,145.48252868652344,85700,0.0,0.0
2023-01-10 00:00:00-05:00,149.77999877929688,153.08999633789062,149.10000610351562,152.9499969482422,148.56155395507812,80700,0.0,0.0
2023-01-11 00:00:00-05:00,152.1199951171875,156.00999450683594,152.1199951171875,155.72999572753906,151.26182556152344,185800,0.0,0.0
2023-01-12 00:00:00-05:00,156.47000122070312,156.7899932861328,153.74000549316406,155.64999389648438,151.18409729003906,132300,0.0,0.0
2023-01-13 00:00:00-05:00,155.38999938964844,158.8300018310547,154.27000427246094,158.25999450683594,153.7191925048828,71600,0.0,0.0
2023-01-17 00:00:00-05:00,158.8300018310547,160.47000122070312,156.6199951171875,156.64999389648438,152.15541076660156,90300,0.0,0.0
2023-01-18 00:00:00-05:00,156.58999633789062,158.97999572753906,154.24000549316406,154.5500030517578,150.1156768798828,89400,0.0,0.0
2023-01-19 00:00:00-05:00,154.4199981689453,154.4199981689453,150.9199981689453,151.60000610351562,147.25033569335938,72000,0.0,0.0
2023-01-20 00:00:00-05:00,153.02999877929688,155.4199981689453,151.92999267578125,153.86000061035156,149.4454345703125,163200,0.0,0.0
2023-01-23 00:00:00-05:00,153.55999755859375,154.50999450683594,152.6999969482422,153.8699951171875,149.45516967773438,121600,0.0,0.0
2023-01-24 00:00:00-05:00,151.72000122070312,156.14999389648438,150.9199981689453,154.86000061035156,150.4167938232422,57500,0.0,0.0
2023-01-25 00:00:00-05:00,153.8800048828125,154.8000030517578,152.75,154.27000427246094,149.8436737060547,70600,0.0,0.0
2023-01-26 00:00:00-05:00,155.3000030517578,157.3000030517578,152.47000122070312,157.0,152.49539184570312,90000,0.0,0.0
2023-01-27 00:00:00-05:00,156.8699951171875,160.14999389648438,156.1199951171875,159.27999877929688,154.70999145507812,87600,0.0,0.0
2023-01-30 00:00:00-05:00,158.69000244140625,160.19000244140625,157.17999267578125,157.94000244140625,153.40838623046875,72200,0.0,0.0
2023-01-31 00:00:00-05:00,158.7100067138672,163.74000549316406,158.7100067138672,163.52000427246094,158.8282928466797,125200,0.0,0.0
2023-02-01 00:00:00-05:00,162.92999267578125,168.60000610351562,161.8800048828125,167.5,162.694091796875,126000,0.0,0.0
2023-02-02 00:00:00-05:00,168.5800018310547,172.75,167.60000610351562,171.64999389648438,166.7250213623047,148800,0.0,0.0
2023-02-03 00:00:00-05:00,170.1699981689453,172.94000244140625,170.1699981689453,172.10000610351562,167.1621551513672,83000,0.0,0.0
2023-02-06 00:00:00-05:00,170.3699951171875,171.08999633789062,167.52000427246094,168.25,163.42257690429688,103300,0.0,0.0
2023-02-07 00:00:00-05:00,166.86000061035156,172.5,166.4499969482422,171.77000427246094,166.84158325195312,189300,0.0,0.0
2023-02-08 00:00:00-05:00,169.7899932861328,172.16000366210938,168.5800018310547,168.75999450683594,163.91793823242188,221800,0.0,0.0
2023-02-09 00:00:00-05:00,171.0,181.02000427246094,171.0,177.22000122070312,172.13523864746094,280200,0.0,0.0
2023-02-10 00:00:00-05:00,176.77999877929688,178.75999450683594,175.1999969482422,175.94000244140625,170.89199829101562,247900,0.0,0.0
2023-02-13 00:00:00-05:00,176.27000427246094,178.9199981689453,175.77999877929688,177.47999572753906,172.3877716064453,174100,0.0,0.0
2023-02-14 00:00:00-05:00,177.9499969482422,178.86000061035156,175.7899932861328,177.83999633789062,172.73744201660156,145300,0.0,0.0
2023-02-15 00:00:00-05:00,177.0,181.39999389648438,177.0,177.8300018310547,172.7277374267578,137600,0.0,0.0
2023-02-16 00:00:00-05:00,174.9499969482422,177.3000030517578,173.00999450683594,175.10000610351562,170.0760498046875,234200,0.0,0.0
2023-02-17 00:00:00-05:00,175.97999572753906,180.00999450683594,175.4199981689453,179.36000061035156,174.21383666992188,116600,0.0,0.0
2023-02-21 00:00:00-05:00,177.1999969482422,177.1999969482422,174.1300048828125,175.91000366210938,170.86279296875,164400,0.0,0.0
2023-02-22 00:00:00-05:00,175.91000366210938,178.11000061035156,175.32000732421875,175.3300018310547,170.29945373535156,91200,0.0,0.0
2023-02-23 00:00:00-05:00,176.30999755859375,177.89999389648438,172.55999755859375,174.2899932861328,169.28927612304688,108500,0.0,0.0
2023-02-24 00:00:00-05:00,172.17999267578125,173.57000732421875,170.61000061035156,173.0,168.03628540039062,118500,0.0,0.0
2023-02-27 00:00:00-05:00,175.00999450683594,176.61000061035156,173.24000549316406,175.47999572753906,170.4451446533203,67000,0.0,0.0
2023-02-28 00:00:00-05:00,175.00999450683594,178.13999938964844,175.00999450683594,175.22999572753906,170.49375915527344,158700,0.3,0.0
2023-03-01 00:00:00-05:00,174.89999389648438,176.00999450683594,173.08999633789062,174.0399932861328,169.33592224121094,170000,0.0,0.0
2023-03-02 00:00:00-05:00,172.77999877929688,175.89999389648438,171.49000549316406,174.80999755859375,170.0851593017578,105000,0.0,0.0
2023-03-03 00:00:00-05:00,175.89999389648438,177.5399932861328,173.9499969482422,177.30999755859375,172.51754760742188,110700,0.0,0.0
2023-03-06 00:00:00-05:00,177.36000061035156,178.3000030517578,175.4600067138672,175.66000366210938,170.9121551513672,97000,0.0,0.0
2023-03-07 00:00:00-05:00,176.33999633789062,176.77000427246094,173.77000427246094,173.77999877929688,169.08297729492188,91400,0.0,0.0
2023-03-08 00:00:00-05:00,173.9499969482422,175.63999938964844,173.16000366210938,175.47999572753906,170.73704528808594,75100,0.0,0.0
2023-03-09 00:00:00-05:00,176.0,176.05999755859375,171.67999267578125,172.2100067138672,167.55543518066406,137300,0.0,0.0
2023-03-10 00:00:00-05:00,171.6300048828125,171.6999969482422,165.85000610351562,166.4600067138672,161.96083068847656,176800,0.0,0.0
2023-03-13 00:00:00-04:00,163.6999969482422,164.6999969482422,161.0800018310547,163.32000732421875,158.90573120117188,223500,0.0,0.0
2023-03-14 00:00:00-04:00,167.6999969482422,168.92999267578125,163.77999877929688,166.9600067138672,162.4473114013672,168500,0.0,0.0
2023-03-15 00:00:00-04:00,162.5800018310547,164.69000244140625,161.44000244140625,162.83999633789062,158.4386749267578,184300,0.0,0.0
2023-03-16 00:00:00-04:00,160.5,165.50999450683594,160.5,163.99000549316406,159.5575714111328,131600,0.0,0.0
2023-03-17 00:00:00-04:00,163.19000244140625,163.22000122070312,159.9499969482422,160.85000610351562,156.50244140625,358000,0.0,0.0
2023-03-20 00:00:00-04:00,162.3300018310547,164.19000244140625,162.0500030517578,163.1199951171875,158.71109008789062,200600,0.0,0.0
2023-03-21 00:00:00-04:00,165.72999572753906,167.52000427246094,163.75999450683594,164.75999450683594,160.30677795410156,182600,0.0,0.0
2023-03-22 00:00:00-04:00,164.7899932861328,165.69000244140625,160.52999877929688,160.8699951171875,156.52191162109375,153700,0.0,0.0
2023-03-23 00:00:00-04:00,160.92999267578125,163.92999267578125,158.9199981689453,159.8300018310547,155.51002502441406,135300,0.0,0.0
2023-03-24 00:00:00-04:00,158.0,160.66000366210938,156.47000122070312,160.3000030517578,155.9673309326172,117000,0.0,0.0
2023-03-27 00:00:00-04:00,162.22999572753906,162.39999389648438,160.6300048828125,160.92999267578125,156.58029174804688,111000,0.0,0.0
2023-03-28 00:00:00-04:00,160.6699981689453,163.0500030517578,160.6699981689453,162.22999572753906,157.8451385498047,97400,0.0,0.0
2023-03-29 00:00:00-04:00,163.7100067138672,164.72999572753906,162.6300048828125,163.8699951171875,159.44081115722656,109100,0.0,0.0
2023-03-30 00:00:00-04:00,165.67999267578125,167.4499969482422,165.13999938964844,165.60000610351562,161.12408447265625,109800,0.0,0.0
2023-03-31 00:00:00-04:00,167.10000610351562,168.44000244140625,166.17999267578125,168.32000732421875,163.7705535888672,128400,0.0,0.0
2023-04-03 00:00:00-04:00,167.72000122070312,168.92999267578125,165.86000061035156,168.3699951171875,163.81919860839844,129100,0.0,0.0
2023-04-04 00:00:00-04:00,168.8000030517578,168.8000030517578,161.25999450683594,162.77000427246094,158.37057495117188,104000,0.0,0.0
2023-04-05 00:00:00-04:00,161.55999755859375,161.55999755859375,155.91000366210938,157.64999389648438,153.38894653320312,189100,0.0,0.0
2023-04-06 00:00:00-04:00,157.72000122070312,158.1300048828125,154.9199981689453,155.13999938964844,150.94679260253906,187500,0.0,0.0
2023-04-10 00:00:00-04:00,154.08999633789062,157.97999572753906,153.25,156.99000549316406,152.74679565429688,150000,0.0,0.0
2023-04-11 00:00:00-04:00,157.99000549316406,160.27999877929688,157.99000549316406,158.44000244140625,154.15760803222656,101500,0.0,0.0
2023-04-12 00:00:00-04:00,160.3000030517578,161.66000366210938,159.32000732421875,159.9199981689453,155.5975799560547,93500,0.0,0.0
2023-04-13 00:00:00-04:00,160.3699951171875,162.07000732421875,158.25999450683594,160.5500030517578,156.2105712890625,98900,0.0,0.0
2023-04-14 00:00:00-04:00,160.3300018310547,163.19000244140625,159.27999877929688,160.10000610351562,155.77272033691406,80500,0.0,0.0
2023-04-17 00:00:00-04:00,160.10000610351562,161.88999938964844,159.97000122070312,161.3699951171875,157.0084228515625,92100,0.0,0.0
2023-04-18 00:00:00-04:00,162.3699951171875,163.02000427246094,160.22000122070312,161.24000549316406,156.88192749023438,83900,0.0,0.0
2023-04-19 00:00:00-04:00,161.0,162.22000122070312,160.64999389648438,161.10000610351562,156.74569702148438,97500,0.0,0.0
2023-04-20 00:00:00-04:00,160.58999633789062,162.5500030517578,160.00999450683594,161.5399932861328,157.17381286621094,57600,0.0,0.0
2023-04-21 00:00:00-04:00,162.85000610351562,162.85000610351562,161.02000427246094,162.05999755859375,157.6797332763672,178900,0.0,0.0
2023-04-24 00:00:00-04:00,161.8000030517578,163.8000030517578,161.0399932861328,161.77000427246094,157.3975830078125,79100,0.0,0.0
2023-04-25 00:00:00-04:00,160.86000061035156,162.24000549316406,159.80999755859375,159.82000732421875,155.50033569335938,91800,0.0,0.0
2023-04-26 00:00:00-04:00,158.30999755859375,159.7100067138672,156.2899932861328,156.57000732421875,152.33815002441406,102600,0.0,0.0
2023-04-27 00:00:00-04:00,158.1699981689453,162.86000061035156,158.1699981689453,162.74000549316406,158.3413848876953,108000,0.0,0.0
2023-04-28 00:00:00-04:00,162.83999633789062,164.5399932861328,161.41000366210938,161.72999572753906,157.3586883544922,133500,0.0,0.0
2023-05-01 00:00:00-04:00,161.5399932861328,164.47999572753906,161.10000610351562,162.35000610351562,157.96188354492188,117000,0.0,0.0
2023-05-02 00:00:00-04:00,162.1999969482422,163.24000549316406,160.22999572753906,162.5,158.10789489746094,140400,0.0,0.0
2023-05-03 00:00:00-04:00,163.58999633789062,170.38999938964844,163.5,166.99000549316406,162.47650146484375,204200,0.0,0.0
2023-05-04 00:00:00-04:00,161.60000610351562,169.27999877929688,160.58999633789062,168.14999389648438,163.60516357421875,201800,0.0,0.0
2023-05-05 00:00:00-04:00,170.97000122070312,173.89999389648438,170.16000366210938,173.3699951171875,168.68406677246094,141400,0.0,0.0
2023-05-08 00:00:00-04:00,174.0,175.1199951171875,168.69000244140625,170.1199951171875,165.52191162109375,136100,0.0,0.0
2023-05-09 00:00:00-04:00,169.60000610351562,170.3000030517578,167.97000122070312,168.08999633789062,163.54678344726562,95700,0.0,0.0
2023-05-10 00:00:00-04:00,169.9499969482422,169.9499969482422,165.00999450683594,167.92999267578125,163.39109802246094,105000,0.0,0.0
2023-05-11 00:00:00-04:00,166.6999969482422,166.85000610351562,164.00999450683594,165.97000122070312,161.48410034179688,86000,0.0,0.0
2023-05-12 00:00:00-04:00,166.41000366210938,167.2899932861328,162.82000732421875,165.6699981689453,161.19215393066406,140600,0.0,0.0
2023-05-15 00:00:00-04:00,165.52999877929688,165.94000244140625,162.97999572753906,164.8800048828125,160.42355346679688,134900,0.0,0.0
2023-05-16 00:00:00-04:00,164.5,164.5,161.3699951171875,163.00999450683594,158.60406494140625,98800,0.0,0.0
2023-05-17 00:00:00-04:00,163.5,165.4600067138672,162.6699981689453,164.94000244140625,160.4818878173828,104100,0.0,0.0
2023-05-18 00:00:00-04:00,164.67999267578125,167.13999938964844,164.42999267578125,167.00999450683594,162.4959716796875,93500,0.0,0.0
2023-05-19 00:00:00-04:00,169.02999877929688,169.02999877929688,164.75999450683594,165.55999755859375,161.0851593017578,78900,0.0,0.0
2023-05-22 00:00:00-04:00,165.99000549316406,166.47000122070312,163.39999389648438,165.57000732421875,161.09487915039062,63400,0.0,0.0
2023-05-23 00:00:00-04:00,164.39999389648438,166.14999389648438,163.02999877929688,163.49000549316406,159.07110595703125,97400,0.0,0.0
2023-05-24 00:00:00-04:00,163.2100067138672,163.2100067138672,160.75999450683594,161.35000610351562,156.9889373779297,86200,0.0,0.0
2023-05-25 00:00:00-04:00,160.9600067138672,162.89999389648438,160.0,162.83999633789062,158.4386749267578,97500,0.0,0.0
2023-05-26 00:00:00-04:00,162.47999572753906,165.25999450683594,162.47999572753906,165.25,160.78353881835938,68000,0.0,0.0
2023-05-30 00:00:00-04:00,165.25,166.3800048828125,163.47999572753906,164.69000244140625,160.23867797851562,62000,0.0,0.0
2023-05-31 00:00:00-04:00,164.08999633789062,164.99000549316406,157.64999389648438,158.4499969482422,154.50503540039062,130000,0.36,0.0
2023-06-01 00:00:00-04:00,158.7899932861328,161.3000030517578,156.85000610351562,161.27000427246094,157.25486755371094,115700,0.0,0.0
2023-06-02 00:00:00-04:00,163.8000030517578,168.57000732421875,162.9499969482422,168.1999969482422,164.01231384277344,111400,0.0,0.0
2023-06-05 00:00:00-04:00,166.8699951171875,167.30999755859375,163.66000366210938,165.75999450683594,161.63304138183594,74300,0.0,0.0
2023-06-06 00:00:00-04:00,165.13999938964844,172.42999267578125,165.13999938964844,171.6300048828125,167.35691833496094,110800,0.0,0.0
2023-06-07 00:00:00-04:00,172.3000030517578,178.02999877929688,172.3000030517578,177.3300018310547,172.91500854492188,136900,0.0,0.0
2023-06-08 00:00:00-04:00,177.0,177.3800048828125,175.07000732421875,175.82000732421875,171.44261169433594,93800,0.0,0.0
2023-06-09 00:00:00-04:00,175.6999969482422,176.6199951171875,172.44000244140625,174.0399932861328,169.70689392089844,109400,0.0,0.0
2023-06-12 00:00:00-04:00,174.0,175.57000732421875,172.7100067138672,174.6300048828125,170.28224182128906,102900,0.0,0.0
2023-06-13 00:00:00-04:00,175.1999969482422,177.22000122070312,174.64999389648438,176.5500030517578,172.15443420410156,119500,0.0,0.0
2023-06-14 00:00:00-04:00,176.72000122070312,178.83999633789062,174.22000122070312,176.39999389648438,172.0081787109375,99500,0.0,0.0
2023-06-15 00:00:00-04:00,175.47999572753906,178.1999969482422,175.47999572753906,177.9499969482422,173.51956176757812,106900,0.0,0.0
2023-06-16 00:00:00-04:00,179.97999572753906,179.97999572753906,177.0399932861328,179.14999389648438,174.68968200683594,281700,0.0,0.0
2023-06-20 00:00:00-04:00,177.8699951171875,178.99000549316406,176.1199951171875,176.4499969482422,172.05691528320312,102300,0.0,0.0
2023-06-21 00:00:00-04:00,175.3800048828125,178.52000427246094,174.66000366210938,177.75999450683594,173.33428955078125,69800,0.0,0.0
2023-06-22 00:00:00-04:00,177.60000610351562,177.60000610351562,175.41000366210938,176.69000244140625,172.29095458984375,64300,0.0,0.0
2023-06-23 00:00:00-04:00,174.0399932861328,176.94000244140625,173.8300018310547,175.1199951171875,170.7600555419922,231200,0.0,0.0
2023-06-26 00:00:00-04:00,174.5,178.22999572753906,174.5,176.35000610351562,171.95944213867188,74600,0.0,0.0
2023-06-27 00:00:00-04:00,177.11000061035156,178.89999389648438,177.11000061035156,178.75999450683594,174.3094024658203,76100,0.0,0.0
2023-06-28 00:00:00-04:00,178.8000030517578,179.1199951171875,177.4199981689453,178.2899932861328,173.85108947753906,59400,0.0,0.0
2023-06-29 00:00:00-04:00,177.97000122070312,181.66000366210938,177.24000549316406,181.1300048828125,176.6204071044922,71500,0.0,0.0
2023-06-30 00:00:00-04:00,182.52999877929688,184.74000549316406,182.52999877929688,183.72999572753906,179.1556854248047,256500,0.0,0.0
2023-07-03 00:00:00-04:00,183.11000061035156,184.5,182.88999938964844,184.5,179.90650939941406,53500,0.0,0.0
2023-07-05 00:00:00-04:00,181.91000366210938,183.36000061035156,178.10000610351562,178.13999938964844,173.704833984375,155200,0.0,0.0
2023-07-06 00:00:00-04:00,177.02000427246094,177.02000427246094,174.4199981689453,176.2100067138672,171.82290649414062,69000,0.0,0.0
2023-07-07 00:00:00-04:00,175.7100067138672,177.4600067138672,174.8800048828125,175.0500030517578,170.6917724609375,165800,0.0,0.0
2023-07-10 00:00:00-04:00,175.2899932861328,179.44000244140625,174.24000549316406,178.6300048828125,174.18264770507812,183500,0.0,0.0
2023-07-11 00:00:00-04:00,179.36000061035156,181.33999633789062,178.27000427246094,178.83999633789062,174.38743591308594,79700,0.0,0.0
2023-07-12 00:00:00-04:00,182.19000244140625,183.72000122070312,180.5,181.8800048828125,177.35171508789062,82600,0.0,0.0
2023-07-13 00:00:00-04:00,182.52000427246094,182.99000549316406,181.77999877929688,182.52000427246094,177.97579956054688,55500,0.0,0.0
2023-07-14 00:00:00-04:00,182.2899932861328,182.2899932861328,179.74000549316406,181.8300018310547,177.30294799804688,60900,0.0,0.0
2023-07-17 00:00:00-04:00,181.85000610351562,186.1999969482422,180.91000366210938,184.4600067138672,179.8675079345703,78600,0.0,0.0
2023-07-18 00:00:00-04:00,184.32000732421875,188.77999877929688,184.22000122070312,188.72999572753906,184.03114318847656,103800,0.0,0.0
2023-07-19 00:00:00-04:00,188.32000732421875,189.4499969482422,187.2100067138672,187.24000549316406,182.5782928466797,145600,0.0,0.0
2023-07-20 00:00:00-04:00,188.86000061035156,189.13999938964844,186.4499969482422,187.0,182.34425354003906,98500,0.0,0.0
2023-07-21 00:00:00-04:00,188.02000427246094,188.5800018310547,185.22999572753906,185.33999633789062,180.7255859375,118900,0.0,0.0
2023-07-24 00:00:00-04:00,186.32000732421875,187.60000610351562,184.66000366210938,187.44000244140625,182.7733154296875,120200,0.0,0.0
2023-07-25 00:00:00-04:00,186.44000244140625,190.25999450683594,186.44000244140625,188.4499969482422,183.75811767578125,139300,0.0,0.0
2023-07-26 00:00:00-04:00,188.0,190.38999938964844,186.5,186.55999755859375,181.9152069091797,93600,0.0,0.0
2023-07-27 00:00:00-04:00,187.13999938964844,187.13999938964844,183.3000030517578,184.36000061035156,179.7699737548828,124200,0.0,0.0
2023-07-28 00:00:00-04:00,185.60000610351562,186.6300048828125,182.91000366210938,183.8300018310547,179.25315856933594,85600,0.0,0.0
2023-07-31 00:00:00-04:00,184.2100067138672,186.5800018310547,184.10000610351562,186.52999877929688,181.8859405517578,67600,0.0,0.0
2023-08-01 00:00:00-04:00,185.66000366210938,187.0399932861328,184.92999267578125,186.47000122070312,181.82745361328125,113800,0.0,0.0
2023-08-02 00:00:00-04:00,184.6999969482422,187.9199981689453,183.9499969482422,187.6199951171875,182.9488067626953,136200,0.0,0.0
2023-08-03 00:00:00-04:00,185.86000061035156,190.52000427246094,184.27000427246094,187.91000366210938,183.23159790039062,154200,0.0,0.0
2023-08-04 00:00:00-04:00,188.86000061035156,192.1999969482422,186.4600067138672,190.27000427246094,185.53286743164062,116400,0.0,0.0
2023-08-07 00:00:00-04:00,190.82000732421875,192.92999267578125,189.99000549316406,191.99000549316406,187.2100372314453,115300,0.0,0.0
2023-08-08 00:00:00-04:00,190.27999877929688,190.42999267578125,185.27999877929688,190.41000366210938,185.6693878173828,88000,0.0,0.0
2023-08-09 00:00:00-04:00,190.91000366210938,190.91000366210938,187.1300048828125,188.89999389648438,184.1969451904297,71900,0.0,0.0
2023-08-10 00:00:00-04:00,189.9600067138672,190.94000244140625,187.27999877929688,188.0800018310547,183.39736938476562,55700,0.0,0.0
2023-08-11 00:00:00-04:00,187.89999389648438,189.77000427246094,187.0,188.1699981689453,183.48509216308594,84600,0.0,0.0
2023-08-14 00:00:00-04:00,187.8300018310547,188.83999633789062,186.13999938964844,188.64999389648438,183.9531707763672,75900,0.0,0.0
2023-08-15 00:00:00-04:00,187.89999389648438,188.5500030517578,186.35000610351562,187.94000244140625,183.2608642578125,55200,0.0,0.0
2023-08-16 00:00:00-04:00,188.02999877929688,189.33999633789062,187.14999389648438,187.3800048828125,182.71481323242188,79300,0.0,0.0
2023-08-17 00:00:00-04:00,187.27999877929688,188.44000244140625,183.14999389648438,183.25,178.68763732910156,54700,0.0,0.0
2023-08-18 00:00:00-04:00,182.8000030517578,183.82000732421875,182.02000427246094,182.69000244140625,178.14154052734375,77500,0.0,0.0
2023-08-21 00:00:00-04:00,182.9499969482422,184.36000061035156,181.75,183.50999450683594,178.94113159179688,51700,0.0,0.0
2023-08-22 00:00:00-04:00,184.22999572753906,184.22999572753906,181.6699981689453,182.27999877929688,177.74176025390625,47000,0.0,0.0
2023-08-23 00:00:00-04:00,183.07000732421875,185.16000366210938,181.07000732421875,184.75,180.1502685546875,52900,0.0,0.0
2023-08-24 00:00:00-04:00,183.13999938964844,185.2899932861328,180.67999267578125,181.02000427246094,176.5131378173828,92200,0.0,0.0
2023-08-25 00:00:00-04:00,182.0,183.89999389648438,180.86000061035156,183.17999267578125,178.6193389892578,80700,0.0,0.0
2023-08-28 00:00:00-04:00,183.47999572753906,186.8800048828125,183.22999572753906,185.9600067138672,181.3301239013672,51000,0.0,0.0
2023-08-29 00:00:00-04:00,185.5500030517578,188.3800048828125,184.72000122070312,188.2899932861328,183.60214233398438,48300,0.0,0.0
2023-08-30 00:00:00-04:00,188.97999572753906,191.0,188.7100067138672,189.52000427246094,184.80152893066406,53200,0.0,0.0
2023-08-31 00:00:00-04:00,190.27000427246094,192.9199981689453,188.25,188.77000427246094,184.42050170898438,180700,0.36,0.0
2023-09-01 00:00:00-04:00,190.0,190.0,187.3800048828125,188.47000122070312,184.12742614746094,105000,0.0,0.0
2023-09-05 00:00:00-04:00,187.0,187.0,178.08999633789062,182.3800048828125,178.17774963378906,99700,0.0,0.0
2023-09-06 00:00:00-04:00,181.83999633789062,184.35000610351562,181.83999633789062,183.72999572753906,179.4966278076172,81500,0.0,0.0
2023-09-07 00:00:00-04:00,182.97999572753906,183.3000030517578,179.2100067138672,181.0,176.8295440673828,69000,0.0,0.0
2023-09-08 00:00:00-04:00,181.42999267578125,181.89999389648438,179.2100067138672,180.24000549316406,176.0870361328125,62400,0.0,0.0
2023-09-11 00:00:00-04:00,181.2100067138672,181.2100067138672,177.6999969482422,178.57000732421875,174.45555114746094,122100,0.0,0.0
2023-09-12 00:00:00-04:00,178.4499969482422,178.94000244140625,176.6199951171875,177.55999755859375,173.4687957763672,81300,0.0,0.0
2023-09-13 00:00:00-04:00,177.39999389648438,177.49000549316406,174.85000610351562,176.6199951171875,172.55044555664062,98700,0.0,0.0
2023-09-14 00:00:00-04:00,178.02000427246094,181.47999572753906,177.3699951171875,181.32000732421875,177.1421661376953,149600,0.0,0.0
2023-09-15 00:00:00-04:00,181.1199951171875,181.1199951171875,176.97000122070312,178.27999877929688,174.1721954345703,430400,0.0,0.0
2023-09-18 00:00:00-04:00,178.27999877929688,180.77000427246094,177.77000427246094,178.08999633789062,173.98660278320312,98900,0.0,0.0
2023-09-19 00:00:00-04:00,178.0,178.16000366210938,175.72000122070312,176.82000732421875,172.745849609375,87000,0.0,0.0
2023-09-20 00:00:00-04:00,177.5399932861328,179.5,176.19000244140625,176.27999877929688,172.21829223632812,89500,0.0,0.0
2023-09-21 00:00:00-04:00,175.17999267578125,176.5399932861328,173.14999389648438,174.30999755859375,170.29368591308594,107500,0.0,0.0
2023-09-22 00:00:00-04:00,173.6699981689453,174.39999389648438,172.27000427246094,172.32000732421875,168.3495330810547,86500,0.0,0.0
2023-09-25 00:00:00-04:00,171.6999969482422,173.97999572753906,170.4199981689453,172.7899932861328,168.80870056152344,126600,0.0,0.0
2023-09-26 00:00:00-04:00,172.10000610351562,173.36000061035156,171.7100067138672,171.75999450683594,167.80245971679688,72900,0.0,0.0
2023-09-27 00:00:00-04:00,172.5399932861328,174.5,171.85000610351562,173.82000732421875,169.81497192382812,76300,0.0,0.0
2023-09-28 00:00:00-04:00,173.5500030517578,176.77999877929688,173.5500030517578,176.02000427246094,171.96426391601562,59400,0.0,0.0
2023-09-29 00:00:00-04:00,176.5500030517578,177.3800048828125,172.4199981689453,172.82000732421875,168.8380126953125,149400,0.0,0.0
2023-10-02 00:00:00-04:00,172.13999938964844,173.60000610351562,170.75999450683594,171.4600067138672,167.50936889648438,112300,0.0,0.0
2023-10-03 00:00:00-04:00,170.17999267578125,172.3800048828125,169.4499969482422,170.1199951171875,166.20022583007812,65400,0.0,0.0
2023-10-04 00:00:00-04:00,170.3800048828125,172.07000732421875,168.13999938964844,170.91000366210938,166.97203063964844,59400,0.0,0.0
2023-10-05 00:00:00-04:00,171.75999450683594,173.24000549316406,170.52000427246094,171.6300048828125,167.67544555664062,101700,0.0,0.0
2023-10-06 00:00:00-04:00,171.13999938964844,172.6199951171875,170.05999755859375,171.47999572753906,167.52890014648438,70800,0.0,0.0
2023-10-09 00:00:00-04:00,170.33999633789062,173.11000061035156,169.14999389648438,172.38999938964844,168.4179229736328,69700,0.0,0.0
2023-10-10 00:00:00-04:00,172.36000061035156,175.0,172.1300048828125,172.1699981689453,168.20298767089844,126100,0.0,0.0
2023-10-11 00:00:00-04:00,172.11000061035156,180.25999450683594,172.11000061035156,180.1300048828125,175.97958374023438,221200,0.0,0.0
2023-10-12 00:00:00-04:00,179.4600067138672,182.05999755859375,178.22000122070312,181.24000549316406,177.06402587890625,217600,0.0,0.0
2023-10-13 00:00:00-04:00,181.50999450683594,182.0,177.9600067138672,178.13999938964844,174.0354461669922,255600,0.0,0.0
2023-10-16 00:00:00-04:00,180.32000732421875,185.6999969482422,179.97000122070312,185.16000366210938,180.8936767578125,156900,0.0,0.0
2023-10-17 00:00:00-04:00,184.5,187.16000366210938,182.86000061035156,183.05999755859375,178.84205627441406,205900,0.0,0.0
2023-10-18 00:00:00-04:00,180.72000122070312,180.72000122070312,175.25,175.25,171.21200561523438,185800,0.0,0.0
2023-10-19 00:00:00-04:00,174.1199951171875,178.3800048828125,172.3800048828125,174.69000244140625,170.6649169921875,156200,0.0,0.0
2023-10-20 00:00:00-04:00,175.36000061035156,177.47999572753906,171.1199951171875,172.27000427246094,168.3006591796875,251400,0.0,0.0
2023-10-23 00:00:00-04:00,172.3300018310547,174.52999877929688,170.1699981689453,170.1999969482422,166.27838134765625,164100,0.0,0.0
2023-10-24 00:00:00-04:00,171.8300018310547,173.33999633789062,170.82000732421875,172.52999877929688,168.55471801757812,138500,0.0,0.0
2023-10-25 00:00:00-04:00,170.75,174.52999877929688,168.77000427246094,172.36000061035156,168.38858032226562,258100,0.0,0.0
2023-10-26 00:00:00-04:00,173.97999572753906,174.0399932861328,170.52999877929688,170.69000244140625,166.757080078125,116100,0.0,0.0
2023-10-27 00:00:00-04:00,170.74000549316406,171.25,167.8699951171875,169.4199981689453,165.51634216308594,98500,0.0,0.0
2023-10-30 00:00:00-04:00,171.66000366210938,172.47999572753906,169.7100067138672,171.7899932861328,167.8317413330078,88400,0.0,0.0
2023-10-31 00:00:00-04:00,171.57000732421875,173.67999267578125,171.39999389648438,173.00999450683594,169.0236358642578,142600,0.0,0.0
2023-11-01 00:00:00-04:00,172.9600067138672,173.88999938964844,171.13999938964844,173.7100067138672,169.70748901367188,133700,0.0,0.0
2023-11-02 00:00:00-04:00,181.66000366210938,186.17999267578125,174.0399932861328,185.61000061035156,181.33334350585938,247900,0.0,0.0
2023-11-03 00:00:00-04:00,191.5800018310547,192.82000732421875,188.47999572753906,190.47000122070312,186.08131408691406,158400,0.0,0.0
2023-11-06 00:00:00-05:00,190.19000244140625,191.27000427246094,184.07000732421875,185.77999877929688,181.49942016601562,136800,0.0,0.0
2023-11-07 00:00:00-05:00,185.58999633789062,186.80999755859375,184.05999755859375,185.44000244140625,181.16726684570312,137200,0.0,0.0
2023-11-08 00:00:00-05:00,186.1300048828125,187.5,185.1999969482422,186.4600067138672,182.16372680664062,124100,0.0,0.0
2023-11-09 00:00:00-05:00,187.1999969482422,190.0,187.1999969482422,187.6199951171875,183.2969970703125,104700,0.0,0.0
2023-11-10 00:00:00-05:00,189.47000122070312,190.22000122070312,187.47000122070312,188.85000610351562,184.49867248535156,89200,0.0,0.0
2023-11-13 00:00:00-05:00,188.3000030517578,190.1199951171875,187.52000427246094,188.7899932861328,184.44003295898438,100100,0.0,0.0
2023-11-14 00:00:00-05:00,191.6699981689453,197.13999938964844,191.6699981689453,196.83999633789062,192.30453491210938,134700,0.0,0.0
2023-11-15 00:00:00-05:00,197.1300048828125,199.2100067138672,192.3800048828125,193.22999572753906,188.77772521972656,167800,0.0,0.0
2023-11-16 00:00:00-05:00,193.5,194.72000122070312,191.8000030517578,192.8800048828125,188.43582153320312,108400,0.0,0.0
2023-11-17 00:00:00-05:00,193.50999450683594,195.1999969482422,193.17999267578125,193.75,189.28573608398438,115900,0.0,0.0
2023-11-20 00:00:00-05:00,194.2100067138672,195.24000549316406,192.8800048828125,193.77000427246094,189.30528259277344,81500,0.0,0.0
2023-11-21 00:00:00-05:00,192.44000244140625,195.3699951171875,190.25999450683594,193.6699981689453,189.20758056640625,67200,0.0,0.0
2023-11-22 00:00:00-05:00,195.13999938964844,195.91000366210938,194.4199981689453,194.91000366210938,190.4190216064453,74000,0.0,0.0
2023-11-24 00:00:00-05:00,194.5,196.60000610351562,194.5,196.08999633789062,191.57183837890625,31000,0.0,0.0
2023-11-27 00:00:00-05:00,194.41000366210938,197.1199951171875,194.41000366210938,195.52000427246094,191.01499938964844,95300,0.0,0.0
2023-11-28 00:00:00-05:00,194.30999755859375,196.17999267578125,192.17999267578125,192.27000427246094,187.8398895263672,75200,0.0,0.0
2023-11-29 00:00:00-05:00,193.88999938964844,195.02000427246094,191.75999450683594,191.77999877929688,187.36117553710938,104500,0.0,0.0
2023-11-30 00:00:00-05:00,192.07000732421875,194.17999267578125,190.7899932861328,192.50999450683594,188.42800903320312,117700,0.36,0.0
2023-12-01 00:00:00-05:00,192.2899932861328,197.13999938964844,192.2899932861328,196.47000122070312,192.3040771484375,110600,0.0,0.0
2023-12-04 00:00:00-05:00,195.8000030517578,197.94000244140625,195.8000030517578,197.5800018310547,193.39051818847656,86800,0.0,0.0
2023-12-05 00:00:00-05:00,197.58999633789062,197.58999633789062,195.14999389648438,195.58999633789062,191.4427490234375,79100,0.0,0.0
2023-12-06 00:00:00-05:00,197.36000061035156,199.1999969482422,195.49000549316406,195.50999450683594,191.36439514160156,85100,0.0,0.0
2023-12-07 00:00:00-05:00,196.38999938964844,197.80999755859375,196.08999633789062,197.35000610351562,193.16542053222656,97000,0.0,0.0
2023-12-08 00:00:00-05:00,197.2899932861328,200.05999755859375,197.2899932861328,197.69000244140625,193.4982147216797,100300,0.0,0.0
2023-12-11 00:00:00-05:00,197.25999450683594,198.85000610351562,197.25999450683594,198.36000061035156,194.15399169921875,96400,0.0,0.0
2023-12-12 00:00:00-05:00,198.9199981689453,199.19000244140625,197.33999633789062,198.39999389648438,194.19314575195312,114900,0.0,0.0
2023-12-13 00:00:00-05:00,197.94000244140625,202.94000244140625,196.6999969482422,201.27999877929688,197.0120849609375,145400,0.0,0.0
2023-12-14 00:00:00-05:00,203.72999572753906,207.72999572753906,203.72999572753906,206.57000732421875,202.18991088867188,114000,0.0,0.0
2023-12-15 00:00:00-05:00,206.52999877929688,208.49000549316406,204.7100067138672,204.75999450683594,200.41827392578125,380900,0.0,0.0
2023-12-18 00:00:00-05:00,204.66000366210938,205.8699951171875,203.05999755859375,205.1300048828125,200.7804412841797,94500,0.0,0.0
2023-12-19 00:00:00-05:00,206.83999633789062,209.74000549316406,206.83999633789062,207.6699981689453,203.2665557861328,110400,0.0,0.0
2023-12-20 00:00:00-05:00,207.4199981689453,212.1300048828125,205.55999755859375,205.92999267578125,201.5634765625,128300,0.0,0.0
2023-12-21 00:00:00-05:00,207.30999755859375,207.92999267578125,204.27999877929688,206.36000061035156,201.98434448242188,118200,0.0,0.0
2023-12-22 00:00:00-05:00,208.6199951171875,211.3800048828125,208.3800048828125,209.99000549316406,205.5373992919922,80000,0.0,0.0
2023-12-26 00:00:00-05:00,210.11000061035156,212.63999938964844,209.99000549316406,212.00999450683594,207.51454162597656,48400,0.0,0.0
2023-12-27 00:00:00-05:00,212.69000244140625,213.13999938964844,211.13999938964844,211.30999755859375,206.8293914794922,74200,0.0,0.0
2023-12-28 00:00:00-05:00,210.25999450683594,211.91000366210938,210.25999450683594,211.13999938964844,206.66299438476562,88600,0.0,0.0
2023-12-29 00:00:00-05:00,210.22000122070312,211.77999877929688,208.13999938964844,208.33999633789062,203.92239379882812,125500,0.0,0.0
2024-01-02 00:00:00-05:00,206.72000122070312,207.61000061035156,203.44000244140625,204.4600067138672,200.1246795654297,107800,0.0,0.0
2024-01-03 00:00:00-05:00,202.41000366210938,203.11000061035156,198.1300048828125,198.5800018310547,194.36932373046875,152500,0.0,0.0
2024-01-04 00:00:00-05:00,199.5399932861328,200.3000030517578,196.3800048828125,196.88999938964844,192.7151641845703,127800,0.0,0.0
2024-01-05 00:00:00-05:00,194.92999267578125,197.22000122070312,194.92999267578125,195.4600067138672,191.3155059814453,116900,0.0,0.0
2024-01-08 00:00:00-05:00,195.69000244140625,197.2100067138672,195.35000610351562,197.0500030517578,192.8717803955078,100400,0.0,0.0
2024-01-09 00:00:00-05:00,194.82000732421875,196.08999633789062,192.47999572753906,195.4499969482422,191.30567932128906,93300,0.0,0.0
2024-01-10 00:00:00-05:00,195.4499969482422,197.8300018310547,194.61000061035156,197.80999755859375,193.61566162109375,104400,0.0,0.0
2024-01-11 00:00:00-05:00,197.52999877929688,198.52000427246094,194.05999755859375,196.8000030517578,192.62705993652344,106200,0.0,0.0
2024-01-12 00:00:00-05:00,199.19000244140625,199.25999450683594,196.77999877929688,198.69000244140625,194.47698974609375,68600,0.0,0.0
2024-01-16 00:00:00-05:00,197.88999938964844,198.5399932861328,196.52999877929688,197.91000366210938,193.7135467529297,82300,0.0,0.0
2024-01-17 00:00:00-05:00,195.4600067138672,197.39999389648438,195.4600067138672,196.89999389648438,192.72496032714844,53700,0.0,0.0
2024-01-18 00:00:00-05:00,198.3000030517578,200.50999450683594,196.89999389648438,200.38999938964844,196.14093017578125,70200,0.0,0.0
2024-01-19 00:00:00-05:00,201.0500030517578,202.05999755859375,197.72000122070312,200.52000427246094,196.26820373535156,110300,0.0,0.0
2024-01-22 00:00:00-05:00,202.02999877929688,204.5500030517578,202.0,202.99000549316406,198.68582153320312,84200,0.0,0.0
2024-01-23 00:00:00-05:00,204.1199951171875,204.85000610351562,200.0399932861328,200.89999389648438,196.64012145996094,98000,0.0,0.0
2024-01-24 00:00:00-05:00,202.94000244140625,202.94000244140625,197.55999755859375,198.11000061035156,193.90928649902344,62800,0.0,0.0
2024-01-25 00:00:00-05:00,200.6199951171875,201.0399932861328,198.19000244140625,199.24000549316406,195.0153350830078,74900,0.0,0.0
2024-01-26 00:00:00-05:00,199.80999755859375,200.5,198.69000244140625,198.99000549316406,194.77064514160156,66400,0.0,0.0
2024-01-29 00:00:00-05:00,198.41000366210938,202.6699981689453,198.41000366210938,202.6699981689453,198.3726043701172,195700,0.0,0.0
2024-01-30 00:00:00-05:00,201.91000366210938,205.32000732421875,201.6999969482422,204.5500030517578,200.2127685546875,82100,0.0,0.0
2024-01-31 00:00:00-05:00,204.69000244140625,204.69000244140625,197.52999877929688,198.00999450683594,193.81141662597656,124500,0.0,0.0
2024-02-01 00:00:00-05:00,199.8300018310547,202.82000732421875,197.86000061035156,202.36000061035156,198.06918334960938,104600,0.0,0.0
2024-02-02 00:00:00-05:00,200.6199951171875,202.58999633789062,198.69000244140625,202.02000427246094,197.73638916015625,65500,0.0,0.0
2024-02-05 00:00:00-05:00,199.1699981689453,200.75,197.9600067138672,199.35000610351562,195.1230010986328,110200,0.0,0.0
2024-02-06 00:00:00-05:00,199.6699981689453,203.0,199.6699981689453,202.3699951171875,198.07894897460938,94500,0.0,0.0
2024-02-07 00:00:00-05:00,203.36000061035156,210.9499969482422,202.5,207.63999938964844,203.2372283935547,144100,0.0,0.0
2024-02-08 00:00:00-05:00,209.0800018310547,214.47999572753906,206.08999633789062,213.30999755859375,208.78697204589844,168700,0.0,0.0
2024-02-09 00:00:00-05:00,214.3699951171875,216.17999267578125,212.8800048828125,215.74000549316406,211.16549682617188,136900,0.0,0.0
2024-02-12 00:00:00-05:00,215.64999389648438,219.52000427246094,214.72000122070312,218.0,213.3775634765625,279500,0.0,0.0
2024-02-13 00:00:00-05:00,212.25999450683594,212.25999450683594,195.52000427246094,199.00999450683594,194.7902069091797,448200,0.0,0.0
2024-02-14 00:00:00-05:00,204.0,204.49000549316406,199.91000366210938,200.77000427246094,196.51287841796875,300600,0.0,0.0
2024-02-15 00:00:00-05:00,201.32000732421875,202.82000732421875,196.4600067138672,201.5,197.22740173339844,222100,0.0,0.0
2024-02-16 00:00:00-05:00,200.11000061035156,202.32000732421875,197.97000122070312,197.97999572753906,193.7820587158203,113600,0.0,0.0
2024-02-20 00:00:00-05:00,194.8699951171875,196.82000732421875,193.6300048828125,196.52999877929688,192.36279296875,125500,0.0,0.0
2024-02-21 00:00:00-05:00,197.16000366210938,198.38999938964844,195.5399932861328,197.47999572753906,193.29266357421875,136800,0.0,0.0
2024-02-22 00:00:00-05:00,198.3000030517578,199.3699951171875,194.77999877929688,196.3300018310547,192.1670379638672,188700,0.0,0.0
2024-02-23 00:00:00-05:00,197.02999877929688,199.0800018310547,197.02999877929688,197.88999938964844,193.6939697265625,110000,0.0,0.0
2024-02-26 00:00:00-05:00,196.67999267578125,199.0,196.67999267578125,198.22000122070312,194.01695251464844,98800,0.0,0.0
2024-02-27 00:00:00-05:00,198.9199981689453,199.44000244140625,197.10000610351562,199.25,195.02508544921875,103400,0.0,0.0
2024-02-28 00:00:00-05:00,198.6699981689453,200.7100067138672,198.63999938964844,199.50999450683594,195.27960205078125,71800,0.0,0.0
2024-02-29 00:00:00-05:00,201.49000549316406,204.24000549316406,200.88999938964844,203.9499969482422,199.9862823486328,232100,0.36,0.0
2024-03-01 00:00:00-05:00,203.3699951171875,206.88999938964844,202.74000549316406,205.97999572753906,201.97686767578125,147600,0.0,0.0
2024-03-04 00:00:00-05:00,206.72999572753906,209.77999877929688,205.77999877929688,206.42999267578125,202.41810607910156,132000,0.0,0.0
2024-03-05 00:00:00-05:00,205.14999389648438,207.07000732421875,202.8000030517578,203.72000122070312,199.7607879638672,103000,0.0,0.0
2024-03-06 00:00:00-05:00,205.3300018310547,206.05999755859375,203.6300048828125,204.35000610351562,200.37857055664062,85000,0.0,0.0
2024-03-07 00:00:00-05:00,205.8699951171875,208.0500030517578,204.72000122070312,206.25999450683594,202.2514190673828,79600,0.0,0.0
2024-03-08 00:00:00-05:00,208.19000244140625,209.24000549316406,204.3000030517578,204.88999938964844,200.90806579589844,70400,0.0,0.0
2024-03-11 00:00:00-04:00,204.13999938964844,204.6699981689453,202.8300018310547,203.3800048828125,199.42738342285156,95700,0.0,0.0
2024-03-12 00:00:00-04:00,203.3800048828125,204.44000244140625,200.99000549316406,202.77000427246094,198.82923889160156,124300,0.0,0.0
2024-03-13 00:00:00-04:00,202.07000732421875,204.9199981689453,202.07000732421875,203.77999877929688,199.8196258544922,109700,0.0,0.0
2024-03-14 00:00:00-04:00,203.4499969482422,204.86000061035156,201.1199951171875,202.38999938964844,198.4566192626953,98200,0.0,0.0
2024-03-15 00:00:00-04:00,201.64999389648438,205.33999633789062,201.64999389648438,204.0399932861328,200.07456970214844,403400,0.0,0.0
2024-03-18 00:00:00-04:00,204.0399932861328,205.88999938964844,201.16000366210938,201.17999267578125,197.27011108398438,92400,0.0,0.0
2024-03-19 00:00:00-04:00,200.69000244140625,204.61000061035156,200.69000244140625,204.1199951171875,200.1529998779297,88300,0.0,0.0
2024-03-20 00:00:00-04:00,204.17999267578125,207.22000122070312,203.36000061035156,206.38999938964844,202.37890625,85700,0.0,0.0
2024-03-21 00:00:00-04:00,206.38999938964844,212.5500030517578,206.38999938964844,211.11000061035156,207.00714111328125,185700,0.0,0.0
2024-03-22 00:00:00-04:00,211.0500030517578,212.27000427246094,208.4199981689453,210.94000244140625,206.84046936035156,132600,0.0,0.0
2024-03-25 00:00:00-04:00,210.8699951171875,210.97999572753906,208.16000366210938,209.1999969482422,205.13427734375,74100,0.0,0.0
2024-03-26 00:00:00-04:00,210.24000549316406,210.33999633789062,208.2899932861328,208.2899932861328,204.24195861816406,86900,0.0,0.0
2024-03-27 00:00:00-04:00,210.35000610351562,211.6699981689453,208.33999633789062,211.57000732421875,207.45822143554688,87900,0.0,0.0
2024-03-28 00:00:00-04:00,211.24000549316406,213.30999755859375,210.05999755859375,212.5500030517578,208.419189453125,109300,0.0,0.0
2024-04-01 00:00:00-04:00,212.74000549316406,212.74000549316406,209.02999877929688,209.91000366210938,205.83045959472656,91700,0.0,0.0
2024-04-02 00:00:00-04:00,208.9499969482422,211.42999267578125,204.38999938964844,206.0500030517578,202.04551696777344,139700,0.0,0.0
2024-04-03 00:00:00-04:00,204.50999450683594,209.75,204.50999450683594,207.55999755859375,203.5261688232422,79500,0.0,0.0
2024-04-04 00:00:00-04:00,209.8000030517578,210.77000427246094,204.1300048828125,204.66000366210938,200.68252563476562,95600,0.0,0.0
2024-04-05 00:00:00-04:00,204.6199951171875,207.41000366210938,204.6199951171875,206.13999938964844,202.1337432861328,89800,0.0,0.0
2024-04-08 00:00:00-04:00,207.17999267578125,207.75,205.72999572753906,206.14999389648438,202.1435546875,84900,0.0,0.0
2024-04-09 00:00:00-04:00,206.7899932861328,206.7899932861328,203.2100067138672,205.39999389648438,201.40811157226562,59500,0.0,0.0
2024-04-10 00:00:00-04:00,200.50999450683594,203.0500030517578,198.3000030517578,200.47999572753906,196.58375549316406,121800,0.0,0.0
2024-04-11 00:00:00-04:00,200.22000122070312,202.47000122070312,198.99000549316406,202.33999633789062,198.4075927734375,84800,0.0,0.0
2024-04-12 00:00:00-04:00,200.52000427246094,201.77999877929688,198.92999267578125,200.72000122070312,196.819091796875,67000,0.0,0.0
2024-04-15 00:00:00-04:00,201.6999969482422,202.75,198.1999969482422,199.64999389648438,195.7698974609375,82800,0.0,0.0
2024-04-16 00:00:00-04:00,198.0500030517578,201.17999267578125,197.0,200.27000427246094,196.3778533935547,87800,0.0,0.0
2024-04-17 00:00:00-04:00,201.72000122070312,201.72000122070312,197.4600067138672,198.11000061035156,194.25982666015625,107700,0.0,0.0
2024-04-18 00:00:00-04:00,199.27999877929688,201.16000366210938,198.22000122070312,199.6300048828125,195.75027465820312,131400,0.0,0.0
2024-04-19 00:00:00-04:00,199.4499969482422,203.32000732421875,199.4499969482422,203.2100067138672,199.2606964111328,312200,0.0,0.0
2024-04-22 00:00:00-04:00,203.1999969482422,205.89999389648438,201.75999450683594,204.66000366210938,200.68252563476562,116300,0.0,0.0
2024-04-23 00:00:00-04:00,206.0399932861328,208.80999755859375,206.0399932861328,206.6199951171875,202.60440063476562,94600,0.0,0.0
2024-04-24 00:00:00-04:00,205.5800018310547,207.44000244140625,204.1199951171875,205.75999450683594,201.76112365722656,116500,0.0,0.0
2024-04-25 00:00:00-04:00,203.25999450683594,204.3699951171875,200.1999969482422,201.4199981689453,197.50547790527344,208200,0.0,0.0
2024-04-26 00:00:00-04:00,200.88999938964844,203.9199981689453,200.6999969482422,201.5,197.5839385986328,180000,0.0,0.0
2024-04-29 00:00:00-04:00,201.5500030517578,202.52999877929688,200.75,201.8000030517578,197.8780975341797,207700,0.0,0.0
2024-04-30 00:00:00-04:00,200.74000549316406,201.25,197.9499969482422,198.4600067138672,194.60301208496094,209700,0.0,0.0
2024-05-01 00:00:00-04:00,199.22999572753906,203.1300048828125,198.52000427246094,199.9499969482422,196.06405639648438,144100,0.0,0.0
2024-05-02 00:00:00-04:00,201.3000030517578,203.63999938964844,200.0,203.36000061035156,199.40780639648438,114400,0.0,0.0
2024-05-03 00:00:00-04:00,206.2100067138672,206.55999755859375,203.69000244140625,204.69000244140625,200.71192932128906,93100,0.0,0.0
2024-05-06 00:00:00-04:00,206.0,210.33999633789062,205.35000610351562,210.19000244140625,206.10504150390625,97400,0.0,0.0
2024-05-07 00:00:00-04:00,212.0,213.6999969482422,208.52999877929688,209.00999450683594,204.94796752929688,271400,0.0,0.0
2024-05-08 00:00:00-04:00,208.6199951171875,213.0399932861328,208.42999267578125,212.24000549316406,208.11520385742188,187900,0.0,0.0
2024-05-09 00:00:00-04:00,208.97000122070312,212.5,202.08999633789062,211.16000366210938,207.05621337890625,265500,0.0,0.0
2024-05-10 00:00:00-04:00,212.32000732421875,213.60000610351562,210.52999877929688,212.8800048828125,208.74278259277344,117600,0.0,0.0
2024-05-13 00:00:00-04:00,214.1999969482422,214.1999969482422,211.8699951171875,213.72999572753906,209.57623291015625,118300,0.0,0.0
2024-05-14 00:00:00-04:00,216.0399932861328,216.0399932861328,214.3800048828125,215.61000061035156,211.4197235107422,109400,0.0,0.0
2024-05-15 00:00:00-04:00,217.02999877929688,217.92999267578125,215.75999450683594,217.66000366210938,213.42987060546875,83800,0.0,0.0
2024-05-16 00:00:00-04:00,217.2100067138672,217.2100067138672,213.97000122070312,215.0399932861328,210.86080932617188,124400,0.0,0.0
2024-05-17 00:00:00-04:00,215.42999267578125,215.5,213.57000732421875,214.8800048828125,210.70391845703125,71900,0.0,0.0
2024-05-20 00:00:00-04:00,214.8300018310547,217.89999389648438,213.9600067138672,217.3000030517578,213.07688903808594,82500,0.0,0.0
2024-05-21 00:00:00-04:00,216.27999877929688,216.4499969482422,214.3000030517578,215.67999267578125,211.4883575439453,152000,0.0,0.0
2024-05-22 00:00:00-04:00,215.1999969482422,216.91000366210938,213.41000366210938,213.72000122070312,209.5664520263672,153400,0.0,0.0
2024-05-23 00:00:00-04:00,213.60000610351562,213.60000610351562,209.33999633789062,210.1699981689453,206.08544921875,175100,0.0,0.0
2024-05-24 00:00:00-04:00,211.35000610351562,211.35000610351562,207.3800048828125,208.5,204.44789123535156,135300,0.0,0.0
2024-05-28 00:00:00-04:00,209.27000427246094,209.27000427246094,202.10000610351562,203.11000061035156,199.16262817382812,133600,0.0,0.0
2024-05-29 00:00:00-04:00,200.41000366210938,201.2899932861328,197.3000030517578,197.36000061035156,193.52439880371094,139000,0.0,0.0
2024-05-30 00:00:00-04:00,198.8000030517578,199.66000366210938,198.08999633789062,198.50999450683594,194.6520233154297,214200,0.0,0.0
2024-05-31 00:00:00-04:00,198.32000732421875,199.24000549316406,196.5500030517578,199.1300048828125,195.6838836669922,187500,0.43,0.0
2024-06-03 00:00:00-04:00,199.9499969482422,199.9499969482422,191.97000122070312,192.1999969482422,188.87379455566406,145300,0.0,0.0
2024-06-04 00:00:00-04:00,191.5,191.9600067138672,188.86000061035156,189.72000122070312,186.4367218017578,188300,0.0,0.0
2024-06-05 00:00:00-04:00,191.19000244140625,192.6199951171875,189.2100067138672,192.0500030517578,188.72640991210938,260500,0.0,0.0
2024-06-06 00:00:00-04:00,191.5800018310547,192.27000427246094,188.08999633789062,188.91000366210938,185.64073181152344,117000,0.0,0.0
2024-06-07 00:00:00-04:00,187.7899932861328,189.08999633789062,186.1199951171875,186.97000122070312,183.73431396484375,157900,0.0,0.0
2024-06-10 00:00:00-04:00,185.6999969482422,187.38999938964844,185.08999633789062,186.5,183.27244567871094,147700,0.0,0.0
2024-06-11 00:00:00-04:00,185.83999633789062,186.77999877929688,184.75,186.75999450683594,183.52793884277344,289100,0.0,0.0
2024-06-12 00:00:00-04:00,190.9600067138672,194.86000061035156,190.9600067138672,191.83999633789062,188.52001953125,155100,0.0,0.0
2024-06-13 00:00:00-04:00,191.77999877929688,192.9199981689453,188.17999267578125,192.08999633789062,188.76571655273438,118700,0.0,0.0
2024-06-14 00:00:00-04:00,189.2899932861328,189.61000061035156,185.25999450683594,187.1999969482422,183.9603271484375,167900,0.0,0.0
2024-06-17 00:00:00-04:00,186.89999389648438,189.5500030517578,186.5500030517578,187.77999877929688,184.53028869628906,127300,0.0,0.0
2024-06-18 00:00:00-04:00,188.00999450683594,189.5,186.8000030517578,187.44000244140625,184.19618225097656,193100,0.0,0.0
2024-06-20 00:00:00-04:00,186.74000549316406,188.58999633789062,185.1199951171875,186.42999267578125,183.20364379882812,213400,0.0,0.0
2024-06-21 00:00:00-04:00,186.99000549316406,186.99000549316406,183.6999969482422,185.66000366210938,182.44700622558594,485200,0.0,0.0
2024-06-24 00:00:00-04:00,186.1999969482422,189.38999938964844,186.1999969482422,187.88999938964844,184.6383819580078,171100,0.0,0.0
2024-06-25 00:00:00-04:00,186.83999633789062,187.2899932861328,181.89999389648438,182.97000122070312,179.8035430908203,181200,0.0,0.0
2024-06-26 00:00:00-04:00,182.0,182.0,179.39999389648438,181.6699981689453,178.52603149414062,246700,0.0,0.0
2024-06-27 00:00:00-04:00,182.42999267578125,183.8699951171875,181.13999938964844,183.85000610351562,180.66831970214844,155800,0.0,0.0
2024-06-28 00:00:00-04:00,185.27999877929688,186.0,181.00999450683594,183.3699951171875,180.1966094970703,398400,0.0,0.0
2024-07-01 00:00:00-04:00,183.94000244140625,184.0,177.89999389648438,179.44000244140625,176.3345947265625,235300,0.0,0.0
2024-07-02 00:00:00-04:00,179.57000732421875,181.61000061035156,179.57000732421875,180.97999572753906,177.8479766845703,103000,0.0,0.0
2024-07-03 00:00:00-04:00,181.6699981689453,182.19000244140625,179.41000366210938,180.22999572753906,177.11094665527344,90300,0.0,0.0
2024-07-05 00:00:00-04:00,179.52999877929688,179.82000732421875,176.24000549316406,178.25999450683594,175.17503356933594,170200,0.0,0.0
2024-07-08 00:00:00-04:00,179.5,180.6300048828125,178.41000366210938,178.4600067138672,175.37159729003906,107800,0.0,0.0
2024-07-09 00:00:00-04:00,178.4600067138672,178.67999267578125,175.41000366210938,175.52999877929688,172.49227905273438,156300,0.0,0.0
2024-07-10 00:00:00-04:00,176.85000610351562,180.47000122070312,175.3699951171875,179.91000366210938,176.79652404785156,122600,0.0,0.0
2024-07-11 00:00:00-04:00,184.0,187.8300018310547,184.0,185.72999572753906,182.51577758789062,145700,0.0,0.0
2024-07-12 00:00:00-04:00,187.9600067138672,189.6999969482422,185.02999877929688,188.8800048828125,185.61126708984375,177300,0.0,0.0
2024-07-15 00:00:00-04:00,190.0,194.8000030517578,189.97000122070312,192.24000549316406,188.9131317138672,208900,0.0,0.0
2024-07-16 00:00:00-04:00,194.3800048828125,198.5500030517578,194.0500030517578,198.02999877929688,194.60293579101562,196800,0.0,0.0
2024-07-17 00:00:00-04:00,196.6999969482422,199.00999450683594,196.3000030517578,196.52999877929688,193.12890625,184500,0.0,0.0
2024-07-18 00:00:00-04:00,195.00999450683594,200.3300018310547,195.00999450683594,196.67999267578125,193.27626037597656,133000,0.0,0.0
2024-07-19 00:00:00-04:00,196.75,197.77000427246094,195.22999572753906,196.36000061035156,192.96182250976562,168200,0.0,0.0
2024-07-22 00:00:00-04:00,197.66000366210938,199.6999969482422,194.52999877929688,199.42999267578125,195.97866821289062,108500,0.0,0.0
2024-07-23 00:00:00-04:00,198.52000427246094,200.52999877929688,198.07000732421875,199.6199951171875,196.16539001464844,110900,0.0,0.0
2024-07-24 00:00:00-04:00,198.07000732421875,201.16000366210938,195.02000427246094,195.02999877929688,191.6548309326172,132500,0.0,0.0
2024-07-25 00:00:00-04:00,195.91000366210938,205.47999572753906,195.50999450683594,202.0,198.50421142578125,196600,0.0,0.0
2024-07-26 00:00:00-04:00,204.94000244140625,207.02999877929688,203.4499969482422,205.74000549316406,202.17947387695312,98700,0.0,0.0
2024-07-29 00:00:00-04:00,205.6300048828125,207.99000549316406,204.00999450683594,204.3300018310547,200.79385375976562,111900,0.0,0.0
2024-07-30 00:00:00-04:00,205.91000366210938,209.2899932861328,204.3800048828125,207.4499969482422,203.85987854003906,175900,0.0,0.0
2024-07-31 00:00:00-04:00,208.1699981689453,212.49000549316406,204.52000427246094,207.52000427246094,203.92868041992188,175300,0.0,0.0
2024-08-01 00:00:00-04:00,207.25999450683594,209.1999969482422,200.0399932861328,203.1699981689453,199.65394592285156,188500,0.0,0.0
2024-08-02 00:00:00-04:00,195.9499969482422,200.14999389648438,195.94000244140625,199.44000244140625,195.98851013183594,171800,0.0,0.0
2024-08-05 00:00:00-04:00,191.64999389648438,196.0,190.0,193.97999572753906,190.62298583984375,223600,0.0,0.0
2024-08-06 00:00:00-04:00,194.27000427246094,198.36000061035156,192.10000610351562,196.39999389648438,193.00112915039062,216600,0.0,0.0
2024-08-07 00:00:00-04:00,198.25999450683594,200.6300048828125,193.3000030517578,193.67999267578125,190.32818603515625,213700,0.0,0.0
2024-08-08 00:00:00-04:00,191.75,191.75,178.6699981689453,185.27000427246094,182.06373596191406,329800,0.0,0.0
2024-08-09 00:00:00-04:00,182.3000030517578,185.13999938964844,180.5500030517578,182.50999450683594,179.35150146484375,247500,0.0,0.0
2024-08-12 00:00:00-04:00,181.61000061035156,181.61000061035156,178.27000427246094,178.27000427246094,175.1848907470703,144600,0.0,0.0
2024-08-13 00:00:00-04:00,180.2100067138672,182.55999755859375,179.02000427246094,182.3000030517578,179.14512634277344,144100,0.0,0.0
2024-08-14 00:00:00-04:00,182.97999572753906,182.97999572753906,179.8699951171875,181.9600067138672,178.81105041503906,95200,0.0,0.0
2024-08-15 00:00:00-04:00,185.69000244140625,186.3699951171875,183.44000244140625,185.5,182.2897491455078,118200,0.0,0.0
2024-08-16 00:00:00-04:00,185.25999450683594,186.14999389648438,184.85000610351562,185.6699981689453,182.45681762695312,146200,0.0,0.0
2024-08-19 00:00:00-04:00,186.4600067138672,187.52000427246094,185.0,187.00999450683594,183.77362060546875,111200,0.0,0.0
2024-08-20 00:00:00-04:00,186.5500030517578,188.6199951171875,183.1999969482422,185.36000061035156,182.15219116210938,160700,0.0,0.0
2024-08-21 00:00:00-04:00,186.6699981689453,186.6699981689453,184.58999633789062,185.86000061035156,182.64349365234375,106300,0.0,0.0
2024-08-22 00:00:00-04:00,185.83999633789062,187.85000610351562,184.17999267578125,186.61000061035156,183.3805389404297,244400,0.0,0.0
2024-08-23 00:00:00-04:00,187.97999572753906,192.67999267578125,187.25999450683594,191.07000732421875,187.76336669921875,156000,0.0,0.0
2024-08-26 00:00:00-04:00,193.0,193.99000549316406,190.9499969482422,192.74000549316406,189.4044647216797,144600,0.0,0.0
2024-08-27 00:00:00-04:00,191.8699951171875,193.11000061035156,189.89999389648438,192.0500030517578,188.72640991210938,163200,0.0,0.0
2024-08-28 00:00:00-04:00,192.22000122070312,193.55999755859375,191.30999755859375,193.47999572753906,190.13165283203125,179300,0.0,0.0
2024-08-29 00:00:00-04:00,195.2899932861328,195.2899932861328,193.00999450683594,194.5,191.13401794433594,158700,0.0,0.0
2024-08-30 00:00:00-04:00,195.1300048828125,196.75,194.00999450683594,196.6999969482422,193.7241973876953,123300,0.43,0.0
2024-09-03 00:00:00-04:00,194.8000030517578,197.4600067138672,192.32000732421875,193.44000244140625,190.5135498046875,376400,0.0,0.0
2024-09-04 00:00:00-04:00,192.5500030517578,193.44000244140625,191.72000122070312,192.25,189.34153747558594,214900,0.0,0.0
2024-09-05 00:00:00-04:00,192.75,192.75,188.7899932861328,190.1999969482422,187.32254028320312,209800,0.0,0.0
2024-09-06 00:00:00-04:00,189.49000549316406,191.66000366210938,187.1999969482422,189.05999755859375,186.19981384277344,230700,0.0,0.0
2024-09-09 00:00:00-04:00,189.3000030517578,191.5,189.2100067138672,190.94000244140625,188.05137634277344,125300,0.0,0.0
2024-09-10 00:00:00-04:00,191.44000244140625,191.9600067138672,189.8800048828125,191.6999969482422,188.7998504638672,115000,0.0,0.0
2024-09-11 00:00:00-04:00,191.52000427246094,191.52000427246094,186.86000061035156,191.02999877929688,188.13998413085938,114200,0.0,0.0
2024-09-12 00:00:00-04:00,191.75,192.75999450683594,190.33999633789062,192.44000244140625,189.5286407470703,88500,0.0,0.0
2024-09-13 00:00:00-04:00,195.14999389648438,196.9600067138672,193.41000366210938,194.50999450683594,191.56736755371094,76200,0.0,0.0
2024-09-16 00:00:00-04:00,195.4600067138672,196.42999267578125,194.1699981689453,195.13999938964844,192.1878204345703,97000,0.0,0.0
2024-09-17 00:00:00-04:00,196.85000610351562,199.52999877929688,194.66000366210938,198.91000366210938,195.90077209472656,149500,0.0,0.0
2024-09-18 00:00:00-04:00,199.72000122070312,204.0500030517578,198.67999267578125,200.0500030517578,197.02354431152344,177900,0.0,0.0
2024-09-19 00:00:00-04:00,204.85000610351562,207.49000549316406,201.8300018310547,206.8000030517578,203.6714324951172,150900,0.0,0.0
2024-09-20 00:00:00-04:00,208.94000244140625,208.94000244140625,203.9199981689453,205.0399932861328,201.93804931640625,516800,0.0,0.0
2024-09-23 00:00:00-04:00,206.6300048828125,206.8699951171875,203.5500030517578,206.16000366210938,203.04112243652344,91500,0.0,0.0
2024-09-24 00:00:00-04:00,206.7899932861328,207.66000366210938,204.7899932861328,206.92999267578125,203.7994384765625,108200,0.0,0.0
2024-09-25 00:00:00-04:00,207.22000122070312,207.22000122070312,203.86000061035156,205.75,202.63729858398438,112800,0.0,0.0
2024-09-26 00:00:00-04:00,208.27000427246094,210.3000030517578,207.5,207.8800048828125,204.73507690429688,122300,0.0,0.0
2024-09-27 00:00:00-04:00,209.5399932861328,210.97999572753906,207.0500030517578,207.50999450683594,204.37066650390625,107300,0.0,0.0
2024-09-30 00:00:00-04:00,206.7100067138672,207.82000732421875,204.8300018310547,207.19000244140625,204.05551147460938,88300,0.0,0.0
2024-10-01 00:00:00-04:00,207.1199951171875,207.6999969482422,204.10000610351562,206.02999877929688,202.91307067871094,88800,0.0,0.0
2024-10-02 00:00:00-04:00,205.0,206.60000610351562,204.1699981689453,205.9199981689453,202.80471801757812,100300,0.0,0.0
2024-10-03 00:00:00-04:00,204.3300018310547,205.72000122070312,203.07000732421875,203.66000366210938,200.57891845703125,80800,0.0,0.0
2024-10-04 00:00:00-04:00,206.86000061035156,206.86000061035156,203.4600067138672,204.9499969482422,201.84942626953125,73000,0.0,0.0
2024-10-07 00:00:00-04:00,203.52000427246094,205.30999755859375,202.05999755859375,204.32000732421875,201.2289581298828,87000,0.0,0.0
2024-10-08 00:00:00-04:00,204.94000244140625,205.9600067138672,203.27000427246094,203.61000061035156,200.52969360351562,145600,0.0,0.0
2024-10-09 00:00:00-04:00,204.50999450683594,208.35000610351562,204.02999877929688,207.39999389648438,204.2623291015625,164300,0.0,0.0
2024-10-10 00:00:00-04:00,205.22999572753906,206.0399932861328,203.82000732421875,204.38999938964844,201.29788208007812,107500,0.0,0.0
2024-10-11 00:00:00-04:00,203.9199981689453,208.19000244140625,203.9199981689453,207.36000061035156,204.22296142578125,87300,0.0,0.0
2024-10-14 00:00:00-04:00,206.94000244140625,207.8000030517578,205.60000610351562,206.69000244140625,203.5630645751953,133400,0.0,0.0
2024-10-15 00:00:00-04:00,206.72000122070312,208.19000244140625,205.6199951171875,207.1999969482422,204.0653533935547,213300,0.0,0.0
2024-10-16 00:00:00-04:00,209.2100067138672,211.0399932861328,208.11000061035156,208.16000366210938,205.01083374023438,114100,0.0,0.0
2024-10-17 00:00:00-04:00,207.61000061035156,208.77999877929688,206.1199951171875,207.57000732421875,204.42977905273438,150600,0.0,0.0
2024-10-18 00:00:00-04:00,209.2100067138672,209.2100067138672,205.3800048828125,205.89999389648438,202.78504943847656,137900,0.0,0.0
2024-10-21 00:00:00-04:00,206.25999450683594,206.4199981689453,202.86000061035156,203.64999389648438,200.56906127929688,92300,0.0,0.0
2024-10-22 00:00:00-04:00,202.63999938964844,203.44000244140625,200.66000366210938,200.7100067138672,197.67355346679688,103000,0.0,0.0
2024-10-23 00:00:00-04:00,200.39999389648438,201.0,198.7899932861328,200.41000366210938,197.37808227539062,133900,0.0,0.0
2024-10-24 00:00:00-04:00,200.41000366210938,201.5800018310547,198.4199981689453,198.88999938964844,195.88107299804688,83500,0.0,0.0
2024-10-25 00:00:00-04:00,200.52999877929688,200.52999877929688,196.0800018310547,197.0399932861328,194.05906677246094,110600,0.0,0.0
2024-10-28 00:00:00-04:00,197.91000366210938,200.4499969482422,197.2100067138672,197.2100067138672,194.2265167236328,103200,0.0,0.0
2024-10-29 00:00:00-04:00,195.8000030517578,198.27000427246094,194.83999633789062,197.75999450683594,194.7681427001953,110400,0.0,0.0
2024-10-30 00:00:00-04:00,198.25,200.47999572753906,197.13999938964844,197.74000549316406,194.7484893798828,122500,0.0,0.0
2024-10-31 00:00:00-04:00,196.5500030517578,199.5,189.0500030517578,190.58999633789062,187.70664978027344,191100,0.0,0.0
2024-11-01 00:00:00-04:00,191.75,194.69000244140625,191.75,193.67999267578125,190.74990844726562,115100,0.0,0.0
2024-11-04 00:00:00-05:00,195.02999877929688,197.86000061035156,193.3699951171875,195.66000366210938,192.69993591308594,108400,0.0,0.0
2024-11-05 00:00:00-05:00,194.47999572753906,200.32000732421875,194.47999572753906,199.8699951171875,196.84622192382812,119700,0.0,0.0
2024-11-06 00:00:00-05:00,209.4199981689453,215.7899932861328,209.4199981689453,212.1699981689453,208.96017456054688,352200,0.0,0.0
2024-11-07 00:00:00-05:00,211.6300048828125,211.6300048828125,206.16000366210938,207.24000549316406,204.1047821044922,157900,0.0,0.0
2024-11-08 00:00:00-05:00,206.02000427246094,209.6999969482422,206.02000427246094,208.4499969482422,205.2964630126953,109800,0.0,0.0
2024-11-11 00:00:00-05:00,210.8300018310547,213.22999572753906,209.10000610351562,211.97999572753906,208.77304077148438,95000,0.0,0.0
2024-11-12 00:00:00-05:00,210.17999267578125,210.1999969482422,205.97000122070312,206.72999572753906,203.60247802734375,122900,0.0,0.0
2024-11-13 00:00:00-05:00,207.22000122070312,212.22000122070312,206.88999938964844,210.16000366210938,206.98057556152344,151300,0.0,0.0
2024-11-14 00:00:00-05:00,210.19000244140625,212.3800048828125,209.5500030517578,211.9600067138672,208.7533721923828,116100,0.0,0.0
2024-11-15 00:00:00-05:00,212.7100067138672,213.0,210.0800018310547,211.02000427246094,207.8275909423828,148600,0.0,0.0
2024-11-18 00:00:00-05:00,212.02000427246094,213.66000366210938,211.00999450683594,211.1699981689453,207.97531127929688,131100,0.0,0.0
2024-11-19 00:00:00-05:00,208.75,209.22000122070312,206.07000732421875,207.6999969482422,204.5577850341797,148000,0.0,0.0
2024-11-20 00:00:00-05:00,207.6699981689453,207.6699981689453,204.52000427246094,206.55999755859375,203.43502807617188,146600,0.0,0.0
2024-11-21 00:00:00-05:00,208.25,212.38999938964844,207.7899932861328,210.8000030517578,207.6109161376953,105400,0.0,0.0
2024-11-22 00:00:00-05:00,211.41000366210938,215.5500030517578,210.41000366210938,215.1699981689453,211.914794921875,160600,0.0,0.0
2024-11-25 00:00:00-05:00,217.32000732421875,221.19000244140625,217.02000427246094,218.4600067138672,215.15499877929688,186800,0.0,0.0
2024-11-26 00:00:00-05:00,217.2100067138672,217.83999633789062,214.3300018310547,214.86000061035156,211.60948181152344,123500,0.0,0.0
2024-11-27 00:00:00-05:00,214.1699981689453,218.0500030517578,214.1699981689453,215.08999633789062,211.83599853515625,187000,0.0,0.0
2024-11-29 00:00:00-05:00,215.97000122070312,217.42999267578125,215.0,215.7899932861328,212.95111083984375,79200,0.43,0.0
2024-12-02 00:00:00-05:00,215.92999267578125,216.97999572753906,212.35000610351562,214.9199981689453,212.0925750732422,136600,0.0,0.0
2024-12-03 00:00:00-05:00,213.69000244140625,214.50999450683594,211.52000427246094,213.89999389648438,211.08596801757812,113400,0.0,0.0
2024-12-04 00:00:00-05:00,213.3300018310547,216.4199981689453,213.22000122070312,216.1999969482422,213.35572814941406,127200,0.0,0.0
2024-12-05 00:00:00-05:00,215.4600067138672,217.36000061035156,213.52000427246094,215.44000244140625,212.60574340820312,117700,0.0,0.0
2024-12-06 00:00:00-05:00,216.58999633789062,216.58999633789062,214.63999938964844,215.1699981689453,212.33929443359375,142800,0.0,0.0
2024-12-09 00:00:00-05:00,216.8800048828125,218.8800048828125,215.88999938964844,217.82000732421875,214.95443725585938,110600,0.0,0.0
2024-12-10 00:00:00-05:00,218.0,221.0500030517578,213.8800048828125,219.83999633789062,216.9478302001953,131500,0.0,0.0
2024-12-11 00:00:00-05:00,221.6999969482422,222.6999969482422,220.4199981689453,221.4600067138672,218.54652404785156,173700,0.0,0.0
2024-12-12 00:00:00-05:00,221.02000427246094,221.13999938964844,218.63999938964844,220.36000061035156,217.46099853515625,176700,0.0,0.0
2024-12-13 00:00:00-05:00,218.92999267578125,219.1999969482422,217.27999877929688,217.91000366210938,215.0432586669922,143400,0.0,0.0
2024-12-16 00:00:00-05:00,218.0,220.05999755859375,216.66000366210938,218.6699981689453,215.79324340820312,140000,0.0,0.0
2024-12-17 00:00:00-05:00,217.32000732421875,220.2899932861328,214.7100067138672,214.75999450683594,211.93467712402344,338200,0.0,0.0
2024-12-18 00:00:00-05:00,215.07000732421875,216.32000732421875,204.77999877929688,205.5800018310547,202.87545776367188,238500,0.0,0.0
2024-12-19 00:00:00-05:00,206.47999572753906,207.58999633789062,203.22000122070312,203.4199981689453,200.74386596679688,209300,0.0,0.0
2024-12-20 00:00:00-05:00,202.1300048828125,206.69000244140625,201.32000732421875,202.02000427246094,199.36228942871094,662800,0.0,0.0
2024-12-23 00:00:00-05:00,201.49000549316406,204.44000244140625,200.86000061035156,203.69000244140625,201.0102996826172,187200,0.0,0.0
2024-12-24 00:00:00-05:00,203.4499969482422,205.07000732421875,202.57000732421875,204.80999755859375,202.11557006835938,59900,0.0,0.0
2024-12-26 00:00:00-05:00,203.5,207.13999938964844,203.3699951171875,206.8699951171875,204.14846801757812,69100,0.0,0.0
2024-12-27 00:00:00-05:00,205.16000366210938,206.6300048828125,201.89999389648438,203.72000122070312,201.03990173339844,104000,0.0,0.0
2024-12-30 00:00:00-05:00,203.6300048828125,203.67999267578125,200.2899932861328,202.89999389648438,200.23069763183594,83600,0.0,0.0
2024-12-31 00:00:00-05:00,203.63999938964844,204.44000244140625,202.36000061035156,203.3000030517578,200.62545776367188,82500,0.0,0.0
2025-01-02 00:00:00-05:00,203.75,205.67999267578125,199.77000427246094,200.5800018310547,197.94122314453125,111200,0.0,0.0
2025-01-03 00:00:00-05:00,200.22999572753906,203.8300018310547,199.52999877929688,203.17999267578125,200.5070037841797,90800,0.0,0.0
2025-01-06 00:00:00-05:00,203.0,204.22999572753906,201.00999450683594,201.99000549316406,199.33267211914062,115800,0.0,0.0
2025-01-07 00:00:00-05:00,201.86000061035156,203.25999450683594,198.6199951171875,200.07000732421875,197.43792724609375,139400,0.0,0.0
2025-01-08 00:00:00-05:00,198.61000061035156,201.92999267578125,196.94000244140625,201.66000366210938,199.00701904296875,95600,0.0,0.0
2025-01-10 00:00:00-05:00,196.94000244140625,197.27999877929688,194.58999633789062,195.27999877929688,192.71095275878906,147600,0.0,0.0
2025-01-13 00:00:00-05:00,193.7899932861328,199.77999877929688,193.7899932861328,199.25999450683594,196.6385955810547,123700,0.0,0.0
2025-01-14 00:00:00-05:00,200.44000244140625,202.89999389648438,199.69000244140625,202.72000122070312,200.05308532714844,107200,0.0,0.0
2025-01-15 00:00:00-05:00,207.0,207.99000549316406,202.8699951171875,204.5800018310547,201.8885955810547,84800,0.0,0.0
2025-01-16 00:00:00-05:00,205.05999755859375,207.80999755859375,203.66000366210938,207.3300018310547,204.60243225097656,108100,0.0,0.0
2025-01-17 00:00:00-05:00,208.85000610351562,209.4600067138672,206.02999877929688,207.4499969482422,204.72084045410156,126000,0.0,0.0
2025-01-21 00:00:00-05:00,208.39999389648438,213.6999969482422,207.57000732421875,212.99000549316406,210.18797302246094,120000,0.0,0.0
2025-01-22 00:00:00-05:00,211.1199951171875,211.67999267578125,208.6699981689453,211.07000732421875,208.29322814941406,111600,0.0,0.0
2025-01-23 00:00:00-05:00,210.8300018310547,211.80999755859375,209.24000549316406,211.5399932861328,208.75701904296875,160500,0.0,0.0
2025-01-24 00:00:00-05:00,210.27999877929688,210.6699981689453,209.25999450683594,210.55999755859375,207.78993225097656,104800,0.0,0.0
2025-01-27 00:00:00-05:00,210.50999450683594,212.58999633789062,209.14999389648438,211.1999969482422,208.42149353027344,147100,0.0,0.0
2025-01-28 00:00:00-05:00,210.47999572753906,211.92999267578125,209.25,211.2100067138672,208.431396484375,102900,0.0,0.0
2025-01-29 00:00:00-05:00,210.99000549316406,212.42999267578125,206.50999450683594,207.5800018310547,204.84912109375,158300,0.0,0.0
2025-01-30 00:00:00-05:00,208.60000610351562,209.6699981689453,205.8699951171875,207.27000427246094,204.54322814941406,153700,0.0,0.0
2025-01-31 00:00:00-05:00,206.7100067138672,209.60000610351562,204.97999572753906,206.77999877929688,204.05966186523438,265500,0.0,0.0
2025-02-03 00:00:00-05:00,203.5,207.4600067138672,198.85000610351562,205.47000122070312,202.76690673828125,451400,0.0,0.0
2025-02-04 00:00:00-05:00,205.1699981689453,207.27000427246094,204.97999572753906,205.75999450683594,203.05307006835938,216700,0.0,0.0
2025-02-05 00:00:00-05:00,205.8699951171875,207.4600067138672,203.3800048828125,205.80999755859375,203.1024169921875,160200,0.0,0.0
2025-02-06 00:00:00-05:00,207.5,207.5,204.97999572753906,207.1199951171875,204.3951873779297,251600,0.0,0.0
2025-02-07 00:00:00-05:00,206.6199951171875,207.41000366210938,202.3000030517578,205.0500030517578,202.35243225097656,282500,0.0,0.0
2025-02-10 00:00:00-05:00,205.3000030517578,209.35000610351562,203.99000549316406,208.75,206.00375366210938,232700,0.0,0.0
2025-02-11 00:00:00-05:00,213.42999267578125,232.60000610351562,213.42999267578125,224.6699981689453,221.7143096923828,429300,0.0,0.0
2025-02-12 00:00:00-05:00,220.05999755859375,222.10000610351562,216.47000122070312,221.07000732421875,218.1616668701172,338800,0.0,0.0
2025-02-13 00:00:00-05:00,222.0,222.13999938964844,218.61000061035156,220.07000732421875,217.17483520507812,182800,0.0,0.0
2025-02-14 00:00:00-05:00,220.24000549316406,222.22000122070312,213.72000122070312,213.8699951171875,211.05636596679688,225100,0.0,0.0
2025-02-18 00:00:00-05:00,214.19000244140625,218.69000244140625,214.19000244140625,218.22999572753906,215.35902404785156,168500,0.0,0.0
2025-02-19 00:00:00-05:00,216.00999450683594,220.0,216.00999450683594,218.52000427246094,215.64523315429688,148000,0.0,0.0
2025-02-20 00:00:00-05:00,218.83999633789062,220.4600067138672,216.99000549316406,219.5,216.6123046875,150500,0.0,0.0
2025-02-21 00:00:00-05:00,221.25999450683594,221.25999450683594,214.0500030517578,214.9600067138672,212.13206481933594,160400,0.0,0.0
2025-02-24 00:00:00-05:00,215.47999572753906,215.8000030517578,212.6699981689453,212.82000732421875,210.02020263671875,158600,0.0,0.0
2025-02-25 00:00:00-05:00,214.4600067138672,216.91000366210938,214.2100067138672,215.35000610351562,212.5169219970703,155100,0.0,0.0
2025-02-26 00:00:00-05:00,214.64999389648438,216.16000366210938,212.9600067138672,213.3000030517578,210.49388122558594,97400,0.0,0.0
2025-02-27 00:00:00-05:00,212.17999267578125,214.60000610351562,211.22000122070312,212.27999877929688,209.48731994628906,115000,0.0,0.0
2025-02-28 00:00:00-05:00,212.16000366210938,214.80999755859375,211.16000366210938,214.5800018310547,212.18685913085938,153500,0.43,0.0
2025-03-03 00:00:00-05:00,215.2100067138672,215.86000061035156,209.2100067138672,209.77000427246094,207.4304962158203,156500,0.0,0.0
2025-03-04 00:00:00-05:00,207.52000427246094,208.58999633789062,204.39999389648438,204.60000610351562,202.3181610107422,209100,0.0,0.0
2025-03-05 00:00:00-05:00,204.58999633789062,209.74000549316406,204.58999633789062,209.1999969482422,206.8668670654297,179400,0.0,0.0
2025-03-06 00:00:00-05:00,208.19000244140625,212.6699981689453,206.2899932861328,211.6699981689453,209.30931091308594,170200,0.0,0.0
2025-03-07 00:00:00-05:00,211.0399932861328,215.3000030517578,209.77999877929688,215.0500030517578,212.65162658691406,149800,0.0,0.0
2025-03-10 00:00:00-04:00,213.97999572753906,217.60000610351562,212.4600067138672,214.02999877929688,211.64297485351562,191400,0.0,0.0
2025-03-11 00:00:00-04:00,214.32000732421875,214.94000244140625,209.0500030517578,209.0500030517578,206.71853637695312,185200,0.0,0.0
2025-03-12 00:00:00-04:00,210.32000732421875,210.8300018310547,207.6699981689453,209.05999755859375,206.72840881347656,191100,0.0,0.0
2025-03-13 00:00:00-04:00,208.0,208.64999389648438,204.63999938964844,206.38999938964844,204.0881805419922,146800,0.0,0.0
2025-03-14 00:00:00-04:00,208.72999572753906,211.35000610351562,206.77000427246094,211.0,208.6467742919922,137000,0.0,0.0
2025-03-17 00:00:00-04:00,210.55999755859375,217.0399932861328,210.55999755859375,213.97999572753906,211.5935516357422,216900,0.0,0.0
2025-03-18 00:00:00-04:00,212.7899932861328,214.6699981689453,211.82000732421875,211.9199981689453,209.55650329589844,173000,0.0,0.0
2025-03-19 00:00:00-04:00,212.4499969482422,214.47000122070312,210.57000732421875,213.1199951171875,210.74314880371094,163300,0.0,0.0
2025-03-20 00:00:00-04:00,204.86000061035156,213.3300018310547,204.86000061035156,210.3000030517578,207.95458984375,283300,0.0,0.0
2025-03-21 00:00:00-04:00,207.8000030517578,209.19000244140625,205.32000732421875,206.9499969482422,204.64193725585938,1035300,0.0,0.0
2025-03-24 00:00:00-04:00,209.25,212.83999633789062,209.02999877929688,212.5,210.1300506591797,179300,0.0,0.0
2025-03-25 00:00:00-04:00,212.82000732421875,213.63999938964844,209.8800048828125,211.39999389648438,209.04232788085938,172600,0.0,0.0
2025-03-26 00:00:00-04:00,212.24000549316406,214.61000061035156,210.74000549316406,212.3000030517578,209.9322967529297,149200,0.0,0.0
2025-03-27 00:00:00-04:00,213.08999633789062,213.08999633789062,208.77999877929688,209.33999633789062,207.0052947998047,151400,0.0,0.0
2025-03-28 00:00:00-04:00,209.10000610351562,210.5,203.6999969482422,203.97999572753906,201.70506286621094,155700,0.0,0.0
2025-03-31 00:00:00-04:00,202.0,205.16000366210938,202.0,203.9199981689453,201.64573669433594,222500,0.0,0.0
2025-04-01 00:00:00-04:00,202.8800048828125,206.69000244140625,202.57000732421875,206.14999389648438,203.85086059570312,161600,0.0,0.0
2025-04-02 00:00:00-04:00,203.6199951171875,208.86000061035156,203.6199951171875,208.5,206.17466735839844,152000,0.0,0.0
2025-04-03 00:00:00-04:00,202.77999877929688,202.77999877929688,194.50999450683594,195.44000244140625,193.26031494140625,199900,0.0,0.0
2025-04-04 00:00:00-04:00,191.00999450683594,191.47000122070312,184.0500030517578,187.47999572753906,185.3890838623047,239200,0.0,0.0
2025-04-07 00:00:00-04:00,181.60000610351562,194.60000610351562,179.63999938964844,182.9199981689453,180.87994384765625,236000,0.0,0.0
2025-04-08 00:00:00-04:00,187.72999572753906,189.33999633789062,178.0399932861328,180.39999389648438,178.38804626464844,236900,0.0,0.0
2025-04-09 00:00:00-04:00,178.55999755859375,198.9199981689453,177.58999633789062,195.22000122070312,193.0427703857422,280300,0.0,0.0
2025-04-10 00:00:00-04:00,190.5500030517578,192.42999267578125,184.2100067138672,189.5800018310547,187.46566772460938,183900,0.0,0.0
2025-04-11 00:00:00-04:00,191.16000366210938,195.0800018310547,189.2899932861328,193.7100067138672,191.54962158203125,150600,0.0,0.0
2025-04-14 00:00:00-04:00,197.57000732421875,197.57000732421875,193.13999938964844,195.61000061035156,193.4284210205078,208500,0.0,0.0
2025-04-15 00:00:00-04:00,196.24000549316406,199.67999267578125,195.44000244140625,198.2899932861328,196.07852172851562,212800,0.0,0.0
2025-04-16 00:00:00-04:00,199.27999877929688,201.3800048828125,195.92999267578125,197.44000244140625,195.23800659179688,269600,0.0,0.0
2025-04-17 00:00:00-04:00,197.94000244140625,198.9199981689453,195.1199951171875,197.0399932861328,194.84246826171875,199600,0.0,0.0
2025-04-21 00:00:00-04:00,194.8699951171875,195.7899932861328,191.1999969482422,193.25999450683594,191.10464477539062,127700,0.0,0.0
2025-04-22 00:00:00-04:00,195.97000122070312,205.39999389648438,195.67999267578125,204.19000244140625,201.9127197265625,333100,0.0,0.0
2025-04-23 00:00:00-04:00,208.25,211.60000610351562,203.44000244140625,204.60000610351562,202.3181610107422,216200,0.0,0.0
2025-04-24 00:00:00-04:00,204.39999389648438,210.60000610351562,204.39999389648438,209.52999877929688,207.19317626953125,293200,0.0,0.0
2025-04-25 00:00:00-04:00,208.39999389648438,210.14999389648438,205.00999450683594,206.83999633789062,204.53317260742188,132900,0.0,0.0
2025-04-28 00:00:00-04:00,205.4600067138672,209.3699951171875,204.22999572753906,206.25999450683594,203.9596405029297,189900,0.0,0.0
2025-04-29 00:00:00-04:00,205.6300048828125,208.19000244140625,202.82000732421875,206.83999633789062,204.53317260742188,148200,0.0,0.0
2025-04-30 00:00:00-04:00,205.58999633789062,208.44000244140625,201.2100067138672,207.75,205.43301391601562,223500,0.0,0.0
2025-05-01 00:00:00-04:00,208.22000122070312,212.22999572753906,206.74000549316406,210.52000427246094,208.17213439941406,180600,0.0,0.0
2025-05-02 00:00:00-04:00,213.42999267578125,215.69000244140625,212.32000732421875,214.9199981689453,212.5230712890625,143800,0.0,0.0
2025-05-05 00:00:00-04:00,213.52999877929688,215.52999877929688,212.9199981689453,213.6699981689453,211.2869873046875,131900,0.0,0.0
2025-05-06 00:00:00-04:00,212.27999877929688,213.60000610351562,210.9600067138672,211.83999633789062,209.47740173339844,165800,0.0,0.0
2025-05-07 00:00:00-04:00,212.85000610351562,213.47999572753906,209.85000610351562,211.5800018310547,209.22030639648438,237600,0.0,0.0
2025-05-08 00:00:00-04:00,223.00999450683594,237.08999633789062,221.0399932861328,235.0,232.37908935546875,602800,0.0,0.0
2025-05-09 00:00:00-04:00,234.91000366210938,236.5,230.47000122070312,236.5,233.8623809814453,297500,0.0,0.0
2025-05-12 00:00:00-04:00,244.6699981689453,247.47000122070312,236.0,245.8800048828125,243.1377716064453,253100,0.0,0.0
2025-05-13 00:00:00-04:00,248.07000732421875,248.1699981689453,243.00999450683594,243.3800048828125,240.66566467285156,318600,0.0,0.0
2025-05-14 00:00:00-04:00,241.6199951171875,243.0,239.9600067138672,240.19000244140625,237.51124572753906,267100,0.0,0.0
2025-05-15 00:00:00-04:00,239.72999572753906,241.6199951171875,239.72999572753906,241.11000061035156,238.4209747314453,236800,0.0,0.0
2025-05-16 00:00:00-04:00,239.97999572753906,244.35000610351562,239.44000244140625,244.11000061035156,241.3875274658203,223700,0.0,0.0
2025-05-19 00:00:00-04:00,241.0800018310547,247.92999267578125,240.72000122070312,246.4600067138672,243.71131896972656,190300,0.0,0.0
2025-05-20 00:00:00-04:00,245.22999572753906,247.10000610351562,242.1699981689453,243.8300018310547,241.1106414794922,172800,0.0,0.0
2025-05-21 00:00:00-04:00,240.35000610351562,241.10000610351562,236.9600067138672,238.02000427246094,235.36544799804688,240000,0.0,0.0
2025-05-22 00:00:00-04:00,237.61000061035156,240.22999572753906,236.00999450683594,239.02000427246094,236.3542938232422,137200,0.0,0.0
2025-05-23 00:00:00-04:00,235.13999938964844,237.3300018310547,235.13999938964844,237.2899932861328,234.6435546875,154200,0.0,0.0
2025-05-27 00:00:00-04:00,240.52000427246094,244.32000732421875,239.02000427246094,244.22000122070312,241.49627685546875,148000,0.0,0.0
2025-05-28 00:00:00-04:00,243.82000732421875,244.0,240.80999755859375,241.14999389648438,238.4605255126953,202400,0.0,0.0
2025-05-29 00:00:00-04:00,243.75999450683594,243.75999450683594,240.57000732421875,242.58999633789062,239.8844757080078,122100,0.0,0.0
2025-05-30 00:00:00-04:00,241.02000427246094,243.08999633789062,240.32000732421875,242.1199951171875,239.93402099609375,220500,0.52,0.0
2025-06-02 00:00:00-04:00,240.27000427246094,240.27000427246094,237.14999389648438,239.2899932861328,237.1295623779297,158600,0.0,0.0
2025-06-03 00:00:00-04:00,238.30999755859375,243.07000732421875,238.30999755859375,240.8699951171875,238.6953125,159500,0.0,0.0
2025-06-04 00:00:00-04:00,239.8800048828125,241.3699951171875,238.58999633789062,239.4499969482422,237.28811645507812,154600,0.0,0.0
2025-06-05 00:00:00-04:00,239.8300018310547,242.27000427246094,237.9199981689453,240.7899932861328,238.6160125732422,156200,0.0,0.0
2025-06-06 00:00:00-04:00,245.0,247.1999969482422,242.8000030517578,244.64999389648438,242.44117736816406,123400,0.0,0.0
2025-06-09 00:00:00-04:00,245.5,247.39999389648438,243.7899932861328,245.25,243.03575134277344,113000,0.0,0.0
2025-06-10 00:00:00-04:00,245.5,247.32000732421875,244.11000061035156,245.27999877929688,243.06549072265625,164900,0.0,0.0
2025-06-11 00:00:00-04:00,245.0,247.52999877929688,243.3000030517578,244.8000030517578,242.58982849121094,248400,0.0,0.0
2025-06-12 00:00:00-04:00,242.50999450683594,245.27999877929688,241.08999633789062,241.85000610351562,239.66647338867188,256700,0.0,0.0
2025-06-13 00:00:00-04:00,238.91000366210938,241.88999938964844,237.72000122070312,238.83999633789062,236.68362426757812,166500,0.0,0.0
2025-06-16 00:00:00-04:00,241.4600067138672,242.97000122070312,238.47000122070312,241.22000122070312,239.04214477539062,103800,0.0,0.0
2025-06-17 00:00:00-04:00,239.6300048828125,241.41000366210938,238.83999633789062,240.52000427246094,238.34848022460938,160100,0.0,0.0
2025-06-18 00:00:00-04:00,240.49000549316406,245.82000732421875,240.36000061035156,241.0500030517578,238.87368774414062,221200,0.0,0.0
2025-06-20 00:00:00-04:00,243.17999267578125,244.0399932861328,239.11000061035156,240.00999450683594,237.8430633544922,357400,0.0,0.0
2025-06-23 00:00:00-04:00,239.5800018310547,245.5399932861328,238.5800018310547,245.1199951171875,242.90695190429688,142200,0.0,0.0
2025-06-24 00:00:00-04:00,246.19000244140625,247.94000244140625,245.13999938964844,246.13999938964844,243.917724609375,125400,0.0,0.0
2025-06-25 00:00:00-04:00,246.69000244140625,246.69000244140625,242.3800048828125,244.02999877929688,241.82676696777344,164600,0.0,0.0
2025-06-26 00:00:00-04:00,244.67999267578125,247.25999450683594,243.0,247.22000122070312,244.98797607421875,134700,0.0,0.0
2025-06-27 00:00:00-04:00,248.16000366210938,249.50999450683594,245.1699981689453,245.9499969482422,243.72943115234375,269600,0.0,0.0
2025-06-30 00:00:00-04:00,247.0,247.17999267578125,244.72000122070312,245.88999938964844,243.6699676513672,179600,0.0,0.0
2025-07-01 00:00:00-04:00,244.77000427246094,254.13999938964844,244.0500030517578,250.80999755859375,248.54556274414062,159500,0.0,0.0
2025-07-02 00:00:00-04:00,250.60000610351562,253.4199981689453,248.47999572753906,252.69000244140625,250.40858459472656,180900,0.0,0.0
2025-07-03 00:00:00-04:00,253.99000549316406,255.2899932861328,253.08999633789062,255.2899932861328,252.98512268066406,94800,0.0,0.0
2025-07-07 00:00:00-04:00,253.7899932861328,255.7100067138672,248.97999572753906,249.9600067138672,247.7032470703125,201000,0.0,0.0
2025-07-08 00:00:00-04:00,249.9600067138672,257.3999938964844,249.9600067138672,254.47000122070312,252.17251586914062,224400,0.0,0.0
2025-07-09 00:00:00-04:00,255.57000732421875,257.1600036621094,253.05999755859375,256.57000732421875,254.25357055664062,163800,0.0,0.0
2025-07-10 00:00:00-04:00,256.29998779296875,260.92999267578125,256.29998779296875,258.1600036621094,255.8292236328125,144200,0.0,0.0
2025-07-11 00:00:00-04:00,256.4599914550781,257.989990234375,253.69000244140625,254.63999938964844,252.34097290039062,222400,0.0,0.0
2025-07-14 00:00:00-04:00,253.86000061035156,255.44000244140625,250.75999450683594,252.69000244140625,250.40858459472656,213200,0.0,0.0
2025-07-15 00:00:00-04:00,253.27000427246094,253.27000427246094,247.2899932861328,247.75,245.51318359375,251100,0.0,0.0
2025-07-16 00:00:00-04:00,247.25,248.0,242.77000427246094,247.02000427246094,244.78977966308594,222000,0.0,0.0
2025-07-17 00:00:00-04:00,247.2100067138672,252.25999450683594,247.2100067138672,251.52000427246094,249.24916076660156,269400,0.0,0.0
2025-07-18 00:00:00-04:00,252.08999633789062,252.61000061035156,248.49000549316406,251.13999938964844,248.87257385253906,243200,0.0,0.0
2025-07-21 00:00:00-04:00,253.0,253.0,248.2100067138672,248.67999267578125,246.43478393554688,138300,0.0,0.0
2025-07-22 00:00:00-04:00,247.6300048828125,251.60000610351562,246.5500030517578,249.83999633789062,247.58432006835938,149500,0.0,0.0
2025-07-23 00:00:00-04:00,251.5800018310547,252.0,249.91000366210938,251.3000030517578,249.03114318847656,127600,0.0,0.0
2025-07-24 00:00:00-04:00,249.8300018310547,252.32000732421875,249.05999755859375,251.97000122070312,249.69509887695312,108200,0.0,0.0
2025-07-25 00:00:00-04:00,253.1300048828125,253.19000244140625,250.6300048828125,252.77999877929688,250.4977569580078,92500,0.0,0.0
2025-07-28 00:00:00-04:00,254.0,254.0,250.8300018310547,252.1999969482422,249.92300415039062,181900,0.0,0.0
2025-07-29 00:00:00-04:00,254.4499969482422,254.4499969482422,251.22000122070312,252.49000549316406,250.2104034423828,146600,0.0,0.0
2025-07-30 00:00:00-04:00,252.92999267578125,261.9599914550781,251.8300018310547,260.9100036621094,258.5543518066406,459500,0.0,0.0
2025-07-31 00:00:00-04:00,259.2900085449219,263.07000732421875,259.2300109863281,262.32000732421875,259.95166015625,257300,0.0,0.0
2025-08-01 00:00:00-04:00,260.0199890136719,261.6600036621094,255.14999389648438,259.0199890136719,256.68145751953125,335400,0.0,0.0
2025-08-04 00:00:00-04:00,259.9800109863281,262.4100036621094,259.6499938964844,261.6499938964844,259.2876892089844,171800,0.0,0.0
2025-08-05 00:00:00-04:00,262.760009765625,265.4599914550781,260.2200012207031,263.739990234375,261.3588562011719,241200,0.0,0.0
2025-08-06 00:00:00-04:00,263.9800109863281,266.5299987792969,258.45001220703125,263.7300109863281,261.3489074707031,650700,0.0,0.0
2025-08-07 00:00:00-04:00,264.1600036621094,269.1000061035156,251.1699981689453,260.67999267578125,258.326416015625,529000,0.0,0.0
2025-08-08 00:00:00-04:00,262.9100036621094,269.6499938964844,261.1499938964844,262.239990234375,259.87237548828125,295500,0.0,0.0
2025-08-11 00:00:00-04:00,263.5,267.44000244140625,262.4100036621094,266.9800109863281,264.569580078125,199700,0.0,0.0
2025-08-12 00:00:00-04:00,269.8500061035156,273.7900085449219,267.7900085449219,272.75,270.2874755859375,227800,0.0,0.0
2025-08-13 00:00:00-04:00,274.6099853515625,278.20001220703125,270.0799865722656,277.2699890136719,274.76666259765625,234700,0.0,0.0
2025-08-14 00:00:00-04:00,276.489990234375,276.760009765625,271.6700134277344,274.4200134277344,271.9424133300781,159400,0.0,0.0
2025-08-15 00:00:00-04:00,275.6400146484375,275.9700012207031,270.3299865722656,270.95001220703125,268.5037536621094,156400,0.0,0.0
2025-08-18 00:00:00-04:00,271.0,274.5,271.0,274.4100036621094,271.9324951171875,135100,0.0,0.0
2025-08-19 00:00:00-04:00,275.5,279.1600036621094,274.8800048828125,278.20001220703125,275.6882629394531,135600,0.0,0.0
2025-08-20 00:00:00-04:00,277.7900085449219,278.79998779296875,275.69000244140625,276.260009765625,273.7657775878906,176900,0.0,0.0
2025-08-21 00:00:00-04:00,274.9200134277344,276.2300109863281,270.8999938964844,271.20001220703125,268.7514953613281,232200,0.0,0.0
2025-08-22 00:00:00-04:00,273.94000244140625,281.6000061035156,272.1300048828125,280.57000732421875,278.036865234375,168200,0.0,0.0
2025-08-25 00:00:00-04:00,279.2300109863281,281.6700134277344,277.989990234375,281.0199890136719,278.4827880859375,173500,0.0,0.0
2025-08-26 00:00:00-04:00,280.8500061035156,284.0,280.239990234375,283.04998779296875,280.4944763183594,197100,0.0,0.0
2025-08-27 00:00:00-04:00,281.8999938964844,285.8999938964844,281.8999938964844,284.3599853515625,281.7926330566406,151100,0.0,0.0
2025-08-28 00:00:00-04:00,285.0899963378906,285.0899963378906,279.4100036621094,282.70001220703125,280.14764404296875,218200,0.0,0.0
2025-08-29 00:00:00-04:00,282.7799987792969,282.7799987792969,275.0199890136719,276.8999938964844,274.90570068359375,307100,0.52,0.0
2025-09-02 00:00:00-04:00,273.3900146484375,278.5899963378906,273.3900146484375,277.739990234375,275.7395935058594,150900,0.0,0.0
2025-09-03 00:00:00-04:00,277.30999755859375,279.8299865722656,273.6400146484375,275.7200012207031,273.7341613769531,111000,0.0,0.0
2025-09-04 00:00:00-04:00,275.6000061035156,279.7099914550781,275.4599914550781,279.7099914550781,277.6954345703125,195900,0.0,0.0
2025-09-05 00:00:00-04:00,281.20001220703125,282.69000244140625,275.3800048828125,280.30999755859375,278.2911071777344,152000,0.0,0.0
2025-09-08 00:00:00-04:00,280.6700134277344,284.2300109863281,279.0,283.7200012207031,281.6765441894531,149200,0.0,0.0
2025-09-09 00:00:00-04:00,282.239990234375,282.6499938964844,275.260009765625,276.1300048828125,274.1412353515625,140900,0.0,0.0
2025-09-10 00:00:00-04:00,276.2699890136719,279.5400085449219,276.2699890136719,278.4700012207031,276.46435546875,183400,0.0,0.0
2025-09-11 00:00:00-04:00,278.70001220703125,284.3399963378906,278.2799987792969,283.7300109863281,281.6864929199219,130200,0.0,0.0
2025-09-12 00:00:00-04:00,282.45001220703125,285.010009765625,280.1700134277344,281.44000244140625,279.4129943847656,105700,0.0,0.0
2025-09-15 00:00:00-04:00,281.82000732421875,283.75,280.7200012207031,281.80999755859375,279.78033447265625,112900,0.0,0.0
2025-09-16 00:00:00-04:00,281.1400146484375,283.8800048828125,278.9599914550781,281.2699890136719,279.2441711425781,130000,0.0,0.0
2025-09-17 00:00:00-04:00,282.0899963378906,287.8900146484375,279.0799865722656,280.1199951171875,278.1024475097656,178200,0.0,0.0
2025-09-18 00:00:00-04:00,281.1199951171875,287.1600036621094,281.1199951171875,285.8599853515625,283.8011169433594,151300,0.0,0.0
2025-09-19 00:00:00-04:00,285.8299865722656,285.8299865722656,280.5899963378906,280.94000244140625,278.91656494140625,546500,0.0,0.0
2025-09-22 00:00:00-04:00,280.3999938964844,282.42999267578125,278.6300048828125,279.9800109863281,277.9635314941406,132900,0.0,0.0
2025-09-23 00:00:00-04:00,279.9800109863281,283.6000061035156,278.29998779296875,279.44000244140625,277.4273681640625,116800,0.0,0.0
2025-09-24 00:00:00-04:00,279.2900085449219,281.5400085449219,275.0,275.7699890136719,273.7837829589844,265900,0.0,0.0
2025-09-25 00:00:00-04:00,274.80999755859375,276.42999267578125,273.8599853515625,275.1300048828125,273.1484375,110200,0.0,0.0
2025-09-26 00:00:00-04:00,275.9700012207031,279.3999938964844,275.9700012207031,278.4100036621094,276.40478515625,80500,0.0,0.0
2025-09-29 00:00:00-04:00,279.0,279.8399963378906,275.1199951171875,276.3599853515625,274.36956787109375,137200,0.0,0.0
2025-09-30 00:00:00-04:00,276.6499938964844,279.6499938964844,276.6199951171875,279.2799987792969,277.2685546875,107900,0.0,0.0
2025-10-01 00:00:00-04:00,275.239990234375,279.260009765625,275.0,278.3900146484375,276.38494873046875,116100,0.0,0.0
2025-10-02 00:00:00-04:00,278.5299987792969,282.42999267578125,276.95001220703125,280.69000244140625,278.6683654785156,208200,0.0,0.0
2025-10-03 00:00:00-04:00,282.1000061035156,283.2200012207031,280.7300109863281,282.3399963378906,280.30645751953125,118000,0.0,0.0
2025-10-06 00:00:00-04:00,283.9599914550781,287.0899963378906,281.0400085449219,282.9100036621094,280.87237548828125,119200,0.0,0.0
2025-10-07 00:00:00-04:00,283.05999755859375,283.95001220703125,276.6499938964844,278.0299987792969,276.02752685546875,131400,0.0,0.0
2025-10-08 00:00:00-04:00,279.2099914550781,280.7900085449219,277.1300048828125,280.3699951171875,278.3507080078125,99800,0.0,0.0
2025-10-09 00:00:00-04:00,280.1000061035156,280.1000061035156,273.2699890136719,273.67999267578125,271.7088623046875,128700,0.0,0.0
2025-10-10 00:00:00-04:00,274.3800048828125,276.0,265.9800109863281,267.32000732421875,265.3946838378906,207700,0.0,0.0
2025-10-13 00:00:00-04:00,270.17999267578125,273.8900146484375,268.0400085449219,271.239990234375,269.2864074707031,165100,0.0,0.0
2025-10-14 00:00:00-04:00,267.6199951171875,275.1099853515625,267.6199951171875,274.5400085449219,272.5626525878906,105200,0.0,0.0
2025-10-15 00:00:00-04:00,276.1300048828125,278.67999267578125,269.1000061035156,277.7699890136719,275.7693786621094,101800,0.0,0.0
2025-10-16 00:00:00-04:00,279.57000732421875,280.0,273.5799865722656,276.07000732421875,274.0816650390625,100800,0.0,0.0
2025-10-17 00:00:00-04:00,275.8699951171875,277.0,274.1600036621094,275.67999267578125,273.6944580078125,113700,0.0,0.0
2025-10-20 00:00:00-04:00,276.9599914550781,281.69000244140625,276.3299865722656,281.6499938964844,279.6214599609375,133100,0.0,0.0
2025-10-21 00:00:00-04:00,280.1199951171875,283.8800048828125,276.260009765625,281.6099853515625,279.58172607421875,93400,0.0,0.0
2025-10-22 00:00:00-04:00,281.989990234375,287.05999755859375,280.67999267578125,281.5199890136719,279.4924011230469,177400,0.0,0.0
2025-10-23 00:00:00-04:00,283.0199890136719,284.0799865722656,278.1099853515625,278.5199890136719,276.5140075683594,197200,0.0,0.0
2025-10-24 00:00:00-04:00,281.3399963378906,281.3399963378906,276.4100036621094,278.54998779296875,276.54376220703125,110700,0.0,0.0
2025-10-27 00:00:00-04:00,279.25,279.25,275.6400146484375,276.3900146484375,274.39935302734375,119600,0.0,0.0
2025-10-28 00:00:00-04:00,276.1600036621094,276.29998779296875,274.2799987792969,275.4800109863281,273.4958801269531,106200,0.0,0.0
2025-10-29 00:00:00-04:00,275.5899963378906,279.19000244140625,270.9200134277344,273.1499938964844,271.18267822265625,158500,0.0,0.0
2025-10-30 00:00:00-04:00,271.8500061035156,278.989990234375,271.8500061035156,273.07000732421875,271.1033020019531,159500,0.0,0.0
2025-10-31 00:00:00-04:00,271.6700134277344,274.6700134277344,271.6000061035156,272.6000061035156,270.63665771484375,136100,0.0,0.0
2025-11-03 00:00:00-05:00,273.1499938964844,273.1499938964844,268.0899963378906,271.79998779296875,269.8423767089844,142100,0.0,0.0
2025-11-04 00:00:00-05:00,270.19000244140625,275.9599914550781,269.6199951171875,274.69000244140625,272.71160888671875,125000,0.0,0.0
2025-11-05 00:00:00-05:00,275.3299865722656,283.760009765625,271.1000061035156,282.239990234375,280.2071838378906,298300,0.0,0.0
2025-11-06 00:00:00-05:00,279.9700012207031,282.2300109863281,260.0,263.54998779296875,261.6518249511719,412400,0.0,0.0
2025-11-07 00:00:00-05:00,264.1499938964844,274.7900085449219,262.6499938964844,273.2099914550781,271.24224853515625,251600,0.0,0.0
2025-11-10 00:00:00-05:00,275.0,277.8399963378906,273.20001220703125,275.8500061035156,273.8632507324219,150700,0.0,0.0
2025-11-11 00:00:00-05:00,275.6000061035156,278.1400146484375,272.9200134277344,275.6000061035156,273.61505126953125,103500,0.0,0.0
2025-11-12 00:00:00-05:00,275.6000061035156,279.9100036621094,275.6000061035156,276.42999267578125,274.43902587890625,129300,0.0,0.0
2025-11-13 00:00:00-05:00,275.7900085449219,278.0,271.07000732421875,271.9700012207031,270.01116943359375,156900,0.0,0.0
2025-11-14 00:00:00-05:00,269.42999267578125,271.70001220703125,268.7699890136719,269.8399963378906,267.8965148925781,183700,0.0,0.0
2025-11-17 00:00:00-05:00,269.6700134277344,269.70001220703125,264.1400146484375,265.3399963378906,263.428955078125,180100,0.0,0.0
2025-11-18 00:00:00-05:00,264.9599914550781,268.6499938964844,262.9599914550781,266.8699951171875,264.94793701171875,116600,0.0,0.0
2025-11-19 00:00:00-05:00,266.6499938964844,270.739990234375,265.44000244140625,266.739990234375,264.81884765625,129100,0.0,0.0
2025-11-20 00:00:00-05:00,270.3399963378906,272.8699951171875,265.6199951171875,266.3500061035156,264.4316711425781,136300,0.0,0.0
2025-11-21 00:00:00-05:00,268.5799865722656,275.6600036621094,268.1300048828125,272.489990234375,270.52740478515625,251800,0.0,0.0
2025-11-24 00:00:00-05:00,271.70001220703125,274.45001220703125,270.1000061035156,270.3800048828125,268.4326171875,175100,0.0,0.0
2025-11-25 00:00:00-05:00,271.1400146484375,278.7699890136719,268.1199951171875,277.80999755859375,275.8091125488281,229000,0.0,0.0
2025-11-26 00:00:00-05:00,276.4599914550781,280.0899963378906,276.4599914550781,277.739990234375,275.7395935058594,147000,0.0,0.0
2025-11-28 00:00:00-05:00,276.94000244140625,279.6000061035156,275.45001220703125,275.8800048828125,273.8930358886719,68500,0.0,0.0
2025-12-01 00:00:00-05:00,273.42999267578125,275.8800048828125,271.79998779296875,272.8900146484375,271.43621826171875,208200,0.52,0.0
2025-12-02 00:00:00-05:00,274.4100036621094,275.0299987792969,270.8900146484375,271.1199951171875,269.67559814453125,179500,0.0,0.0
2025-12-03 00:00:00-05:00,273.3699951171875,276.95001220703125,271.9800109863281,274.9700012207031,273.505126953125,176100,0.0,0.0
2025-12-04 00:00:00-05:00,274.70001220703125,275.94000244140625,272.69000244140625,273.9200134277344,272.4607238769531,105400,0.0,0.0
2025-12-05 00:00:00-05:00,273.4599914550781,275.75,270.4800109863281,272.6600036621094,271.2074279785156,201400,0.0,0.0
2025-12-08 00:00:00-05:00,273.0199890136719,274.32000732421875,269.9700012207031,271.1199951171875,269.67559814453125,120600,0.0,0.0
2025-12-09 00:00:00-05:00,271.3599853515625,273.94000244140625,266.760009765625,267.32000732421875,265.8958740234375,155000,0.0,0.0
2025-12-10 00:00:00-05:00,267.8699951171875,276.70001220703125,266.5,274.94000244140625,273.47528076171875,201500,0.0,0.0
2025-12-11 00:00:00-05:00,277.989990234375,281.6000061035156,276.9599914550781,277.9200134277344,276.43939208984375,187300,0.0,0.0
2025-12-12 00:00:00-05:00,278.30999755859375,281.0199890136719,276.2799987792969,279.1099853515625,277.6230163574219,215300,0.0,0.0
2025-12-15 00:00:00-05:00,280.57000732421875,281.95001220703125,276.1499938964844,281.260009765625,279.7615966796875,238000,0.0,0.0
2025-12-16 00:00:00-05:00,282.0299987792969,282.7900085449219,276.8800048828125,279.25,277.7622985839844,253200,0.0,0.0
2025-12-17 00:00:00-05:00,278.1400146484375,282.25,275.3699951171875,277.6400146484375,276.160888671875,157000,0.0,0.0
2025-12-18 00:00:00-05:00,279.75,285.1499938964844,277.5799865722656,281.05999755859375,279.5626525878906,225500,0.0,0.0
2025-12-19 00:00:00-05:00,280.1400146484375,282.8599853515625,277.7099914550781,279.8500061035156,278.3591003417969,502600,0.0,0.0
2025-12-22 00:00:00-05:00,280.3299865722656,284.7799987792969,277.7699890136719,283.2699890136719,281.7608642578125,186100,0.0,0.0
2025-12-23 00:00:00-05:00,283.1700134277344,285.9100036621094,281.2900085449219,285.239990234375,283.7203674316406,85900,0.0,0.0
2025-12-24 00:00:00-05:00,285.4599914550781,285.4599914550781,283.75,283.75,282.2383117675781,59400,0.0,0.0
2025-12-26 00:00:00-05:00,284.489990234375,285.4700012207031,277.3999938964844,284.260009765625,282.74560546875,71200,0.0,0.0
2025-12-29 00:00:00-05:00,284.94000244140625,285.30999755859375,281.5299987792969,282.6199951171875,281.11431884765625,135000,0.0,0.0
2025-12-30 00:00:00-05:00,282.5199890136719,282.69000244140625,279.6400146484375,280.0400085449219,278.548095703125,156100,0.0,0.0
